{
"type": "FeatureCollection",
"name": "spatial_units",
"crs": { "type": "name", "properties": { "name": "urn:ogc:def:crs:OGC:1.3:CRS84" } },
"features": [
{ "type": "Feature", "properties": { "unit_id": "01", "unit_name": "Ciutat Vella", "unit_type": "distrito", "unit_source": "Ajuntament de Barcelona Open Data — districtes municipals" }, "geometry": { "type": "Polygon", "coordinates": [ [ [ 2.183451347003015, 41.390611969954676 ], [ 2.182380953884804, 41.39142013297262 ], [ 2.18132330009658, 41.392222230685547 ], [ 2.179859179894691, 41.391052195620475 ], [ 2.177490084359247, 41.390163916555359 ], [ 2.175850816864579, 41.388948971909592 ], [ 2.173408853054214, 41.388948372280559 ], [ 2.17276537527398, 41.388474245872288 ], [ 2.17151019108897, 41.387044081242067 ], [ 2.171138039452722, 41.38684220895572 ], [ 2.170284247887464, 41.385878560609157 ], [ 2.170133021072099, 41.385765605734171 ], [ 2.169963277202452, 41.385666535478066 ], [ 2.169768906400511, 41.385573686219665 ], [ 2.169358344440717, 41.385539713886565 ], [ 2.164713785844914, 41.385930198550525 ], [ 2.164010766949848, 41.38539849587449 ], [ 2.16308877056683, 41.378746993645457 ], [ 2.166778327472239, 41.375914033247803 ], [ 2.16778816251819, 41.375167405553235 ], [ 2.167796893871859, 41.374976161401854 ], [ 2.169998620978319, 41.374955643370214 ], [ 2.173529244623936, 41.374746762487931 ], [ 2.175041341603603, 41.374649516205544 ], [ 2.175195320787917, 41.374637730225636 ], [ 2.17529771016087, 41.374621376801016 ], [ 2.175407341144715, 41.374581370057598 ], [ 2.17552937776409, 41.37450847552136 ], [ 2.175738120761734, 41.374291950850555 ], [ 2.17560536377288, 41.37420663347595 ], [ 2.175503658213367, 41.374061415862506 ], [ 2.175459291916154, 41.373930884172992 ], [ 2.175460015330445, 41.373796143872767 ], [ 2.17550578060951, 41.373665885985943 ], [ 2.175593636556716, 41.373548515862595 ], [ 2.175628852036871, 41.373521054787105 ], [ 2.175472784361737, 41.373326451977427 ], [ 2.176044577674154, 41.373070176036677 ], [ 2.176302381506528, 41.372951419697557 ], [ 2.177094936528505, 41.372753276700138 ], [ 2.177288122725486, 41.372512679239222 ], [ 2.177621548332262, 41.372361178261563 ], [ 2.17782879684845, 41.372264612181908 ], [ 2.18189799077931, 41.370414803634411 ], [ 2.181988373804047, 41.370375921085348 ], [ 2.18200427802639, 41.370372034793924 ], [ 2.182021399194225, 41.370370273922696 ], [ 2.182038944805084, 41.370370903064057 ], [ 2.182056053552039, 41.370373952125746 ], [ 2.182071867174024, 41.370379207834091 ], [ 2.182085721192927, 41.370386260127383 ], [ 2.182097215636166, 41.370394583726089 ], [ 2.182202473746404, 41.370523725295001 ], [ 2.183009248441376, 41.371535363984364 ], [ 2.183013544141374, 41.371546599860814 ], [ 2.183015340817249, 41.371558781801284 ], [ 2.183014202385003, 41.371571402287621 ], [ 2.183009980732341, 41.371583874778146 ], [ 2.18300281538113, 41.371595560727926 ], [ 2.182993119953661, 41.371605895598158 ], [ 2.182981532994311, 41.371614496597765 ], [ 2.181275728481991, 41.372393504657367 ], [ 2.179166625671183, 41.373345645366648 ], [ 2.178775500416479, 41.373524716822651 ], [ 2.178123775998882, 41.373818393358107 ], [ 2.178270836206588, 41.374006512073265 ], [ 2.178138050816544, 41.374067535596211 ], [ 2.17797625180383, 41.374138296022316 ], [ 2.178584509961875, 41.374897975243037 ], [ 2.17860953783897, 41.374931301616407 ], [ 2.17993935541599, 41.37658880426283 ], [ 2.180246911428376, 41.376978814882335 ], [ 2.180369742671563, 41.377128980654291 ], [ 2.180732301979801, 41.377584740349995 ], [ 2.18087489051876, 41.377758799090067 ], [ 2.181098105590225, 41.378042530645473 ], [ 2.182174735863401, 41.379387445063841 ], [ 2.182277804784896, 41.379520651246018 ], [ 2.182304729953592, 41.379551738398298 ], [ 2.182389501708416, 41.379513094979167 ], [ 2.182465125936683, 41.379481034060618 ], [ 2.182509559878654, 41.379459551532086 ], [ 2.182617219412879, 41.379167941037068 ], [ 2.182776920855483, 41.378773365688495 ], [ 2.182851519137049, 41.378575738867909 ], [ 2.182968282781987, 41.378276923570354 ], [ 2.183178419438859, 41.377729631746185 ], [ 2.183253615093501, 41.377550014916245 ], [ 2.183108220302902, 41.377369426739989 ], [ 2.18259698474664, 41.376724811442948 ], [ 2.182415369999659, 41.376492748258158 ], [ 2.181505624968845, 41.375354718698119 ], [ 2.181587712044675, 41.375087202358408 ], [ 2.181653312207637, 41.374888043963772 ], [ 2.18256922508566, 41.374471064821364 ], [ 2.182923543327868, 41.374314544231908 ], [ 2.183057480384722, 41.374338923788819 ], [ 2.183189582320797, 41.374499484079323 ], [ 2.183449479808093, 41.374832346484119 ], [ 2.183584022101268, 41.375000643085315 ], [ 2.183613376370583, 41.375040115185413 ], [ 2.184295020513625, 41.375893035439887 ], [ 2.184874142725056, 41.376630595532788 ], [ 2.184966074075175, 41.376740668401965 ], [ 2.184992928429259, 41.376746595503633 ], [ 2.184871599297594, 41.377050760816218 ], [ 2.184731755640037, 41.377417466499985 ], [ 2.18451077565299, 41.377973277556698 ], [ 2.184270369229161, 41.378598101207729 ], [ 2.184170129795351, 41.378865058255684 ], [ 2.183853620946869, 41.379676409646336 ], [ 2.18374853808789, 41.37995360950454 ], [ 2.183648893189335, 41.380198501808103 ], [ 2.183550484787426, 41.380453571381885 ], [ 2.184657090699632, 41.380705242540714 ], [ 2.184670935367591, 41.380703665240326 ], [ 2.18591700985683, 41.380109975241602 ], [ 2.186046729296081, 41.379787593867604 ], [ 2.185945018636713, 41.379764427599682 ], [ 2.186029109756753, 41.37955464177675 ], [ 2.186446074200911, 41.379649293477215 ], [ 2.187115168725637, 41.377976905920931 ], [ 2.187263552146071, 41.377598657769056 ], [ 2.18643647752341, 41.377410816005387 ], [ 2.186442071918587, 41.377335093219614 ], [ 2.187197376076951, 41.377226745003867 ], [ 2.187125280013398, 41.376937238095465 ], [ 2.187058250806143, 41.376682833246385 ], [ 2.18705731982497, 41.376672125721484 ], [ 2.187044631337992, 41.376631826457505 ], [ 2.187044575372008, 41.376623836381377 ], [ 2.186941684402598, 41.376227219378229 ], [ 2.186941617903252, 41.376215274920369 ], [ 2.186894695840861, 41.376009647290672 ], [ 2.186601951863004, 41.376049946169076 ], [ 2.186835176296164, 41.375907005614643 ], [ 2.186847078753954, 41.375957585954104 ], [ 2.186880215723526, 41.375953159617062 ], [ 2.186832928991497, 41.375768679064642 ], [ 2.186850449798709, 41.375765659248593 ], [ 2.186830826568952, 41.375687848619989 ], [ 2.186834185160747, 41.375675505011046 ], [ 2.18692682474493, 41.375624780658939 ], [ 2.186360572596063, 41.375409740695822 ], [ 2.185982677213706, 41.375270648958647 ], [ 2.18567770904352, 41.37514466462131 ], [ 2.185395489837259, 41.375034720803527 ], [ 2.185370432586149, 41.375022635456467 ], [ 2.185335947625623, 41.375000376906115 ], [ 2.185306744832917, 41.374975516535514 ], [ 2.18472995996108, 41.375028341083393 ], [ 2.184720995426777, 41.374973421689646 ], [ 2.185270720221563, 41.374922454810147 ], [ 2.185207846699056, 41.374531168218446 ], [ 2.184547999559529, 41.3746379713319 ], [ 2.184535244510811, 41.374584006880063 ], [ 2.185197886530439, 41.374475512196319 ], [ 2.185136981618065, 41.374082829797992 ], [ 2.184492124570833, 41.374222012755425 ], [ 2.184469738812822, 41.374168412401183 ], [ 2.185128615679573, 41.374026878799043 ], [ 2.185066328762146, 41.373637681472268 ], [ 2.18447353963909, 41.373814335116499 ], [ 2.184446651743577, 41.373763134881536 ], [ 2.185057960533684, 41.373580964807395 ], [ 2.185003548377549, 41.373232510230302 ], [ 2.184942496626663, 41.37321290977593 ], [ 2.184422533375569, 41.37340980548845 ], [ 2.184392193203777, 41.37335929236469 ], [ 2.184987237373856, 41.373134825070245 ], [ 2.184929824663042, 41.372789231593231 ], [ 2.1848741867452, 41.372772786056764 ], [ 2.184301520600439, 41.373033477594511 ], [ 2.184264171626285, 41.372986932112703 ], [ 2.184925307673466, 41.372683613247432 ], [ 2.184932388173897, 41.37267391724437 ], [ 2.184906662174387, 41.372658007860835 ], [ 2.184244814185508, 41.372964726422467 ], [ 2.184233531254809, 41.372950900934995 ], [ 2.184892131709739, 41.372645690714933 ], [ 2.184983590495641, 41.372641438424317 ], [ 2.184993919419157, 41.372637818489999 ], [ 2.185532449800713, 41.372591063103975 ], [ 2.185548761533845, 41.372590962374865 ], [ 2.185565585033351, 41.372592973029342 ], [ 2.185582200984729, 41.372597243104387 ], [ 2.1855978206919, 41.372603730988068 ], [ 2.185611669998808, 41.372612187998385 ], [ 2.185623168303646, 41.372622186672743 ], [ 2.185631963867459, 41.37263316605523 ], [ 2.185637979731804, 41.372644585149558 ], [ 2.185786039264696, 41.373579732459959 ], [ 2.185934297457957, 41.374531878062712 ], [ 2.186660528638973, 41.374815157140041 ], [ 2.187489213662182, 41.374556990686635 ], [ 2.187234061671648, 41.374077078712418 ], [ 2.187214093189614, 41.374044294360154 ], [ 2.187208327348098, 41.374046379412391 ], [ 2.187118514525511, 41.373874097389411 ], [ 2.186801855015009, 41.373559983084569 ], [ 2.18683881742368, 41.373538842381727 ], [ 2.18684448598186, 41.373539765177505 ], [ 2.187092014367133, 41.373787744094138 ], [ 2.186980914226529, 41.373587829579954 ], [ 2.186818596502204, 41.373287281122415 ], [ 2.187121280330569, 41.373193786694635 ], [ 2.187545548494559, 41.373156267089989 ], [ 2.187500034700666, 41.372864290676461 ], [ 2.187403209672243, 41.372278342179079 ], [ 2.187092536918791, 41.372304107300259 ], [ 2.186506472737032, 41.372357028405879 ], [ 2.185924404470205, 41.372405876363096 ], [ 2.185920352429572, 41.372404784807394 ], [ 2.185796538294047, 41.371692529451643 ], [ 2.185797949190478, 41.371688702222897 ], [ 2.185802561866076, 41.371687023427704 ], [ 2.186164286370134, 41.371653984457915 ], [ 2.186152169039576, 41.371588125706985 ], [ 2.185797625936097, 41.371618729371754 ], [ 2.185791957507972, 41.37161685172623 ], [ 2.185789455521218, 41.371610366609971 ], [ 2.18576928165013, 41.371494440955203 ], [ 2.185770224060939, 41.371487908149938 ], [ 2.185773057950084, 41.371485036781827 ], [ 2.185807677493603, 41.371482077755239 ], [ 2.185767591172266, 41.371209034109512 ], [ 2.186511148302985, 41.371147664211378 ], [ 2.186513360809752, 41.371162992670534 ], [ 2.187213653434652, 41.371102652691789 ], [ 2.187142918246091, 41.370643713364245 ], [ 2.186571556830047, 41.370706199324779 ], [ 2.186511179031331, 41.370711357184462 ], [ 2.185350733840951, 41.37083366700567 ], [ 2.184973756640074, 41.370869504836925 ], [ 2.184784553389604, 41.37089341274401 ], [ 2.184709542569326, 41.370900222461238 ], [ 2.184691260431624, 41.370899192176672 ], [ 2.184664020218849, 41.370892567788445 ], [ 2.184640140914207, 41.370880130321986 ], [ 2.184622483670666, 41.370863530417616 ], [ 2.184612225721759, 41.370845208455663 ], [ 2.184561981648016, 41.3705444329402 ], [ 2.184560286820143, 41.370517371286041 ], [ 2.18456762494651, 41.370490860048875 ], [ 2.184578781276728, 41.370475536210257 ], [ 2.18459466032822, 41.370462164441939 ], [ 2.184614195542698, 41.370451890149731 ], [ 2.184635728394159, 41.370445386153158 ], [ 2.184964302403497, 41.370416034319121 ], [ 2.184956530161188, 41.370358547189404 ], [ 2.184947963110965, 41.370358990932282 ], [ 2.184919304596193, 41.37018915793066 ], [ 2.18470407041122, 41.369014130622141 ], [ 2.184624348785748, 41.368605470016156 ], [ 2.184634860814615, 41.368580431469248 ], [ 2.184646706197031, 41.368565436772236 ], [ 2.18466295225223, 41.368552319800749 ], [ 2.184682751486843, 41.368541921257396 ], [ 2.18470476801195, 41.368534934264012 ], [ 2.185019457695884, 41.368499232636452 ], [ 2.185192493283294, 41.368481605196983 ], [ 2.185145234358183, 41.368218448439698 ], [ 2.185160418128542, 41.368216664372795 ], [ 2.185145338924139, 41.368143947781356 ], [ 2.185148666725841, 41.368143647074334 ], [ 2.18514588032121, 41.368126431941299 ], [ 2.185150393334748, 41.368126013521241 ], [ 2.185146885310991, 41.368104343551387 ], [ 2.185240197116566, 41.368095771532779 ], [ 2.18524812327251, 41.36814475663337 ], [ 2.185688399360355, 41.368101051836447 ], [ 2.185679548441669, 41.368043737249799 ], [ 2.185819993450979, 41.368031417870824 ], [ 2.185820558175437, 41.368035033891829 ], [ 2.185860083395248, 41.368031566397832 ], [ 2.185859419374265, 41.368027283116191 ], [ 2.185873388458646, 41.368026057836524 ], [ 2.185874638986486, 41.368034128436278 ], [ 2.18595353365188, 41.368027219318215 ], [ 2.185994322209308, 41.368257182225577 ], [ 2.185976208449528, 41.36825900872887 ], [ 2.185978275366079, 41.368270652089862 ], [ 2.185971475274331, 41.368271333597583 ], [ 2.185976178894427, 41.368297831036053 ], [ 2.185984475620375, 41.368296988971693 ], [ 2.185988017218768, 41.368316947719975 ], [ 2.185951187378688, 41.368317119548621 ], [ 2.185948790859734, 41.368353979481562 ], [ 2.185939782281055, 41.368386027648228 ], [ 2.185918382677574, 41.368410683036977 ], [ 2.18588683689912, 41.36843298773222 ], [ 2.18586053733953, 41.368447853273871 ], [ 2.18596228120783, 41.369027127589057 ], [ 2.186173601084375, 41.370125641870366 ], [ 2.187201811010344, 41.370006911547613 ], [ 2.18688012936416, 41.368300862144721 ], [ 2.186972704502237, 41.368290959407027 ], [ 2.186861276993223, 41.367796396487655 ], [ 2.186817557245624, 41.367575952141209 ], [ 2.186730530799124, 41.367163413042846 ], [ 2.186680796593623, 41.366912327480151 ], [ 2.186252416312422, 41.366408893733336 ], [ 2.186027500477024, 41.366150705025184 ], [ 2.185760331311974, 41.365824462128252 ], [ 2.185481703290888, 41.365501668450612 ], [ 2.185463198388901, 41.365475478631119 ], [ 2.185363786874194, 41.365358451441786 ], [ 2.185133318920909, 41.365687180537286 ], [ 2.185087369358133, 41.365703510108062 ], [ 2.184976117399585, 41.365669664514797 ], [ 2.184934321802977, 41.365630978318499 ], [ 2.184930250134697, 41.365593171822184 ], [ 2.18493594897499, 41.36525628483615 ], [ 2.185131697348795, 41.365296118049834 ], [ 2.185312837705258, 41.364750852232532 ], [ 2.185366510398748, 41.364719182437554 ], [ 2.185430007725334, 41.364714632734483 ], [ 2.185550053288691, 41.364760474231268 ], [ 2.185607868133864, 41.364749470836728 ], [ 2.185973000429213, 41.364224659536482 ], [ 2.186281440554684, 41.36410623617418 ], [ 2.186407788174941, 41.364060668578553 ], [ 2.186482073865197, 41.364036557204514 ], [ 2.186534767775155, 41.364031543190869 ], [ 2.186595975329201, 41.364034145765835 ], [ 2.186648563991938, 41.364045263480129 ], [ 2.186703089324336, 41.364067924523134 ], [ 2.186743385237532, 41.364094546484893 ], [ 2.186766207771483, 41.364113047146184 ], [ 2.186794434914369, 41.364141025909127 ], [ 2.186792517973291, 41.364162468349086 ], [ 2.186777991280278, 41.364178777450185 ], [ 2.186154850491979, 41.364407483040402 ], [ 2.185864031057021, 41.364825467797736 ], [ 2.185862409423684, 41.364852064626632 ], [ 2.185870753538189, 41.364884794041657 ], [ 2.185920439420772, 41.364936993000384 ], [ 2.186314294232906, 41.365205184215789 ], [ 2.186689784076259, 41.365504338340727 ], [ 2.186839605973022, 41.365673017703443 ], [ 2.187036231122845, 41.365910503808578 ], [ 2.187156738687557, 41.366107880873265 ], [ 2.187264628658996, 41.366250718967692 ], [ 2.187396140318584, 41.366565217562936 ], [ 2.187443657044255, 41.366686344303503 ], [ 2.187459899665749, 41.366757317764169 ], [ 2.187475500522542, 41.366754076212111 ], [ 2.187531034175681, 41.366768934433829 ], [ 2.187558179385555, 41.366784042583618 ], [ 2.187655510234431, 41.366895324373267 ], [ 2.187775302652574, 41.367080122081653 ], [ 2.187895773313821, 41.367230623710277 ], [ 2.187934433610271, 41.367256279803499 ], [ 2.188060294084436, 41.367221443985819 ], [ 2.188326228114735, 41.36710488882408 ], [ 2.188916463750817, 41.36686043320266 ], [ 2.189245309116795, 41.36674404907869 ], [ 2.189283306151817, 41.366717204060429 ], [ 2.189301197852827, 41.36669758556372 ], [ 2.189301841013311, 41.366638068218876 ], [ 2.189282458596976, 41.366582247007749 ], [ 2.189227509652743, 41.366526049104891 ], [ 2.188966416842066, 41.366115401673937 ], [ 2.188787438334598, 41.365867009012291 ], [ 2.188588262206943, 41.365556411635673 ], [ 2.187592449579239, 41.36401751669051 ], [ 2.187499968632247, 41.363833884360339 ], [ 2.187499966568376, 41.363711602327058 ], [ 2.187414349146076, 41.363575348562158 ], [ 2.187262594333251, 41.363421310629668 ], [ 2.187191731750195, 41.363441365368509 ], [ 2.187064405145491, 41.363437007063887 ], [ 2.186872207806786, 41.36340923631608 ], [ 2.186733775000162, 41.363364374175788 ], [ 2.186712086319746, 41.363333667278873 ], [ 2.186688818966552, 41.36328763638155 ], [ 2.186679843154625, 41.363217187930239 ], [ 2.187132965660231, 41.363127343332387 ], [ 2.187162745266113, 41.363078588626621 ], [ 2.187133550789365, 41.362963023581344 ], [ 2.1870946598079, 41.362851513688369 ], [ 2.186948023139631, 41.362439120803614 ], [ 2.18686712739668, 41.362226043014168 ], [ 2.186804583728283, 41.362040874145343 ], [ 2.186792579742314, 41.362013046051189 ], [ 2.1867644228705, 41.361958369385164 ], [ 2.186723033630262, 41.361862182461117 ], [ 2.186686210680066, 41.361751669751357 ], [ 2.186646645418719, 41.361624239472889 ], [ 2.186625979638237, 41.361626651553159 ], [ 2.186543281189249, 41.361406805102746 ], [ 2.186458027482884, 41.361190579573787 ], [ 2.18625878864863, 41.3606672460757 ], [ 2.185985040609322, 41.359963972647805 ], [ 2.185869401434675, 41.359672786986721 ], [ 2.185774206963176, 41.359412299490067 ], [ 2.18551154040959, 41.358715687737508 ], [ 2.185280745071835, 41.358112601260871 ], [ 2.185122218120749, 41.358145293215365 ], [ 2.185056821420539, 41.357980604289935 ], [ 2.185036774269177, 41.357977597918349 ], [ 2.184661550849849, 41.358059899365315 ], [ 2.184598761800521, 41.357902858058267 ], [ 2.185360602449842, 41.357734164495497 ], [ 2.185451618258654, 41.357967032666792 ], [ 2.185525562625698, 41.358145248168874 ], [ 2.185836158360087, 41.358950064570742 ], [ 2.186111893300939, 41.359690121365162 ], [ 2.186371356049431, 41.36034721086515 ], [ 2.186848752372168, 41.361588528715252 ], [ 2.187087325294097, 41.361539770145804 ], [ 2.187145255622176, 41.361707639709152 ], [ 2.187085392062784, 41.361718551050053 ], [ 2.187505381288757, 41.362794207819611 ], [ 2.187729356430971, 41.363083373117021 ], [ 2.187759119804794, 41.363471133148458 ], [ 2.188025662049125, 41.363787548880936 ], [ 2.188396198039662, 41.36445677292631 ], [ 2.189812178313827, 41.366647338952575 ], [ 2.190127721835966, 41.36704648491191 ], [ 2.190158787836908, 41.367129230693337 ], [ 2.190453236501777, 41.367639021003782 ], [ 2.191857151566412, 41.369810677333646 ], [ 2.191877408916242, 41.369857019287721 ], [ 2.191880013007984, 41.369892013867229 ], [ 2.19187576860229, 41.369907920206209 ], [ 2.191865338510698, 41.369920650280761 ], [ 2.191793767021558, 41.369982065481025 ], [ 2.191569864326596, 41.370037222210591 ], [ 2.191461378858295, 41.369970290597287 ], [ 2.19146033995666, 41.36992710744002 ], [ 2.191323071292016, 41.369720926704673 ], [ 2.191252099862087, 41.369608356072256 ], [ 2.191218286641097, 41.369540615890571 ], [ 2.191152624110194, 41.369437738594272 ], [ 2.191111974849349, 41.369394829166204 ], [ 2.190994877535565, 41.369378422941125 ], [ 2.190870911912994, 41.369395224156015 ], [ 2.190545449039583, 41.369479038344103 ], [ 2.190347488686659, 41.369515360258113 ], [ 2.19016189264048, 41.369644186243008 ], [ 2.189846136882741, 41.369928475585468 ], [ 2.189691765530558, 41.370157981749479 ], [ 2.189528415075077, 41.370495226718035 ], [ 2.189491391692723, 41.370689114508536 ], [ 2.189482162693433, 41.371096433577009 ], [ 2.189509742501444, 41.371562245626301 ], [ 2.189685887558773, 41.372410420058344 ], [ 2.190236787152832, 41.373867006789816 ], [ 2.190862748782362, 41.375191446423727 ], [ 2.191297957902451, 41.375836463837558 ], [ 2.191678719058388, 41.376238830466377 ], [ 2.191949977856195, 41.376454916766427 ], [ 2.192231277341476, 41.376636718174908 ], [ 2.192769079521656, 41.376841648420033 ], [ 2.193206628689095, 41.376919416529972 ], [ 2.193413893790423, 41.376907943739333 ], [ 2.193442387338543, 41.37691793465104 ], [ 2.193201139632693, 41.377078117798462 ], [ 2.192965591041942, 41.377415653679861 ], [ 2.192868476328609, 41.377636026375058 ], [ 2.192818440026426, 41.377942697111997 ], [ 2.192871544381769, 41.378403489565962 ], [ 2.192968164502483, 41.378736887410255 ], [ 2.193183506737494, 41.379196718644856 ], [ 2.193417487684257, 41.379583683082444 ], [ 2.193947295245229, 41.380211680391156 ], [ 2.194504760525833, 41.380709034487914 ], [ 2.194889973969596, 41.380931739265279 ], [ 2.194978989423308, 41.380969401009715 ], [ 2.196531241616224, 41.380409901602789 ], [ 2.196507537987892, 41.380364266984287 ], [ 2.196538865240877, 41.380304513603669 ], [ 2.196594237687723, 41.380271383212289 ], [ 2.196635505516779, 41.380252233089294 ], [ 2.196716655634992, 41.38023905413224 ], [ 2.196824679673326, 41.380257823248179 ], [ 2.196907473885556, 41.380282090922883 ], [ 2.196927677483448, 41.380297283508547 ], [ 2.196931968852939, 41.380306194881932 ], [ 2.196934305434779, 41.380346654994028 ], [ 2.19692061017022, 41.380406108186676 ], [ 2.196941514200902, 41.380451859195716 ], [ 2.196926620895382, 41.380509538551237 ], [ 2.196896124707115, 41.380541617700878 ], [ 2.196825844220342, 41.380573347094682 ], [ 2.196817718451204, 41.380574758603721 ], [ 2.196697267519687, 41.380553128409552 ], [ 2.19668020758764, 41.380546812131378 ], [ 2.19664814607319, 41.380519202708136 ], [ 2.195351868055818, 41.380986674241669 ], [ 2.195680514178122, 41.381521532970588 ], [ 2.196960696572962, 41.381065683175748 ], [ 2.196938918975203, 41.381010821268724 ], [ 2.196941984211672, 41.3809959442099 ], [ 2.19694706935692, 41.380986999193659 ], [ 2.197024386722857, 41.380954913495614 ], [ 2.197110903739347, 41.380956616121466 ], [ 2.197166139814053, 41.380964738986044 ], [ 2.197203521447318, 41.380992238558136 ], [ 2.197252666784795, 41.381024954476679 ], [ 2.197271426159309, 41.381041884385766 ], [ 2.197305258432894, 41.381077934330321 ], [ 2.197317080056883, 41.381108588345093 ], [ 2.197315930477049, 41.381116488935376 ], [ 2.197269740559186, 41.381157556306931 ], [ 2.197238050713636, 41.381214722188361 ], [ 2.197218377990322, 41.381229267211339 ], [ 2.197197489203317, 41.381234751181459 ], [ 2.197122489688155, 41.381240749351605 ], [ 2.19698805540917, 41.381232848447695 ], [ 2.19697570900327, 41.381209671489394 ], [ 2.195461989448598, 41.381744227836215 ], [ 2.195461467772146, 41.382069585939526 ], [ 2.195568522495187, 41.382521422276234 ], [ 2.195805188539572, 41.383018697601138 ], [ 2.195934117363409, 41.383194191449661 ], [ 2.196308281913765, 41.383603828425741 ], [ 2.196559592565731, 41.383825484125722 ], [ 2.197003908072056, 41.384104026715981 ], [ 2.197223644236033, 41.384213244885508 ], [ 2.197846596811931, 41.384426843086672 ], [ 2.198194024581491, 41.384479859820154 ], [ 2.198203645313781, 41.384448697777138 ], [ 2.198215537240828, 41.38443087368541 ], [ 2.198225755637614, 41.384397400871364 ], [ 2.198238559551785, 41.384370566601142 ], [ 2.198244462871001, 41.384350520957796 ], [ 2.198248908337478, 41.384344976275926 ], [ 2.198262793939583, 41.384337182436063 ], [ 2.198274921452819, 41.384339122485073 ], [ 2.198283653534173, 41.384333175307681 ], [ 2.198286360573916, 41.384332842875374 ], [ 2.198315191390677, 41.384341015405958 ], [ 2.198318471652167, 41.384347568714311 ], [ 2.198325870233047, 41.384383974624264 ], [ 2.198321247972958, 41.38440293928673 ], [ 2.198313596659476, 41.384422162078224 ], [ 2.198314161338648, 41.38443753284669 ], [ 2.19830717233438, 41.384449572248734 ], [ 2.198297877373594, 41.384494527087853 ], [ 2.198291840754201, 41.384505951605291 ], [ 2.198290414972946, 41.384515894984133 ], [ 2.198280647668597, 41.384535039977415 ], [ 2.198279639917307, 41.384546976931205 ], [ 2.198272336258679, 41.384554447324462 ], [ 2.198274244137998, 41.384562702501036 ], [ 2.198271994488709, 41.384570586424012 ], [ 2.198264544803973, 41.384581181409679 ], [ 2.198253827046176, 41.384608570668867 ], [ 2.198250515659365, 41.38464544240901 ], [ 2.198254455927541, 41.38465571141694 ], [ 2.1982526896833, 41.384659293111802 ], [ 2.198248171738144, 41.384661000083838 ], [ 2.198244107177801, 41.384667664352207 ], [ 2.198243554442678, 41.384682477875565 ], [ 2.198229943371123, 41.384703064307466 ], [ 2.19823837603202, 41.384711662196608 ], [ 2.198263938452035, 41.384722063846766 ], [ 2.19830372633152, 41.384759325954192 ], [ 2.19831290390312, 41.384759957370399 ], [ 2.198321492781443, 41.384766646747046 ], [ 2.19833148446454, 41.384777921717856 ], [ 2.198333194563115, 41.38478377951423 ], [ 2.198343453321248, 41.384793759261463 ], [ 2.19835046977432, 41.384797014822375 ], [ 2.198402907777221, 41.384808288248877 ], [ 2.198420872909642, 41.384815988726402 ], [ 2.198474638072869, 41.384852618533657 ], [ 2.198535472017107, 41.384898962623318 ], [ 2.198540561561452, 41.384904276481329 ], [ 2.198543767021854, 41.384911081472339 ], [ 2.19854689231158, 41.384925389170952 ], [ 2.198558207609161, 41.384949653180705 ], [ 2.198591970453451, 41.384989629524497 ], [ 2.19860405123652, 41.384997334027609 ], [ 2.19861079928606, 41.384999074439541 ], [ 2.19881644829378, 41.384843595481328 ], [ 2.199044393304194, 41.384675165404616 ], [ 2.199038719755019, 41.384670658180511 ], [ 2.199083388054321, 41.384637722335697 ], [ 2.199149745895661, 41.384666674994911 ], [ 2.199287109798694, 41.384731764517326 ], [ 2.199417200499652, 41.384798947062208 ], [ 2.199531910954185, 41.384864166916842 ], [ 2.199655003961604, 41.38494025398942 ], [ 2.199722197982525, 41.384987424885402 ], [ 2.19641967390901, 41.387465705401191 ], [ 2.196375294805382, 41.387456531162599 ], [ 2.196313960136483, 41.387454082391464 ], [ 2.196228824684468, 41.387454222277157 ], [ 2.196172731102954, 41.387458606213819 ], [ 2.196111064287836, 41.387471719752625 ], [ 2.196057957741355, 41.387488442088646 ], [ 2.195997812119454, 41.387511705309002 ], [ 2.195949406263156, 41.387538270518576 ], [ 2.195906394900143, 41.387570840390403 ], [ 2.195864937772976, 41.387612416973965 ], [ 2.195837868640682, 41.387648145911704 ], [ 2.195814592587487, 41.387696252721597 ], [ 2.195802627498291, 41.38774883334802 ], [ 2.195802566281614, 41.387785775594445 ], [ 2.195806225011787, 41.387813403364234 ], [ 2.195754545049456, 41.387852453940361 ], [ 2.193572720924528, 41.386239505802806 ], [ 2.19336234177972, 41.386406477802005 ], [ 2.192908575082492, 41.386745855397855 ], [ 2.192907823712288, 41.386744618799881 ], [ 2.192881534428766, 41.386766303750356 ], [ 2.192561333895828, 41.387012391827717 ], [ 2.192046481111888, 41.387404131253668 ], [ 2.192049856380554, 41.38740664282998 ], [ 2.191920940991912, 41.387500712805512 ], [ 2.191488096639726, 41.387833103088681 ], [ 2.191485359194964, 41.387831048155128 ], [ 2.191417457262166, 41.387881364394758 ], [ 2.191233680452504, 41.388024337176958 ], [ 2.188738494752519, 41.389901520341432 ], [ 2.186769725012594, 41.391392602086363 ], [ 2.184585635760315, 41.38975553161238 ], [ 2.183451347003015, 41.390611969954676 ] ] ] } },
{ "type": "Feature", "properties": { "unit_id": "02", "unit_name": "Eixample", "unit_type": "distrito", "unit_source": "Ajuntament de Barcelona Open Data — districtes municipals" }, "geometry": { "type": "Polygon", "coordinates": [ [ [ 2.186895464856941, 41.401654478205437 ], [ 2.186895473767838, 41.401656354529258 ], [ 2.184527022162527, 41.403451506934253 ], [ 2.185669310220757, 41.404305821244598 ], [ 2.183102530707274, 41.406251163256336 ], [ 2.182252102165642, 41.406893693324086 ], [ 2.181116270378963, 41.407756414137516 ], [ 2.178879820291535, 41.409449535154586 ], [ 2.175467790126731, 41.412036438501922 ], [ 2.168659305831136, 41.406928979909239 ], [ 2.172042936888598, 41.404369483474539 ], [ 2.167353488143063, 41.400855341173894 ], [ 2.166218154386189, 41.401709677339802 ], [ 2.15922647403778, 41.396460557395379 ], [ 2.144978354118129, 41.39285501159646 ], [ 2.144995040080954, 41.392803009217879 ], [ 2.14500232546655, 41.392754567003109 ], [ 2.145001881632813, 41.392706283533109 ], [ 2.144990481821859, 41.392650640594361 ], [ 2.144967692114186, 41.392597020768704 ], [ 2.144939456806612, 41.392553683059333 ], [ 2.144890338470921, 41.392501092576417 ], [ 2.144835243911134, 41.392458203765251 ], [ 2.144789272079394, 41.39243085490854 ], [ 2.144727800106797, 41.392402999893555 ], [ 2.144656959163047, 41.392381503848242 ], [ 2.144582638019724, 41.392368178706612 ], [ 2.144519255539841, 41.392363527997006 ], [ 2.144451841151867, 41.392365332669435 ], [ 2.144401134825884, 41.392371855367834 ], [ 2.144344469154223, 41.392384044479073 ], [ 2.143958233663878, 41.391471459552299 ], [ 2.143801570316873, 41.391027116048477 ], [ 2.143649325158602, 41.390500557723108 ], [ 2.143529434907911, 41.390043408574805 ], [ 2.143197712924217, 41.388718520906053 ], [ 2.142939731698579, 41.387677542903184 ], [ 2.142751049243241, 41.386603457256243 ], [ 2.142641936207508, 41.385617259358959 ], [ 2.142302839482695, 41.380717532614618 ], [ 2.148236198825467, 41.3762322292121 ], [ 2.148957851775212, 41.375767723818058 ], [ 2.14922688603705, 41.375566183784663 ], [ 2.149527146054028, 41.375338063011782 ], [ 2.149898865551036, 41.375074481627152 ], [ 2.150989199784428, 41.375035152845449 ], [ 2.154025116275221, 41.375002615187661 ], [ 2.156237860347793, 41.375008716453472 ], [ 2.157699730103032, 41.375002501329135 ], [ 2.167796893871859, 41.374976161401854 ], [ 2.16778816251819, 41.375167405553235 ], [ 2.166778327472239, 41.375914033247803 ], [ 2.16308877056683, 41.378746993645457 ], [ 2.164010766949848, 41.38539849587449 ], [ 2.164713785844914, 41.385930198550525 ], [ 2.169358344440717, 41.385539713886565 ], [ 2.169768906400511, 41.385573686219665 ], [ 2.169963277202452, 41.385666535478066 ], [ 2.170133021072099, 41.385765605734171 ], [ 2.170284247887464, 41.385878560609157 ], [ 2.171138039452722, 41.38684220895572 ], [ 2.17151019108897, 41.387044081242067 ], [ 2.17276537527398, 41.388474245872288 ], [ 2.173408853054214, 41.388948372280559 ], [ 2.175850816864579, 41.388948971909592 ], [ 2.177490084359247, 41.390163916555359 ], [ 2.179859179894691, 41.391052195620475 ], [ 2.18132330009658, 41.392222230685547 ], [ 2.182380953884804, 41.39142013297262 ], [ 2.186731694646234, 41.39463945268453 ], [ 2.186707335809435, 41.394660059020069 ], [ 2.186681840185835, 41.394690484501659 ], [ 2.186664270984135, 41.394723940285296 ], [ 2.186655234782006, 41.394759266892919 ], [ 2.186655044665166, 41.394795243320615 ], [ 2.18666370661904, 41.394830622972293 ], [ 2.186680921312128, 41.394864182312595 ], [ 2.186706093168321, 41.394894760564569 ], [ 2.186738351411774, 41.394921298591107 ], [ 2.186776578289047, 41.394942877827681 ], [ 2.186819452931102, 41.394958752119486 ], [ 2.18686548933686, 41.394968371410357 ], [ 2.186895464856941, 41.401654478205437 ] ] ] } },
{ "type": "Feature", "properties": { "unit_id": "03", "unit_name": "Sants-Montjuïc", "unit_type": "distrito", "unit_source": "Ajuntament de Barcelona Open Data — districtes municipals" }, "geometry": { "type": "MultiPolygon", "coordinates": [ [ [ [ 2.175209337217271, 41.349838607314346 ], [ 2.175185896681391, 41.349848978171877 ], [ 2.17517388173083, 41.349863304169915 ], [ 2.175164119576, 41.349879087524293 ], [ 2.175158084319233, 41.349893186151718 ], [ 2.175157669050692, 41.34990714490808 ], [ 2.1751785400961, 41.349948819392068 ], [ 2.175189576590397, 41.349964661738746 ], [ 2.175210710117277, 41.34997607266466 ], [ 2.175236905806208, 41.349984187065061 ], [ 2.175242810491732, 41.349989904150668 ], [ 2.175242257360729, 41.349995845182384 ], [ 2.175219043320481, 41.350007208502134 ], [ 2.175192512099211, 41.350016206074692 ], [ 2.175184466491493, 41.350028578856623 ], [ 2.175184068280034, 41.350041186599611 ], [ 2.17518618239154, 41.350053632197387 ], [ 2.175193556792902, 41.350066025420354 ], [ 2.175205515255507, 41.350075118696111 ], [ 2.175218818066826, 41.350081879637365 ], [ 2.17523549035101, 41.350086863211274 ], [ 2.175251541134609, 41.350093733918314 ], [ 2.175255268380107, 41.350110965087019 ], [ 2.175244899481172, 41.35012746470484 ], [ 2.175218800847217, 41.350140068411029 ], [ 2.175200051447644, 41.350157588870893 ], [ 2.17519495191978, 41.350173315568355 ], [ 2.175193077328845, 41.350189245530316 ], [ 2.175191849411018, 41.350210764819806 ], [ 2.175193968234028, 41.350232308095563 ], [ 2.17520082930848, 41.35024748998508 ], [ 2.175211408214098, 41.350261707687025 ], [ 2.175231887367476, 41.350277617703313 ], [ 2.17523122851052, 41.350291935016081 ], [ 2.175213907545114, 41.350300458145959 ], [ 2.175213199640271, 41.350309190414308 ], [ 2.175226453779213, 41.350329282207625 ], [ 2.175237427824471, 41.350350078264157 ], [ 2.175240423141083, 41.350368475171067 ], [ 2.175259299302581, 41.350435626760408 ], [ 2.175267105595885, 41.35047063207054 ], [ 2.175272370001418, 41.350508141283015 ], [ 2.175281108654765, 41.350545044862862 ], [ 2.175322115798645, 41.35062037177164 ], [ 2.175356963725107, 41.350653318958905 ], [ 2.175366602423606, 41.350666268849011 ], [ 2.175373480631502, 41.350680099714808 ], [ 2.175382061191497, 41.350720064726495 ], [ 2.175394863866862, 41.350756997417022 ], [ 2.175395036233967, 41.350781229010671 ], [ 2.175399938556569, 41.350809547901555 ], [ 2.175411029041013, 41.350840072948039 ], [ 2.175427276273488, 41.350869283806631 ], [ 2.17544889431196, 41.350899163673844 ], [ 2.175474002541745, 41.350927176953689 ], [ 2.175540365762351, 41.350991966439757 ], [ 2.175584030655075, 41.351027228613937 ], [ 2.175656515015124, 41.351090080217332 ], [ 2.175670733624148, 41.351109548336233 ], [ 2.175684577523693, 41.351120816882677 ], [ 2.175701405994272, 41.351122919085888 ], [ 2.175735225640095, 41.351123701774519 ], [ 2.175748800722628, 41.351127852409299 ], [ 2.175760530623946, 41.351136133308174 ], [ 2.175772956351004, 41.351155588573441 ], [ 2.17577063443022, 41.351169083295297 ], [ 2.175761788443314, 41.351178567961028 ], [ 2.175770670365669, 41.351194665045 ], [ 2.175794372665381, 41.351210958346691 ], [ 2.175803672502989, 41.351231832431949 ], [ 2.17587450295944, 41.351283682819343 ], [ 2.175878378359398, 41.351298663133939 ], [ 2.175877457854166, 41.351314780087996 ], [ 2.175886428936681, 41.351342767790371 ], [ 2.175915456976883, 41.351372790707394 ], [ 2.175916879863486, 41.351411623512107 ], [ 2.175925293087962, 41.351436454567761 ], [ 2.175972581429454, 41.351535155813146 ], [ 2.175982810071964, 41.35154874040412 ], [ 2.17601174997369, 41.351557324655062 ], [ 2.176030100918684, 41.351571417775602 ], [ 2.176042679272326, 41.351588261908937 ], [ 2.176049815225744, 41.351610111312795 ], [ 2.176054438801762, 41.351632122879799 ], [ 2.176057893210971, 41.351652054335325 ], [ 2.176058360529129, 41.351671874328702 ], [ 2.176048431079686, 41.351691439733507 ], [ 2.176031206934453, 41.351711223135766 ], [ 2.176000877397505, 41.351755953736209 ], [ 2.175995180284119, 41.35177167618621 ], [ 2.175994023012003, 41.351787611293297 ], [ 2.176001666618073, 41.351807122366914 ], [ 2.176019898100719, 41.351821214633247 ], [ 2.176031967715547, 41.351840487167635 ], [ 2.176036378363826, 41.351860425469631 ], [ 2.176037561717353, 41.351880340664707 ], [ 2.176035106079525, 41.351913921306618 ], [ 2.176035957242323, 41.351941220327745 ], [ 2.176051746210063, 41.351968896526429 ], [ 2.176054198689477, 41.351982965889214 ], [ 2.176051987238366, 41.351997182011161 ], [ 2.176046236458537, 41.352007679690196 ], [ 2.176037865107633, 41.352017438000892 ], [ 2.176024126270967, 41.352026257123718 ], [ 2.176018196893566, 41.352041437457103 ], [ 2.176018601459791, 41.352056753216772 ], [ 2.176028440348815, 41.352091773020121 ], [ 2.176041617861426, 41.352117989311225 ], [ 2.176042266280123, 41.352180326312642 ], [ 2.176048022725897, 41.352207300150326 ], [ 2.176074119735095, 41.352270720108947 ], [ 2.176092914372109, 41.352306524629128 ], [ 2.176117554661439, 41.352343271752467 ], [ 2.176145202544997, 41.352378509115141 ], [ 2.176229190052711, 41.3524772928088 ], [ 2.1762614506177, 41.352506978470331 ], [ 2.176286083953262, 41.352534808016777 ], [ 2.176317979167619, 41.352565031501165 ], [ 2.176368909334709, 41.352593049242962 ], [ 2.176389971255018, 41.352610224278955 ], [ 2.176408378530501, 41.352629361977371 ], [ 2.176420249077906, 41.352645480396291 ], [ 2.176428879807224, 41.352662566460751 ], [ 2.176438303980007, 41.352711544984849 ], [ 2.17644746540013, 41.352733949309211 ], [ 2.176459626457105, 41.352755474342096 ], [ 2.176524590932159, 41.35284610494935 ], [ 2.176545764119196, 41.352882917244997 ], [ 2.176579876589329, 41.352926938095827 ], [ 2.176596849630674, 41.352946065501243 ], [ 2.176608543999366, 41.35296668642215 ], [ 2.176618021207864, 41.353058901621395 ], [ 2.176630199404758, 41.353079075623192 ], [ 2.176652100541442, 41.353096076463274 ], [ 2.176680727248158, 41.353110603297495 ], [ 2.176696587894742, 41.353123147206951 ], [ 2.176708356092723, 41.353137913728176 ], [ 2.176713674113989, 41.353152273801484 ], [ 2.176716239499143, 41.353166884409333 ], [ 2.176717880385038, 41.35320743019021 ], [ 2.176723794176171, 41.353231432619388 ], [ 2.176740573655245, 41.353275419496988 ], [ 2.176752766682114, 41.353294422607924 ], [ 2.176805637367437, 41.353348756125172 ], [ 2.17683956338375, 41.35338863208294 ], [ 2.176904528267538, 41.35348881048963 ], [ 2.176928687183574, 41.353535372236074 ], [ 2.177012882479258, 41.353665323002389 ], [ 2.17713636607594, 41.353827081109003 ], [ 2.177180269548801, 41.353891078501221 ], [ 2.17721575567594, 41.353930515121924 ], [ 2.177227946692608, 41.353949698317805 ], [ 2.177237257573267, 41.353969761677462 ], [ 2.17725799895842, 41.354031431625522 ], [ 2.177271320695595, 41.354055757211675 ], [ 2.177353142282479, 41.354155965790497 ], [ 2.177368027091071, 41.354179581933465 ], [ 2.177404301733649, 41.354251361284149 ], [ 2.177430616956448, 41.354288120089592 ], [ 2.177458086253334, 41.354318671918882 ], [ 2.177473009687724, 41.354339225752319 ], [ 2.177483494495376, 41.354361008918531 ], [ 2.177508493291775, 41.354454866247693 ], [ 2.177517078051985, 41.354475644998708 ], [ 2.177551313641069, 41.354538492239499 ], [ 2.177593515379613, 41.354633283171673 ], [ 2.177634615484229, 41.354711131996702 ], [ 2.177649879528303, 41.354733129450175 ], [ 2.17772417358161, 41.354823645873481 ], [ 2.177738615672447, 41.354844466458694 ], [ 2.177785355155555, 41.354930192100909 ], [ 2.177821538935378, 41.354990260832345 ], [ 2.17784849195811, 41.355042877405197 ], [ 2.177869991726201, 41.355091851988718 ], [ 2.177883304300059, 41.35510744009968 ], [ 2.177934586606718, 41.355155186218859 ], [ 2.178003073583464, 41.355232239707377 ], [ 2.178010903437134, 41.355246527582452 ], [ 2.17801501635359, 41.355261689664225 ], [ 2.178014277583831, 41.355282401780194 ], [ 2.178000385337087, 41.355303380246198 ], [ 2.177997500030405, 41.35531416871131 ], [ 2.178001795941666, 41.355324287865784 ], [ 2.17802068656671, 41.355333610509909 ], [ 2.178049604617582, 41.355344085678787 ], [ 2.178063533094359, 41.355358236957542 ], [ 2.178111581459124, 41.355425506308002 ], [ 2.178161789521204, 41.355511166487219 ], [ 2.178184480481905, 41.355541503862966 ], [ 2.178251326320658, 41.355597017408009 ], [ 2.178270566064418, 41.355616611124127 ], [ 2.178287518767589, 41.355637449565357 ], [ 2.178313611285486, 41.355682493528811 ], [ 2.178377851514038, 41.355774108716524 ], [ 2.178387060453467, 41.355792820116129 ], [ 2.178393151247543, 41.355812319933719 ], [ 2.178400932111231, 41.355859034652156 ], [ 2.178410539931912, 41.355884054190312 ], [ 2.178434090640605, 41.355931602095325 ], [ 2.178447435845637, 41.355954126194483 ], [ 2.178542132719474, 41.356086042358889 ], [ 2.178564454617641, 41.356107729764588 ], [ 2.1785903886972, 41.356127371209745 ], [ 2.178629759182372, 41.356152783314094 ], [ 2.178644367813455, 41.356169911870808 ], [ 2.178678762256625, 41.356229787400849 ], [ 2.178727193797725, 41.356304715648221 ], [ 2.178736410835428, 41.356322796547104 ], [ 2.178757638636422, 41.35637447128363 ], [ 2.178766072138927, 41.356388313034955 ], [ 2.178778235094602, 41.356400289811759 ], [ 2.178832964615242, 41.356440223545533 ], [ 2.178841059905315, 41.356452441516993 ], [ 2.178842561363168, 41.356466143722692 ], [ 2.178837077749019, 41.356502945516226 ], [ 2.178837991243489, 41.356525380859992 ], [ 2.178844645294784, 41.356538129000555 ], [ 2.178856105780142, 41.35654892977356 ], [ 2.178870926922597, 41.356558673617556 ], [ 2.178918405999405, 41.356585764839942 ], [ 2.178931280589191, 41.356598197055753 ], [ 2.178950243953119, 41.356630309192795 ], [ 2.178957905966961, 41.356648469054228 ], [ 2.178968174305123, 41.356687545049553 ], [ 2.178984919239125, 41.356724955813604 ], [ 2.179010841496188, 41.356764593861776 ], [ 2.179049929579111, 41.356812522706143 ], [ 2.179107735652384, 41.356912108301529 ], [ 2.17912487484214, 41.35693718149944 ], [ 2.17921651594159, 41.357046106018117 ], [ 2.179268470373834, 41.357126193465113 ], [ 2.17933678520569, 41.357226754644017 ], [ 2.179354197197134, 41.35725867549737 ], [ 2.179381021876009, 41.357331197486296 ], [ 2.179391366751465, 41.357354690908309 ], [ 2.179405070058828, 41.357377307521361 ], [ 2.179423894730039, 41.357391943923176 ], [ 2.179444646752122, 41.357405423081886 ], [ 2.179467210738498, 41.357426931884135 ], [ 2.179486401606711, 41.357450488370262 ], [ 2.179495040543235, 41.357467033798713 ], [ 2.179499964698017, 41.357484273345342 ], [ 2.179503957819988, 41.357518530540254 ], [ 2.179504768613335, 41.357549162021812 ], [ 2.17950749278093, 41.357560711120158 ], [ 2.17951573502177, 41.357570768275949 ], [ 2.179560496217106, 41.357595407812077 ], [ 2.179576760874757, 41.3576139892632 ], [ 2.179584741075661, 41.357635394070101 ], [ 2.179587768103338, 41.357660907041804 ], [ 2.179595807906605, 41.357687086278858 ], [ 2.179631019993081, 41.357729582752853 ], [ 2.179644858834934, 41.357750939244212 ], [ 2.179657616167012, 41.357772738402232 ], [ 2.179675255886042, 41.357815109596054 ], [ 2.179704996368094, 41.357855405228975 ], [ 2.17972515780214, 41.357896893633821 ], [ 2.179739550308377, 41.35792176700761 ], [ 2.179756705832856, 41.357945579166405 ], [ 2.179830381885778, 41.35802870359116 ], [ 2.179884682731016, 41.358064850588114 ], [ 2.179898255817824, 41.358078818956372 ], [ 2.179921772813197, 41.358110152697869 ], [ 2.179930282228281, 41.358127507849431 ], [ 2.179935025950267, 41.358149610171488 ], [ 2.179938298912629, 41.358212686402119 ], [ 2.179942332179124, 41.358234243207328 ], [ 2.179951634310771, 41.358255116953565 ], [ 2.179964461938114, 41.358271331891046 ], [ 2.179979939832206, 41.358285944351742 ], [ 2.180013454623541, 41.358311314250926 ], [ 2.180028074268334, 41.358327632025691 ], [ 2.180036454023253, 41.358345796925214 ], [ 2.180038249083474, 41.358393279545595 ], [ 2.1800434328798, 41.358408899556281 ], [ 2.180091718073524, 41.358467162183501 ], [ 2.180125245156508, 41.358501089317038 ], [ 2.180138510348786, 41.358520550072825 ], [ 2.180147814843357, 41.3585412436681 ], [ 2.180160598802302, 41.358589525177194 ], [ 2.180168944716986, 41.358610392092601 ], [ 2.18017956871687, 41.358630734782999 ], [ 2.180194839038925, 41.358652371630271 ], [ 2.180228800358425, 41.358689814773733 ], [ 2.180246415475572, 41.358705613404986 ], [ 2.180281517407793, 41.358728382339145 ], [ 2.180295941073096, 41.358741275811255 ], [ 2.180307715602595, 41.358755681696813 ], [ 2.180321407083694, 41.358779288943687 ], [ 2.180331501003775, 41.358803771320353 ], [ 2.180347846311028, 41.358863607846487 ], [ 2.180378169972673, 41.358933722467967 ], [ 2.180403796502801, 41.359006595970264 ], [ 2.180416523817997, 41.359030826867134 ], [ 2.180511053017001, 41.359167243943759 ], [ 2.180608761404443, 41.359269454861852 ], [ 2.180642546120478, 41.359311490476834 ], [ 2.180659697814363, 41.35933566277177 ], [ 2.180678828664367, 41.359364082706648 ], [ 2.180695676909723, 41.359393387142816 ], [ 2.180717860184109, 41.359445338525184 ], [ 2.180736928581938, 41.359497808180933 ], [ 2.180760268014335, 41.359543372420269 ], [ 2.18078737432937, 41.359584099389764 ], [ 2.180819217432522, 41.359618915084361 ], [ 2.180851351435795, 41.359659137374386 ], [ 2.180896221008733, 41.359722960026659 ], [ 2.180942437274663, 41.35978427013022 ], [ 2.180956643509733, 41.359804998544092 ], [ 2.180966684903798, 41.359824166029732 ], [ 2.180985466117412, 41.359870958837419 ], [ 2.18103244839153, 41.35992840110638 ], [ 2.181046521738582, 41.359940661460634 ], [ 2.181086913782727, 41.359970673837864 ], [ 2.181106614635225, 41.359991801635395 ], [ 2.181113629098808, 41.360014010137057 ], [ 2.181118010198523, 41.360036470126175 ], [ 2.181143822998263, 41.360104120395825 ], [ 2.181160466288859, 41.360140269044869 ], [ 2.181222632758653, 41.360245379169307 ], [ 2.181425927774372, 41.360622980933236 ], [ 2.181557683325736, 41.360861177056172 ], [ 2.181650451211375, 41.361024062847648 ], [ 2.181697572377962, 41.361099160630602 ], [ 2.181849507421006, 41.361320475619685 ], [ 2.181965286098087, 41.361507664985886 ], [ 2.182099736299029, 41.3617028235101 ], [ 2.182380644964288, 41.362156008034873 ], [ 2.182502381392661, 41.362325944668946 ], [ 2.182629292061252, 41.362531497753992 ], [ 2.182769979798307, 41.362725348640666 ], [ 2.182813752578162, 41.362791144392482 ], [ 2.182948070704582, 41.363016386177954 ], [ 2.183036300735179, 41.363160232653101 ], [ 2.183057120943219, 41.363187583265592 ], [ 2.183084546860114, 41.363212548728782 ], [ 2.183112082063329, 41.363228777636408 ], [ 2.183143761973249, 41.363238640596769 ], [ 2.18318015054464, 41.36324484387486 ], [ 2.183216797371385, 41.363249517690754 ], [ 2.183371343762961, 41.36326277471256 ], [ 2.183413688505403, 41.363270731618847 ], [ 2.183433557744026, 41.363278529028626 ], [ 2.183452416535399, 41.363290642889787 ], [ 2.18346446657637, 41.363302258058312 ], [ 2.183474760717788, 41.363320436279054 ], [ 2.183475838199992, 41.363339449857499 ], [ 2.183417680716242, 41.363592149370774 ], [ 2.183400482805827, 41.363676698310208 ], [ 2.183324365058359, 41.364122662411816 ], [ 2.183295963605093, 41.364252169566278 ], [ 2.183263106552716, 41.36435552319378 ], [ 2.183078215227574, 41.364864068711015 ], [ 2.183281418346174, 41.364908599581362 ], [ 2.18305956958859, 41.365198022716108 ], [ 2.183010287186803, 41.365218876609759 ], [ 2.182889939417484, 41.365193539609415 ], [ 2.182858639733332, 41.365155125352516 ], [ 2.182900932503254, 41.364854816745321 ], [ 2.182528344803242, 41.36477951567953 ], [ 2.182524778923026, 41.364774013758606 ], [ 2.182401555672913, 41.364749232303794 ], [ 2.182322453810195, 41.364631635185319 ], [ 2.182119671120482, 41.364313903041662 ], [ 2.18089795183473, 41.362415672524847 ], [ 2.179944580457966, 41.36094648838624 ], [ 2.179700958997843, 41.360564741359646 ], [ 2.179099202901302, 41.359639517915348 ], [ 2.178035887209126, 41.357981311180993 ], [ 2.17776322276879, 41.357565538084451 ], [ 2.177093219985853, 41.356518096996687 ], [ 2.176733628010303, 41.355967937478347 ], [ 2.176271028474745, 41.355244265491777 ], [ 2.175266405564405, 41.353695065522714 ], [ 2.175156818344534, 41.353531369309565 ], [ 2.174620431852338, 41.352695404710978 ], [ 2.174510565791521, 41.352529435955013 ], [ 2.174460734768817, 41.35244855086826 ], [ 2.172542231709112, 41.349477471087518 ], [ 2.172423062188899, 41.349289022543552 ], [ 2.172102496065404, 41.349403788247919 ], [ 2.172026551317399, 41.349288035069918 ], [ 2.17199105887752, 41.349230671720633 ], [ 2.171917643972108, 41.349064350157967 ], [ 2.171902437442855, 41.34900882616833 ], [ 2.171869026713172, 41.348853241199087 ], [ 2.172219565921002, 41.348810500077057 ], [ 2.171931583129874, 41.347472812646707 ], [ 2.171814455649382, 41.346943486519194 ], [ 2.171677451496866, 41.346304809341383 ], [ 2.171550572358701, 41.345724727037066 ], [ 2.171542749608725, 41.345679903076707 ], [ 2.171290732033268, 41.344522506717901 ], [ 2.17139303761722, 41.344509859898174 ], [ 2.17145402411564, 41.344498425192398 ], [ 2.171469936855674, 41.344497188616835 ], [ 2.17148578680018, 41.344500905754209 ], [ 2.171495987530999, 41.344507104342163 ], [ 2.171507879391564, 41.344521331846849 ], [ 2.171511403998198, 41.344535589191366 ], [ 2.171513553059321, 41.344564068604498 ], [ 2.171554092903922, 41.344685061964739 ], [ 2.171563921066942, 41.344701796729083 ], [ 2.17158035802115, 41.344715786716122 ], [ 2.171594729307547, 41.344723006149451 ], [ 2.17160842687875, 41.344726797852488 ], [ 2.171622514963862, 41.344728070243406 ], [ 2.171671069409346, 41.344725987679233 ], [ 2.171691184676926, 41.344723250032914 ], [ 2.171702485413547, 41.344718106973211 ], [ 2.171801763795251, 41.344646490620896 ], [ 2.172249065014252, 41.344313726076514 ], [ 2.172309881669263, 41.344258856958099 ], [ 2.172334829679097, 41.344214268720471 ], [ 2.17234059997587, 41.344192782108621 ], [ 2.172343335747019, 41.344080567367058 ], [ 2.172339885838169, 41.344032081788555 ], [ 2.17230063189568, 41.34383777625321 ], [ 2.172297004681158, 41.343737225594829 ], [ 2.172273597655308, 41.343622390777199 ], [ 2.17224432539219, 41.343508234373481 ], [ 2.17217709720528, 41.343295532262978 ], [ 2.172159477193636, 41.343223975419377 ], [ 2.172070896706827, 41.3427720584871 ], [ 2.172012207948788, 41.342545816242762 ], [ 2.171983295732772, 41.342337262904124 ], [ 2.171950108042777, 41.342183174651126 ], [ 2.171927425166974, 41.342096178369381 ], [ 2.171896373907082, 41.341877250885013 ], [ 2.171889255189685, 41.341854230330981 ], [ 2.171871271546581, 41.34182086295408 ], [ 2.17185628368307, 41.341786886600673 ], [ 2.171843812497101, 41.341714646135287 ], [ 2.171824382020721, 41.341653975368068 ], [ 2.171802150764001, 41.341550228203083 ], [ 2.17179671045153, 41.341507943496197 ], [ 2.171789498691067, 41.341341341414775 ], [ 2.171779361622234, 41.341282989410338 ], [ 2.17176168631618, 41.341225303761497 ], [ 2.171736701540813, 41.341169096793578 ], [ 2.171723645276469, 41.341105319224503 ], [ 2.171721383873788, 41.34106684057388 ], [ 2.171716249678962, 41.341028701550819 ], [ 2.171665079113983, 41.34089790347393 ], [ 2.1716633383484, 41.340846637801164 ], [ 2.171634373534669, 41.340727259008048 ], [ 2.171607457719397, 41.340634827626431 ], [ 2.171604555140679, 41.340609225198826 ], [ 2.17160637263224, 41.340550688992806 ], [ 2.171602310015355, 41.340531743826233 ], [ 2.17154337612462, 41.340381703653023 ], [ 2.171530565012437, 41.340345761250894 ], [ 2.171522693354449, 41.34031615971297 ], [ 2.171525151217906, 41.340301404969829 ], [ 2.171535965521943, 41.340287430987786 ], [ 2.171553572382214, 41.340275037189528 ], [ 2.171586145148932, 41.340260589295767 ], [ 2.171611800931123, 41.340254378581911 ], [ 2.171651536982414, 41.340249980647329 ], [ 2.171872752547217, 41.340241664301182 ], [ 2.172046825967627, 41.340237422109588 ], [ 2.172075428334602, 41.340234475220285 ], [ 2.172087535157596, 41.34023167988768 ], [ 2.172103412891732, 41.340223687281927 ], [ 2.172116474899563, 41.340211530930652 ], [ 2.17212402356262, 41.340200595979802 ], [ 2.17212961016719, 41.340184152288629 ], [ 2.172128983493779, 41.340167573826918 ], [ 2.172084321118944, 41.339985299353209 ], [ 2.172069794678057, 41.339905477734696 ], [ 2.172052636827462, 41.339825817334585 ], [ 2.172017351256508, 41.339714770197965 ], [ 2.171932044351098, 41.339467168474087 ], [ 2.171918380116484, 41.339413655181048 ], [ 2.171894032008364, 41.33925062285568 ], [ 2.171804726956394, 41.338818697053846 ], [ 2.17178926194863, 41.338709233674223 ], [ 2.171778593334819, 41.338663150654895 ], [ 2.171720914995785, 41.338669270568268 ], [ 2.171717029116656, 41.33866656734898 ], [ 2.171662344025314, 41.338674622887062 ], [ 2.171664073346414, 41.338680571332667 ], [ 2.171609083182728, 41.338686291684951 ], [ 2.171607466946947, 41.338681794273803 ], [ 2.171005468298123, 41.338750258894024 ], [ 2.171006450887023, 41.338754769764442 ], [ 2.170993582585954, 41.338756370498118 ], [ 2.170950567945708, 41.338559274626846 ], [ 2.170971208143583, 41.338555709480715 ], [ 2.170992674329967, 41.338512267393121 ], [ 2.171010566763117, 41.33846789880063 ], [ 2.171029209629537, 41.338439749264985 ], [ 2.171050588526163, 41.338412610267461 ], [ 2.171071053302783, 41.338363306020163 ], [ 2.17109733486503, 41.338345390062806 ], [ 2.17110658166547, 41.338332485736657 ], [ 2.171110219740639, 41.338318910483743 ], [ 2.171091689673264, 41.338187356342154 ], [ 2.171005696024263, 41.337815264083169 ], [ 2.170974808201336, 41.337715777983483 ], [ 2.170953879510307, 41.337632036816913 ], [ 2.170935199158933, 41.337512371568494 ], [ 2.170918311116335, 41.337449286875469 ], [ 2.170911261760819, 41.33734546868498 ], [ 2.170905353363419, 41.337179956735362 ], [ 2.170900616546921, 41.337129390043643 ], [ 2.170892410743325, 41.337079068588281 ], [ 2.170873823274134, 41.336999217527826 ], [ 2.170801679835445, 41.336600111983678 ], [ 2.170774156243835, 41.33647101508263 ], [ 2.170733802963283, 41.336316964784281 ], [ 2.170712990843256, 41.336261778453242 ], [ 2.170689663530266, 41.336207024373579 ], [ 2.170678303672228, 41.336169831248597 ], [ 2.170632806884285, 41.335940800698808 ], [ 2.170613449802834, 41.335855719634054 ], [ 2.170604606599745, 41.335836830043178 ], [ 2.170592166975642, 41.335818815292619 ], [ 2.170577666150556, 41.33580312765951 ], [ 2.170565565615037, 41.335786646640003 ], [ 2.17055454430794, 41.335741619337092 ], [ 2.170546155438587, 41.335696340777133 ], [ 2.170536880465701, 41.335664387063296 ], [ 2.170546847231857, 41.335632391873503 ], [ 2.170551317669701, 41.335609724964748 ], [ 2.170553400398121, 41.335586860695869 ], [ 2.170545899463891, 41.335537535118405 ], [ 2.170547837073866, 41.33552610944313 ], [ 2.170560923553179, 41.335511971763786 ], [ 2.17061237027912, 41.335479194589738 ], [ 2.170657382270307, 41.335444929809206 ], [ 2.170699090505596, 41.335407308396583 ], [ 2.170708580527195, 41.335394045544163 ], [ 2.170714853205812, 41.335380038901079 ], [ 2.170740435809587, 41.33529465112359 ], [ 2.170750352359728, 41.335238335056971 ], [ 2.170748046674003, 41.335212826962071 ], [ 2.170741079392374, 41.335187375354835 ], [ 2.170721414851643, 41.335154806337243 ], [ 2.170724222039547, 41.335140774722497 ], [ 2.170735748064631, 41.335127166233789 ], [ 2.170747331895762, 41.335118422259505 ], [ 2.170765730577235, 41.335109457158026 ], [ 2.170784187067309, 41.335105356569244 ], [ 2.170888320694119, 41.335102143456211 ], [ 2.170975789591775, 41.335093675883002 ], [ 2.171039400578396, 41.335091161566318 ], [ 2.171060623787363, 41.335085639646351 ], [ 2.17106740135752, 41.335078932768369 ], [ 2.171066566412399, 41.33506937870812 ], [ 2.17105941899968, 41.335048699845245 ], [ 2.171053449927322, 41.334991638800446 ], [ 2.171024165963833, 41.334860007119332 ], [ 2.171026103144115, 41.334829755565181 ], [ 2.171050404747545, 41.334798223880249 ], [ 2.170954730559983, 41.334099362584269 ], [ 2.170144279708053, 41.334192427791521 ], [ 2.170141635409069, 41.334196444126199 ], [ 2.170208555377363, 41.334511309606164 ], [ 2.170217488357457, 41.334521219309458 ], [ 2.1702639604546, 41.334549847201238 ], [ 2.170271560966079, 41.334560224696332 ], [ 2.170271369521891, 41.334566834888413 ], [ 2.170262449746945, 41.334579426248496 ], [ 2.170249822389932, 41.334591297293379 ], [ 2.170235929828174, 41.334601159529818 ], [ 2.170207648094314, 41.334615755097467 ], [ 2.170175726204923, 41.334622433761751 ], [ 2.170144353231052, 41.33462258587123 ], [ 2.170103933624096, 41.334616133227499 ], [ 2.170082821996804, 41.334606279817471 ], [ 2.170060403313149, 41.334588301138162 ], [ 2.17004764621247, 41.334562375370915 ], [ 2.170036162162783, 41.334519011077631 ], [ 2.170020241097121, 41.334439188084247 ], [ 2.169973394409152, 41.334235801101045 ], [ 2.169976839193594, 41.334199795576126 ], [ 2.169986618904923, 41.334158061870788 ], [ 2.169994827335119, 41.334134665298052 ], [ 2.170006735255859, 41.334117330490912 ], [ 2.170035220231948, 41.33409612486394 ], [ 2.170063391028633, 41.334081780749592 ], [ 2.170103397872873, 41.334064234205037 ], [ 2.170131477415806, 41.334057077474604 ], [ 2.170269423358445, 41.334041209845786 ], [ 2.170689092076754, 41.333985180844785 ], [ 2.171118906804322, 41.333934954013472 ], [ 2.171140315118618, 41.333919325089269 ], [ 2.171129949102214, 41.33388293182027 ], [ 2.171103316991656, 41.333759903469648 ], [ 2.171039678569672, 41.333486614127132 ], [ 2.170995184205387, 41.333317113017181 ], [ 2.170983440144005, 41.333252750234145 ], [ 2.170904613213771, 41.33288429424649 ], [ 2.17086807882495, 41.3327373964228 ], [ 2.170843056513231, 41.332613776078254 ], [ 2.170814805832327, 41.332509147499941 ], [ 2.170781327963272, 41.332366271033308 ], [ 2.170716989882126, 41.332114432504824 ], [ 2.170691216045185, 41.331988861059507 ], [ 2.170605413566738, 41.331623200931283 ], [ 2.170579427981783, 41.331500222113128 ], [ 2.170558095519131, 41.331418351461359 ], [ 2.170532826470163, 41.331300133803737 ], [ 2.170524735985471, 41.33127471010296 ], [ 2.170492612524122, 41.331139148447377 ], [ 2.170470895788803, 41.331027297722031 ], [ 2.170441449150637, 41.330891755340126 ], [ 2.170405380622396, 41.330750688597625 ], [ 2.170387936552475, 41.330693923084475 ], [ 2.170365457221501, 41.330581922712902 ], [ 2.170340545827039, 41.330495846685274 ], [ 2.170334018695364, 41.330452707284735 ], [ 2.170317068665478, 41.330387153903892 ], [ 2.170310975170888, 41.330354106137257 ], [ 2.170274198341311, 41.330223699232327 ], [ 2.170254739887061, 41.330114747162042 ], [ 2.170241636635146, 41.330062480684518 ], [ 2.170232513692784, 41.330043102621175 ], [ 2.170229086837888, 41.330011803532614 ], [ 2.170212871669794, 41.329963694141121 ], [ 2.1702069355008, 41.329904129130234 ], [ 2.170196171406385, 41.329863409237142 ], [ 2.170191737461675, 41.329836138289899 ], [ 2.17016870264564, 41.329737825410433 ], [ 2.17014552342426, 41.329650897089017 ], [ 2.170135550577834, 41.329593032424818 ], [ 2.170107009086214, 41.329476664625105 ], [ 2.170091715163041, 41.329401178752839 ], [ 2.17004759833802, 41.329231517755069 ], [ 2.170026724474766, 41.329127743800093 ], [ 2.169998108375773, 41.329017284412636 ], [ 2.16994932771491, 41.328808388656689 ], [ 2.169931682317233, 41.328722364919038 ], [ 2.169886069793039, 41.328519977448217 ], [ 2.169865984032865, 41.328415344407027 ], [ 2.169842875169832, 41.328322939892878 ], [ 2.16979204564599, 41.32809572582331 ], [ 2.169729057882085, 41.327860497326483 ], [ 2.169701932861722, 41.327768207925722 ], [ 2.169666442955014, 41.327596879514459 ], [ 2.169620100215746, 41.327391892445213 ], [ 2.169597985384289, 41.32731160125693 ], [ 2.169524963140444, 41.327009427776389 ], [ 2.169449038355833, 41.326678985445298 ], [ 2.169400004013986, 41.32647527592983 ], [ 2.169389019838569, 41.326391750217532 ], [ 2.16935525288713, 41.326370897126523 ], [ 2.169372729189726, 41.326325237601417 ], [ 2.169380151395042, 41.326267714561062 ], [ 2.169410639912138, 41.326223040688411 ], [ 2.169439862765707, 41.326112422009913 ], [ 2.169459918176007, 41.32606125941934 ], [ 2.1694710918352, 41.326016950574335 ], [ 2.169485205268516, 41.325982030849914 ], [ 2.169496889275964, 41.325942697882155 ], [ 2.16951866550244, 41.325914102739034 ], [ 2.169546453332146, 41.325803545733187 ], [ 2.169564398844634, 41.325745377996114 ], [ 2.169572849317411, 41.325688727086387 ], [ 2.169582830982472, 41.325647940608221 ], [ 2.169597305097191, 41.32562224725762 ], [ 2.169599494067501, 41.325570307183774 ], [ 2.169633976988361, 41.325534741731026 ], [ 2.169626321987213, 41.32552027433433 ], [ 2.169638394071414, 41.325503066827515 ], [ 2.169651075803678, 41.325475486956179 ], [ 2.169657472264236, 41.325438493829267 ], [ 2.169678938610994, 41.325426758654835 ], [ 2.169680312953281, 41.325401331091548 ], [ 2.169694394132541, 41.325353872517525 ], [ 2.169715224755501, 41.325301850737191 ], [ 2.169730605653107, 41.325257428089408 ], [ 2.169759572729208, 41.325207356591427 ], [ 2.169786048548796, 41.325136090233855 ], [ 2.169809586910496, 41.325053363021347 ], [ 2.169826717896822, 41.325030147879453 ], [ 2.169852811920295, 41.32492775747032 ], [ 2.16986078468156, 41.324872940636901 ], [ 2.169885622797066, 41.324823361763812 ], [ 2.169898223737802, 41.324772001197452 ], [ 2.16991889962382, 41.324729319146464 ], [ 2.169947040449674, 41.324601208739054 ], [ 2.169969715915638, 41.324531833543489 ], [ 2.170046107112552, 41.324328353115369 ], [ 2.170065623930033, 41.324242336084474 ], [ 2.170112352119689, 41.324158857235219 ], [ 2.170132662866765, 41.324095013637361 ], [ 2.170152517487169, 41.32402097013437 ], [ 2.170158598245107, 41.323951376160196 ], [ 2.170170305691308, 41.323910133664867 ], [ 2.170193808262223, 41.323879127782163 ], [ 2.170198897129699, 41.323834027347011 ], [ 2.170217088627371, 41.323776158510739 ], [ 2.170227739995644, 41.32375316681641 ], [ 2.170255211606812, 41.323659829861683 ], [ 2.170270100889014, 41.323654100269557 ], [ 2.17029023282389, 41.323626934330512 ], [ 2.170268646664606, 41.323610492961024 ], [ 2.17029349684256, 41.323580622722048 ], [ 2.170276950432824, 41.323558741058513 ], [ 2.17029646236182, 41.323550306474196 ], [ 2.170320968036495, 41.323509912858533 ], [ 2.170341489159971, 41.323489739619568 ], [ 2.170332814292807, 41.323465248452493 ], [ 2.170340350353207, 41.323436334305917 ], [ 2.170349161726476, 41.32338977443824 ], [ 2.170372794809253, 41.32335787770311 ], [ 2.170372380189928, 41.3233302754007 ], [ 2.170365423060197, 41.323306012799698 ], [ 2.170383060204331, 41.323287115859856 ], [ 2.170400093530724, 41.323255531851423 ], [ 2.170417668815558, 41.323233031416542 ], [ 2.170410555619254, 41.323198462988074 ], [ 2.170423235815247, 41.323186015791542 ], [ 2.170422004057383, 41.323170081460326 ], [ 2.170431230351365, 41.323143557497701 ], [ 2.170442632333829, 41.323133911460125 ], [ 2.170448110834444, 41.323108945822888 ], [ 2.170476239022455, 41.323054238165433 ], [ 2.170486674390935, 41.323022822772252 ], [ 2.170496521275404, 41.323000122502727 ], [ 2.170503480064228, 41.322971492425978 ], [ 2.170512781774361, 41.322946554338607 ], [ 2.170517803705178, 41.322912361614421 ], [ 2.170523525040597, 41.322890856644747 ], [ 2.170537289248876, 41.32286076233202 ], [ 2.17055318967511, 41.322835583551957 ], [ 2.170564268254763, 41.322791129766671 ], [ 2.170596327399769, 41.322705320104482 ], [ 2.170595759326864, 41.32267473517485 ], [ 2.170620326534135, 41.322591753950974 ], [ 2.170650184940845, 41.322573953884771 ], [ 2.170645629523269, 41.322541205419391 ], [ 2.170648572550782, 41.322520184848415 ], [ 2.17065975446567, 41.322482649640662 ], [ 2.170684759561642, 41.322455590800864 ], [ 2.170693066723341, 41.322418611362735 ], [ 2.170680743587963, 41.322410451751111 ], [ 2.170769657910554, 41.322228192847398 ], [ 2.170781242782082, 41.322173942403133 ], [ 2.170795141497869, 41.322163377524788 ], [ 2.170799554111069, 41.322131990768142 ], [ 2.170814606046287, 41.322060614806091 ], [ 2.170836469626888, 41.322009897327057 ], [ 2.170853574170933, 41.322002814458848 ], [ 2.170850601991556, 41.321970527784316 ], [ 2.170868880997685, 41.321942429609877 ], [ 2.170883413250865, 41.321849827960193 ], [ 2.170896861977889, 41.321844592333193 ], [ 2.170913987825198, 41.321805658695091 ], [ 2.170896303190317, 41.321798181093818 ], [ 2.170932449413999, 41.321691503103757 ], [ 2.170948643771609, 41.321635556378688 ], [ 2.170962209275507, 41.321606019048353 ], [ 2.170975547848132, 41.321563274922717 ], [ 2.170980244025314, 41.321525530824097 ], [ 2.171016966486389, 41.321478955739991 ], [ 2.17102056743001, 41.321436177503209 ], [ 2.171030160028325, 41.321433508278773 ], [ 2.171039729484282, 41.321417579681857 ], [ 2.171034135369867, 41.321406442013298 ], [ 2.171082460442791, 41.321304175337133 ], [ 2.171100298290928, 41.321254293538281 ], [ 2.171113903921509, 41.321236664540422 ], [ 2.171106390931294, 41.321226089543217 ], [ 2.171120135916211, 41.321182375502381 ], [ 2.171149533174197, 41.321110382182475 ], [ 2.171147762206382, 41.321099272050454 ], [ 2.171159756252904, 41.321042862676073 ], [ 2.171191322693461, 41.321041072283037 ], [ 2.171199792583748, 41.321021388586722 ], [ 2.171179445278977, 41.320997750212697 ], [ 2.171186533248567, 41.320981515489258 ], [ 2.171172541035282, 41.320969308499208 ], [ 2.171191685774497, 41.320921886164761 ], [ 2.171207302178476, 41.320926610514107 ], [ 2.17124568594265, 41.32083940496392 ], [ 2.171254653672071, 41.320795512383434 ], [ 2.171297534907979, 41.320654149395409 ], [ 2.171307891781683, 41.320606231400284 ], [ 2.171358048092551, 41.32048005355518 ], [ 2.1713736701305, 41.320423958515079 ], [ 2.171387139635139, 41.320386872056105 ], [ 2.171408446471852, 41.320349842016711 ], [ 2.171413228186353, 41.32031946673586 ], [ 2.171428004697809, 41.320284839751459 ], [ 2.171526267828241, 41.319982891253687 ], [ 2.171542924711631, 41.319950727858291 ], [ 2.171537797371971, 41.319917831174564 ], [ 2.171564112754464, 41.319862677802618 ], [ 2.171593254813629, 41.319765461192574 ], [ 2.171612596431482, 41.319687342242339 ], [ 2.171635358221312, 41.319625966036376 ], [ 2.171660089550659, 41.319575115886458 ], [ 2.171686675241931, 41.31954388865406 ], [ 2.171678330223368, 41.319538640211789 ], [ 2.171690349876792, 41.31947920439103 ], [ 2.171708163459316, 41.3194160630959 ], [ 2.171724523124485, 41.319392256598825 ], [ 2.171747820810335, 41.319364032248522 ], [ 2.171741118149434, 41.319349860074595 ], [ 2.171738166405738, 41.319311214178164 ], [ 2.171761835837141, 41.31926872443659 ], [ 2.17182943505225, 41.319108514990155 ], [ 2.17184278178512, 41.319081083749296 ], [ 2.171851552230219, 41.319037622053813 ], [ 2.171989567417131, 41.318645594692619 ], [ 2.172043892913628, 41.318461653622983 ], [ 2.172066897122394, 41.318350845258301 ], [ 2.172113287967657, 41.318310473527539 ], [ 2.172097201819342, 41.318292874036374 ], [ 2.172130993371425, 41.318233162392666 ], [ 2.172133115777428, 41.318177798826881 ], [ 2.172154514457562, 41.318133419077682 ], [ 2.172198585604558, 41.318028022649933 ], [ 2.172270071062854, 41.317808822942872 ], [ 2.172349801888335, 41.317624415849274 ], [ 2.172409777118869, 41.317448946327602 ], [ 2.172398610632971, 41.317378027421974 ], [ 2.172373729766604, 41.317366861925123 ], [ 2.172340541089194, 41.317355363752277 ], [ 2.172303730830647, 41.317346812040753 ], [ 2.172292225784449, 41.317340153743963 ], [ 2.172287167361679, 41.317333902110519 ], [ 2.172285458553603, 41.317327314260282 ], [ 2.1722882427107, 41.317267793921673 ], [ 2.172295400202247, 41.317221456155721 ], [ 2.172305227732913, 41.317190720770419 ], [ 2.17232260098111, 41.317158508350239 ], [ 2.172347579009976, 41.317129593354522 ], [ 2.172368719124308, 41.317111279746996 ], [ 2.172410166308357, 41.31708383430184 ], [ 2.172455464685136, 41.317063622626407 ], [ 2.17248893007286, 41.317053234241108 ], [ 2.172549408381508, 41.317041959131004 ], [ 2.172610265433024, 41.317038523340422 ], [ 2.172650392258036, 41.317039892698574 ], [ 2.172689648655582, 41.317043958072091 ], [ 2.172728369110441, 41.317052613466004 ], [ 2.172753700295212, 41.317061893225429 ], [ 2.172783261648551, 41.317076788105432 ], [ 2.172808737261378, 41.317093545214739 ], [ 2.172853641211652, 41.317132870911109 ], [ 2.172885479109678, 41.317166157668019 ], [ 2.172912288078939, 41.317200309040871 ], [ 2.172926565750627, 41.31722392152323 ], [ 2.172940123129537, 41.317257257056617 ], [ 2.172945675146417, 41.317290625141609 ], [ 2.1729433378394, 41.317324296841697 ], [ 2.172937208440769, 41.317346051236001 ], [ 2.172781579814376, 41.31775784207322 ], [ 2.172724433743004, 41.317921279922771 ], [ 2.17257051346227, 41.318415052023902 ], [ 2.172160271497674, 41.319629121131456 ], [ 2.172025592914882, 41.320055743856244 ], [ 2.171837612121906, 41.320605927639704 ], [ 2.17157008172407, 41.32137073037768 ], [ 2.171325669793264, 41.322130474416703 ], [ 2.171062345491361, 41.322911249501516 ], [ 2.170821953644452, 41.323607427482152 ], [ 2.170705323262744, 41.323975718981814 ], [ 2.170629565690954, 41.32420198467085 ], [ 2.170551661526395, 41.324427874526236 ], [ 2.170361865587005, 41.32494957831738 ], [ 2.170204383320276, 41.3254293591229 ], [ 2.17002247333755, 41.326007146409538 ], [ 2.169976218764035, 41.326130397182624 ], [ 2.169925553448373, 41.326252805439125 ], [ 2.169896066026415, 41.326335372652359 ], [ 2.169889714639072, 41.326365051937493 ], [ 2.169888016214126, 41.326395305237625 ], [ 2.169893225555071, 41.326455603680706 ], [ 2.169904441062855, 41.326513423312221 ], [ 2.169920919561064, 41.326570830519515 ], [ 2.169958657116701, 41.326685589326154 ], [ 2.169978712264768, 41.326762478741564 ], [ 2.169985439500953, 41.326806754589221 ], [ 2.169985013192851, 41.326859175767026 ], [ 2.169981237910335, 41.326911843020923 ], [ 2.169982228195005, 41.326946799663361 ], [ 2.16999278195082, 41.327037942641219 ], [ 2.170006803059115, 41.327128930469279 ], [ 2.17001978246003, 41.327189014704274 ], [ 2.170043872860328, 41.32726809502627 ], [ 2.170115490160612, 41.327462725281563 ], [ 2.170191641572126, 41.327676754521811 ], [ 2.170445563601984, 41.328779494026577 ], [ 2.170771028605983, 41.330168559371238 ], [ 2.170934104557825, 41.330878812317714 ], [ 2.171094670024348, 41.331589407177681 ], [ 2.171389311469173, 41.332923301840545 ], [ 2.171637739932339, 41.334009964746905 ], [ 2.171724137109803, 41.33443502431922 ], [ 2.171751389172189, 41.334547905420237 ], [ 2.171784987265435, 41.334659841345214 ], [ 2.171915395636655, 41.335054231322133 ], [ 2.171948443256293, 41.335171928088542 ], [ 2.171944990924513, 41.335189738280249 ], [ 2.171936041640298, 41.335207508921833 ], [ 2.171909990888182, 41.335245063292881 ], [ 2.171906294698034, 41.335272690002832 ], [ 2.171910436968036, 41.33532307224089 ], [ 2.171915170739809, 41.335345625278336 ], [ 2.171938087815962, 41.33540451965932 ], [ 2.171947703687192, 41.335437916930253 ], [ 2.171955284655901, 41.335471569787344 ], [ 2.171957950773286, 41.335525274210084 ], [ 2.171983670648048, 41.335598781042513 ], [ 2.171982661958227, 41.335650117051543 ], [ 2.171985781823469, 41.335677432496574 ], [ 2.172018792422372, 41.335750901696407 ], [ 2.172034170881607, 41.335772810699844 ], [ 2.172047031866834, 41.335795332121897 ], [ 2.172049101620946, 41.335811200370507 ], [ 2.172051913998873, 41.335928859730323 ], [ 2.172068476987046, 41.335961045902692 ], [ 2.172069704545717, 41.335977358471439 ], [ 2.172064641666597, 41.335999660873334 ], [ 2.172065007629097, 41.336017948913621 ], [ 2.172070357871438, 41.336057891025533 ], [ 2.172078817934613, 41.336078759417603 ], [ 2.17210829501918, 41.336110407951637 ], [ 2.172115690114504, 41.336121000027681 ], [ 2.172119015348088, 41.33613210328275 ], [ 2.172120220615987, 41.336216242840756 ], [ 2.172123842769438, 41.33623221232979 ], [ 2.172129859503252, 41.336247838739936 ], [ 2.17214325653023, 41.336275228103929 ], [ 2.172138947152873, 41.336294653499351 ], [ 2.172126308062251, 41.336311226624026 ], [ 2.172114206021791, 41.336332577632902 ], [ 2.172112727273832, 41.336345537924515 ], [ 2.172115429920841, 41.336358618370447 ], [ 2.172130818311387, 41.336398632685196 ], [ 2.172145338415494, 41.336478904676177 ], [ 2.172146182543361, 41.33653493795309 ], [ 2.17215245630979, 41.336558582964543 ], [ 2.172162499881133, 41.336567662797385 ], [ 2.172175679003978, 41.336574513285726 ], [ 2.172190550537235, 41.336579844655475 ], [ 2.172203129877405, 41.33658687097838 ], [ 2.172199427126594, 41.336605580131135 ], [ 2.172187535545763, 41.336629184557594 ], [ 2.172194800701744, 41.336650044344651 ], [ 2.172207403762222, 41.336664637212401 ], [ 2.172210403465283, 41.336767525453553 ], [ 2.172215829359036, 41.336792065121195 ], [ 2.172233119675845, 41.33683290378228 ], [ 2.172243075491043, 41.336848918819946 ], [ 2.172267322511774, 41.336868909904283 ], [ 2.172274080061925, 41.336892108007895 ], [ 2.172294182615633, 41.336937380603345 ], [ 2.172297243827902, 41.33695046362255 ], [ 2.17229779435603, 41.336963618661187 ], [ 2.172291647061368, 41.336977175909489 ], [ 2.172272915776581, 41.336984067113953 ], [ 2.172263581827652, 41.336994448786129 ], [ 2.172258782117859, 41.337005403523918 ], [ 2.172259465825099, 41.337017478609823 ], [ 2.172266604935478, 41.337029419971962 ], [ 2.172282612304813, 41.337039443444702 ], [ 2.172311799140883, 41.337046859422209 ], [ 2.172324984990812, 41.337062627454046 ], [ 2.172329799980905, 41.337078785664644 ], [ 2.172329120144148, 41.337094724207013 ], [ 2.172324311315455, 41.337106399488846 ], [ 2.172316997495193, 41.337117696451884 ], [ 2.172296337938524, 41.337135292822502 ], [ 2.17229557622075, 41.337148258271505 ], [ 2.172298658647761, 41.337178545936382 ], [ 2.172303342733756, 41.337195603965142 ], [ 2.172311929585748, 41.337206474825436 ], [ 2.172323284385342, 41.337215834301105 ], [ 2.172348765359934, 41.337232771661505 ], [ 2.172354679836782, 41.337247046183947 ], [ 2.172345843033778, 41.337265358114976 ], [ 2.172343738979644, 41.337299391666832 ], [ 2.172333121490193, 41.337345073858557 ], [ 2.172336685825383, 41.337356178824741 ], [ 2.172380731337073, 41.337398290777593 ], [ 2.172380408876828, 41.33741432196522 ], [ 2.172364676230637, 41.33742979195587 ], [ 2.172342164972171, 41.337442600995971 ], [ 2.172341538500844, 41.337463764322131 ], [ 2.172353040911736, 41.337489788893514 ], [ 2.172361826241719, 41.337532187734048 ], [ 2.172376516272076, 41.337570755772731 ], [ 2.172394526622992, 41.337592503496936 ], [ 2.172412487247976, 41.337599298265268 ], [ 2.172435532004344, 41.337600995264133 ], [ 2.172445867015635, 41.337615391643382 ], [ 2.172451861146169, 41.337632819388425 ], [ 2.172452242040222, 41.337649936543642 ], [ 2.172437205639802, 41.337676490882501 ], [ 2.172432632160143, 41.337697896054443 ], [ 2.172438761759848, 41.337714063711786 ], [ 2.172449081967657, 41.337729630970458 ], [ 2.172465116690026, 41.337746950759495 ], [ 2.172471327975767, 41.337775549472966 ], [ 2.172485957699009, 41.337818891083948 ], [ 2.172498465280662, 41.337841049604343 ], [ 2.172513373206991, 41.33786241469889 ], [ 2.172552290567421, 41.337913136995695 ], [ 2.17255987934277, 41.337927333467881 ], [ 2.172564297180186, 41.337946551390807 ], [ 2.172562858184932, 41.337965817281535 ], [ 2.172556806216655, 41.337990724786671 ], [ 2.172548248078063, 41.338015344045239 ], [ 2.172523135262545, 41.338063714383246 ], [ 2.172520930204981, 41.338086848027494 ], [ 2.172525474726299, 41.338143268195935 ], [ 2.172531508427302, 41.338176459496793 ], [ 2.172537992047574, 41.338192989996507 ], [ 2.172548191708459, 41.338208646454376 ], [ 2.172576232684661, 41.338231096795944 ], [ 2.172586017989013, 41.338251163988872 ], [ 2.172582994653879, 41.338272850536832 ], [ 2.172573871829676, 41.338304311502128 ], [ 2.172572935905029, 41.338378257058764 ], [ 2.17257369111254, 41.338403573806254 ], [ 2.172576439336383, 41.338422509495977 ], [ 2.172583736725966, 41.338440847360346 ], [ 2.172599675899892, 41.338465732814583 ], [ 2.172652359186266, 41.338533668452968 ], [ 2.172661497059466, 41.338548236356729 ], [ 2.172667277395901, 41.338563680882203 ], [ 2.172668524339749, 41.338587920252934 ], [ 2.172664266845658, 41.338631576440029 ], [ 2.172648724553697, 41.338679204916453 ], [ 2.172646587909894, 41.338696934500938 ], [ 2.172647079242768, 41.338714773053319 ], [ 2.172649406472556, 41.338729201920934 ], [ 2.172657362996206, 41.338742680421753 ], [ 2.172677988238719, 41.338756159916869 ], [ 2.172702229252883, 41.338776691316831 ], [ 2.17270850359767, 41.33879087832878 ], [ 2.172707483549021, 41.33880537320961 ], [ 2.172695658987685, 41.338823663685389 ], [ 2.172693912783384, 41.338838873952945 ], [ 2.172695633380776, 41.338854019065472 ], [ 2.172730435944569, 41.338965512919273 ], [ 2.172752628312431, 41.339053496397838 ], [ 2.172748546703165, 41.339064366237849 ], [ 2.172741118924037, 41.339075212025371 ], [ 2.172736298447698, 41.339097245959827 ], [ 2.17274563502552, 41.339143341832823 ], [ 2.172746710869301, 41.339190549313038 ], [ 2.172759935495297, 41.339231628883653 ], [ 2.172770240695787, 41.339276740881651 ], [ 2.172773473373188, 41.33932351348416 ], [ 2.17278115401123, 41.339368246312354 ], [ 2.172791346578092, 41.33941281704282 ], [ 2.17280396934515, 41.339444794620292 ], [ 2.172818484039147, 41.339459491231295 ], [ 2.172838119453022, 41.339466207893672 ], [ 2.172850405697843, 41.339477555677888 ], [ 2.172859085090576, 41.339490588979416 ], [ 2.172865118242663, 41.339504954399551 ], [ 2.172867802926796, 41.339519475905824 ], [ 2.172872148680517, 41.339714431270501 ], [ 2.172872813147626, 41.33972803749856 ], [ 2.172875989546231, 41.339741481627875 ], [ 2.172904813829329, 41.339796544970284 ], [ 2.172913405674931, 41.339807055514314 ], [ 2.172918883494028, 41.339818084133803 ], [ 2.17291635387717, 41.339857429098195 ], [ 2.17292170991425, 41.339868636993948 ], [ 2.172932579251519, 41.339878623448548 ], [ 2.172963125028902, 41.339901542070933 ], [ 2.172970867810137, 41.339913037343315 ], [ 2.172975612649239, 41.339925321754492 ], [ 2.172979223807889, 41.339942191886763 ], [ 2.172979609401543, 41.339958948764213 ], [ 2.172974486108323, 41.339986024776422 ], [ 2.172967610077281, 41.340009935538525 ], [ 2.172973677065854, 41.340049972809538 ], [ 2.172958189341475, 41.340093278067805 ], [ 2.172956271233388, 41.340112630589388 ], [ 2.172964147219918, 41.340123045909024 ], [ 2.172976589580311, 41.340131512373816 ], [ 2.173012551085877, 41.340142039434028 ], [ 2.173018649277711, 41.340151270989288 ], [ 2.173015663723103, 41.340160527347464 ], [ 2.172997632690556, 41.340168684757892 ], [ 2.172975599913286, 41.3401719493136 ], [ 2.172968060370598, 41.34019162174252 ], [ 2.17296683324272, 41.340203593010706 ], [ 2.172970388717713, 41.340215418495426 ], [ 2.172980426120385, 41.340225038663341 ], [ 2.172992398445903, 41.340232871217793 ], [ 2.173007137693231, 41.340239282440059 ], [ 2.1730207797206, 41.340247397217119 ], [ 2.173030123882637, 41.340264578769634 ], [ 2.173031094497329, 41.34028233068392 ], [ 2.173024775716729, 41.340337771995024 ], [ 2.173025268164479, 41.34036497843595 ], [ 2.173048165271272, 41.340416215961845 ], [ 2.173056019531226, 41.340437800522153 ], [ 2.173090532082554, 41.340553435644466 ], [ 2.173087877700355, 41.340564856203351 ], [ 2.173081878210972, 41.340576162651324 ], [ 2.173077293329764, 41.340598468514706 ], [ 2.173089768587849, 41.340623238928742 ], [ 2.173092607053451, 41.340635059257195 ], [ 2.173092815184873, 41.340646950762377 ], [ 2.173082060272655, 41.340665699336249 ], [ 2.173078404237289, 41.340680715730905 ], [ 2.173081447539858, 41.340695239806209 ], [ 2.173140901698706, 41.340776104692999 ], [ 2.173153613753615, 41.340801056952451 ], [ 2.173161048044355, 41.340827502581817 ], [ 2.173167007102589, 41.340866638303751 ], [ 2.173165439355415, 41.340905539798101 ], [ 2.173150141575029, 41.34095271970093 ], [ 2.173147967269409, 41.340982879481437 ], [ 2.173148127094275, 41.341036385670357 ], [ 2.173151179425765, 41.341059647162929 ], [ 2.173173502215734, 41.341099621054269 ], [ 2.1731824446035, 41.34112968054864 ], [ 2.173188035027487, 41.34116016634011 ], [ 2.173192891894876, 41.341239197729742 ], [ 2.173197946300916, 41.341264815574945 ], [ 2.173218044171193, 41.34129171247816 ], [ 2.17324620702532, 41.341342447331435 ], [ 2.1732558096831, 41.341367557392061 ], [ 2.173262173040143, 41.341393635016082 ], [ 2.173275940890742, 41.341476873899403 ], [ 2.173281760252606, 41.341498714050637 ], [ 2.173298735954167, 41.341545675418523 ], [ 2.173309415395237, 41.341570703132902 ], [ 2.173329993632776, 41.341606881275204 ], [ 2.173338247660975, 41.341625225954473 ], [ 2.173343626601889, 41.341644090436624 ], [ 2.173359567266099, 41.341744549394527 ], [ 2.173361510458383, 41.341836620834499 ], [ 2.173375488895047, 41.341941029028611 ], [ 2.173382344065462, 41.341966029266409 ], [ 2.173392912066338, 41.34199042564034 ], [ 2.173415243286245, 41.342029769009294 ], [ 2.173434885070581, 41.342054951155674 ], [ 2.173443864224498, 41.342072670503391 ], [ 2.173448889251724, 41.342091172134268 ], [ 2.173457130322591, 41.3421767132645 ], [ 2.173459575917673, 41.342229064873301 ], [ 2.1734746556105, 41.342284209491559 ], [ 2.173480238217088, 41.342324783697549 ], [ 2.173479971501147, 41.342374233399774 ], [ 2.173474544267434, 41.342406441561224 ], [ 2.173474277691374, 41.342436975344697 ], [ 2.173481534763281, 41.342458555580464 ], [ 2.17350038225178, 41.342480399204973 ], [ 2.173518426126684, 41.342509082816392 ], [ 2.173522791074527, 41.342523075912311 ], [ 2.173524524474387, 41.34253723026162 ], [ 2.173527215924727, 41.342598501135946 ], [ 2.173538220055856, 41.342616775471662 ], [ 2.173557263420216, 41.342632585414286 ], [ 2.173590719987732, 41.342652282036148 ], [ 2.173599426131224, 41.34266324372463 ], [ 2.173605011284631, 41.342675263911389 ], [ 2.173609126987723, 41.342690065896164 ], [ 2.173610492762288, 41.342704938210467 ], [ 2.173603345531598, 41.342769201010633 ], [ 2.173603060901489, 41.342782259957815 ], [ 2.173606147683062, 41.342793361446304 ], [ 2.173614386044654, 41.342803509092263 ], [ 2.173632699928985, 41.342810846658814 ], [ 2.173642068569953, 41.342816678780245 ], [ 2.173644508880748, 41.342822190926206 ], [ 2.173603603476514, 41.342843335245988 ], [ 2.173611422952241, 41.342858253901561 ], [ 2.173609749662486, 41.342877157804075 ], [ 2.173601361950443, 41.342907182891558 ], [ 2.17362338050528, 41.342961836855331 ], [ 2.173645545740595, 41.343052161882973 ], [ 2.173680827085805, 41.343078807416461 ], [ 2.173684530817614, 41.343088382043518 ], [ 2.173681534968237, 41.343098449022492 ], [ 2.173664955533513, 41.343114633700075 ], [ 2.173636397109686, 41.343189641931602 ], [ 2.173636013466196, 41.3432010788027 ], [ 2.17364136647571, 41.343212556865055 ], [ 2.173668746432268, 41.343221310659651 ], [ 2.173678999463619, 41.343242281861095 ], [ 2.173676930064938, 41.343264155420464 ], [ 2.173656700220904, 41.343294906164559 ], [ 2.173655044011336, 41.343312459052093 ], [ 2.173656314108624, 41.343344355001967 ], [ 2.1736612767083, 41.343358352382083 ], [ 2.17367179957631, 41.343367435516768 ], [ 2.173705890556999, 41.343384254233357 ], [ 2.173709967652921, 41.343392660554528 ], [ 2.173707463512024, 41.343401650154497 ], [ 2.173693538363288, 41.343415872224952 ], [ 2.173684970798386, 41.343441212083299 ], [ 2.173684630295856, 41.343477600257621 ], [ 2.173690025333666, 41.3435141196884 ], [ 2.173697157383396, 41.343536149388292 ], [ 2.173709922547927, 41.343556958471162 ], [ 2.173740196011484, 41.343573209313639 ], [ 2.173750197601883, 41.343585711578335 ], [ 2.173762654312385, 41.343612013063783 ], [ 2.173761063019542, 41.34362443209811 ], [ 2.173743300849224, 41.343639617460376 ], [ 2.173728246551453, 41.343648607032016 ], [ 2.173729087667955, 41.343657710725381 ], [ 2.173736257357096, 41.343667310234032 ], [ 2.173751115788173, 41.343683270248128 ], [ 2.17376489407542, 41.343690124851186 ], [ 2.173771207816544, 41.343701249500882 ], [ 2.173761683021671, 41.343717214609761 ], [ 2.173758222723572, 41.343735655303263 ], [ 2.173761335726524, 41.343754143188633 ], [ 2.173774606336655, 41.34377279407358 ], [ 2.173783953463735, 41.343789795425742 ], [ 2.173785530597366, 41.343929784516547 ], [ 2.17378632846053, 41.343942310778303 ], [ 2.173790116475259, 41.343954678355026 ], [ 2.173799517141944, 41.34396744652804 ], [ 2.173812769616791, 41.343978080533226 ], [ 2.173848243900615, 41.343998962547403 ], [ 2.17385901958795, 41.344006966569729 ], [ 2.173868585327595, 41.344016132890737 ], [ 2.173877246159462, 41.344030697262141 ], [ 2.173878013304003, 41.344045655348673 ], [ 2.173866695755998, 41.344061607596302 ], [ 2.173844177927833, 41.344074777167464 ], [ 2.173835344001198, 41.344092818983768 ], [ 2.17384005969378, 41.344107445112591 ], [ 2.173855198220088, 41.344139080308736 ], [ 2.173885029147237, 41.34419036741361 ], [ 2.173888554188835, 41.344242456517385 ], [ 2.173914441187029, 41.344284257346729 ], [ 2.173919680494769, 41.344304742155927 ], [ 2.173908353760613, 41.344349788816935 ], [ 2.173920234738686, 41.344364916753385 ], [ 2.173960241771859, 41.344367635961085 ], [ 2.17397375956549, 41.344376200108712 ], [ 2.173984375974298, 41.344387355627909 ], [ 2.17398961531458, 41.344398382477344 ], [ 2.173991030150786, 41.344409381876829 ], [ 2.173974887528768, 41.344447728370866 ], [ 2.173983718036602, 41.344467788573496 ], [ 2.173940659276015, 41.344489007625427 ], [ 2.173927973485877, 41.344509183618186 ], [ 2.173929030904128, 41.344520090376925 ], [ 2.173937515391645, 41.344529699309334 ], [ 2.173989164520982, 41.344547544725565 ], [ 2.173994789738775, 41.344565870481766 ], [ 2.173995734472846, 41.344614067801189 ], [ 2.173979695395646, 41.344625302230078 ], [ 2.173959123803127, 41.34463578351793 ], [ 2.173953665864123, 41.34467042351509 ], [ 2.173956837017429, 41.344684317945429 ], [ 2.173977369912943, 41.344695814868729 ], [ 2.17400103983585, 41.344704992333597 ], [ 2.174007480058523, 41.344715577421866 ], [ 2.174007583638255, 41.344726297182085 ], [ 2.17400469361651, 41.344737445835399 ], [ 2.173999174232351, 41.344748575616961 ], [ 2.173981171635754, 41.344763849362678 ], [ 2.173981127237162, 41.344776819954973 ], [ 2.173982127733428, 41.344830061916106 ], [ 2.173986344949363, 41.344855763779101 ], [ 2.173994152221694, 41.344881131105858 ], [ 2.17401663046126, 41.344918403654084 ], [ 2.174017376017953, 41.344935073022171 ], [ 2.1740148912066, 41.344951989432737 ], [ 2.174007600678724, 41.344970853018502 ], [ 2.174025215184177, 41.344976834365134 ], [ 2.174045860866605, 41.344979414584351 ], [ 2.174060746977684, 41.344983754980341 ], [ 2.174072005471992, 41.344991402143684 ], [ 2.174071985000033, 41.345011939271714 ], [ 2.174067624364475, 41.345044875707543 ], [ 2.174070456436218, 41.345161273921761 ], [ 2.174087916207783, 41.345179504452247 ], [ 2.174122520447788, 41.345193624452932 ], [ 2.174133605976924, 41.345205503929748 ], [ 2.174140012126245, 41.34521879103827 ], [ 2.174145893582729, 41.345254683397904 ], [ 2.174146647177097, 41.345289638201898 ], [ 2.174152300988849, 41.345324628169585 ], [ 2.174160199542185, 41.345399537807332 ], [ 2.174181449937401, 41.345467787571415 ], [ 2.174182198954274, 41.345484186734545 ], [ 2.174179720990647, 41.345500562741691 ], [ 2.174162680156426, 41.345562682809664 ], [ 2.17417569966471, 41.345572864720431 ], [ 2.174198050657562, 41.345572935028152 ], [ 2.174208923402238, 41.34558274122783 ], [ 2.174212981349462, 41.345592678678941 ], [ 2.174203490519466, 41.345605941789842 ], [ 2.174200674486509, 41.345620694007629 ], [ 2.174201918652005, 41.345635745586804 ], [ 2.174217664363604, 41.3456572065244 ], [ 2.174218701361545, 41.345669734495594 ], [ 2.174200655288487, 41.345678972885111 ], [ 2.174192164972213, 41.345688730219564 ], [ 2.174197950827618, 41.345703814388024 ], [ 2.17420711050807, 41.345716760946921 ], [ 2.174201948489423, 41.3457279833763 ], [ 2.17418197303506, 41.345738559054723 ], [ 2.174173948262377, 41.345749310561622 ], [ 2.174169621725298, 41.345760629060464 ], [ 2.174169436218368, 41.345775310077499 ], [ 2.174175589735433, 41.34578967627909 ], [ 2.174199476380636, 41.345810114726902 ], [ 2.174210712297475, 41.345829021183306 ], [ 2.174211643434127, 41.345840467485537 ], [ 2.17420934984895, 41.345851710497314 ], [ 2.174197658711289, 41.345868831076189 ], [ 2.174204618145647, 41.345885635104324 ], [ 2.174243890864175, 41.345908706065998 ], [ 2.174248290322235, 41.345919997102094 ], [ 2.174255484769461, 41.346088490380176 ], [ 2.174262125578352, 41.346121055374489 ], [ 2.174274272233467, 41.346153029342226 ], [ 2.174295849564209, 41.346195429682844 ], [ 2.17430747834578, 41.346230552582334 ], [ 2.17430736577044, 41.346258385181052 ], [ 2.174302677287874, 41.346279429267874 ], [ 2.174301897624891, 41.346293835793759 ], [ 2.174304107081635, 41.346308173689856 ], [ 2.174323708367866, 41.34633668818168 ], [ 2.174328766951497, 41.346352577805966 ], [ 2.174330837552545, 41.346368445992908 ], [ 2.174325275979478, 41.346382908286799 ], [ 2.174335596836523, 41.346398565437482 ], [ 2.17436237838988, 41.346416952876993 ], [ 2.174365982273584, 41.346434453426596 ], [ 2.17436710824863, 41.346477787938248 ], [ 2.17437358634477, 41.346504316681916 ], [ 2.174385105941099, 41.346538628106913 ], [ 2.174386981896151, 41.346550981941974 ], [ 2.174386467456726, 41.34656331862837 ], [ 2.174379728934413, 41.34658578922221 ], [ 2.17437839150839, 41.346597039095428 ], [ 2.174379801900356, 41.346608398757326 ], [ 2.174387042596225, 41.346621871987836 ], [ 2.174398121585087, 41.34663429184446 ], [ 2.174420025690392, 41.34665084276488 ], [ 2.174442761838089, 41.346658301999746 ], [ 2.174450625182171, 41.346669798026404 ], [ 2.174443237814651, 41.346686859424572 ], [ 2.174446421967057, 41.34674705286168 ], [ 2.17446184137683, 41.346775447253904 ], [ 2.174462317301848, 41.346794546724979 ], [ 2.174448151576065, 41.346837231085559 ], [ 2.174449110071504, 41.346846515762493 ], [ 2.174456651285189, 41.346855127053971 ], [ 2.174472114972439, 41.346861092902799 ], [ 2.174488106801905, 41.346863099205407 ], [ 2.174513458759216, 41.346862200145793 ], [ 2.174538625213974, 41.346866524142989 ], [ 2.174545583629026, 41.3468739602638 ], [ 2.17454596273872, 41.346881799572373 ], [ 2.174536232743617, 41.346895060992104 ], [ 2.174520067983265, 41.346906744968166 ], [ 2.174519635611141, 41.3469315126951 ], [ 2.17451648719193, 41.346944190791163 ], [ 2.174510952912469, 41.346956491470642 ], [ 2.174494196218175, 41.346967720818334 ], [ 2.174487017087416, 41.346977757804538 ], [ 2.174485933501789, 41.346987838514515 ], [ 2.174505703572752, 41.347021938879053 ], [ 2.174511738893963, 41.347036214136473 ], [ 2.174513742570122, 41.347076312211591 ], [ 2.174517875805186, 41.347089763143472 ], [ 2.1745381204529, 41.347105221228638 ], [ 2.174551873446971, 41.347123605247972 ], [ 2.174552884362764, 41.347138204768036 ], [ 2.174590573388957, 41.34715423834183 ], [ 2.174604464049832, 41.347161724178143 ], [ 2.174617502142545, 41.347170464958467 ], [ 2.174622874976592, 41.347180411823139 ], [ 2.174620712307286, 41.34719075502214 ], [ 2.174603551506526, 41.347205584516381 ], [ 2.174591968446528, 41.347233064615708 ], [ 2.174586131486974, 41.347259865320474 ], [ 2.174582856869687, 41.347291998871029 ], [ 2.174574038697636, 41.347318237738349 ], [ 2.17457309974163, 41.347335795771755 ], [ 2.174574790251611, 41.347353372664593 ], [ 2.174585071732106, 41.347400556014591 ], [ 2.174588801088088, 41.347436522979422 ], [ 2.174596846714302, 41.34745252408873 ], [ 2.174610772782272, 41.347466675782094 ], [ 2.174650189996119, 41.347487856047195 ], [ 2.17466441777426, 41.347506513684309 ], [ 2.174667921609658, 41.34752248221659 ], [ 2.174666646859678, 41.347538236327424 ], [ 2.174655841267031, 41.34757040594512 ], [ 2.174650532522632, 41.347602705059295 ], [ 2.174650839985864, 41.347616218623664 ], [ 2.174655570890133, 41.347629673835797 ], [ 2.174673042849196, 41.347647003601686 ], [ 2.174695697476373, 41.347660947653893 ], [ 2.174701052162719, 41.347672335595675 ], [ 2.174706231781828, 41.347707051895235 ], [ 2.174704153461444, 41.34772964599869 ], [ 2.174680652365011, 41.347763796316045 ], [ 2.17467200146099, 41.347786253207772 ], [ 2.174666097282947, 41.347808909948618 ], [ 2.17466381175017, 41.347828980444532 ], [ 2.174671328166954, 41.347849031160067 ], [ 2.17468233794046, 41.347857487158997 ], [ 2.174695652760783, 41.347863257415355 ], [ 2.174712346051438, 41.347866529777555 ], [ 2.1747282983256, 41.347871688413697 ], [ 2.174739286597549, 41.347891313642855 ], [ 2.174738969171294, 41.347906984542696 ], [ 2.174752122798703, 41.347953918242567 ], [ 2.17475717146913, 41.347980076405534 ], [ 2.174756722610664, 41.348053484901058 ], [ 2.174742440485019, 41.348076982325097 ], [ 2.174737423006619, 41.348095682095156 ], [ 2.174735033885161, 41.348114490788618 ], [ 2.174735925330975, 41.348129089448008 ], [ 2.174741837866154, 41.348143634037633 ], [ 2.174776171781571, 41.348160364095655 ], [ 2.17481596790551, 41.348227305485345 ], [ 2.174820522499179, 41.348245263211254 ], [ 2.174813099679748, 41.348255658770995 ], [ 2.174802931243531, 41.348265764415899 ], [ 2.174788200565577, 41.348286916659724 ], [ 2.174787727230103, 41.348305468863721 ], [ 2.174797415623008, 41.348323913780874 ], [ 2.174824474881824, 41.348358246502087 ], [ 2.174855560538984, 41.348405038534949 ], [ 2.174892880780233, 41.348450343971777 ], [ 2.174904606805022, 41.348468353110043 ], [ 2.174905694126252, 41.348486376048868 ], [ 2.174877665868203, 41.348528780909874 ], [ 2.174869825319001, 41.348543857414882 ], [ 2.17486741699855, 41.348573655209222 ], [ 2.174868711629807, 41.348603659704459 ], [ 2.174859379578312, 41.348689525025456 ], [ 2.174857796765288, 41.34873914539439 ], [ 2.17486099376565, 41.348788890109546 ], [ 2.174867607721733, 41.348814158730015 ], [ 2.174883212133901, 41.348837420068108 ], [ 2.17493302567743, 41.348877860897964 ], [ 2.174944176910675, 41.348894064396013 ], [ 2.174935525694116, 41.348897605401802 ], [ 2.174918627317264, 41.348901087279884 ], [ 2.174907093994117, 41.348915146478475 ], [ 2.174901036030594, 41.348931046446189 ], [ 2.174900597972658, 41.348946806554601 ], [ 2.174934786639748, 41.349050818883882 ], [ 2.174949308963881, 41.349102986756407 ], [ 2.174961366527525, 41.34913261803014 ], [ 2.174975821415085, 41.349161726034524 ], [ 2.175014750964751, 41.349231093177366 ], [ 2.17502085495139, 41.349249422302321 ], [ 2.175021516519356, 41.349263298703313 ], [ 2.175014573518951, 41.349320897382555 ], [ 2.175011125154886, 41.349376269220038 ], [ 2.175011944302759, 41.349425006047205 ], [ 2.175015233280311, 41.349448539382792 ], [ 2.175024026099757, 41.349471661794226 ], [ 2.17503603118602, 41.349486520267334 ], [ 2.175051648183517, 41.349499332889302 ], [ 2.175081558180863, 41.349516211293434 ], [ 2.175092297544863, 41.349536645381285 ], [ 2.175087952713355, 41.349549404987215 ], [ 2.175079424495926, 41.34956213460633 ], [ 2.175065889857116, 41.349573747429659 ], [ 2.175062468247293, 41.349589125847615 ], [ 2.175063348411017, 41.349604625177115 ], [ 2.175069494654342, 41.349629079748858 ], [ 2.175101649839609, 41.349666961879095 ], [ 2.175120597145419, 41.349718981291232 ], [ 2.175124337979624, 41.349735131654192 ], [ 2.17511443514692, 41.349780999279233 ], [ 2.17511205758054, 41.349808365249196 ], [ 2.175120120671983, 41.349823015306086 ], [ 2.175130559352994, 41.349829395425658 ], [ 2.175142491464078, 41.349831102312258 ], [ 2.175200179046195, 41.349825480702101 ], [ 2.175207880011168, 41.349830940436462 ], [ 2.175209337217271, 41.349838607314346 ] ] ], [ [ [ 2.148236198825467, 41.3762322292121 ], [ 2.142302839482695, 41.380717532614618 ], [ 2.142641927136331, 41.385617130484043 ], [ 2.140707132570586, 41.384171371891789 ], [ 2.13905716793238, 41.383216366696658 ], [ 2.137612931320608, 41.382571008691585 ], [ 2.134807694689544, 41.381532227705158 ], [ 2.131667452528612, 41.380601066638519 ], [ 2.130837212916002, 41.380270762231703 ], [ 2.127582181153936, 41.378561436559188 ], [ 2.125049015620694, 41.377077293137226 ], [ 2.122703165949952, 41.375673761188679 ], [ 2.121786936825706, 41.375694665863108 ], [ 2.12184058788992, 41.375576196680498 ], [ 2.122081440353584, 41.375414660725475 ], [ 2.122347654382326, 41.375286451841625 ], [ 2.123240792262609, 41.374850369972727 ], [ 2.123600112448508, 41.374513475221164 ], [ 2.123692517744027, 41.374420561147367 ], [ 2.123760804604318, 41.374341267360499 ], [ 2.123824107927528, 41.37425398555137 ], [ 2.123904426371888, 41.374112600795677 ], [ 2.124218102189803, 41.373592076062195 ], [ 2.124227816545545, 41.373578013597879 ], [ 2.124243659896965, 41.37356025605547 ], [ 2.124266961388245, 41.373540361940094 ], [ 2.124298441392034, 41.373520967825321 ], [ 2.12486844001903, 41.373217522694389 ], [ 2.125454212785217, 41.372888912292858 ], [ 2.125700332765483, 41.372719792821272 ], [ 2.12600776149386, 41.372502521299651 ], [ 2.126448725884042, 41.372215208723105 ], [ 2.127300640307848, 41.371626072983695 ], [ 2.1274129599683, 41.371570918692512 ], [ 2.127948941164685, 41.371275893328935 ], [ 2.128136107761994, 41.371180993250945 ], [ 2.128516035559658, 41.371046284021105 ], [ 2.128872196120021, 41.370917770032754 ], [ 2.129230116541343, 41.370726135420171 ], [ 2.129437293914837, 41.370549181067503 ], [ 2.12990374770975, 41.370155562767998 ], [ 2.130088667465142, 41.370011203790661 ], [ 2.130166355341695, 41.369954121283364 ], [ 2.130241329390141, 41.369894927563976 ], [ 2.13031745799145, 41.369829298536928 ], [ 2.13041521087359, 41.36973469082465 ], [ 2.130515212106328, 41.369627101255176 ], [ 2.130581225488785, 41.369551771977548 ], [ 2.130646377137849, 41.369472809720492 ], [ 2.130748646752763, 41.3693300311621 ], [ 2.130865483053546, 41.369174158397222 ], [ 2.131040652933452, 41.368926542091593 ], [ 2.131151254548385, 41.368761054146297 ], [ 2.131256150632703, 41.36859567434135 ], [ 2.131428090657751, 41.368315393351942 ], [ 2.131630762992199, 41.367972197627587 ], [ 2.13189493024669, 41.367254246897012 ], [ 2.132030514586363, 41.366777987646444 ], [ 2.132885416559823, 41.365538415475918 ], [ 2.132867962901307, 41.365360975173807 ], [ 2.133553867656696, 41.363947374865134 ], [ 2.133656276508595, 41.363614568022705 ], [ 2.134093199055735, 41.363285386593155 ], [ 2.135430057372752, 41.3622565088545 ], [ 2.134992234386233, 41.361514018547609 ], [ 2.134867328572369, 41.361343335200921 ], [ 2.13477905914556, 41.361242705888159 ], [ 2.134684320906353, 41.361148924037344 ], [ 2.134561508914536, 41.36104212225883 ], [ 2.132966582003969, 41.35985283811948 ], [ 2.133309796363729, 41.359380647679195 ], [ 2.132852384208025, 41.359191531158451 ], [ 2.133365137315005, 41.358484475233944 ], [ 2.133215997998354, 41.358426561227517 ], [ 2.133212520791465, 41.358023040293951 ], [ 2.133193557542097, 41.357416568982302 ], [ 2.133103315083852, 41.356876185892297 ], [ 2.13297006946326, 41.356496826380969 ], [ 2.133187915357863, 41.356177436697045 ], [ 2.132069555586899, 41.355743519701463 ], [ 2.133053590167292, 41.354303257344633 ], [ 2.133899830052537, 41.353059609987859 ], [ 2.133770961017788, 41.353005059518445 ], [ 2.135042160616613, 41.351301051855067 ], [ 2.135175368234887, 41.351135103336119 ], [ 2.135299409915874, 41.350991756002806 ], [ 2.137422079749519, 41.34877355008669 ], [ 2.137074418916511, 41.348652488025714 ], [ 2.136786135311887, 41.34836475304121 ], [ 2.135663998066641, 41.34797848420456 ], [ 2.134796220696325, 41.347684415099934 ], [ 2.132119033833412, 41.346768580868996 ], [ 2.131222216174062, 41.346447729539058 ], [ 2.128742422298819, 41.345523047124423 ], [ 2.128091937742857, 41.345298047959396 ], [ 2.11120201305412, 41.339699525796192 ], [ 2.108039084060757, 41.338607765259894 ], [ 2.101368500546172, 41.336334096352488 ], [ 2.100526521183666, 41.336042049294257 ], [ 2.10224969817905, 41.335350675123017 ], [ 2.102769221215933, 41.335101378679887 ], [ 2.103134655902771, 41.334904121143431 ], [ 2.104128390590984, 41.334335403288215 ], [ 2.104788781397805, 41.333931146911347 ], [ 2.10538935601088, 41.333494296242087 ], [ 2.105829656351832, 41.333161757038773 ], [ 2.106571552848245, 41.332580962525626 ], [ 2.107653708463086, 41.331744999571917 ], [ 2.108378506926095, 41.331103344144843 ], [ 2.108748830633112, 41.33072957950764 ], [ 2.10911822523868, 41.330245112309008 ], [ 2.110131003180463, 41.328929601358915 ], [ 2.11137894094963, 41.32724754353189 ], [ 2.112302443255818, 41.326116689502442 ], [ 2.113109817325703, 41.325596037494684 ], [ 2.114038746488571, 41.324880955308693 ], [ 2.11565267370311, 41.323889877788929 ], [ 2.11704334700875, 41.323320964001674 ], [ 2.118900787205853, 41.322734024424946 ], [ 2.12174501368791, 41.322066190930876 ], [ 2.123135350710158, 41.321806622340802 ], [ 2.125798048948095, 41.321352929149164 ], [ 2.128518992188577, 41.320961379469615 ], [ 2.130711819400995, 41.32077179342479 ], [ 2.132116767233219, 41.320808698161947 ], [ 2.132582092454924, 41.320846380831554 ], [ 2.139768768919607, 41.32111535951686 ], [ 2.141267911407719, 41.321090308627063 ], [ 2.143742707750006, 41.320944133299363 ], [ 2.14574152771242, 41.320750923887324 ], [ 2.1466176272672, 41.320779843859363 ], [ 2.146729146338716, 41.320760204478063 ], [ 2.146859508571668, 41.320754252101509 ], [ 2.147711620027255, 41.320757678164945 ], [ 2.149519866441812, 41.320740561391013 ], [ 2.149620002838367, 41.320743606325962 ], [ 2.149728407431565, 41.320757594344499 ], [ 2.149857305664409, 41.320682878998532 ], [ 2.150695683232795, 41.321529522280748 ], [ 2.150815766804019, 41.321674096747003 ], [ 2.15092610581154, 41.321848577411444 ], [ 2.151726927149106, 41.323153669681723 ], [ 2.152265205198177, 41.322964218214821 ], [ 2.152288259765706, 41.322987030434348 ], [ 2.152350999130059, 41.323075812066349 ], [ 2.15237218625851, 41.323190914134685 ], [ 2.152464227813972, 41.323367033038068 ], [ 2.152608633052546, 41.323629587036599 ], [ 2.152693315050332, 41.323864759451595 ], [ 2.152711111220513, 41.323976963055166 ], [ 2.152776446025921, 41.324108099282086 ], [ 2.152850358709381, 41.324305792726619 ], [ 2.152896763334456, 41.324400299747623 ], [ 2.152956755393096, 41.32464694605779 ], [ 2.153004445716745, 41.324798138321846 ], [ 2.153049013727859, 41.324953315969147 ], [ 2.153048408650246, 41.32502126486029 ], [ 2.153094595796735, 41.325164924670119 ], [ 2.153129646232876, 41.325327985955155 ], [ 2.153173574943888, 41.325419997542504 ], [ 2.153180949081345, 41.325486329723482 ], [ 2.153217527007029, 41.325562821157817 ], [ 2.153273544017613, 41.325656110643408 ], [ 2.153292810823189, 41.325755435069368 ], [ 2.153332218660547, 41.325857952224133 ], [ 2.153343413538605, 41.325909765222747 ], [ 2.15336941263212, 41.32596903732145 ], [ 2.153376931022285, 41.326041783956335 ], [ 2.153398563252921, 41.326114400210471 ], [ 2.153412612549265, 41.326170026395921 ], [ 2.153455727025908, 41.326275164955206 ], [ 2.153489783376759, 41.326322191905525 ], [ 2.15350652818826, 41.326385602453641 ], [ 2.153535657117152, 41.326444969590725 ], [ 2.153549042217206, 41.326495609669664 ], [ 2.153614393462999, 41.326577780186867 ], [ 2.153636809053392, 41.326646222625371 ], [ 2.153689196344735, 41.326840055042013 ], [ 2.153721660375038, 41.326947376083325 ], [ 2.153825919746486, 41.327317697378255 ], [ 2.15387731311725, 41.327472060096873 ], [ 2.153879547382257, 41.327503486015239 ], [ 2.153824779579749, 41.327521260704536 ], [ 2.153870197582047, 41.327594403021962 ], [ 2.153923326220473, 41.327575868630987 ], [ 2.153962680010598, 41.327665170999914 ], [ 2.153996929281657, 41.327679816896989 ], [ 2.154080037025077, 41.327658701430501 ], [ 2.154166698251449, 41.327618759117087 ], [ 2.154220649625126, 41.327556931113413 ], [ 2.154231926820673, 41.327518371390568 ], [ 2.154248918157625, 41.327503660736916 ], [ 2.1542249543551, 41.327470778052202 ], [ 2.15404167402722, 41.327319121272303 ], [ 2.154039870166867, 41.32726919691315 ], [ 2.154040066880749, 41.327253065750938 ], [ 2.154055656683186, 41.327239542834128 ], [ 2.154187379267462, 41.327216208424737 ], [ 2.154213018537756, 41.327213775631016 ], [ 2.154261902718692, 41.32721849453177 ], [ 2.15433925339779, 41.327271054753957 ], [ 2.154426071465703, 41.327354787715592 ], [ 2.15449508559983, 41.327466196275388 ], [ 2.154494830634268, 41.327556162289156 ], [ 2.154481063114884, 41.327615439232858 ], [ 2.154394659148638, 41.327747324221001 ], [ 2.154282589679589, 41.327812472422849 ], [ 2.154262408748302, 41.327835419609279 ], [ 2.154266041979981, 41.327853857835848 ], [ 2.154299515083562, 41.3278601569043 ], [ 2.154783284959226, 41.32784158793902 ], [ 2.156976763475134, 41.327825464184009 ], [ 2.158845218511692, 41.327834793172059 ], [ 2.158869707712727, 41.327788925302883 ], [ 2.158925523258719, 41.327767642903964 ], [ 2.158971086132385, 41.327763075722643 ], [ 2.158904990515532, 41.327572784596946 ], [ 2.158828768636579, 41.327545492995363 ], [ 2.158793215404017, 41.327477928366235 ], [ 2.158736028637933, 41.327338288927386 ], [ 2.158722511985339, 41.327280829735564 ], [ 2.158755539707172, 41.327225151968868 ], [ 2.158776972977019, 41.327193890119602 ], [ 2.158816794159247, 41.327160024348309 ], [ 2.158898603292775, 41.327139364299164 ], [ 2.159027641149712, 41.327140667532852 ], [ 2.159090666677123, 41.327153378367903 ], [ 2.159148826885336, 41.327180177539965 ], [ 2.159202411346083, 41.327220850989349 ], [ 2.159247400300373, 41.327299005299523 ], [ 2.159308950330803, 41.327419075822348 ], [ 2.159464519214913, 41.327825554013629 ], [ 2.159532742270951, 41.327962030940306 ], [ 2.159631894467356, 41.328093617344685 ], [ 2.159732046948627, 41.328237596411967 ], [ 2.159809988227407, 41.328511564031196 ], [ 2.159997258503867, 41.328995810254391 ], [ 2.160071264087721, 41.329166053486063 ], [ 2.160287834649278, 41.329685102185103 ], [ 2.160647382052918, 41.330519531287472 ], [ 2.160864350788183, 41.331008244127489 ], [ 2.161099183085972, 41.331586793357481 ], [ 2.161164329337939, 41.331726129248288 ], [ 2.16132051737788, 41.332048730487493 ], [ 2.161386229963248, 41.332239954104203 ], [ 2.161573068837796, 41.332684993319859 ], [ 2.161670903717675, 41.33287731548797 ], [ 2.161712108400726, 41.332974321121071 ], [ 2.16203960130435, 41.333715688783869 ], [ 2.162195096448856, 41.334079070068945 ], [ 2.162265245334659, 41.334215415154205 ], [ 2.162309225677467, 41.334349624088958 ], [ 2.162408411349273, 41.334532947827924 ], [ 2.162450589540114, 41.334651146108548 ], [ 2.162492638635, 41.334727187915355 ], [ 2.162575949795481, 41.334888489524971 ], [ 2.162660263049782, 41.335091953876265 ], [ 2.162747075357975, 41.335293490700813 ], [ 2.162938850618545, 41.335720259998737 ], [ 2.163240597515869, 41.336318324160203 ], [ 2.163337937442066, 41.336502489349677 ], [ 2.16344919169449, 41.336800404308462 ], [ 2.163565980382214, 41.337046944069662 ], [ 2.163631205575039, 41.33717532580674 ], [ 2.163599473446302, 41.337233347256721 ], [ 2.163639123624651, 41.337318703042129 ], [ 2.163686281223729, 41.337333845193363 ], [ 2.163728155109732, 41.33735562355313 ], [ 2.163746091002322, 41.337368013203189 ], [ 2.163749465520048, 41.337379828652189 ], [ 2.163751061595709, 41.337396134971421 ], [ 2.163758203529844, 41.337408671378597 ], [ 2.163755182572473, 41.337414062986944 ], [ 2.163745670900168, 41.337415804398709 ], [ 2.163737334199456, 41.337412582160177 ], [ 2.163724519907352, 41.337430522233731 ], [ 2.163731800659034, 41.337435943658768 ], [ 2.16373136406849, 41.337441110840338 ], [ 2.163712471827357, 41.337451161141431 ], [ 2.163688247873479, 41.337449174592201 ], [ 2.163683635219861, 41.337461274290902 ], [ 2.163709284920966, 41.337510633084371 ], [ 2.163729821107595, 41.337535571182642 ], [ 2.163780239952336, 41.337667637431224 ], [ 2.163798934238224, 41.337686148733148 ], [ 2.163795310030486, 41.33770132720403 ], [ 2.163851127756386, 41.337810301167472 ], [ 2.163854772120214, 41.337811300463784 ], [ 2.16385735289665, 41.337837522277709 ], [ 2.163877794124458, 41.337865224987119 ], [ 2.163891637418771, 41.337892051061857 ], [ 2.163893138309305, 41.337911131022359 ], [ 2.163913830196725, 41.33797156910844 ], [ 2.163936482797505, 41.338005791347896 ], [ 2.163945629387453, 41.338007371067292 ], [ 2.164474487639067, 41.337930314591063 ], [ 2.164807492902553, 41.337875020077085 ], [ 2.164833229486907, 41.337875558138947 ], [ 2.164861288572542, 41.337883274078287 ], [ 2.164880514920724, 41.3378938443756 ], [ 2.164887834179353, 41.337910296695298 ], [ 2.165099712625284, 41.337876392698313 ], [ 2.165023489174623, 41.337613214562708 ], [ 2.165178430104261, 41.337587730156216 ], [ 2.165388662412282, 41.338313635907369 ], [ 2.16523515699326, 41.338338887797612 ], [ 2.165154614058474, 41.338073210358786 ], [ 2.164941254254385, 41.338112163266295 ], [ 2.164945286222117, 41.338131006663325 ], [ 2.164940570281867, 41.338139043241313 ], [ 2.164905390160154, 41.338164837910746 ], [ 2.164887383151802, 41.338173885977305 ], [ 2.164867994524192, 41.338180690134436 ], [ 2.164665639666962, 41.338219323349172 ], [ 2.164600784401726, 41.33823477800842 ], [ 2.16444866356291, 41.338258291428488 ], [ 2.164326781055002, 41.338279853387867 ], [ 2.164248019098583, 41.338296783195865 ], [ 2.164103754226927, 41.338313435382922 ], [ 2.164075222993952, 41.338322073602512 ], [ 2.164181229946962, 41.3385448083989 ], [ 2.164268397385624, 41.338745454805334 ], [ 2.164613172673937, 41.339499676758017 ], [ 2.16481215627106, 41.339952544929901 ], [ 2.164936637783916, 41.340245149742671 ], [ 2.164948466876416, 41.340252892016871 ], [ 2.164959590028912, 41.340256017286116 ], [ 2.164970482910647, 41.340258456307346 ], [ 2.164981683580883, 41.340257384604001 ], [ 2.165082245953837, 41.340229478188796 ], [ 2.165076056737482, 41.340215202210267 ], [ 2.16511930322066, 41.340204553715026 ], [ 2.165147212270778, 41.340268924381022 ], [ 2.165600515950373, 41.340157294858713 ], [ 2.165729358151688, 41.340613291919269 ], [ 2.165634740217524, 41.340628756585929 ], [ 2.165528491023479, 41.340253018655829 ], [ 2.165178214525067, 41.340340220887477 ], [ 2.165288346202392, 41.340591475500766 ], [ 2.165245217847076, 41.340602214990952 ], [ 2.165225545590402, 41.340557331647524 ], [ 2.165198648806221, 41.340564171472103 ], [ 2.165186300480946, 41.34057274719413 ], [ 2.165166811547159, 41.340578929146687 ], [ 2.165160713802747, 41.34058284824966 ], [ 2.165152116549548, 41.340582209400033 ], [ 2.165146506960824, 41.340585339376233 ], [ 2.16514239993374, 41.340590606041012 ], [ 2.165143563426784, 41.340598703288748 ], [ 2.165134716291635, 41.340602656491392 ], [ 2.165129268465654, 41.340608093580869 ], [ 2.16512689359502, 41.340615300432823 ], [ 2.165127321679873, 41.340621086405157 ], [ 2.165121834254713, 41.340631495391627 ], [ 2.165125241901926, 41.340645427816405 ], [ 2.165116459920574, 41.340657380221984 ], [ 2.165114377504215, 41.34067256991171 ], [ 2.1651209628068, 41.340695983348127 ], [ 2.16512493665853, 41.340699272919821 ], [ 2.165130109283176, 41.34071912712087 ], [ 2.165135946988897, 41.340724339820085 ], [ 2.165140438809984, 41.34073199281773 ], [ 2.165149986796942, 41.340755517819751 ], [ 2.165157557325122, 41.340765427029758 ], [ 2.165176687724831, 41.340800425136848 ], [ 2.165178401561593, 41.340815966637592 ], [ 2.165196759744182, 41.340853409201458 ], [ 2.165202910777767, 41.340872459813575 ], [ 2.165209548650386, 41.340886145438695 ], [ 2.165226142707364, 41.340906370722756 ], [ 2.165230911481462, 41.340914800377433 ], [ 2.165237516468628, 41.340931061930313 ], [ 2.165247980993684, 41.340980157084466 ], [ 2.165263652841773, 41.341016445197099 ], [ 2.165273816989376, 41.341027291983998 ], [ 2.165279938732962, 41.341038343647838 ], [ 2.165287070652671, 41.341062013250301 ], [ 2.165298508240949, 41.341076093984768 ], [ 2.165320406566659, 41.341135828941432 ], [ 2.165326624684862, 41.341141206526125 ], [ 2.165343052103826, 41.341150153093864 ], [ 2.165348911926477, 41.341155510063679 ], [ 2.165359481714712, 41.341170160983459 ], [ 2.16537004377992, 41.341176056478432 ], [ 2.165381313741193, 41.341178930559245 ], [ 2.165390273054205, 41.341179301790106 ], [ 2.165422558366529, 41.341178148750778 ], [ 2.165435027403237, 41.341173230957331 ], [ 2.165465440312541, 41.341172694858642 ], [ 2.165517406161265, 41.341163469588018 ], [ 2.165551270423849, 41.34115472556369 ], [ 2.165568313885415, 41.341152867469837 ], [ 2.165595117171049, 41.341146720465773 ], [ 2.165627002788969, 41.341146915608192 ], [ 2.165644973362882, 41.341145460557975 ], [ 2.165676962223888, 41.34113569405136 ], [ 2.165744677979294, 41.341130438099952 ], [ 2.165784458144582, 41.341122655663668 ], [ 2.165823311424349, 41.341110704993255 ], [ 2.165849421629361, 41.341104543898638 ], [ 2.165866229958776, 41.341102377798627 ], [ 2.165905863451439, 41.341102340776295 ], [ 2.16594784094912, 41.341092826737977 ], [ 2.165967666430531, 41.341086502971507 ], [ 2.165990490445904, 41.341083101372199 ], [ 2.166021772281637, 41.341072536978693 ], [ 2.166049012163223, 41.341067762184679 ], [ 2.16606352520609, 41.341065633469022 ], [ 2.166094704072426, 41.3410650126783 ], [ 2.166115181558418, 41.341065665477934 ], [ 2.166136917576173, 41.341068849515139 ], [ 2.166154811829346, 41.341073374865651 ], [ 2.166182292373113, 41.341085337868172 ], [ 2.166203095690408, 41.341101675210375 ], [ 2.166225292137377, 41.341126859077981 ], [ 2.166231460942724, 41.341139856669699 ], [ 2.16623235851036, 41.341168813535475 ], [ 2.166243163915126, 41.341204363667686 ], [ 2.166247809939304, 41.341228051231781 ], [ 2.166239950640025, 41.341250134926725 ], [ 2.166228611618675, 41.341263915445367 ], [ 2.166218954858517, 41.341293858741665 ], [ 2.166205836147971, 41.341302861354578 ], [ 2.166186831337455, 41.341310434153634 ], [ 2.166165750743617, 41.341325197974015 ], [ 2.166144208860699, 41.341331149034986 ], [ 2.166104858614919, 41.34133895272543 ], [ 2.166060759675729, 41.341344235900607 ], [ 2.166030454937486, 41.341345655683149 ], [ 2.165983711139966, 41.341352144693843 ], [ 2.165921515632523, 41.341344397816954 ], [ 2.165880363342239, 41.34132294976591 ], [ 2.165863932582872, 41.341316129039548 ], [ 2.165848213345164, 41.341319113714981 ], [ 2.165833683102936, 41.34132633156127 ], [ 2.165784805377398, 41.341327706733907 ], [ 2.165767681009767, 41.341320916996494 ], [ 2.165748662840944, 41.341322040198961 ], [ 2.16572649510256, 41.341328328932931 ], [ 2.165711309039241, 41.341334488122783 ], [ 2.165692097801098, 41.341337627614195 ], [ 2.165673769344999, 41.341337152455026 ], [ 2.165590365350638, 41.34134856389705 ], [ 2.16556396099593, 41.341349669547363 ], [ 2.165523790172272, 41.341359953181353 ], [ 2.165477636952777, 41.341368860299887 ], [ 2.165448108260803, 41.341376897119844 ], [ 2.165420940655801, 41.341375997519876 ], [ 2.165379089155445, 41.341377495532754 ], [ 2.165351975719334, 41.341383586191213 ], [ 2.165328119371595, 41.341391069617579 ], [ 2.165307126239663, 41.34139522298544 ], [ 2.165216168202035, 41.341412263151042 ], [ 2.165179558989609, 41.341416933753791 ], [ 2.165170150495626, 41.341421783644343 ], [ 2.165154515307118, 41.341425669592482 ], [ 2.165125278258016, 41.341429582973511 ], [ 2.165112281568241, 41.341427146720271 ], [ 2.165088829751552, 41.341429156423139 ], [ 2.165031555955053, 41.341472139427943 ], [ 2.165017382538712, 41.341485097587629 ], [ 2.164981399698455, 41.341494997067734 ], [ 2.164954817423617, 41.341508153428443 ], [ 2.164933029020252, 41.341512805381967 ], [ 2.164907244995599, 41.341521481749155 ], [ 2.164871496504234, 41.341520519754518 ], [ 2.164833183982457, 41.341523790719513 ], [ 2.164813229579123, 41.341528960383791 ], [ 2.164735905556671, 41.341526597700842 ], [ 2.164711988771062, 41.341521965366198 ], [ 2.164690554579877, 41.341523214979617 ], [ 2.164637396144568, 41.341535944174879 ], [ 2.164625897414961, 41.341536004831617 ], [ 2.164600083887556, 41.341535763412224 ], [ 2.164528579834379, 41.341521300619327 ], [ 2.164512416106951, 41.341519778095531 ], [ 2.164500694993531, 41.341526016324707 ], [ 2.164484668186903, 41.341526872791945 ], [ 2.164465831849161, 41.341523114994303 ], [ 2.164446749495113, 41.341523643015172 ], [ 2.164410254014507, 41.341534367291779 ], [ 2.164366387111897, 41.341542047517621 ], [ 2.164333770661914, 41.341542909613125 ], [ 2.164314206296306, 41.341545613946181 ], [ 2.164278322041303, 41.341542182704735 ], [ 2.164246673035926, 41.341547771772269 ], [ 2.164212241511457, 41.341544765408479 ], [ 2.16419389115137, 41.341553477585144 ], [ 2.164189815258657, 41.341558167955803 ], [ 2.164181897635622, 41.341560452424943 ], [ 2.164177472371264, 41.341566293227963 ], [ 2.164171587290507, 41.341570393973591 ], [ 2.164161866237851, 41.341571638479742 ], [ 2.164150775326688, 41.341567846806988 ], [ 2.164137697036562, 41.341566184502916 ], [ 2.164110169814197, 41.341569101195049 ], [ 2.164088234520598, 41.341572148572439 ], [ 2.164067368542042, 41.341577563698323 ], [ 2.164033896034015, 41.341583679916965 ], [ 2.164016868547195, 41.341591753128633 ], [ 2.163981580738788, 41.341594018917114 ], [ 2.163965455365395, 41.341593235216578 ], [ 2.163940836804523, 41.34159674948279 ], [ 2.163926036052773, 41.34160640617602 ], [ 2.163916059550325, 41.341610801458238 ], [ 2.163904826095715, 41.341608810242064 ], [ 2.163870826559391, 41.341615012660135 ], [ 2.163860877118044, 41.341621029498363 ], [ 2.163850843942753, 41.341622379801493 ], [ 2.163812301218615, 41.341626819739027 ], [ 2.16377714603107, 41.341628059564343 ], [ 2.163755553333195, 41.341632352413399 ], [ 2.163743559987273, 41.341639309193347 ], [ 2.163738647714435, 41.341643975455312 ], [ 2.163712802839661, 41.341651786384482 ], [ 2.163695753274077, 41.341652238976309 ], [ 2.163649807909411, 41.341665416463051 ], [ 2.163624125005061, 41.341668040183926 ], [ 2.163613696407841, 41.341672270017867 ], [ 2.16361308774596, 41.341680606612393 ], [ 2.163623746411342, 41.341738728910357 ], [ 2.163624551804354, 41.341761722104131 ], [ 2.163628622502569, 41.341787333210497 ], [ 2.163639092987133, 41.341813459219523 ], [ 2.163660764034292, 41.341849755110864 ], [ 2.16367806432143, 41.341857735439795 ], [ 2.163698009656828, 41.341860762803627 ], [ 2.163718635910346, 41.341859147201419 ], [ 2.163740896068695, 41.341849400617029 ], [ 2.163808587042896, 41.341834939882197 ], [ 2.163872428510803, 41.341829891082476 ], [ 2.163900147639502, 41.341830668949022 ], [ 2.163921342802075, 41.341833164899377 ], [ 2.163945310839077, 41.341843139264654 ], [ 2.163957620498345, 41.341856307692389 ], [ 2.163965125648778, 41.341875061946091 ], [ 2.163987545991225, 41.341901382822101 ], [ 2.163998939549195, 41.341930109686224 ], [ 2.164001070929479, 41.341946627052515 ], [ 2.164038012087409, 41.342012290409436 ], [ 2.164043537596647, 41.342028832428817 ], [ 2.164044323207518, 41.34204216935121 ], [ 2.164058205881505, 41.34208561465681 ], [ 2.164068408984843, 41.342099019983294 ], [ 2.164074630370445, 41.342102271870019 ], [ 2.164077636302209, 41.342110220372255 ], [ 2.16406918404624, 41.342130939462599 ], [ 2.16420498926447, 41.34210773955445 ], [ 2.164240844439282, 41.342227044994466 ], [ 2.162529303149901, 41.342501413316256 ], [ 2.162495406817924, 41.342381978389305 ], [ 2.162644696280055, 41.342359167595674 ], [ 2.162643606531446, 41.342341603898369 ], [ 2.162646083265018, 41.342331137098618 ], [ 2.162646188687529, 41.342319175802785 ], [ 2.162639590237764, 41.342293113909321 ], [ 2.162626049703428, 41.342264083049585 ], [ 2.162626349045952, 41.342244448708492 ], [ 2.162611046346213, 41.342203695174263 ], [ 2.162606245241984, 41.342181015190278 ], [ 2.162591623947034, 41.342132790321592 ], [ 2.162588285012239, 41.342106067565815 ], [ 2.162588467524068, 41.342088089768531 ], [ 2.162593148074744, 41.342073531549723 ], [ 2.162600851185212, 41.342061877748549 ], [ 2.162618538040276, 41.342050873074939 ], [ 2.162640779040816, 41.342042639837885 ], [ 2.16272416295567, 41.342023573950826 ], [ 2.16278892976388, 41.342013488241342 ], [ 2.162817553730112, 41.342010814041181 ], [ 2.162836357666345, 41.342005906582685 ], [ 2.16283914314717, 41.341997459721448 ], [ 2.162809079606905, 41.341858704478277 ], [ 2.16277692328807, 41.341804965539772 ], [ 2.162761253361347, 41.341800347755317 ], [ 2.162723818458408, 41.341800399688758 ], [ 2.162703788737131, 41.341803965089547 ], [ 2.162690640793278, 41.341811471828969 ], [ 2.162637256402554, 41.341817532846427 ], [ 2.162595705477326, 41.341824463602727 ], [ 2.162546877406154, 41.341841519953853 ], [ 2.162518582855814, 41.341848339969992 ], [ 2.162490904419164, 41.341851849673986 ], [ 2.16243996774332, 41.341864630050374 ], [ 2.162385672697286, 41.341870864475034 ], [ 2.162359077123578, 41.341875679119717 ], [ 2.16234502546075, 41.341882818938743 ], [ 2.162326874625863, 41.341888992131658 ], [ 2.162278449078934, 41.341892350772106 ], [ 2.162227781149203, 41.341906538192696 ], [ 2.162148448130655, 41.341919147755625 ], [ 2.16207647881091, 41.341939125030933 ], [ 2.162019171763337, 41.341941626230451 ], [ 2.161993313985453, 41.34194482479851 ], [ 2.161966337999552, 41.341945745308593 ], [ 2.161892019039932, 41.341955076416902 ], [ 2.161864659227858, 41.341956102198907 ], [ 2.161839724831698, 41.341965585738784 ], [ 2.161756069219375, 41.341968543456773 ], [ 2.161707921602412, 41.341980046731472 ], [ 2.161601999195102, 41.342015602703668 ], [ 2.161577733702581, 41.342017659807922 ], [ 2.161552676072439, 41.342021836924381 ], [ 2.161537516471163, 41.342029617118207 ], [ 2.161524368608005, 41.342033376572012 ], [ 2.161507778564752, 41.342040858097768 ], [ 2.161491529417049, 41.342044126558562 ], [ 2.161473702781276, 41.342039925249168 ], [ 2.161463551663493, 41.342033690104167 ], [ 2.161415303587114, 41.342034383431063 ], [ 2.161388632215174, 41.342030189721143 ], [ 2.161367601964053, 41.34202974823382 ], [ 2.161332178343859, 41.342036984402071 ], [ 2.161295471583313, 41.342047345845366 ], [ 2.161273229953745, 41.342055614847737 ], [ 2.161226039479853, 41.342063305682942 ], [ 2.161207474618651, 41.342071925742289 ], [ 2.161179639847573, 41.342080153961518 ], [ 2.161098371335954, 41.342079633659502 ], [ 2.161073590591425, 41.342080858204383 ], [ 2.161048542617083, 41.342084278644769 ], [ 2.161026158455846, 41.342092474499609 ], [ 2.16102414165903, 41.34210806092122 ], [ 2.161045405498618, 41.342149902999424 ], [ 2.161053365407144, 41.342174137362413 ], [ 2.161056124621326, 41.342193830024875 ], [ 2.161065277803407, 41.3422182172067 ], [ 2.161081045879009, 41.342237536303102 ], [ 2.16109452275942, 41.342260297605627 ], [ 2.161112298184866, 41.342279667360209 ], [ 2.16112114784658, 41.342294180020417 ], [ 2.161145435492709, 41.342372362670332 ], [ 2.161160563700408, 41.342386596818137 ], [ 2.161166223496442, 41.342429874440143 ], [ 2.161164444714584, 41.342471620601295 ], [ 2.16116864717989, 41.342486892051873 ], [ 2.161163750654636, 41.342495899969499 ], [ 2.161165794787921, 41.342507985021527 ], [ 2.161174092652579, 41.342531969625995 ], [ 2.16117542822251, 41.342547112089377 ], [ 2.161172260247663, 41.342559267242734 ], [ 2.161164604918804, 41.342564565548791 ], [ 2.161178912203241, 41.342592292464651 ], [ 2.16068957568829, 41.342780027739693 ], [ 2.1594796083893, 41.343251724355575 ], [ 2.159464766739791, 41.343228232294912 ], [ 2.15933369222051, 41.343266647022517 ], [ 2.159284114484246, 41.343270284225497 ], [ 2.159263801397933, 41.343269811561584 ], [ 2.159238516877321, 41.343261844303221 ], [ 2.159207260729298, 41.343246086897537 ], [ 2.158441525888389, 41.342756225702139 ], [ 2.158435196247798, 41.342762141531232 ], [ 2.158407503965233, 41.34274532905944 ], [ 2.158422469237615, 41.342731332631885 ], [ 2.158400176012104, 41.342712929268046 ], [ 2.158372823923995, 41.342672483397088 ], [ 2.158351326905882, 41.342648870460017 ], [ 2.158331688326822, 41.342636872867857 ], [ 2.158317654560204, 41.34263143774804 ], [ 2.158298240634928, 41.342620558732548 ], [ 2.158267024420502, 41.342594316544776 ], [ 2.158250020722017, 41.342585616967519 ], [ 2.158229693923649, 41.342582513809056 ], [ 2.158183394755145, 41.342584048731553 ], [ 2.158091371943168, 41.342594400852043 ], [ 2.158066654076429, 41.342594436208678 ], [ 2.15804200629553, 41.342596453739418 ], [ 2.157987787301173, 41.342604127854393 ], [ 2.157945346378925, 41.342603060697208 ], [ 2.157912597767808, 41.342599290110257 ], [ 2.157870990427541, 41.342589185419037 ], [ 2.157720251423556, 41.342533244186271 ], [ 2.157687524231963, 41.342524105176956 ], [ 2.157637796257608, 41.342502339209048 ], [ 2.15757059091341, 41.342464123559743 ], [ 2.157472872442565, 41.342411920918003 ], [ 2.15744014583995, 41.34239903469112 ], [ 2.157388174508667, 41.342373288857992 ], [ 2.157334355524777, 41.342349943503159 ], [ 2.157318776329863, 41.342349433097461 ], [ 2.157302952574579, 41.342345642141275 ], [ 2.15722709689856, 41.342299796586715 ], [ 2.15720636326706, 41.342291177631964 ], [ 2.157185839862634, 41.342284794091846 ], [ 2.157080949421025, 41.342233610495633 ], [ 2.157047971268096, 41.342275461353658 ], [ 2.157152962839994, 41.342324366803616 ], [ 2.157088078413834, 41.342405581301968 ], [ 2.156849100978568, 41.342293722136759 ], [ 2.156915155155607, 41.342213570227621 ], [ 2.1569268233646, 41.342219005303797 ], [ 2.156960871661473, 41.342177496500355 ], [ 2.156941025564037, 41.342164938680902 ], [ 2.15691402219349, 41.342156850229543 ], [ 2.156831697194981, 41.342119719591544 ], [ 2.156810586067777, 41.342143986261398 ], [ 2.156816650331267, 41.342147345479489 ], [ 2.156786005159492, 41.342177890832438 ], [ 2.156746008070288, 41.342155105858097 ], [ 2.156772468701381, 41.342126511522771 ], [ 2.156775412940764, 41.342128055375248 ], [ 2.156784467415082, 41.342118276435315 ], [ 2.156787233549625, 41.342119728906795 ], [ 2.156798849377699, 41.342107170979041 ], [ 2.156758121015391, 41.342086133525207 ], [ 2.15672720313561, 41.342074818658723 ], [ 2.156706307352656, 41.342070440994043 ], [ 2.156688054650042, 41.342058525336775 ], [ 2.156678414108902, 41.342049807420928 ], [ 2.156636746177902, 41.342033324475764 ], [ 2.156528050667794, 41.341982535847329 ], [ 2.156483722677684, 41.341957314017321 ], [ 2.156455472903187, 41.341945793443983 ], [ 2.156413002737865, 41.341924800749553 ], [ 2.156397747676439, 41.341921410170862 ], [ 2.156383285383562, 41.341915863583068 ], [ 2.156327223450965, 41.341883926102881 ], [ 2.156278285007346, 41.341860327789405 ], [ 2.156248394442468, 41.341838886802336 ], [ 2.156232814931907, 41.341819892700919 ], [ 2.15622535088595, 41.341805533946129 ], [ 2.156206122189923, 41.34178035190417 ], [ 2.15619455779055, 41.341761423265723 ], [ 2.156180329120808, 41.341734080030314 ], [ 2.15616890426314, 41.341704343320494 ], [ 2.156122683963004, 41.341644266170142 ], [ 2.156092678716291, 41.341613204209416 ], [ 2.156082307049521, 41.341598175578468 ], [ 2.156066588375027, 41.341564047704694 ], [ 2.156058302128545, 41.341528208846505 ], [ 2.156028931406501, 41.341481334216923 ], [ 2.156001598181924, 41.341450688160087 ], [ 2.155985860976596, 41.341418001351002 ], [ 2.155958832299249, 41.341385988365538 ], [ 2.155950804596327, 41.341367157700141 ], [ 2.155918069950898, 41.341310530186988 ], [ 2.155892567465864, 41.341275105499804 ], [ 2.155871919709278, 41.341237662687305 ], [ 2.155852007759893, 41.341195072933843 ], [ 2.155838039072589, 41.341173532440692 ], [ 2.155810682920464, 41.341140976562812 ], [ 2.15578629770554, 41.341118999352048 ], [ 2.155768737166514, 41.341086839591505 ], [ 2.155735299349491, 41.341040259322497 ], [ 2.155735209666596, 41.341029620715702 ], [ 2.155729140870662, 41.341017370928164 ], [ 2.155715930479285, 41.341000051528766 ], [ 2.155681082919022, 41.340962684660894 ], [ 2.155674867904692, 41.340951577760038 ], [ 2.155676554905999, 41.340939411891746 ], [ 2.155659654154402, 41.340915399804366 ], [ 2.155652295842969, 41.340896574027965 ], [ 2.15562733901022, 41.340857977211513 ], [ 2.155549858042971, 41.340814006609719 ], [ 2.155554817310051, 41.34078816422744 ], [ 2.155552033279293, 41.340770524977707 ], [ 2.155535782586373, 41.34074060867038 ], [ 2.155530767762228, 41.340718016898641 ], [ 2.15552013048806, 41.340701364902365 ], [ 2.155514442100023, 41.340682803582219 ], [ 2.155505046792103, 41.340666232758352 ], [ 2.155477850286141, 41.340606547146002 ], [ 2.155460751635968, 41.34057936290872 ], [ 2.155457186494926, 41.340562978985076 ], [ 2.155448613043591, 41.340549404703253 ], [ 2.155438027994661, 41.340539815023462 ], [ 2.155426745125393, 41.3405250318567 ], [ 2.155409503147624, 41.340508943895948 ], [ 2.155396766397945, 41.340480881894017 ], [ 2.155388468661924, 41.340470020912029 ], [ 2.155382332573675, 41.340454662996969 ], [ 2.155379261604559, 41.340429635422218 ], [ 2.155372648618174, 41.340415111711387 ], [ 2.15532694659852, 41.340426044774865 ], [ 2.155321925297231, 41.340414135933266 ], [ 2.155357724417082, 41.340405571247082 ], [ 2.155336478921197, 41.340399632456112 ], [ 2.155323905413625, 41.340384839806596 ], [ 2.155311903786852, 41.340344289679088 ], [ 2.155300218366266, 41.340323666634255 ], [ 2.155282227562465, 41.340280442331817 ], [ 2.155272058359104, 41.340260875291769 ], [ 2.1552582851605, 41.340246434132361 ], [ 2.155235406706232, 41.340207785826884 ], [ 2.155208518261487, 41.34017238684023 ], [ 2.155181246951699, 41.340114826393268 ], [ 2.155173939461418, 41.340095784775365 ], [ 2.155162278184242, 41.340076999439127 ], [ 2.155145862697563, 41.340056161503604 ], [ 2.155107046795471, 41.33998929252833 ], [ 2.155099960057444, 41.339953174156506 ], [ 2.155068374091546, 41.339907652161251 ], [ 2.1550526876644, 41.339889593898796 ], [ 2.155029087755519, 41.339851300556866 ], [ 2.15498989616066, 41.339795021694918 ], [ 2.154971149841852, 41.339758493432349 ], [ 2.154947854169875, 41.339737352737693 ], [ 2.154894827757698, 41.339674198557489 ], [ 2.154881871942951, 41.339652016836055 ], [ 2.154875114857679, 41.339616297202859 ], [ 2.154869961248874, 41.33960076632173 ], [ 2.154858283205346, 41.339586989044506 ], [ 2.154849948257656, 41.33956977740575 ], [ 2.154843112839202, 41.339562304964026 ], [ 2.154834929050994, 41.339548193041502 ], [ 2.154830521081636, 41.339526758662082 ], [ 2.154817644386462, 41.339505856590264 ], [ 2.154783675995017, 41.339468072544157 ], [ 2.1547720040277, 41.339463996465717 ], [ 2.154756734672093, 41.339450670204265 ], [ 2.154751131248143, 41.339447746625247 ], [ 2.154743483739904, 41.339436530067694 ], [ 2.154721250031511, 41.33936932335623 ], [ 2.154694655107669, 41.339323288449989 ], [ 2.154682433362675, 41.339309047774449 ], [ 2.15466698283429, 41.33928385718761 ], [ 2.154630246951841, 41.33923736045314 ], [ 2.154618757065627, 41.339231222960784 ], [ 2.154607080445299, 41.339228434915299 ], [ 2.154595510799337, 41.339221071803877 ], [ 2.154580253300547, 41.339206835840201 ], [ 2.154539446324549, 41.339153535470487 ], [ 2.154526385913874, 41.339120976207049 ], [ 2.154515170206932, 41.339108427321534 ], [ 2.154503041410901, 41.339099943153066 ], [ 2.154490539358527, 41.339075963203499 ], [ 2.154482171566638, 41.339068695664032 ], [ 2.154473629149535, 41.339063840872463 ], [ 2.154461381269269, 41.339060868463669 ], [ 2.154426682287558, 41.339063892287946 ], [ 2.154406179546143, 41.339059706252691 ], [ 2.154398490584672, 41.33905539818101 ], [ 2.154381459292719, 41.339034159275776 ], [ 2.154372096193806, 41.339015138530748 ], [ 2.154359832700853, 41.338979189245634 ], [ 2.154337437938231, 41.338952191110607 ], [ 2.154333342942429, 41.338939838650958 ], [ 2.154332182516817, 41.338926066541603 ], [ 2.154335905422401, 41.338919140045562 ], [ 2.154349794722079, 41.338906091035817 ], [ 2.154359290954236, 41.338900035657787 ], [ 2.154373360802423, 41.338895202884991 ], [ 2.154389972277623, 41.338886065146561 ], [ 2.154396979068945, 41.338880279716768 ], [ 2.15439914946508, 41.338875107297348 ], [ 2.154401757590782, 41.338850878054075 ], [ 2.154401861045979, 41.338842880082865 ], [ 2.154398903972246, 41.338831256592506 ], [ 2.154337470904342, 41.338746386157418 ], [ 2.154326913011514, 41.338723645505446 ], [ 2.154324408078004, 41.338710331910171 ], [ 2.154313333959402, 41.338690541949994 ], [ 2.154269001943497, 41.338627991815663 ], [ 2.154262014544015, 41.338621193790296 ], [ 2.154244768518851, 41.33859808871641 ], [ 2.154233531513731, 41.338587197040994 ], [ 2.154217615324489, 41.338546293748578 ], [ 2.154194459903991, 41.338510669739279 ], [ 2.15417143388389, 41.338468741369574 ], [ 2.154154294881592, 41.338452149549212 ], [ 2.154140293765261, 41.338433202787371 ], [ 2.154124046149552, 41.338403142172744 ], [ 2.154123330259287, 41.338397507172992 ], [ 2.154106376316766, 41.338403561764075 ], [ 2.154095179207216, 41.338385896667248 ], [ 2.154114229130892, 41.338379497179801 ], [ 2.154102422319, 41.338361845617527 ], [ 2.154095564268156, 41.338356138449853 ], [ 2.154091255089766, 41.338349261015544 ], [ 2.154092704952114, 41.33834066042467 ], [ 2.154097559237946, 41.338334967282364 ], [ 2.154089639439535, 41.338311561421229 ], [ 2.15408054820253, 41.338297406742562 ], [ 2.154060945029504, 41.338279139400946 ], [ 2.154035445148294, 41.338236292060834 ], [ 2.154011439325752, 41.338207291342137 ], [ 2.154006229834741, 41.338192408554363 ], [ 2.15398031666771, 41.338170419721834 ], [ 2.153965168646669, 41.338147753383574 ], [ 2.153944801596659, 41.338107249695717 ], [ 2.153932584187861, 41.338087163049998 ], [ 2.153918258878368, 41.338074807426558 ], [ 2.153908423179108, 41.338062773050105 ], [ 2.1538890730902, 41.338028654195973 ], [ 2.153886264209327, 41.338016671477341 ], [ 2.153857418913094, 41.337973763470977 ], [ 2.15385547279625, 41.33796160694299 ], [ 2.153855599380325, 41.33794074631475 ], [ 2.153847297085695, 41.33792843496402 ], [ 2.153835162760593, 41.337916707954072 ], [ 2.153819415584187, 41.337896018858672 ], [ 2.153814003533788, 41.33788571042372 ], [ 2.153802852981839, 41.337853381296576 ], [ 2.153789741429021, 41.337832207150953 ], [ 2.153786493502518, 41.337820905777583 ], [ 2.153777483312, 41.337811579733831 ], [ 2.153765484031508, 41.33780788847227 ], [ 2.153753419462737, 41.337809240975169 ], [ 2.153741920112466, 41.337818632395837 ], [ 2.153734523741654, 41.337821280283841 ], [ 2.153712282396257, 41.337825872740503 ], [ 2.153702975602303, 41.337832073580763 ], [ 2.153690029617536, 41.337835040960286 ], [ 2.153679415870617, 41.337835107032326 ], [ 2.153668353960748, 41.337832863866815 ], [ 2.153653259966304, 41.337824501923627 ], [ 2.153633374203712, 41.337809619280861 ], [ 2.153619516054998, 41.337801806876605 ], [ 2.153606566547521, 41.337791199795163 ], [ 2.153581601430589, 41.33774308684945 ], [ 2.153578430265418, 41.337729552154386 ], [ 2.153580342109163, 41.337718504904579 ], [ 2.15359313280495, 41.337705375842916 ], [ 2.153599182823388, 41.337695944360831 ], [ 2.153623909581111, 41.33768030889334 ], [ 2.15363318977474, 41.337676161592327 ], [ 2.153649040406616, 41.337674080307472 ], [ 2.153657221637835, 41.337669888892513 ], [ 2.153663801415628, 41.337663848153539 ], [ 2.15366766025856, 41.337657499162511 ], [ 2.15366529307508, 41.337640943834323 ], [ 2.153666337256868, 41.337626755563761 ], [ 2.153656307895313, 41.337618611016389 ], [ 2.153648942577576, 41.337607783784669 ], [ 2.153637826881252, 41.337583849963103 ], [ 2.153629413904437, 41.337576401876468 ], [ 2.153622667211188, 41.33756579537441 ], [ 2.153617769787019, 41.337551743560248 ], [ 2.15360709501617, 41.337541756715311 ], [ 2.153591253573818, 41.33751728370995 ], [ 2.153579336918805, 41.337507215668417 ], [ 2.153569260028728, 41.337495359639938 ], [ 2.153557459349998, 41.337457873368841 ], [ 2.153546875296216, 41.337451958612576 ], [ 2.153538980227439, 41.337445126843917 ], [ 2.153524000870835, 41.337424227172086 ], [ 2.153513114872455, 41.337415788068874 ], [ 2.153505028388252, 41.3374052797964 ], [ 2.153501874267016, 41.3373941232256 ], [ 2.153494801403182, 41.33738286577082 ], [ 2.153486034517079, 41.33737321722036 ], [ 2.153483435599914, 41.337359794821943 ], [ 2.15345379080001, 41.337323294228867 ], [ 2.15344382797274, 41.337313708938922 ], [ 2.153435202890735, 41.337300494424923 ], [ 2.153414260231017, 41.337263877680208 ], [ 2.15340147079305, 41.337225231148075 ], [ 2.153391696392208, 41.337215863421569 ], [ 2.153367381643871, 41.337173853343117 ], [ 2.153351585802214, 41.337156947008474 ], [ 2.153341341012661, 41.33712484067857 ], [ 2.153326661659907, 41.337102934337942 ], [ 2.153317139343784, 41.337094406164667 ], [ 2.153305611179933, 41.337098644993745 ], [ 2.15329457399268, 41.337081584500602 ], [ 2.153301718992974, 41.337078961813845 ], [ 2.15328519587636, 41.33706007745878 ], [ 2.153277329137735, 41.33704737293634 ], [ 2.153263929557288, 41.337015243388848 ], [ 2.153251529904123, 41.337005568092934 ], [ 2.153236619127619, 41.33697569733458 ], [ 2.15322990749828, 41.336969775009756 ], [ 2.153225425875516, 41.336943007529953 ], [ 2.153158455076119, 41.336843035022106 ], [ 2.153139673138568, 41.336798327299284 ], [ 2.153121440494599, 41.336762883410579 ], [ 2.153117577394823, 41.336751109095566 ], [ 2.153105638890354, 41.33673167295683 ], [ 2.153092475440246, 41.336721919962336 ], [ 2.153082546359508, 41.336709740704805 ], [ 2.153066646114032, 41.336682456825905 ], [ 2.153048656782805, 41.33666513797327 ], [ 2.153037083993981, 41.336639615392208 ], [ 2.153019494161678, 41.336617291258577 ], [ 2.15297489948647, 41.336513411883324 ], [ 2.152953984403578, 41.336474705494602 ], [ 2.152950705408408, 41.336461206016438 ], [ 2.152940380454478, 41.336450068712331 ], [ 2.152932635406855, 41.336431672268105 ], [ 2.152912305089326, 41.336417939197204 ], [ 2.152898255091806, 41.336417583572263 ], [ 2.152889474041156, 41.336420113124056 ], [ 2.152866846329772, 41.33642135175436 ], [ 2.152842015972049, 41.336430248628083 ], [ 2.152816829452682, 41.336429738957399 ], [ 2.152804604446448, 41.33643242330303 ], [ 2.152793227057782, 41.336432411611867 ], [ 2.152774206876066, 41.336424561105417 ], [ 2.152754811287764, 41.336401412955276 ], [ 2.152740056073604, 41.336366021626709 ], [ 2.152734300027632, 41.336356458235969 ], [ 2.152726453835933, 41.336316361763934 ], [ 2.152731986159445, 41.33630998909247 ], [ 2.1527405250325, 41.336304935646332 ], [ 2.15278321584134, 41.336286397044894 ], [ 2.152792559937748, 41.336279151671945 ], [ 2.152798386762856, 41.336267574781694 ], [ 2.152802057138359, 41.336228734075824 ], [ 2.152797797396142, 41.336216218207547 ], [ 2.15277844015166, 41.336185503972423 ], [ 2.152765583816902, 41.336168664232197 ], [ 2.152743270503912, 41.336123516095292 ], [ 2.152722700090966, 41.336098809985558 ], [ 2.152711643758837, 41.336088784216528 ], [ 2.152710840992808, 41.336086175114765 ], [ 2.152714459766175, 41.336077140126555 ], [ 2.152712848602806, 41.336074200800354 ], [ 2.152686757423519, 41.336061434126997 ], [ 2.152676681270607, 41.336027419366694 ], [ 2.152658742355608, 41.336009920671273 ], [ 2.15264680908371, 41.335986413093529 ], [ 2.152632876973652, 41.33596959244035 ], [ 2.152631007593373, 41.335958913696921 ], [ 2.152622519043881, 41.335944412040412 ], [ 2.152594353288849, 41.335915596571255 ], [ 2.152591665152516, 41.335910919857348 ], [ 2.152594325727839, 41.335904814289897 ], [ 2.152590610299218, 41.335893644551263 ], [ 2.1525649861514, 41.33586698258619 ], [ 2.152553538408315, 41.335842902087968 ], [ 2.152540439329579, 41.335820827127925 ], [ 2.152520327225788, 41.335807798185336 ], [ 2.152508989091715, 41.335787249462761 ], [ 2.152504503455585, 41.335782946836503 ], [ 2.152485005704115, 41.335779686633252 ], [ 2.152482386951475, 41.33577795590778 ], [ 2.152480239384014, 41.335750018382633 ], [ 2.152471744920024, 41.335753494008287 ], [ 2.152461664365244, 41.335738269016701 ], [ 2.152476718881954, 41.335732203378875 ], [ 2.152469882914137, 41.335715513327422 ], [ 2.152451262153142, 41.335684245988581 ], [ 2.152425271242501, 41.335660995165398 ], [ 2.152400539637273, 41.335629106329392 ], [ 2.152390797518259, 41.335598841157328 ], [ 2.152378153500214, 41.335585921235641 ], [ 2.152365809354132, 41.335549872043337 ], [ 2.152356187814478, 41.335527822673455 ], [ 2.152305281436414, 41.335447244197248 ], [ 2.152299505021494, 41.33543465408502 ], [ 2.15228577855173, 41.335379867932495 ], [ 2.152281038395263, 41.335370312000521 ], [ 2.152267393384126, 41.335352565635255 ], [ 2.152242847863494, 41.335328460688316 ], [ 2.152231015132458, 41.335304593502478 ], [ 2.152220652492499, 41.335292699217518 ], [ 2.1522204483783, 41.335289085672315 ], [ 2.152226065875879, 41.335277984669176 ], [ 2.152220283581404, 41.335261242012571 ], [ 2.152215608559389, 41.33525403753729 ], [ 2.152193546791632, 41.335230094996923 ], [ 2.152161683579019, 41.335187848895238 ], [ 2.152131962888627, 41.335120469390141 ], [ 2.152112576371686, 41.335104040853494 ], [ 2.15210171279452, 41.335079171943995 ], [ 2.152087889411966, 41.335053992984655 ], [ 2.152073232547491, 41.335039635000676 ], [ 2.152057016819218, 41.33503121053608 ], [ 2.152050501655562, 41.335029514146278 ], [ 2.152037233441838, 41.335030641420751 ], [ 2.151969606938427, 41.335055220258404 ], [ 2.151958492536128, 41.335054300656893 ], [ 2.151936126510087, 41.335041849503845 ], [ 2.151916719306985, 41.335015044043217 ], [ 2.151899615362314, 41.334981121544281 ], [ 2.151879171106468, 41.334963325028212 ], [ 2.151874635378732, 41.334944465749579 ], [ 2.151876539288067, 41.334938651872051 ], [ 2.151881344773932, 41.33493303052088 ], [ 2.151894985487444, 41.334924375667711 ], [ 2.15191253230444, 41.33492046957155 ], [ 2.151915092629639, 41.334914723583516 ], [ 2.151939159197758, 41.33491031606367 ], [ 2.151946847793558, 41.334906310297043 ], [ 2.151954694955049, 41.334897450609631 ], [ 2.151957166570058, 41.334891172519399 ], [ 2.151958876200425, 41.334878223200995 ], [ 2.151958322630235, 41.334855483975623 ], [ 2.151952133797658, 41.334838765331753 ], [ 2.15193945454557, 41.334820287420627 ], [ 2.151934343118415, 41.334801586038296 ], [ 2.151914209718756, 41.334783782811023 ], [ 2.151906402600352, 41.334759152586734 ], [ 2.151888908577784, 41.334744251231882 ], [ 2.151883972738982, 41.334734126362825 ], [ 2.151864507364871, 41.334709049920079 ], [ 2.151844237029965, 41.334687066151389 ], [ 2.151840338758141, 41.334678029837058 ], [ 2.151819265333917, 41.334658994633706 ], [ 2.151810353409052, 41.334638463719607 ], [ 2.151801736013799, 41.334624708680138 ], [ 2.151799169324627, 41.334608836412478 ], [ 2.151792975135428, 41.33459806272684 ], [ 2.151783468890141, 41.334587417759941 ], [ 2.15177401769937, 41.334579898830391 ], [ 2.15177178403727, 41.334579810307361 ], [ 2.151764337650015, 41.334584493416642 ], [ 2.151757114662864, 41.334578405098981 ], [ 2.151750550397002, 41.334553784023569 ], [ 2.151725697515666, 41.334516561653267 ], [ 2.151721998634889, 41.334499528067767 ], [ 2.15170462275748, 41.334482898098713 ], [ 2.151692125409716, 41.334473438094129 ], [ 2.1516913725419, 41.334465145565524 ], [ 2.151682090446115, 41.334443675123524 ], [ 2.151664105941984, 41.334415006526775 ], [ 2.151659438190348, 41.334389750878657 ], [ 2.151644178741357, 41.334395142034147 ], [ 2.15163332302417, 41.334379821177592 ], [ 2.151647567814218, 41.334374432452627 ], [ 2.151610906022735, 41.334335401660553 ], [ 2.151607869668864, 41.334329019921974 ], [ 2.151608371882139, 41.334309657313149 ], [ 2.151598553380848, 41.334299136135009 ], [ 2.151587555262159, 41.334277292731564 ], [ 2.151569397695663, 41.334260125531664 ], [ 2.151558188710749, 41.33423427219482 ], [ 2.151548367218025, 41.334224903961335 ], [ 2.151547294853422, 41.334219131200378 ], [ 2.151537097297278, 41.334201905578027 ], [ 2.151524735386448, 41.334174647562229 ], [ 2.151520534845862, 41.334170491119991 ], [ 2.15150890063976, 41.334164514386984 ], [ 2.151502130075951, 41.334163167379074 ], [ 2.15147319270855, 41.334094451339134 ], [ 2.151461957066334, 41.334076182183871 ], [ 2.151449658505821, 41.334066147132596 ], [ 2.1514396533349, 41.334047914069984 ], [ 2.151429429953011, 41.334018870293328 ], [ 2.151402110639432, 41.333980188451477 ], [ 2.151396912247824, 41.333960837855592 ], [ 2.151386198443884, 41.333946562901325 ], [ 2.151375987149846, 41.333937768264221 ], [ 2.151366876578905, 41.333910462143606 ], [ 2.15135732052669, 41.333888935608215 ], [ 2.151347294131419, 41.333872341761491 ], [ 2.151332093856208, 41.333857529294797 ], [ 2.151322189548309, 41.333832451199008 ], [ 2.151290369263259, 41.333772262051554 ], [ 2.15128849454766, 41.333762015607782 ], [ 2.151281083653042, 41.333751079792044 ], [ 2.151273651248783, 41.333741801213264 ], [ 2.151270127365614, 41.333739838595363 ], [ 2.151254300345824, 41.333737406928748 ], [ 2.151239693534988, 41.333728435742735 ], [ 2.151230317177984, 41.333730816658097 ], [ 2.151211767582195, 41.333743866964817 ], [ 2.151193200348746, 41.333745387426767 ], [ 2.151177820722551, 41.333751759461947 ], [ 2.15116691037777, 41.333745265592768 ], [ 2.151151030134728, 41.333746013197704 ], [ 2.151141353193343, 41.333740249030015 ], [ 2.151115061419166, 41.333708969926626 ], [ 2.151082849116994, 41.333681754606793 ], [ 2.151065948291721, 41.333658939831338 ], [ 2.151063470662288, 41.33365003106708 ], [ 2.151064383429123, 41.3336413995236 ], [ 2.15107107856088, 41.33363106316007 ], [ 2.151098357775508, 41.333613897744705 ], [ 2.15111378432792, 41.333611273222424 ], [ 2.151122470477454, 41.333606824488179 ], [ 2.151149394830081, 41.333590295981928 ], [ 2.151155351524511, 41.333584367884868 ], [ 2.151157054581139, 41.333580218940249 ], [ 2.151155083642335, 41.333567260500502 ], [ 2.151144916996394, 41.33354582852656 ], [ 2.151127071758687, 41.33351567461775 ], [ 2.151115204963605, 41.333487123114622 ], [ 2.151092853482269, 41.333456116272629 ], [ 2.151074121746711, 41.333433495167355 ], [ 2.151073661368282, 41.333424772426675 ], [ 2.151067315009749, 41.333414691162119 ], [ 2.151052629560447, 41.33339521652475 ], [ 2.151035754576936, 41.333376860690478 ], [ 2.151029569506131, 41.333359880801289 ], [ 2.151011783653476, 41.333345409522309 ], [ 2.150983522985356, 41.333312998922437 ], [ 2.150975789805136, 41.333297439816391 ], [ 2.150978993892687, 41.333286294043944 ], [ 2.150952735440083, 41.333261671754869 ], [ 2.150940719995902, 41.333244576788005 ], [ 2.150929650380164, 41.333235631657104 ], [ 2.150937152258876, 41.333206421347924 ], [ 2.150936993833743, 41.333199295177074 ], [ 2.150935329056748, 41.33319681481634 ], [ 2.150925197200018, 41.333191119334799 ], [ 2.150919591869925, 41.33318103452109 ], [ 2.150908789380005, 41.3331718580623 ], [ 2.150902114005971, 41.333174140878576 ], [ 2.150892509709359, 41.333158189643527 ], [ 2.150898228383046, 41.333156233050353 ], [ 2.150856978485718, 41.333094856367119 ], [ 2.150841239760113, 41.333064474749229 ], [ 2.150838635349465, 41.333063491721511 ], [ 2.150736404691426, 41.332925894119377 ], [ 2.150716727571326, 41.332902473310646 ], [ 2.150713344703055, 41.332875857946689 ], [ 2.150705374371836, 41.332851883983949 ], [ 2.150670944941204, 41.332788396641455 ], [ 2.150646947104425, 41.332749847216569 ], [ 2.150592523579609, 41.332679997058726 ], [ 2.150542270311492, 41.332583515191395 ], [ 2.150502162001182, 41.332530353616498 ], [ 2.150485351716625, 41.332512565655286 ], [ 2.150372228110421, 41.332478564665777 ], [ 2.150351810360943, 41.332470775500354 ], [ 2.150304734033984, 41.332414941206885 ], [ 2.150291822484919, 41.332378545299022 ], [ 2.15029783905496, 41.332356971504893 ], [ 2.150341959499285, 41.332309196705353 ], [ 2.15035672945853, 41.332285345555967 ], [ 2.150359030134099, 41.332273832826097 ], [ 2.150356191444616, 41.332262372231604 ], [ 2.150339833445776, 41.332233697412043 ], [ 2.15032071425305, 41.332205993039985 ], [ 2.15026193701071, 41.332130976253048 ], [ 2.150228493785199, 41.332083619638638 ], [ 2.150196852359049, 41.332035555711073 ], [ 2.150167927605162, 41.331980756142165 ], [ 2.150089805630022, 41.331877042363203 ], [ 2.150086614218093, 41.33184675329403 ], [ 2.15007717418093, 41.3318283080988 ], [ 2.150062332421781, 41.331811714605657 ], [ 2.150026751743984, 41.33179091453605 ], [ 2.150014439312488, 41.331781996167614 ], [ 2.150004893932633, 41.331771657019246 ], [ 2.149950750500658, 41.331671182812066 ], [ 2.149852790991393, 41.331512376049318 ], [ 2.149756084250149, 41.331349164735478 ], [ 2.149743413430276, 41.331331055947736 ], [ 2.149726055526579, 41.331314984277263 ], [ 2.149704466252629, 41.33130266453098 ], [ 2.14968117483096, 41.331292584102506 ], [ 2.149574382534126, 41.331234146472625 ], [ 2.149565886951155, 41.331225796714193 ], [ 2.149552610553183, 41.331208313961845 ], [ 2.149524466902963, 41.331157843640796 ], [ 2.149499681922649, 41.331106407297327 ], [ 2.149488352562952, 41.331077048905556 ], [ 2.149487764483132, 41.331057948467183 ], [ 2.149493389915706, 41.331038893945575 ], [ 2.149523581187764, 41.330987053173715 ], [ 2.149530140270362, 41.330969716991568 ], [ 2.149532756164181, 41.330952351671002 ], [ 2.149527889845038, 41.330931418100256 ], [ 2.149515247282383, 41.330911147673355 ], [ 2.149462605932317, 41.330860676455757 ], [ 2.149416642075942, 41.330792959988678 ], [ 2.149321413476291, 41.330644891971978 ], [ 2.149210439741598, 41.330467072506359 ], [ 2.14905290384818, 41.330203336553183 ], [ 2.148961097546329, 41.330058716415202 ], [ 2.148936929536283, 41.330015031034272 ], [ 2.148927142087478, 41.330004960232074 ], [ 2.148912652382247, 41.329998097390053 ], [ 2.148883657658223, 41.329994730318404 ], [ 2.148850080251703, 41.329985384338052 ], [ 2.148834915741284, 41.329984461506712 ], [ 2.148753564757069, 41.330009801713018 ], [ 2.148688316773497, 41.330019047306919 ], [ 2.14868051390095, 41.330018091533695 ], [ 2.147689475418801, 41.330366427778429 ], [ 2.145901658095071, 41.330987713985039 ], [ 2.146085358783188, 41.331285868156449 ], [ 2.1458488124339, 41.331371180232956 ], [ 2.147280375768715, 41.333697466352412 ], [ 2.144279259496088, 41.334747400385368 ], [ 2.145314290029225, 41.336426772653269 ], [ 2.145612080172051, 41.336323261761741 ], [ 2.145627840068276, 41.336324459667281 ], [ 2.145612559155712, 41.336550626580483 ], [ 2.149554881621083, 41.336668075688571 ], [ 2.149559900494533, 41.336669595423224 ], [ 2.149567674144023, 41.336675615885085 ], [ 2.149604651064093, 41.33693013712513 ], [ 2.149745006787989, 41.337969459989807 ], [ 2.149803025375363, 41.338365069157661 ], [ 2.149879045698526, 41.338948934533008 ], [ 2.149949130306847, 41.339436978384001 ], [ 2.149978333942272, 41.3396626627652 ], [ 2.150037005653473, 41.340058807978203 ], [ 2.150196841005744, 41.341229829270986 ], [ 2.15025908842417, 41.341667390480211 ], [ 2.150338356461965, 41.342252999666769 ], [ 2.150407243242469, 41.34273990818901 ], [ 2.150924281396863, 41.346483423974142 ], [ 2.151029841827994, 41.346474897919322 ], [ 2.151032373684405, 41.346471385630167 ], [ 2.151089036788129, 41.34646726380177 ], [ 2.151091582830467, 41.346470020883032 ], [ 2.151181755197269, 41.346462759336823 ], [ 2.151183327150922, 41.34645952820658 ], [ 2.151240762642842, 41.346454835515928 ], [ 2.151243975189483, 41.346457813691003 ], [ 2.151869717172739, 41.346408012174514 ], [ 2.15184937918066, 41.346258336658607 ], [ 2.151835602232283, 41.346258883669037 ], [ 2.15180984610172, 41.346068958425576 ], [ 2.151822383761734, 41.346068114042318 ], [ 2.151801555511314, 41.345912021507594 ], [ 2.151787200274166, 41.345912924553062 ], [ 2.151771270411613, 41.34579938383699 ], [ 2.151769956125045, 41.34576342494254 ], [ 2.151782394795137, 41.345738889927482 ], [ 2.151794725447082, 41.345726361204349 ], [ 2.151809666338337, 41.345719931826807 ], [ 2.151823468479336, 41.345719276914011 ], [ 2.151835439869477, 41.345721535967037 ], [ 2.151849653867099, 41.345727828922165 ], [ 2.151866810605835, 41.345742232359541 ], [ 2.151882121071468, 41.345775484037603 ], [ 2.15190140371656, 41.345903317436019 ], [ 2.15188810210977, 41.345904084137558 ], [ 2.151910072329133, 41.346060617436073 ], [ 2.151924422922337, 41.34606007464388 ], [ 2.151948468601595, 41.346249194592467 ], [ 2.151936413657141, 41.346249682243808 ], [ 2.151957489652446, 41.346401452939027 ], [ 2.152569906385491, 41.346354152606168 ], [ 2.152573007173232, 41.346351004774931 ], [ 2.152628913576428, 41.346346228070779 ], [ 2.15263289390409, 41.346348995678831 ], [ 2.152740584973538, 41.346340204506689 ], [ 2.152642417124738, 41.345628316168579 ], [ 2.152836641903431, 41.345612451530648 ], [ 2.152841199266212, 41.345607584960497 ], [ 2.152959504094936, 41.345598727587827 ], [ 2.152967004362397, 41.345602890242411 ], [ 2.153007398240955, 41.345599728631079 ], [ 2.152853926365114, 41.344492901738548 ], [ 2.153217673145032, 41.344463142451794 ], [ 2.153010637810199, 41.34298761977135 ], [ 2.153005955351787, 41.342943123926794 ], [ 2.153113261000591, 41.342734865836668 ], [ 2.153308282199514, 41.342701135209452 ], [ 2.15337170426126, 41.342735974692644 ], [ 2.153765186664211, 41.342962229477457 ], [ 2.15396583625675, 41.343074515865304 ], [ 2.157689683283961, 41.34519279482133 ], [ 2.157673436235566, 41.34520973624808 ], [ 2.161493904655754, 41.347380059239654 ], [ 2.162500018571042, 41.347947097764333 ], [ 2.1628792406463, 41.348162390442262 ], [ 2.163239208644569, 41.348369254912001 ], [ 2.163142997665161, 41.348464323796669 ], [ 2.163069795864941, 41.34842225757172 ], [ 2.163041201749474, 41.348451315210006 ], [ 2.163377816560573, 41.348641237307319 ], [ 2.163696361698936, 41.348520896540947 ], [ 2.163673663110874, 41.348489813111399 ], [ 2.163634629595176, 41.348504450479894 ], [ 2.163562760093891, 41.348395621146224 ], [ 2.166906552696156, 41.347143917189818 ], [ 2.167133590350928, 41.347492883425225 ], [ 2.167385935930344, 41.347870901561947 ], [ 2.16760842239931, 41.348209700384615 ], [ 2.167925456721793, 41.348699176444534 ], [ 2.168100708927506, 41.3489609423156 ], [ 2.170623309883285, 41.352808635621066 ], [ 2.170929526126267, 41.353271416808923 ], [ 2.172814137056791, 41.356148031934787 ], [ 2.173051290446534, 41.356502697533877 ], [ 2.173054404240406, 41.356515483619944 ], [ 2.173050214317339, 41.356525379841386 ], [ 2.173039419057365, 41.356535769050446 ], [ 2.172955072748977, 41.356593739061495 ], [ 2.169900529063396, 41.358647393539215 ], [ 2.170017183265125, 41.358836006425356 ], [ 2.170198749816179, 41.359116369825863 ], [ 2.170296073778565, 41.359271100734325 ], [ 2.170600566638921, 41.359736166847156 ], [ 2.170930877367581, 41.360251319071942 ], [ 2.175007377352838, 41.358747774024394 ], [ 2.175328928409089, 41.358624531444299 ], [ 2.175359360873376, 41.358615507771475 ], [ 2.175379816364378, 41.358612663842877 ], [ 2.175403395958461, 41.35861425599898 ], [ 2.175424503738171, 41.358620352232151 ], [ 2.175447517781429, 41.358630758724367 ], [ 2.175464184438519, 41.358643939098307 ], [ 2.175643251708995, 41.358916691695541 ], [ 2.175857343542102, 41.35925342329552 ], [ 2.176097147363868, 41.359621370497813 ], [ 2.176125722576277, 41.359610809249297 ], [ 2.176739010182057, 41.360552845973871 ], [ 2.176174398540932, 41.360762089827325 ], [ 2.176160359891143, 41.360739837950881 ], [ 2.175361350912198, 41.361033852197906 ], [ 2.174907912519907, 41.361204717971042 ], [ 2.174536145704684, 41.361338363122755 ], [ 2.174042274058885, 41.36151352026976 ], [ 2.173691168579818, 41.361645713931466 ], [ 2.173843980287036, 41.361879890478974 ], [ 2.173480070088824, 41.362035420193791 ], [ 2.17598308356494, 41.365324115809351 ], [ 2.176824512356273, 41.365020350396229 ], [ 2.177225417883128, 41.364871800654065 ], [ 2.178067170502278, 41.364566082790269 ], [ 2.179279504833538, 41.364120169620307 ], [ 2.17899287725806, 41.363677863059898 ], [ 2.179313673854448, 41.363559872615937 ], [ 2.179704796396146, 41.364163411709505 ], [ 2.180236934501619, 41.364990277462141 ], [ 2.180721503238525, 41.365753875282969 ], [ 2.180752341804741, 41.365795610617212 ], [ 2.180755553291288, 41.365813153158797 ], [ 2.180753104612081, 41.365836789543593 ], [ 2.180743549418795, 41.365858862067036 ], [ 2.180729038201394, 41.365875692943625 ], [ 2.180712313048514, 41.365887914207313 ], [ 2.180696839258867, 41.365895694649886 ], [ 2.180329601540439, 41.36603119213791 ], [ 2.179826669610107, 41.366220694445964 ], [ 2.179675466956265, 41.365978808046336 ], [ 2.176519782750124, 41.367131817617313 ], [ 2.176688881530124, 41.367397903392977 ], [ 2.176392694644421, 41.367422806538691 ], [ 2.176516619581901, 41.368250306577096 ], [ 2.176682224444897, 41.369385734604982 ], [ 2.177039177895172, 41.369356603934598 ], [ 2.177108837027279, 41.369820900313883 ], [ 2.176751736162068, 41.369849953574075 ], [ 2.177089610076665, 41.37214360861374 ], [ 2.177375944051956, 41.372119416958192 ], [ 2.177460947979994, 41.372160522483398 ], [ 2.177618522720916, 41.372361961011457 ], [ 2.177621548332262, 41.372361178261563 ], [ 2.177288122768016, 41.372512679185476 ], [ 2.177094936528505, 41.372753276700138 ], [ 2.176302381506528, 41.372951419697557 ], [ 2.176044577674154, 41.373070176036677 ], [ 2.175472784361737, 41.373326451977427 ], [ 2.175628852036871, 41.373521054787105 ], [ 2.175593636556716, 41.373548515862595 ], [ 2.17550578060951, 41.373665885985943 ], [ 2.175460015330445, 41.373796143872767 ], [ 2.175459291916154, 41.373930884172992 ], [ 2.175503658213367, 41.374061415862506 ], [ 2.17560536377288, 41.37420663347595 ], [ 2.175738120761734, 41.374291950850555 ], [ 2.17552937776409, 41.37450847552136 ], [ 2.175407341144715, 41.374581370057598 ], [ 2.17529771016087, 41.374621376801016 ], [ 2.175195320787917, 41.374637730225636 ], [ 2.175041341603603, 41.374649516205544 ], [ 2.173529244623936, 41.374746762487931 ], [ 2.169998620978319, 41.374955643370214 ], [ 2.167796893871859, 41.374976161401854 ], [ 2.157699730103032, 41.375002501329135 ], [ 2.156237860347793, 41.375008716453472 ], [ 2.154025116275221, 41.375002615187661 ], [ 2.150989199784428, 41.375035152845449 ], [ 2.149898865551036, 41.375074481627152 ], [ 2.149527146054028, 41.375338063011782 ], [ 2.14922688603705, 41.375566183784663 ], [ 2.148957851775212, 41.375767723818058 ], [ 2.148236198825467, 41.3762322292121 ] ] ] ] } },
{ "type": "Feature", "properties": { "unit_id": "04", "unit_name": "Les Corts", "unit_type": "distrito", "unit_source": "Ajuntament de Barcelona Open Data — districtes municipals" }, "geometry": { "type": "Polygon", "coordinates": [ [ [ 2.10341813048874, 41.401102072975718 ], [ 2.103328839719275, 41.401114167742683 ], [ 2.103219318953676, 41.401101063999263 ], [ 2.103179680279518, 41.40109535055533 ], [ 2.103148663969619, 41.401088983711091 ], [ 2.103119609334265, 41.401087856482185 ], [ 2.103088832996597, 41.401090138662809 ], [ 2.103008984529019, 41.401102847236004 ], [ 2.102925783015631, 41.401096576994959 ], [ 2.102909426945703, 41.401058320851419 ], [ 2.102893125865298, 41.400977360722742 ], [ 2.102901911975306, 41.400760041161305 ], [ 2.102894485559395, 41.400667129756428 ], [ 2.102869288404121, 41.400600300531394 ], [ 2.102832667608128, 41.400520272751663 ], [ 2.102776154421369, 41.400445417756202 ], [ 2.102674421381525, 41.400323883751568 ], [ 2.102548948220709, 41.400193756909779 ], [ 2.102418120082755, 41.400051090288834 ], [ 2.102342501337622, 41.399954634736794 ], [ 2.102287536252119, 41.399900274562896 ], [ 2.102216933818943, 41.399825812874887 ], [ 2.102162306671582, 41.399746481163696 ], [ 2.102126393230628, 41.399657311583582 ], [ 2.102089028437753, 41.399577120120846 ], [ 2.102035648068568, 41.39950379164825 ], [ 2.101971540244941, 41.399439370679843 ], [ 2.101806591357626, 41.399280278527968 ], [ 2.101736027786069, 41.3992028218588 ], [ 2.101681036348662, 41.399150457240722 ], [ 2.101575903578615, 41.399078720533225 ], [ 2.101483793258627, 41.399025070645351 ], [ 2.101162232192022, 41.398872744051332 ], [ 2.101063054001441, 41.398832882194547 ], [ 2.100709409367819, 41.398681211615184 ], [ 2.10057647334818, 41.398614802578827 ], [ 2.100529885800531, 41.398582654619638 ], [ 2.100495581593997, 41.398551450275107 ], [ 2.100462720843209, 41.398507092784804 ], [ 2.100459374052357, 41.398345364475212 ], [ 2.100477199709705, 41.398265702135291 ], [ 2.100463103253035, 41.398074489385884 ], [ 2.100444565901854, 41.398002943119188 ], [ 2.100383802451728, 41.397914302889156 ], [ 2.100368304177989, 41.397870045091167 ], [ 2.1003192604369, 41.397785661516664 ], [ 2.100175038854996, 41.397615532782716 ], [ 2.100147040733555, 41.397563598307364 ], [ 2.100092346983554, 41.397363844154874 ], [ 2.100067578595743, 41.397258338647511 ], [ 2.100039806807287, 41.397099225978515 ], [ 2.100010308800006, 41.396973944480784 ], [ 2.099967768576463, 41.396889927779178 ], [ 2.099925130449217, 41.39681249475899 ], [ 2.099841702097615, 41.396704657640861 ], [ 2.099755073093826, 41.396609465332403 ], [ 2.099627467841831, 41.396490875159799 ], [ 2.099498612752434, 41.396384436054731 ], [ 2.099387083138948, 41.396271649739958 ], [ 2.099264925937999, 41.396070377150352 ], [ 2.099119361147363, 41.395769987540518 ], [ 2.099074539462609, 41.395583915942112 ], [ 2.099020897476525, 41.395412380876216 ], [ 2.098967917635674, 41.395349518065714 ], [ 2.098871087479861, 41.395264419135309 ], [ 2.09874841352365, 41.395178302515447 ], [ 2.098619124776945, 41.395075921385938 ], [ 2.098508854241244, 41.394982659666638 ], [ 2.098460145836651, 41.394908528404869 ], [ 2.098408346956443, 41.394788667164093 ], [ 2.098327615283788, 41.394609754033539 ], [ 2.098211491914364, 41.394440156424984 ], [ 2.098086992199545, 41.394252655527815 ], [ 2.097922266607236, 41.394093220786516 ], [ 2.097791806615179, 41.393957105534575 ], [ 2.09801663486671, 41.393637641420888 ], [ 2.098038354564981, 41.393603222966291 ], [ 2.098051293091431, 41.393428723416456 ], [ 2.098479395967749, 41.393156260470548 ], [ 2.098904803510604, 41.392970264627898 ], [ 2.098989923550255, 41.392922233175121 ], [ 2.099127693320442, 41.392811387688681 ], [ 2.099227227747079, 41.392702795426743 ], [ 2.09937576803068, 41.392463344074045 ], [ 2.099478740319465, 41.392368451852114 ], [ 2.099644565440004, 41.392192022047823 ], [ 2.099714638036603, 41.392113277487979 ], [ 2.099796018614156, 41.392004543571637 ], [ 2.099802135518191, 41.391824131928672 ], [ 2.099775503446942, 41.391648931601082 ], [ 2.099775074575829, 41.391456164513428 ], [ 2.099824132144199, 41.390979149013262 ], [ 2.099855816346107, 41.390789675862713 ], [ 2.099946969531548, 41.390420367790462 ], [ 2.099973677684658, 41.390267114392408 ], [ 2.100017584860048, 41.390140454098038 ], [ 2.100170737533996, 41.389904676695508 ], [ 2.100248773423219, 41.389686846411493 ], [ 2.100246861944274, 41.38958839856064 ], [ 2.100197466813881, 41.389378843155342 ], [ 2.100206034523263, 41.389296167387741 ], [ 2.100256875900017, 41.389098774970826 ], [ 2.100307885205892, 41.388953983957471 ], [ 2.100492401335198, 41.38860598922065 ], [ 2.100589863047409, 41.388409884346288 ], [ 2.100704836356956, 41.388264162719125 ], [ 2.101167258546886, 41.388005898543469 ], [ 2.101591780472606, 41.387787737860968 ], [ 2.101881157563519, 41.387654649519575 ], [ 2.10210762696275, 41.387570683714344 ], [ 2.102290769993849, 41.387518104719724 ], [ 2.102254674364121, 41.387467412683094 ], [ 2.102215194550841, 41.387460322006149 ], [ 2.102196356695765, 41.387454239085223 ], [ 2.102167205694399, 41.387440563441906 ], [ 2.102069711278617, 41.387377416779103 ], [ 2.102032345409528, 41.387355777425277 ], [ 2.102012501417839, 41.387346326828485 ], [ 2.101926746960893, 41.387318346831563 ], [ 2.101831805663763, 41.387295672531025 ], [ 2.101598345329748, 41.387249884369282 ], [ 2.101447771547911, 41.387210165553157 ], [ 2.101249635150928, 41.387146709611876 ], [ 2.101114405925457, 41.387081458684477 ], [ 2.101349845703486, 41.38684923629426 ], [ 2.101443786683415, 41.386795961028881 ], [ 2.101538577589829, 41.386726983258917 ], [ 2.101580456004558, 41.386643207315132 ], [ 2.101806993134384, 41.38649491110818 ], [ 2.101880971659212, 41.386412070191518 ], [ 2.101912657994331, 41.386401391426048 ], [ 2.101946398723633, 41.386338764468768 ], [ 2.102006386331754, 41.386285259759987 ], [ 2.102029270430163, 41.386245850428026 ], [ 2.102262617709874, 41.386117900334561 ], [ 2.102291953305483, 41.386063336637591 ], [ 2.102351926037928, 41.385993483030866 ], [ 2.102389766095129, 41.385945813332306 ], [ 2.102491137204204, 41.385885218024647 ], [ 2.102524463785894, 41.385819597172599 ], [ 2.102609877943519, 41.385750428267841 ], [ 2.102680116426662, 41.385585427335442 ], [ 2.102685863517215, 41.385552367253432 ], [ 2.102893228676781, 41.385487474916523 ], [ 2.103381392862377, 41.384578950100874 ], [ 2.103393597201903, 41.384553248015465 ], [ 2.103354489250061, 41.384516744145266 ], [ 2.103434853613422, 41.384367516500433 ], [ 2.103237800003894, 41.38412363426491 ], [ 2.103126097856298, 41.383991965814403 ], [ 2.102931516139118, 41.383783591843759 ], [ 2.102894573066137, 41.383750462492628 ], [ 2.102816391782147, 41.383686935565635 ], [ 2.102732846086697, 41.383627366082024 ], [ 2.102633742965285, 41.383570251353092 ], [ 2.102582141192843, 41.383543808239224 ], [ 2.102475205577005, 41.383495324519203 ], [ 2.102253974327108, 41.383422214259213 ], [ 2.101925654078225, 41.383352708495309 ], [ 2.101591285714218, 41.383285604611444 ], [ 2.101514288412497, 41.383268258467275 ], [ 2.101362345008392, 41.383228790056172 ], [ 2.101181543343836, 41.38317565774129 ], [ 2.101728854851669, 41.381772932728779 ], [ 2.101931666987473, 41.381343030516469 ], [ 2.102540984247632, 41.380686723216478 ], [ 2.102592883208422, 41.38064180224999 ], [ 2.102655833632693, 41.380596321026268 ], [ 2.103179112710394, 41.38027970568163 ], [ 2.103257211513865, 41.380270360163806 ], [ 2.103333004926476, 41.380257592693248 ], [ 2.103391336864005, 41.380245770012493 ], [ 2.103485352760628, 41.380221921084924 ], [ 2.103541363684716, 41.380204936961007 ], [ 2.103651431345155, 41.380166089357473 ], [ 2.10372010496714, 41.380137752549281 ], [ 2.103774344386302, 41.380112335201083 ], [ 2.103861600136801, 41.380065175942327 ], [ 2.103962790995188, 41.379999515633585 ], [ 2.104044630035769, 41.379942694041794 ], [ 2.105498969076284, 41.378876757507285 ], [ 2.105982576103826, 41.379233787520775 ], [ 2.108140929348967, 41.378135587730533 ], [ 2.108167638208427, 41.378094091790253 ], [ 2.108229632131601, 41.378006586939584 ], [ 2.108311990436052, 41.377903413675917 ], [ 2.108389221808978, 41.377817486029421 ], [ 2.108502776116286, 41.377704961350567 ], [ 2.108639513918275, 41.377581347756383 ], [ 2.108733107813014, 41.377488043368494 ], [ 2.108819603307082, 41.377390144143085 ], [ 2.108921884353697, 41.37726058860757 ], [ 2.108985564529632, 41.377169439343156 ], [ 2.109064982990779, 41.377037914144218 ], [ 2.109128660114161, 41.376915409637164 ], [ 2.109181740041896, 41.376800038066499 ], [ 2.109227393456826, 41.376673277532738 ], [ 2.109253449620758, 41.376581359447563 ], [ 2.109289194739018, 41.37642876971541 ], [ 2.109303784922097, 41.376327998552966 ], [ 2.109314079084299, 41.376239096656192 ], [ 2.109319268950894, 41.37614899688203 ], [ 2.109306402719084, 41.375944864591908 ], [ 2.117801223160845, 41.375775647226455 ], [ 2.121057964160575, 41.377707604914455 ], [ 2.121441225425018, 41.377985617568136 ], [ 2.121488313420296, 41.377840215747746 ], [ 2.12153184217956, 41.377685756702178 ], [ 2.121581571273425, 41.377571383354663 ], [ 2.121645429619945, 41.377341624429597 ], [ 2.121653346731156, 41.377260706435578 ], [ 2.121618576717808, 41.376111858901993 ], [ 2.121661928712538, 41.375971135767813 ], [ 2.121786936825706, 41.375694665863108 ], [ 2.122703165949952, 41.375673761188679 ], [ 2.125049015620694, 41.377077293137226 ], [ 2.127582181153936, 41.378561436559188 ], [ 2.130837212916002, 41.380270762231703 ], [ 2.131667452528612, 41.380601066638519 ], [ 2.134807694689544, 41.381532227705158 ], [ 2.137612931320608, 41.382571008691585 ], [ 2.13905716793238, 41.383216366696658 ], [ 2.140707132570586, 41.384171371891789 ], [ 2.142641927136331, 41.385617130484043 ], [ 2.142751049243241, 41.386603457256243 ], [ 2.142939731698579, 41.387677542903184 ], [ 2.143197712924217, 41.388718520906053 ], [ 2.143529434907911, 41.390043408574805 ], [ 2.143649325158602, 41.390500557723108 ], [ 2.143801570316873, 41.391027116048477 ], [ 2.143958233663878, 41.391471459552299 ], [ 2.144344469154223, 41.392384044479073 ], [ 2.144257813124251, 41.392413791314674 ], [ 2.144184076772141, 41.392452551601011 ], [ 2.144146363862087, 41.392478879229003 ], [ 2.144096857678153, 41.392523386318125 ], [ 2.144066249999826, 41.392557723092864 ], [ 2.144054396207615, 41.3925745897198 ], [ 2.142315858838548, 41.392133394788516 ], [ 2.139365744110897, 41.391390331725923 ], [ 2.138767455123983, 41.391238370883542 ], [ 2.130668872792466, 41.392467753573257 ], [ 2.130228097952959, 41.39262919922411 ], [ 2.130168811589579, 41.392660370943254 ], [ 2.130083756082624, 41.392682066488852 ], [ 2.129977658895373, 41.392683949425241 ], [ 2.129887727401062, 41.392663965427829 ], [ 2.129752543173531, 41.39262004488554 ], [ 2.129695231398093, 41.392593557235031 ], [ 2.129630916389653, 41.39255620759225 ], [ 2.129585794014466, 41.392520890173124 ], [ 2.129333013868308, 41.392382565521039 ], [ 2.122269831233704, 41.39062182995761 ], [ 2.120898648403563, 41.390090719927898 ], [ 2.120730624459196, 41.39053334323642 ], [ 2.120551840374222, 41.390804147211142 ], [ 2.120336782543476, 41.391011596829728 ], [ 2.120013054839016, 41.391275695374446 ], [ 2.119838636248567, 41.391370133420303 ], [ 2.119369588536791, 41.39157083883142 ], [ 2.118006517252069, 41.391923895544288 ], [ 2.117560639602918, 41.392224209301965 ], [ 2.117764687926061, 41.392379108490353 ], [ 2.117984038233724, 41.392594006388165 ], [ 2.118184022026623, 41.392877221345337 ], [ 2.118357900398534, 41.39319724767671 ], [ 2.118428924108282, 41.393459688121531 ], [ 2.11847726415066, 41.393760382458318 ], [ 2.118444971838944, 41.394074615169572 ], [ 2.118373422564607, 41.394405873857004 ], [ 2.118294185989797, 41.394588331192196 ], [ 2.118164391451373, 41.394781901747081 ], [ 2.118011500087638, 41.394958483534268 ], [ 2.117803540831355, 41.395129337493529 ], [ 2.117630025561647, 41.395241330104511 ], [ 2.117361910459059, 41.395364225457513 ], [ 2.115962420158224, 41.395723454516975 ], [ 2.115611437268367, 41.395874695110365 ], [ 2.114852010508323, 41.396291676383832 ], [ 2.113125653195681, 41.3972588105757 ], [ 2.112675910278067, 41.39699956580187 ], [ 2.112185646398964, 41.396547914014043 ], [ 2.111936753099696, 41.396363961090785 ], [ 2.111641979479275, 41.396186670223727 ], [ 2.111077590023479, 41.395892900923187 ], [ 2.110913171895407, 41.39582848058425 ], [ 2.109942750661901, 41.395174471424795 ], [ 2.109778953636674, 41.39532902781842 ], [ 2.109617062902038, 41.395506513028117 ], [ 2.109577997603855, 41.395579867402304 ], [ 2.109542179239361, 41.395699423774431 ], [ 2.109535645024427, 41.395778240311358 ], [ 2.109537661997793, 41.395864376096398 ], [ 2.109498073446356, 41.39591268767326 ], [ 2.109655652163275, 41.396124108351898 ], [ 2.109732504018482, 41.396267458707797 ], [ 2.109746092069655, 41.396304476086527 ], [ 2.109697691638611, 41.396576762454359 ], [ 2.109664827073348, 41.396658602303752 ], [ 2.109642656886574, 41.396703612255202 ], [ 2.109628694428602, 41.396727464099541 ], [ 2.109594371433819, 41.396774163477232 ], [ 2.109508454014243, 41.396858637231645 ], [ 2.109429526195838, 41.396941075286357 ], [ 2.109347993440433, 41.397035031699211 ], [ 2.109336469930959, 41.397140892946844 ], [ 2.109321642674213, 41.397187963931408 ], [ 2.109305520562184, 41.397224076193503 ], [ 2.109289617056809, 41.397244463023121 ], [ 2.109264463442378, 41.397267975975339 ], [ 2.109243143752884, 41.397283953223706 ], [ 2.10914952727285, 41.39734259670437 ], [ 2.109051373312618, 41.397417356278375 ], [ 2.109024351986422, 41.397442638194825 ], [ 2.109002974277244, 41.397467234202914 ], [ 2.108952792630811, 41.397553993825376 ], [ 2.108948559901775, 41.397566112131194 ], [ 2.108948160452229, 41.397576089321461 ], [ 2.108950346230483, 41.397586843160703 ], [ 2.108959505481605, 41.397602019630639 ], [ 2.108972274802716, 41.397633149274903 ], [ 2.108971382903761, 41.39766087638715 ], [ 2.108957296092512, 41.397689420077143 ], [ 2.108895622152778, 41.397787196888316 ], [ 2.108878058923143, 41.397829495081638 ], [ 2.108791051899239, 41.398009403953857 ], [ 2.108712466717937, 41.398195475153408 ], [ 2.108703550217197, 41.398249208632244 ], [ 2.108711682734887, 41.398279122403537 ], [ 2.108750017555088, 41.398311097745676 ], [ 2.108651232947236, 41.39845025552232 ], [ 2.108427220012167, 41.398565096417379 ], [ 2.10833435190933, 41.398614396157377 ], [ 2.108287263140688, 41.398643575737843 ], [ 2.108272740061858, 41.398656740198078 ], [ 2.108256965039462, 41.398676428074531 ], [ 2.108191610851072, 41.398822400179213 ], [ 2.107953177574962, 41.399044118239686 ], [ 2.107847466930045, 41.399132311363552 ], [ 2.10777582953368, 41.399202644681345 ], [ 2.107738160224708, 41.399233258105859 ], [ 2.107499232919561, 41.399298592631297 ], [ 2.107415196206225, 41.399334349832309 ], [ 2.107353124785808, 41.399368222782464 ], [ 2.107305750999605, 41.39941116406343 ], [ 2.107262709694469, 41.39946365893875 ], [ 2.107199282729961, 41.399581787095322 ], [ 2.107160109135416, 41.399670702131523 ], [ 2.107125696307949, 41.399736829162755 ], [ 2.107071725664579, 41.399801192964013 ], [ 2.106984086696992, 41.399848351470233 ], [ 2.106847884253813, 41.399917809178262 ], [ 2.106769586807388, 41.399986371597258 ], [ 2.106632779515845, 41.400059082422224 ], [ 2.106481468588974, 41.400131675045422 ], [ 2.10632561965607, 41.40019860345118 ], [ 2.105557983781925, 41.400494510338362 ], [ 2.105527997695169, 41.400509330509323 ], [ 2.105500288474659, 41.400526481492257 ], [ 2.105475173477066, 41.400545763988845 ], [ 2.105448451831034, 41.400570019623324 ], [ 2.105431016832649, 41.40058233599396 ], [ 2.105411561607868, 41.400592797328734 ], [ 2.105390432038532, 41.400601218059855 ], [ 2.105356425811403, 41.400609708003152 ], [ 2.104913447786893, 41.400682084867398 ], [ 2.104588873654942, 41.400768906264148 ], [ 2.103999214593362, 41.400955973139133 ], [ 2.103838287014982, 41.401005183247982 ], [ 2.103609327892479, 41.401065190916867 ], [ 2.103515968525182, 41.401086081451083 ], [ 2.10341813048874, 41.401102072975718 ] ] ] } },
{ "type": "Feature", "properties": { "unit_id": "05", "unit_name": "Sarrià-Sant Gervasi", "unit_type": "distrito", "unit_source": "Ajuntament de Barcelona Open Data — districtes municipals" }, "geometry": { "type": "MultiPolygon", "coordinates": [ [ [ [ 2.058969918348375, 41.435419776083336 ], [ 2.05881352884654, 41.435557210682106 ], [ 2.058317717921654, 41.435659440469799 ], [ 2.058105910446201, 41.435738773069708 ], [ 2.057669248156915, 41.435806355462354 ], [ 2.057672475491183, 41.435748734529412 ], [ 2.057726582022744, 41.435566327473161 ], [ 2.057727480842065, 41.435504183762411 ], [ 2.057666969056231, 41.435301922290691 ], [ 2.057651531527712, 41.435127952968251 ], [ 2.057490405396339, 41.434682568017081 ], [ 2.057481912634277, 41.434607736989406 ], [ 2.057508308685378, 41.434520581438996 ], [ 2.05756143748229, 41.434405721937701 ], [ 2.057885288646181, 41.433944493282624 ], [ 2.057906467071807, 41.433887019333874 ], [ 2.057904776801189, 41.433838365507391 ], [ 2.057890832434048, 41.433809427616538 ], [ 2.057783438249426, 41.433704062170236 ], [ 2.057676876432885, 41.433623924174228 ], [ 2.057639127380542, 41.433585783852735 ], [ 2.057602926859816, 41.433523336211053 ], [ 2.057596866680683, 41.433445822883321 ], [ 2.05762624007223, 41.433401026481739 ], [ 2.057709792837016, 41.433334155357315 ], [ 2.057736720500213, 41.433292941855427 ], [ 2.057763180770042, 41.433201283048284 ], [ 2.057789020282308, 41.43290425029786 ], [ 2.057852543017255, 41.432649860959181 ], [ 2.057854416965442, 41.432603037793257 ], [ 2.05841670084594, 41.431295289124179 ], [ 2.058401601818408, 41.431179802253091 ], [ 2.058437995527628, 41.430898209660917 ], [ 2.058442369551719, 41.430429860163592 ], [ 2.05841232580112, 41.429941412627414 ], [ 2.058393349287573, 41.429763811314245 ], [ 2.058448450001412, 41.429594922970786 ], [ 2.05844719111915, 41.429185075443918 ], [ 2.058330178784135, 41.429000366495707 ], [ 2.058258042530078, 41.428774590696875 ], [ 2.057992441428574, 41.428271604004294 ], [ 2.057690253192635, 41.42789892448296 ], [ 2.057582159065913, 41.427511620979111 ], [ 2.057554227772527, 41.427125874828562 ], [ 2.057678670877307, 41.426796322091569 ], [ 2.057664968485037, 41.426419699885287 ], [ 2.057472849699217, 41.426215459186473 ], [ 2.056790516045344, 41.42581444133711 ], [ 2.05642840216782, 41.425697077690934 ], [ 2.055867813161885, 41.425484407102267 ], [ 2.055299077676595, 41.425421190002574 ], [ 2.054663312759975, 41.425276352566293 ], [ 2.053257458908191, 41.425007179625062 ], [ 2.052885568348648, 41.424822168752797 ], [ 2.05242924903114, 41.424435595900583 ], [ 2.052332905231835, 41.42423033394013 ], [ 2.052407433723783, 41.4242075285567 ], [ 2.052461685768588, 41.424180052413952 ], [ 2.052479948720233, 41.424158585030405 ], [ 2.052480153160956, 41.424062207345678 ], [ 2.052433109975032, 41.42392310564594 ], [ 2.052438328383283, 41.423893424148567 ], [ 2.052473696832172, 41.423847777625014 ], [ 2.052516035182901, 41.423816600362407 ], [ 2.052591851353971, 41.423787500269029 ], [ 2.053062229671546, 41.423700398041539 ], [ 2.053160884993023, 41.423664279626003 ], [ 2.053718983476756, 41.423140136060049 ], [ 2.053759163011355, 41.423092727221253 ], [ 2.053803468236023, 41.423008421879473 ], [ 2.053920403488587, 41.422867066336146 ], [ 2.054000886513461, 41.42284611036154 ], [ 2.054160491814856, 41.422733028435616 ], [ 2.054232507240583, 41.422718307875236 ], [ 2.054441851937411, 41.422723631654577 ], [ 2.054476865578689, 41.422702301620149 ], [ 2.054553782357715, 41.422514678665614 ], [ 2.054617243998267, 41.422429629684309 ], [ 2.054643790143429, 41.422414535209818 ], [ 2.054973559235807, 41.422367703737116 ], [ 2.055145448941636, 41.422315071059927 ], [ 2.055513193452355, 41.422290167732434 ], [ 2.055544564673131, 41.422272410435205 ], [ 2.055594575703097, 41.422207066811744 ], [ 2.055716770708071, 41.422115293407373 ], [ 2.055775418182399, 41.422032005746509 ], [ 2.055941144623351, 41.421909063396512 ], [ 2.056034957334909, 41.421876505724839 ], [ 2.056079842299891, 41.421834539121612 ], [ 2.056143314327861, 41.421748588625171 ], [ 2.056190266174518, 41.421729157491001 ], [ 2.056219361236822, 41.421703274653403 ], [ 2.056379979935413, 41.421437071734623 ], [ 2.056403092136903, 41.421411139776097 ], [ 2.05644412619913, 41.421387156287182 ], [ 2.056464897446818, 41.421357602147019 ], [ 2.056485241330331, 41.421274900700929 ], [ 2.056486284288538, 41.421202849867903 ], [ 2.056441343621202, 41.421000715002528 ], [ 2.056439589412258, 41.420956564238963 ], [ 2.05637750663618, 41.420781311018231 ], [ 2.056377114442927, 41.420477757605177 ], [ 2.056400382751792, 41.420441018013172 ], [ 2.056523016506464, 41.420318622068784 ], [ 2.056570671114634, 41.420250556441111 ], [ 2.056584588758235, 41.420198427507245 ], [ 2.056571286515616, 41.420125358280771 ], [ 2.056580678807664, 41.420055177385784 ], [ 2.056618216344458, 41.419941991643817 ], [ 2.056632970728784, 41.419749353723986 ], [ 2.0566811461381, 41.419645262610054 ], [ 2.056688692641988, 41.419537235376481 ], [ 2.056840876367148, 41.419274565507365 ], [ 2.056856328867273, 41.419199029804851 ], [ 2.056853677624899, 41.419134154598403 ], [ 2.056865006350137, 41.419095515535794 ], [ 2.056940296158373, 41.419019569600543 ], [ 2.057021229477019, 41.418967089182097 ], [ 2.057081913611365, 41.418908137546573 ], [ 2.057107665108687, 41.418865112952609 ], [ 2.057045150385648, 41.418802449331857 ], [ 2.057071136363586, 41.418743213297958 ], [ 2.057121312452948, 41.418666160658638 ], [ 2.057250197387719, 41.418524899524989 ], [ 2.057300933144633, 41.418409119449848 ], [ 2.057281063736279, 41.418293661558373 ], [ 2.057259761655962, 41.41827727363146 ], [ 2.057223830238491, 41.418196813077955 ], [ 2.057230216382941, 41.418168942382984 ], [ 2.057221152601561, 41.418133739137545 ], [ 2.057175115486575, 41.418090126209421 ], [ 2.057087909537231, 41.417831799054085 ], [ 2.057068051639821, 41.417798308812579 ], [ 2.057058054142322, 41.417662214695881 ], [ 2.057032828398433, 41.417503477186912 ], [ 2.05697288164138, 41.41726338820397 ], [ 2.056977799897415, 41.417171552735986 ], [ 2.056946412051789, 41.416942506731964 ], [ 2.056897464128201, 41.416852031189435 ], [ 2.05690593269793, 41.41676292705111 ], [ 2.056894231074621, 41.416661947906825 ], [ 2.056901826669424, 41.416633186394293 ], [ 2.056945471881136, 41.416593911472347 ], [ 2.056962782291735, 41.416555321414563 ], [ 2.056899034708031, 41.415999040365897 ], [ 2.05622584725524, 41.415635024179331 ], [ 2.056085695995114, 41.415315011295164 ], [ 2.055944355881446, 41.415159824486651 ], [ 2.055716718167089, 41.415014738146446 ], [ 2.055231665987305, 41.414467607747802 ], [ 2.054817377395332, 41.414157051417803 ], [ 2.054640908393599, 41.413949331267069 ], [ 2.0548454400162, 41.413409653216569 ], [ 2.054942391170397, 41.412968912389459 ], [ 2.054989045527979, 41.412182365468027 ], [ 2.056851952015201, 41.410329904850634 ], [ 2.057437840320029, 41.410334460387503 ], [ 2.058765132641295, 41.410646478767113 ], [ 2.058996063955007, 41.410985348744582 ], [ 2.058993227389411, 41.411535496339596 ], [ 2.059074293963588, 41.412258696444113 ], [ 2.058869512441991, 41.412458947504156 ], [ 2.058558707178827, 41.412642794922839 ], [ 2.058576097724893, 41.412679934977973 ], [ 2.058589370164583, 41.412702093788717 ], [ 2.058593279701004, 41.412723023033045 ], [ 2.058594549452208, 41.41274838389964 ], [ 2.059198913503125, 41.412777877422137 ], [ 2.059579890228319, 41.412798662070365 ], [ 2.060186953964329, 41.412683365248427 ], [ 2.060778248428339, 41.412726932171907 ], [ 2.06149266583161, 41.412946501495213 ], [ 2.061522244498566, 41.41304420685514 ], [ 2.06156464835672, 41.413110766416281 ], [ 2.061676144176391, 41.413190301734524 ], [ 2.061730904049861, 41.41325134136568 ], [ 2.061764860359409, 41.413280514145939 ], [ 2.061909250175681, 41.413389087240084 ], [ 2.06195051784151, 41.413430704806515 ], [ 2.061963472489106, 41.413453419098168 ], [ 2.062000340805763, 41.413585426435858 ], [ 2.062048428225891, 41.413664683097643 ], [ 2.062626554669007, 41.413603359576051 ], [ 2.063381698982902, 41.41357195770933 ], [ 2.063496070177315, 41.413550233246426 ], [ 2.063988091002461, 41.414160247722847 ], [ 2.064157878388178, 41.414286735039582 ], [ 2.064224516019759, 41.414459731646716 ], [ 2.064254573901654, 41.414521127610094 ], [ 2.06437727047743, 41.415029379241467 ], [ 2.064710918022742, 41.415592550948141 ], [ 2.064903002183254, 41.416092966577679 ], [ 2.064989857123339, 41.416632235953024 ], [ 2.064714639535871, 41.41713645349656 ], [ 2.064408984766828, 41.417645147207423 ], [ 2.064287449176395, 41.417840562220114 ], [ 2.064580493006073, 41.418026231172838 ], [ 2.065665616613181, 41.418127779550744 ], [ 2.066783571826682, 41.418059126487343 ], [ 2.067241900117676, 41.418082398493716 ], [ 2.067572451889214, 41.418294414325935 ], [ 2.068114756851491, 41.418461259133281 ], [ 2.070032939414423, 41.418692123911505 ], [ 2.070484953749521, 41.418812096878405 ], [ 2.070239148382982, 41.420155171034295 ], [ 2.070170836864365, 41.420977350181829 ], [ 2.069960458536088, 41.421343086433062 ], [ 2.069795303768273, 41.421766106643311 ], [ 2.06987385544193, 41.422702952386587 ], [ 2.069543437336695, 41.423051743714559 ], [ 2.069397631108409, 41.423354092517847 ], [ 2.069674057035724, 41.425176081308848 ], [ 2.069336383042982, 41.425265061292187 ], [ 2.067655547317167, 41.425991615700575 ], [ 2.067044552194604, 41.426266540197368 ], [ 2.067015517314664, 41.42635773746084 ], [ 2.067005402628953, 41.42641575633219 ], [ 2.067014728657312, 41.426491427286315 ], [ 2.067048898886866, 41.426565710823041 ], [ 2.067083872212711, 41.42662534890804 ], [ 2.06712009628625, 41.426751655078526 ], [ 2.067115954471394, 41.426814660463492 ], [ 2.067104099627143, 41.426850651651939 ], [ 2.066972853199553, 41.426988799197531 ], [ 2.066862737449504, 41.427215709645871 ], [ 2.066813829664155, 41.427269764509525 ], [ 2.066803809734046, 41.427321889650074 ], [ 2.066818448451214, 41.427388468137579 ], [ 2.06685678302332, 41.427454166545928 ], [ 2.066927506955939, 41.427540646393339 ], [ 2.066956677132676, 41.427646544553006 ], [ 2.067001397754166, 41.427740641153356 ], [ 2.067111529639707, 41.427869767924165 ], [ 2.067163186395712, 41.427905349172256 ], [ 2.067292265630474, 41.428029508606635 ], [ 2.067444520936796, 41.428159488987582 ], [ 2.067466433636938, 41.428212682510519 ], [ 2.067459257513264, 41.428289632785599 ], [ 2.067439872349358, 41.428348506156901 ], [ 2.067441643321778, 41.428416509213704 ], [ 2.067463208135937, 41.428540667475019 ], [ 2.067495425876053, 41.428642165541696 ], [ 2.067572488180079, 41.428703026984238 ], [ 2.06771903565964, 41.428739815735078 ], [ 2.067768122765807, 41.428746991140308 ], [ 2.067866488848359, 41.428796871760881 ], [ 2.067866748701796, 41.428849474483776 ], [ 2.067883415318311, 41.429007531411919 ], [ 2.067830305888331, 41.429130911525519 ], [ 2.067765779486226, 41.429215841028238 ], [ 2.067733657227036, 41.429376448054313 ], [ 2.067813672853178, 41.429544783614723 ], [ 2.067395916963226, 41.429535251265804 ], [ 2.066652974815131, 41.429766189338437 ], [ 2.066412476153755, 41.42980937034757 ], [ 2.065968808063491, 41.430080340968736 ], [ 2.065536551077173, 41.429903817844568 ], [ 2.064581853830155, 41.429914867917802 ], [ 2.064109548297603, 41.430460256801702 ], [ 2.063662208269265, 41.431127631718816 ], [ 2.063463454893133, 41.432069952581628 ], [ 2.063310685016795, 41.432322007019636 ], [ 2.063306187411149, 41.432606389352742 ], [ 2.063316901938685, 41.432904469121191 ], [ 2.063098993489521, 41.432948350401375 ], [ 2.062907810876661, 41.43358316841725 ], [ 2.062120165043987, 41.433358350888788 ], [ 2.060927464476102, 41.433677092768676 ], [ 2.0600203933273, 41.433955246660169 ], [ 2.059833248013302, 41.434115717056592 ], [ 2.05949863909023, 41.434478410032312 ], [ 2.059361522876815, 41.434786402388596 ], [ 2.059317331736793, 41.435066432805556 ], [ 2.059358185121024, 41.435387822640315 ], [ 2.059116498907802, 41.435381342470507 ], [ 2.058969918348375, 41.435419776083336 ] ] ], [ [ [ 2.072554957590326, 41.435468861913542 ], [ 2.072518992212553, 41.435487952591558 ], [ 2.072522317170566, 41.435504517546711 ], [ 2.07278777003773, 41.435752344449241 ], [ 2.072922208545383, 41.435990664596744 ], [ 2.073009706409864, 41.436100845372501 ], [ 2.073100434895895, 41.436159172889177 ], [ 2.073285997053691, 41.436347576237594 ], [ 2.073340212048459, 41.43644846632715 ], [ 2.073027865136711, 41.43660692973166 ], [ 2.072612901397637, 41.436554596453796 ], [ 2.07209977220847, 41.436402473606165 ], [ 2.071813022968688, 41.436325243289851 ], [ 2.071767830328823, 41.436302366615315 ], [ 2.071666166182378, 41.436173664384057 ], [ 2.071180698375302, 41.435300874013969 ], [ 2.071059619201887, 41.435052035232687 ], [ 2.070982183137223, 41.434739889862243 ], [ 2.07093779498985, 41.434398697645669 ], [ 2.070997873357789, 41.434193266826504 ], [ 2.071184096788787, 41.433871970575964 ], [ 2.071356358800196, 41.433353205648949 ], [ 2.071475460176945, 41.433077953553514 ], [ 2.072237317324692, 41.432039874005071 ], [ 2.07312177965687, 41.430665160150255 ], [ 2.073445764424003, 41.430504933758513 ], [ 2.073601600834504, 41.430421438167116 ], [ 2.073719471427437, 41.430368146796376 ], [ 2.07390807860017, 41.430302994399014 ], [ 2.074113632651289, 41.430207468087616 ], [ 2.074333291059328, 41.430070244950024 ], [ 2.074417899336078, 41.430005450590031 ], [ 2.074460945912963, 41.429943995175826 ], [ 2.074494070506394, 41.429916407283599 ], [ 2.074532094155885, 41.429894516643699 ], [ 2.07465231409728, 41.429845432512089 ], [ 2.074876485107744, 41.429761060232188 ], [ 2.074976258070098, 41.429710352574567 ], [ 2.075065078106031, 41.429674397036408 ], [ 2.075268452639095, 41.429613005675634 ], [ 2.075418185040875, 41.429576393214958 ], [ 2.075477916428535, 41.429551662853733 ], [ 2.075542393678768, 41.429514365538289 ], [ 2.075634826432766, 41.429438331646203 ], [ 2.075727453850037, 41.429348548294136 ], [ 2.075804905699439, 41.429255205307612 ], [ 2.075831111318523, 41.429232497437823 ], [ 2.075920190033764, 41.429178208718128 ], [ 2.076096256435147, 41.429109721203929 ], [ 2.076215587946118, 41.429069425984217 ], [ 2.076304568737546, 41.429022011647859 ], [ 2.076475032906269, 41.42890303453234 ], [ 2.076617187165875, 41.428709156116732 ], [ 2.075462390710187, 41.428359158323872 ], [ 2.074586311715944, 41.428107910434157 ], [ 2.073992368039466, 41.42798293473183 ], [ 2.07381817562951, 41.427931930043101 ], [ 2.073525999822219, 41.427799844398855 ], [ 2.073220955961581, 41.42768100443277 ], [ 2.073133001148474, 41.427626877797792 ], [ 2.07299150917956, 41.427523265851995 ], [ 2.073204811257508, 41.427460431524715 ], [ 2.073228062379914, 41.42741555171807 ], [ 2.073208474155871, 41.427294301037769 ], [ 2.073138629284821, 41.427081850156519 ], [ 2.073104735566077, 41.426892409701054 ], [ 2.073087708037927, 41.426848459634485 ], [ 2.073063478792414, 41.426749389476086 ], [ 2.073011335688614, 41.426671737785433 ], [ 2.072976333800933, 41.426591379004996 ], [ 2.07294982127079, 41.42628911224508 ], [ 2.072914973564678, 41.42621229819428 ], [ 2.072816839606372, 41.426130931404558 ], [ 2.072717232986852, 41.426057131058819 ], [ 2.07263986334972, 41.425979295618774 ], [ 2.072573270291617, 41.425872314326064 ], [ 2.072543686221327, 41.425782786542619 ], [ 2.072544639824137, 41.425756553089144 ], [ 2.072618312783835, 41.425620295000655 ], [ 2.072656113420073, 41.425586308591186 ], [ 2.072725836424045, 41.425538525676039 ], [ 2.07277404957105, 41.425494200431423 ], [ 2.07278760952339, 41.425437750649159 ], [ 2.072782852909285, 41.425373572453616 ], [ 2.072762499605405, 41.425327066077813 ], [ 2.072722041861382, 41.425185774580854 ], [ 2.072704688949503, 41.425152841756841 ], [ 2.073006364373271, 41.424989383505896 ], [ 2.073052730689581, 41.424974709286367 ], [ 2.073187516908458, 41.424944180456677 ], [ 2.073424004544262, 41.424945634895174 ], [ 2.073538118910567, 41.424929890773832 ], [ 2.073639201101138, 41.424903409599274 ], [ 2.073939914258239, 41.424858949868877 ], [ 2.074025529326434, 41.424842536765603 ], [ 2.074065586229422, 41.424824008864299 ], [ 2.074148405638236, 41.424806894089599 ], [ 2.074265538230906, 41.424808093714937 ], [ 2.074396470067299, 41.424791613611369 ], [ 2.074540367535298, 41.424779985977722 ], [ 2.074610221495886, 41.424809546517061 ], [ 2.074671402418656, 41.424829291501403 ], [ 2.074770225232534, 41.424848168145132 ], [ 2.074800508181848, 41.424867258079665 ], [ 2.074925933673525, 41.424908745002256 ], [ 2.075158753816526, 41.424995905504801 ], [ 2.07532366868268, 41.424994203709474 ], [ 2.075407931727248, 41.424979280126081 ], [ 2.075446719121194, 41.424962218060017 ], [ 2.075512184137644, 41.424943918304777 ], [ 2.075612043111992, 41.424938267397209 ], [ 2.075705035530539, 41.42492517570151 ], [ 2.075948288318304, 41.424966238877637 ], [ 2.076048122896581, 41.424977588025534 ], [ 2.076075057644327, 41.424985895717278 ], [ 2.076173903896379, 41.425002879258258 ], [ 2.076326178395419, 41.425009061956665 ], [ 2.076374603211937, 41.425025759586305 ], [ 2.076470081617265, 41.425042238075953 ], [ 2.076561597742037, 41.425043208585301 ], [ 2.076627978960028, 41.425053285764044 ], [ 2.076762982305947, 41.425043540885092 ], [ 2.07678099329981, 41.425047134519566 ], [ 2.076900942766791, 41.425049465642061 ], [ 2.077138540153441, 41.425047705477716 ], [ 2.077222472254443, 41.425038340678576 ], [ 2.07740938202332, 41.425000906905943 ], [ 2.077604917784361, 41.424943442665828 ], [ 2.077981467662968, 41.424947467844689 ], [ 2.078118204504079, 41.424941767161428 ], [ 2.078311450962284, 41.424898644229977 ], [ 2.078843753670358, 41.424683810950775 ], [ 2.079233963048433, 41.424545034609785 ], [ 2.079679308434514, 41.424468983870007 ], [ 2.079812811833776, 41.424478660067898 ], [ 2.079906680308753, 41.424465720528389 ], [ 2.080049598011438, 41.424466983344296 ], [ 2.080230599337748, 41.424485549320046 ], [ 2.080278050156499, 41.424512198253595 ], [ 2.080362860169233, 41.424571215827534 ], [ 2.080543525846811, 41.424579395835906 ], [ 2.080587852483153, 41.424411825992173 ], [ 2.080961583110323, 41.424004385788137 ], [ 2.080589163731648, 41.424058917897419 ], [ 2.08055189852887, 41.42405481132527 ], [ 2.08036080015893, 41.423986738221615 ], [ 2.080245500509362, 41.423830042906303 ], [ 2.080224278959621, 41.423727816337085 ], [ 2.080260149766032, 41.423466281581163 ], [ 2.080242399253093, 41.423362383782326 ], [ 2.080161418989911, 41.423184503155809 ], [ 2.080069082152438, 41.423064863294712 ], [ 2.079062809491991, 41.422747932434504 ], [ 2.07870385148548, 41.422660914644347 ], [ 2.078053288944614, 41.422525719702719 ], [ 2.077954642729868, 41.422487992039322 ], [ 2.077908058107949, 41.42247838821342 ], [ 2.077703247080505, 41.422489142490278 ], [ 2.077598406024128, 41.422489362158764 ], [ 2.077195696540147, 41.422415388945559 ], [ 2.076060799564817, 41.422308136676961 ], [ 2.075439327679746, 41.422067977397433 ], [ 2.075340361897672, 41.421977303887857 ], [ 2.075390494054996, 41.421906857731017 ], [ 2.075481786033602, 41.421843751549439 ], [ 2.07567548619562, 41.421755343481962 ], [ 2.075859709159541, 41.421650631114716 ], [ 2.076019720202452, 41.42153911777983 ], [ 2.076113278651444, 41.421489953964048 ], [ 2.076284832318768, 41.421384390764445 ], [ 2.07636671456792, 41.421348207683813 ], [ 2.076519302117821, 41.421257656080421 ], [ 2.07664852654827, 41.421201691306457 ], [ 2.07681770660567, 41.421138822490498 ], [ 2.076952949246624, 41.421023051011943 ], [ 2.077032355127701, 41.420805690984395 ], [ 2.076996425349134, 41.420696222435197 ], [ 2.076996273711131, 41.420622185095525 ], [ 2.077008927296443, 41.420579797525903 ], [ 2.076993057860314, 41.420517607931124 ], [ 2.076959176565301, 41.420431919507088 ], [ 2.076938660685904, 41.420412048186762 ], [ 2.076941718968056, 41.420149621195563 ], [ 2.07693121823825, 41.420103228278379 ], [ 2.07695532296342, 41.420037881556823 ], [ 2.076959478100614, 41.419959820771005 ], [ 2.076938982857242, 41.419905602502489 ], [ 2.07685111913355, 41.419791479251721 ], [ 2.076830508871732, 41.419612792417091 ], [ 2.076831194461648, 41.419532653391848 ], [ 2.0768550335511, 41.419483007818471 ], [ 2.076902891946773, 41.41942564847546 ], [ 2.076953753134541, 41.41938888908544 ], [ 2.077074006407631, 41.419350106907871 ], [ 2.077119567125019, 41.419318720861853 ], [ 2.077196833957119, 41.419244503258348 ], [ 2.077272500892899, 41.419226273400469 ], [ 2.077345066989445, 41.419190449612465 ], [ 2.077446768009324, 41.419079706965228 ], [ 2.077515315004634, 41.419026181740598 ], [ 2.077557101293214, 41.418931679899814 ], [ 2.07756977967497, 41.418917033619998 ], [ 2.077607729874062, 41.418806162290942 ], [ 2.077656164074985, 41.418697460373068 ], [ 2.077649930778692, 41.418597516730081 ], [ 2.077992477469431, 41.41864353317203 ], [ 2.078182613290515, 41.418702117680539 ], [ 2.07847415110518, 41.418826322234445 ], [ 2.078757665294859, 41.418863989590413 ], [ 2.078687310322461, 41.418781578205845 ], [ 2.078614758633688, 41.418638641626629 ], [ 2.078603666201181, 41.418573338720094 ], [ 2.078604781798991, 41.418529144101818 ], [ 2.078640985589344, 41.418484185564154 ], [ 2.078737231755777, 41.41844338957187 ], [ 2.07876196321334, 41.418421871465391 ], [ 2.078768725032392, 41.418395696811295 ], [ 2.078767542834464, 41.418369119519312 ], [ 2.078727139044334, 41.418295077633402 ], [ 2.078686222060305, 41.418184178521557 ], [ 2.078670143258023, 41.418159834989886 ], [ 2.078649048165648, 41.418052308282107 ], [ 2.078647628349261, 41.418004003217781 ], [ 2.078672060735578, 41.417929386139463 ], [ 2.078746556605303, 41.417903940868321 ], [ 2.078792431002836, 41.417877812259633 ], [ 2.078915640642322, 41.417761441040433 ], [ 2.079031957640494, 41.41760116895864 ], [ 2.079086392333435, 41.417464007100456 ], [ 2.079196205447524, 41.417104719197077 ], [ 2.079239144906462, 41.417009052586174 ], [ 2.079260902252016, 41.41693408353872 ], [ 2.079263017966887, 41.416783321071556 ], [ 2.079282960053161, 41.416747107662403 ], [ 2.079476131000126, 41.416516345258522 ], [ 2.079552715194809, 41.416447702218434 ], [ 2.079740590719807, 41.416328213011155 ], [ 2.079809268447221, 41.416245857649457 ], [ 2.079744413050681, 41.415659242769699 ], [ 2.079634246446161, 41.415637243432755 ], [ 2.079504632381367, 41.415596834079395 ], [ 2.079457460651556, 41.415568126961787 ], [ 2.079421967109969, 41.415519440984042 ], [ 2.079342568535197, 41.415389551008495 ], [ 2.079242268546455, 41.415281367812184 ], [ 2.079044099068823, 41.415133011297939 ], [ 2.079024482784781, 41.415101577712832 ], [ 2.079020048575494, 41.415075442857223 ], [ 2.079032981656519, 41.415043623628101 ], [ 2.079123017356799, 41.414978270721875 ], [ 2.079066991695916, 41.414935541791181 ], [ 2.07858518556269, 41.414978809505243 ], [ 2.077339220128648, 41.414627770992311 ], [ 2.077325015047838, 41.414512929303527 ], [ 2.077307284158012, 41.414454454918882 ], [ 2.077310387454353, 41.414441473063256 ], [ 2.077265461829736, 41.414407325842575 ], [ 2.077174134717826, 41.414388362269527 ], [ 2.077114946456494, 41.414349984185861 ], [ 2.077077183148489, 41.414300140331427 ], [ 2.077072992326287, 41.414282596247986 ], [ 2.077006761977594, 41.414243837348351 ], [ 2.07689202303913, 41.414139223127343 ], [ 2.076844956875663, 41.414069524212586 ], [ 2.076831567725578, 41.414028108653007 ], [ 2.076734252919782, 41.413960537570432 ], [ 2.076700653656928, 41.413930156056963 ], [ 2.076601711379125, 41.413875290307764 ], [ 2.076557294228149, 41.413872880105146 ], [ 2.076515854029042, 41.413825024218198 ], [ 2.076494720966063, 41.413777034078677 ], [ 2.076393173126402, 41.413647664702168 ], [ 2.076304380637491, 41.413550392076004 ], [ 2.076282399483486, 41.413439820389726 ], [ 2.07622855184253, 41.413348890273639 ], [ 2.07611606663184, 41.413140311454704 ], [ 2.076042176327283, 41.412930430148272 ], [ 2.075992038601203, 41.412836124896174 ], [ 2.075981701340499, 41.41279893120992 ], [ 2.075974268220273, 41.412787305954495 ], [ 2.075991664221495, 41.412758693913048 ], [ 2.076036082635837, 41.412741540177436 ], [ 2.076047427899225, 41.412727867918264 ], [ 2.075952676493416, 41.412681394168366 ], [ 2.075813366431208, 41.412560683366301 ], [ 2.075545264142547, 41.412391063028153 ], [ 2.075432875879812, 41.412339610134474 ], [ 2.075315207924215, 41.412319604717965 ], [ 2.075263152799745, 41.412304918536158 ], [ 2.075110848521557, 41.412299082447689 ], [ 2.074883318222741, 41.412258791318457 ], [ 2.07473219803158, 41.412243722613624 ], [ 2.07454097298608, 41.412201542979247 ], [ 2.07447010406707, 41.412165294407487 ], [ 2.074375091282053, 41.41204634336794 ], [ 2.0742508189054, 41.411930309420136 ], [ 2.074134065220282, 41.411884756036415 ], [ 2.073951241034273, 41.411870376946148 ], [ 2.07355760235808, 41.411878142873697 ], [ 2.073439562978509, 41.411860798752464 ], [ 2.073313389825698, 41.411783516520828 ], [ 2.073238406327494, 41.411688325369397 ], [ 2.073060955268765, 41.411425652929097 ], [ 2.072944053951915, 41.411397337395513 ], [ 2.072913757396865, 41.411345264435525 ], [ 2.072837553914973, 41.411332580380638 ], [ 2.072809694753751, 41.411306000086469 ], [ 2.072634979703982, 41.411241494781393 ], [ 2.072609888252596, 41.411215495209348 ], [ 2.07259860067218, 41.411179653677685 ], [ 2.072508866159054, 41.411156808025723 ], [ 2.072389157221212, 41.411148438797852 ], [ 2.072280240362526, 41.411111494782354 ], [ 2.072223129862563, 41.411071293409456 ], [ 2.072177727094907, 41.410986941860195 ], [ 2.072136950447405, 41.410954523990746 ], [ 2.072158610317928, 41.410828653000898 ], [ 2.07214240677206, 41.410735547482744 ], [ 2.072103122282401, 41.410624853429688 ], [ 2.072081251888804, 41.410586935847157 ], [ 2.071962616987489, 41.410430042075191 ], [ 2.071867032053582, 41.410170216895672 ], [ 2.071652742899091, 41.409681239231944 ], [ 2.071616482977155, 41.40954896954571 ], [ 2.071575303096056, 41.409416047636746 ], [ 2.071511642214426, 41.409288997290197 ], [ 2.071439427362767, 41.409187125741838 ], [ 2.071359304041005, 41.408917237459114 ], [ 2.071359719484785, 41.408826733984128 ], [ 2.071350529615164, 41.408806654267408 ], [ 2.071350822551882, 41.408764240562967 ], [ 2.071369811390301, 41.408694414973517 ], [ 2.071438902707739, 41.408580361856714 ], [ 2.071567905181097, 41.40844404837042 ], [ 2.071627697881277, 41.408356167799994 ], [ 2.071699924438966, 41.408271432038042 ], [ 2.071741719026541, 41.40822665995146 ], [ 2.071833180543281, 41.408106013469364 ], [ 2.071961912701144, 41.407892728696098 ], [ 2.072039005373167, 41.407725847098192 ], [ 2.072061874707124, 41.407544589096567 ], [ 2.071923701503846, 41.407401419011748 ], [ 2.071523500808415, 41.407186508700427 ], [ 2.07095004784067, 41.407209138728199 ], [ 2.070316824794261, 41.407229956140462 ], [ 2.069999593456683, 41.407027770115043 ], [ 2.07018553571713, 41.406667794119734 ], [ 2.070272433688223, 41.406443331727147 ], [ 2.070502157484799, 41.406040768640807 ], [ 2.071054878320187, 41.405282230342927 ], [ 2.071465815654959, 41.404729752555212 ], [ 2.071749595165396, 41.404381083210673 ], [ 2.072058257597328, 41.404094089706788 ], [ 2.072192279320762, 41.403464191113308 ], [ 2.072792446125073, 41.403157502879878 ], [ 2.073751563301172, 41.403296204804072 ], [ 2.074893613184989, 41.402908979566902 ], [ 2.075040477888404, 41.402990868070965 ], [ 2.075334180984609, 41.403104090851755 ], [ 2.075607155870401, 41.40317791166418 ], [ 2.075850856552708, 41.403206925094054 ], [ 2.076406703135855, 41.403193259158471 ], [ 2.076962424468115, 41.403091382200849 ], [ 2.077350243432817, 41.403003016729919 ], [ 2.07777482401385, 41.402867318583034 ], [ 2.077872642279079, 41.402884237668367 ], [ 2.077979946033914, 41.402913533270578 ], [ 2.078071817281862, 41.402945867632248 ], [ 2.078213662849944, 41.40300598768787 ], [ 2.078478373468589, 41.403082888994284 ], [ 2.078592551790821, 41.403120666464538 ], [ 2.078674370918157, 41.403171878740885 ], [ 2.07874082476292, 41.403220861983911 ], [ 2.078900604938684, 41.403398037097219 ], [ 2.078953939676291, 41.403484832080366 ], [ 2.078989227136094, 41.40356200672511 ], [ 2.079036167588076, 41.403625930088033 ], [ 2.079132509610989, 41.403735816667478 ], [ 2.079178928848751, 41.403773123266355 ], [ 2.079230022203907, 41.403818316351447 ], [ 2.079308067284427, 41.403867899147016 ], [ 2.079585200634785, 41.404056546548752 ], [ 2.079740232654314, 41.404173644192682 ], [ 2.079943436849919, 41.404346954173811 ], [ 2.080063505670405, 41.404463770881399 ], [ 2.080119680543775, 41.40454743000857 ], [ 2.080161768821009, 41.404638350892562 ], [ 2.080203619649568, 41.404746116507162 ], [ 2.08023679798019, 41.404873828243574 ], [ 2.080258597149176, 41.404977318929618 ], [ 2.080313241060403, 41.405149909839594 ], [ 2.080282817551292, 41.405389040673313 ], [ 2.080276930650635, 41.405540607099645 ], [ 2.080281476443167, 41.405662124280909 ], [ 2.080357946316475, 41.405871391431617 ], [ 2.080422249605073, 41.405963466177475 ], [ 2.080577552325602, 41.406003825825024 ], [ 2.080673707308497, 41.406055269224957 ], [ 2.080760000971515, 41.40613401551618 ], [ 2.080839176362023, 41.406242976225535 ], [ 2.0809106313464, 41.406334301662717 ], [ 2.080975309386818, 41.406390361883354 ], [ 2.081144661431846, 41.40646682046917 ], [ 2.081307441276206, 41.406529150378859 ], [ 2.081451790265762, 41.406582093967749 ], [ 2.08162108712743, 41.406639947416494 ], [ 2.081751732520846, 41.406689017028 ], [ 2.081832869264594, 41.406724265793159 ], [ 2.082023745949699, 41.406824903325038 ], [ 2.08220121879844, 41.40692425634127 ], [ 2.082394738783194, 41.407038804736885 ], [ 2.082451685966726, 41.407080694093075 ], [ 2.082497170318944, 41.407137556074545 ], [ 2.082561429721371, 41.40725422771856 ], [ 2.08259576658427, 41.407324917283262 ], [ 2.082640365292969, 41.407479799353808 ], [ 2.082696401270833, 41.407558863185841 ], [ 2.082791516544725, 41.407762513462551 ], [ 2.082863291525493, 41.407810554011299 ], [ 2.083049051965706, 41.407902788332855 ], [ 2.083180804375071, 41.407993023794234 ], [ 2.083264156591946, 41.40806480541314 ], [ 2.083402809555268, 41.408168481577121 ], [ 2.083542586602374, 41.408279124783775 ], [ 2.083560214556705, 41.408355936629654 ], [ 2.08362069332119, 41.408489421484958 ], [ 2.083637888251025, 41.408542568193155 ], [ 2.083770427634366, 41.408631440109701 ], [ 2.083872883404705, 41.408724531918253 ], [ 2.083961516919985, 41.408784154487591 ], [ 2.084065897928824, 41.40886287565143 ], [ 2.084097989168186, 41.408889096006028 ], [ 2.084135273769864, 41.408938347410732 ], [ 2.084161481957229, 41.408990393917833 ], [ 2.084176896170105, 41.40904855072344 ], [ 2.084186420147166, 41.409092917071703 ], [ 2.084175791147975, 41.409156366518452 ], [ 2.084127812928583, 41.409282229421613 ], [ 2.084125961712595, 41.40931998832945 ], [ 2.084133392745201, 41.409354838761807 ], [ 2.084185758768168, 41.409387063618915 ], [ 2.084265213233293, 41.409405097545488 ], [ 2.084436921701373, 41.409456863492082 ], [ 2.084568184616959, 41.409499144096564 ], [ 2.084723815594199, 41.409540084441979 ], [ 2.084889590307404, 41.409581111565188 ], [ 2.085033259693091, 41.409606689622457 ], [ 2.085207188767452, 41.409644722206906 ], [ 2.085455742343829, 41.409713894709846 ], [ 2.085694793990731, 41.409737171166284 ], [ 2.086001468834308, 41.409712113539534 ], [ 2.086250706363005, 41.409652893956611 ], [ 2.086538866335248, 41.409580453675595 ], [ 2.086695734433099, 41.409532827310059 ], [ 2.086824103110099, 41.409492607444406 ], [ 2.086893535528614, 41.409459560723128 ], [ 2.087074637446938, 41.409274670657901 ], [ 2.087158909915908, 41.409195924224619 ], [ 2.087257382510265, 41.409117285879461 ], [ 2.08738224892862, 41.409037333653394 ], [ 2.087486569151515, 41.408975544895263 ], [ 2.087591962637032, 41.408929899601986 ], [ 2.087866668531178, 41.408849687538812 ], [ 2.088059827180388, 41.408787660355912 ], [ 2.088238786414979, 41.408734937612572 ], [ 2.088446053085673, 41.408670664329968 ], [ 2.088669468031072, 41.408609962133717 ], [ 2.089228392299336, 41.408510898700683 ], [ 2.089599905232285, 41.408439685199546 ], [ 2.090041852528561, 41.408361965745598 ], [ 2.090323912490033, 41.40831475972832 ], [ 2.090445954566372, 41.408307480083778 ], [ 2.090899194451004, 41.408316944182552 ], [ 2.091074549797037, 41.408298316881847 ], [ 2.09134730960484, 41.408236289676701 ], [ 2.091534726537326, 41.408207048870125 ], [ 2.091725331665164, 41.40819319333918 ], [ 2.092054435127721, 41.408244423109267 ], [ 2.092222088088534, 41.408274816695624 ], [ 2.092364980500893, 41.408282467246501 ], [ 2.092505058374376, 41.408284655817866 ], [ 2.092664154255127, 41.408269597203656 ], [ 2.092794471250716, 41.408246699246511 ], [ 2.09310167182076, 41.408176260759376 ], [ 2.093320271480442, 41.408141003553723 ], [ 2.093628684712566, 41.408086881209933 ], [ 2.093824222496486, 41.408048188770984 ], [ 2.094008278275256, 41.408003959675526 ], [ 2.094108338883735, 41.40797538596609 ], [ 2.094231508264853, 41.407946994099071 ], [ 2.094359816761127, 41.407931311539372 ], [ 2.094561075045871, 41.407930010488471 ], [ 2.09475027651202, 41.407931497507874 ], [ 2.095007384855319, 41.407931342184412 ], [ 2.095154817549162, 41.407923798778683 ], [ 2.095280636475755, 41.407912826327617 ], [ 2.095489369520346, 41.407885766159744 ], [ 2.095652498707721, 41.407849785574157 ], [ 2.09616996764759, 41.407946171096043 ], [ 2.096224197825739, 41.407966737777684 ], [ 2.0964421972534, 41.408109593268385 ], [ 2.096655097344765, 41.408240608539288 ], [ 2.096698334694894, 41.408357423427709 ], [ 2.096785828080071, 41.408572390493006 ], [ 2.096872915132234, 41.408701840216082 ], [ 2.096946236767279, 41.408804728731191 ], [ 2.0970795679522, 41.408931262545643 ], [ 2.097221614327986, 41.409050295625356 ], [ 2.097267146754227, 41.409083107657061 ], [ 2.097324289656822, 41.409107356402096 ], [ 2.097446212233201, 41.409123458954753 ], [ 2.097601313181048, 41.409130081853327 ], [ 2.097805549041429, 41.409116533937748 ], [ 2.097960992966576, 41.409098277747376 ], [ 2.098158334983083, 41.40906412104281 ], [ 2.098407691524554, 41.409008735708895 ], [ 2.098657099632899, 41.408950108453631 ], [ 2.098830161558703, 41.408904943322 ], [ 2.099003362957621, 41.40886178948552 ], [ 2.099685839696837, 41.40861153379543 ], [ 2.100276820828324, 41.408414447476538 ], [ 2.100361984652264, 41.408404798997466 ], [ 2.100490731317073, 41.408387582658278 ], [ 2.100607196866767, 41.408368171433381 ], [ 2.100654105476861, 41.408261207060768 ], [ 2.100733555304382, 41.408117048513326 ], [ 2.101020634451541, 41.407656343792439 ], [ 2.101138742194222, 41.407526711577482 ], [ 2.101239292594131, 41.407404070588512 ], [ 2.101306367851358, 41.407316261995398 ], [ 2.101437113807595, 41.407224538793471 ], [ 2.101514688878563, 41.407135040310934 ], [ 2.101559262251832, 41.40708676882636 ], [ 2.101601845715464, 41.406995697253564 ], [ 2.101610101811259, 41.406910002598849 ], [ 2.101630187797957, 41.406813115768507 ], [ 2.10165821120359, 41.406716711557408 ], [ 2.101667355264831, 41.406609886020718 ], [ 2.101707913024139, 41.406451305682779 ], [ 2.10171393191244, 41.406292455666744 ], [ 2.101711527891321, 41.406188432251327 ], [ 2.101704840263005, 41.406080538210908 ], [ 2.101754060139415, 41.405882558379211 ], [ 2.101766276881591, 41.405757269893847 ], [ 2.101752872649961, 41.405601863995813 ], [ 2.101753653690051, 41.405442309211359 ], [ 2.101772016559663, 41.405237159898768 ], [ 2.101787271033512, 41.405155369630378 ], [ 2.101811783741902, 41.405119394232173 ], [ 2.101853158138187, 41.405089934045961 ], [ 2.101976674454427, 41.405046219369744 ], [ 2.10224329971751, 41.404972773457835 ], [ 2.102430398579147, 41.404928491523179 ], [ 2.102864982830726, 41.404816062154609 ], [ 2.103058780392383, 41.404714372818034 ], [ 2.103201302674839, 41.404641714481336 ], [ 2.10341197101194, 41.404507079735211 ], [ 2.103590406911866, 41.40440311159486 ], [ 2.103653392108658, 41.404314908508375 ], [ 2.103707639441228, 41.404235286284099 ], [ 2.103753683837639, 41.404125321541919 ], [ 2.103786696499353, 41.404022820639135 ], [ 2.103802205124041, 41.403939653917831 ], [ 2.103816553419401, 41.403835926722742 ], [ 2.103838166427393, 41.403621931772442 ], [ 2.103843577247679, 41.403541933578609 ], [ 2.103842806919221, 41.403388333174242 ], [ 2.103825499934749, 41.403288688390248 ], [ 2.10380342477873, 41.40322253585326 ], [ 2.103784008926885, 41.40317154737803 ], [ 2.103716883705359, 41.403037983312615 ], [ 2.103684815251645, 41.402967426615788 ], [ 2.103625654252086, 41.402776596515508 ], [ 2.103586789277651, 41.402677864625957 ], [ 2.103546185710181, 41.402600751508253 ], [ 2.103487146155071, 41.402506192279922 ], [ 2.103408102776409, 41.402403903659682 ], [ 2.1032201461958, 41.402177456603695 ], [ 2.103179424359551, 41.40210899860616 ], [ 2.103152933871351, 41.402050383194592 ], [ 2.10313664847147, 41.401981033861006 ], [ 2.103130621721299, 41.401896618434783 ], [ 2.103141865422224, 41.401810170434629 ], [ 2.1031641260771, 41.401758428511279 ], [ 2.103177733727964, 41.401708777325368 ], [ 2.103175649828644, 41.401651433050503 ], [ 2.103146527771456, 41.401575493774281 ], [ 2.103118552748247, 41.401520108566061 ], [ 2.103098262403356, 41.401463973484304 ], [ 2.103088983936166, 41.401400542620941 ], [ 2.103065261376584, 41.40133153702704 ], [ 2.103015554838627, 41.401253591612694 ], [ 2.102957215385178, 41.401170115839321 ], [ 2.102925783015631, 41.401096576994959 ], [ 2.103008984529019, 41.401102847236004 ], [ 2.103088832996597, 41.401090138662809 ], [ 2.103119609334265, 41.401087856482185 ], [ 2.103148663969619, 41.401088983711091 ], [ 2.103179680279518, 41.40109535055533 ], [ 2.103219318953676, 41.401101063999263 ], [ 2.103328839719275, 41.401114167742683 ], [ 2.10341813048874, 41.401102072975718 ], [ 2.103515968525182, 41.401086081451083 ], [ 2.103609327892479, 41.401065190916867 ], [ 2.103838287014982, 41.401005183247982 ], [ 2.103999214593362, 41.400955973139133 ], [ 2.104588873654942, 41.400768906264148 ], [ 2.104913447786893, 41.400682084867398 ], [ 2.105356425811403, 41.400609708003152 ], [ 2.105384931152503, 41.40060298669043 ], [ 2.105411561607868, 41.400592797328734 ], [ 2.105431016832649, 41.40058233599396 ], [ 2.105448451831034, 41.400570019623324 ], [ 2.105475173477066, 41.400545763988845 ], [ 2.105500288474659, 41.400526481492257 ], [ 2.105527997695169, 41.400509330509323 ], [ 2.105557983781925, 41.400494510338362 ], [ 2.10629923041931, 41.400209195731996 ], [ 2.106424832117974, 41.400156882171679 ], [ 2.106542558990613, 41.400103308428122 ], [ 2.106657530220595, 41.400046445256557 ], [ 2.106769586807388, 41.399986371597258 ], [ 2.106847880723495, 41.399917811019897 ], [ 2.106984086696992, 41.399848351470233 ], [ 2.107071725664579, 41.399801192964013 ], [ 2.107125696307949, 41.399736829162755 ], [ 2.107160109135416, 41.399670702131523 ], [ 2.107199282729961, 41.399581787095322 ], [ 2.107262709694469, 41.39946365893875 ], [ 2.107305750999605, 41.39941116406343 ], [ 2.107353124785808, 41.399368222782464 ], [ 2.107415196206225, 41.399334349832309 ], [ 2.107499232919561, 41.399298592631297 ], [ 2.107738160224708, 41.399233258105859 ], [ 2.10777582953368, 41.399202644681345 ], [ 2.107847466930045, 41.399132311363552 ], [ 2.107953177574962, 41.399044118239686 ], [ 2.108191610851072, 41.398822400179213 ], [ 2.108256965039462, 41.398676428074531 ], [ 2.108272740061858, 41.398656740198078 ], [ 2.108287263140688, 41.398643575737843 ], [ 2.10833435190933, 41.398614396157377 ], [ 2.108427220012167, 41.398565096417379 ], [ 2.108651232947236, 41.39845025552232 ], [ 2.108750017555088, 41.398311097745676 ], [ 2.108711682734887, 41.398279122403537 ], [ 2.108703550217197, 41.398249208632244 ], [ 2.108712466717937, 41.398195475153408 ], [ 2.108791051899239, 41.398009403953857 ], [ 2.108878058923143, 41.397829495081638 ], [ 2.108895622152778, 41.397787196888316 ], [ 2.108957296092512, 41.397689420077143 ], [ 2.108971382903761, 41.39766087638715 ], [ 2.108972274802716, 41.397633149274903 ], [ 2.108959505481605, 41.397602019630639 ], [ 2.108950346230483, 41.397586843160703 ], [ 2.108948160452229, 41.397576089321461 ], [ 2.108948559901775, 41.397566112131194 ], [ 2.108952792630811, 41.397553993825376 ], [ 2.109002974277244, 41.397467234202914 ], [ 2.109024351986422, 41.397442638194825 ], [ 2.109051373312618, 41.397417356278375 ], [ 2.10914952727285, 41.39734259670437 ], [ 2.109243143752884, 41.397283953223706 ], [ 2.109264463442378, 41.397267975975339 ], [ 2.109289617056809, 41.397244463023121 ], [ 2.109305520562184, 41.397224076193503 ], [ 2.109321642674213, 41.397187963931408 ], [ 2.109336469930959, 41.397140892946844 ], [ 2.109347993440433, 41.397035031699211 ], [ 2.109429526195838, 41.396941075286357 ], [ 2.109508454014243, 41.396858637231645 ], [ 2.109594371433819, 41.396774163477232 ], [ 2.109628694428602, 41.396727464099541 ], [ 2.109642656886574, 41.396703612255202 ], [ 2.109664827073348, 41.396658602303752 ], [ 2.109697691638611, 41.396576762454359 ], [ 2.109746092069655, 41.396304476086527 ], [ 2.109732504018482, 41.396267458707797 ], [ 2.109655652163275, 41.396124108351898 ], [ 2.109498073446356, 41.39591268767326 ], [ 2.109537661997793, 41.395864376096398 ], [ 2.109535645024427, 41.395778240311358 ], [ 2.109542179239361, 41.395699423774431 ], [ 2.109577997603855, 41.395579867402304 ], [ 2.109617062902038, 41.395506513028117 ], [ 2.109778953636674, 41.39532902781842 ], [ 2.109942750661901, 41.395174471424795 ], [ 2.110913171895407, 41.39582848058425 ], [ 2.111077590023479, 41.395892900923187 ], [ 2.111641979479275, 41.396186670223727 ], [ 2.111936753099696, 41.396363961090785 ], [ 2.112185646398964, 41.396547914014043 ], [ 2.112675910278067, 41.39699956580187 ], [ 2.113125653195681, 41.3972588105757 ], [ 2.114852010508323, 41.396291676383832 ], [ 2.115611437268367, 41.395874695110365 ], [ 2.115962420158224, 41.395723454516975 ], [ 2.117361910459059, 41.395364225457513 ], [ 2.117630025561647, 41.395241330104511 ], [ 2.117803540831355, 41.395129337493529 ], [ 2.118011500087638, 41.394958483534268 ], [ 2.118164391451373, 41.394781901747081 ], [ 2.118294185989797, 41.394588331192196 ], [ 2.118373422564607, 41.394405873857004 ], [ 2.118444971838944, 41.394074615169572 ], [ 2.11847726415066, 41.393760382458318 ], [ 2.118428924108282, 41.393459688121531 ], [ 2.118357900398534, 41.39319724767671 ], [ 2.118184022026623, 41.392877221345337 ], [ 2.117984038233724, 41.392594006388165 ], [ 2.117764687926061, 41.392379108490353 ], [ 2.117560639602918, 41.392224209301965 ], [ 2.118006517252069, 41.391923895544288 ], [ 2.119369588536791, 41.39157083883142 ], [ 2.119838636248567, 41.391370133420303 ], [ 2.120013054839016, 41.391275695374446 ], [ 2.120336782543476, 41.391011596829728 ], [ 2.120551840374222, 41.390804147211142 ], [ 2.120730624459196, 41.39053334323642 ], [ 2.120898648403563, 41.390090719927898 ], [ 2.122269831233704, 41.39062182995761 ], [ 2.129333013868308, 41.392382565521039 ], [ 2.129585794014466, 41.392520890173124 ], [ 2.129630916389653, 41.39255620759225 ], [ 2.129695231398093, 41.392593557235031 ], [ 2.129752543173531, 41.39262004488554 ], [ 2.129887727401062, 41.392663965427829 ], [ 2.129977658895373, 41.392683949425241 ], [ 2.130083756082624, 41.392682066488852 ], [ 2.130168811589579, 41.392660370943254 ], [ 2.130228097952959, 41.39262919922411 ], [ 2.130668872792466, 41.392467753573257 ], [ 2.138767455123983, 41.391238370883542 ], [ 2.139365744110897, 41.391390331725923 ], [ 2.142315858838548, 41.392133394788516 ], [ 2.144054396207615, 41.3925745897198 ], [ 2.144066249999826, 41.392557723092864 ], [ 2.144096857678153, 41.392523386318125 ], [ 2.144146363862087, 41.392478879229003 ], [ 2.144184076772141, 41.392452551601011 ], [ 2.144257813124251, 41.392413791314674 ], [ 2.144344469154223, 41.392384044479073 ], [ 2.144401134825884, 41.392371855367834 ], [ 2.144451841151867, 41.392365332669435 ], [ 2.144519255539841, 41.392363527997006 ], [ 2.144582638019724, 41.392368178706612 ], [ 2.144656959163047, 41.392381503848242 ], [ 2.144727800106797, 41.392402999893555 ], [ 2.144789272079394, 41.39243085490854 ], [ 2.144835243911134, 41.392458203765251 ], [ 2.144890338470921, 41.392501092576417 ], [ 2.144939456806612, 41.392553683059333 ], [ 2.144967692114186, 41.392597020768704 ], [ 2.144990481821859, 41.392650640594361 ], [ 2.145001881632813, 41.392706283533109 ], [ 2.14500232546655, 41.392754567003109 ], [ 2.144995040080954, 41.392803009217879 ], [ 2.144978354118129, 41.39285501159646 ], [ 2.155710715849692, 41.395570938564219 ], [ 2.155258935930589, 41.396353102091389 ], [ 2.154931169924808, 41.396777172953563 ], [ 2.151225786550292, 41.400491987209797 ], [ 2.151159454110999, 41.400725887016812 ], [ 2.15117016455789, 41.400903772870294 ], [ 2.1512246721593, 41.401052757936952 ], [ 2.151229503068099, 41.401151479566551 ], [ 2.151213415961671, 41.401323151617753 ], [ 2.151155276345097, 41.401492225521181 ], [ 2.151071059321488, 41.40162985101874 ], [ 2.150100787256222, 41.402883230931195 ], [ 2.150013750891421, 41.403014727715629 ], [ 2.149923187146122, 41.403207557323981 ], [ 2.149919364118387, 41.403267735074884 ], [ 2.15002817635848, 41.403780542133617 ], [ 2.150087625651823, 41.403875830055412 ], [ 2.150251384950056, 41.404028547224058 ], [ 2.15032612025531, 41.404140213619741 ], [ 2.150367595314235, 41.404253383610474 ], [ 2.150373552708667, 41.404367300147186 ], [ 2.150355292075288, 41.404451187058761 ], [ 2.15002148827097, 41.405305368695686 ], [ 2.149971070037421, 41.405509357848345 ], [ 2.149977278562218, 41.405598451630162 ], [ 2.150041696859977, 41.405779842696326 ], [ 2.150067367706359, 41.405994941706517 ], [ 2.149571168588277, 41.406479890112536 ], [ 2.149335575229976, 41.406622804014624 ], [ 2.149026909048454, 41.406890320527189 ], [ 2.148935724511353, 41.406826798213928 ], [ 2.148941359652603, 41.406822210055587 ], [ 2.14883991733294, 41.406751534615864 ], [ 2.148835440740645, 41.406755356697388 ], [ 2.148791352036425, 41.406726107522751 ], [ 2.148827501488986, 41.406695398258115 ], [ 2.148829766891388, 41.406696910258326 ], [ 2.148965449495754, 41.406584284665833 ], [ 2.148913617878407, 41.406548881104577 ], [ 2.148796267573218, 41.406650156834907 ], [ 2.148722562819725, 41.406602143032437 ], [ 2.148697364426584, 41.406623394269992 ], [ 2.148703048186969, 41.40662688549849 ], [ 2.148523916148266, 41.406777011514258 ], [ 2.148511210807063, 41.4067684504599 ], [ 2.148485856188362, 41.406772325184342 ], [ 2.148472434138005, 41.406782278188373 ], [ 2.148447295520314, 41.40676420418901 ], [ 2.14838482882144, 41.406812021861441 ], [ 2.148497194641271, 41.406891713094623 ], [ 2.148481665110681, 41.406904550908855 ], [ 2.14847995749905, 41.406903385314074 ], [ 2.14837647495098, 41.406988974041354 ], [ 2.148658950055839, 41.407188319228645 ], [ 2.147667881222943, 41.408001476744602 ], [ 2.146075418142569, 41.409966952350516 ], [ 2.145964752590616, 41.410134462503208 ], [ 2.145601185519372, 41.410825392223138 ], [ 2.145464941929427, 41.410957352594124 ], [ 2.145361329207969, 41.411052508502955 ], [ 2.145263232556057, 41.411132268254782 ], [ 2.145162500600857, 41.411192790884364 ], [ 2.145003940266586, 41.411269563282787 ], [ 2.144774949386622, 41.411341218136819 ], [ 2.144469369588331, 41.411382848625891 ], [ 2.143150464334575, 41.411485717014024 ], [ 2.140956041430209, 41.411726741380313 ], [ 2.140818304883874, 41.411770903322314 ], [ 2.140697692142497, 41.411838513319779 ], [ 2.137957406570774, 41.413974314653267 ], [ 2.137723042579678, 41.414109854592681 ], [ 2.137220370552094, 41.41433083119702 ], [ 2.137024969367212, 41.414458685776744 ], [ 2.136151711331046, 41.415223325620694 ], [ 2.136090170047325, 41.4153505334233 ], [ 2.136077486664137, 41.4154260071466 ], [ 2.136062578454631, 41.415588825685099 ], [ 2.136108876049197, 41.415711278422464 ], [ 2.136198923072883, 41.415873638386294 ], [ 2.136314803515491, 41.415987851896389 ], [ 2.135259873389458, 41.416931508526012 ], [ 2.134321483865808, 41.417707568535675 ], [ 2.134179071148297, 41.417797093830671 ], [ 2.133956612261755, 41.417900464370021 ], [ 2.133675285865144, 41.418010543130151 ], [ 2.132785398772437, 41.418300292014791 ], [ 2.132581590795012, 41.418401899891322 ], [ 2.132352988976325, 41.418551095942838 ], [ 2.132277888761743, 41.418578074327861 ], [ 2.132179748009408, 41.418582990762033 ], [ 2.132077330173671, 41.418556835169319 ], [ 2.131826668399545, 41.418419742059008 ], [ 2.131603626149092, 41.418323930858961 ], [ 2.131476212670832, 41.41828511974574 ], [ 2.13134248154768, 41.418253466752169 ], [ 2.131244672429832, 41.418235325817975 ], [ 2.131144663582049, 41.418226013505425 ], [ 2.131069978397265, 41.418227232926363 ], [ 2.130990950912199, 41.4182382196067 ], [ 2.13066944515929, 41.418311687467245 ], [ 2.130612619077048, 41.418312483075226 ], [ 2.130545442253987, 41.418284836868843 ], [ 2.130220459770106, 41.418664832272064 ], [ 2.130059052933335, 41.419111822616117 ], [ 2.130103337141186, 41.419371211715585 ], [ 2.130129750519148, 41.419508144509301 ], [ 2.130135066750242, 41.419567093422373 ], [ 2.130128813850848, 41.419605237728518 ], [ 2.130086490320469, 41.419647252723657 ], [ 2.130042512478334, 41.419660791654834 ], [ 2.129995417554205, 41.419656832546508 ], [ 2.129949161323718, 41.419634864863731 ], [ 2.129908842618387, 41.419607357448982 ], [ 2.129867426009389, 41.419572455608183 ], [ 2.129837641569658, 41.419544667543178 ], [ 2.129753580182394, 41.419486203890578 ], [ 2.129699949024279, 41.419460937639769 ], [ 2.129646793508335, 41.419444862560375 ], [ 2.129596195798164, 41.419434391426272 ], [ 2.129546691192858, 41.419431674946637 ], [ 2.129502704388473, 41.419436926751033 ], [ 2.129462964905372, 41.419446714401658 ], [ 2.129399420636904, 41.419473974701283 ], [ 2.129317232181875, 41.419520352693844 ], [ 2.129252319309551, 41.419533153705203 ], [ 2.129206717369755, 41.419544644341308 ], [ 2.129154285698685, 41.419562172297546 ], [ 2.129070612015779, 41.419596541849266 ], [ 2.129025119507334, 41.419637451568839 ], [ 2.128951596126328, 41.419784436937732 ], [ 2.128913891960199, 41.419866659691714 ], [ 2.128881833261375, 41.419898933841331 ], [ 2.12885493135879, 41.419918726676542 ], [ 2.128823152032219, 41.419930988375121 ], [ 2.12878983117055, 41.419933240123981 ], [ 2.12875823576382, 41.419931739816604 ], [ 2.12872334723798, 41.419927728505435 ], [ 2.1286886092021, 41.41991245901329 ], [ 2.128640909317812, 41.419869600607576 ], [ 2.128479477542008, 41.419744597469155 ], [ 2.128405112489227, 41.41970652709113 ], [ 2.128345302767858, 41.419698579762084 ], [ 2.128225064972514, 41.419728924564794 ], [ 2.128133354389002, 41.419743217982145 ], [ 2.128061978797421, 41.419727688658362 ], [ 2.127887066357161, 41.419617588927636 ], [ 2.127850914890829, 41.419597084147973 ], [ 2.127581717794188, 41.419497420383543 ], [ 2.127452747802745, 41.419375455169359 ], [ 2.127462192549282, 41.419249783717454 ], [ 2.127565989910984, 41.419194085173615 ], [ 2.127723553176177, 41.419113517490551 ], [ 2.127920541927511, 41.419009839888709 ], [ 2.128024303787258, 41.418947970555379 ], [ 2.128133125688589, 41.418817322559207 ], [ 2.128166801428955, 41.418763442986616 ], [ 2.128179935330917, 41.418704768904895 ], [ 2.128168187387337, 41.418659813771939 ], [ 2.12808899523596, 41.41857567853652 ], [ 2.127960618479237, 41.418475713662914 ], [ 2.127907897049542, 41.418416549428734 ], [ 2.127900617010318, 41.418345335387151 ], [ 2.127909614506861, 41.418288170251174 ], [ 2.127943121397922, 41.41824511641456 ], [ 2.128015981346614, 41.418185336761603 ], [ 2.128144523275952, 41.418119025291276 ], [ 2.128372774119338, 41.417987732756409 ], [ 2.128616026097184, 41.417810146995286 ], [ 2.128859212156911, 41.41756217598455 ], [ 2.128924055560733, 41.417486103616483 ], [ 2.128936045806373, 41.41743593281668 ], [ 2.128928496925189, 41.417421659249797 ], [ 2.128792974505509, 41.417478872515687 ], [ 2.128783840970706, 41.41746578938492 ], [ 2.128044988536411, 41.417797521032952 ], [ 2.126444061388133, 41.418510656294934 ], [ 2.125862408579833, 41.418767817376086 ], [ 2.125316177702533, 41.419007213695544 ], [ 2.125152255909031, 41.419073731249526 ], [ 2.124928061650414, 41.419154427244493 ], [ 2.124842495873454, 41.419179862854726 ], [ 2.124728852779078, 41.419210957650868 ], [ 2.124287399484487, 41.419396514170217 ], [ 2.123028973868352, 41.419933463401577 ], [ 2.122873458374457, 41.419998312336141 ], [ 2.121558439306928, 41.420561313789008 ], [ 2.121547560961234, 41.420542482617236 ], [ 2.121445319770435, 41.420586918384245 ], [ 2.121287130956578, 41.420651887963459 ], [ 2.121290056915227, 41.420655873587215 ], [ 2.121162873910274, 41.420710073687744 ], [ 2.12147167227677, 41.420842917540327 ], [ 2.121505383556871, 41.420868575957606 ], [ 2.12153328006776, 41.420920797955809 ], [ 2.121537408508866, 41.420983845560137 ], [ 2.121512106855577, 41.421124438713875 ], [ 2.121470130602857, 41.421234315247894 ], [ 2.121401503952856, 41.42134865409659 ], [ 2.121307576069503, 41.421459683085011 ], [ 2.120982377802645, 41.421762380032312 ], [ 2.120882965319054, 41.421877140876205 ], [ 2.120771772753253, 41.422052548788287 ], [ 2.120426506601406, 41.422721918810922 ], [ 2.12043830983014, 41.422802337412001 ], [ 2.120537319158745, 41.423058185057521 ], [ 2.120545089976055, 41.423113748311117 ], [ 2.120449974836243, 41.423746982830302 ], [ 2.120467905246886, 41.423940041252628 ], [ 2.120515259560623, 41.424107653405073 ], [ 2.121311215557653, 41.425386576624554 ], [ 2.12134386311597, 41.425467334451888 ], [ 2.121358930540571, 41.425550750309185 ], [ 2.121347151430002, 41.425620215776611 ], [ 2.121321675949229, 41.425675885329142 ], [ 2.121253871978156, 41.425755461569466 ], [ 2.12121495218692, 41.425782627955556 ], [ 2.121266887062339, 41.425831844064135 ], [ 2.121219745442713, 41.425868009033231 ], [ 2.121183454262741, 41.425886911811304 ], [ 2.121115867201847, 41.425909741066185 ], [ 2.121027690229875, 41.425932587862704 ], [ 2.120959694107539, 41.425942692247098 ], [ 2.12088813708099, 41.425946100040406 ], [ 2.120752888896436, 41.425934555798896 ], [ 2.119559295535286, 41.425739990112334 ], [ 2.11928199345384, 41.425868328494886 ], [ 2.118934881644685, 41.425813298043849 ], [ 2.118478735872559, 41.425967724478959 ], [ 2.11806149801449, 41.426138493129983 ], [ 2.117745746748963, 41.426217816081234 ], [ 2.117105391866565, 41.426268618243 ], [ 2.116808639810253, 41.426415091552343 ], [ 2.116322285991212, 41.426661720828854 ], [ 2.115661343258713, 41.426777361658594 ], [ 2.115460979785416, 41.426876710681967 ], [ 2.115409172463869, 41.426948911736993 ], [ 2.115406009295401, 41.427186675861556 ], [ 2.115432544371623, 41.42738008768162 ], [ 2.115416588928776, 41.427494395075307 ], [ 2.115363797062931, 41.427593685526304 ], [ 2.115083054094009, 41.427817474018333 ], [ 2.114479147778021, 41.428061471988578 ], [ 2.114183243199926, 41.428150451386351 ], [ 2.113753774550226, 41.428325989255974 ], [ 2.113558540234342, 41.428398608333055 ], [ 2.113323616779069, 41.428503569967198 ], [ 2.113006687212428, 41.428369518166917 ], [ 2.112939524415692, 41.428360208395723 ], [ 2.112873608653147, 41.428378987239753 ], [ 2.112462999492439, 41.428590833477479 ], [ 2.112376938748613, 41.428611422458047 ], [ 2.11233695382335, 41.428613006679143 ], [ 2.112259776048759, 41.428597064618998 ], [ 2.112197743926468, 41.42857482626161 ], [ 2.112162112042827, 41.428555147582074 ], [ 2.112022136398001, 41.428424795605572 ], [ 2.111988499497778, 41.428402443183515 ], [ 2.111923465772096, 41.428371956810892 ], [ 2.111864152713242, 41.428350332240498 ], [ 2.111740573244693, 41.428333978415132 ], [ 2.111410001440489, 41.428310407653477 ], [ 2.111163558172048, 41.428287033558981 ], [ 2.111014593740782, 41.428283778326048 ], [ 2.110943105592336, 41.428290804541767 ], [ 2.110148838351204, 41.428475944998475 ], [ 2.109712684313172, 41.428416546806574 ], [ 2.109200772860115, 41.428728367636694 ], [ 2.109005726138503, 41.428751130256622 ], [ 2.108403165150587, 41.428721947557925 ], [ 2.107720334256953, 41.428635467947977 ], [ 2.106679021580009, 41.428632829054024 ], [ 2.106341001909042, 41.428503312740602 ], [ 2.105853689249968, 41.42856391935338 ], [ 2.105810001540227, 41.428614850393963 ], [ 2.105745334381451, 41.428783552887126 ], [ 2.105535975911091, 41.428805088398313 ], [ 2.105306098377397, 41.428839471293465 ], [ 2.10436340879932, 41.428529272743944 ], [ 2.104042949987073, 41.428361289060234 ], [ 2.103594767567567, 41.428109620413551 ], [ 2.103220444315642, 41.428074029401259 ], [ 2.102981260589599, 41.42826210429584 ], [ 2.102705729074584, 41.428432372536427 ], [ 2.102607040034372, 41.428474922463245 ], [ 2.10252048729237, 41.428500623541282 ], [ 2.102131486652212, 41.42866852610414 ], [ 2.102110361224726, 41.428685601583609 ], [ 2.101937699078715, 41.42895644630967 ], [ 2.101842057183098, 41.429087512424168 ], [ 2.101696037010038, 41.429220054012404 ], [ 2.101384004357183, 41.429521342076839 ], [ 2.101295278686057, 41.429612709969234 ], [ 2.101273562773269, 41.429644676972671 ], [ 2.101260670401745, 41.429678814570487 ], [ 2.101260923208461, 41.42971082952733 ], [ 2.101266821547479, 41.429716035766567 ], [ 2.101263405937075, 41.429724843619141 ], [ 2.101145600675857, 41.429787913946143 ], [ 2.100969518718041, 41.429837721015637 ], [ 2.100682483591552, 41.429905097309167 ], [ 2.099899536209554, 41.430110782913786 ], [ 2.099556383583472, 41.430137672182397 ], [ 2.099145505574858, 41.430122095289818 ], [ 2.098794693473947, 41.430754403763771 ], [ 2.098724883821645, 41.43088960163707 ], [ 2.098851739113239, 41.43131032951198 ], [ 2.098906934822402, 41.431468415546952 ], [ 2.098927368414672, 41.431574255481529 ], [ 2.098940765014488, 41.431698652268864 ], [ 2.098811687768725, 41.431748557142903 ], [ 2.098511210043021, 41.431927787542698 ], [ 2.097656228646503, 41.43222186160132 ], [ 2.097212394176129, 41.432447467290537 ], [ 2.097085007324853, 41.432501431098494 ], [ 2.096994106304203, 41.432612770586573 ], [ 2.096963849553496, 41.43264082560195 ], [ 2.096908592634668, 41.432673003561135 ], [ 2.096864431685311, 41.432692586072896 ], [ 2.096723818349752, 41.432737048353502 ], [ 2.096316043800917, 41.43310395210046 ], [ 2.096234477180059, 41.433171155205876 ], [ 2.096069325839081, 41.433272407093234 ], [ 2.095733472311325, 41.433090924724574 ], [ 2.095585744416065, 41.432925887929798 ], [ 2.095488880097758, 41.432853814932869 ], [ 2.095390545819238, 41.432844540795827 ], [ 2.094837094628597, 41.432756363644273 ], [ 2.094712781172241, 41.432758910111694 ], [ 2.094519350355242, 41.432555807616623 ], [ 2.094324903312699, 41.432395408996896 ], [ 2.094177483383663, 41.432186068204665 ], [ 2.094147870136256, 41.432158506749239 ], [ 2.094072190764437, 41.432109857978467 ], [ 2.094039200958652, 41.432034031533668 ], [ 2.093929234335915, 41.431713049461237 ], [ 2.09383671925902, 41.431649009148124 ], [ 2.093750764062575, 41.431536892263274 ], [ 2.093633931098127, 41.431312858051918 ], [ 2.093600327684635, 41.431268585589009 ], [ 2.093511235928493, 41.431180930613593 ], [ 2.093394641289712, 41.4310405695973 ], [ 2.093340534954679, 41.430983413519002 ], [ 2.093088165033234, 41.430832807964393 ], [ 2.093049267894813, 41.430793220731559 ], [ 2.092996273306615, 41.430754167252942 ], [ 2.092945422889799, 41.430728749618872 ], [ 2.092904976499178, 41.430681448051942 ], [ 2.092850332793007, 41.43054549163714 ], [ 2.092796620362466, 41.430435103702244 ], [ 2.092766900113056, 41.430387892218292 ], [ 2.09270838991389, 41.430312108094185 ], [ 2.092623898214658, 41.430242992804764 ], [ 2.092520299957786, 41.430186743824812 ], [ 2.092497336768702, 41.430164976478487 ], [ 2.092447768783671, 41.430056987692296 ], [ 2.092439605078267, 41.430023497099739 ], [ 2.092443037906413, 41.429932616622075 ], [ 2.092428498250588, 41.429815634932645 ], [ 2.092288027120655, 41.429612614085201 ], [ 2.092136708994971, 41.429546908039498 ], [ 2.092056177387553, 41.429529563544726 ], [ 2.091940575131557, 41.429525003563747 ], [ 2.091751784682411, 41.429487425051093 ], [ 2.09159041204774, 41.429367744001063 ], [ 2.091497545506315, 41.429291109366844 ], [ 2.091428249004986, 41.429243109550676 ], [ 2.091330061990498, 41.429213050679522 ], [ 2.091136802781589, 41.42918789819754 ], [ 2.091116853698781, 41.429177306353964 ], [ 2.091033426802956, 41.429097941010149 ], [ 2.091007457575744, 41.429067309098187 ], [ 2.090993170570328, 41.428964189339212 ], [ 2.090834554549053, 41.428812719008356 ], [ 2.090425973544965, 41.428643781338891 ], [ 2.09015994909644, 41.428871030813994 ], [ 2.090033343554896, 41.428939155856135 ], [ 2.089205746344421, 41.429213837387202 ], [ 2.089103249433599, 41.429215542170837 ], [ 2.08905894233962, 41.429204543338692 ], [ 2.089015917510021, 41.42918291892763 ], [ 2.088976513212919, 41.429144442984281 ], [ 2.088937892104984, 41.429072740288561 ], [ 2.088930591799723, 41.429004708686087 ], [ 2.088906299955962, 41.428908372029291 ], [ 2.088851993814031, 41.428816752207794 ], [ 2.088822310587782, 41.428740374284082 ], [ 2.08878988046106, 41.428621547626513 ], [ 2.088327754468422, 41.428646430901928 ], [ 2.088108774492155, 41.428675529675914 ], [ 2.087675245920867, 41.428751337174674 ], [ 2.087259811850434, 41.428784041571078 ], [ 2.086913133378704, 41.428835652201208 ], [ 2.08645728931472, 41.42888024999592 ], [ 2.086157348894076, 41.428914924323202 ], [ 2.086060508651346, 41.428939258708702 ], [ 2.085935895851367, 41.428983675076154 ], [ 2.085891748046598, 41.428992872158041 ], [ 2.085733294377429, 41.429001824457131 ], [ 2.085576005877732, 41.429070319801937 ], [ 2.085551084424926, 41.429102897608743 ], [ 2.085430326567965, 41.429229545377567 ], [ 2.085390306306113, 41.42929265493251 ], [ 2.085368906219993, 41.429315727938331 ], [ 2.084090104958018, 41.429888231597324 ], [ 2.083890490434077, 41.429972996070447 ], [ 2.083807287356927, 41.430034304739493 ], [ 2.0837430229624, 41.430092716334052 ], [ 2.08370421748801, 41.430164537422172 ], [ 2.083705846368116, 41.430240743981642 ], [ 2.083728106438966, 41.430289685054902 ], [ 2.083853320566981, 41.4304176432614 ], [ 2.083801600582987, 41.43049672449618 ], [ 2.083668764841057, 41.430646950715108 ], [ 2.08341830204489, 41.430852753298204 ], [ 2.083333891534324, 41.430823050019285 ], [ 2.083296178934003, 41.430814336796516 ], [ 2.083055619099754, 41.430799478052556 ], [ 2.082991292315333, 41.430784988318074 ], [ 2.08275783219998, 41.430758399636133 ], [ 2.082663987414524, 41.430764035899514 ], [ 2.082631644969664, 41.430772836891073 ], [ 2.082610640504641, 41.430784585796836 ], [ 2.082595573605259, 41.430802311914945 ], [ 2.082564326940867, 41.430888756265091 ], [ 2.082479954691602, 41.431037346681983 ], [ 2.082460024824323, 41.431091750658496 ], [ 2.08245107556153, 41.43113849513491 ], [ 2.082451096057619, 41.431185351248651 ], [ 2.082459594521471, 41.431226339642826 ], [ 2.082515646447024, 41.431329864664441 ], [ 2.082582452803822, 41.431481395420185 ], [ 2.082496294565567, 41.431538676817723 ], [ 2.082317605819072, 41.431629324292501 ], [ 2.082194598448883, 41.431664928521059 ], [ 2.0821032805754, 41.431672627031517 ], [ 2.082036860535593, 41.431669649288281 ], [ 2.081437049748458, 41.431576428602362 ], [ 2.081388419386879, 41.431519868059453 ], [ 2.08122454838316, 41.431376177528385 ], [ 2.081172811439082, 41.43132273748995 ], [ 2.081142002506219, 41.431281846388096 ], [ 2.081120131465518, 41.431240809576728 ], [ 2.081107780910496, 41.431201258237529 ], [ 2.081104579734817, 41.431166124845177 ], [ 2.081110017004427, 41.431131184655861 ], [ 2.081122748279522, 41.431102516226808 ], [ 2.081194634867966, 41.431016721506104 ], [ 2.081209048933109, 41.430991594058831 ], [ 2.08121628685124, 41.430961149812411 ], [ 2.0812178050312, 41.43086266240153 ], [ 2.08122570003747, 41.430829012464827 ], [ 2.081251642182849, 41.43076747152849 ], [ 2.081252840246661, 41.430746287140302 ], [ 2.081245575846543, 41.430730963647441 ], [ 2.081226060350877, 41.430713969148059 ], [ 2.081172787483478, 41.430683622127965 ], [ 2.081120272660267, 41.430662700567616 ], [ 2.081055684565747, 41.43064552600773 ], [ 2.080982010792141, 41.430633189038652 ], [ 2.080910081637998, 41.430627925181284 ], [ 2.080843892522614, 41.430629596738449 ], [ 2.080769566784699, 41.430638828245947 ], [ 2.08068719887139, 41.430656151335292 ], [ 2.08042836513464, 41.430725058970467 ], [ 2.080353473988101, 41.430751867436399 ], [ 2.080283913009174, 41.430784158333459 ], [ 2.080216829475842, 41.430823079120003 ], [ 2.080176380172661, 41.430853215341791 ], [ 2.080151806260574, 41.43087979739947 ], [ 2.08013822581354, 41.430904983338692 ], [ 2.080133312524271, 41.430930949025566 ], [ 2.080136852217247, 41.430953897870211 ], [ 2.080174405440462, 41.431014716377568 ], [ 2.080181349924163, 41.431040122568284 ], [ 2.080173365437714, 41.431135916264523 ], [ 2.080177907596923, 41.431160488683638 ], [ 2.080230872417253, 41.431245873346228 ], [ 2.080246445739355, 41.431283831560343 ], [ 2.08025817421643, 41.431336526186385 ], [ 2.080266553440351, 41.431422866829074 ], [ 2.080266551728335, 41.431504520431872 ], [ 2.080259729244739, 41.431559460930956 ], [ 2.080215648456659, 41.431707195668949 ], [ 2.080198315951119, 41.43173957134826 ], [ 2.080173190816102, 41.431768122329409 ], [ 2.080132980218834, 41.431799948040535 ], [ 2.079969805759684, 41.431890362230185 ], [ 2.079930268722129, 41.431905983292197 ], [ 2.079885625227293, 41.431916096560542 ], [ 2.079635132686783, 41.431942919698024 ], [ 2.079585032723869, 41.431943386697334 ], [ 2.079475045842496, 41.431933962119984 ], [ 2.079205820513406, 41.43194841196285 ], [ 2.079058946182932, 41.431984104600403 ], [ 2.079018386902595, 41.431988774588604 ], [ 2.078831420806948, 41.43196904796325 ], [ 2.078673406639549, 41.431957828413637 ], [ 2.078598511412422, 41.431957734308412 ], [ 2.078164707339857, 41.432034936552647 ], [ 2.078026468938134, 41.4320708820104 ], [ 2.077915288055561, 41.432106188349046 ], [ 2.077823113207336, 41.432141844275023 ], [ 2.077742724513662, 41.432180260322838 ], [ 2.07754396868872, 41.432300265276737 ], [ 2.077360509520088, 41.432394419275937 ], [ 2.077313401303511, 41.432425674611586 ], [ 2.077216549268369, 41.432518831103408 ], [ 2.077082070691009, 41.432619497104376 ], [ 2.076893567312022, 41.432770076138759 ], [ 2.076714171590882, 41.432849990347492 ], [ 2.076100079442828, 41.432913767989035 ], [ 2.075584757533151, 41.43293672549057 ], [ 2.075400202205645, 41.43293639632931 ], [ 2.075348926393194, 41.432952245692753 ], [ 2.075293679443612, 41.432962433039172 ], [ 2.075174369488793, 41.433039603543627 ], [ 2.075095580827167, 41.433195085876953 ], [ 2.074951202452131, 41.433301643336769 ], [ 2.074901238292337, 41.43334813162037 ], [ 2.074867926416024, 41.433388256086452 ], [ 2.074845098669856, 41.433444134842134 ], [ 2.074846555068994, 41.433477536530198 ], [ 2.074871998117452, 41.433566924035482 ], [ 2.075057683811977, 41.433848799157602 ], [ 2.075065968425155, 41.433870591627006 ], [ 2.075064330510867, 41.433933738520253 ], [ 2.075048056132482, 41.434000983285252 ], [ 2.075045123222119, 41.434052482182196 ], [ 2.075079914756287, 41.434183446884134 ], [ 2.075128240320027, 41.434457676718502 ], [ 2.075131271867495, 41.434503734351516 ], [ 2.075123718854935, 41.434565005467874 ], [ 2.074994517623496, 41.434864969645155 ], [ 2.07477228979133, 41.435301791775416 ], [ 2.074326270341735, 41.435353392875307 ], [ 2.074192090900625, 41.435358691122502 ], [ 2.07394887018519, 41.435348033690062 ], [ 2.073886400591435, 41.435330462094029 ], [ 2.073813227620583, 41.435294555314734 ], [ 2.073783923113845, 41.435288915095185 ], [ 2.073675722463828, 41.435282045557308 ], [ 2.073489753445814, 41.435254391441106 ], [ 2.073323438015175, 41.43524424521717 ], [ 2.073187310852099, 41.435211621694442 ], [ 2.073126140478857, 41.435218028891086 ], [ 2.073092490845236, 41.435230935817316 ], [ 2.073020528107105, 41.435270736644533 ], [ 2.073000203707152, 41.435286768326705 ], [ 2.072862750763133, 41.435440204712101 ], [ 2.072832070894051, 41.435458692065879 ], [ 2.072754057701372, 41.435466073946806 ], [ 2.072606561563203, 41.435460233634352 ], [ 2.072554957590326, 41.435468861913542 ] ] ] ] } },
{ "type": "Feature", "properties": { "unit_id": "06", "unit_name": "Gràcia", "unit_type": "distrito", "unit_source": "Ajuntament de Barcelona Open Data — districtes municipals" }, "geometry": { "type": "Polygon", "coordinates": [ [ [ 2.136285109790881, 41.423627106324425 ], [ 2.136209062128886, 41.423683714623351 ], [ 2.136157227272995, 41.423769868949478 ], [ 2.136139217561279, 41.423855574663406 ], [ 2.136147834465319, 41.424256151761135 ], [ 2.136126998230419, 41.424340479720875 ], [ 2.136070767439019, 41.424445840887039 ], [ 2.135979699006481, 41.42454492341642 ], [ 2.135903471147073, 41.424598773870628 ], [ 2.135805219066351, 41.424647522755507 ], [ 2.135105805706008, 41.424879675945853 ], [ 2.135059765579669, 41.424804045608241 ], [ 2.135047432968756, 41.424786478449043 ], [ 2.13503913287703, 41.424762636397062 ], [ 2.135038397780425, 41.424736869584407 ], [ 2.135047575470923, 41.424703602040879 ], [ 2.135064272592276, 41.424671841227784 ], [ 2.135077961440108, 41.424650335287772 ], [ 2.135103243089538, 41.424620980942947 ], [ 2.135188555644559, 41.424540915593603 ], [ 2.13529613916008, 41.424450929238546 ], [ 2.135331768852109, 41.424417329046989 ], [ 2.13534405298314, 41.424402469016897 ], [ 2.135360908072838, 41.424376825399889 ], [ 2.135367096522905, 41.424361388114896 ], [ 2.135370173724365, 41.424336910996004 ], [ 2.135367401871949, 41.42431130902478 ], [ 2.135342879709122, 41.424247352024246 ], [ 2.135309646255427, 41.424181528054689 ], [ 2.135253834879852, 41.424085620648192 ], [ 2.135212333110151, 41.424029651695022 ], [ 2.135160191317602, 41.423972873138965 ], [ 2.135072098651511, 41.423892756216866 ], [ 2.13499906749277, 41.423832047105876 ], [ 2.13496304153814, 41.42380528464728 ], [ 2.134910421726672, 41.423775533722115 ], [ 2.134880996273465, 41.423756568884514 ], [ 2.134859467650111, 41.423737499443149 ], [ 2.134846139754052, 41.423722807157311 ], [ 2.134832916884593, 41.423683975709373 ], [ 2.134783499154687, 41.42357629213226 ], [ 2.134758557898565, 41.423583532940611 ], [ 2.134647517441425, 41.423609557651041 ], [ 2.134633716075481, 41.423588070481358 ], [ 2.134596908327973, 41.423548169862222 ], [ 2.134567119994869, 41.423511375558682 ], [ 2.134480691548389, 41.423387143228773 ], [ 2.134440729774583, 41.423323430168935 ], [ 2.134401787668877, 41.423255031887933 ], [ 2.134373799043138, 41.423199884893997 ], [ 2.134333018903627, 41.423107702111771 ], [ 2.134313971490649, 41.423073150347456 ], [ 2.134292751101773, 41.423040023419638 ], [ 2.134284427569857, 41.423017081875315 ], [ 2.134273095690284, 41.422951242253625 ], [ 2.134237604738092, 41.42285819849107 ], [ 2.134219545774373, 41.422803297321892 ], [ 2.134213737511247, 41.422780194551407 ], [ 2.134211638655855, 41.422758020440618 ], [ 2.134214022098466, 41.422695706854746 ], [ 2.134220119804699, 41.422669090704453 ], [ 2.134244331261464, 41.422622073890508 ], [ 2.13426126756255, 41.422598421683432 ], [ 2.13428070470513, 41.422576589781677 ], [ 2.13433097035748, 41.422531210194201 ], [ 2.134437741086747, 41.422448243915753 ], [ 2.13464824243224, 41.42232360649362 ], [ 2.134695366421527, 41.422257035614201 ], [ 2.134777374102353, 41.422163585122995 ], [ 2.134706340884319, 41.422130324836878 ], [ 2.134681775897514, 41.42214181372514 ], [ 2.134526320834853, 41.422184555669411 ], [ 2.13443946657335, 41.422207871061339 ], [ 2.134358302395198, 41.422224437586969 ], [ 2.134273232435926, 41.422237740990916 ], [ 2.134078814563373, 41.422256013140064 ], [ 2.133842847966256, 41.422287753549185 ], [ 2.133553740380407, 41.422335369720273 ], [ 2.133484280872952, 41.422360833060679 ], [ 2.133403605331623, 41.422394996560698 ], [ 2.133338413621764, 41.422426704670059 ], [ 2.133211482637879, 41.422481414421448 ], [ 2.133138422025664, 41.422504085134221 ], [ 2.133034560360809, 41.422544601636517 ], [ 2.133008986641026, 41.422551822042472 ], [ 2.132910476899577, 41.422570535709362 ], [ 2.132850566418775, 41.422583415173982 ], [ 2.132814184640507, 41.422587176279215 ], [ 2.13274260698059, 41.422583817393537 ], [ 2.132665139468929, 41.422577918997433 ], [ 2.132601669348892, 41.422575017474344 ], [ 2.132563153045865, 41.42257101600385 ], [ 2.13238710912169, 41.422560960299208 ], [ 2.13231604410317, 41.42255415516275 ], [ 2.132184579026419, 41.422546660194875 ], [ 2.132047289764404, 41.422535292972825 ], [ 2.131903086262963, 41.422527323266245 ], [ 2.131902330441954, 41.422532857141803 ], [ 2.131626668307393, 41.422551052518791 ], [ 2.131064251173199, 41.422671748255553 ], [ 2.131000489010482, 41.422675491137269 ], [ 2.130811524897956, 41.4226992214342 ], [ 2.130750502902545, 41.422709263068327 ], [ 2.130722295179536, 41.422719246363613 ], [ 2.130580256163427, 41.422749951304262 ], [ 2.130559308404516, 41.422733318381169 ], [ 2.130420175202753, 41.422722917093317 ], [ 2.130388241466776, 41.422718865567312 ], [ 2.130348618811647, 41.422711684372366 ], [ 2.130095732339839, 41.422627390397359 ], [ 2.130050384030676, 41.422614346996781 ], [ 2.12995015463815, 41.422566381026691 ], [ 2.130044398614684, 41.422451312027967 ], [ 2.130086484709173, 41.422409295277085 ], [ 2.130476728872749, 41.421960612120856 ], [ 2.130685126076571, 41.421804016257894 ], [ 2.130910903140706, 41.421555495203876 ], [ 2.131251977566629, 41.42134651336039 ], [ 2.131264736154637, 41.421332443691796 ], [ 2.131252098344356, 41.421317159904319 ], [ 2.131238089615408, 41.421292324174708 ], [ 2.131229835620078, 41.421261748218519 ], [ 2.131235690318145, 41.421222200197263 ], [ 2.131246271925434, 41.421177080734168 ], [ 2.131260321669779, 41.42113033008809 ], [ 2.131281751021149, 41.421082968612453 ], [ 2.131300939677295, 41.421052884511873 ], [ 2.131320729725828, 41.421027957208601 ], [ 2.131342589029996, 41.421004000315065 ], [ 2.131430785779693, 41.420923004690785 ], [ 2.131484826265523, 41.42087098932349 ], [ 2.131571820932851, 41.420781391408568 ], [ 2.131621463801421, 41.420725307443369 ], [ 2.131665248676741, 41.420672385893475 ], [ 2.131747470492215, 41.420563746102275 ], [ 2.131844213089447, 41.420430427328185 ], [ 2.131898336908245, 41.420361316252446 ], [ 2.132005734538405, 41.42023477927664 ], [ 2.132073114328219, 41.420160471747039 ], [ 2.132150263279655, 41.420082220547791 ], [ 2.132171539143062, 41.420053503157334 ], [ 2.132191271879482, 41.420018450893643 ], [ 2.132203264791045, 41.419989501340588 ], [ 2.132208309469446, 41.419968317842219 ], [ 2.132202898749799, 41.419934300931409 ], [ 2.132189134060672, 41.41990218462977 ], [ 2.132166887606832, 41.419872580476877 ], [ 2.132138750850765, 41.419844985584596 ], [ 2.132104950897689, 41.41981941967677 ], [ 2.132068213538111, 41.419800569170938 ], [ 2.132002417845448, 41.419773915148369 ], [ 2.131924150393986, 41.419745671748153 ], [ 2.131879621656604, 41.419732310981736 ], [ 2.131656484300684, 41.419659468174004 ], [ 2.131608276518712, 41.419642026181961 ], [ 2.131545772780822, 41.419616207416723 ], [ 2.131500320080976, 41.419594967018014 ], [ 2.131435059577552, 41.419558714769977 ], [ 2.131244551909208, 41.419447547601365 ], [ 2.131202236226858, 41.419426186653979 ], [ 2.131166520078494, 41.419410658313225 ], [ 2.131130151666038, 41.41939917838765 ], [ 2.131091832260286, 41.419392223470147 ], [ 2.131052540597818, 41.419389981100117 ], [ 2.131006021959262, 41.419393070583922 ], [ 2.130976006062434, 41.419398770761404 ], [ 2.130947243376474, 41.419407407818717 ], [ 2.130926813737336, 41.419415711489471 ], [ 2.130901458380556, 41.419429067155534 ], [ 2.130878655552796, 41.419444838080523 ], [ 2.130863147487537, 41.419459168873473 ], [ 2.130821576713064, 41.419504900897287 ], [ 2.130798251332046, 41.41953742171394 ], [ 2.130780024265942, 41.419570791715557 ], [ 2.130750961585508, 41.419637812742558 ], [ 2.130717057127689, 41.41973050443714 ], [ 2.130687596053174, 41.419791496452483 ], [ 2.130648777843342, 41.419852435767929 ], [ 2.130613935081494, 41.419891643114987 ], [ 2.130583331147836, 41.419916290417341 ], [ 2.130555864159194, 41.419933629355022 ], [ 2.130514350679055, 41.419954393048464 ], [ 2.130470600531221, 41.419972383542778 ], [ 2.130359800660548, 41.420007521811208 ], [ 2.130246181459551, 41.420045881339846 ], [ 2.130188783384693, 41.420062525519747 ], [ 2.130138337151982, 41.4200747365241 ], [ 2.130104431584257, 41.420077758873312 ], [ 2.13007035077303, 41.420075978917474 ], [ 2.130050316020625, 41.420072602756413 ], [ 2.13001919535817, 41.420064215687148 ], [ 2.129996903774894, 41.420055994458465 ], [ 2.129975793988655, 41.420046196851686 ], [ 2.129956020106745, 41.420034932122284 ], [ 2.129932053002339, 41.420017762821146 ], [ 2.12990839372839, 41.419991876633084 ], [ 2.129883557877267, 41.419957316376113 ], [ 2.129864324321413, 41.419920816846883 ], [ 2.129853145175812, 41.419890521313015 ], [ 2.129840485528966, 41.419836669109628 ], [ 2.129827922988695, 41.419798850897479 ], [ 2.129815897059028, 41.419771035010548 ], [ 2.129783183220926, 41.41970631225017 ], [ 2.12976427641479, 41.41967761562514 ], [ 2.129735744405553, 41.419643856061782 ], [ 2.129707025797666, 41.419616904711013 ], [ 2.12966849525454, 41.419586330191464 ], [ 2.129626954143452, 41.419558074819726 ], [ 2.129588616490796, 41.419535464317455 ], [ 2.129557488696612, 41.419522258084029 ], [ 2.129523888860349, 41.41951315854979 ], [ 2.129488710758511, 41.419508442698842 ], [ 2.12943615959825, 41.419508045056361 ], [ 2.129372642943464, 41.419512446445829 ], [ 2.129317232181875, 41.419520352693844 ], [ 2.129399420636904, 41.419473974701283 ], [ 2.129462964905372, 41.419446714401658 ], [ 2.129502704388473, 41.419436926751033 ], [ 2.129546691192858, 41.419431674946637 ], [ 2.129596195798164, 41.419434391426272 ], [ 2.129646793508335, 41.419444862560375 ], [ 2.129699949024279, 41.419460937639769 ], [ 2.129753580182394, 41.419486203890578 ], [ 2.129837640816601, 41.419544667033072 ], [ 2.129867426009389, 41.419572455608183 ], [ 2.129908841985281, 41.419607356917261 ], [ 2.129949161323718, 41.419634864863731 ], [ 2.129995417554205, 41.419656832546508 ], [ 2.130042512478334, 41.419660791654834 ], [ 2.130086490320469, 41.419647252723657 ], [ 2.130128813850848, 41.419605237728518 ], [ 2.130135066750242, 41.419567093422373 ], [ 2.130129750519148, 41.419508144509301 ], [ 2.130103337141186, 41.419371211715585 ], [ 2.130059052933335, 41.419111822616117 ], [ 2.130220459770106, 41.418664832272064 ], [ 2.130545442253987, 41.418284836868843 ], [ 2.130612619077048, 41.418312483075226 ], [ 2.13066944515929, 41.418311687467245 ], [ 2.130990950912199, 41.4182382196067 ], [ 2.131069978397265, 41.418227232926363 ], [ 2.131144663582049, 41.418226013505425 ], [ 2.131244672429832, 41.418235325817975 ], [ 2.13134248154768, 41.418253466752169 ], [ 2.131476212670832, 41.41828511974574 ], [ 2.131603626149092, 41.418323930858961 ], [ 2.131826668399545, 41.418419742059008 ], [ 2.132077330173671, 41.418556835169319 ], [ 2.132179748009408, 41.418582990762033 ], [ 2.132277888761743, 41.418578074327861 ], [ 2.132352988976325, 41.418551095942838 ], [ 2.132581590795012, 41.418401899891322 ], [ 2.132785398772437, 41.418300292014791 ], [ 2.133675285865144, 41.418010543130151 ], [ 2.133956612261755, 41.417900464370021 ], [ 2.134179071148297, 41.417797093830671 ], [ 2.134321483865808, 41.417707568535675 ], [ 2.135259873389458, 41.416931508526012 ], [ 2.136314803515491, 41.415987851896389 ], [ 2.136198923072883, 41.415873638386294 ], [ 2.136108876049197, 41.415711278422464 ], [ 2.136062578454631, 41.415588825685099 ], [ 2.136077486664137, 41.4154260071466 ], [ 2.136090170047325, 41.4153505334233 ], [ 2.136151711331046, 41.415223325620694 ], [ 2.137024969367212, 41.414458685776744 ], [ 2.137220370552094, 41.41433083119702 ], [ 2.137723042579678, 41.414109854592681 ], [ 2.137957406570774, 41.413974314653267 ], [ 2.140697692142497, 41.411838513319779 ], [ 2.140818304883874, 41.411770903322314 ], [ 2.140956041430209, 41.411726741380313 ], [ 2.143150464334575, 41.411485717014024 ], [ 2.144469369588331, 41.411382848625891 ], [ 2.144774949386622, 41.411341218136819 ], [ 2.145003940266586, 41.411269563282787 ], [ 2.145162500600857, 41.411192790884364 ], [ 2.145263232556057, 41.411132268254782 ], [ 2.145361329207969, 41.411052508502955 ], [ 2.145464941929427, 41.410957352594124 ], [ 2.145601185519372, 41.410825392223138 ], [ 2.145964752590616, 41.410134462503208 ], [ 2.146075418142569, 41.409966952350516 ], [ 2.147667881222943, 41.408001476744602 ], [ 2.148658950055839, 41.407188319228645 ], [ 2.14837647495098, 41.406988974041354 ], [ 2.14847995749905, 41.406903385314074 ], [ 2.148481665110681, 41.406904550908855 ], [ 2.148497194641271, 41.406891713094623 ], [ 2.148384828773118, 41.40681202189711 ], [ 2.148447295520314, 41.40676420418901 ], [ 2.148472434138005, 41.406782278188373 ], [ 2.148485856188362, 41.406772325184342 ], [ 2.148511210807063, 41.4067684504599 ], [ 2.148523914138013, 41.406777010161768 ], [ 2.148703049498465, 41.406626886305354 ], [ 2.148697364299564, 41.406623394377135 ], [ 2.148722562819725, 41.406602143032437 ], [ 2.148796267573218, 41.406650156834907 ], [ 2.148913617878407, 41.406548881104577 ], [ 2.148965449495754, 41.406584284665833 ], [ 2.148829766891388, 41.406696910258326 ], [ 2.148827501488986, 41.406695398258115 ], [ 2.148791352036425, 41.406726107522751 ], [ 2.148835440740645, 41.406755356697388 ], [ 2.14883991733294, 41.406751534615864 ], [ 2.148941359652603, 41.406822210055587 ], [ 2.148935724511353, 41.406826798213928 ], [ 2.149026909048454, 41.406890320527189 ], [ 2.149335575229976, 41.406622804014624 ], [ 2.149571168588277, 41.406479890112536 ], [ 2.150067367706359, 41.405994941706517 ], [ 2.150041696859977, 41.405779842696326 ], [ 2.149977278562218, 41.405598451630162 ], [ 2.149971070037421, 41.405509357848345 ], [ 2.15002148827097, 41.405305368695686 ], [ 2.150355292075288, 41.404451187058761 ], [ 2.150373552708667, 41.404367300147186 ], [ 2.150367595314235, 41.404253383610474 ], [ 2.15032612025531, 41.404140213619741 ], [ 2.150251384950056, 41.404028547224058 ], [ 2.150087625651823, 41.403875830055412 ], [ 2.15002817635848, 41.403780542133617 ], [ 2.149919364118387, 41.403267735074884 ], [ 2.149923187146122, 41.403207557323981 ], [ 2.150013750891421, 41.403014727715629 ], [ 2.150100787256222, 41.402883230931195 ], [ 2.151071059321488, 41.40162985101874 ], [ 2.151155276345097, 41.401492225521181 ], [ 2.151213415961671, 41.401323151617753 ], [ 2.151229503068099, 41.401151479566551 ], [ 2.1512246721593, 41.401052757936952 ], [ 2.15117016455789, 41.400903772870294 ], [ 2.151159454110999, 41.400725887016812 ], [ 2.151225786550292, 41.400491987209797 ], [ 2.154931169924808, 41.396777172953563 ], [ 2.155258935930589, 41.396353102091389 ], [ 2.155710715849692, 41.395570938564219 ], [ 2.15922647403778, 41.396460557395379 ], [ 2.166218154386189, 41.401709677339802 ], [ 2.167353488143063, 41.400855341173894 ], [ 2.172042936888598, 41.404369483474539 ], [ 2.168659305831136, 41.406928979909239 ], [ 2.165175101448056, 41.409589883869465 ], [ 2.164288449214596, 41.410255128840213 ], [ 2.163942869165998, 41.41051179195086 ], [ 2.163690024644802, 41.410723944849124 ], [ 2.163002667599168, 41.411486617232107 ], [ 2.162031403920174, 41.412659453765592 ], [ 2.161235804058418, 41.41356818457605 ], [ 2.161304710912365, 41.413602717124029 ], [ 2.161387075317506, 41.413675665490828 ], [ 2.1614222015069, 41.413757477834046 ], [ 2.161422030969394, 41.41385111551822 ], [ 2.161381620029173, 41.413936067634147 ], [ 2.161056345452473, 41.414175700721707 ], [ 2.160497552649896, 41.413924287751712 ], [ 2.160399874525855, 41.413914423386707 ], [ 2.160277185239231, 41.413927129253217 ], [ 2.160132604336731, 41.413962938766844 ], [ 2.160044136772844, 41.413995829521852 ], [ 2.159780011640515, 41.414106278961164 ], [ 2.159467740463538, 41.414271284668786 ], [ 2.15919323096703, 41.414447410483511 ], [ 2.158947773227278, 41.414635056887739 ], [ 2.158587472908058, 41.414962370366013 ], [ 2.158348953926625, 41.415228615805809 ], [ 2.158086499847471, 41.415577464175399 ], [ 2.157881827579363, 41.415897257050254 ], [ 2.157624069143064, 41.416464971375454 ], [ 2.157572149272495, 41.41651775325461 ], [ 2.157492833266869, 41.416553418477747 ], [ 2.157423790648162, 41.416570045050442 ], [ 2.157356044250188, 41.416565999943089 ], [ 2.157275176835874, 41.416545789374766 ], [ 2.157211923125017, 41.416512628944481 ], [ 2.157136839166272, 41.416416321470358 ], [ 2.156628233135936, 41.41561592833704 ], [ 2.155994703729, 41.415189300878943 ], [ 2.155868882025156, 41.415135017570854 ], [ 2.155760760532709, 41.415107309923854 ], [ 2.155647042097364, 41.415098783026764 ], [ 2.155559796440106, 41.415103833613401 ], [ 2.155464777072018, 41.415119848602842 ], [ 2.155372122562167, 41.414969481497167 ], [ 2.155334130462873, 41.414950006770454 ], [ 2.155223329832267, 41.414924098456751 ], [ 2.155106393562527, 41.414944155102745 ], [ 2.155028112943775, 41.414981222397564 ], [ 2.154855802029199, 41.415123777119106 ], [ 2.154656042312156, 41.415223978573337 ], [ 2.154517075822411, 41.415349649184542 ], [ 2.154161564389068, 41.415604372041258 ], [ 2.153619237632592, 41.41607059654266 ], [ 2.153608702107196, 41.4160802470943 ], [ 2.153600276475616, 41.416098812538976 ], [ 2.153229127082309, 41.416418980924277 ], [ 2.153180544465877, 41.416465137870496 ], [ 2.152933356761448, 41.416625146220049 ], [ 2.15282930966853, 41.416700015756398 ], [ 2.15272001523497, 41.416809230730699 ], [ 2.15192424755954, 41.416904914948596 ], [ 2.151883626284051, 41.417003094060831 ], [ 2.151838268152595, 41.41707078401582 ], [ 2.151770837101565, 41.417134456023156 ], [ 2.15167658270137, 41.417206054937147 ], [ 2.151590246836122, 41.417242006599167 ], [ 2.151479860419439, 41.417262419498023 ], [ 2.151422603691556, 41.417288388152713 ], [ 2.1514167740268, 41.417376532680322 ], [ 2.151330136299523, 41.417426093328324 ], [ 2.151037740283832, 41.417560233089205 ], [ 2.150989675272906, 41.417588328457761 ], [ 2.150951712238431, 41.417618057549021 ], [ 2.15092270339121, 41.417649072320948 ], [ 2.150900667723292, 41.417683166857415 ], [ 2.150886804505896, 41.417719126800797 ], [ 2.150881282881159, 41.417755267206211 ], [ 2.150881879858058, 41.417779806126447 ], [ 2.150897343716097, 41.417960049598122 ], [ 2.150908582759932, 41.417998968199988 ], [ 2.150987048788583, 41.418203548173707 ], [ 2.15101932197668, 41.418268110387174 ], [ 2.151150100853978, 41.418497637797635 ], [ 2.151255387031674, 41.418575660721295 ], [ 2.151516585510178, 41.418935369846579 ], [ 2.151567422051312, 41.419073000376081 ], [ 2.151649922177746, 41.419337491183988 ], [ 2.15166958711799, 41.419510957652534 ], [ 2.151681171114908, 41.419816197642241 ], [ 2.151773864564102, 41.420142755497643 ], [ 2.151740235892281, 41.420172297909033 ], [ 2.151479635721563, 41.420174415120009 ], [ 2.15133059295267, 41.420178053696553 ], [ 2.151120337356954, 41.420192103426793 ], [ 2.150955627253214, 41.420206083569163 ], [ 2.150690127039785, 41.420240865292264 ], [ 2.150432142386466, 41.420271909762427 ], [ 2.150148201243792, 41.42030209536496 ], [ 2.149898965679067, 41.420331149567339 ], [ 2.149640883867652, 41.420352157239471 ], [ 2.149411099618264, 41.420365158752389 ], [ 2.149271705805856, 41.420371207935773 ], [ 2.149488424655719, 41.420605765543023 ], [ 2.149491921637088, 41.421376397888359 ], [ 2.149474766514128, 41.421641038807394 ], [ 2.147801952647035, 41.42159225344691 ], [ 2.146976422461523, 41.421264478464678 ], [ 2.145143178954222, 41.42089303213023 ], [ 2.14481952887112, 41.420790565718086 ], [ 2.144715113213504, 41.420732884941692 ], [ 2.144527916892317, 41.420530172982509 ], [ 2.144020394528846, 41.420194064466507 ], [ 2.143897537399126, 41.420140234235269 ], [ 2.142206015510214, 41.42145350171711 ], [ 2.142107804518242, 41.421510759371003 ], [ 2.14199494952437, 41.42154774905557 ], [ 2.141837134803837, 41.421556588267414 ], [ 2.141717281597094, 41.421532490999262 ], [ 2.140812843162223, 41.421255651691226 ], [ 2.140455488407986, 41.421098063229216 ], [ 2.140040116506155, 41.420232405682242 ], [ 2.139865309808588, 41.420283052974433 ], [ 2.139196750238947, 41.420465558938794 ], [ 2.138872606797333, 41.42057341590138 ], [ 2.137880599139103, 41.420890518555595 ], [ 2.137793074536429, 41.420932616503514 ], [ 2.137721776189937, 41.420994197513508 ], [ 2.137676857511031, 41.421071667184002 ], [ 2.137670541385165, 41.421152903061532 ], [ 2.137697152936435, 41.421233593087486 ], [ 2.137739244542442, 41.421287520901444 ], [ 2.137803083886195, 41.421335711807302 ], [ 2.138150555401132, 41.421471994890553 ], [ 2.138268185339642, 41.421532901669053 ], [ 2.138353317792239, 41.421603455118763 ], [ 2.13840671729593, 41.421680130117267 ], [ 2.138439895480865, 41.421767480611457 ], [ 2.138442945376781, 41.421871719626338 ], [ 2.13840944936603, 41.421995807588885 ], [ 2.138079860448137, 41.422824546022802 ], [ 2.137903315820225, 41.423067559208761 ], [ 2.13776434119942, 41.423196999579631 ], [ 2.137589828598314, 41.423320642811362 ], [ 2.137260621874942, 41.423461032612543 ], [ 2.136994645239876, 41.423514883878887 ], [ 2.136538142857147, 41.423553090969115 ], [ 2.13640000329617, 41.423581292261346 ], [ 2.136285109790881, 41.423627106324425 ] ] ] } },
{ "type": "Feature", "properties": { "unit_id": "07", "unit_name": "Horta-Guinardó", "unit_type": "distrito", "unit_source": "Ajuntament de Barcelona Open Data — districtes municipals" }, "geometry": { "type": "Polygon", "coordinates": [ [ [ 2.12043830983014, 41.422802337412001 ], [ 2.120426506601406, 41.422721918810922 ], [ 2.120771772753253, 41.422052548788287 ], [ 2.120882965319054, 41.421877140876205 ], [ 2.120982377802645, 41.421762380032312 ], [ 2.121307576069503, 41.421459683085011 ], [ 2.121401503952856, 41.42134865409659 ], [ 2.121470130602857, 41.421234315247894 ], [ 2.121512106855577, 41.421124438713875 ], [ 2.121537408508866, 41.420983845560137 ], [ 2.12153328006776, 41.420920797955809 ], [ 2.121505383556871, 41.420868575957606 ], [ 2.12147167227677, 41.420842917540327 ], [ 2.121162873910274, 41.420710073687744 ], [ 2.121290056915227, 41.420655873587215 ], [ 2.121287130956578, 41.420651887963459 ], [ 2.121445319770435, 41.420586918384245 ], [ 2.121547559400089, 41.420542479916605 ], [ 2.121558439306928, 41.420561313789008 ], [ 2.122873458374457, 41.419998312336141 ], [ 2.123028973868352, 41.419933463401577 ], [ 2.124287399484487, 41.419396514170217 ], [ 2.124728852779078, 41.419210957650868 ], [ 2.124842495873454, 41.419179862854726 ], [ 2.124928061650414, 41.419154427244493 ], [ 2.125152255909031, 41.419073731249526 ], [ 2.125316177702533, 41.419007213695544 ], [ 2.125862408579833, 41.418767817376086 ], [ 2.126444061388133, 41.418510656294934 ], [ 2.128044988536411, 41.417797521032952 ], [ 2.128783840555393, 41.417465789570933 ], [ 2.128792974505509, 41.417478872515687 ], [ 2.128928496901921, 41.41742165920008 ], [ 2.128936045806373, 41.41743593281668 ], [ 2.128924055560733, 41.417486103616483 ], [ 2.128859212156911, 41.41756217598455 ], [ 2.128616026097184, 41.417810146995286 ], [ 2.128372774119338, 41.417987732756409 ], [ 2.128144523275952, 41.418119025291276 ], [ 2.128015981346614, 41.418185336761603 ], [ 2.127943121397922, 41.41824511641456 ], [ 2.127909614506861, 41.418288170251174 ], [ 2.127900617010318, 41.418345335387151 ], [ 2.127907897049542, 41.418416549428734 ], [ 2.127960618479237, 41.418475713662914 ], [ 2.12808899523596, 41.41857567853652 ], [ 2.128168187387337, 41.418659813771939 ], [ 2.128179935330917, 41.418704768904895 ], [ 2.128166801428955, 41.418763442986616 ], [ 2.128133125688589, 41.418817322559207 ], [ 2.128024303787258, 41.418947970555379 ], [ 2.127920541927511, 41.419009839888709 ], [ 2.127723553176177, 41.419113517490551 ], [ 2.127565989910984, 41.419194085173615 ], [ 2.127462192549282, 41.419249783717454 ], [ 2.127452747802745, 41.419375455169359 ], [ 2.127581717794188, 41.419497420383543 ], [ 2.127850914890829, 41.419597084147973 ], [ 2.127887066357161, 41.419617588927636 ], [ 2.128061978797421, 41.419727688658362 ], [ 2.128133354389002, 41.419743217982145 ], [ 2.128225064972514, 41.419728924564794 ], [ 2.128345302767858, 41.419698579762084 ], [ 2.128405112489227, 41.41970652709113 ], [ 2.128479477542008, 41.419744597469155 ], [ 2.128640909317812, 41.419869600607576 ], [ 2.1286886092021, 41.41991245901329 ], [ 2.12872334723798, 41.419927728505435 ], [ 2.12875823576382, 41.419931739816604 ], [ 2.12878983117055, 41.419933240123981 ], [ 2.128823152032219, 41.419930988375121 ], [ 2.12885493135879, 41.419918726676542 ], [ 2.128881833261375, 41.419898933841331 ], [ 2.128913891960199, 41.419866659691714 ], [ 2.128951596126328, 41.419784436937732 ], [ 2.129025119507334, 41.419637451568839 ], [ 2.129070612015779, 41.419596541849266 ], [ 2.129154285698685, 41.419562172297546 ], [ 2.129206717369755, 41.419544644341308 ], [ 2.129252319309551, 41.419533153705203 ], [ 2.129317232181875, 41.419520352693844 ], [ 2.129372642943464, 41.419512446445829 ], [ 2.12943615959825, 41.419508045056361 ], [ 2.129488710758511, 41.419508442698842 ], [ 2.129523888860349, 41.41951315854979 ], [ 2.129557488696612, 41.419522258084029 ], [ 2.129588616490796, 41.419535464317455 ], [ 2.129626954143452, 41.419558074819726 ], [ 2.12966849525454, 41.419586330191464 ], [ 2.129707025797666, 41.419616904711013 ], [ 2.129735744405553, 41.419643856061782 ], [ 2.12976427641479, 41.41967761562514 ], [ 2.129783183220926, 41.41970631225017 ], [ 2.129815897059028, 41.419771035010548 ], [ 2.129827922988695, 41.419798850897479 ], [ 2.129840485528966, 41.419836669109628 ], [ 2.129853145175812, 41.419890521313015 ], [ 2.129864324321413, 41.419920816846883 ], [ 2.129883557877267, 41.419957316376113 ], [ 2.12990839372839, 41.419991876633084 ], [ 2.129932053002339, 41.420017762821146 ], [ 2.129956020106745, 41.420034932122284 ], [ 2.129975793988655, 41.420046196851686 ], [ 2.129996903774894, 41.420055994458465 ], [ 2.13001919535817, 41.420064215687148 ], [ 2.130050316020625, 41.420072602756413 ], [ 2.13007035077303, 41.420075978917474 ], [ 2.130104431584257, 41.420077758873312 ], [ 2.130138337151982, 41.4200747365241 ], [ 2.130188783384693, 41.420062525519747 ], [ 2.130246181459551, 41.420045881339846 ], [ 2.130359800660548, 41.420007521811208 ], [ 2.130470600531221, 41.419972383542778 ], [ 2.130514350679055, 41.419954393048464 ], [ 2.130555864159194, 41.419933629355022 ], [ 2.130583331147836, 41.419916290417341 ], [ 2.130613935081494, 41.419891643114987 ], [ 2.130648777843342, 41.419852435767929 ], [ 2.130669863041103, 41.419821010476234 ], [ 2.130687596053174, 41.419791496452483 ], [ 2.130717057127689, 41.41973050443714 ], [ 2.130750961585508, 41.419637812742558 ], [ 2.130780024265942, 41.419570791715557 ], [ 2.130798251332046, 41.41953742171394 ], [ 2.130821576713064, 41.419504900897287 ], [ 2.130863147487537, 41.419459168873473 ], [ 2.130878655552796, 41.419444838080523 ], [ 2.130901458380556, 41.419429067155534 ], [ 2.130926813737336, 41.419415711489471 ], [ 2.130947243376474, 41.419407407818717 ], [ 2.130976006062434, 41.419398770761404 ], [ 2.131006021959262, 41.419393070583922 ], [ 2.131052540597818, 41.419389981100117 ], [ 2.131091832260286, 41.419392223470147 ], [ 2.131130151666038, 41.41939917838765 ], [ 2.131166520078494, 41.419410658313225 ], [ 2.131202236226858, 41.419426186653979 ], [ 2.131244551909208, 41.419447547601365 ], [ 2.131435059577552, 41.419558714769977 ], [ 2.131500320080976, 41.419594967018014 ], [ 2.131545772780822, 41.419616207416723 ], [ 2.131608276518712, 41.419642026181961 ], [ 2.131656484300684, 41.419659468174004 ], [ 2.131879621656604, 41.419732310981736 ], [ 2.131924150393986, 41.419745671748153 ], [ 2.132002417845448, 41.419773915148369 ], [ 2.132068213538111, 41.419800569170938 ], [ 2.132104950897689, 41.41981941967677 ], [ 2.132138750850765, 41.419844985584596 ], [ 2.132166887606832, 41.419872580476877 ], [ 2.132189134060672, 41.41990218462977 ], [ 2.132202898749799, 41.419934300931409 ], [ 2.132208309469446, 41.419968317842219 ], [ 2.132203264791045, 41.419989501340588 ], [ 2.132191271879482, 41.420018450893643 ], [ 2.132171539143062, 41.420053503157334 ], [ 2.132150263279655, 41.420082220547791 ], [ 2.132073114328219, 41.420160471747039 ], [ 2.132005734538405, 41.42023477927664 ], [ 2.131898336908245, 41.420361316252446 ], [ 2.131844213089447, 41.420430427328185 ], [ 2.131747470492215, 41.420563746102275 ], [ 2.131665248676741, 41.420672385893475 ], [ 2.131621463801421, 41.420725307443369 ], [ 2.131571820932851, 41.420781391408568 ], [ 2.131484826265523, 41.42087098932349 ], [ 2.131430785779693, 41.420923004690785 ], [ 2.131342589029996, 41.421004000315065 ], [ 2.131320729725828, 41.421027957208601 ], [ 2.131300939677295, 41.421052884511873 ], [ 2.131281751021149, 41.421082968612453 ], [ 2.131260321669779, 41.42113033008809 ], [ 2.131246271925434, 41.421177080734168 ], [ 2.131235690318145, 41.421222200197263 ], [ 2.131229835620078, 41.421261748218519 ], [ 2.131238089615408, 41.421292324174708 ], [ 2.131252098344356, 41.421317159904319 ], [ 2.131264736154637, 41.421332443691796 ], [ 2.131251977566629, 41.42134651336039 ], [ 2.130910903140706, 41.421555495203876 ], [ 2.130685126076571, 41.421804016257894 ], [ 2.130476728872749, 41.421960612120856 ], [ 2.130086484709173, 41.422409295277085 ], [ 2.130044398614684, 41.422451312027967 ], [ 2.12995015463815, 41.422566381026691 ], [ 2.130050384030676, 41.422614346996781 ], [ 2.130095732339839, 41.422627390397359 ], [ 2.130348618811647, 41.422711684372366 ], [ 2.130388241466776, 41.422718865567312 ], [ 2.130420175202753, 41.422722917093317 ], [ 2.130559308404516, 41.422733318381169 ], [ 2.130580256163427, 41.422749951304262 ], [ 2.130722295179536, 41.422719246363613 ], [ 2.130750502902545, 41.422709263068327 ], [ 2.130811524897956, 41.4226992214342 ], [ 2.131000489010482, 41.422675491137269 ], [ 2.131064251173199, 41.422671748255553 ], [ 2.131626668307393, 41.422551052518791 ], [ 2.131902330441954, 41.422532857141803 ], [ 2.131903086262963, 41.422527323266245 ], [ 2.132047289764404, 41.422535292972825 ], [ 2.132184579026419, 41.422546660194875 ], [ 2.13231604410317, 41.42255415516275 ], [ 2.13238710912169, 41.422560960299208 ], [ 2.132563153045865, 41.42257101600385 ], [ 2.132601669348892, 41.422575017474344 ], [ 2.132665139468929, 41.422577918997433 ], [ 2.13274260698059, 41.422583817393537 ], [ 2.132814184640507, 41.422587176279215 ], [ 2.132850566418775, 41.422583415173982 ], [ 2.132910476899577, 41.422570535709362 ], [ 2.133008986641026, 41.422551822042472 ], [ 2.133034560360809, 41.422544601636517 ], [ 2.133138422025664, 41.422504085134221 ], [ 2.133211482637879, 41.422481414421448 ], [ 2.133338413621764, 41.422426704670059 ], [ 2.133403605331623, 41.422394996560698 ], [ 2.133484280872952, 41.422360833060679 ], [ 2.133553740380407, 41.422335369720273 ], [ 2.133842847966256, 41.422287753549185 ], [ 2.134078814563373, 41.422256013140064 ], [ 2.134273232435926, 41.422237740990916 ], [ 2.134358302395198, 41.422224437586969 ], [ 2.13443946657335, 41.422207871061339 ], [ 2.134526320834853, 41.422184555669411 ], [ 2.134681775897514, 41.42214181372514 ], [ 2.134706340884319, 41.422130324836878 ], [ 2.134777374102353, 41.422163585122995 ], [ 2.134695366421527, 41.422257035614201 ], [ 2.13464824243224, 41.42232360649362 ], [ 2.134437741086747, 41.422448243915753 ], [ 2.13433097035748, 41.422531210194201 ], [ 2.13428070470513, 41.422576589781677 ], [ 2.13426126756255, 41.422598421683432 ], [ 2.134244331261464, 41.422622073890508 ], [ 2.134220119804699, 41.422669090704453 ], [ 2.134214022098466, 41.422695706854746 ], [ 2.134211638655855, 41.422758020440618 ], [ 2.134213737511247, 41.422780194551407 ], [ 2.134219545774373, 41.422803297321892 ], [ 2.134237604738092, 41.42285819849107 ], [ 2.134273095690284, 41.422951242253625 ], [ 2.134284427569857, 41.423017081875315 ], [ 2.134292751101773, 41.423040023419638 ], [ 2.134313971490649, 41.423073150347456 ], [ 2.134333018903627, 41.423107702111771 ], [ 2.134373799043138, 41.423199884893997 ], [ 2.134401787668877, 41.423255031887933 ], [ 2.134440729774583, 41.423323430168935 ], [ 2.134480691548389, 41.423387143228773 ], [ 2.134567119994869, 41.423511375558682 ], [ 2.134596908327973, 41.423548169862222 ], [ 2.134633716075481, 41.423588070481358 ], [ 2.134647517441425, 41.423609557651041 ], [ 2.134758557898565, 41.423583532940611 ], [ 2.134783499154687, 41.42357629213226 ], [ 2.134832916884593, 41.423683975709373 ], [ 2.134846139754052, 41.423722807157311 ], [ 2.134859467650111, 41.423737499443149 ], [ 2.134880996273465, 41.423756568884514 ], [ 2.134910421726672, 41.423775533722115 ], [ 2.13496304153814, 41.42380528464728 ], [ 2.13499906749277, 41.423832047105876 ], [ 2.135072098651511, 41.423892756216866 ], [ 2.135160191317602, 41.423972873138965 ], [ 2.135212333110151, 41.424029651695022 ], [ 2.135253834879852, 41.424085620648192 ], [ 2.135309646255427, 41.424181528054689 ], [ 2.135342879709122, 41.424247352024246 ], [ 2.135367401871949, 41.42431130902478 ], [ 2.135370173724365, 41.424336910996004 ], [ 2.135367096522905, 41.424361388114896 ], [ 2.135360908072838, 41.424376825399889 ], [ 2.13534405298314, 41.424402469016897 ], [ 2.135331768852109, 41.424417329046989 ], [ 2.13529613916008, 41.424450929238546 ], [ 2.135188555644559, 41.424540915593603 ], [ 2.135103243089538, 41.424620980942947 ], [ 2.135077961440108, 41.424650335287772 ], [ 2.135064272592276, 41.424671841227784 ], [ 2.135047575470923, 41.424703602040879 ], [ 2.135038397780425, 41.424736869584407 ], [ 2.13503913287703, 41.424762636397062 ], [ 2.135047432968756, 41.424786478449043 ], [ 2.135059765579669, 41.424804045608241 ], [ 2.135105805706008, 41.424879675945853 ], [ 2.135805219066351, 41.424647522755507 ], [ 2.135903471147073, 41.424598773870628 ], [ 2.135979699006481, 41.42454492341642 ], [ 2.136070767439019, 41.424445840887039 ], [ 2.136126998230419, 41.424340479720875 ], [ 2.136147834465319, 41.424256151761135 ], [ 2.136139217561279, 41.423855574663406 ], [ 2.136157227272995, 41.423769868949478 ], [ 2.136209062128886, 41.423683714623351 ], [ 2.136285109790881, 41.423627106324425 ], [ 2.13640000329617, 41.423581292261346 ], [ 2.136538142857147, 41.423553090969115 ], [ 2.136994645239876, 41.423514883878887 ], [ 2.137260621874942, 41.423461032612543 ], [ 2.137589828598314, 41.423320642811362 ], [ 2.13776434119942, 41.423196999579631 ], [ 2.137903315820225, 41.423067559208761 ], [ 2.138079860448137, 41.422824546022802 ], [ 2.13840944936603, 41.421995807588885 ], [ 2.138442945376781, 41.421871719626338 ], [ 2.138439895480865, 41.421767480611457 ], [ 2.13840671729593, 41.421680130117267 ], [ 2.138353317792239, 41.421603455118763 ], [ 2.138268185339642, 41.421532901669053 ], [ 2.138150555401132, 41.421471994890553 ], [ 2.137803083886195, 41.421335711807302 ], [ 2.137739244542442, 41.421287520901444 ], [ 2.137697152936435, 41.421233593087486 ], [ 2.137670541385165, 41.421152903061532 ], [ 2.137676857511031, 41.421071667184002 ], [ 2.137721776189937, 41.420994197513508 ], [ 2.137793074536429, 41.420932616503514 ], [ 2.137880599139103, 41.420890518555595 ], [ 2.138872606797333, 41.42057341590138 ], [ 2.139196750238947, 41.420465558938794 ], [ 2.139865309808588, 41.420283052974433 ], [ 2.140040116506155, 41.420232405682242 ], [ 2.140455488407986, 41.421098063229216 ], [ 2.140812843162223, 41.421255651691226 ], [ 2.141717281597094, 41.421532490999262 ], [ 2.141837134803837, 41.421556588267414 ], [ 2.14199494952437, 41.42154774905557 ], [ 2.142107804518242, 41.421510759371003 ], [ 2.142206015510214, 41.42145350171711 ], [ 2.143897537399126, 41.420140234235269 ], [ 2.144020394528846, 41.420194064466507 ], [ 2.144527916892317, 41.420530172982509 ], [ 2.144715113213504, 41.420732884941692 ], [ 2.14481952887112, 41.420790565718086 ], [ 2.145143178954222, 41.42089303213023 ], [ 2.146976422461523, 41.421264478464678 ], [ 2.147801952647035, 41.42159225344691 ], [ 2.149474766514128, 41.421641038807394 ], [ 2.149491921637088, 41.421376397888359 ], [ 2.149488424655719, 41.420605765543023 ], [ 2.149271705805856, 41.420371207935773 ], [ 2.149411099618264, 41.420365158752389 ], [ 2.149640883867652, 41.420352157239471 ], [ 2.149898965679067, 41.420331149567339 ], [ 2.150148201243792, 41.42030209536496 ], [ 2.150432142386466, 41.420271909762427 ], [ 2.150690127039785, 41.420240865292264 ], [ 2.150955627253214, 41.420206083569163 ], [ 2.151120337356954, 41.420192103426793 ], [ 2.15133059295267, 41.420178053696553 ], [ 2.151479635721563, 41.420174415120009 ], [ 2.151740235892281, 41.420172297909033 ], [ 2.151773864564102, 41.420142755497643 ], [ 2.151681171114908, 41.419816197642241 ], [ 2.15166958711799, 41.419510957652534 ], [ 2.151649922177746, 41.419337491183988 ], [ 2.151567422051312, 41.419073000376081 ], [ 2.151516585510178, 41.418935369846579 ], [ 2.151255387031674, 41.418575660721295 ], [ 2.151150100853978, 41.418497637797635 ], [ 2.15101932197668, 41.418268110387174 ], [ 2.150987048788583, 41.418203548173707 ], [ 2.150908582759932, 41.417998968199988 ], [ 2.150897343716097, 41.417960049598122 ], [ 2.150881879858058, 41.417779806126447 ], [ 2.150881282881159, 41.417755267206211 ], [ 2.150886804505896, 41.417719126800797 ], [ 2.150900667723292, 41.417683166857415 ], [ 2.15092270339121, 41.417649072320948 ], [ 2.150951712238431, 41.417618057549021 ], [ 2.150989675272906, 41.417588328457761 ], [ 2.151037740283832, 41.417560233089205 ], [ 2.151330136299523, 41.417426093328324 ], [ 2.1514167740268, 41.417376532680322 ], [ 2.151422603691556, 41.417288388152713 ], [ 2.151479860419439, 41.417262419498023 ], [ 2.151590246836122, 41.417242006599167 ], [ 2.15167658270137, 41.417206054937147 ], [ 2.151770837101565, 41.417134456023156 ], [ 2.151838268152595, 41.41707078401582 ], [ 2.151883626284051, 41.417003094060831 ], [ 2.15192424755954, 41.416904914948596 ], [ 2.15272001523497, 41.416809230730699 ], [ 2.15282930966853, 41.416700015756398 ], [ 2.152933356761448, 41.416625146220049 ], [ 2.153180544465877, 41.416465137870496 ], [ 2.153229127082309, 41.416418980924277 ], [ 2.153600276475616, 41.416098812538976 ], [ 2.153608702107196, 41.4160802470943 ], [ 2.153619237632592, 41.41607059654266 ], [ 2.154161564389068, 41.415604372041258 ], [ 2.154517075822411, 41.415349649184542 ], [ 2.154656042312156, 41.415223978573337 ], [ 2.154855802029199, 41.415123777119106 ], [ 2.155028112943775, 41.414981222397564 ], [ 2.155106393562527, 41.414944155102745 ], [ 2.155223329832267, 41.414924098456751 ], [ 2.155334130462873, 41.414950006770454 ], [ 2.155372122562167, 41.414969481497167 ], [ 2.155464777072018, 41.415119848602842 ], [ 2.155559796440106, 41.415103833613401 ], [ 2.155647042097364, 41.415098783026764 ], [ 2.155760760532709, 41.415107309923854 ], [ 2.155868882025156, 41.415135017570854 ], [ 2.155994703729, 41.415189300878943 ], [ 2.156628233135936, 41.41561592833704 ], [ 2.157136839166272, 41.416416321470358 ], [ 2.157211923125017, 41.416512628944481 ], [ 2.157275176835874, 41.416545789374766 ], [ 2.157356044250188, 41.416565999943089 ], [ 2.157423790648162, 41.416570045050442 ], [ 2.157492833266869, 41.416553418477747 ], [ 2.157572149272495, 41.41651775325461 ], [ 2.157624069143064, 41.416464971375454 ], [ 2.157881827579363, 41.415897257050254 ], [ 2.158086499847471, 41.415577464175399 ], [ 2.158348953926625, 41.415228615805809 ], [ 2.158587472908058, 41.414962370366013 ], [ 2.158947773227278, 41.414635056887739 ], [ 2.15919323096703, 41.414447410483511 ], [ 2.159467740463538, 41.414271284668786 ], [ 2.159780011640515, 41.414106278961164 ], [ 2.160044136772844, 41.413995829521852 ], [ 2.160132604336731, 41.413962938766844 ], [ 2.160277185239231, 41.413927129253217 ], [ 2.160399874525855, 41.413914423386707 ], [ 2.160497552649896, 41.413924287751712 ], [ 2.161056345452473, 41.414175700721707 ], [ 2.161381620029173, 41.413936067634147 ], [ 2.161422030969394, 41.41385111551822 ], [ 2.1614222015069, 41.413757477834046 ], [ 2.161387075317506, 41.413675665490828 ], [ 2.161304710912365, 41.413602717124029 ], [ 2.161235804058418, 41.41356818457605 ], [ 2.162031403920174, 41.412659453765592 ], [ 2.163002667599168, 41.411486617232107 ], [ 2.163690024644802, 41.410723944849124 ], [ 2.163942869165998, 41.41051179195086 ], [ 2.164288449214596, 41.410255128840213 ], [ 2.165175101448056, 41.409589883869465 ], [ 2.168659305831136, 41.406928979909239 ], [ 2.175467790126731, 41.412036438501922 ], [ 2.180484428205485, 41.415831784210624 ], [ 2.180404518970555, 41.416373518670383 ], [ 2.180394936222037, 41.417482197644084 ], [ 2.180490797070298, 41.418334068073108 ], [ 2.180827510558457, 41.419836064788583 ], [ 2.180834811460244, 41.420033833296593 ], [ 2.180795623002384, 41.420236687865987 ], [ 2.180746048377925, 41.420354525380148 ], [ 2.180658254940901, 41.420481667426323 ], [ 2.180470145572497, 41.420713357862184 ], [ 2.17653223810377, 41.424992472215351 ], [ 2.176220048548616, 41.425326305329541 ], [ 2.176064017720946, 41.425450487054761 ], [ 2.175895267978917, 41.425538358485873 ], [ 2.175787577341621, 41.425577218008428 ], [ 2.169980622615865, 41.427178770286318 ], [ 2.169711149553061, 41.42722803313309 ], [ 2.167429125603079, 41.427549477811034 ], [ 2.165164773952705, 41.427775161656115 ], [ 2.164430361144695, 41.42788670785761 ], [ 2.164220243757901, 41.427911208590984 ], [ 2.164015556073891, 41.427946065524914 ], [ 2.163873485803171, 41.427986148451318 ], [ 2.163797658468177, 41.428009699446307 ], [ 2.163687875450359, 41.42806505475037 ], [ 2.163631657881683, 41.428096783729323 ], [ 2.163783792933366, 41.428206727518216 ], [ 2.16479943516133, 41.428848890719067 ], [ 2.164965581869785, 41.428955533449255 ], [ 2.166147523863052, 41.42962593742245 ], [ 2.164838738316926, 41.430396149594131 ], [ 2.164311041950966, 41.430765811130755 ], [ 2.163644676968453, 41.431387675756994 ], [ 2.163405920632858, 41.431700844380757 ], [ 2.163325515495885, 41.431821803336931 ], [ 2.163231217908768, 41.431976971425769 ], [ 2.16319151922472, 41.432121115161046 ], [ 2.163158763241106, 41.432266858661293 ], [ 2.163109494557315, 41.432463977554349 ], [ 2.163110918419398, 41.432880073933802 ], [ 2.163581111123483, 41.434563308453477 ], [ 2.163802478316271, 41.43520047786614 ], [ 2.164264783011464, 41.436285454521013 ], [ 2.163167649332452, 41.43658759130409 ], [ 2.163520099656689, 41.437103551214626 ], [ 2.16321307716345, 41.437282475389047 ], [ 2.163239288646029, 41.437307815097029 ], [ 2.163130389489733, 41.437364535694911 ], [ 2.163326917004423, 41.437548419575286 ], [ 2.1634588381749, 41.437674978574371 ], [ 2.163659704732567, 41.43785979972899 ], [ 2.162560901206927, 41.438507050727402 ], [ 2.162499242537808, 41.438545351821006 ], [ 2.162439643208372, 41.438585469360454 ], [ 2.162382271707201, 41.438627332516269 ], [ 2.162275164674456, 41.438712969877315 ], [ 2.162172732077715, 41.438801829810707 ], [ 2.162120521016042, 41.438850071647025 ], [ 2.16202161120186, 41.438949784030221 ], [ 2.161949833723925, 41.439030219926345 ], [ 2.16187884472461, 41.439120065276043 ], [ 2.161835605460507, 41.439181739367413 ], [ 2.161757914853461, 41.439245945708151 ], [ 2.161664244052433, 41.439286152499264 ], [ 2.161800292890758, 41.439664427937011 ], [ 2.161749422578233, 41.439703284617906 ], [ 2.161701925580235, 41.43974519595632 ], [ 2.161672666024509, 41.439776427663567 ], [ 2.161639295976916, 41.439819743496273 ], [ 2.161598039543128, 41.439879365635925 ], [ 2.161560575451494, 41.43994984773186 ], [ 2.161541681909616, 41.440013070070528 ], [ 2.161533047932501, 41.440080202546085 ], [ 2.161531259071911, 41.440138549526935 ], [ 2.161538347091908, 41.440199518415646 ], [ 2.161550167519314, 41.440271417178607 ], [ 2.161574001765233, 41.440334260061341 ], [ 2.161607215344228, 41.440397708137866 ], [ 2.161649430881135, 41.440463833960933 ], [ 2.161705129679142, 41.440526065030895 ], [ 2.161763998375415, 41.440578152489394 ], [ 2.161826005576454, 41.44062383688712 ], [ 2.161890031671601, 41.440664635920186 ], [ 2.161961225302676, 41.440700718601178 ], [ 2.162041828051802, 41.440731748153915 ], [ 2.162117582355458, 41.440756305629783 ], [ 2.162212222956152, 41.440780161108883 ], [ 2.162280570691797, 41.440787549527094 ], [ 2.162369956938258, 41.440793492277336 ], [ 2.162387937980008, 41.440893250737645 ], [ 2.162435960775859, 41.441015563638587 ], [ 2.162400967793867, 41.441325175101248 ], [ 2.161713468144317, 41.441631146832805 ], [ 2.161635126219161, 41.441564522504827 ], [ 2.161394615849849, 41.441668742891245 ], [ 2.160428603800118, 41.442098851339729 ], [ 2.160330936197495, 41.442134393377337 ], [ 2.160125956882834, 41.442202434328927 ], [ 2.1600667908113, 41.442278478072417 ], [ 2.159968437100599, 41.442381104774299 ], [ 2.159944870851564, 41.442370592163059 ], [ 2.159818011599405, 41.442284797766582 ], [ 2.15975160477396, 41.442213802632104 ], [ 2.15969766846524, 41.4421229957496 ], [ 2.159437241745724, 41.442227971613811 ], [ 2.15918713217222, 41.44237602733287 ], [ 2.159112162029054, 41.442434297815765 ], [ 2.159045857223509, 41.442518627016632 ], [ 2.158983815225539, 41.442630658143628 ], [ 2.158927519176571, 41.442713006752534 ], [ 2.158698095116588, 41.443010952004293 ], [ 2.158605800458851, 41.443259314169545 ], [ 2.158546146041058, 41.4433569146031 ], [ 2.158493012044865, 41.443479801494746 ], [ 2.158473020945006, 41.443694734444222 ], [ 2.158407861212127, 41.443855184332158 ], [ 2.158338867648013, 41.443952860440639 ], [ 2.15829413145648, 41.443998317835323 ], [ 2.158170815462199, 41.444084724400234 ], [ 2.158031514281759, 41.444163078297045 ], [ 2.157990944837699, 41.444204737915236 ], [ 2.157980062248787, 41.444252037285679 ], [ 2.15796989269489, 41.444422887636428 ], [ 2.157949947364433, 41.444527642043056 ], [ 2.157904023105737, 41.444618641100874 ], [ 2.157836618032681, 41.444706294255866 ], [ 2.157707368133465, 41.444834838608507 ], [ 2.157526536120437, 41.444988225828212 ], [ 2.157472253297805, 41.445021065643076 ], [ 2.157377755807817, 41.445044008963549 ], [ 2.157119649055463, 41.445092847849033 ], [ 2.156992582001773, 41.445108076049351 ], [ 2.156918180750069, 41.445151595082983 ], [ 2.156829626870229, 41.445209188010303 ], [ 2.156718832239725, 41.445288830123637 ], [ 2.156611173261496, 41.445350948668924 ], [ 2.156480696960617, 41.445413070943012 ], [ 2.1563559274044, 41.445457886634784 ], [ 2.156259884125383, 41.445497499432754 ], [ 2.156104666395609, 41.445543631789079 ], [ 2.156061380463989, 41.44554902493892 ], [ 2.156027976405527, 41.445551211872854 ], [ 2.155903904482381, 41.44554585187128 ], [ 2.155830172398289, 41.445548733640933 ], [ 2.155782419580168, 41.445558867836922 ], [ 2.155743004267353, 41.445585195486629 ], [ 2.155718093611159, 41.445608170730083 ], [ 2.155707635367822, 41.445652140240476 ], [ 2.155707366560937, 41.445688573267681 ], [ 2.155758814436086, 41.445732321564861 ], [ 2.155792169962958, 41.445748662608977 ], [ 2.155834838248702, 41.445765071983828 ], [ 2.155903646569246, 41.445778187284034 ], [ 2.156011802736121, 41.445777575696489 ], [ 2.156206204744973, 41.445787666952739 ], [ 2.156423782846859, 41.445834750156806 ], [ 2.156653261677676, 41.445881758063415 ], [ 2.157082545859886, 41.445961719684206 ], [ 2.157168029907121, 41.445992466836152 ], [ 2.157210979020494, 41.446005716155213 ], [ 2.157253360039218, 41.446051766307193 ], [ 2.157316370402952, 41.446167919159805 ], [ 2.157416765837505, 41.446373951587361 ], [ 2.157518106240737, 41.44649310530945 ], [ 2.157590142287767, 41.446608459394476 ], [ 2.157592359374668, 41.446712853562509 ], [ 2.157561225525697, 41.446854150073868 ], [ 2.157542732337351, 41.446949259048964 ], [ 2.157516737664732, 41.447019020259354 ], [ 2.157469302844447, 41.447085940224362 ], [ 2.157423760482456, 41.447130571671124 ], [ 2.157251385040909, 41.447217365455565 ], [ 2.157117182895391, 41.44727945212211 ], [ 2.157064252561837, 41.447326947692993 ], [ 2.157043016881422, 41.447354552933909 ], [ 2.157031298294939, 41.447397900813044 ], [ 2.157042007035356, 41.447432567756778 ], [ 2.157095522528118, 41.447451785395252 ], [ 2.157206148211137, 41.447463152631883 ], [ 2.157339999507034, 41.447460584288059 ], [ 2.157493466763421, 41.447470463584558 ], [ 2.157576831389927, 41.447498636801079 ], [ 2.157676578354171, 41.447550475296765 ], [ 2.157780436284239, 41.447612143870863 ], [ 2.157940233572874, 41.447712089013969 ], [ 2.158069668000763, 41.447822476492085 ], [ 2.158340919214392, 41.448075489064763 ], [ 2.158639297897232, 41.448405604700007 ], [ 2.158750640281705, 41.448533081250794 ], [ 2.158922847144465, 41.448801482332925 ], [ 2.159009023631266, 41.448892060408866 ], [ 2.159148441083695, 41.449074272690432 ], [ 2.159283133234998, 41.4492664665067 ], [ 2.159424757057128, 41.449394733867621 ], [ 2.159425673706291, 41.449501790953505 ], [ 2.159419309442752, 41.449596943782552 ], [ 2.15948661458361, 41.449767693672712 ], [ 2.159477686369712, 41.44996131480039 ], [ 2.159374963965212, 41.450190568421199 ], [ 2.159212466036161, 41.450319630682188 ], [ 2.159181324720186, 41.450358627633179 ], [ 2.159130881779686, 41.450444270677018 ], [ 2.159109492500599, 41.450518277069357 ], [ 2.158967185458875, 41.450517351777506 ], [ 2.158926018442576, 41.45048878013101 ], [ 2.158868469366193, 41.450425226403389 ], [ 2.158775427705489, 41.45034871715351 ], [ 2.158680786083925, 41.450300246102763 ], [ 2.158586061194836, 41.450258137199647 ], [ 2.158503894620561, 41.450227276664982 ], [ 2.158424134009606, 41.45017413042455 ], [ 2.158315227615319, 41.450082544326158 ], [ 2.158271328325292, 41.450039217229566 ], [ 2.158221017966458, 41.450000621633251 ], [ 2.158164521815928, 41.449949239763647 ], [ 2.158013651877672, 41.44982867658468 ], [ 2.157967414786967, 41.449802850772905 ], [ 2.157910505891716, 41.449783321365821 ], [ 2.157683245103508, 41.449676533809672 ], [ 2.157563244468376, 41.449624685721567 ], [ 2.157504196392417, 41.449606734759058 ], [ 2.157445115533252, 41.449591967645915 ], [ 2.157387980314548, 41.449589954836377 ], [ 2.157322911779848, 41.449600670803889 ], [ 2.157213697857288, 41.449642836055169 ], [ 2.156945799481143, 41.449731660492311 ], [ 2.156807466616812, 41.449787988673705 ], [ 2.156745625134677, 41.449822579590929 ], [ 2.156643192609625, 41.449885542578208 ], [ 2.156579314651037, 41.449913744831228 ], [ 2.156437444747195, 41.449926438154925 ], [ 2.15630708607499, 41.449920451494478 ], [ 2.156019035331461, 41.449953568252248 ], [ 2.155842255067055, 41.449934752593911 ], [ 2.155545628702662, 41.449820883567 ], [ 2.155467053295137, 41.449786979303319 ], [ 2.155380343712377, 41.449734099700372 ], [ 2.15526971599133, 41.449679242912829 ], [ 2.155166259260137, 41.449625339425616 ], [ 2.154967036281052, 41.449570732387478 ], [ 2.154749693780732, 41.449528602240456 ], [ 2.154547079015782, 41.44945865695518 ], [ 2.154430256573842, 41.449419967169817 ], [ 2.154407640757189, 41.449409892775165 ], [ 2.154386245416301, 41.449398025865733 ], [ 2.15436014365047, 41.449379819166928 ], [ 2.154332950092699, 41.44935349776641 ], [ 2.154327081679549, 41.449344447214123 ], [ 2.154290440215949, 41.449308148194746 ], [ 2.154250149080838, 41.449276326035779 ], [ 2.154167114287588, 41.449217167347363 ], [ 2.153544176687685, 41.448787435451976 ], [ 2.15350514184352, 41.448751118569227 ], [ 2.153432211802894, 41.448651500353982 ], [ 2.153419325126741, 41.448629787729047 ], [ 2.153413515450088, 41.448616233856015 ], [ 2.153406684350723, 41.448589161348359 ], [ 2.153386727008814, 41.448374638074306 ], [ 2.153340893935676, 41.448216671040413 ], [ 2.153320164038911, 41.448061590976728 ], [ 2.153314199584865, 41.447967869988886 ], [ 2.153297789598201, 41.447848851360902 ], [ 2.153268636304197, 41.447789187852976 ], [ 2.153181603234819, 41.447761524958061 ], [ 2.153062261715107, 41.447732723389969 ], [ 2.15295383429065, 41.447693193168625 ], [ 2.152845348416653, 41.447658166120974 ], [ 2.152757388169924, 41.447609779027843 ], [ 2.152612743509256, 41.447501525396959 ], [ 2.152525123552383, 41.447427019134906 ], [ 2.152357993869183, 41.447298783220454 ], [ 2.15207133634429, 41.447064279337958 ], [ 2.152028559791024, 41.447039644004228 ], [ 2.151971266414097, 41.447026611275604 ], [ 2.151911496891926, 41.447019865452539 ], [ 2.151831190150237, 41.447027380037234 ], [ 2.151716052126501, 41.447043645132496 ], [ 2.151618810876621, 41.447064545809418 ], [ 2.151483064997699, 41.44710047499489 ], [ 2.151296937889272, 41.447144138998723 ], [ 2.151150336178314, 41.447186292886428 ], [ 2.151043236466805, 41.447228738119236 ], [ 2.150867905525141, 41.447270679619407 ], [ 2.150750196592038, 41.447300435887307 ], [ 2.150661592348151, 41.447301583207903 ], [ 2.150581614063367, 41.447283878588564 ], [ 2.150444659803131, 41.447228822755086 ], [ 2.150361125814611, 41.447208389498968 ], [ 2.150284656572104, 41.447197015779714 ], [ 2.150003600195026, 41.447176023812375 ], [ 2.149864532540982, 41.447191209490818 ], [ 2.149646119450148, 41.447231929989023 ], [ 2.149530101097755, 41.447223866372532 ], [ 2.149427803051555, 41.447173569250523 ], [ 2.149291097094336, 41.447099598314679 ], [ 2.149231810222003, 41.447055924277514 ], [ 2.149154650329101, 41.447005812825431 ], [ 2.149054782284766, 41.446952831120647 ], [ 2.148886671965106, 41.446900245181745 ], [ 2.148735461591787, 41.446836975164153 ], [ 2.148635476407651, 41.446792999640991 ], [ 2.148561543330909, 41.446770834651602 ], [ 2.148485133817507, 41.446754956472525 ], [ 2.148424061914061, 41.446756305869052 ], [ 2.14836401036355, 41.446771173906306 ], [ 2.148254574410081, 41.446809095540672 ], [ 2.148145385734897, 41.446828103335115 ], [ 2.148050537768914, 41.446849018716939 ], [ 2.147804817024123, 41.446872419392541 ], [ 2.147709898165471, 41.446898738415157 ], [ 2.147582364715257, 41.446947334216745 ], [ 2.147253358433357, 41.447114235119521 ], [ 2.147086705233433, 41.447224691508517 ], [ 2.146948792146462, 41.447334460041247 ], [ 2.146713092382873, 41.447506554974801 ], [ 2.146615494826613, 41.447554471005198 ], [ 2.146502524456122, 41.447587861036737 ], [ 2.146329595626063, 41.447628912689133 ], [ 2.145920683837216, 41.447680822623447 ], [ 2.145773057719019, 41.447709450921622 ], [ 2.145649490507402, 41.447729250306011 ], [ 2.145427340143414, 41.447780743915359 ], [ 2.145321444672982, 41.447822292010905 ], [ 2.145208094882924, 41.447884501660475 ], [ 2.145141607070031, 41.447933548340082 ], [ 2.145098253252796, 41.447953042455993 ], [ 2.145038365408316, 41.447955299592529 ], [ 2.144860774101641, 41.447895431386044 ], [ 2.144760730835967, 41.447855955777726 ], [ 2.144598453195393, 41.447815116578404 ], [ 2.144461065202051, 41.447793377825171 ], [ 2.144278201472155, 41.447770399888121 ], [ 2.144147700025933, 41.447771230513659 ], [ 2.14399094648921, 41.447765560455878 ], [ 2.143505656930028, 41.447616928918002 ], [ 2.143248292908719, 41.447524037565735 ], [ 2.143064742978355, 41.447462320726764 ], [ 2.143027812590497, 41.44744853449626 ], [ 2.142997021488475, 41.447423084358505 ], [ 2.142921146045447, 41.447366673118928 ], [ 2.142572146524552, 41.447141589282005 ], [ 2.142434737798151, 41.447030674591424 ], [ 2.142348007013055, 41.446980487233809 ], [ 2.142270484848276, 41.446958291446307 ], [ 2.142112619498384, 41.446946305354828 ], [ 2.142032513550212, 41.446938501995056 ], [ 2.141852994987818, 41.446934460717372 ], [ 2.141754601327464, 41.446951741487254 ], [ 2.141652402853332, 41.446985207121422 ], [ 2.141563264745681, 41.447026876796684 ], [ 2.141475181072729, 41.447079363164093 ], [ 2.141396495388411, 41.447145430724461 ], [ 2.141347949115382, 41.447195509866134 ], [ 2.141343125359938, 41.447198176082985 ], [ 2.141331095658472, 41.447202589993275 ], [ 2.141321495647496, 41.44720431981591 ], [ 2.14122563803451, 41.447210810169771 ], [ 2.1412064023725, 41.447216971753498 ], [ 2.141184689498266, 41.44722942002673 ], [ 2.141175006335624, 41.44723745440325 ], [ 2.141165228147726, 41.447252693997399 ], [ 2.141130050925901, 41.447287560260349 ], [ 2.141018937772274, 41.447361492112272 ], [ 2.140985171296372, 41.447380155526957 ], [ 2.140934575011386, 41.447404097694907 ], [ 2.140841951707267, 41.447437634110152 ], [ 2.14081671887628, 41.447444651577811 ], [ 2.140676261501147, 41.447474227615174 ], [ 2.140580355891031, 41.447484320035151 ], [ 2.14040199732485, 41.447482987379153 ], [ 2.140354092054269, 41.447484430876237 ], [ 2.140279804399751, 41.44748928014824 ], [ 2.140197054233319, 41.447500371307328 ], [ 2.140127435777996, 41.447514262789085 ], [ 2.140076981795347, 41.447527396751056 ], [ 2.140020483132345, 41.447544989206271 ], [ 2.139983172740554, 41.44756002286784 ], [ 2.139889113784091, 41.447611562598027 ], [ 2.139865077825898, 41.447618588805369 ], [ 2.139850689557869, 41.447620282701884 ], [ 2.139754890693692, 41.447622268562732 ], [ 2.139694943523917, 41.447629026178113 ], [ 2.139469519208033, 41.447656163782788 ], [ 2.139288397119422, 41.447682731692829 ], [ 2.139039031640158, 41.447709689316603 ], [ 2.138939486693132, 41.44772335609165 ], [ 2.138823183124865, 41.447736897321761 ], [ 2.138721220186879, 41.447752347287526 ], [ 2.138667222270398, 41.447761851132078 ], [ 2.138497843620057, 41.447805619801166 ], [ 2.138297305864261, 41.447851857037968 ], [ 2.138145739363606, 41.447906567503487 ], [ 2.138007697764358, 41.447934356892688 ], [ 2.137812269421981, 41.447956311566848 ], [ 2.137717786333531, 41.447949298183666 ], [ 2.137586827039951, 41.447894272003531 ], [ 2.137493071731885, 41.447832318704158 ], [ 2.137401770336432, 41.447765880025159 ], [ 2.137311355952698, 41.447722867186307 ], [ 2.137236562870166, 41.447675467734413 ], [ 2.13719726341459, 41.447659860384796 ], [ 2.137106837380557, 41.447617748038425 ], [ 2.136944747761684, 41.447653462429038 ], [ 2.136812572029686, 41.447690301802233 ], [ 2.136628696528518, 41.447743867083496 ], [ 2.136497893840222, 41.447677131209602 ], [ 2.136344383526163, 41.447607522481448 ], [ 2.135737350214015, 41.447432723363221 ], [ 2.135430108155404, 41.447490764242069 ], [ 2.135356921550933, 41.447502824535007 ], [ 2.135233220196257, 41.44753251986338 ], [ 2.135196028338273, 41.447538545453078 ], [ 2.135014713540218, 41.447579517033759 ], [ 2.134912761967846, 41.447594062966921 ], [ 2.134822984147245, 41.447593387777111 ], [ 2.134772840199482, 41.447583102482064 ], [ 2.134731231098773, 41.447561171733703 ], [ 2.134714939301612, 41.447525920298581 ], [ 2.134632666735233, 41.44741090733806 ], [ 2.134612029547845, 41.447252221711032 ], [ 2.134584246190942, 41.447090780092481 ], [ 2.134490279443451, 41.446954962006757 ], [ 2.134441021873355, 41.44687802841392 ], [ 2.134333924402657, 41.446739409173212 ], [ 2.134252910369342, 41.446619901695641 ], [ 2.134155150363044, 41.446499367375331 ], [ 2.134073945342076, 41.446394270185188 ], [ 2.134015364071795, 41.446298350660498 ], [ 2.133881611597187, 41.446093776236907 ], [ 2.133840446955406, 41.446038521094529 ], [ 2.133611414432309, 41.445797199255139 ], [ 2.133492936316337, 41.445704431290174 ], [ 2.133397907183815, 41.445648770236467 ], [ 2.133203826869144, 41.445569844263048 ], [ 2.13301197316741, 41.44550354511771 ], [ 2.132932301864938, 41.445463312023229 ], [ 2.132907632571037, 41.445427997177596 ], [ 2.132895161106358, 41.445375660191871 ], [ 2.132898250599341, 41.445323440499685 ], [ 2.132883613011692, 41.445253973104279 ], [ 2.132877234486857, 41.445193575373168 ], [ 2.132887841694757, 41.445116191597315 ], [ 2.132901967898762, 41.445044238791041 ], [ 2.132906913866109, 41.444942492328984 ], [ 2.132882007104014, 41.444835116396639 ], [ 2.132847824342162, 41.444705152005376 ], [ 2.132818763184022, 41.444640079572672 ], [ 2.13278212443615, 41.44460467446487 ], [ 2.132739500821241, 41.444569224225013 ], [ 2.132700264300467, 41.444549112105626 ], [ 2.132634826172827, 41.444518894263219 ], [ 2.132539895466169, 41.444456027307524 ], [ 2.132460621633633, 41.444386072421267 ], [ 2.132375303097243, 41.444320575595327 ], [ 2.132293575658717, 41.444255105793282 ], [ 2.132211548374536, 41.444212152200599 ], [ 2.132112703557143, 41.444173575376318 ], [ 2.132023290607364, 41.444145878528019 ], [ 2.131617352440915, 41.444065351145639 ], [ 2.131465841482474, 41.444026376186315 ], [ 2.131356008447364, 41.444003929090499 ], [ 2.131217832657341, 41.443952444122232 ], [ 2.131089028567797, 41.443916342377136 ], [ 2.130948122746951, 41.443890057217544 ], [ 2.130851288507333, 41.443880318217325 ], [ 2.130785719702729, 41.443860006488606 ], [ 2.130719098222806, 41.443828877873429 ], [ 2.130682557247606, 41.443786266904546 ], [ 2.130640524391187, 41.443706684030275 ], [ 2.130623579778206, 41.443630893710591 ], [ 2.130555117744117, 41.443558316993148 ], [ 2.130106449239699, 41.44318201818286 ], [ 2.129943721857962, 41.443029862872756 ], [ 2.129967426938008, 41.442649625610471 ], [ 2.129944774634212, 41.442473603561012 ], [ 2.129804143169391, 41.442348094025732 ], [ 2.129649505027565, 41.44209898658746 ], [ 2.129601354497683, 41.442048253018179 ], [ 2.129500089526769, 41.441912665077176 ], [ 2.129511542069181, 41.44174355016083 ], [ 2.129924838595637, 41.441168231514681 ], [ 2.129955656136139, 41.441086190562892 ], [ 2.129957664660469, 41.440951850923334 ], [ 2.129928020382, 41.440669775404864 ], [ 2.129901206275027, 41.440597180033016 ], [ 2.129845696275482, 41.440541860195857 ], [ 2.129446533435821, 41.440233634703439 ], [ 2.129388203051244, 41.440174438129993 ], [ 2.129350881887026, 41.440084571842753 ], [ 2.129373231297689, 41.43992759342747 ], [ 2.129397875161566, 41.439581507174438 ], [ 2.129364890081467, 41.439383173210466 ], [ 2.129472300571722, 41.438828890977703 ], [ 2.129473503276674, 41.438729935561973 ], [ 2.129419818419094, 41.438498831268681 ], [ 2.129295859534022, 41.438018865127944 ], [ 2.129273756919206, 41.437909045870057 ], [ 2.129261744863807, 41.437736676767962 ], [ 2.129237046537911, 41.437663040824425 ], [ 2.129217814768013, 41.437623703327439 ], [ 2.128651654190488, 41.436915614981679 ], [ 2.128613698970004, 41.436789922194478 ], [ 2.128590059402944, 41.436633740803551 ], [ 2.128601063272678, 41.436598037932583 ], [ 2.128771105626938, 41.436288736968663 ], [ 2.128799806352803, 41.436207787615778 ], [ 2.128842965966337, 41.43581321581344 ], [ 2.128801261468442, 41.435688706094943 ], [ 2.128787321021029, 41.435596179294542 ], [ 2.128788081878394, 41.435544040002014 ], [ 2.128805034466263, 41.435390151441723 ], [ 2.128819490573259, 41.435318938864427 ], [ 2.128843457789383, 41.435251026101746 ], [ 2.128844177093437, 41.435177893525726 ], [ 2.128836047017742, 41.435104693939778 ], [ 2.12879655661558, 41.43494795950226 ], [ 2.128770226174621, 41.434882787630393 ], [ 2.128690613326774, 41.434772268453834 ], [ 2.128630270573039, 41.434671382056159 ], [ 2.12849642741418, 41.434391043718144 ], [ 2.128448819488002, 41.434325741560563 ], [ 2.128385303827479, 41.434224504561122 ], [ 2.128331298061024, 41.434060195678313 ], [ 2.128309061629749, 41.433948722898748 ], [ 2.128310475569147, 41.433866178048838 ], [ 2.128330984114464, 41.433739443352906 ], [ 2.128301032277679, 41.433521791067946 ], [ 2.128270589036511, 41.433509361136352 ], [ 2.128154405904688, 41.433476495713123 ], [ 2.127695112648991, 41.433266217051418 ], [ 2.127536741744774, 41.433139927592379 ], [ 2.127345032332395, 41.432844592306253 ], [ 2.127266030879412, 41.432631722565048 ], [ 2.126792939027223, 41.432144310067301 ], [ 2.126695640942657, 41.432049763962127 ], [ 2.126521084572806, 41.431846798904516 ], [ 2.1264235938723, 41.431675212371253 ], [ 2.126527162914475, 41.431609541726644 ], [ 2.124109643071103, 41.429613974650906 ], [ 2.123871312439173, 41.429439235169305 ], [ 2.123668073825466, 41.429315072219858 ], [ 2.12265776266651, 41.428761577947945 ], [ 2.122758978922754, 41.428664019440447 ], [ 2.122821397355891, 41.428683685392443 ], [ 2.12292199132188, 41.428702223472996 ], [ 2.123003907910094, 41.428705720877076 ], [ 2.123081983027062, 41.428693553721963 ], [ 2.121996511167809, 41.426528395422643 ], [ 2.121268248622477, 41.425830799535554 ], [ 2.121266887062339, 41.425831844064135 ], [ 2.12121495218692, 41.425782627955556 ], [ 2.121253871978156, 41.425755461569466 ], [ 2.121321675949229, 41.425675885329142 ], [ 2.121347151430002, 41.425620215776611 ], [ 2.121358930540571, 41.425550750309185 ], [ 2.12134386311597, 41.425467334451888 ], [ 2.121311215557653, 41.425386576624554 ], [ 2.120515259560623, 41.424107653405073 ], [ 2.120467905246886, 41.423940041252628 ], [ 2.120449974836243, 41.423746982830302 ], [ 2.120545089976055, 41.423113748311117 ], [ 2.120537319158745, 41.423058185057521 ], [ 2.12043830983014, 41.422802337412001 ] ] ] } },
{ "type": "Feature", "properties": { "unit_id": "08", "unit_name": "Nou Barris", "unit_type": "distrito", "unit_source": "Ajuntament de Barcelona Open Data — districtes municipals" }, "geometry": { "type": "Polygon", "coordinates": [ [ [ 2.155707366560937, 41.445688573267681 ], [ 2.155707635367822, 41.445652140240476 ], [ 2.155718093611159, 41.445608170730083 ], [ 2.155743004267353, 41.445585195486629 ], [ 2.155782419580168, 41.445558867836922 ], [ 2.155830172398289, 41.445548733640933 ], [ 2.155903904482381, 41.44554585187128 ], [ 2.156027976405527, 41.445551211872854 ], [ 2.156061380463989, 41.44554902493892 ], [ 2.156104666395609, 41.445543631789079 ], [ 2.156259884125383, 41.445497499432754 ], [ 2.1563559274044, 41.445457886634784 ], [ 2.156480696960617, 41.445413070943012 ], [ 2.156611173261496, 41.445350948668924 ], [ 2.156718832239725, 41.445288830123637 ], [ 2.156829626870229, 41.445209188010303 ], [ 2.156918180750069, 41.445151595082983 ], [ 2.156992582001773, 41.445108076049351 ], [ 2.157119649055463, 41.445092847849033 ], [ 2.157377755807817, 41.445044008963549 ], [ 2.157472253297805, 41.445021065643076 ], [ 2.157526536120437, 41.444988225828212 ], [ 2.157707368133465, 41.444834838608507 ], [ 2.157836618032681, 41.444706294255866 ], [ 2.157904023105737, 41.444618641100874 ], [ 2.157949947364433, 41.444527642043056 ], [ 2.15796989269489, 41.444422887636428 ], [ 2.157980062248787, 41.444252037285679 ], [ 2.157990944837699, 41.444204737915236 ], [ 2.158031514281759, 41.444163078297045 ], [ 2.158170815462199, 41.444084724400234 ], [ 2.15829413145648, 41.443998317835323 ], [ 2.158338867648013, 41.443952860440639 ], [ 2.158407861212127, 41.443855184332158 ], [ 2.158473020945006, 41.443694734444222 ], [ 2.158493012044865, 41.443479801494746 ], [ 2.158546146041058, 41.4433569146031 ], [ 2.158605800458851, 41.443259314169545 ], [ 2.158698095116588, 41.443010952004293 ], [ 2.158927519176571, 41.442713006752534 ], [ 2.158983815225539, 41.442630658143628 ], [ 2.159045857223509, 41.442518627016632 ], [ 2.159112162029054, 41.442434297815765 ], [ 2.15918713217222, 41.44237602733287 ], [ 2.159437241745724, 41.442227971613811 ], [ 2.15969766846524, 41.4421229957496 ], [ 2.15975160477396, 41.442213802632104 ], [ 2.159818011599405, 41.442284797766582 ], [ 2.159944870851564, 41.442370592163059 ], [ 2.159968437100599, 41.442381104774299 ], [ 2.1600667908113, 41.442278478072417 ], [ 2.160125956882834, 41.442202434328927 ], [ 2.160330936197495, 41.442134393377337 ], [ 2.160428603800118, 41.442098851339729 ], [ 2.161394615849849, 41.441668742891245 ], [ 2.161635126038578, 41.441564522584571 ], [ 2.161713468144317, 41.441631146832805 ], [ 2.162400967793867, 41.441325175101248 ], [ 2.162435960775859, 41.441015563638587 ], [ 2.162387937980008, 41.440893250737645 ], [ 2.162369956938258, 41.440793492277336 ], [ 2.162280570691797, 41.440787549527094 ], [ 2.162212222956152, 41.440780161108883 ], [ 2.162117582355458, 41.440756305629783 ], [ 2.162041828051802, 41.440731748153915 ], [ 2.161961225302676, 41.440700718601178 ], [ 2.161890031671601, 41.440664635920186 ], [ 2.161826005576454, 41.44062383688712 ], [ 2.161763998375415, 41.440578152489394 ], [ 2.161705129679142, 41.440526065030895 ], [ 2.161649430881135, 41.440463833960933 ], [ 2.161607215344228, 41.440397708137866 ], [ 2.161574001765233, 41.440334260061341 ], [ 2.161550167519314, 41.440271417178607 ], [ 2.161538347091908, 41.440199518415646 ], [ 2.161531259071911, 41.440138549526935 ], [ 2.161533047932501, 41.440080202546085 ], [ 2.161541681909616, 41.440013070070528 ], [ 2.161560575451494, 41.43994984773186 ], [ 2.161598039543128, 41.439879365635925 ], [ 2.161639295976916, 41.439819743496273 ], [ 2.161672666024509, 41.439776427663567 ], [ 2.161701925580235, 41.43974519595632 ], [ 2.161749422578233, 41.439703284617906 ], [ 2.161800292890758, 41.439664427937011 ], [ 2.161664244052433, 41.439286152499264 ], [ 2.161757914853461, 41.439245945708151 ], [ 2.161835605460507, 41.439181739367413 ], [ 2.16187884472461, 41.439120065276043 ], [ 2.161949833723925, 41.439030219926345 ], [ 2.16202161120186, 41.438949784030221 ], [ 2.162120521016042, 41.438850071647025 ], [ 2.162172732077715, 41.438801829810707 ], [ 2.162275164674456, 41.438712969877315 ], [ 2.162382271707201, 41.438627332516269 ], [ 2.162439643208372, 41.438585469360454 ], [ 2.162499242537808, 41.438545351821006 ], [ 2.162560901206927, 41.438507050727402 ], [ 2.163659699419721, 41.437859802856487 ], [ 2.1634588381749, 41.437674978574371 ], [ 2.163326917004423, 41.437548419575286 ], [ 2.163130389489733, 41.437364535694911 ], [ 2.163239288646029, 41.437307815097029 ], [ 2.163213077589054, 41.437282475801979 ], [ 2.163520099656689, 41.437103551214626 ], [ 2.163167649332452, 41.43658759130409 ], [ 2.164264783011464, 41.436285454521013 ], [ 2.163802478316271, 41.43520047786614 ], [ 2.163581111123483, 41.434563308453477 ], [ 2.163110918419398, 41.432880073933802 ], [ 2.163109494557315, 41.432463977554349 ], [ 2.163158763241106, 41.432266858661293 ], [ 2.16319151922472, 41.432121115161046 ], [ 2.163231217908768, 41.431976971425769 ], [ 2.163325515495885, 41.431821803336931 ], [ 2.163405920632858, 41.431700844380757 ], [ 2.163644676968453, 41.431387675756994 ], [ 2.164311041950966, 41.430765811130755 ], [ 2.164838738316926, 41.430396149594131 ], [ 2.166147523863052, 41.42962593742245 ], [ 2.164965581869785, 41.428955533449255 ], [ 2.16479943516133, 41.428848890719067 ], [ 2.163783792933366, 41.428206727518216 ], [ 2.163631657881683, 41.428096783729323 ], [ 2.163687875450359, 41.42806505475037 ], [ 2.163797658468177, 41.428009699446307 ], [ 2.163873485803171, 41.427986148451318 ], [ 2.164015556073891, 41.427946065524914 ], [ 2.164220243757901, 41.427911208590984 ], [ 2.164430361144695, 41.42788670785761 ], [ 2.165164773952705, 41.427775161656115 ], [ 2.167429125603079, 41.427549477811034 ], [ 2.169711149553061, 41.42722803313309 ], [ 2.169980622615865, 41.427178770286318 ], [ 2.175787577341621, 41.425577218008428 ], [ 2.175895267978917, 41.425538358485873 ], [ 2.176064017720946, 41.425450487054761 ], [ 2.177303451422975, 41.425487680026905 ], [ 2.177221273888131, 41.42734156465778 ], [ 2.177291896399756, 41.428173889741721 ], [ 2.179443340320198, 41.42783640624581 ], [ 2.184298367486103, 41.427644458008444 ], [ 2.18437364591892, 41.428350036525529 ], [ 2.183740191369197, 41.429290096585071 ], [ 2.182876783991617, 41.43044078491625 ], [ 2.18278652890538, 41.43063650617983 ], [ 2.182672353523941, 41.431204884658115 ], [ 2.18275152914636, 41.431746623512794 ], [ 2.185494638759157, 41.43989905747398 ], [ 2.186452014135311, 41.443167161794733 ], [ 2.188337454544794, 41.448857924444319 ], [ 2.188711512905866, 41.450110108480835 ], [ 2.188799244079757, 41.450688445906863 ], [ 2.188847530700059, 41.451506740100712 ], [ 2.188883306830093, 41.452037891309601 ], [ 2.188911508495901, 41.453245936818668 ], [ 2.188822138480268, 41.454189441219441 ], [ 2.188775489967187, 41.45484420334504 ], [ 2.188718069647712, 41.455044291666688 ], [ 2.188675037549843, 41.455262680008062 ], [ 2.188556723240478, 41.455650922381494 ], [ 2.18840906470245, 41.455979921205689 ], [ 2.188122950002446, 41.456629606280543 ], [ 2.187890868544248, 41.456906917571267 ], [ 2.188414384237637, 41.4570975872616 ], [ 2.188790815174569, 41.457304086474402 ], [ 2.188736935728351, 41.457361673670874 ], [ 2.188566993985425, 41.457582885925603 ], [ 2.188475646111498, 41.457691627469586 ], [ 2.18842249911738, 41.457767248006881 ], [ 2.1882251072443, 41.458076214383283 ], [ 2.188116237827026, 41.458250477956497 ], [ 2.188071464620976, 41.45831800572202 ], [ 2.188024814011885, 41.458414127739076 ], [ 2.187984827503092, 41.45852121375475 ], [ 2.187942778180624, 41.458624718259074 ], [ 2.187935667212099, 41.458649564528301 ], [ 2.18788503952617, 41.458774590192469 ], [ 2.187845498007792, 41.458890119232755 ], [ 2.187743512195747, 41.459149695121262 ], [ 2.187719003494163, 41.459233056728515 ], [ 2.187636465488071, 41.459643950108372 ], [ 2.187631748288061, 41.459702437899033 ], [ 2.18760098540258, 41.459941502323495 ], [ 2.187585591602088, 41.460094636560349 ], [ 2.187400923053724, 41.462081991751226 ], [ 2.187444500065401, 41.462081370054882 ], [ 2.18764133624856, 41.462119591194778 ], [ 2.187453658771067, 41.463795566183471 ], [ 2.187380188414621, 41.464479888585494 ], [ 2.187181621744605, 41.466286458995334 ], [ 2.18706050049082, 41.467716820094729 ], [ 2.185802598830428, 41.467757597861876 ], [ 2.185738164655545, 41.467761032943663 ], [ 2.185381980770833, 41.467795097188912 ], [ 2.184583120605276, 41.468196728491577 ], [ 2.184421849811153, 41.468245517588521 ], [ 2.18416911375064, 41.468283554173986 ], [ 2.184065005667392, 41.468297591446607 ], [ 2.18378539286801, 41.468296476869753 ], [ 2.183623000405504, 41.468275003748339 ], [ 2.183470863182371, 41.468226950330916 ], [ 2.183100995489345, 41.468163472023853 ], [ 2.182673932412337, 41.468052175735558 ], [ 2.182388872351881, 41.467996507236535 ], [ 2.182022058630118, 41.467951965390697 ], [ 2.181891937631262, 41.467913529611756 ], [ 2.181687346493209, 41.467843045254057 ], [ 2.180692845826322, 41.467673155486523 ], [ 2.180510458938639, 41.467658679314688 ], [ 2.179794265019058, 41.467618701589025 ], [ 2.179413336502136, 41.467593999444766 ], [ 2.178694851539548, 41.46818418429087 ], [ 2.178640300823704, 41.467946836496601 ], [ 2.178605857059291, 41.467688042441985 ], [ 2.178609736659361, 41.467420523656124 ], [ 2.178671424381758, 41.467084376001075 ], [ 2.178788785719172, 41.466800265152557 ], [ 2.178935621790759, 41.466534730636546 ], [ 2.179166716072839, 41.466213879336067 ], [ 2.179465635474028, 41.465877730446749 ], [ 2.179844279359636, 41.465505570209324 ], [ 2.180137326302844, 41.465269071479447 ], [ 2.180421201122998, 41.465088460567173 ], [ 2.180711911085824, 41.46494026119683 ], [ 2.178855443723297, 41.464485198241732 ], [ 2.178622657246872, 41.464443231505548 ], [ 2.178432671179864, 41.464399251713139 ], [ 2.178126233967047, 41.464333281244251 ], [ 2.177802820808739, 41.464243337038262 ], [ 2.177464589820756, 41.464161455671203 ], [ 2.177255063870159, 41.464151490246145 ], [ 2.177077250389846, 41.464145030012496 ], [ 2.176957568082861, 41.464132392048185 ], [ 2.176920524305962, 41.464092170184202 ], [ 2.176618543069825, 41.46405282642106 ], [ 2.176251189866003, 41.463990062890446 ], [ 2.17621066902498, 41.463944555578991 ], [ 2.176172751031967, 41.463928034675178 ], [ 2.175990809801914, 41.463857987024973 ], [ 2.175730368113859, 41.463733034976656 ], [ 2.175621521343898, 41.463750938078718 ], [ 2.174915948904615, 41.463852216884099 ], [ 2.174878012445834, 41.463699280236838 ], [ 2.174780121846849, 41.463643452742765 ], [ 2.174524368428089, 41.463483988241379 ], [ 2.174352084850961, 41.46348401277691 ], [ 2.174327502867592, 41.463229494522786 ], [ 2.174357344936704, 41.463016026293332 ], [ 2.174354518260081, 41.462971716641235 ], [ 2.174279765255282, 41.462819495513351 ], [ 2.17424827034484, 41.462731897686119 ], [ 2.174169339107265, 41.462637221761014 ], [ 2.174073662732379, 41.462563719031358 ], [ 2.173995897981679, 41.462539453167913 ], [ 2.173842695703291, 41.462529282482436 ], [ 2.173760448635274, 41.462535237407103 ], [ 2.173402704663589, 41.462328458707766 ], [ 2.17293866883647, 41.462057208980291 ], [ 2.172646185253225, 41.461868853377368 ], [ 2.172548161489838, 41.4617664097402 ], [ 2.172386048498488, 41.461655785581094 ], [ 2.172134413958291, 41.461442805405852 ], [ 2.171899992285852, 41.461270887215157 ], [ 2.171749142613704, 41.461205010922612 ], [ 2.171720007487139, 41.461166600761331 ], [ 2.171694895733761, 41.461137596265203 ], [ 2.171645498850561, 41.461109668909053 ], [ 2.171523866918753, 41.460962855078655 ], [ 2.171425076445985, 41.460875735543674 ], [ 2.171405071986281, 41.460821982115753 ], [ 2.171223510623327, 41.461213426364914 ], [ 2.170641838170021, 41.46102367615773 ], [ 2.170500071318807, 41.460962133221464 ], [ 2.170018941987342, 41.46084430023523 ], [ 2.170011929067215, 41.460754317975962 ], [ 2.169548951316226, 41.460677108553107 ], [ 2.169409034258807, 41.460634957042465 ], [ 2.169287433000619, 41.460630223758521 ], [ 2.169098681526151, 41.460550928471733 ], [ 2.168429376396256, 41.46031996921905 ], [ 2.168318160487478, 41.460284895610222 ], [ 2.168296304850012, 41.460338283863926 ], [ 2.168282682575054, 41.460395130136007 ], [ 2.168267468992617, 41.460496577638473 ], [ 2.168258420278913, 41.460602467125291 ], [ 2.16826286834086, 41.460697227381999 ], [ 2.168143800664329, 41.460704025364159 ], [ 2.167325374422763, 41.460680251126952 ], [ 2.167254220570472, 41.46050716331218 ], [ 2.16724183090759, 41.460472269034142 ], [ 2.167275903214078, 41.460354771001946 ], [ 2.167288237443241, 41.460319118939651 ], [ 2.167359936026994, 41.460143237083116 ], [ 2.167397083559986, 41.460077355642682 ], [ 2.167524534739253, 41.459931205299995 ], [ 2.16739225348109, 41.459908278844196 ], [ 2.167312687231518, 41.459886751686518 ], [ 2.167237844578456, 41.459848856198988 ], [ 2.167166351402905, 41.459799986880583 ], [ 2.167013998639043, 41.459635129209708 ], [ 2.166934390199426, 41.459492311459691 ], [ 2.166921392199478, 41.459174525467233 ], [ 2.166438917875425, 41.458707982330964 ], [ 2.166162245859625, 41.458465394844424 ], [ 2.165799206872138, 41.458416335788336 ], [ 2.165740755834419, 41.458372956492461 ], [ 2.165697822703989, 41.458306773992057 ], [ 2.165686970718029, 41.458270646766735 ], [ 2.165670071087871, 41.458185459205261 ], [ 2.165623252157638, 41.45802852145043 ], [ 2.16549870030735, 41.457921285571167 ], [ 2.165463640273286, 41.457849498944533 ], [ 2.165415708014466, 41.457779551902362 ], [ 2.165316632462851, 41.457689902959288 ], [ 2.165271342854865, 41.457614178768786 ], [ 2.165195565833914, 41.457511160662641 ], [ 2.165079612337176, 41.457334391037818 ], [ 2.164974091208472, 41.45714609549006 ], [ 2.16489346400553, 41.457050792839361 ], [ 2.164720810268053, 41.456798431809574 ], [ 2.164644176201444, 41.456695628688308 ], [ 2.164575609730377, 41.456586870765378 ], [ 2.164514990181918, 41.456482678725223 ], [ 2.16433881963278, 41.45619269916449 ], [ 2.164228792904414, 41.456044543190565 ], [ 2.164168684893662, 41.455793808728131 ], [ 2.164266750844621, 41.455608548990682 ], [ 2.164300720651798, 41.455446824649805 ], [ 2.164325794335075, 41.455357017436185 ], [ 2.16440659068339, 41.455115588030985 ], [ 2.164505925630023, 41.455010346456874 ], [ 2.164733386333819, 41.454942886312637 ], [ 2.164890184013183, 41.454839642437605 ], [ 2.164923857311467, 41.454770515464595 ], [ 2.164939542752762, 41.454665801149766 ], [ 2.16495623518518, 41.454482477504307 ], [ 2.164956078732836, 41.454334489194501 ], [ 2.164930830406559, 41.454226397182836 ], [ 2.164891859740375, 41.454045623862633 ], [ 2.164819906340558, 41.453928072742251 ], [ 2.164802393428342, 41.453855489109905 ], [ 2.164797312529329, 41.453772211171135 ], [ 2.164807519408874, 41.453696600543402 ], [ 2.164825747472926, 41.453632135368274 ], [ 2.164858513842132, 41.453473590687757 ], [ 2.164861469264403, 41.453402701330489 ], [ 2.164874988678633, 41.453307220980761 ], [ 2.164896484995084, 41.453228761288614 ], [ 2.164901435372154, 41.453162509912495 ], [ 2.164890148822474, 41.453107154917696 ], [ 2.164871412615465, 41.452990313513531 ], [ 2.164862304225568, 41.45291160010386 ], [ 2.164836302723612, 41.45283530323335 ], [ 2.164813806238575, 41.452748879554285 ], [ 2.164801262953157, 41.452675212368703 ], [ 2.164859525630503, 41.452602062861942 ], [ 2.164938089694022, 41.452523984126287 ], [ 2.165033445359285, 41.452451102894422 ], [ 2.165159617990341, 41.452360849265467 ], [ 2.165332680225205, 41.452249124292543 ], [ 2.165392910178933, 41.452152718140439 ], [ 2.165447884990465, 41.452048206793208 ], [ 2.165513890230758, 41.451919559015458 ], [ 2.165568482413768, 41.451795360036037 ], [ 2.165575261751875, 41.451746080131144 ], [ 2.165592636823709, 41.451669128855968 ], [ 2.165597881450465, 41.451579755741086 ], [ 2.165584249859419, 41.451524161305663 ], [ 2.165555915345394, 41.451481814601195 ], [ 2.165505454393621, 41.451437263595722 ], [ 2.165426262857692, 41.451381189919609 ], [ 2.165373821948734, 41.451347653164781 ], [ 2.165310346314875, 41.45131252397303 ], [ 2.165075248690777, 41.451223590973761 ], [ 2.164963343727067, 41.451172738025484 ], [ 2.164842983422893, 41.451115407602586 ], [ 2.164792105802072, 41.451093226765792 ], [ 2.164756705697213, 41.451060888939324 ], [ 2.164706879105085, 41.450956596030842 ], [ 2.164680171891583, 41.450911491145675 ], [ 2.164638276356259, 41.450853449404818 ], [ 2.164559079349053, 41.450778319910746 ], [ 2.164447667769652, 41.450689108378249 ], [ 2.164403137464465, 41.450635361962433 ], [ 2.164358822487729, 41.450569133721565 ], [ 2.164319185447416, 41.450471348652762 ], [ 2.164291589823125, 41.450386361408547 ], [ 2.164274056025046, 41.450299569211772 ], [ 2.16424591409931, 41.4501830934772 ], [ 2.1642236443959, 41.450103287239052 ], [ 2.16416644110752, 41.449941999228521 ], [ 2.16417006481159, 41.449865629188977 ], [ 2.164140536385921, 41.449815225329097 ], [ 2.164105814143889, 41.449798241754806 ], [ 2.164037673685088, 41.449785799157247 ], [ 2.163892703694022, 41.449771347924603 ], [ 2.163679400214594, 41.449794546120799 ], [ 2.163577694126557, 41.449798589583693 ], [ 2.163472785073411, 41.449804997529647 ], [ 2.163380645806514, 41.449805683968478 ], [ 2.163255835579036, 41.449798404332029 ], [ 2.162975600611706, 41.449768092215052 ], [ 2.16287833441669, 41.449777856447383 ], [ 2.162786512339956, 41.449789259035505 ], [ 2.162685189198911, 41.449826456276945 ], [ 2.162596391622581, 41.449879621075837 ], [ 2.162494127282974, 41.449929845922185 ], [ 2.162393899669165, 41.44998645825104 ], [ 2.162297780675139, 41.450052656374929 ], [ 2.162187717081794, 41.45011638570876 ], [ 2.162110002258974, 41.450164260626735 ], [ 2.161995012450171, 41.450220310202653 ], [ 2.161860460464739, 41.450258377954739 ], [ 2.161724686042279, 41.450272819208394 ], [ 2.161532665071533, 41.450284414734512 ], [ 2.16104283444266, 41.450327458506443 ], [ 2.160413539681207, 41.450339628212006 ], [ 2.160369488225135, 41.450320607302338 ], [ 2.160211348268577, 41.450332729847375 ], [ 2.160185228216889, 41.450349202867024 ], [ 2.159998048636207, 41.450433343532254 ], [ 2.15956162294085, 41.450501566554372 ], [ 2.159559860989665, 41.45052120424765 ], [ 2.159109492500599, 41.450518277069357 ], [ 2.159130881779686, 41.450444270677018 ], [ 2.159181324720186, 41.450358627633179 ], [ 2.159212466036161, 41.450319630682188 ], [ 2.159374963965212, 41.450190568421199 ], [ 2.159477686369712, 41.44996131480039 ], [ 2.15948661458361, 41.449767693672712 ], [ 2.159419309442752, 41.449596943782552 ], [ 2.159425673706291, 41.449501790953505 ], [ 2.159424757057128, 41.449394733867621 ], [ 2.159283133234998, 41.4492664665067 ], [ 2.159148441083695, 41.449074272690432 ], [ 2.159009023631266, 41.448892060408866 ], [ 2.158922847144465, 41.448801482332925 ], [ 2.158750640281705, 41.448533081250794 ], [ 2.158639297897232, 41.448405604700007 ], [ 2.158340919214392, 41.448075489064763 ], [ 2.158069668000763, 41.447822476492085 ], [ 2.157940233572874, 41.447712089013969 ], [ 2.157780436284239, 41.447612143870863 ], [ 2.157676578354171, 41.447550475296765 ], [ 2.157576831389927, 41.447498636801079 ], [ 2.157493466763421, 41.447470463584558 ], [ 2.157339999507034, 41.447460584288059 ], [ 2.157206148211137, 41.447463152631883 ], [ 2.157095522528118, 41.447451785395252 ], [ 2.157042007035356, 41.447432567756778 ], [ 2.157031298294939, 41.447397900813044 ], [ 2.157043016881422, 41.447354552933909 ], [ 2.157064252561837, 41.447326947692993 ], [ 2.157117182895391, 41.44727945212211 ], [ 2.157251385040909, 41.447217365455565 ], [ 2.157423760482456, 41.447130571671124 ], [ 2.157469302844447, 41.447085940224362 ], [ 2.157516737664732, 41.447019020259354 ], [ 2.157542732337351, 41.446949259048964 ], [ 2.157561225525697, 41.446854150073868 ], [ 2.157592359374668, 41.446712853562509 ], [ 2.157590142287767, 41.446608459394476 ], [ 2.157518106240737, 41.44649310530945 ], [ 2.157416765837505, 41.446373951587361 ], [ 2.157316370402952, 41.446167919159805 ], [ 2.157253360039218, 41.446051766307193 ], [ 2.157210979020494, 41.446005716155213 ], [ 2.157168029907121, 41.445992466836152 ], [ 2.157082545859886, 41.445961719684206 ], [ 2.156653261677676, 41.445881758063415 ], [ 2.156423782846859, 41.445834750156806 ], [ 2.156206204744973, 41.445787666952739 ], [ 2.156011802736121, 41.445777575696489 ], [ 2.155903646569246, 41.445778187284034 ], [ 2.155834838248702, 41.445765071983828 ], [ 2.155792169962958, 41.445748662608977 ], [ 2.155758814436086, 41.445732321564861 ], [ 2.155707366560937, 41.445688573267681 ] ] ] } },
{ "type": "Feature", "properties": { "unit_id": "09", "unit_name": "Sant Andreu", "unit_type": "distrito", "unit_source": "Ajuntament de Barcelona Open Data — districtes municipals" }, "geometry": { "type": "Polygon", "coordinates": [ [ [ 2.18764133624856, 41.462119591194778 ], [ 2.187444501544485, 41.4620813700338 ], [ 2.187400923053724, 41.462081991751226 ], [ 2.18760098540258, 41.459941502323495 ], [ 2.187631748288061, 41.459702437899033 ], [ 2.187636465488071, 41.459643950108372 ], [ 2.187719003494163, 41.459233056728515 ], [ 2.187743512195747, 41.459149695121262 ], [ 2.187845498007792, 41.458890119232755 ], [ 2.18788503952617, 41.458774590192469 ], [ 2.187935667212099, 41.458649564528301 ], [ 2.187942778180624, 41.458624718259074 ], [ 2.187984827503092, 41.45852121375475 ], [ 2.188024814011885, 41.458414127739076 ], [ 2.188071464620976, 41.45831800572202 ], [ 2.188116237827026, 41.458250477956497 ], [ 2.1882251072443, 41.458076214383283 ], [ 2.18842249911738, 41.457767248006881 ], [ 2.188475646111498, 41.457691627469586 ], [ 2.188566993985425, 41.457582885925603 ], [ 2.188736935728351, 41.457361673670874 ], [ 2.188790812305965, 41.457304089435617 ], [ 2.188414385379285, 41.457097587886643 ], [ 2.187890868544248, 41.456906917571267 ], [ 2.188122950002446, 41.456629606280543 ], [ 2.18840906470245, 41.455979921205689 ], [ 2.188556723240478, 41.455650922381494 ], [ 2.188675037549843, 41.455262680008062 ], [ 2.188718069647712, 41.455044291666688 ], [ 2.188775489967187, 41.45484420334504 ], [ 2.188822138480268, 41.454189441219441 ], [ 2.188911508495901, 41.453245936818668 ], [ 2.188883306830093, 41.452037891309601 ], [ 2.188847530700059, 41.451506740100712 ], [ 2.188799244079757, 41.450688445906863 ], [ 2.188711512905866, 41.450110108480835 ], [ 2.188337454544794, 41.448857924444319 ], [ 2.186452014135311, 41.443167161794733 ], [ 2.185494638759157, 41.43989905747398 ], [ 2.18275152914636, 41.431746623512794 ], [ 2.182672353523941, 41.431204884658115 ], [ 2.18278652890538, 41.43063650617983 ], [ 2.182876783991617, 41.43044078491625 ], [ 2.183740191369197, 41.429290096585071 ], [ 2.18437364591892, 41.428350036525529 ], [ 2.184298367486103, 41.427644458008444 ], [ 2.179443340320198, 41.42783640624581 ], [ 2.177291896399756, 41.428173889741721 ], [ 2.177221273888131, 41.42734156465778 ], [ 2.177303451422975, 41.425487680026905 ], [ 2.176064017720946, 41.425450487054761 ], [ 2.176220048548616, 41.425326305329541 ], [ 2.17653223810377, 41.424992472215351 ], [ 2.180470145572497, 41.420713357862184 ], [ 2.180658254940901, 41.420481667426323 ], [ 2.180746048377925, 41.420354525380148 ], [ 2.180795623002384, 41.420236687865987 ], [ 2.180834811460244, 41.420033833296593 ], [ 2.180827510558457, 41.419836064788583 ], [ 2.180490797070298, 41.418334068073108 ], [ 2.180394936222037, 41.417482197644084 ], [ 2.180404518970555, 41.416373518670383 ], [ 2.180484428205485, 41.415831784210624 ], [ 2.183360972634382, 41.417950446969648 ], [ 2.188001420208195, 41.41446167437141 ], [ 2.189033984315468, 41.41367750200596 ], [ 2.19015075303579, 41.414539215756513 ], [ 2.19097748720155, 41.415168372826713 ], [ 2.191108999788908, 41.415542708644637 ], [ 2.192414384648831, 41.414545375784364 ], [ 2.193357568961764, 41.415252280391215 ], [ 2.193543462278556, 41.415397016789221 ], [ 2.193326653998596, 41.4159317856112 ], [ 2.193289876420394, 41.416056399239217 ], [ 2.19323425879799, 41.416315492015677 ], [ 2.193233010867608, 41.416472515034265 ], [ 2.193247031729471, 41.416640149631064 ], [ 2.193293498998995, 41.416802409085967 ], [ 2.193486329714168, 41.417338286883322 ], [ 2.194033147083357, 41.418816272374293 ], [ 2.195218687471759, 41.422391347126982 ], [ 2.195487355618296, 41.422343724787559 ], [ 2.195532164116861, 41.42245420750784 ], [ 2.195604468879319, 41.422650446159331 ], [ 2.195597595353996, 41.422679897542857 ], [ 2.195890217667747, 41.424424055690402 ], [ 2.195907252013263, 41.424455092858622 ], [ 2.196040197115315, 41.424897495622986 ], [ 2.196158483808095, 41.425319519993359 ], [ 2.196227900489256, 41.425554901519135 ], [ 2.196447293110748, 41.426332084376121 ], [ 2.196525137854866, 41.426509165234719 ], [ 2.196547962919487, 41.426587194113736 ], [ 2.196425305424642, 41.426661652389619 ], [ 2.19662263664526, 41.427280178269839 ], [ 2.196955860294033, 41.427966916476876 ], [ 2.197126150814029, 41.428476288536999 ], [ 2.197214596264321, 41.428748396736253 ], [ 2.197319543980549, 41.42893676600292 ], [ 2.197571177549547, 41.429209645779579 ], [ 2.198109616146986, 41.429626842235798 ], [ 2.198399356512252, 41.429821431792213 ], [ 2.19868672682505, 41.429944652469842 ], [ 2.198943011829587, 41.430032218862834 ], [ 2.199171747894936, 41.430083136152838 ], [ 2.199494974885258, 41.43012332510019 ], [ 2.199900539968784, 41.430161960051066 ], [ 2.200234904486498, 41.430176300928572 ], [ 2.200685505822194, 41.430159454023986 ], [ 2.201104769691716, 41.430087289149277 ], [ 2.201527250547021, 41.429992788571369 ], [ 2.201945907966376, 41.42986052768989 ], [ 2.202356838037178, 41.42971214240324 ], [ 2.202983913310765, 41.429478637596027 ], [ 2.207024179977102, 41.427583624342901 ], [ 2.207351914505779, 41.427976664726053 ], [ 2.207278530088226, 41.42801168065165 ], [ 2.20736113924057, 41.4281066299923 ], [ 2.207343416457427, 41.428115004452692 ], [ 2.207328680734355, 41.428237829122615 ], [ 2.20728992074699, 41.428435924959082 ], [ 2.207273623034925, 41.428654693436208 ], [ 2.207275306371716, 41.428787422617809 ], [ 2.2071387147881, 41.428854011118844 ], [ 2.207323794118122, 41.429068158861497 ], [ 2.207249160508912, 41.429104695375109 ], [ 2.207010025927572, 41.429679334432294 ], [ 2.206920935808227, 41.429912921540186 ], [ 2.207007614880225, 41.430013739539802 ], [ 2.206540299501233, 41.430242404297253 ], [ 2.206796700046258, 41.430537055130998 ], [ 2.206723894687158, 41.430572946919412 ], [ 2.20667264342691, 41.430580997462741 ], [ 2.206483069344436, 41.431080711628091 ], [ 2.206366129445089, 41.431537240382909 ], [ 2.20617120641848, 41.43227122788258 ], [ 2.206470773443601, 41.432640717539556 ], [ 2.207262391558875, 41.432895645525861 ], [ 2.207277371667643, 41.432888182491538 ], [ 2.207431761245187, 41.432947974819385 ], [ 2.207478526446802, 41.432952674613169 ], [ 2.207719602209187, 41.433031583017836 ], [ 2.208016854765638, 41.43311787645677 ], [ 2.208041400148493, 41.433130917078394 ], [ 2.20819308669125, 41.433144364457711 ], [ 2.208407056097622, 41.433175840773885 ], [ 2.208552321185379, 41.433161230322369 ], [ 2.209545454080699, 41.433236415959634 ], [ 2.209604874926313, 41.433253605105449 ], [ 2.20975291519282, 41.433272673048727 ], [ 2.209886954792279, 41.433281628360071 ], [ 2.209926323104629, 41.433296238597741 ], [ 2.210759188015081, 41.433430293595912 ], [ 2.210663721191751, 41.433599111997097 ], [ 2.210304635792894, 41.434248411427248 ], [ 2.210166505167981, 41.434518006402421 ], [ 2.209979986688685, 41.434910872727606 ], [ 2.209887582671681, 41.435116955463293 ], [ 2.209804880600156, 41.435311772487331 ], [ 2.209706554527271, 41.435555026851254 ], [ 2.209627050710671, 41.435759319918013 ], [ 2.209537823904506, 41.436009854298327 ], [ 2.209410851456505, 41.436385873154265 ], [ 2.208625389428867, 41.439190071708445 ], [ 2.208468291927381, 41.439770306825324 ], [ 2.208400991819375, 41.439996290795357 ], [ 2.208290413641362, 41.440332216233074 ], [ 2.208225555714763, 41.440515241489955 ], [ 2.208156485928118, 41.440697407226558 ], [ 2.208093846851984, 41.440852641705717 ], [ 2.207990733149976, 41.441096187454974 ], [ 2.207911097447173, 41.441273095598156 ], [ 2.207830267063383, 41.441442194111353 ], [ 2.207662444234516, 41.441773564106725 ], [ 2.207567653279628, 41.441951158456639 ], [ 2.207470466996655, 41.442123102969013 ], [ 2.207322238575834, 41.442372857723036 ], [ 2.207194061637522, 41.442576542317809 ], [ 2.20694337414109, 41.442962129604517 ], [ 2.206834594827509, 41.443116062521085 ], [ 2.206298029649806, 41.443807647389626 ], [ 2.206133013248753, 41.444000232509794 ], [ 2.205881315675096, 41.444283009463817 ], [ 2.205605534262532, 41.444577718322002 ], [ 2.204988342882808, 41.445226756421306 ], [ 2.203863501601791, 41.446416163716322 ], [ 2.203210771743159, 41.447103324892645 ], [ 2.201942202642905, 41.448391440276176 ], [ 2.200701479838345, 41.449620959535963 ], [ 2.200177168796918, 41.450136458048256 ], [ 2.199572972306457, 41.450724907842442 ], [ 2.199181320445844, 41.45106709414285 ], [ 2.198476476894819, 41.451669303251663 ], [ 2.19810606990548, 41.451980918541601 ], [ 2.197712637657033, 41.452275906468628 ], [ 2.196993491516834, 41.452785284204502 ], [ 2.195277452315883, 41.453989491583833 ], [ 2.194506204822154, 41.454535095177548 ], [ 2.191705579302214, 41.456554746086461 ], [ 2.191311318053191, 41.456851165147135 ], [ 2.190955701306045, 41.457139063408299 ], [ 2.190616611815829, 41.457433129819336 ], [ 2.190148294044437, 41.457874106038112 ], [ 2.189786617131086, 41.458218983840545 ], [ 2.189365394739074, 41.458638607670522 ], [ 2.189014468196959, 41.459038711086507 ], [ 2.188834728560485, 41.459266637164475 ], [ 2.188608976920325, 41.459583537809948 ], [ 2.188459537659219, 41.459817423727038 ], [ 2.188328495818952, 41.460045016977709 ], [ 2.188198808503119, 41.460292580033645 ], [ 2.188056106282658, 41.460598554146046 ], [ 2.187961374024761, 41.460832276058788 ], [ 2.187873171947109, 41.461079032661331 ], [ 2.187797872989558, 41.461309820095614 ], [ 2.187716968048901, 41.46161749108991 ], [ 2.187681224902779, 41.461801728268256 ], [ 2.18764133624856, 41.462119591194778 ] ] ] } },
{ "type": "Feature", "properties": { "unit_id": "10", "unit_name": "Sant Martí", "unit_type": "distrito", "unit_source": "Ajuntament de Barcelona Open Data — districtes municipals" }, "geometry": { "type": "Polygon", "coordinates": [ [ [ 2.207364122299362, 41.427111297500247 ], [ 2.206838455170639, 41.427360888668275 ], [ 2.207024179977102, 41.427583624342901 ], [ 2.202983913310765, 41.429478637596027 ], [ 2.202356838037178, 41.42971214240324 ], [ 2.201945907966376, 41.42986052768989 ], [ 2.201527250547021, 41.429992788571369 ], [ 2.201104769691716, 41.430087289149277 ], [ 2.200685505822194, 41.430159454023986 ], [ 2.200234904486498, 41.430176300928572 ], [ 2.199900539968784, 41.430161960051066 ], [ 2.199494974885258, 41.43012332510019 ], [ 2.199171747894936, 41.430083136152838 ], [ 2.198943011829587, 41.430032218862834 ], [ 2.19868672682505, 41.429944652469842 ], [ 2.198399356512252, 41.429821431792213 ], [ 2.198109616146986, 41.429626842235798 ], [ 2.197571177549547, 41.429209645779579 ], [ 2.197319543980549, 41.42893676600292 ], [ 2.197214596264321, 41.428748396736253 ], [ 2.197126150814029, 41.428476288536999 ], [ 2.196955860294033, 41.427966916476876 ], [ 2.19662263664526, 41.427280178269839 ], [ 2.196425305441815, 41.426661652452786 ], [ 2.196547962919487, 41.426587194113736 ], [ 2.196525137854866, 41.426509165234719 ], [ 2.196447293110748, 41.426332084376121 ], [ 2.196227900489256, 41.425554901519135 ], [ 2.196158483808095, 41.425319519993359 ], [ 2.196040197115315, 41.424897495622986 ], [ 2.195907252013263, 41.424455092858622 ], [ 2.195890217667747, 41.424424055690402 ], [ 2.195597595353996, 41.422679897542857 ], [ 2.195604468879319, 41.422650446159331 ], [ 2.195532165234334, 41.422454210533154 ], [ 2.195487355618296, 41.422343724787559 ], [ 2.195218687471759, 41.422391347126982 ], [ 2.194033147083357, 41.418816272374293 ], [ 2.193486329714168, 41.417338286883322 ], [ 2.193293498998995, 41.416802409085967 ], [ 2.193247031729471, 41.416640149631064 ], [ 2.193233010867608, 41.416472515034265 ], [ 2.19323425879799, 41.416315492015677 ], [ 2.193289876420394, 41.416056399239217 ], [ 2.193326653998596, 41.4159317856112 ], [ 2.193543462278556, 41.415397016789221 ], [ 2.193357568961764, 41.415252280391215 ], [ 2.192414384648831, 41.414545375784364 ], [ 2.191108999788908, 41.415542708644637 ], [ 2.19097748720155, 41.415168372826713 ], [ 2.19015075303579, 41.414539215756513 ], [ 2.189033984315468, 41.41367750200596 ], [ 2.188001420208195, 41.41446167437141 ], [ 2.183360972634382, 41.417950446969648 ], [ 2.180484428205485, 41.415831784210624 ], [ 2.175467790126731, 41.412036438501922 ], [ 2.178879820291535, 41.409449535154586 ], [ 2.181116270378963, 41.407756414137516 ], [ 2.182252102165642, 41.406893693324086 ], [ 2.183102530707274, 41.406251163256336 ], [ 2.185669310220757, 41.404305821244598 ], [ 2.184527022162527, 41.403451506934253 ], [ 2.186895473767838, 41.401656354529258 ], [ 2.18686548933686, 41.394968371410357 ], [ 2.186819452931102, 41.394958752119486 ], [ 2.186776578289047, 41.394942877827681 ], [ 2.186738351411774, 41.394921298591107 ], [ 2.186706093168321, 41.394894760564569 ], [ 2.186680921312128, 41.394864182312595 ], [ 2.18666370661904, 41.394830622972293 ], [ 2.186655044665166, 41.394795243320615 ], [ 2.186655234782006, 41.394759266892919 ], [ 2.186664270984135, 41.394723940285296 ], [ 2.186681840185835, 41.394690484501659 ], [ 2.186707335809435, 41.394660059020069 ], [ 2.186731694646234, 41.39463945268453 ], [ 2.182380953884804, 41.39142013297262 ], [ 2.184585635760315, 41.38975553161238 ], [ 2.186769725012594, 41.391392602086363 ], [ 2.188738494752519, 41.389901520341432 ], [ 2.191233680452504, 41.388024337176958 ], [ 2.191417457262166, 41.387881364394758 ], [ 2.191485359194964, 41.387831048155128 ], [ 2.191488096639726, 41.387833103088681 ], [ 2.191920940991912, 41.387500712805512 ], [ 2.192049856380554, 41.38740664282998 ], [ 2.192046481111888, 41.387404131253668 ], [ 2.192561333895828, 41.387012391827717 ], [ 2.192881532901477, 41.386766304906118 ], [ 2.192907823712288, 41.386744618799881 ], [ 2.192908575082492, 41.386745855397855 ], [ 2.19336234177972, 41.386406477802005 ], [ 2.193572720924528, 41.386239505802806 ], [ 2.195754545049456, 41.387852453940361 ], [ 2.195806225011787, 41.387813403364234 ], [ 2.195802566281614, 41.387785775594445 ], [ 2.195802627498291, 41.38774883334802 ], [ 2.195814592587487, 41.387696252721597 ], [ 2.195837868640682, 41.387648145911704 ], [ 2.195864937772976, 41.387612416973965 ], [ 2.195906394900143, 41.387570840390403 ], [ 2.195949406263156, 41.387538270518576 ], [ 2.195997812119454, 41.387511705309002 ], [ 2.196057957741355, 41.387488442088646 ], [ 2.196111064287836, 41.387471719752625 ], [ 2.196172731102954, 41.387458606213819 ], [ 2.196228824684468, 41.387454222277157 ], [ 2.196313960136483, 41.387454082391464 ], [ 2.196375294805382, 41.387456531162599 ], [ 2.19641967390901, 41.387465705401191 ], [ 2.199722197982525, 41.384987424885402 ], [ 2.199841933098386, 41.385074487047589 ], [ 2.199909617175635, 41.385128002996545 ], [ 2.199986102232714, 41.3851923981303 ], [ 2.199950219922544, 41.385239384093779 ], [ 2.199913274924016, 41.385210122988468 ], [ 2.199762207411298, 41.385324161582098 ], [ 2.199836652113891, 41.385383291238014 ], [ 2.199588419302602, 41.385701160642846 ], [ 2.199422129838124, 41.385579798416522 ], [ 2.199287908334868, 41.385679559563783 ], [ 2.199489011247406, 41.385832357230555 ], [ 2.198313281405164, 41.386718429260895 ], [ 2.198430236446134, 41.386808499566776 ], [ 2.198312473018875, 41.386895232226045 ], [ 2.199078592287521, 41.387473769907601 ], [ 2.199380181369625, 41.387698687743594 ], [ 2.199667741252767, 41.387916895686899 ], [ 2.199974067563114, 41.388145006545834 ], [ 2.200220732436986, 41.38833241128426 ], [ 2.20034135514964, 41.388243678880258 ], [ 2.200457477288057, 41.388332867595423 ], [ 2.201963507767064, 41.387197584246749 ], [ 2.200196548673224, 41.38586811014175 ], [ 2.200835745496359, 41.385385244397717 ], [ 2.201124878747613, 41.385599559444877 ], [ 2.200985383364733, 41.385704366204159 ], [ 2.201036351420394, 41.385742020262519 ], [ 2.20117415377382, 41.385638732967223 ], [ 2.201409200829679, 41.385815263558925 ], [ 2.201203831099698, 41.385972604620413 ], [ 2.202097007203216, 41.386644196271703 ], [ 2.202147568606, 41.386605652397179 ], [ 2.202187575859395, 41.386636005909025 ], [ 2.202138083577617, 41.386674169890838 ], [ 2.202397240128069, 41.38687140636803 ], [ 2.202603357047953, 41.386715462742487 ], [ 2.202515189482161, 41.386648230286085 ], [ 2.202533646979055, 41.386634315483548 ], [ 2.202622370477609, 41.386701077082122 ], [ 2.202745271830556, 41.386608092849549 ], [ 2.202641764131986, 41.386471235954524 ], [ 2.202551241690786, 41.386512862913897 ], [ 2.202514730555234, 41.386464581768927 ], [ 2.202606853673355, 41.386425073690383 ], [ 2.202465974569091, 41.386246775259636 ], [ 2.202336683028146, 41.386090229078064 ], [ 2.202206288876278, 41.38594174584297 ], [ 2.201929897977271, 41.385642517908714 ], [ 2.2017962204275, 41.385506432801513 ], [ 2.201650873233981, 41.385362285906268 ], [ 2.201394869853313, 41.385124431258241 ], [ 2.201271418273119, 41.385013925810647 ], [ 2.201007334149132, 41.384787669934148 ], [ 2.200749571721552, 41.384581517111961 ], [ 2.200504940956566, 41.38439700995378 ], [ 2.200384555730513, 41.384314673363882 ], [ 2.200267357214791, 41.384240708770406 ], [ 2.200163684761793, 41.384178529844895 ], [ 2.200033757737136, 41.384105836671154 ], [ 2.19989597033377, 41.384151438551733 ], [ 2.199471532138372, 41.383952798015841 ], [ 2.199449356506328, 41.383938330779849 ], [ 2.199429088948341, 41.383922363550894 ], [ 2.199415410690333, 41.383908396796897 ], [ 2.199398977093678, 41.38388583210439 ], [ 2.199371621353593, 41.38389215781028 ], [ 2.199261897262826, 41.383856409077637 ], [ 2.199107672309677, 41.383790301410727 ], [ 2.198980273631575, 41.383721272691659 ], [ 2.198866614596917, 41.383669012419844 ], [ 2.198859763797132, 41.383661038100556 ], [ 2.198858885911781, 41.383626353019508 ], [ 2.198870337554226, 41.383607345805771 ], [ 2.199007839410426, 41.383503113183131 ], [ 2.199198145395728, 41.383451356424743 ], [ 2.199402849205063, 41.38336266959184 ], [ 2.199418201247967, 41.383361073983188 ], [ 2.199558344193805, 41.38335246494222 ], [ 2.199776455101475, 41.383352468722194 ], [ 2.199849977966743, 41.383379299996754 ], [ 2.200056401099815, 41.383471287884774 ], [ 2.200115591608217, 41.383507288093249 ], [ 2.200234938627446, 41.383620522573871 ], [ 2.200322002656109, 41.383661823672561 ], [ 2.200543803027861, 41.383734668470716 ], [ 2.200588251377167, 41.383836753300173 ], [ 2.200655507562361, 41.383847029729758 ], [ 2.200669442699176, 41.383857620299707 ], [ 2.200633559796946, 41.383905732425994 ], [ 2.200594154036815, 41.38397488866562 ], [ 2.200528654581826, 41.383984242793765 ], [ 2.200453928941736, 41.383963744893336 ], [ 2.20036926835889, 41.383924397215651 ], [ 2.200331754899295, 41.383856652144495 ], [ 2.200255760921302, 41.38380596108626 ], [ 2.20014689121275, 41.383787324423707 ], [ 2.199996540285324, 41.383721235867704 ], [ 2.199865164022269, 41.38366148524468 ], [ 2.199779052959524, 41.383599058775282 ], [ 2.199711747838454, 41.383580125262093 ], [ 2.199656932361406, 41.383587238267872 ], [ 2.199603293947554, 41.383584189939754 ], [ 2.199576138858175, 41.383575921297627 ], [ 2.199530384422428, 41.383576575825117 ], [ 2.199501604490369, 41.383590598493129 ], [ 2.199516377772434, 41.383621570054238 ], [ 2.199513935337668, 41.383630560587513 ], [ 2.19950399537897, 41.383643345175109 ], [ 2.199510195390561, 41.383654850382221 ], [ 2.199537959448736, 41.383646427829383 ], [ 2.199567618735321, 41.383640671169545 ], [ 2.199614035971745, 41.383637661266228 ], [ 2.199645084155548, 41.383639579650783 ], [ 2.199675233755384, 41.383644554335355 ], [ 2.199703746308979, 41.383652336981491 ], [ 2.199730004487367, 41.383662553988444 ], [ 2.199890281412878, 41.383741349469929 ], [ 2.200145522839102, 41.383869706738018 ], [ 2.200286282648699, 41.383948465079989 ], [ 2.200511591256213, 41.384083549290587 ], [ 2.20062562323804, 41.384158257278671 ], [ 2.200732745698738, 41.384231737173337 ], [ 2.200855029665027, 41.384322148321452 ], [ 2.201074550605709, 41.384492527745479 ], [ 2.201292603715913, 41.384668598321738 ], [ 2.201457386068147, 41.384807665204995 ], [ 2.201658130400541, 41.384984110375008 ], [ 2.201862108028702, 41.385173026015572 ], [ 2.201968234236858, 41.385275411991017 ], [ 2.202138713513261, 41.385445710451144 ], [ 2.202315381082236, 41.385632319140853 ], [ 2.202400324084713, 41.385727126653691 ], [ 2.202731843233079, 41.386109514570407 ], [ 2.202783868881098, 41.38617329699516 ], [ 2.202905433070658, 41.386330023340413 ], [ 2.203142610679663, 41.386651982563336 ], [ 2.203299532546121, 41.38688015779023 ], [ 2.20343859081724, 41.387097201943405 ], [ 2.203620655175946, 41.387416580767727 ], [ 2.203054550312276, 41.387839793350928 ], [ 2.203250832125207, 41.387924278535586 ], [ 2.203259881011344, 41.387930592411251 ], [ 2.203270997660138, 41.387942901596439 ], [ 2.20327476360368, 41.387964590755658 ], [ 2.2033797973304, 41.388058059393131 ], [ 2.203394441500574, 41.388073383484326 ], [ 2.203426666231319, 41.388099620290042 ], [ 2.203422976409997, 41.388135381617971 ], [ 2.203389879016646, 41.388159076453618 ], [ 2.203347493045191, 41.388158855060752 ], [ 2.203316383730433, 41.388133346557566 ], [ 2.203314468925475, 41.388097186127112 ], [ 2.20322392714145, 41.388052080068562 ], [ 2.203133966385466, 41.387975073330644 ], [ 2.203030670424388, 41.38791955617463 ], [ 2.203007572027381, 41.38787861914782 ], [ 2.203005130784297, 41.387876764704671 ], [ 2.20299104443527, 41.387887268984542 ], [ 2.202917043913954, 41.387830477407881 ], [ 2.202946143625588, 41.387809952684286 ], [ 2.202833075828751, 41.387653618557415 ], [ 2.202778190441053, 41.387695573639313 ], [ 2.202769629336777, 41.387689479285726 ], [ 2.201491763369559, 41.388653993366745 ], [ 2.201518771439079, 41.388758438300272 ], [ 2.201560743730718, 41.388834536821975 ], [ 2.201665774340111, 41.389165751386201 ], [ 2.201846539426832, 41.389518739935063 ], [ 2.202074887731093, 41.389795395198817 ], [ 2.202560542311814, 41.390215071373582 ], [ 2.202995964013119, 41.390497834612297 ], [ 2.203545646125279, 41.390784224519159 ], [ 2.203890948964836, 41.390915935038528 ], [ 2.204420771267164, 41.391080644957192 ], [ 2.204746852070962, 41.39111146824785 ], [ 2.204849724872302, 41.391035473911096 ], [ 2.204919040756292, 41.390978484958175 ], [ 2.204935099033491, 41.390972074478405 ], [ 2.204965204171906, 41.390966283490734 ], [ 2.204975223742834, 41.390966604931528 ], [ 2.204989699306442, 41.390970325970073 ], [ 2.20499284350392, 41.39097752578293 ], [ 2.205759193716685, 41.390391980120782 ], [ 2.20589054029008, 41.390491104637114 ], [ 2.205370257830612, 41.39088509454956 ], [ 2.205377691090995, 41.390893199502884 ], [ 2.205378597791305, 41.390899285837172 ], [ 2.205378742679201, 41.390908996938947 ], [ 2.205373338807828, 41.39091860666845 ], [ 2.205359553693899, 41.390927924320629 ], [ 2.205344188505754, 41.390935375510679 ], [ 2.205239152385762, 41.391020230454288 ], [ 2.205158988405814, 41.391093871618104 ], [ 2.205122002940316, 41.391122458182899 ], [ 2.204961742359099, 41.391237646978382 ], [ 2.204889002088152, 41.391294900531271 ], [ 2.204815334284079, 41.39134973361346 ], [ 2.204787239007979, 41.391365293589388 ], [ 2.204691790383696, 41.39139885974437 ], [ 2.204567393037691, 41.391493057945368 ], [ 2.204822521477936, 41.391683381965578 ], [ 2.204852990999667, 41.391660182903614 ], [ 2.204901974170671, 41.391601650986374 ], [ 2.204992688716193, 41.391524101586612 ], [ 2.205055128275976, 41.391471938111309 ], [ 2.205153473445555, 41.391396377916003 ], [ 2.20517021329779, 41.391377226479683 ], [ 2.20518429786445, 41.39136493843997 ], [ 2.205207539375591, 41.391350146508543 ], [ 2.205225397456411, 41.391341316392001 ], [ 2.205245709863878, 41.391316586947212 ], [ 2.205352536322764, 41.3912311048338 ], [ 2.205509510715567, 41.391108722820107 ], [ 2.205540076278302, 41.391087712161351 ], [ 2.205558366462845, 41.391079731682375 ], [ 2.205568375175731, 41.391077999283198 ], [ 2.20559392339821, 41.391077094771681 ], [ 2.205612664593165, 41.391081781963699 ], [ 2.206142048865499, 41.390678710236102 ], [ 2.20627096950557, 41.390774800060591 ], [ 2.205729232969945, 41.391184839992732 ], [ 2.205731193582006, 41.391185907405884 ], [ 2.205749049746959, 41.391183121236715 ], [ 2.205751926802722, 41.391184564283598 ], [ 2.205758264182642, 41.39121421572937 ], [ 2.205755653436459, 41.391223322320535 ], [ 2.205748406300856, 41.391234018260477 ], [ 2.205721165654569, 41.39125210646872 ], [ 2.205678464711843, 41.391286436582206 ], [ 2.205660377451013, 41.391303290882568 ], [ 2.205625409207368, 41.391320442983471 ], [ 2.205598285620539, 41.391344630057631 ], [ 2.205563001520716, 41.391372985306525 ], [ 2.205533239535952, 41.391402648732246 ], [ 2.205474821900411, 41.391443843493434 ], [ 2.205509854032444, 41.391548138765707 ], [ 2.205676151577527, 41.391823304484127 ], [ 2.206364267553451, 41.392800584953839 ], [ 2.207030013831718, 41.393618238045086 ], [ 2.207631187650428, 41.394271983253532 ], [ 2.208202572709497, 41.39479492940724 ], [ 2.208540155615255, 41.395039968356699 ], [ 2.20890361970607, 41.395247118523983 ], [ 2.209434692094323, 41.395475488002994 ], [ 2.210065078376183, 41.395645777314542 ], [ 2.210132366258538, 41.395593008475444 ], [ 2.210183725315378, 41.395556943673235 ], [ 2.210234931522058, 41.395514725669806 ], [ 2.210412870550504, 41.395379996546396 ], [ 2.210486815290534, 41.395327972160601 ], [ 2.210534551555566, 41.395297665162019 ], [ 2.210561300608838, 41.395269817321392 ], [ 2.210585334553231, 41.39525183208471 ], [ 2.21069546029117, 41.395176384053251 ], [ 2.210746111364877, 41.395145394375078 ], [ 2.210760648104451, 41.395140206679628 ], [ 2.210770461396586, 41.39514181427581 ], [ 2.210778382632429, 41.395154470115521 ], [ 2.211317653447974, 41.394741732571383 ], [ 2.211448315034723, 41.394838576115291 ], [ 2.210911569434376, 41.395245278536457 ], [ 2.211127248120004, 41.395407190215671 ], [ 2.211252469305052, 41.395310983754825 ], [ 2.211309151979068, 41.395352977990719 ], [ 2.211717868891222, 41.395038228070824 ], [ 2.211848769369905, 41.395134208073038 ], [ 2.211318097440961, 41.395540571154946 ], [ 2.211324577358846, 41.395546402896059 ], [ 2.211328014427751, 41.395553001937067 ], [ 2.211324788349554, 41.395564572488937 ], [ 2.211308066353765, 41.395578347447795 ], [ 2.211257355876578, 41.395613255230302 ], [ 2.211218095810093, 41.395646944405925 ], [ 2.211185097571296, 41.395679172242808 ], [ 2.211160105002175, 41.39569729515145 ], [ 2.21110131084116, 41.395748784312701 ], [ 2.211082905811733, 41.395763241276903 ], [ 2.211064680793777, 41.395774681956837 ], [ 2.211033076081496, 41.395802451579598 ], [ 2.210991624303623, 41.395830405879678 ], [ 2.210932018732903, 41.395875773290108 ], [ 2.210896117783719, 41.395899730257845 ], [ 2.210822088150453, 41.395954789849171 ], [ 2.210735300466683, 41.396026981532486 ], [ 2.211112351073549, 41.396776688770991 ], [ 2.211537650852815, 41.397308758989389 ], [ 2.211560192468398, 41.397363814210344 ], [ 2.211641063332461, 41.397467324145211 ], [ 2.212011049849128, 41.397819764192207 ], [ 2.212118561843059, 41.397954027710682 ], [ 2.212801841027639, 41.398583041740203 ], [ 2.213232674776426, 41.398898404862102 ], [ 2.213635636526722, 41.399138597407799 ], [ 2.214070752332713, 41.399290815700105 ], [ 2.214398893379488, 41.399352127866329 ], [ 2.214444102975791, 41.399325107771141 ], [ 2.214463023898519, 41.399319490162661 ], [ 2.214479556819729, 41.399310514463721 ], [ 2.214494433822292, 41.399298978333697 ], [ 2.214505485120805, 41.399287244941576 ], [ 2.214518979788687, 41.399276257836554 ], [ 2.214557830601168, 41.399234872353553 ], [ 2.214582270742201, 41.399212988818086 ], [ 2.214597512286545, 41.399206940733308 ], [ 2.214623884916997, 41.399189484057516 ], [ 2.21466359145134, 41.399158490032107 ], [ 2.214780332037468, 41.399085236087693 ], [ 2.214800363671801, 41.399067835179231 ], [ 2.214838502512721, 41.399024949494816 ], [ 2.214929564059284, 41.398965175538379 ], [ 2.214945745276987, 41.398956584694602 ], [ 2.214964544971874, 41.398958046074959 ], [ 2.214980642027065, 41.398952472166293 ], [ 2.214995746683188, 41.398943873970332 ], [ 2.21499231528606, 41.398926817366679 ], [ 2.215019724470147, 41.398853025724662 ], [ 2.215031883059415, 41.398844695664657 ], [ 2.215060339343334, 41.398832009065373 ], [ 2.215074085844636, 41.398827914353717 ], [ 2.21509666360909, 41.398804693898484 ], [ 2.215123450767275, 41.39878656437125 ], [ 2.215131210567756, 41.398774961592196 ], [ 2.215135784389721, 41.398759707055099 ], [ 2.215149923370243, 41.398743869224205 ], [ 2.215163433805572, 41.398735530356355 ], [ 2.215180138124085, 41.398730185749272 ], [ 2.215193974914381, 41.398727532839942 ], [ 2.215203693417312, 41.398712214308532 ], [ 2.215214690115009, 41.398707983726496 ], [ 2.215237176054309, 41.398713271372351 ], [ 2.21526493493422, 41.398701868038636 ], [ 2.215295699704155, 41.398684224981871 ], [ 2.21532303016216, 41.398661694442552 ], [ 2.215338137694647, 41.398651853184802 ], [ 2.215362823194961, 41.398641356641036 ], [ 2.215390057301032, 41.398633795903258 ], [ 2.215418992384876, 41.398620076616311 ], [ 2.21548051738336, 41.398582169196068 ], [ 2.215505872813332, 41.398576640325025 ], [ 2.215530438542501, 41.398573114738085 ], [ 2.215551743631451, 41.398576124380043 ], [ 2.21557227464737, 41.398584812477047 ], [ 2.215587760018176, 41.398595276680759 ], [ 2.215598679122772, 41.398608439026887 ], [ 2.215598442520669, 41.398622146837951 ], [ 2.215590298137033, 41.398636890646721 ], [ 2.215579802566123, 41.398650186232189 ], [ 2.215518340901752, 41.398693768865556 ], [ 2.215418846621886, 41.398757521153328 ], [ 2.21540644734301, 41.398772938520175 ], [ 2.21539904276927, 41.398789822138532 ], [ 2.215387282458603, 41.398807810999493 ], [ 2.215366894918517, 41.398824984396697 ], [ 2.21534475545776, 41.39884061456695 ], [ 2.215337041545468, 41.398856361125794 ], [ 2.215367377109971, 41.398885346979483 ], [ 2.215421272799691, 41.398924807075545 ], [ 2.215459921573794, 41.398914081454855 ], [ 2.215488898704711, 41.398901848676303 ], [ 2.215533092198589, 41.398867741322086 ], [ 2.215565638904125, 41.398847155880929 ], [ 2.215620509014729, 41.398820507436248 ], [ 2.215652337969542, 41.398799917077255 ], [ 2.215673431645033, 41.398796638016556 ], [ 2.215701863001002, 41.398809892704698 ], [ 2.215713345619038, 41.398819969306317 ], [ 2.215719714464511, 41.398837487279522 ], [ 2.215714965379462, 41.398874295606156 ], [ 2.215700512165711, 41.39891229883554 ], [ 2.215674192540916, 41.398942294568727 ], [ 2.215661125557059, 41.398954545776633 ], [ 2.215639353507271, 41.398984392351394 ], [ 2.215596686851173, 41.399020852106133 ], [ 2.215561726065269, 41.399043222597946 ], [ 2.215521972515651, 41.399056282671459 ], [ 2.21546461078671, 41.39908120265244 ], [ 2.215399704921019, 41.399116700016698 ], [ 2.215330263724142, 41.399161263994557 ], [ 2.215315480820065, 41.399176926312343 ], [ 2.215296098717578, 41.39920696926967 ], [ 2.215283967962957, 41.399220938244945 ], [ 2.215236814000696, 41.399252503207379 ], [ 2.215217673470678, 41.399262461062833 ], [ 2.21516273522045, 41.399284785245221 ], [ 2.215145622749238, 41.399295207297534 ], [ 2.215105382644213, 41.399328801017901 ], [ 2.215082033510239, 41.399360438227113 ], [ 2.215052842192997, 41.399380505969482 ], [ 2.215032348268261, 41.399403515442394 ], [ 2.215016686331456, 41.399412686320566 ], [ 2.214997538527276, 41.39943318286965 ], [ 2.214983214051615, 41.399440561367257 ], [ 2.214962470704635, 41.399454471546129 ], [ 2.214946712974461, 41.399461660110063 ], [ 2.214930386801406, 41.399476321021929 ], [ 2.214919341150619, 41.399489576761368 ], [ 2.21489769503132, 41.399498977016314 ], [ 2.214880823865495, 41.399509220525125 ], [ 2.214868707057934, 41.399522018575198 ], [ 2.214844280438056, 41.399533831872752 ], [ 2.21482795856028, 41.399548132498971 ], [ 2.214762026994028, 41.399599205481849 ], [ 2.214739784517065, 41.399628328070989 ], [ 2.214728774581466, 41.399638611559048 ], [ 2.214702628783326, 41.399654106169514 ], [ 2.214657089633587, 41.399676692423142 ], [ 2.214642303068758, 41.399685680067002 ], [ 2.21463608746169, 41.399691222293455 ], [ 2.214625093192183, 41.399712125725586 ], [ 2.214614428056984, 41.399722582698615 ], [ 2.214603015804941, 41.399728521811319 ], [ 2.214561964847637, 41.39974396869021 ], [ 2.214921339322616, 41.400475578769317 ], [ 2.215295002034155, 41.401049374580303 ], [ 2.215712737053242, 41.401553066928599 ], [ 2.216147893747112, 41.401950506841125 ], [ 2.216614078371832, 41.402280059649243 ], [ 2.217170260686135, 41.402542432474512 ], [ 2.217340783145939, 41.402592818540207 ], [ 2.217382423417218, 41.40256494433752 ], [ 2.217450607223165, 41.402515686699076 ], [ 2.217469749460975, 41.402505638415484 ], [ 2.217480075978921, 41.402502465947634 ], [ 2.217482878104125, 41.402498251479955 ], [ 2.217482966708731, 41.402490865932144 ], [ 2.217496693464544, 41.402483483062831 ], [ 2.217504097150884, 41.402484614314929 ], [ 2.217506386203718, 41.402483278757472 ], [ 2.217521132611072, 41.402470678469449 ], [ 2.217539672386092, 41.402460986376887 ], [ 2.217541380607837, 41.402458205668637 ], [ 2.217555020140128, 41.40244811994895 ], [ 2.217584675452606, 41.40242931578873 ], [ 2.217641985920823, 41.402388901519416 ], [ 2.217658717262279, 41.40238036808573 ], [ 2.217667321781891, 41.402371148866607 ], [ 2.217674547787838, 41.402367144624172 ], [ 2.217682699450967, 41.402365758850365 ], [ 2.217712171614495, 41.402342269511173 ], [ 2.217728912656653, 41.402332925458062 ], [ 2.217763412200017, 41.402309200061296 ], [ 2.21778267935306, 41.402298702199275 ], [ 2.217811273045795, 41.402278629712363 ], [ 2.21782148312864, 41.402275186197052 ], [ 2.217825027801654, 41.402268905043549 ], [ 2.217840872045473, 41.40226450900294 ], [ 2.21784332498829, 41.402259481477408 ], [ 2.217861795793249, 41.402245555338077 ], [ 2.217875258369018, 41.402240242352477 ], [ 2.217878326702982, 41.402233777809251 ], [ 2.217969754666694, 41.402171526910493 ], [ 2.218019500125771, 41.402143401308564 ], [ 2.218057001681932, 41.402128703726696 ], [ 2.218124787005801, 41.402072687348983 ], [ 2.218137297941386, 41.402066917490522 ], [ 2.218148803311031, 41.402065194173169 ], [ 2.218165259631985, 41.402059631271648 ], [ 2.218214406808881, 41.402031501519133 ], [ 2.218223221302404, 41.402024715709736 ], [ 2.218233119075172, 41.40200739848337 ], [ 2.21823566049575, 41.401994985399156 ], [ 2.218244351041658, 41.401988559045975 ], [ 2.218257800580133, 41.40198432682682 ], [ 2.218267118379983, 41.401975472708273 ], [ 2.218273111574202, 41.40196452427557 ], [ 2.218279846055069, 41.401961597555363 ], [ 2.218304080338552, 41.401935910674666 ], [ 2.21831903764928, 41.401925653665913 ], [ 2.218341854416262, 41.401918422525043 ], [ 2.218357540244595, 41.401907269710328 ], [ 2.218400034051075, 41.401855314873188 ], [ 2.218404440823918, 41.401846967832149 ], [ 2.218417031554601, 41.401834532933641 ], [ 2.218432478105354, 41.401823378483087 ], [ 2.218440598388383, 41.401824604617651 ], [ 2.218450301819712, 41.401823499554972 ], [ 2.218475095246145, 41.401801059136147 ], [ 2.218485283637036, 41.401799416914471 ], [ 2.218492662444201, 41.401802619659385 ], [ 2.218498459345046, 41.401798065207558 ], [ 2.218505835390741, 41.401771543176714 ], [ 2.218521184950011, 41.401758496479879 ], [ 2.218539970093403, 41.401748265440673 ], [ 2.218557150508269, 41.40174216695042 ], [ 2.218564052052619, 41.401735278047148 ], [ 2.218591620160692, 41.401730871451413 ], [ 2.218603422968031, 41.401724286057309 ], [ 2.218623160091249, 41.40168451686295 ], [ 2.218654376443688, 41.401655184247048 ], [ 2.218669410234989, 41.401638532384865 ], [ 2.218674287893965, 41.401630819055889 ], [ 2.218687929235845, 41.40162055306201 ], [ 2.218708150981591, 41.401600243347893 ], [ 2.218766262976716, 41.401552718025812 ], [ 2.218777892292608, 41.401540636859117 ], [ 2.21879050327382, 41.401536488958477 ], [ 2.218805556195292, 41.401538212512712 ], [ 2.218815893172566, 41.401544137572365 ], [ 2.218823468064819, 41.401550944628426 ], [ 2.218831495666183, 41.401549918230565 ], [ 2.218851288370052, 41.401535460454518 ], [ 2.218866030964727, 41.401533128517919 ], [ 2.218884283574011, 41.401527397557672 ], [ 2.218891888769944, 41.40152168438668 ], [ 2.21890978574433, 41.401515680782943 ], [ 2.218939556538413, 41.401507145605592 ], [ 2.218943242162145, 41.401509062200539 ], [ 2.218947124968551, 41.401514493059835 ], [ 2.218943687125005, 41.401521855874513 ], [ 2.218926386010127, 41.401538042006209 ], [ 2.218851905264589, 41.40159383325765 ], [ 2.218796102786334, 41.401638311752798 ], [ 2.21874326273369, 41.401685152286191 ], [ 2.218661942436037, 41.401762605050763 ], [ 2.218617821802142, 41.401800587310007 ], [ 2.218577134703137, 41.401831567019684 ], [ 2.218498478251078, 41.401896337180297 ], [ 2.218411512475772, 41.401975642993662 ], [ 2.218382356247498, 41.40201273598781 ], [ 2.218367393710113, 41.402013445017552 ], [ 2.218360875626082, 41.402028263114907 ], [ 2.218342744428511, 41.402043812992638 ], [ 2.218324064385807, 41.402075212341167 ], [ 2.218326468526215, 41.402084236175689 ], [ 2.218350942613865, 41.402088455819474 ], [ 2.21834787001627, 41.402095280646648 ], [ 2.218335060668963, 41.402096004299977 ], [ 2.218318864106513, 41.402099857565254 ], [ 2.218308400420286, 41.402124467030035 ], [ 2.218255496130916, 41.402166622996965 ], [ 2.218233597388586, 41.4021771030582 ], [ 2.218216401511979, 41.402194460770801 ], [ 2.218191663982616, 41.402212217611122 ], [ 2.218172523020561, 41.402222175949404 ], [ 2.218103009094332, 41.402272686030933 ], [ 2.218074597739705, 41.402287535479132 ], [ 2.218040335406393, 41.402311442731701 ], [ 2.217944782640196, 41.402388437949604 ], [ 2.217882640984592, 41.402432692754999 ], [ 2.217845880454115, 41.402455411991859 ], [ 2.217816180106225, 41.402468000737862 ], [ 2.217792322933073, 41.402482160475635 ], [ 2.217758864548177, 41.402498867108292 ], [ 2.217717659504152, 41.402523087361885 ], [ 2.217706169166141, 41.40252354968792 ], [ 2.217697919181113, 41.40253313162026 ], [ 2.217695467012301, 41.402548067398193 ], [ 2.217684295284291, 41.402561862989025 ], [ 2.217608781664506, 41.402593866597606 ], [ 2.217589859221746, 41.402605537748897 ], [ 2.217581253579426, 41.402614847029142 ], [ 2.217569727570336, 41.402618281574043 ], [ 2.217565225863843, 41.402624556211045 ], [ 2.217559397185799, 41.40264172089924 ], [ 2.217541712787694, 41.402659885861887 ], [ 2.217524328134921, 41.402673008660088 ], [ 2.21747518233842, 41.402700957972542 ], [ 2.217454286426631, 41.402717569804381 ], [ 2.217400358852497, 41.402745216336889 ], [ 2.217372865965362, 41.402773222807177 ], [ 2.217347862801431, 41.402793139456548 ], [ 2.21732799623142, 41.402803723241952 ], [ 2.217307801045242, 41.402811782688431 ], [ 2.217291038203303, 41.402822928030837 ], [ 2.217280120722232, 41.402835464261095 ], [ 2.217260173063541, 41.402852803107933 ], [ 2.217242981427352, 41.402859802076179 ], [ 2.217160521094749, 41.402911957446015 ], [ 2.217153879163353, 41.402924404756149 ], [ 2.217151195402347, 41.40293978571745 ], [ 2.217564877154019, 41.403529240079052 ], [ 2.21800065416837, 41.403995710583295 ], [ 2.218493954561247, 41.404382655625326 ], [ 2.218870285302057, 41.40460328270489 ], [ 2.219216130142839, 41.404780339581379 ], [ 2.219869547683556, 41.40501789491929 ], [ 2.219997394470579, 41.405048756669089 ], [ 2.220192905727272, 41.40513989568921 ], [ 2.220307277145363, 41.405153020976961 ], [ 2.22182367215746, 41.404016541486776 ], [ 2.222153028627051, 41.403876224906526 ], [ 2.221960016395767, 41.403597741094188 ], [ 2.221950304193709, 41.403547413567566 ], [ 2.222000890123376, 41.40349490862986 ], [ 2.222023840642127, 41.40348951519541 ], [ 2.222035943977478, 41.403490831060822 ], [ 2.222151945183075, 41.403524681882928 ], [ 2.222220565417543, 41.403566021807876 ], [ 2.222462028773649, 41.403804962725921 ], [ 2.222618414572472, 41.404043612972984 ], [ 2.222934638229595, 41.404625886092482 ], [ 2.223047824661954, 41.40476968954944 ], [ 2.223126145949506, 41.404879614478219 ], [ 2.223281908197047, 41.405010707349255 ], [ 2.223337253922554, 41.405072890413948 ], [ 2.22338469627647, 41.405145739027752 ], [ 2.223400716316082, 41.405217033416207 ], [ 2.223387127360379, 41.405287200176851 ], [ 2.223379156376819, 41.405297504996071 ], [ 2.223355250359397, 41.405308747122021 ], [ 2.22326283623154, 41.405292125961594 ], [ 2.223241994260437, 41.405285175588659 ], [ 2.223226401888225, 41.405271405947623 ], [ 2.223203906069022, 41.405245609724354 ], [ 2.222861460275027, 41.404979972017031 ], [ 2.22276570701646, 41.40484012244211 ], [ 2.222571929693869, 41.404531928693224 ], [ 2.222372156682145, 41.404198057839295 ], [ 2.222305453839326, 41.40413702075795 ], [ 2.222272889489276, 41.404109778145838 ], [ 2.222243236461975, 41.404089311729571 ], [ 2.222174621374541, 41.404077588513424 ], [ 2.222132722321483, 41.404081809002932 ], [ 2.222066656241213, 41.404106133853404 ], [ 2.221975752141637, 41.404151043088966 ], [ 2.221900024613961, 41.404223059370587 ], [ 2.22172030680161, 41.404360415206817 ], [ 2.221688003304848, 41.404406666377248 ], [ 2.221706519029995, 41.404441092182097 ], [ 2.221713277048354, 41.404466880426412 ], [ 2.221745514712656, 41.404484700042644 ], [ 2.221524582070811, 41.404699133171242 ], [ 2.221455220201249, 41.404658623715164 ], [ 2.22097145357911, 41.405140237245433 ], [ 2.221349242425306, 41.405417771848256 ], [ 2.221373456628927, 41.405399587445508 ], [ 2.221440126927504, 41.405451057071332 ], [ 2.221427790368307, 41.405460629628671 ], [ 2.221520949287629, 41.405533607301834 ], [ 2.221817411681161, 41.405315335366041 ], [ 2.221809420373022, 41.405296239467198 ], [ 2.221822549499937, 41.405262748315913 ], [ 2.221776702849656, 41.405220742519589 ], [ 2.221761178587852, 41.405200289578005 ], [ 2.221750782404578, 41.405166670833445 ], [ 2.221750711734712, 41.405148029339252 ], [ 2.221765888803581, 41.40511235421657 ], [ 2.221785818035819, 41.405093510217426 ], [ 2.221802579883494, 41.405083436109521 ], [ 2.221846619207734, 41.405066641338678 ], [ 2.221886483224311, 41.405063277316955 ], [ 2.221923308463074, 41.405075254118117 ], [ 2.222084870632177, 41.40518733696657 ], [ 2.22217005111989, 41.405256712121101 ], [ 2.222269151289868, 41.405343078468412 ], [ 2.222315900613426, 41.405324065275551 ], [ 2.222402582807046, 41.405310671506001 ], [ 2.222421946578192, 41.405310144825364 ], [ 2.222448091044516, 41.4053369476756 ], [ 2.222493696421225, 41.405351064362016 ], [ 2.222565946938271, 41.40536303714012 ], [ 2.222680018764612, 41.405393442532635 ], [ 2.222786436204707, 41.405539101079775 ], [ 2.222864102767788, 41.405637744364327 ], [ 2.222907499437275, 41.405741866893408 ], [ 2.223075727854831, 41.405836960191408 ], [ 2.223171099169757, 41.406009151929531 ], [ 2.223433332286213, 41.406179383966951 ], [ 2.223549225559482, 41.406170506488202 ], [ 2.223651625254201, 41.406185695950072 ], [ 2.223761215173417, 41.406245933481621 ], [ 2.223840493554944, 41.406236479002459 ], [ 2.223857766356798, 41.406239766161178 ], [ 2.223864544330996, 41.40624627025872 ], [ 2.223894770238982, 41.406304176172554 ], [ 2.223935316260051, 41.406320266830924 ], [ 2.22406327489036, 41.406238531113175 ], [ 2.224203576458846, 41.406181234748679 ], [ 2.224327681345607, 41.406166956914319 ], [ 2.224440273716878, 41.406197206467574 ], [ 2.224490435333889, 41.406229692337845 ], [ 2.224526718464001, 41.4062622017438 ], [ 2.224546195417364, 41.406285383200078 ], [ 2.224644444658509, 41.406407088076911 ], [ 2.2246860708383, 41.406470213888518 ], [ 2.224785508198661, 41.406431620236916 ], [ 2.224918783869437, 41.406426906464816 ], [ 2.224966825348783, 41.406381111707518 ], [ 2.225055148643322, 41.406336407932351 ], [ 2.225110861820298, 41.40632007155989 ], [ 2.225130276426406, 41.406273501145435 ], [ 2.225149724156916, 41.406255860327846 ], [ 2.225247618742431, 41.40617587544353 ], [ 2.225374260766397, 41.406061792481495 ], [ 2.225415543212867, 41.406020933172691 ], [ 2.225500190102721, 41.405955297899744 ], [ 2.225641363679349, 41.405941286670355 ], [ 2.225717290586953, 41.405967180781992 ], [ 2.225746924111116, 41.405985422217654 ], [ 2.225780060064566, 41.406019035989274 ], [ 2.22579938142388, 41.406053340447208 ], [ 2.225806422976139, 41.406123322037324 ], [ 2.225798534189674, 41.406151921803009 ], [ 2.225759083460928, 41.406249126460992 ], [ 2.225691423060145, 41.406329063046201 ], [ 2.225638580694821, 41.406372159577181 ], [ 2.225393161992504, 41.40650516063706 ], [ 2.225357191257937, 41.406523861225288 ], [ 2.225286554815577, 41.406543048989818 ], [ 2.224778884040014, 41.406937052862041 ], [ 2.225001178396564, 41.407300945382275 ], [ 2.225024054609893, 41.407335524316231 ], [ 2.22547165260636, 41.407016378042591 ], [ 2.22543885672198, 41.406989359963454 ], [ 2.22542750937885, 41.406961603537404 ], [ 2.225473855431344, 41.40691652676589 ], [ 2.225595010838742, 41.406824285850526 ], [ 2.225655384449085, 41.406733374196023 ], [ 2.22584794660831, 41.406625535186862 ], [ 2.225883247176075, 41.406610874302224 ], [ 2.225953047756079, 41.406608677693839 ], [ 2.226059856645039, 41.406611233739483 ], [ 2.226094759942876, 41.406621980265101 ], [ 2.226122605741053, 41.406649757524086 ], [ 2.22619917650454, 41.406706173044931 ], [ 2.226205540207781, 41.406769799760056 ], [ 2.226207669049336, 41.406818265399593 ], [ 2.226164033389672, 41.406888050244923 ], [ 2.2261032250231, 41.406898693444049 ], [ 2.226063606488064, 41.406927368036214 ], [ 2.226036058046697, 41.406941063275944 ], [ 2.226061862959499, 41.406967421650151 ], [ 2.22610666707519, 41.407048214006224 ], [ 2.226120395992255, 41.407082994215997 ], [ 2.226158615737606, 41.407094671885076 ], [ 2.226162857839106, 41.407111139997063 ], [ 2.226157295177354, 41.407188720173934 ], [ 2.226161124320611, 41.407212868001231 ], [ 2.226143501872351, 41.407222882907419 ], [ 2.226065998323311, 41.407174450727538 ], [ 2.226053089400067, 41.407182479646934 ], [ 2.226109725149918, 41.407254290046275 ], [ 2.22619728320287, 41.40731848087519 ], [ 2.226219642866055, 41.407359945030947 ], [ 2.226228142499884, 41.407359419408181 ], [ 2.226268293148296, 41.40733441619237 ], [ 2.226266205032662, 41.407313774084749 ], [ 2.226270341298986, 41.40729792168608 ], [ 2.226281516056636, 41.407272694779216 ], [ 2.22632103447525, 41.407228265330922 ], [ 2.226337566720376, 41.407225431048182 ], [ 2.226347861553091, 41.407214871428039 ], [ 2.226350660353589, 41.407202838218453 ], [ 2.226341269528953, 41.407176527230426 ], [ 2.226344493139766, 41.407161965771152 ], [ 2.226383484833228, 41.407123603810689 ], [ 2.226392033174022, 41.407112615396123 ], [ 2.226418601134702, 41.40709019692553 ], [ 2.226437617201839, 41.407087757643161 ], [ 2.226458833746823, 41.407087413883481 ], [ 2.226475290412926, 41.407095991569911 ], [ 2.226483302218356, 41.407110466434311 ], [ 2.226487226239943, 41.407123598721824 ], [ 2.226511329230727, 41.407134092360351 ], [ 2.226518669719487, 41.407148679806568 ], [ 2.22652121380901, 41.407166189466416 ], [ 2.226493700073512, 41.407180992970446 ], [ 2.226484495312516, 41.407191442834865 ], [ 2.226485353547764, 41.407203815896338 ], [ 2.226493629627806, 41.407218202461536 ], [ 2.226517325252006, 41.407238835800122 ], [ 2.226511651978467, 41.407261217316858 ], [ 2.226485127928657, 41.407286386091819 ], [ 2.226503599659727, 41.407330854175861 ], [ 2.226540675715115, 41.407467125613486 ], [ 2.22654045285844, 41.407516178934472 ], [ 2.226518707712744, 41.407646821579476 ], [ 2.226510495523683, 41.407657305140255 ], [ 2.226493801140967, 41.407657661296291 ], [ 2.226478442488707, 41.407655351204085 ], [ 2.2264736303337, 41.407664641608925 ], [ 2.2264871054713, 41.407691592552631 ], [ 2.226507098414369, 41.407701626199874 ], [ 2.226521323437472, 41.407711756180319 ], [ 2.226558979372198, 41.40775678557992 ], [ 2.226598860006535, 41.407766565579216 ], [ 2.226618603788603, 41.407774408710907 ], [ 2.226626067849571, 41.407787663870266 ], [ 2.226633334423941, 41.407824634435414 ], [ 2.226666094170545, 41.407863857084408 ], [ 2.226700190611895, 41.407879146787138 ], [ 2.226741036288348, 41.407876160595805 ], [ 2.226745633463184, 41.407846655917048 ], [ 2.226811155832883, 41.407697824051318 ], [ 2.226799888911787, 41.407687443761006 ], [ 2.226791762733657, 41.407674934487346 ], [ 2.226790046973024, 41.407661823356825 ], [ 2.226806564792183, 41.407628930899016 ], [ 2.226816998785607, 41.407615714961707 ], [ 2.226866677973984, 41.407601285515781 ], [ 2.226903959858548, 41.40761228197352 ], [ 2.226926341793728, 41.407627691060171 ], [ 2.22693723383662, 41.407644464140937 ], [ 2.226947260506866, 41.407668635567212 ], [ 2.226947038517953, 41.407703511096557 ], [ 2.226993752237127, 41.407795935599076 ], [ 2.227013850435663, 41.407845548797859 ], [ 2.227021303457917, 41.407889014994943 ], [ 2.227020127901273, 41.407914507314786 ], [ 2.227011035413321, 41.407963933403735 ], [ 2.227000308409255, 41.40797764280142 ], [ 2.226967512314078, 41.407997986565633 ], [ 2.226950224289101, 41.408001986834449 ], [ 2.226935772997487, 41.408010933260471 ], [ 2.226929211490505, 41.408028516839778 ], [ 2.226935101504337, 41.40804335572895 ], [ 2.226935020837518, 41.408060253246617 ], [ 2.226920279114134, 41.408072503469604 ], [ 2.226906728794506, 41.408081140683336 ], [ 2.226916695851405, 41.408114382256869 ], [ 2.227000055999249, 41.40818768686897 ], [ 2.227019159484279, 41.408195057240142 ], [ 2.227047135521783, 41.408134210408235 ], [ 2.227057355082998, 41.408123947467914 ], [ 2.227167152496629, 41.40808251194872 ], [ 2.227183668361958, 41.408079055918009 ], [ 2.227266972430328, 41.408074319028714 ], [ 2.227358682175965, 41.40808012325062 ], [ 2.227421056694741, 41.408091873532321 ], [ 2.227425030276065, 41.408093773773174 ], [ 2.227451445590822, 41.408120198983681 ], [ 2.227477793402165, 41.408153334318207 ], [ 2.227489871266139, 41.408173042743343 ], [ 2.227548776182838, 41.40833226737972 ], [ 2.227636946344834, 41.40840764852387 ], [ 2.227703314385006, 41.408555024276119 ], [ 2.227749481054301, 41.408629123547122 ], [ 2.227805241879873, 41.408689199470686 ], [ 2.227846150474878, 41.408746617563388 ], [ 2.227871251185397, 41.408789121236445 ], [ 2.227908266278249, 41.408872238578518 ], [ 2.228002436317629, 41.408986653139571 ], [ 2.228017514181813, 41.409043033126778 ], [ 2.228044995904276, 41.40922401591984 ], [ 2.228027498622638, 41.409319450005647 ], [ 2.228012530323008, 41.409375087938258 ], [ 2.22793918125212, 41.409543360141207 ], [ 2.22788593354564, 41.409615540151414 ], [ 2.227785981869852, 41.409624561406957 ], [ 2.227748062510684, 41.409621820827994 ], [ 2.227711829949922, 41.409614047363284 ], [ 2.227702529360875, 41.40960731938948 ], [ 2.227692558477951, 41.409580410132733 ], [ 2.227503346851266, 41.409408970337743 ], [ 2.22736918557897, 41.40898605042053 ], [ 2.227243768198526, 41.408948133289435 ], [ 2.226980120886801, 41.408410956801838 ], [ 2.227009736921122, 41.408353075458216 ], [ 2.227052568698387, 41.408275314177629 ], [ 2.227023385096588, 41.408272595117147 ], [ 2.226999323713249, 41.408283782904974 ], [ 2.226982923074583, 41.408274485071445 ], [ 2.226968155681946, 41.408268711131775 ], [ 2.226940279820747, 41.408268613910728 ], [ 2.226923585471868, 41.408263907917295 ], [ 2.226918012843328, 41.408259636951314 ], [ 2.22690804262297, 41.408262992806314 ], [ 2.226890942349118, 41.408252158984567 ], [ 2.226884458477814, 41.408223831884385 ], [ 2.226882913824842, 41.408202743968531 ], [ 2.226855113768612, 41.40818616352179 ], [ 2.226838740866535, 41.408154347118291 ], [ 2.226808385748455, 41.408121175700749 ], [ 2.226799682334756, 41.408108506719685 ], [ 2.226798217833364, 41.408090752113893 ], [ 2.226807000204587, 41.408076579292398 ], [ 2.226819137137252, 41.408065050194118 ], [ 2.22682467753526, 41.408052864256042 ], [ 2.226820517007937, 41.408039487190209 ], [ 2.226809083306406, 41.408035095764312 ], [ 2.226775830308926, 41.408029386729048 ], [ 2.226770939078564, 41.408021130015094 ], [ 2.22677239014597, 41.408010754125847 ], [ 2.226779058952921, 41.407999260342912 ], [ 2.226781053597769, 41.407986429060585 ], [ 2.226768922505557, 41.407981321351855 ], [ 2.226758321351232, 41.407981385218378 ], [ 2.226720821981822, 41.407950372599103 ], [ 2.226705582563969, 41.407947081521641 ], [ 2.22669290886979, 41.407948383494151 ], [ 2.226680870934072, 41.407942483742744 ], [ 2.226671785171349, 41.407932802670047 ], [ 2.226652339350369, 41.407924042785872 ], [ 2.226632382743491, 41.407919008567852 ], [ 2.226615290723009, 41.40790648135124 ], [ 2.226588932871792, 41.407897440799559 ], [ 2.226568086079177, 41.407885753055403 ], [ 2.22644074602172, 41.407767060924137 ], [ 2.226441143837361, 41.407752687637092 ], [ 2.226447296802941, 41.407721139721204 ], [ 2.22643290111812, 41.407703208093615 ], [ 2.226428178202732, 41.407689845246793 ], [ 2.226426752710107, 41.407664776811586 ], [ 2.226421748686435, 41.407641828099734 ], [ 2.226412376129203, 41.407621029829095 ], [ 2.226402060058266, 41.407607151977388 ], [ 2.226388095692095, 41.407601275272377 ], [ 2.226379134090621, 41.407574075433097 ], [ 2.226372803405033, 41.407563115781926 ], [ 2.226355422252587, 41.407555810929274 ], [ 2.226341367759317, 41.407547447543877 ], [ 2.226315151220565, 41.407507350036227 ], [ 2.226304835165666, 41.407498516373025 ], [ 2.226288812509862, 41.407491671020324 ], [ 2.22627239352588, 41.407472852039014 ], [ 2.226272335995858, 41.40744240631826 ], [ 2.226275113653051, 41.407429737039685 ], [ 2.226193845656777, 41.407428709498909 ], [ 2.226172530538475, 41.407409118959492 ], [ 2.226143060311459, 41.407392175814074 ], [ 2.226124523587021, 41.407401599080373 ], [ 2.226096558961246, 41.407380783819391 ], [ 2.226106296836444, 41.407367761428752 ], [ 2.226062731779404, 41.407351912445499 ], [ 2.226087429398587, 41.40731028379664 ], [ 2.226068493153698, 41.40728582717648 ], [ 2.22605531871521, 41.407287999437884 ], [ 2.226040782123752, 41.407270868479543 ], [ 2.226051562677677, 41.407262735169759 ], [ 2.226009690900538, 41.407226198331898 ], [ 2.225972488447295, 41.407146042567668 ], [ 2.22589465344921, 41.407138655200015 ], [ 2.225894072502409, 41.407106962921674 ], [ 2.225836916015069, 41.40709618370218 ], [ 2.225836034572578, 41.407087791792833 ], [ 2.225810870831925, 41.407086037153675 ], [ 2.225782068605275, 41.407098507883525 ], [ 2.22576717940566, 41.407100002018595 ], [ 2.225745658800961, 41.407096731598799 ], [ 2.225731125597756, 41.407107541875327 ], [ 2.225734107996845, 41.407129432144757 ], [ 2.225708134735709, 41.407148497365206 ], [ 2.225674533389623, 41.407145974320947 ], [ 2.225588176933968, 41.407211382019533 ], [ 2.225536571576467, 41.407245956723543 ], [ 2.225502410906468, 41.40727541547993 ], [ 2.225426555656832, 41.407319924294896 ], [ 2.225828498164385, 41.407943363035024 ], [ 2.225813878464142, 41.407778022176096 ], [ 2.225818613784871, 41.407771181320761 ], [ 2.225826787595139, 41.407764949089056 ], [ 2.225837543535874, 41.40776091404468 ], [ 2.225930129475351, 41.407742242929679 ], [ 2.225938255870956, 41.407744036048776 ], [ 2.225947525157604, 41.407749331764222 ], [ 2.226079086429599, 41.407888292674393 ], [ 2.226082519750498, 41.407895386651866 ], [ 2.226082603018389, 41.407901476278248 ], [ 2.226076654605977, 41.407908714321664 ], [ 2.225897158146138, 41.40804543855063 ], [ 2.226175984491416, 41.408475995237595 ], [ 2.226184345142911, 41.408475397524519 ], [ 2.226227272127251, 41.408487612149045 ], [ 2.226257881699039, 41.408513444321507 ], [ 2.226268310835805, 41.408537969801969 ], [ 2.226248536888352, 41.40854273689893 ], [ 2.226231699290171, 41.408517835041337 ], [ 2.226177259617725, 41.408499814222338 ], [ 2.226132871676497, 41.408505856949674 ], [ 2.226116326385655, 41.408536983651196 ], [ 2.226151254867045, 41.408561827054896 ], [ 2.226210918122438, 41.408547996489879 ], [ 2.226218842997111, 41.408560732338444 ], [ 2.226163383148327, 41.408580283914795 ], [ 2.226144028300423, 41.408575744568004 ], [ 2.226356898102904, 41.408903837376911 ], [ 2.22637804526693, 41.408905357717913 ], [ 2.226411058512551, 41.408647902333925 ], [ 2.226382693125007, 41.4086587998355 ], [ 2.226374536574617, 41.40866054648999 ], [ 2.22636454192632, 41.408659902806157 ], [ 2.226354713492979, 41.408657350650515 ], [ 2.226346381788361, 41.408652682789921 ], [ 2.226338998201705, 41.408645751415811 ], [ 2.226257804617015, 41.408466496746314 ], [ 2.226252979137619, 41.408453709683862 ], [ 2.226256660979093, 41.408437845225428 ], [ 2.226271630316826, 41.408426596451136 ], [ 2.226359009399886, 41.408395081322965 ], [ 2.226378249622844, 41.40839495848487 ], [ 2.22638855399153, 41.408397730018528 ], [ 2.226394876664774, 41.408401303468644 ], [ 2.226402540087598, 41.408408849230533 ], [ 2.226437535205562, 41.408456319820274 ], [ 2.226533109467422, 41.408577158362682 ], [ 2.226535968725499, 41.408590292494928 ], [ 2.226528974341308, 41.408603000085293 ], [ 2.226509702317055, 41.408612859835159 ], [ 2.226450457020082, 41.408633818292401 ], [ 2.226417354090587, 41.408895821869628 ], [ 2.22663783314417, 41.409236644253504 ], [ 2.226755251088757, 41.409318968364659 ], [ 2.22678164418635, 41.409345267469654 ], [ 2.226792314502699, 41.409361588694978 ], [ 2.226800496815697, 41.409377857169218 ], [ 2.226807856219077, 41.409398948128619 ], [ 2.22681000929281, 41.409415140054044 ], [ 2.22680861856603, 41.409431524344122 ], [ 2.226746893528156, 41.409656806648691 ], [ 2.227213480927622, 41.410377529027201 ], [ 2.223250693001508, 41.411987487758793 ], [ 2.223113555382935, 41.412055614100922 ], [ 2.222880298999028, 41.412160553857824 ], [ 2.222794549631031, 41.412316894790202 ], [ 2.220975584624536, 41.413078083466161 ], [ 2.221368269280402, 41.413513794616421 ], [ 2.220884280498515, 41.413773953723187 ], [ 2.220650184306793, 41.413949572449305 ], [ 2.220442767398685, 41.414166623937447 ], [ 2.218193624539976, 41.417293694888876 ], [ 2.217791988570567, 41.416989082910447 ], [ 2.216093193298617, 41.418266668828231 ], [ 2.216321113705442, 41.418437386466309 ], [ 2.215552102968022, 41.419016329050052 ], [ 2.215035750828817, 41.419413171424239 ], [ 2.214021126692309, 41.4201726451439 ], [ 2.21378684511577, 41.419999728544539 ], [ 2.212589468268022, 41.420898310205303 ], [ 2.212477227371789, 41.420813859848892 ], [ 2.21196617335075, 41.421197733950024 ], [ 2.211937272091514, 41.421175591985659 ], [ 2.211278904636193, 41.421670976935914 ], [ 2.211815071710365, 41.422072268131444 ], [ 2.211610114022123, 41.422227236154377 ], [ 2.211446137750303, 41.422375550757124 ], [ 2.211322568571123, 41.422565297248681 ], [ 2.211130510041346, 41.423212447872032 ], [ 2.210949439684336, 41.423469120538428 ], [ 2.210772170391771, 41.423634431933401 ], [ 2.210603945597466, 41.423758789612499 ], [ 2.210368117845566, 41.423891292399816 ], [ 2.210051490327949, 41.42403036033123 ], [ 2.209801492918724, 41.424173578113901 ], [ 2.209599160907625, 41.424343879505045 ], [ 2.209494679432143, 41.424472207082985 ], [ 2.209371736133777, 41.424722512873046 ], [ 2.209314782305846, 41.424982522732549 ], [ 2.209257294190316, 41.425186709629521 ], [ 2.209087244133149, 41.425344733203914 ], [ 2.208658502347826, 41.425022708023668 ], [ 2.208491164409983, 41.425148919107649 ], [ 2.20843468708949, 41.425175769463053 ], [ 2.208321266656481, 41.425124863072469 ], [ 2.208240124000618, 41.42509455343739 ], [ 2.208177890038023, 41.425074101853959 ], [ 2.208099503680657, 41.425051377354791 ], [ 2.208061437194472, 41.425041351437258 ], [ 2.207976265238567, 41.425022579502929 ], [ 2.207771476462897, 41.424986239649435 ], [ 2.207539630241591, 41.425001870521044 ], [ 2.207298751508892, 41.425183326948101 ], [ 2.206766017232296, 41.425422412440071 ], [ 2.206067071838676, 41.425612509914103 ], [ 2.206139715295633, 41.425801116727051 ], [ 2.206353045320319, 41.42604912280401 ], [ 2.206463117632009, 41.426401488324885 ], [ 2.206761114130683, 41.426752352797067 ], [ 2.206976022580033, 41.426649706348726 ], [ 2.207364122299362, 41.427111297500247 ] ] ] } }
]
}
