{
"type": "FeatureCollection",
"name": "aoi",
"crs": { "type": "name", "properties": { "name": "urn:ogc:def:crs:OGC:1.3:CRS84" } },
"features": [
{ "type": "Feature", "properties": { "name": "Ciudad de Mexico (16 alcaldias, disuelto)", "source_study": "cdmx_alcaldias", "n_source_polygons": 16 }, "geometry": { "type": "Polygon", "coordinates": [ [ [ -99.178230679881565, 19.092474259704417 ], [ -99.221084340317773, 19.095640290153959 ], [ -99.226777780478173, 19.096059999882797 ], [ -99.256629650338922, 19.11655782014634 ], [ -99.278695219922611, 19.131701719849037 ], [ -99.280148389811558, 19.134131874289562 ], [ -99.282588828414404, 19.138212831200629 ], [ -99.28533394081758, 19.142802949007898 ], [ -99.287605249995025, 19.14660056956663 ], [ -99.293115059947127, 19.165299080037457 ], [ -99.295596849355874, 19.172882800085933 ], [ -99.300183119874703, 19.184578510426498 ], [ -99.301331430000531, 19.188417420024173 ], [ -99.302762650335922, 19.190855089999825 ], [ -99.303243319964025, 19.193655800275611 ], [ -99.303915569697153, 19.197179180299173 ], [ -99.303965089940263, 19.198263550027228 ], [ -99.304444829838914, 19.200522030356826 ], [ -99.304686509903135, 19.202645350100767 ], [ -99.306130629327541, 19.206143740341997 ], [ -99.306784739688794, 19.211080830079741 ], [ -99.307135539810716, 19.213728459670687 ], [ -99.308133139435768, 19.214368909955581 ], [ -99.30829969005066, 19.214512399636163 ], [ -99.312300280126848, 19.218031079556752 ], [ -99.313365739547805, 19.218967370205142 ], [ -99.316249749281411, 19.221501679812025 ], [ -99.316121709768822, 19.222588829560738 ], [ -99.315555539759544, 19.227395350346743 ], [ -99.315343349990854, 19.229196490310319 ], [ -99.32129650912762, 19.23266547996354 ], [ -99.322254849758821, 19.232647829597749 ], [ -99.324320290312173, 19.232609800188261 ], [ -99.326719600417348, 19.232565570178473 ], [ -99.33047402960409, 19.237480479699354 ], [ -99.330821479565159, 19.237935289955477 ], [ -99.335772000306946, 19.239327080105095 ], [ -99.342340969600343, 19.241122399582355 ], [ -99.342068679554643, 19.247539199663688 ], [ -99.341316879165845, 19.252149479720249 ], [ -99.339857229676753, 19.259652910190095 ], [ -99.337629849824907, 19.264039969979763 ], [ -99.339159889571363, 19.267697149780183 ], [ -99.340938979485855, 19.267797799722253 ], [ -99.34155199931844, 19.268094319664719 ], [ -99.341910649862555, 19.268178690220417 ], [ -99.342254429122193, 19.268291430368034 ], [ -99.342777579556355, 19.268474709640504 ], [ -99.343059659970677, 19.268547659922142 ], [ -99.343491199604486, 19.268872260207814 ], [ -99.343708519787398, 19.268961999678069 ], [ -99.344075199937819, 19.269115819607752 ], [ -99.344686599619635, 19.269475229994359 ], [ -99.345128379559384, 19.269992199582209 ], [ -99.345524510355091, 19.270437419744724 ], [ -99.345845709450771, 19.270806750270619 ], [ -99.34615114009857, 19.27130785963298 ], [ -99.346296819167208, 19.272022119843157 ], [ -99.346478979588525, 19.272229399905783 ], [ -99.347512509596854, 19.273026719858244 ], [ -99.348213709394727, 19.27396095006495 ], [ -99.356128399482941, 19.274989349874705 ], [ -99.361921909458871, 19.275741860385498 ], [ -99.36492420018584, 19.277769250222221 ], [ -99.35358134859132, 19.291934309676151 ], [ -99.354536030249932, 19.293288019855215 ], [ -99.353715829635391, 19.293361919876606 ], [ -99.353471600425024, 19.29338392041986 ], [ -99.353276709249911, 19.293476849615843 ], [ -99.35299836858384, 19.293649259958912 ], [ -99.352413820159427, 19.293994139782455 ], [ -99.351954279782831, 19.294140450322494 ], [ -99.351492088850279, 19.294152379868468 ], [ -99.351256838079152, 19.294962783740388 ], [ -99.351256730785153, 19.294963148797972 ], [ -99.35125585894184, 19.294966149657533 ], [ -99.351692690416215, 19.295249328006037 ], [ -99.351692733289838, 19.295249355938537 ], [ -99.352923818661608, 19.296047399780658 ], [ -99.353497779911066, 19.297401849843521 ], [ -99.349985260440945, 19.296837179867854 ], [ -99.35627424999727, 19.302014520367639 ], [ -99.356368629227205, 19.303333419835411 ], [ -99.356607849285467, 19.306675799877038 ], [ -99.333842079718266, 19.330590399707503 ], [ -99.333427859789694, 19.331371110097884 ], [ -99.332794829858457, 19.332415659933577 ], [ -99.332306950095031, 19.333518109763581 ], [ -99.331914949852276, 19.334954250289638 ], [ -99.331820580355526, 19.335537220219656 ], [ -99.331643339629608, 19.336632150385835 ], [ -99.331688230296876, 19.337793540042547 ], [ -99.331591830446911, 19.338109089589128 ], [ -99.33146479970587, 19.338426579859735 ], [ -99.331190369938156, 19.338792219850998 ], [ -99.331191649978848, 19.339427910343954 ], [ -99.331151949530067, 19.339775629837508 ], [ -99.330666369106453, 19.340063220404424 ], [ -99.330330489487409, 19.34098723043256 ], [ -99.330200578699149, 19.34112408037274 ], [ -99.329727429634417, 19.341622459756103 ], [ -99.329487779163401, 19.342269710206761 ], [ -99.329161349745846, 19.34291731040183 ], [ -99.32902794926612, 19.343379249630299 ], [ -99.328937229124236, 19.343615620238808 ], [ -99.32875427959334, 19.343856880268628 ], [ -99.328706890370114, 19.344250950436503 ], [ -99.32847987999358, 19.344717119702537 ], [ -99.328272259568195, 19.345202430204989 ], [ -99.328881319320516, 19.345624350025847 ], [ -99.328798249997092, 19.346038449683967 ], [ -99.328447289169048, 19.34681922990853 ], [ -99.328531049978807, 19.34760883073352 ], [ -99.328696540005737, 19.347896630449046 ], [ -99.328620649513169, 19.348307478822591 ], [ -99.328585170316174, 19.348499550036724 ], [ -99.328457778691458, 19.3489036899547 ], [ -99.328393419388064, 19.349138819981437 ], [ -99.328326880047712, 19.349487340315985 ], [ -99.32842211037898, 19.349706420671531 ], [ -99.328636019736408, 19.349965350979836 ], [ -99.328851548587608, 19.350356219980913 ], [ -99.328756750138524, 19.350643231125808 ], [ -99.328717570259101, 19.351007601329329 ], [ -99.328646110229201, 19.351381540008816 ], [ -99.328824229412334, 19.352104649646407 ], [ -99.328674079000237, 19.352680001230382 ], [ -99.328484420415393, 19.353092379884718 ], [ -99.328041200416564, 19.353358350972982 ], [ -99.327704649596996, 19.353636340369551 ], [ -99.327668049236294, 19.35404337957598 ], [ -99.327431340005674, 19.354133681181551 ], [ -99.326730940132109, 19.353822310355895 ], [ -99.326391999308086, 19.353671630684843 ], [ -99.325846649189685, 19.354593051098856 ], [ -99.325712080226779, 19.355001170665975 ], [ -99.325527739776319, 19.355258170719747 ], [ -99.325300830144528, 19.355534459727242 ], [ -99.325054678753247, 19.355720349807992 ], [ -99.325038579429958, 19.356025119691811 ], [ -99.324676339808192, 19.356415970094787 ], [ -99.324145690260693, 19.357335031168788 ], [ -99.323763510146904, 19.357952580774995 ], [ -99.32328581911716, 19.358337659799218 ], [ -99.322828659016011, 19.358499149697206 ], [ -99.322219089888122, 19.358660910976599 ], [ -99.322042079111867, 19.358620290006368 ], [ -99.321555029127524, 19.358508521091355 ], [ -99.32075227930784, 19.358198710901231 ], [ -99.320437778607157, 19.357962509563986 ], [ -99.320143649090937, 19.357741600880729 ], [ -99.320108279586194, 19.357715050242419 ], [ -99.319152219321808, 19.357628150456474 ], [ -99.318764879962657, 19.357845090543968 ], [ -99.318544879264365, 19.357994850426863 ], [ -99.318134018676417, 19.358156419784134 ], [ -99.318491579277548, 19.358475290169874 ], [ -99.320698950072142, 19.360443800048355 ], [ -99.319542778255993, 19.363618049987252 ], [ -99.319349647920262, 19.363691045806952 ], [ -99.31892850852509, 19.363850219983725 ], [ -99.318118248788622, 19.364156461040505 ], [ -99.318104067407404, 19.364293512290676 ], [ -99.318049489582108, 19.364820889961187 ], [ -99.317607630220309, 19.365729520651165 ], [ -99.316861549403086, 19.366306520511767 ], [ -99.315389749403607, 19.36588834976094 ], [ -99.314528379232868, 19.367240569568889 ], [ -99.314063598731494, 19.3683927996946 ], [ -99.313808449647325, 19.369301110809634 ], [ -99.313087649085148, 19.370448740336599 ], [ -99.311903015259986, 19.370428301785925 ], [ -99.311094425599507, 19.370414348117038 ], [ -99.310706889516823, 19.370407659892663 ], [ -99.309777489906395, 19.37117482028885 ], [ -99.309702742340207, 19.37123651780599 ], [ -99.309280748986623, 19.371584831235911 ], [ -99.308558744417951, 19.371573563680755 ], [ -99.307764859480699, 19.371561169636831 ], [ -99.306126919697775, 19.373599940280073 ], [ -99.305184799467597, 19.376315870847893 ], [ -99.305123814066505, 19.376491675042118 ], [ -99.305005260343847, 19.376833430175022 ], [ -99.304290956642774, 19.377301210912634 ], [ -99.30427661961707, 19.37731059982033 ], [ -99.304265226214937, 19.377318061381832 ], [ -99.303483430154245, 19.377830030016607 ], [ -99.303477742408774, 19.377828078232806 ], [ -99.302137844951432, 19.377368256389982 ], [ -99.301914748102433, 19.377291693316234 ], [ -99.301844112542909, 19.377267452109415 ], [ -99.301736747175639, 19.37723060517067 ], [ -99.301628136654259, 19.377193332700227 ], [ -99.301556709315733, 19.377168820337509 ], [ -99.301502616760231, 19.377150257163933 ], [ -99.301475379876635, 19.377140909870683 ], [ -99.301446948075807, 19.377131152963312 ], [ -99.301309049570662, 19.377083829884878 ], [ -99.301549289663726, 19.376577350717472 ], [ -99.301567240154512, 19.376539506228063 ], [ -99.301590696468025, 19.376490055339612 ], [ -99.301850050000269, 19.375943281404862 ], [ -99.301938449145254, 19.375756920279041 ], [ -99.301557170124369, 19.374924340104371 ], [ -99.301357400046015, 19.373835260232752 ], [ -99.301258889652843, 19.3730202496468 ], [ -99.301150399399432, 19.372233090151791 ], [ -99.30099657934079, 19.371943089839316 ], [ -99.300963140253558, 19.371769249993953 ], [ -99.300944200288939, 19.371222280075262 ], [ -99.300886659711836, 19.370618079868596 ], [ -99.300996219611037, 19.370101680166663 ], [ -99.301231569430144, 19.369700450069693 ], [ -99.300582279909861, 19.369058970309716 ], [ -99.300561609592847, 19.369038547094597 ], [ -99.300417448244914, 19.368896120905355 ], [ -99.300416906959327, 19.368895588864632 ], [ -99.30041671688123, 19.368895400623032 ], [ -99.300416473435433, 19.368895159326982 ], [ -99.30041629131712, 19.368894978929507 ], [ -99.300415866176309, 19.368894559961802 ], [ -99.300415148904108, 19.368893851257596 ], [ -99.299682970154919, 19.368170480272262 ], [ -99.299019779585265, 19.367515259765611 ], [ -99.29871677990036, 19.368301739864346 ], [ -99.298624200188826, 19.36849400035543 ], [ -99.298438449984275, 19.368879770232184 ], [ -99.298424559589563, 19.368895444879897 ], [ -99.29826842987579, 19.369071630073087 ], [ -99.298174836454251, 19.369177254024006 ], [ -99.298166509801902, 19.369186650057912 ], [ -99.297917140091414, 19.369324949711508 ], [ -99.297472570102244, 19.369414000337137 ], [ -99.296947340181347, 19.369310370225801 ], [ -99.296557170396596, 19.369233379573014 ], [ -99.296330370093358, 19.369196879753936 ], [ -99.296315555014857, 19.369194494826392 ], [ -99.296238399832532, 19.369182079673397 ], [ -99.295816200875308, 19.369114135919219 ], [ -99.29581079809077, 19.369113266318205 ], [ -99.295761919863978, 19.369105400031472 ], [ -99.295587290218663, 19.369077289591186 ], [ -99.295312949719275, 19.369377580326219 ], [ -99.29507716996045, 19.369585119598032 ], [ -99.29494590974663, 19.369713089735363 ], [ -99.294771340322569, 19.369864680434912 ], [ -99.294447799913073, 19.369924370143643 ], [ -99.294140520358567, 19.370047020392356 ], [ -99.294139275990489, 19.370047517308198 ], [ -99.294138729366765, 19.3700477349525 ], [ -99.294138032594788, 19.370048013335417 ], [ -99.294079629596354, 19.370071310042913 ], [ -99.293897142064424, 19.370144147730528 ], [ -99.29388936983969, 19.370147249682734 ], [ -99.293757949568231, 19.370441199620192 ], [ -99.29364752013791, 19.370688230283317 ], [ -99.293415709906554, 19.371206779652184 ], [ -99.293233220362367, 19.37191736992947 ], [ -99.293155430393057, 19.372022060125449 ], [ -99.292921660055924, 19.372336689705794 ], [ -99.292612019715975, 19.372660119890206 ], [ -99.29229927981649, 19.373010320362649 ], [ -99.292237769860336, 19.373079179853736 ], [ -99.292055199747708, 19.373283599641411 ], [ -99.291830849997638, 19.373396769873885 ], [ -99.29164324986435, 19.373491379868035 ], [ -99.291175720117963, 19.373487199947181 ], [ -99.291136849990664, 19.373841080049914 ], [ -99.291069629805961, 19.374020919776047 ], [ -99.290769279941074, 19.37431729026331 ], [ -99.290613940133113, 19.375022539775966 ], [ -99.290125800361849, 19.375008460269427 ], [ -99.290026249525482, 19.375005603893847 ], [ -99.289797570210524, 19.374998999814252 ], [ -99.289715369549668, 19.374996630209651 ], [ -99.289572200433909, 19.375189849745311 ], [ -99.289270689602048, 19.375165380130532 ], [ -99.289016420220406, 19.375144764872232 ], [ -99.288946679926966, 19.375139109930473 ], [ -99.288768970264158, 19.375124710103186 ], [ -99.288644509944504, 19.375114619988665 ], [ -99.288282660324185, 19.375527139995352 ], [ -99.288107349871282, 19.375726999605369 ], [ -99.288052480209132, 19.375789569704427 ], [ -99.287846259954122, 19.376268250327033 ], [ -99.287808259659045, 19.376356430046737 ], [ -99.287667919994703, 19.376682170260473 ], [ -99.28690931960837, 19.37650212000106 ], [ -99.28639616955472, 19.376433549617644 ], [ -99.286223110162751, 19.37643044982984 ], [ -99.286134829905777, 19.376431889862644 ], [ -99.285697029650805, 19.376439110444821 ], [ -99.285707879981388, 19.377246520302283 ], [ -99.285668630301259, 19.377631110408533 ], [ -99.285071890269919, 19.377999180805183 ], [ -99.285110859540211, 19.378869050488934 ], [ -99.285044019730975, 19.379050859594038 ], [ -99.284845710475111, 19.379111379848002 ], [ -99.284676419737949, 19.379349820225666 ], [ -99.284568710023194, 19.379688280386187 ], [ -99.284460519798955, 19.379760940554647 ], [ -99.284231200097949, 19.379791509654432 ], [ -99.283811289586524, 19.379667970077552 ], [ -99.28377110924356, 19.379977950133576 ], [ -99.283297829953312, 19.380440280310651 ], [ -99.283210616351724, 19.380620124303594 ], [ -99.28320617103347, 19.380629290428697 ], [ -99.283056880212001, 19.380937141308952 ], [ -99.28283047921289, 19.381404000767866 ], [ -99.282664880412526, 19.381415310707517 ], [ -99.281847170233931, 19.381471080376578 ], [ -99.281772879425503, 19.381476139884679 ], [ -99.280528739956893, 19.382043221178069 ], [ -99.280394264323064, 19.382104511410603 ], [ -99.280187428970748, 19.382198781265991 ], [ -99.280183285411212, 19.382200671159389 ], [ -99.280160883215473, 19.38221088388099 ], [ -99.280040766794215, 19.382265641868912 ], [ -99.280035113290865, 19.382268219108756 ], [ -99.280035081276651, 19.382268244357004 ], [ -99.27967698558524, 19.382644576936059 ], [ -99.27952208933128, 19.382807360541143 ], [ -99.279121089446605, 19.383228790791573 ], [ -99.278715199915382, 19.383539120268178 ], [ -99.278473720428039, 19.383723770229278 ], [ -99.27604301937987, 19.385582219572228 ], [ -99.276069369291548, 19.385192120431771 ], [ -99.27601725301038, 19.385232440962596 ], [ -99.275671420164826, 19.38549999970256 ], [ -99.273945338933544, 19.386835395812874 ], [ -99.273685110212568, 19.387036720148032 ], [ -99.273602819646385, 19.387239940172218 ], [ -99.273214968757387, 19.38758686128379 ], [ -99.273002459244026, 19.388352050670665 ], [ -99.272974679114526, 19.388549740186178 ], [ -99.272906119382952, 19.389021710500653 ], [ -99.272775750050201, 19.38937993994756 ], [ -99.272432490238344, 19.38967842019812 ], [ -99.271837089852013, 19.389736220848697 ], [ -99.271040489788504, 19.389930950856193 ], [ -99.270912098419942, 19.38995933922536 ], [ -99.270293180002625, 19.390096181353833 ], [ -99.270235618291764, 19.390108910703674 ], [ -99.270223680296894, 19.390111549825217 ], [ -99.269771419616262, 19.390266600591488 ], [ -99.269569519442342, 19.3903838202929 ], [ -99.269538089708959, 19.390631780312173 ], [ -99.269590680316114, 19.39078746023748 ], [ -99.269618709177834, 19.391006650296383 ], [ -99.26947744958963, 19.391362310236193 ], [ -99.269252679397567, 19.391562739827517 ], [ -99.26899366009539, 19.39167977994396 ], [ -99.268562459599806, 19.391934910365372 ], [ -99.268312049860555, 19.392134860352694 ], [ -99.268159293402135, 19.392449088125741 ], [ -99.26795901543592, 19.392403493604693 ], [ -99.267610969772164, 19.392415048272138 ], [ -99.267358616378971, 19.392330877829522 ], [ -99.267103686876396, 19.392071000487476 ], [ -99.265989569297929, 19.39273813705249 ], [ -99.26600031423753, 19.39319531867687 ], [ -99.265109686083193, 19.393194816068338 ], [ -99.26510210143411, 19.393727181844955 ], [ -99.26501565628547, 19.393717599913085 ], [ -99.264913118768675, 19.393726362267216 ], [ -99.264791695465092, 19.393753813391879 ], [ -99.264696424729706, 19.393800869929745 ], [ -99.264620976621416, 19.393865953043843 ], [ -99.264572350617215, 19.393944316265621 ], [ -99.26454285578788, 19.394004799756726 ], [ -99.264514923425409, 19.394062420955649 ], [ -99.264510893106745, 19.394082993402684 ], [ -99.26450459700844, 19.394182692124762 ], [ -99.261717932877872, 19.395988935573527 ], [ -99.261718523173158, 19.396461474360471 ], [ -99.261576676985115, 19.396686790796647 ], [ -99.261555297894802, 19.397010474988186 ], [ -99.261385551089035, 19.397038202317951 ], [ -99.261327694308775, 19.397286956566973 ], [ -99.261271529666686, 19.397403706094618 ], [ -99.261413639008751, 19.397852718375752 ], [ -99.261460822456399, 19.398261211045931 ], [ -99.261455769319014, 19.398504509319014 ], [ -99.261375483353049, 19.39885151459082 ], [ -99.261304110998537, 19.399039075550739 ], [ -99.261217688356425, 19.399339270834037 ], [ -99.26114022006864, 19.399647290338784 ], [ -99.260909279988169, 19.399958230325609 ], [ -99.260453229557584, 19.400251050292283 ], [ -99.259870509846877, 19.400540060513016 ], [ -99.259481620055396, 19.400931950836853 ], [ -99.259267119812051, 19.40118519967049 ], [ -99.259074170348356, 19.401462780372736 ], [ -99.259225779269329, 19.401765030531415 ], [ -99.259042169408772, 19.402484340212833 ], [ -99.258940880123021, 19.403276680409665 ], [ -99.258825399736253, 19.403748909965834 ], [ -99.258679049819705, 19.40406045047629 ], [ -99.258130049784313, 19.40476348065463 ], [ -99.257884249405777, 19.40484320041147 ], [ -99.257697740151514, 19.404848030089816 ], [ -99.257713649312436, 19.404741318105323 ], [ -99.25772288945646, 19.404679340822995 ], [ -99.257723969782248, 19.404508600556802 ], [ -99.257778710470063, 19.404284750127321 ], [ -99.258005369623987, 19.403964400349683 ], [ -99.258242520282479, 19.403089769860227 ], [ -99.258268539190482, 19.402684219754196 ], [ -99.258233739549979, 19.402526380816632 ], [ -99.258154459590145, 19.402427800123245 ], [ -99.258132199297506, 19.402389943929066 ], [ -99.257779709195773, 19.401790520144857 ], [ -99.257670306918058, 19.401604484381352 ], [ -99.257663400420199, 19.40159273956894 ], [ -99.257652895770505, 19.401575488974387 ], [ -99.257622259977055, 19.40152518030045 ], [ -99.257438634154326, 19.401223643319998 ], [ -99.257375660189524, 19.401120230829427 ], [ -99.256979350147503, 19.400431690701225 ], [ -99.256935630069535, 19.400456600825766 ], [ -99.256891909802135, 19.400481519543522 ], [ -99.256805800241324, 19.400575230744721 ], [ -99.256672849259445, 19.400719940723121 ], [ -99.256528599134541, 19.401139229575293 ], [ -99.256382889736926, 19.40152208040713 ], [ -99.25618666015697, 19.402037710331932 ], [ -99.256137599079636, 19.402178770410661 ], [ -99.256122489116478, 19.402222259722013 ], [ -99.256013479889418, 19.402535749632932 ], [ -99.256027619151524, 19.403124510045355 ], [ -99.256034050346045, 19.403392599651337 ], [ -99.256038109135076, 19.403561490257193 ], [ -99.255807910068782, 19.403572419644366 ], [ -99.255721073010164, 19.403669230007825 ], [ -99.255573951710318, 19.403833249176561 ], [ -99.255309619700611, 19.404127939584992 ], [ -99.254857420016521, 19.404554279588471 ], [ -99.254346749593324, 19.404863109868664 ], [ -99.253716519760914, 19.405011480052092 ], [ -99.253336600335572, 19.405094520226118 ], [ -99.252838909886805, 19.405739120440657 ], [ -99.252217120357528, 19.406043119712368 ], [ -99.25166858013263, 19.406232689775127 ], [ -99.250941680376684, 19.406416430307249 ], [ -99.250655757650392, 19.406633841365029 ], [ -99.250613520899321, 19.406665957212343 ], [ -99.250570630401327, 19.406698570413017 ], [ -99.25054109836006, 19.406736581713258 ], [ -99.250475118682616, 19.406821504656335 ], [ -99.250343369879374, 19.40699107975199 ], [ -99.250071400439069, 19.407232550143227 ], [ -99.249742660377763, 19.407370060051576 ], [ -99.249413619939219, 19.407519749736668 ], [ -99.249181849755189, 19.407729450283728 ], [ -99.248954830296583, 19.408020430044726 ], [ -99.248750560272399, 19.408203209572328 ], [ -99.248694322471138, 19.408253531124497 ], [ -99.24867945987306, 19.408266830192833 ], [ -99.248636335262859, 19.408321363015979 ], [ -99.248625188777169, 19.408335458277026 ], [ -99.248516260315725, 19.408473200320575 ], [ -99.248311969619266, 19.40864858025817 ], [ -99.248094140369346, 19.40873275835342 ], [ -99.247970780182655, 19.40878043029608 ], [ -99.247687604103092, 19.408801896014971 ], [ -99.24753162988911, 19.4088137202443 ], [ -99.24661879959163, 19.409078140220259 ], [ -99.246062019921169, 19.409284179637964 ], [ -99.245024250046683, 19.409669539686103 ], [ -99.244225970268758, 19.409941580251466 ], [ -99.243991379600629, 19.410204910067286 ], [ -99.243700199561701, 19.410526680381501 ], [ -99.243362020154819, 19.410719690104106 ], [ -99.243014779831668, 19.410803749858285 ], [ -99.242681489923541, 19.411056920037772 ], [ -99.242331289807353, 19.41130150964101 ], [ -99.241880750088839, 19.41148058007105 ], [ -99.241436258609752, 19.411665800419708 ], [ -99.24083026018701, 19.411918320237032 ], [ -99.24016510993215, 19.412138549937463 ], [ -99.23991184987247, 19.412193679875767 ], [ -99.23962256929039, 19.412203850397258 ], [ -99.238918168639429, 19.412041821143422 ], [ -99.238638049994449, 19.412011650101402 ], [ -99.238400350381468, 19.412007290750566 ], [ -99.238105079149918, 19.412080460502157 ], [ -99.237613818825494, 19.412202179859328 ], [ -99.237304709805613, 19.412359620207997 ], [ -99.237047080395627, 19.412554820079198 ], [ -99.236914890178809, 19.412706600794571 ], [ -99.23674753946338, 19.413078690867991 ], [ -99.236497369421286, 19.413595770843717 ], [ -99.236202949358287, 19.414085110965829 ], [ -99.235933950465352, 19.414496910278256 ], [ -99.23567010860242, 19.415013379585222 ], [ -99.235574090155708, 19.415241710354003 ], [ -99.235447200039687, 19.415435799876501 ], [ -99.234949508765638, 19.415748819839251 ], [ -99.23462717021539, 19.415970920079939 ], [ -99.234504828756826, 19.416396719981321 ], [ -99.234384138736445, 19.416586090696519 ], [ -99.234252578999289, 19.416688450259301 ], [ -99.234060629161576, 19.416763889825361 ], [ -99.233892689005671, 19.416767850047023 ], [ -99.233762768585279, 19.416723341158537 ], [ -99.233612520391318, 19.416584880679189 ], [ -99.233441950228524, 19.417221710856669 ], [ -99.233384449812263, 19.41748262068792 ], [ -99.233379280246254, 19.417560220983354 ], [ -99.23336346017993, 19.417797600040743 ], [ -99.233234649005396, 19.417838910190355 ], [ -99.233191180128543, 19.418046749682993 ], [ -99.233159910319216, 19.418157780451484 ], [ -99.2331217693214, 19.418271920450447 ], [ -99.233060169157497, 19.418387660810055 ], [ -99.233068999876849, 19.418482719649965 ], [ -99.233090949185708, 19.418585980669167 ], [ -99.233056218991251, 19.418660420182654 ], [ -99.232990979779174, 19.418894031325795 ], [ -99.232970749273463, 19.419022970730282 ], [ -99.23298716988154, 19.419263109741713 ], [ -99.232974049593395, 19.419395030164033 ], [ -99.232910599576599, 19.419429910402819 ], [ -99.232635228605503, 19.419379941133474 ], [ -99.232545580391402, 19.419391140083953 ], [ -99.232466419926467, 19.419420520217034 ], [ -99.232416549078209, 19.419473540226395 ], [ -99.232376289612148, 19.41956735056829 ], [ -99.232356658917126, 19.419684799925374 ], [ -99.232356819674479, 19.419792750800102 ], [ -99.232104619389119, 19.419873110991048 ], [ -99.231817119142576, 19.419990480921001 ], [ -99.231675519009798, 19.420165260978273 ], [ -99.231626218816444, 19.420306170819757 ], [ -99.23156973905904, 19.420599649616399 ], [ -99.231559118569137, 19.420736880758849 ], [ -99.231507149849492, 19.42075571096229 ], [ -99.231306819402505, 19.420809950989693 ], [ -99.231215998590926, 19.420857691105375 ], [ -99.23111253913072, 19.420933709931987 ], [ -99.231060659793016, 19.420979490591517 ], [ -99.231024630130378, 19.42106992030963 ], [ -99.230968580298679, 19.421260540685914 ], [ -99.230958020260232, 19.421366800190576 ], [ -99.230926220232547, 19.421546740756312 ], [ -99.230891249201676, 19.421637140965942 ], [ -99.230843458595444, 19.421706890343415 ], [ -99.230770048745072, 19.421733799721519 ], [ -99.23066387888008, 19.421742849959411 ], [ -99.230533028771731, 19.421760719825887 ], [ -99.230389549917604, 19.421798489609365 ], [ -99.230285578734652, 19.421810350934532 ], [ -99.230098229420108, 19.421825709855867 ], [ -99.22976193825906, 19.421995140409276 ], [ -99.229682859358562, 19.422103199707053 ], [ -99.229541878723211, 19.422159719636145 ], [ -99.229383539064145, 19.422204539761179 ], [ -99.229363120386637, 19.422236999600351 ], [ -99.22916945997946, 19.422459290005722 ], [ -99.2289690903782, 19.422624451020365 ], [ -99.228868938793653, 19.422729260162175 ], [ -99.228738850069689, 19.422976780356205 ], [ -99.228652248979927, 19.423192550060886 ], [ -99.228495259089229, 19.423325950006642 ], [ -99.228456798930083, 19.423419109973672 ], [ -99.228303118908755, 19.423511260412241 ], [ -99.228166079188298, 19.42353682961393 ], [ -99.228069108715758, 19.423543290207412 ], [ -99.227938690301642, 19.423565651362829 ], [ -99.227875229615776, 19.423603800790357 ], [ -99.227851850337359, 19.423645030024073 ], [ -99.227855340163302, 19.423678510426701 ], [ -99.227862138975212, 19.423792691189767 ], [ -99.227849050365634, 19.42397351130829 ], [ -99.227832449778148, 19.424062310631385 ], [ -99.227785739765324, 19.424128970928134 ], [ -99.227728979676073, 19.424182979784987 ], [ -99.227638710043678, 19.424221121332241 ], [ -99.227538449118597, 19.424249820307082 ], [ -99.2274214193028, 19.424253139678527 ], [ -99.227189430413645, 19.424257340024198 ], [ -99.227017169018453, 19.424319580033966 ], [ -99.226796480124179, 19.424539120344786 ], [ -99.226699539757774, 19.424665891229953 ], [ -99.226330739253768, 19.425238221003394 ], [ -99.226069889105631, 19.42582843024292 ], [ -99.225870509583586, 19.426226291010984 ], [ -99.225705058919033, 19.426409690957946 ], [ -99.225462879597373, 19.42658732095337 ], [ -99.22515974904303, 19.426713920075578 ], [ -99.224847150314076, 19.426849140109947 ], [ -99.224640290001375, 19.426965750837422 ], [ -99.22446754883218, 19.427080049999201 ], [ -99.224322050038097, 19.427018429764331 ], [ -99.22378425036797, 19.426809620087671 ], [ -99.223245229776609, 19.426564889813847 ], [ -99.222803648762905, 19.426367520830734 ], [ -99.222771919491421, 19.426386030481257 ], [ -99.222668489800839, 19.426581120062547 ], [ -99.222561659768104, 19.426714459776129 ], [ -99.222328289633865, 19.426945620897307 ], [ -99.222274429443075, 19.427022969915964 ], [ -99.222312965320583, 19.427113045028044 ], [ -99.222320279015122, 19.42713014120816 ], [ -99.222542255937654, 19.427309206063459 ], [ -99.222552029474656, 19.427317090095197 ], [ -99.22270347881323, 19.427664480409579 ], [ -99.222868570387604, 19.428112201188696 ], [ -99.222955888842819, 19.428473481144515 ], [ -99.223000059784127, 19.428613291008023 ], [ -99.22302030881724, 19.428738351056651 ], [ -99.223106490439875, 19.429066079930912 ], [ -99.223152660208157, 19.429183321072241 ], [ -99.223209471780052, 19.429305043063039 ], [ -99.223210320209461, 19.429306860990714 ], [ -99.223285800395473, 19.429413909615345 ], [ -99.223378339818538, 19.42950506007346 ], [ -99.223553479766593, 19.429623319978084 ], [ -99.223713488888365, 19.429705969932431 ], [ -99.224299000171825, 19.430008379715247 ], [ -99.22443078004612, 19.430076649657479 ], [ -99.224768319267667, 19.430251490085748 ], [ -99.225175150238016, 19.430460739820532 ], [ -99.226508379966219, 19.431072980402675 ], [ -99.226621909840787, 19.431154109838289 ], [ -99.226731079572986, 19.431245681288623 ], [ -99.226805310261341, 19.431324709104469 ], [ -99.226818028694836, 19.431338249577745 ], [ -99.226859879124902, 19.431444250072882 ], [ -99.22687230938962, 19.431585979724719 ], [ -99.226801580141384, 19.431891940180179 ], [ -99.22666456876874, 19.432271139954427 ], [ -99.226415708701168, 19.432764110000722 ], [ -99.226157519649774, 19.433719120726511 ], [ -99.226152019991005, 19.433859479676663 ], [ -99.226171349320708, 19.433965341049042 ], [ -99.226214954594582, 19.434043288049629 ], [ -99.226225059187925, 19.434061350611476 ], [ -99.226295600133099, 19.434130829726648 ], [ -99.226393200450701, 19.434209481104503 ], [ -99.227019880391438, 19.434548780760608 ], [ -99.227209448671275, 19.434659689674838 ], [ -99.227331724860449, 19.434782852849786 ], [ -99.227337578823807, 19.434788749554865 ], [ -99.227430320397872, 19.434944719964697 ], [ -99.227493149962356, 19.43509046006362 ], [ -99.227503250354346, 19.435230510018808 ], [ -99.227291903531892, 19.435844376370159 ], [ -99.227283969835, 19.435867420080388 ], [ -99.227362422941766, 19.435873976321716 ], [ -99.228049686005917, 19.436197936145128 ], [ -99.228160371410397, 19.436045958177139 ], [ -99.228675908089258, 19.436687594957291 ], [ -99.228695128921473, 19.436711517186644 ], [ -99.228555668259958, 19.436801060026365 ], [ -99.228541768679364, 19.436809984225789 ], [ -99.228657485937987, 19.436870169960496 ], [ -99.229533760827707, 19.43732592081977 ], [ -99.229596534466793, 19.437358569499175 ], [ -99.229627479035202, 19.437374663953744 ], [ -99.229060618965661, 19.437751149985871 ], [ -99.22894543706991, 19.437826142654657 ], [ -99.228672479140315, 19.438003860431952 ], [ -99.228565450971757, 19.438074032805996 ], [ -99.228509654649798, 19.438110614693649 ], [ -99.228098708818209, 19.438379549578233 ], [ -99.227851399959661, 19.438558680142215 ], [ -99.223584260058601, 19.441563710367049 ], [ -99.221964999829396, 19.442686539888765 ], [ -99.220938199765854, 19.443433969952562 ], [ -99.220582820395379, 19.443675319554554 ], [ -99.220135830107751, 19.443810819744378 ], [ -99.21973748953576, 19.443847260429337 ], [ -99.219505750320835, 19.443868480275039 ], [ -99.218689289752433, 19.44397305990142 ], [ -99.218179679830001, 19.44405751003746 ], [ -99.218132949760843, 19.444111829969923 ], [ -99.218149927293652, 19.444148017629193 ], [ -99.218153780077614, 19.444156229782728 ], [ -99.218216340374028, 19.444235029937751 ], [ -99.218304830031229, 19.444299059609005 ], [ -99.219225780100317, 19.444774140019394 ], [ -99.219409490016403, 19.444905710235716 ], [ -99.219536169533228, 19.445017200330028 ], [ -99.219637750139995, 19.445119949721867 ], [ -99.219760919960294, 19.445249779884044 ], [ -99.219847149636223, 19.445354160648165 ], [ -99.219853180117326, 19.445361460448307 ], [ -99.219976550474101, 19.445556850011592 ], [ -99.220060280303571, 19.445759169699617 ], [ -99.220112880267322, 19.445971030062825 ], [ -99.22014872020182, 19.446116350332243 ], [ -99.220147400070786, 19.446271780066393 ], [ -99.220145969885934, 19.446441290067185 ], [ -99.220136060427961, 19.447277320111045 ], [ -99.220127649610859, 19.447987280387302 ], [ -99.220115660365522, 19.448998230377867 ], [ -99.219954739895329, 19.451549339868901 ], [ -99.219959200028654, 19.451878619847918 ], [ -99.219962940440993, 19.452154489760787 ], [ -99.219972779615091, 19.45288013964932 ], [ -99.219771709885691, 19.452883910010144 ], [ -99.219401540397655, 19.452920912244398 ], [ -99.219195679881025, 19.452941489845887 ], [ -99.219014319994628, 19.452971829996901 ], [ -99.218851659611062, 19.45299905043969 ], [ -99.21858234646497, 19.453044096324135 ], [ -99.21854103096976, 19.453051007175848 ], [ -99.218522599618467, 19.45305408987954 ], [ -99.218199940061083, 19.453217510289011 ], [ -99.218136399704917, 19.453249680236606 ], [ -99.218088549830895, 19.453273909672308 ], [ -99.217915109964963, 19.453361749593512 ], [ -99.217364820267591, 19.45367110962275 ], [ -99.21697839969552, 19.454067220375659 ], [ -99.216954459885741, 19.454091770019932 ], [ -99.216766509900737, 19.454284450273551 ], [ -99.216421199861955, 19.454714289899311 ], [ -99.216273920165435, 19.454897649710112 ], [ -99.216077029760555, 19.45515768956545 ], [ -99.215974719875646, 19.455292819935277 ], [ -99.215728339831003, 19.455618249629403 ], [ -99.21528512000404, 19.456223859582611 ], [ -99.215252580366126, 19.456310890235784 ], [ -99.215220829625764, 19.456395830308093 ], [ -99.215201999979314, 19.456446200142974 ], [ -99.215165860085477, 19.456542859974224 ], [ -99.214856140259684, 19.457371340457197 ], [ -99.214247920002862, 19.458558820369909 ], [ -99.214223549830052, 19.458673779565583 ], [ -99.214044549788682, 19.45951811007447 ], [ -99.213939349945264, 19.460405850252105 ], [ -99.212639335639992, 19.462439079061511 ], [ -99.212631489589967, 19.462451350379961 ], [ -99.212963889894311, 19.46262162954735 ], [ -99.213522492392087, 19.462907762567561 ], [ -99.213544429672694, 19.462918999597978 ], [ -99.212393059897622, 19.466378739776147 ], [ -99.212148399530363, 19.467113910173683 ], [ -99.211941879531835, 19.467079180029501 ], [ -99.211785280414077, 19.467081919756613 ], [ -99.211728820416425, 19.467137859602168 ], [ -99.211639199938276, 19.467406179583513 ], [ -99.211536659851987, 19.467993350351698 ], [ -99.211434710397498, 19.468000880197511 ], [ -99.211371539554548, 19.46803641958752 ], [ -99.210960680028762, 19.468267509696524 ], [ -99.210723399738782, 19.468480830376045 ], [ -99.210564630289539, 19.468658310198705 ], [ -99.210450579867285, 19.468785779764808 ], [ -99.209912049641616, 19.469381619970694 ], [ -99.208901230273952, 19.470056549859116 ], [ -99.20886265022439, 19.470082320108162 ], [ -99.208705450202501, 19.470034460440022 ], [ -99.208692620281553, 19.470030549761752 ], [ -99.208211510137659, 19.469884089977008 ], [ -99.208169571482699, 19.469871322661447 ], [ -99.208152047038055, 19.469865987671309 ], [ -99.208014603278926, 19.469824144185832 ], [ -99.207685659629362, 19.469724000219912 ], [ -99.207173649672441, 19.469568119950154 ], [ -99.206824969672013, 19.471215080428106 ], [ -99.207772879874256, 19.471470719661976 ], [ -99.207967420233359, 19.471523180244876 ], [ -99.208349280395709, 19.471626170304024 ], [ -99.208369170111794, 19.471631539887024 ], [ -99.20895564988659, 19.471789709928622 ], [ -99.209236090463477, 19.47186533985521 ], [ -99.209273045286949, 19.471875305297281 ], [ -99.20963476971815, 19.471972850141928 ], [ -99.209996195164265, 19.472070322451085 ], [ -99.210033119684141, 19.472080279898574 ], [ -99.210329881428393, 19.472160310980424 ], [ -99.210783980089474, 19.472282769841076 ], [ -99.210802768779089, 19.472287837864144 ], [ -99.210815050377946, 19.472291150114973 ], [ -99.211412680175769, 19.472452310209398 ], [ -99.212044849808507, 19.472622800040362 ], [ -99.212628380238698, 19.472780150211211 ], [ -99.213292949537575, 19.472959350067143 ], [ -99.213561339918783, 19.473031740319069 ], [ -99.213879290224341, 19.473117480345969 ], [ -99.214215769859862, 19.473208200059577 ], [ -99.214225618092769, 19.473210855045942 ], [ -99.21448461969959, 19.473280689574768 ], [ -99.214863426766101, 19.473382854789989 ], [ -99.214877830425536, 19.473386739565868 ], [ -99.215168119987339, 19.47346502025713 ], [ -99.215540000417164, 19.473565289972861 ], [ -99.215863170092803, 19.473652429632526 ], [ -99.216173249849163, 19.473736029848521 ], [ -99.216877289673562, 19.473925880141518 ], [ -99.217504430418586, 19.474094969582101 ], [ -99.21817014990674, 19.4742744600922 ], [ -99.218847230044574, 19.474457030277659 ], [ -99.219510509895699, 19.47463586013054 ], [ -99.220158090289274, 19.474810459990977 ], [ -99.220558309704842, 19.474918370377381 ], [ -99.221115060254235, 19.475068480431013 ], [ -99.220919980323089, 19.475908109782925 ], [ -99.220710090453522, 19.476811520368376 ], [ -99.220499509839598, 19.477717829716035 ], [ -99.220358570082752, 19.478155229729044 ], [ -99.220336764906421, 19.478222894631259 ], [ -99.220047709693944, 19.479119879804152 ], [ -99.219772199948437, 19.479974849772219 ], [ -99.219662749612269, 19.480314479937721 ], [ -99.219455939944737, 19.480902539654821 ], [ -99.219137550398372, 19.48180785035234 ], [ -99.218828749969234, 19.482685889808682 ], [ -99.218607399967439, 19.483315259601497 ], [ -99.218519340240107, 19.483565680065773 ], [ -99.218338059952259, 19.484081089875094 ], [ -99.218156490476275, 19.484597349949251 ], [ -99.218045830059438, 19.484911999981058 ], [ -99.217499220307047, 19.486451459818532 ], [ -99.21736274504751, 19.486835778995015 ], [ -99.217312179763098, 19.486978170064084 ], [ -99.217163319526264, 19.48739740023413 ], [ -99.217158110448381, 19.487412120420977 ], [ -99.216857889901647, 19.488257599965664 ], [ -99.216539820191514, 19.489153350095023 ], [ -99.216449821384884, 19.489406770403761 ], [ -99.216296665537868, 19.489838075431987 ], [ -99.216279089991772, 19.489887569628994 ], [ -99.216180059756923, 19.490166480267934 ], [ -99.216006599611646, 19.490691510060554 ], [ -99.215716830976518, 19.491568519976532 ], [ -99.215704423599078, 19.491606079934076 ], [ -99.215698249942477, 19.491624769842009 ], [ -99.21544691888748, 19.492385479969077 ], [ -99.215386689679377, 19.492567750160283 ], [ -99.215202880383856, 19.493124109956739 ], [ -99.214982019728495, 19.493792519565822 ], [ -99.21482368000467, 19.494271769840044 ], [ -99.214606939789377, 19.494927739571466 ], [ -99.214372229890486, 19.495638090279588 ], [ -99.214116109649567, 19.496413260203749 ], [ -99.213890940227785, 19.497094710274254 ], [ -99.213838939986346, 19.497252109662622 ], [ -99.213684420159638, 19.497719719668805 ], [ -99.213500800444194, 19.498275429988787 ], [ -99.213463059932863, 19.498408750420371 ], [ -99.212864769758923, 19.50052213989375 ], [ -99.212498400303346, 19.501761919850047 ], [ -99.212320019990344, 19.502370910439026 ], [ -99.212234980352434, 19.502661230161245 ], [ -99.211992490282626, 19.503510720428796 ], [ -99.211966400257381, 19.503636320040307 ], [ -99.211683800446707, 19.504996510334482 ], [ -99.21144487958442, 19.506722880110239 ], [ -99.211377119797135, 19.507212370235472 ], [ -99.211219050043667, 19.507812220399767 ], [ -99.211161579610803, 19.508030250094333 ], [ -99.211052420187713, 19.50844451014131 ], [ -99.210779599973819, 19.509084769739271 ], [ -99.210698164082544, 19.509347346070705 ], [ -99.210698000212119, 19.509347880006533 ], [ -99.21069783634178, 19.509348413942451 ], [ -99.210687110207402, 19.509383399792313 ], [ -99.210633430257573, 19.509556720439658 ], [ -99.210475050111597, 19.510071570391663 ], [ -99.210371649634624, 19.510539940291682 ], [ -99.210323109760282, 19.510670449899514 ], [ -99.210240619871044, 19.51089225975462 ], [ -99.210164170267063, 19.511139120435583 ], [ -99.210086252858545, 19.511245419309198 ], [ -99.210066219658557, 19.511272749596476 ], [ -99.210063905995952, 19.511275837138609 ], [ -99.210054855312819, 19.511287911941189 ], [ -99.210021961143568, 19.51133179706952 ], [ -99.20998708985762, 19.511378320094064 ], [ -99.20994452458676, 19.511435098700147 ], [ -99.20980164961162, 19.511603230428776 ], [ -99.209691829594888, 19.511732350199829 ], [ -99.20967464925765, 19.511755158282362 ], [ -99.2096614756137, 19.511772648035031 ], [ -99.209640485054095, 19.5118005143466 ], [ -99.209636442974087, 19.511805880053767 ], [ -99.209629340317235, 19.511815310060854 ], [ -99.209496169785467, 19.511992079684859 ], [ -99.209405649879415, 19.512150250395344 ], [ -99.209382630021835, 19.512190457804834 ], [ -99.209381849999303, 19.512191820086411 ], [ -99.209316029903263, 19.512306800074075 ], [ -99.209257540365513, 19.512409020120725 ], [ -99.20925500424255, 19.512411419322007 ], [ -99.209194680296008, 19.512468480001388 ], [ -99.209185134426221, 19.51247751166747 ], [ -99.209078121406264, 19.512578762615096 ], [ -99.209073219707491, 19.512583400126804 ], [ -99.208970480257207, 19.512680630148971 ], [ -99.20886074417912, 19.512748960781678 ], [ -99.208705990632254, 19.512845323115346 ], [ -99.208523720449833, 19.512958819618742 ], [ -99.208143830051768, 19.513195379734505 ], [ -99.20809509032236, 19.513218169679014 ], [ -99.207129290257186, 19.513669620176977 ], [ -99.207016119789884, 19.513731459839079 ], [ -99.20659831980096, 19.513959779757606 ], [ -99.206174150265028, 19.514191579712747 ], [ -99.205919029252797, 19.514330999707585 ], [ -99.205809619743874, 19.514406250039595 ], [ -99.205522780395071, 19.514603510264905 ], [ -99.20523724976384, 19.51479987976743 ], [ -99.205140180065072, 19.514857549595988 ], [ -99.204960519971166, 19.514964309720106 ], [ -99.204671649677962, 19.515135969751007 ], [ -99.204335060400098, 19.515034199670911 ], [ -99.203906579552665, 19.51490463042278 ], [ -99.20353151975398, 19.514791230430095 ], [ -99.203232606766107, 19.514700849397393 ], [ -99.202941310212921, 19.514612770081552 ], [ -99.202940876009308, 19.514612640030915 ], [ -99.202940843580322, 19.514612630629813 ], [ -99.202940790603492, 19.514612614562843 ], [ -99.202940449623725, 19.514612510379958 ], [ -99.202935637596767, 19.514611055641407 ], [ -99.202930120773686, 19.514609387583182 ], [ -99.202734599650825, 19.514550259886043 ], [ -99.202601219444574, 19.514509938128111 ], [ -99.202591232535497, 19.514506919962837 ], [ -99.202583660225869, 19.514504629783769 ], [ -99.202583566190157, 19.514504601309568 ], [ -99.202583468819697, 19.514504572320579 ], [ -99.202583266041813, 19.514504510115671 ], [ -99.202582602114944, 19.51450430797248 ], [ -99.202581789083339, 19.51450405957047 ], [ -99.202579919832985, 19.514503490298463 ], [ -99.201896619619603, 19.514296879980364 ], [ -99.201889158379799, 19.514294627619044 ], [ -99.201888649245021, 19.514294474103089 ], [ -99.201888140128972, 19.51429431968128 ], [ -99.201704519535042, 19.51423880026617 ], [ -99.200974739961026, 19.514018119692533 ], [ -99.200800170273624, 19.513965339579897 ], [ -99.200296150317712, 19.513812919742435 ], [ -99.200173089957673, 19.513775709595915 ], [ -99.200158650345145, 19.513771339613495 ], [ -99.200103250238428, 19.513754580311371 ], [ -99.199968880083333, 19.513713949718792 ], [ -99.199738792471351, 19.513644371034111 ], [ -99.199387800435645, 19.513538230148963 ], [ -99.199174849725239, 19.51347382960984 ], [ -99.199068432240026, 19.513441653862795 ], [ -99.199058399936405, 19.513438619670875 ], [ -99.199036106009174, 19.513431878330145 ], [ -99.198799680095306, 19.513360379630651 ], [ -99.198644880427992, 19.513313570278079 ], [ -99.19694232036386, 19.512798710289481 ], [ -99.196720489826731, 19.512731629556157 ], [ -99.196631091754142, 19.512704599770192 ], [ -99.196622659548623, 19.512702050022046 ], [ -99.194033690379541, 19.511919059626059 ], [ -99.194006280229033, 19.51191076987957 ], [ -99.193918349889316, 19.511884176264349 ], [ -99.192031489649338, 19.511313490185689 ], [ -99.191903895414256, 19.511274908597986 ], [ -99.191897949543701, 19.511273110279337 ], [ -99.191498420220299, 19.510579520338212 ], [ -99.19067453964756, 19.510410049987037 ], [ -99.190392800040087, 19.510352089690297 ], [ -99.189689738913984, 19.510207450909967 ], [ -99.189689601899659, 19.51020742281333 ], [ -99.188953180192144, 19.510055919980118 ], [ -99.188929170068377, 19.510050969560488 ], [ -99.188551619700704, 19.509973309883932 ], [ -99.188431139925484, 19.509948520449427 ], [ -99.187496726272627, 19.509565672837326 ], [ -99.187468917647095, 19.509554278710262 ], [ -99.187464155403248, 19.509552327775559 ], [ -99.187439470415143, 19.50954221428276 ], [ -99.18738251975283, 19.509518880103194 ], [ -99.187369438997152, 19.509513520976007 ], [ -99.187000260196825, 19.50936224976596 ], [ -99.186986767416954, 19.509356735221317 ], [ -99.18698658733949, 19.509356662089594 ], [ -99.186986529595814, 19.509356635187025 ], [ -99.186561659774441, 19.509159380962249 ], [ -99.1861666495858, 19.508975970108988 ], [ -99.186106062644456, 19.508947839831325 ], [ -99.186005749002803, 19.508901264696021 ], [ -99.185385020142405, 19.508613059792168 ], [ -99.185221370378002, 19.508537079845745 ], [ -99.18512890863893, 19.508506711947593 ], [ -99.184616887818876, 19.50833854605456 ], [ -99.184250770770731, 19.508218305739167 ], [ -99.183827849986827, 19.508079399922895 ], [ -99.183479449784357, 19.50796496964049 ], [ -99.183075940031458, 19.507832449878926 ], [ -99.182700489639615, 19.507709140097429 ], [ -99.182451091052414, 19.507563447886067 ], [ -99.182450063710832, 19.507562845113835 ], [ -99.182450024055072, 19.507562821718505 ], [ -99.182449038326865, 19.507562240112453 ], [ -99.182446849681696, 19.507560950055503 ], [ -99.182340518820695, 19.507498844920512 ], [ -99.182306969793672, 19.507479249994919 ], [ -99.182290799748444, 19.507469800014476 ], [ -99.181915739988852, 19.507489819752077 ], [ -99.177499000155422, 19.506314309679773 ], [ -99.177463050642729, 19.506304739243063 ], [ -99.177411849926344, 19.506291109569318 ], [ -99.177411193146199, 19.506290935090309 ], [ -99.177410974544273, 19.506290876634669 ], [ -99.177410099162188, 19.506290643699931 ], [ -99.177368540190017, 19.506279571089813 ], [ -99.177335558006178, 19.506270792796787 ], [ -99.177063275587088, 19.506198331778535 ], [ -99.177050419577768, 19.506194909918495 ], [ -99.176737800203824, 19.506420420345982 ], [ -99.176624490007384, 19.506502170222717 ], [ -99.176071890428233, 19.506900799598892 ], [ -99.176025690418456, 19.506948860455875 ], [ -99.175538090259366, 19.507456020442326 ], [ -99.17540276961347, 19.507484829723687 ], [ -99.175364779591405, 19.507492919949154 ], [ -99.175184110334257, 19.507531400080058 ], [ -99.174875229567419, 19.507597180377356 ], [ -99.174040459832668, 19.507949999808183 ], [ -99.173712570244476, 19.50816185005646 ], [ -99.173665620252848, 19.508192179746953 ], [ -99.173565230227311, 19.508257049724609 ], [ -99.173042850257715, 19.508586709954034 ], [ -99.172599370198199, 19.508426549571301 ], [ -99.171604220122077, 19.508067139920993 ], [ -99.171291770097113, 19.5079543098438 ], [ -99.170878179846085, 19.507804939760831 ], [ -99.170413920236044, 19.507637260148947 ], [ -99.169955969794557, 19.507405830196145 ], [ -99.169534649715473, 19.5071929197149 ], [ -99.169143290438669, 19.506995139802363 ], [ -99.169109320155187, 19.506977970067574 ], [ -99.168800020108989, 19.50682165977744 ], [ -99.168689049832025, 19.506765579907004 ], [ -99.167370719585989, 19.506214679677925 ], [ -99.167313289952403, 19.506190660144185 ], [ -99.167078149939968, 19.50609242030259 ], [ -99.166316289650098, 19.505828680077819 ], [ -99.165855460027444, 19.50566915012768 ], [ -99.16537661974705, 19.505503399554858 ], [ -99.164940490075196, 19.505352429969047 ], [ -99.164410940044718, 19.505169120273447 ], [ -99.163937770020837, 19.505005320262381 ], [ -99.163455980265994, 19.504851569743842 ], [ -99.162990139784242, 19.504702890179004 ], [ -99.162897650238534, 19.504673379976989 ], [ -99.162866541644263, 19.504663451906179 ], [ -99.162558980189104, 19.50456529005189 ], [ -99.162067659891591, 19.504408489804614 ], [ -99.161786692414125, 19.504318829993128 ], [ -99.161617290163505, 19.504264769936253 ], [ -99.161401108399545, 19.504195771446486 ], [ -99.161137830028082, 19.504111740011076 ], [ -99.160696679970812, 19.503970950047389 ], [ -99.160438650007009, 19.503888599175578 ], [ -99.160269260779216, 19.503834537405584 ], [ -99.160213741256101, 19.503816817849451 ], [ -99.160141875412691, 19.503793880284714 ], [ -99.159734336292374, 19.50366380990225 ], [ -99.1597342992238, 19.503663800143478 ], [ -99.159252108080068, 19.503509896428817 ], [ -99.157181109899568, 19.502848889580893 ], [ -99.157701890368457, 19.504207369620286 ], [ -99.15775237982578, 19.504339080144018 ], [ -99.157879740086429, 19.504671290085085 ], [ -99.158357480258388, 19.505917450433152 ], [ -99.158437280122797, 19.50612558033713 ], [ -99.158844379823762, 19.507187509763124 ], [ -99.15885228939409, 19.507208140812882 ], [ -99.159049428988695, 19.507722350645018 ], [ -99.159049491042708, 19.507722514031833 ], [ -99.159049520005397, 19.507722591608356 ], [ -99.159049534935946, 19.507722631764501 ], [ -99.159049556289091, 19.50772268472889 ], [ -99.159049579382526, 19.507722745882372 ], [ -99.159460490469726, 19.508794540024077 ], [ -99.159511153460954, 19.508926707857466 ], [ -99.159511188865707, 19.508926797336379 ], [ -99.159511224223024, 19.508926889080147 ], [ -99.159589390552156, 19.509130758323323 ], [ -99.15960954979488, 19.509183339624769 ], [ -99.16018834972553, 19.510693029614501 ], [ -99.160666090339802, 19.511939090420416 ], [ -99.160841340021676, 19.512396169661894 ], [ -99.160841403456359, 19.512396335793447 ], [ -99.16084142428592, 19.512396391013809 ], [ -99.160841509983229, 19.512396612392546 ], [ -99.160847089635794, 19.51241115036515 ], [ -99.160960409989158, 19.512706740026964 ], [ -99.160963860207488, 19.512715739695086 ], [ -99.161068980336978, 19.51298993974131 ], [ -99.161256739631852, 19.513479630262331 ], [ -99.161775049726785, 19.514831420338918 ], [ -99.162234400332153, 19.516029489854425 ], [ -99.162301970069251, 19.516205709783296 ], [ -99.162480110025285, 19.51667028015267 ], [ -99.162888550123469, 19.517735540096837 ], [ -99.162975199759302, 19.517961489895086 ], [ -99.163629508758902, 19.518344869588766 ], [ -99.164097990327008, 19.518619363445744 ], [ -99.164734079267916, 19.518992060815599 ], [ -99.16473414719988, 19.518992103324528 ], [ -99.164734226100421, 19.518992146945457 ], [ -99.164734263415099, 19.518992168036142 ], [ -99.164734290792126, 19.518992184409178 ], [ -99.164734420156833, 19.518992260242563 ], [ -99.165959429918814, 19.519710020094294 ], [ -99.166411349989161, 19.519974779576543 ], [ -99.166817250351187, 19.520212600328968 ], [ -99.167261170017809, 19.520472709639858 ], [ -99.16730917997765, 19.520500829741128 ], [ -99.167335267040471, 19.520516114190567 ], [ -99.167781687775516, 19.52077766317144 ], [ -99.167782570160426, 19.520778183131515 ], [ -99.167782794400082, 19.520778316021747 ], [ -99.16778346054403, 19.520778709132092 ], [ -99.168229679867551, 19.521040120292366 ], [ -99.168648249824656, 19.521285350305995 ], [ -99.169087769672274, 19.521542859864915 ], [ -99.169503909813116, 19.521786679973552 ], [ -99.169962659595186, 19.522055430430907 ], [ -99.170438690384017, 19.522241890305558 ], [ -99.170520680200639, 19.522274020110419 ], [ -99.170847490273161, 19.522402019846918 ], [ -99.17089062959576, 19.522416320361291 ], [ -99.171375720165074, 19.52257705989453 ], [ -99.171807200247585, 19.522720050111442 ], [ -99.171827030034819, 19.522726619854769 ], [ -99.172291399713174, 19.522880490018046 ], [ -99.172562000165712, 19.522970150003527 ], [ -99.172770969892923, 19.523034050205013 ], [ -99.172999460060865, 19.523103920315066 ], [ -99.173235400452171, 19.523176079922866 ], [ -99.173705459741797, 19.523319820232743 ], [ -99.174182290429712, 19.523465619597768 ], [ -99.1743129095575, 19.523640220081884 ], [ -99.174388250066443, 19.523740940252932 ], [ -99.174630710163143, 19.524065029657844 ], [ -99.174450019665201, 19.524256119579153 ], [ -99.174206450223352, 19.524513709961244 ], [ -99.173993740174211, 19.524716540191012 ], [ -99.173761250277721, 19.524938259892632 ], [ -99.173458920014241, 19.52522656981639 ], [ -99.173142539812289, 19.525528279718429 ], [ -99.173071399888997, 19.525596110055421 ], [ -99.172361169612543, 19.526273399723326 ], [ -99.172139940427968, 19.526477089945971 ], [ -99.171937850025245, 19.526663169847058 ], [ -99.171367279820743, 19.527188519935379 ], [ -99.171757309963411, 19.527478830079303 ], [ -99.171799038220527, 19.527509121615605 ], [ -99.172115019875775, 19.527738489935409 ], [ -99.172534475983483, 19.528042974315429 ], [ -99.172589849694788, 19.528083169921384 ], [ -99.172610220311455, 19.528097740383821 ], [ -99.17283274980548, 19.528256820898537 ], [ -99.172991519620382, 19.528370319666344 ], [ -99.173411022714333, 19.52867022409146 ], [ -99.173453680380618, 19.528700720166547 ], [ -99.17383422989225, 19.528982629922442 ], [ -99.174371999819684, 19.529380979839228 ], [ -99.175263830293432, 19.53003202034278 ], [ -99.175360949693584, 19.530094620367677 ], [ -99.175523290471915, 19.529844509846761 ], [ -99.175765310456597, 19.529471660143827 ], [ -99.176153579791333, 19.528873520141143 ], [ -99.176164511088174, 19.528879094859874 ], [ -99.176263520055159, 19.528929579890963 ], [ -99.176580610609051, 19.529091286714451 ], [ -99.176615619834266, 19.529109139670897 ], [ -99.177045740386419, 19.529328479753172 ], [ -99.176278569736127, 19.530642570318957 ], [ -99.176349490451287, 19.530716379845003 ], [ -99.176264419813378, 19.531048549891317 ], [ -99.176063749987549, 19.531831890077989 ], [ -99.176011460181286, 19.532036049676904 ], [ -99.17542368008381, 19.531977060101191 ], [ -99.174954120023557, 19.531878109629908 ], [ -99.174526449882819, 19.531711319932032 ], [ -99.174070289712475, 19.531571690097582 ], [ -99.172649950344763, 19.530983570259863 ], [ -99.172372689861305, 19.530868750226915 ], [ -99.1723341203014, 19.530855479838127 ], [ -99.171972742774116, 19.530731103907062 ], [ -99.171914419834664, 19.530711030353132 ], [ -99.171646875294272, 19.530618951720324 ], [ -99.171470879843085, 19.530558379717444 ], [ -99.170423249739173, 19.530197830130636 ], [ -99.170381109892091, 19.530183339659857 ], [ -99.169979060132917, 19.530044950013625 ], [ -99.169863519803528, 19.530005199961487 ], [ -99.169147139877396, 19.52975863020816 ], [ -99.168744689775522, 19.529620120144919 ], [ -99.16861226031773, 19.529574510157843 ], [ -99.168134799263029, 19.529410027614524 ], [ -99.16800366024161, 19.529364849992525 ], [ -99.167728622982509, 19.529270106967811 ], [ -99.167672490177523, 19.529250770184614 ], [ -99.167435950433742, 19.529185120113457 ], [ -99.166716050156126, 19.528985370433194 ], [ -99.16625297993653, 19.528856860029986 ], [ -99.165812920183356, 19.528734920374635 ], [ -99.165239950173699, 19.528576170200473 ], [ -99.164569400440897, 19.528390350393909 ], [ -99.164166830460346, 19.528278799655219 ], [ -99.163019849592544, 19.527963819971372 ], [ -99.162784980384018, 19.527899309604368 ], [ -99.162606460075352, 19.527850280387149 ], [ -99.162192890252257, 19.527736710009158 ], [ -99.162122829961703, 19.527717460132621 ], [ -99.161981887956358, 19.527678750018218 ], [ -99.161766350303196, 19.527619550020425 ], [ -99.161700921361032, 19.527601580432918 ], [ -99.161658140054612, 19.527589829696801 ], [ -99.161159689908743, 19.527452939986123 ], [ -99.161031080058692, 19.527417619757248 ], [ -99.160700599648365, 19.527326849985194 ], [ -99.160348200208063, 19.527230059887213 ], [ -99.159857980344881, 19.527095430240582 ], [ -99.159557649527599, 19.527012940216792 ], [ -99.159158650112573, 19.526903350038083 ], [ -99.159014350162181, 19.527057030448791 ], [ -99.158829139607562, 19.527254260392546 ], [ -99.15731554012244, 19.527877679575489 ], [ -99.156798120270139, 19.528090770049111 ], [ -99.157145399892173, 19.528257460069565 ], [ -99.158341090058698, 19.528751430267999 ], [ -99.158598719703249, 19.528857860366955 ], [ -99.158517049835041, 19.528964220152822 ], [ -99.158433219966398, 19.529073349717496 ], [ -99.158423995104727, 19.529085361404697 ], [ -99.158308999765964, 19.529235089699792 ], [ -99.15746845072502, 19.530329554585002 ], [ -99.157413374672856, 19.530401267085296 ], [ -99.157401000245059, 19.530417380297749 ], [ -99.157371020098779, 19.530456449648881 ], [ -99.157192309996162, 19.530689120419176 ], [ -99.156907430141516, 19.531060059584693 ], [ -99.156662619583471, 19.53137881994591 ], [ -99.156658922845793, 19.53138363262088 ], [ -99.156494320116394, 19.531597940215839 ], [ -99.156131969848829, 19.532069749970837 ], [ -99.155859036282678, 19.532425133057618 ], [ -99.155847250109304, 19.532440479651658 ], [ -99.156983580221095, 19.533071489799081 ], [ -99.157080574306832, 19.53312535021583 ], [ -99.157844119820581, 19.533549339726175 ], [ -99.158438033634525, 19.533879135041587 ], [ -99.15851348023736, 19.533921029579204 ], [ -99.158044969639576, 19.535288999990552 ], [ -99.157934150217855, 19.5354238501527 ], [ -99.157918779940175, 19.535442549955917 ], [ -99.1573348599821, 19.536153149933622 ], [ -99.157065539887171, 19.536480910304022 ], [ -99.156687629722228, 19.536940820224835 ], [ -99.156045339735698, 19.537722419560577 ], [ -99.155317750450436, 19.538607830238064 ], [ -99.154647430037386, 19.539423519577426 ], [ -99.154107850410014, 19.540080140267335 ], [ -99.153956769573369, 19.540305770409816 ], [ -99.153948179775696, 19.540318579700688 ], [ -99.153573429594147, 19.540878259845762 ], [ -99.153332970105112, 19.541237370092457 ], [ -99.153251889965802, 19.541365780033626 ], [ -99.153234479956893, 19.541393350023295 ], [ -99.152931219528924, 19.541873629964446 ], [ -99.152644619772374, 19.542327520031311 ], [ -99.152392979813641, 19.542726019713896 ], [ -99.152256859783023, 19.542941619597176 ], [ -99.152092179869314, 19.543202419917449 ], [ -99.152075738525639, 19.543228449240058 ], [ -99.152074706238679, 19.543230083800989 ], [ -99.152074669666689, 19.543230141115586 ], [ -99.152074100174502, 19.543231040771136 ], [ -99.152073850505332, 19.543231436201758 ], [ -99.152073600826654, 19.543231832085173 ], [ -99.151975079089397, 19.543387858121086 ], [ -99.15196170969314, 19.543409030414161 ], [ -99.15163529009024, 19.543943879911385 ], [ -99.151421850023553, 19.54429362043868 ], [ -99.15121671005906, 19.544629750424569 ], [ -99.151084890239559, 19.54484570989754 ], [ -99.151098942444023, 19.544852367607035 ], [ -99.151520219800403, 19.545051949660408 ], [ -99.15287560725325, 19.545694119306578 ], [ -99.152920819564841, 19.545715539721709 ], [ -99.153026490427038, 19.54576562016026 ], [ -99.154182489235438, 19.54631328966201 ], [ -99.154380769264279, 19.546407229576879 ], [ -99.154667739790384, 19.546543180246445 ], [ -99.155332580013166, 19.546858170314074 ], [ -99.155354420163036, 19.546868510486437 ], [ -99.155402279766605, 19.546889619701258 ], [ -99.155850999922649, 19.547087550325415 ], [ -99.156554549765133, 19.547397890368767 ], [ -99.157000510039609, 19.547594600697238 ], [ -99.157574539689918, 19.547847820816422 ], [ -99.158065309792519, 19.548064289593725 ], [ -99.158188119511536, 19.54811846006379 ], [ -99.158645779754124, 19.548320320688184 ], [ -99.158545369877714, 19.548749139656341 ], [ -99.158528519949243, 19.548821090021651 ], [ -99.159253319323355, 19.548955520389821 ], [ -99.159380169474446, 19.548980250187409 ], [ -99.159348580224659, 19.549088219996236 ], [ -99.159207149784152, 19.549165849890393 ], [ -99.159208289884333, 19.549202310178782 ], [ -99.159272029863942, 19.549213770188789 ], [ -99.159508489289138, 19.54923030975646 ], [ -99.159677679689935, 19.549219460285894 ], [ -99.159764579610979, 19.549175289604914 ], [ -99.159989279333004, 19.549126509588532 ], [ -99.160075000472077, 19.549107890246109 ], [ -99.160899999759451, 19.549260880722574 ], [ -99.15928191955301, 19.551883000662329 ], [ -99.158092020031958, 19.553691420345665 ], [ -99.15756896946688, 19.555047399553427 ], [ -99.157760509307138, 19.555950909867814 ], [ -99.15804702865654, 19.556492880095977 ], [ -99.15809551926931, 19.557351340048879 ], [ -99.156143798904068, 19.560154450160905 ], [ -99.154238219598881, 19.561376060551261 ], [ -99.153332679614721, 19.561557550395392 ], [ -99.15280870884547, 19.561964659758768 ], [ -99.151616449556656, 19.56137825971167 ], [ -99.150900628771069, 19.560520349968069 ], [ -99.149185919616315, 19.562012850317423 ], [ -99.148995569790642, 19.562374479566191 ], [ -99.146804819610082, 19.564635480117154 ], [ -99.145995550331037, 19.565901290154208 ], [ -99.145892800110431, 19.567455890344032 ], [ -99.145890489260438, 19.567490649591868 ], [ -99.145807380365198, 19.568748050045492 ], [ -99.144760449760867, 19.570827370437271 ], [ -99.143665179569155, 19.572183769822615 ], [ -99.143456849546951, 19.572347080406693 ], [ -99.140389050191686, 19.574751630085796 ], [ -99.139568139536678, 19.575395049557276 ], [ -99.139141680412223, 19.578467890389462 ], [ -99.137904379863627, 19.581134709595993 ], [ -99.134841180055332, 19.583908780199444 ], [ -99.133759748832887, 19.584888109594978 ], [ -99.133760849601885, 19.586243630191724 ], [ -99.130710309479596, 19.587149539646909 ], [ -99.12836262983069, 19.588007199712099 ], [ -99.126992599877468, 19.588507689955836 ], [ -99.123706089082049, 19.592757279789552 ], [ -99.122148649868365, 19.592476450397367 ], [ -99.120784349574123, 19.592230419787704 ], [ -99.119649429420889, 19.592025749914299 ], [ -99.119526825243412, 19.592003633901278 ], [ -99.119462220204227, 19.591991980042511 ], [ -99.118959034330373, 19.591544634867386 ], [ -99.118721262127991, 19.591333248088016 ], [ -99.11845383841424, 19.591095497914601 ], [ -99.117887849600734, 19.590592309569566 ], [ -99.118597569686813, 19.584461719994639 ], [ -99.11690613990632, 19.581444599892439 ], [ -99.114661719774077, 19.579796310144371 ], [ -99.112965570136893, 19.573741679570755 ], [ -99.112855949273921, 19.573262630234467 ], [ -99.112392339745739, 19.571236650294566 ], [ -99.111818049596707, 19.568726920154145 ], [ -99.108097220414521, 19.56488848963458 ], [ -99.111241139683443, 19.561497769910208 ], [ -99.11485294934181, 19.557595550080276 ], [ -99.115718629559552, 19.556660260803671 ], [ -99.115685089313317, 19.555755710267331 ], [ -99.115621459938311, 19.554039620631603 ], [ -99.11848011908495, 19.552185220159135 ], [ -99.120373489957572, 19.54992318005333 ], [ -99.12043631955865, 19.549848120536151 ], [ -99.121035739633641, 19.549131950142673 ], [ -99.121217619498594, 19.548696319879966 ], [ -99.12130971966306, 19.548475680343458 ], [ -99.121462970009873, 19.548108620346127 ], [ -99.121633739904894, 19.54769955012301 ], [ -99.121746880452946, 19.547428549575496 ], [ -99.12188256976313, 19.54710351036768 ], [ -99.12197874912556, 19.54687311004637 ], [ -99.122153489424861, 19.546541970739995 ], [ -99.122236549785583, 19.54638452000923 ], [ -99.122565709833239, 19.545760710175397 ], [ -99.122637450363555, 19.545624750060764 ], [ -99.122732970349176, 19.545443710381427 ], [ -99.123227180376745, 19.544971030223834 ], [ -99.123366588279652, 19.544837695149564 ], [ -99.123507230272637, 19.544703179954759 ], [ -99.124190910210004, 19.544049280695486 ], [ -99.124213910234374, 19.544027280155341 ], [ -99.124642849520157, 19.543422000297106 ], [ -99.124692910037581, 19.543351340356985 ], [ -99.125288149782804, 19.542511370319993 ], [ -99.125374710125257, 19.542389249853187 ], [ -99.125652570265132, 19.542046570084537 ], [ -99.125692600212318, 19.541997179646664 ], [ -99.125981799829631, 19.541640509561287 ], [ -99.126275510118433, 19.541335350110778 ], [ -99.127434569906754, 19.540131110358239 ], [ -99.128146420325194, 19.539391480250945 ], [ -99.129910509716467, 19.536993880054165 ], [ -99.130277309611543, 19.536495350885907 ], [ -99.130574599658615, 19.536091289745805 ], [ -99.127367660414677, 19.535083910095352 ], [ -99.127377910233093, 19.531710660872381 ], [ -99.128082999893877, 19.526609370653247 ], [ -99.128183630063418, 19.525881290444502 ], [ -99.128105629191694, 19.525293140179567 ], [ -99.128004579339915, 19.524531120127975 ], [ -99.12779642022447, 19.524363090378039 ], [ -99.127733059374293, 19.524311950407114 ], [ -99.127615311820989, 19.524241365003991 ], [ -99.127497549293707, 19.524170770165217 ], [ -99.127384349664311, 19.524067600343109 ], [ -99.127350400297516, 19.524012200132201 ], [ -99.127298249911107, 19.523911480338629 ], [ -99.127243939496907, 19.523806570542668 ], [ -99.127090320044985, 19.523509940184525 ], [ -99.127063480269243, 19.523458080346145 ], [ -99.126727519924202, 19.522809260125751 ], [ -99.126721399558647, 19.522797460057273 ], [ -99.126440630470938, 19.522255199731831 ], [ -99.126414719606899, 19.522205180022212 ], [ -99.126166579600763, 19.521725949613522 ], [ -99.126165364692142, 19.521723600103513 ], [ -99.126164149802705, 19.521721249687563 ], [ -99.125924748629515, 19.521258894259663 ], [ -99.125898489609753, 19.521208180025251 ], [ -99.125737569726468, 19.521024969546374 ], [ -99.125392972574048, 19.520632672529903 ], [ -99.125276379718954, 19.520499940400615 ], [ -99.125062819293959, 19.520289050101436 ], [ -99.125053614645367, 19.520279961034337 ], [ -99.124771050922362, 19.520000949866745 ], [ -99.124364520477855, 19.519599519607045 ], [ -99.124341849097533, 19.519577140254096 ], [ -99.124247519739868, 19.519484000457421 ], [ -99.124191952011941, 19.519429127607602 ], [ -99.124006080065129, 19.519245580659739 ], [ -99.123888429640886, 19.519129399561663 ], [ -99.121014719921718, 19.51629165023947 ], [ -99.12098182954702, 19.516267340842752 ], [ -99.120972043857165, 19.516260107347616 ], [ -99.120873179546209, 19.516187030429055 ], [ -99.117241459906879, 19.513502653633186 ], [ -99.116881919637507, 19.513236889839725 ], [ -99.115928769866827, 19.51305177064615 ], [ -99.114407109533545, 19.511060820411164 ], [ -99.110589308956435, 19.511173140798377 ], [ -99.110585828566329, 19.511171858083642 ], [ -99.110559819836226, 19.511162280302852 ], [ -99.11027059954354, 19.51105580574195 ], [ -99.110231879245021, 19.511041550163988 ], [ -99.109989769298963, 19.510618860005291 ], [ -99.109897889632151, 19.510458450275969 ], [ -99.109433079546719, 19.510311970126981 ], [ -99.109227420447979, 19.510581369964264 ], [ -99.109144749634766, 19.510742450690177 ], [ -99.108974089592138, 19.511110350183891 ], [ -99.108868689623563, 19.51093097125538 ], [ -99.108763280300337, 19.510751550869099 ], [ -99.108741169849267, 19.510708889951545 ], [ -99.108667969326916, 19.510567680219193 ], [ -99.108645629686734, 19.510491279819764 ], [ -99.107838579926465, 19.510462490207292 ], [ -99.107699910428451, 19.51085513994526 ], [ -99.10768073985497, 19.510906180289744 ], [ -99.107635520016061, 19.511026549880306 ], [ -99.107511890430033, 19.510689750166677 ], [ -99.107463110086883, 19.51040662011545 ], [ -99.107442649825586, 19.510287800237869 ], [ -99.107388629680685, 19.510023660233955 ], [ -99.107366420461432, 19.509934450199395 ], [ -99.107304290114257, 19.509685000322907 ], [ -99.107093890287274, 19.510063910582787 ], [ -99.107042369273771, 19.510178400444111 ], [ -99.10701229959227, 19.510203648857338 ], [ -99.106932979981565, 19.510270250241923 ], [ -99.106739520054461, 19.510445050020753 ], [ -99.106581939158303, 19.510426179934104 ], [ -99.10646248273116, 19.510343656610019 ], [ -99.106457798617981, 19.510340420408046 ], [ -99.106429889816212, 19.510321140616504 ], [ -99.106224249157492, 19.510243110788661 ], [ -99.106122779721801, 19.510154939563407 ], [ -99.106026630224449, 19.509993139825976 ], [ -99.105931580108674, 19.50988637001041 ], [ -99.105515710427767, 19.510328139714339 ], [ -99.104809259791011, 19.51065277002435 ], [ -99.104387144278775, 19.51084673022887 ], [ -99.104202920266374, 19.510931379571161 ], [ -99.103860089832295, 19.51108891991975 ], [ -99.103430719763821, 19.511286219670154 ], [ -99.102828309605798, 19.511405259944059 ], [ -99.102724090100949, 19.511425850421826 ], [ -99.102414820077939, 19.511486970397485 ], [ -99.10233739453507, 19.511502261138425 ], [ -99.102324689599385, 19.511504770060473 ], [ -99.102202089999935, 19.511528996976413 ], [ -99.102165379768721, 19.511536250189732 ], [ -99.101395150332763, 19.511688449634246 ], [ -99.101083850448049, 19.511749950347212 ], [ -99.100971510280033, 19.511772150301709 ], [ -99.100588480222584, 19.511847830263918 ], [ -99.100520540048024, 19.511864519975841 ], [ -99.099769339760812, 19.512049080307303 ], [ -99.099490649785622, 19.512117539843477 ], [ -99.099432629908819, 19.512131780266273 ], [ -99.099200259638138, 19.512188880260339 ], [ -99.098888799548959, 19.512265400413753 ], [ -99.098622459966833, 19.512330820022505 ], [ -99.098354550065551, 19.512396629554729 ], [ -99.098271879849719, 19.512416949860523 ], [ -99.097856950076064, 19.51251888022183 ], [ -99.097399520056427, 19.512631249715984 ], [ -99.097161600112941, 19.512524250353458 ], [ -99.095810679812075, 19.511916659650996 ], [ -99.095612889682556, 19.511827720259944 ], [ -99.095021739916447, 19.51156185039471 ], [ -99.094895569885935, 19.511505090106773 ], [ -99.094509629845646, 19.511331520193131 ], [ -99.09317903003523, 19.510733060405627 ], [ -99.092897310178543, 19.510606350240689 ], [ -99.091893829721499, 19.510155020415887 ], [ -99.090888050255302, 19.509702630214409 ], [ -99.090849870181174, 19.509685456854253 ], [ -99.090749824081414, 19.509640456149491 ], [ -99.090674990956742, 19.509606795776158 ], [ -99.090597341606582, 19.509571868592168 ], [ -99.090557949909396, 19.509554149835839 ], [ -99.090526741850852, 19.509540116638124 ], [ -99.090512429530634, 19.509533680434021 ], [ -99.090400837941516, 19.50948364234435 ], [ -99.09038565336499, 19.509476833180805 ], [ -99.090385613608163, 19.509476815196702 ], [ -99.09035377986639, 19.509462321320203 ], [ -99.090353605689103, 19.509462242748299 ], [ -99.090352890028058, 19.509461920845883 ], [ -99.090256349811611, 19.509418489874797 ], [ -99.090170425750415, 19.509388833656693 ], [ -99.090115006731253, 19.509369705277368 ], [ -99.089960739950925, 19.50931646040841 ], [ -99.089492679972338, 19.509154889935054 ], [ -99.089343370005452, 19.509103350285528 ], [ -99.088943420125389, 19.508938250410424 ], [ -99.088620423927608, 19.508804902334465 ], [ -99.088297419842618, 19.508671549799228 ], [ -99.087823969677686, 19.508476109920281 ], [ -99.087558000445, 19.508366309764291 ], [ -99.087371490243498, 19.508289309587035 ], [ -99.087269659846314, 19.508247260224465 ], [ -99.086921350428383, 19.508103460161585 ], [ -99.086480149989711, 19.507921309755716 ], [ -99.085722139531299, 19.507608370013063 ], [ -99.085403890061059, 19.507476979880067 ], [ -99.085070599657698, 19.507330570426973 ], [ -99.084899509726768, 19.507255419626279 ], [ -99.084623259796018, 19.507134059690845 ], [ -99.08414738015729, 19.506925020071897 ], [ -99.083715080326243, 19.506735109769036 ], [ -99.083250419932625, 19.506530970052438 ], [ -99.082799318915548, 19.506332800005399 ], [ -99.082795429980678, 19.506331110009967 ], [ -99.082335950269609, 19.50612924976074 ], [ -99.081887940474218, 19.505932429921202 ], [ -99.081773750050246, 19.505882280115117 ], [ -99.081449279643977, 19.505739719700443 ], [ -99.081009740313789, 19.505546629664838 ], [ -99.080564719553735, 19.505351119744585 ], [ -99.080086519764905, 19.505141030358786 ], [ -99.080041860325366, 19.5051214200201 ], [ -99.079629800228844, 19.504940379849423 ], [ -99.079215169713223, 19.504763550210047 ], [ -99.078852369646256, 19.504608799596213 ], [ -99.077898620093151, 19.504202028243789 ], [ -99.077652969688415, 19.504087889977217 ], [ -99.077474880136066, 19.504005149705783 ], [ -99.077215369867062, 19.503884600185994 ], [ -99.07643913991555, 19.503588089938084 ], [ -99.076048249575805, 19.503438780053628 ], [ -99.075997630330122, 19.503419309774639 ], [ -99.075688150231514, 19.503300180381355 ], [ -99.075227459692456, 19.503122879704815 ], [ -99.074901970269764, 19.502997580048387 ], [ -99.074771259964592, 19.502947280384397 ], [ -99.07427834993652, 19.502757570271356 ], [ -99.074138579800078, 19.502703769680529 ], [ -99.074022089862908, 19.502658940152617 ], [ -99.073505029899891, 19.502459919606974 ], [ -99.073329149992361, 19.502392219652265 ], [ -99.073222650113223, 19.502351229682535 ], [ -99.07298240003135, 19.502258750392709 ], [ -99.072822830049944, 19.502197339669891 ], [ -99.072340860076949, 19.502011820828802 ], [ -99.071433220009752, 19.501662460225067 ], [ -99.070683030319202, 19.50137368961391 ], [ -99.070125549857238, 19.501159109687016 ], [ -99.069679754894864, 19.500987499226685 ], [ -99.069192849680491, 19.500800059742218 ], [ -99.068812510463403, 19.50065584958125 ], [ -99.068424999618387, 19.500508910233538 ], [ -99.068091949834098, 19.500382620236856 ], [ -99.067343630046992, 19.500098850294467 ], [ -99.066947020369625, 19.49994843010483 ], [ -99.065978880163129, 19.499581289733836 ], [ -99.065304818608197, 19.499325679998947 ], [ -99.065212030367917, 19.499290489637566 ], [ -99.064629999550945, 19.499069769822963 ], [ -99.063862539781255, 19.498778710632436 ], [ -99.064205279801357, 19.498003679855902 ], [ -99.064309660442106, 19.497767650215714 ], [ -99.064321820215113, 19.497740169958444 ], [ -99.064653319898113, 19.496990519897128 ], [ -99.064707289820944, 19.496868479547569 ], [ -99.064844549796959, 19.496558090176475 ], [ -99.064961250111438, 19.496294229913946 ], [ -99.065118709770445, 19.495938140003322 ], [ -99.065226520196887, 19.495694350403614 ], [ -99.065252769980845, 19.495634980308285 ], [ -99.065271480094481, 19.49559268017147 ], [ -99.065448490412791, 19.495192369734404 ], [ -99.065523999565755, 19.495021649667699 ], [ -99.065934939822881, 19.494092340183311 ], [ -99.06610521964663, 19.493677580189495 ], [ -99.066106529852163, 19.493674390195181 ], [ -99.066106969596404, 19.493673320276184 ], [ -99.066107012978151, 19.493673214179097 ], [ -99.066107619210911, 19.493671736047702 ], [ -99.066108709563778, 19.49366908010699 ], [ -99.066301020242804, 19.493200650123388 ], [ -99.066633800025116, 19.49239005970691 ], [ -99.066666910094739, 19.492309420453946 ], [ -99.06670202989487, 19.492223860227398 ], [ -99.066792570301246, 19.492003320105056 ], [ -99.066946509535228, 19.491628339775158 ], [ -99.067105149978758, 19.491241910344925 ], [ -99.06724972046635, 19.490889750082641 ], [ -99.06744122012843, 19.490423290116432 ], [ -99.067952580450779, 19.489177629657828 ], [ -99.067991340149959, 19.489083219755177 ], [ -99.067922570445631, 19.48901154988727 ], [ -99.067850679972409, 19.488936680204283 ], [ -99.067622420156653, 19.488395980303785 ], [ -99.067584539895051, 19.488306280364753 ], [ -99.067513339657978, 19.488137650051751 ], [ -99.067486770233529, 19.488074710070347 ], [ -99.06731009044131, 19.487656250205543 ], [ -99.067278079899552, 19.487580420145001 ], [ -99.06711814991607, 19.487201630176454 ], [ -99.067036380338735, 19.487007949844148 ], [ -99.066988089618249, 19.48689357001232 ], [ -99.066725800123237, 19.486272289937467 ], [ -99.066714340465651, 19.486245140108327 ], [ -99.066583740078173, 19.485935799747178 ], [ -99.066460620321919, 19.485644149562553 ], [ -99.066319570081276, 19.485310079586959 ], [ -99.066292879961196, 19.485246849946769 ], [ -99.066186769657278, 19.484995519966919 ], [ -99.066072889548735, 19.484725780038215 ], [ -99.066061419764509, 19.484698580160398 ], [ -99.065929619695865, 19.484386429700962 ], [ -99.065784650042346, 19.48404302984752 ], [ -99.065662819613578, 19.48375444958117 ], [ -99.065464140207496, 19.483283829961184 ], [ -99.065408400161317, 19.483151800324539 ], [ -99.065385539827872, 19.483097650402748 ], [ -99.065376949558384, 19.483077309628438 ], [ -99.065152880215848, 19.482546539572976 ], [ -99.065145000031691, 19.482527880079914 ], [ -99.064852890138525, 19.481835970216999 ], [ -99.064699739681231, 19.48165637999919 ], [ -99.064558880478629, 19.481550259574032 ], [ -99.064507690174537, 19.481538969855983 ], [ -99.064176520227164, 19.481465909863616 ], [ -99.063996149682268, 19.481426119542089 ], [ -99.063747030145265, 19.481371168215489 ], [ -99.063746347353401, 19.481371015393645 ], [ -99.063745740622025, 19.481370880361393 ], [ -99.063745259433688, 19.481370772688944 ], [ -99.06331048525108, 19.481274856451414 ], [ -99.063277820298026, 19.481267649898815 ], [ -99.063610370446682, 19.479969569911226 ], [ -99.062997049819515, 19.479819319834579 ], [ -99.063361019705653, 19.478609280229087 ], [ -99.062996279996199, 19.477789909930099 ], [ -99.062631688442181, 19.476970851315922 ], [ -99.062483310009, 19.476637490107329 ], [ -99.062477118598849, 19.476623580397501 ], [ -99.061830909751365, 19.475171799777247 ], [ -99.061442019529736, 19.474266580693023 ], [ -99.061412089809167, 19.474196920200448 ], [ -99.060859289395268, 19.472910090431306 ], [ -99.060800340119854, 19.472772879604605 ], [ -99.060397028713282, 19.471834030431001 ], [ -99.059454449478352, 19.469639849693277 ], [ -99.059203980424854, 19.469082800036031 ], [ -99.05913914631023, 19.468938632519261 ], [ -99.059119380125907, 19.468894679764226 ], [ -99.05911928630762, 19.468894467239117 ], [ -99.059118923016968, 19.468893659511632 ], [ -99.059118320420069, 19.468892319699282 ], [ -99.059118028275634, 19.468891668322374 ], [ -99.059117838699535, 19.468891244593767 ], [ -99.059117258512714, 19.468889950982149 ], [ -99.059095541200222, 19.4688416488491 ], [ -99.058658122563983, 19.467868845526226 ], [ -99.057911778967366, 19.466208971201748 ], [ -99.057736108679094, 19.465836399662351 ], [ -99.057550028676047, 19.465441750775447 ], [ -99.057182429630885, 19.464662089624252 ], [ -99.056568759997816, 19.463307582609524 ], [ -99.056545200083448, 19.463255579589145 ], [ -99.056293119712905, 19.462652429845129 ], [ -99.056064079721324, 19.462104370350808 ], [ -99.055953139143256, 19.461838950380805 ], [ -99.055939509990608, 19.461806310333607 ], [ -99.05528857944843, 19.460248820762782 ], [ -99.055036569718098, 19.459673679547773 ], [ -99.054856119734438, 19.459261830891261 ], [ -99.054786779569355, 19.459103570265679 ], [ -99.054675259442888, 19.458849060261851 ], [ -99.054669509879133, 19.458835909893235 ], [ -99.054486829981343, 19.458418980426373 ], [ -99.054439090140733, 19.458310029777159 ], [ -99.054307569638326, 19.458009880280969 ], [ -99.054290650199675, 19.457971249826311 ], [ -99.054128080263681, 19.457600200171044 ], [ -99.054116310442652, 19.45757335041387 ], [ -99.053947910266885, 19.457188999695685 ], [ -99.053938219960372, 19.457166890149225 ], [ -99.053767399741076, 19.456777030399852 ], [ -99.053748710104657, 19.456734349946014 ], [ -99.053586280243721, 19.456363630037998 ], [ -99.053577650453065, 19.456343949903143 ], [ -99.053498170307037, 19.45616254045115 ], [ -99.053400779779309, 19.455940250072068 ], [ -99.053387320458185, 19.455909550351702 ], [ -99.053354846780309, 19.455835427076273 ], [ -99.05321602991333, 19.455518570264196 ], [ -99.05321488097718, 19.455515950628666 ], [ -99.05321482909477, 19.455515831808157 ], [ -99.053213710220618, 19.455513279819225 ], [ -99.053211858853473, 19.45550906105149 ], [ -99.053211762803556, 19.455508842138425 ], [ -99.053211380435371, 19.455507970146702 ], [ -99.05302868980678, 19.45509100020324 ], [ -99.053027259548742, 19.455087739820165 ], [ -99.053026331164702, 19.455085612032352 ], [ -99.053026152782238, 19.455085202566558 ], [ -99.053025828270364, 19.455084460386551 ], [ -99.052864159011847, 19.454715459740335 ], [ -99.052856509782416, 19.454697999930026 ], [ -99.052842620262041, 19.454666310371671 ], [ -99.052822534649124, 19.454620468049288 ], [ -99.052669368286786, 19.454270891737924 ], [ -99.052669194027246, 19.454270490508385 ], [ -99.052668697771225, 19.454269363459709 ], [ -99.052668090037542, 19.454267980041884 ], [ -99.052535949791064, 19.453966369973852 ], [ -99.052533570716349, 19.453960780221191 ], [ -99.052492310474193, 19.453863820042727 ], [ -99.05249118587183, 19.453861180943477 ], [ -99.052490121235095, 19.453858684384251 ], [ -99.052490105766225, 19.453858648739875 ], [ -99.052490059398963, 19.453858539995394 ], [ -99.052316510253675, 19.453450830268793 ], [ -99.052314979087996, 19.453447246207656 ], [ -99.052314893620633, 19.45344704607832 ], [ -99.052313619870986, 19.453444059706104 ], [ -99.052154220151962, 19.453069569756742 ], [ -99.05212016972051, 19.452989620385797 ], [ -99.051980200295844, 19.452660749724515 ], [ -99.051962650233548, 19.452619539588589 ], [ -99.051838489661861, 19.452327880363907 ], [ -99.051810970020625, 19.45226320040172 ], [ -99.051733290218294, 19.452080710304465 ], [ -99.051147090071296, 19.450703570235728 ], [ -99.051119659939005, 19.450639110396839 ], [ -99.05107504707378, 19.45055776960869 ], [ -99.050923435021701, 19.450281342047138 ], [ -99.050903579721819, 19.450245139996003 ], [ -99.050868621148354, 19.450181175783854 ], [ -99.050868590177046, 19.450181120806498 ], [ -99.050834757242896, 19.450119628967766 ], [ -99.050832910052051, 19.450116259855754 ], [ -99.050821765206479, 19.450095938858158 ], [ -99.050746563639905, 19.449958815214963 ], [ -99.050734624806068, 19.44993704599085 ], [ -99.050693134390784, 19.449861391871615 ], [ -99.049943584650919, 19.448494631044078 ], [ -99.049806278876702, 19.448244260364422 ], [ -99.049750778930104, 19.448143090005932 ], [ -99.049353697637812, 19.44741901679814 ], [ -99.048896340297361, 19.446585020393403 ], [ -99.048815798902041, 19.446438149866552 ], [ -99.048722570423053, 19.44626814967183 ], [ -99.047928480078994, 19.444820120038564 ], [ -99.047894999629293, 19.44475905975569 ], [ -99.047834112654812, 19.444648031148493 ], [ -99.047491078931515, 19.444022489678314 ], [ -99.047401818900681, 19.443859721129986 ], [ -99.047385970176919, 19.443830820525942 ], [ -99.047140779470695, 19.443130920204243 ], [ -99.046459066213117, 19.44236456197741 ], [ -99.046651986307154, 19.442063605594395 ], [ -99.046652050576995, 19.442063505354312 ], [ -99.046870599237934, 19.44172293923252 ], [ -99.047203045932633, 19.441204880754626 ], [ -99.047253739731403, 19.441125883360133 ], [ -99.047778618709287, 19.440307940249379 ], [ -99.04820907978025, 19.439637109739749 ], [ -99.048451348592721, 19.439131169814861 ], [ -99.049929590988953, 19.436044094832194 ], [ -99.050562049793385, 19.434723260019027 ], [ -99.050954024020243, 19.433801074069823 ], [ -99.051293617561271, 19.433002114820752 ], [ -99.052332170402849, 19.430558659937525 ], [ -99.052434088703507, 19.430332849702303 ], [ -99.052602019097009, 19.42996082011339 ], [ -99.053998140035233, 19.426828199812984 ], [ -99.054057619011289, 19.426701399730373 ], [ -99.054236922554594, 19.426319103374823 ], [ -99.054393819261151, 19.42598457988618 ], [ -99.054399538918261, 19.4259723997253 ], [ -99.054683030040749, 19.425367950181727 ], [ -99.054730629464174, 19.425266489560222 ], [ -99.054820145993375, 19.425075627771893 ], [ -99.054934380467259, 19.424832060379593 ], [ -99.055196430231021, 19.424273369830392 ], [ -99.055295449827454, 19.423915519638335 ], [ -99.055300148972435, 19.423898540333706 ], [ -99.055621888856678, 19.422735910398181 ], [ -99.055786490403392, 19.422141089657252 ], [ -99.055836260123996, 19.421961229705431 ], [ -99.055888349631545, 19.421550489616113 ], [ -99.056016749977815, 19.420537969560581 ], [ -99.056018600101254, 19.420523490261754 ], [ -99.056115519604688, 19.41975925991013 ], [ -99.056167629008513, 19.419348339922582 ], [ -99.0561787997229, 19.419260229564994 ], [ -99.056179324481008, 19.419256084009007 ], [ -99.056311462734328, 19.418214140106471 ], [ -99.056311474522673, 19.41821405877926 ], [ -99.056311487853691, 19.418213950296437 ], [ -99.056401089601408, 19.417507430188419 ], [ -99.05644402019, 19.41705192026566 ], [ -99.0564747097267, 19.416726229654113 ], [ -99.056552370185116, 19.415902199741542 ], [ -99.056575710051149, 19.415654570077745 ], [ -99.056638660225914, 19.414986570349058 ], [ -99.056656290272755, 19.414799600185084 ], [ -99.05667659916368, 19.414609479777667 ], [ -99.056727399793701, 19.414133660240385 ], [ -99.056764880223483, 19.413782820431269 ], [ -99.0567909503729, 19.413538570194877 ], [ -99.056822878787827, 19.41323970980342 ], [ -99.056846569166908, 19.41301779966933 ], [ -99.056909490411385, 19.412428619976296 ], [ -99.056922289830169, 19.412308679771861 ], [ -99.05707500016743, 19.410878820103772 ], [ -99.057091060162719, 19.410728399924615 ], [ -99.057156170210817, 19.410118710373236 ], [ -99.057191538666629, 19.409787479617702 ], [ -99.057205169904904, 19.409656280382226 ], [ -99.05723699963167, 19.409349579981505 ], [ -99.057317680261136, 19.408572450324435 ], [ -99.057356150264766, 19.408201879967457 ], [ -99.057386450027025, 19.40791002967055 ], [ -99.057476249978137, 19.407045090082509 ], [ -99.057508950118958, 19.40672997010422 ], [ -99.057525020321805, 19.406575279998428 ], [ -99.057550110058685, 19.406333579769797 ], [ -99.057604849428429, 19.40580622007797 ], [ -99.057651660143023, 19.405355289747472 ], [ -99.057703050220198, 19.404860290083992 ], [ -99.057716118856675, 19.404734349990793 ], [ -99.057757630059768, 19.404334490370623 ], [ -99.057807849280024, 19.403850740331752 ], [ -99.057858179710593, 19.403365850030063 ], [ -99.057924568330805, 19.402726369969248 ], [ -99.058106659766949, 19.400972120437476 ], [ -99.058119340392835, 19.400849980137558 ], [ -99.05813287954237, 19.400719579622905 ], [ -99.058135719687826, 19.40069214991329 ], [ -99.057932350174596, 19.40060870997824 ], [ -99.057611259657932, 19.400476969833136 ], [ -99.056300720273711, 19.399939260163901 ], [ -99.056113080327023, 19.399862279795244 ], [ -99.05557054973076, 19.399639679839353 ], [ -99.054960779714946, 19.399389489691377 ], [ -99.054909219645566, 19.399365948972225 ], [ -99.054909024844591, 19.399365859996198 ], [ -99.054908889643059, 19.399365797101265 ], [ -99.054908658901226, 19.399365692019899 ], [ -99.05417794129356, 19.399032152071705 ], [ -99.053928540028494, 19.398918310150925 ], [ -99.053791970171744, 19.398855629572154 ], [ -99.053319619559602, 19.398638830020687 ], [ -99.052906030125797, 19.398449019726982 ], [ -99.052571429655003, 19.398297399717013 ], [ -99.052459770176625, 19.398246819941534 ], [ -99.051860630256101, 19.397975339569662 ], [ -99.051398540020344, 19.397765950074408 ], [ -99.051318249929849, 19.397729580360412 ], [ -99.050870119536611, 19.397526520283659 ], [ -99.050658749521787, 19.397430750178568 ], [ -99.050508490029657, 19.397362659735418 ], [ -99.050110970360208, 19.397180579768758 ], [ -99.04963937972353, 19.396964580252529 ], [ -99.049247969977316, 19.396785289619078 ], [ -99.049152569833183, 19.396741600048895 ], [ -99.048847949791366, 19.39660206019278 ], [ -99.048453460217914, 19.396421369890593 ], [ -99.048153459643302, 19.39628394959616 ], [ -99.048008999602132, 19.396217779599212 ], [ -99.047911658238988, 19.396173191387867 ], [ -99.047895828998577, 19.396165940038657 ], [ -99.047784949581725, 19.396115150091031 ], [ -99.04739737954948, 19.395940489574492 ], [ -99.047039380148959, 19.395779150205961 ], [ -99.046866199564334, 19.395701109889618 ], [ -99.046314350467156, 19.39545239956999 ], [ -99.045787740016891, 19.395215079997463 ], [ -99.045675089772459, 19.395164310090873 ], [ -99.045250340347948, 19.394972880011885 ], [ -99.044723880245584, 19.394735620441317 ], [ -99.044596720037006, 19.394678309831193 ], [ -99.044473549770402, 19.394622799766736 ], [ -99.044329019883321, 19.394557059900119 ], [ -99.043905400172363, 19.394364349661419 ], [ -99.043483420043117, 19.39417239979262 ], [ -99.043253520110696, 19.394067829646744 ], [ -99.043067680107399, 19.393983290262096 ], [ -99.042698680175633, 19.393815450339336 ], [ -99.042285479727283, 19.393627480313835 ], [ -99.042280460438306, 19.393625200034492 ], [ -99.042276542433981, 19.393623414326822 ], [ -99.042276103681658, 19.393623214538991 ], [ -99.042275459246312, 19.393622921921505 ], [ -99.041832709788679, 19.393421526112675 ], [ -99.041764150465667, 19.393390340010264 ], [ -99.041607119637149, 19.393318909545787 ], [ -99.041203980226584, 19.393133369981186 ], [ -99.040852679609884, 19.392971689727823 ], [ -99.040824909719944, 19.392958919996062 ], [ -99.040446280083586, 19.392784659848417 ], [ -99.040150140109887, 19.392648369703558 ], [ -99.040027339891637, 19.392591860197594 ], [ -99.039718179861083, 19.392449570029235 ], [ -99.039288749862948, 19.392251939636029 ], [ -99.038889080196697, 19.392067979798089 ], [ -99.038505480465517, 19.391891448126941 ], [ -99.038504310066088, 19.391890905506326 ], [ -99.038504047737703, 19.391890783017462 ], [ -99.038503607117008, 19.391890581823024 ], [ -99.038502600155653, 19.391890120335198 ], [ -99.038189725563996, 19.391746125015974 ], [ -99.038104650072015, 19.391706969642719 ], [ -99.037713970036222, 19.391527150120869 ], [ -99.03731662972028, 19.391344290250334 ], [ -99.037129660296344, 19.391258229995056 ], [ -99.036943880418548, 19.391172720222638 ], [ -99.036500169788084, 19.390968509637307 ], [ -99.036153000160823, 19.390808779933266 ], [ -99.035748180306115, 19.390622539750701 ], [ -99.035723690151229, 19.390611279664238 ], [ -99.035320149861164, 19.39042561983646 ], [ -99.034911280174427, 19.390237510140906 ], [ -99.034627020254121, 19.390106719931488 ], [ -99.034590049657311, 19.390089709831138 ], [ -99.033852659531547, 19.389750459957344 ], [ -99.033631399715219, 19.389648660176917 ], [ -99.033454120113461, 19.389567089919524 ], [ -99.033062660142619, 19.389386979565071 ], [ -99.03288397973553, 19.389304780362604 ], [ -99.032669779895443, 19.389206229572409 ], [ -99.03227923045101, 19.389026540154397 ], [ -99.031892800407761, 19.388848740255771 ], [ -99.031488709765654, 19.388662820327252 ], [ -99.031419740353698, 19.3886310801207 ], [ -99.031040740421545, 19.388456709774804 ], [ -99.030807289956726, 19.38834929017057 ], [ -99.030666570151226, 19.388285940231942 ], [ -99.030284019925418, 19.388113710191401 ], [ -99.029954180455547, 19.387965199992063 ], [ -99.029869319827867, 19.387927000278626 ], [ -99.029485679793638, 19.387754260220103 ], [ -99.029078249638872, 19.38757083001299 ], [ -99.029077503562064, 19.38757049365849 ], [ -99.029077102632911, 19.387570312699864 ], [ -99.029076415200848, 19.387570001964605 ], [ -99.029074848353844, 19.387569295165541 ], [ -99.029073784572233, 19.387568814828704 ], [ -99.029073708924486, 19.38756878071981 ], [ -99.029072012995044, 19.387568016107171 ], [ -99.029069179466347, 19.387566740709339 ], [ -99.028718894559034, 19.387409033430458 ], [ -99.028690280473896, 19.387396149759084 ], [ -99.028296540098921, 19.387218880311874 ], [ -99.02792764968595, 19.387052780399294 ], [ -99.027667020011137, 19.386935430032537 ], [ -99.027479509842578, 19.386851020161888 ], [ -99.027043279678324, 19.386654600032571 ], [ -99.026667490195592, 19.386485400034292 ], [ -99.026303350270808, 19.386321450292154 ], [ -99.026243969963645, 19.386294709972951 ], [ -99.025884509963561, 19.386132860285876 ], [ -99.025497860372909, 19.385958769716893 ], [ -99.02522842004295, 19.385837450414023 ], [ -99.024959000039587, 19.385716140099696 ], [ -99.024887479751399, 19.385683939873033 ], [ -99.02480535031917, 19.385646950106672 ], [ -99.024407119919488, 19.385467650348076 ], [ -99.02401794029096, 19.385292399811682 ], [ -99.02363371031015, 19.385119399714767 ], [ -99.023501780089362, 19.385059979600072 ], [ -99.023174550452993, 19.384912649804242 ], [ -99.022763460136815, 19.384727540420066 ], [ -99.022714420184087, 19.384705449881601 ], [ -99.02236468041059, 19.384547969907295 ], [ -99.022352250034658, 19.384542369579982 ], [ -99.021957649621427, 19.384364689958034 ], [ -99.02192762984285, 19.384351170197611 ], [ -99.021552479768388, 19.384182250275828 ], [ -99.021166940301811, 19.384008630095639 ], [ -99.021112029568513, 19.383983909636715 ], [ -99.020754399806265, 19.383822879616641 ], [ -99.020348450357361, 19.383640079763786 ], [ -99.020337739992499, 19.383634779599124 ], [ -99.02006411029636, 19.383499539774629 ], [ -99.019949480238637, 19.383442889894109 ], [ -99.019572050140539, 19.383256349809397 ], [ -99.019551889667596, 19.383245850345698 ], [ -99.019146309680934, 19.383034650254771 ], [ -99.018776749994345, 19.382842179555393 ], [ -99.018718050216691, 19.382811620339435 ], [ -99.018328659778746, 19.382608830388559 ], [ -99.017986150418594, 19.382430460323974 ], [ -99.017949379546025, 19.382411319789927 ], [ -99.017901592242936, 19.382386432029097 ], [ -99.017529079882507, 19.382192429843847 ], [ -99.017241209058525, 19.382042512384867 ], [ -99.017204279992768, 19.382023279748051 ], [ -99.017166459779318, 19.382003580058704 ], [ -99.017015419886192, 19.381924509588444 ], [ -99.016919179573577, 19.381874119552833 ], [ -99.016521660243512, 19.381666000405406 ], [ -99.016419770335531, 19.381612649563706 ], [ -99.01603611955025, 19.381412650297314 ], [ -99.015791850007616, 19.381285289915162 ], [ -99.015605569913603, 19.381188180130415 ], [ -99.015132259936166, 19.380941429947551 ], [ -99.015122220068292, 19.38093613994738 ], [ -99.014661480438832, 19.380693489598944 ], [ -99.014620030082526, 19.380671679628847 ], [ -99.014190629740838, 19.380445520134337 ], [ -99.01407438018623, 19.380384310376098 ], [ -99.013738199978121, 19.380207250290482 ], [ -99.013309769616711, 19.37998162040655 ], [ -99.013284479722259, 19.379968290313698 ], [ -99.012809400407534, 19.379718090017217 ], [ -99.01251774038144, 19.379564479660605 ], [ -99.012363119603037, 19.379483050350643 ], [ -99.011890340418176, 19.379234049870409 ], [ -99.011766890115567, 19.379169029692278 ], [ -99.011473080363402, 19.379014280224016 ], [ -99.010982710388902, 19.378756019775079 ], [ -99.010969090394795, 19.378748850007188 ], [ -99.010533400153662, 19.378519379890236 ], [ -99.010164710341741, 19.378325197748136 ], [ -99.009853339864961, 19.378139050263776 ], [ -99.009620940211221, 19.378000119211247 ], [ -99.009575402550723, 19.377972890223827 ], [ -99.009454680100916, 19.377900720099106 ], [ -99.00944688024309, 19.377896060344213 ], [ -99.009324380411385, 19.377823090150326 ], [ -99.009275090171414, 19.377793740260696 ], [ -99.009271233435499, 19.377791443855141 ], [ -99.009226919814722, 19.377765049545737 ], [ -99.009224544604209, 19.377763639681866 ], [ -99.009222170348309, 19.377762229836826 ], [ -99.009132660153938, 19.377708909913149 ], [ -99.008974649829383, 19.377614800134246 ], [ -99.008974496209333, 19.377614708290558 ], [ -99.008770740074439, 19.377493350058828 ], [ -99.008658289749377, 19.377426370400652 ], [ -99.008559480192048, 19.377367519761091 ], [ -99.008551365292277, 19.377362686539712 ], [ -99.008442478719715, 19.377297831070894 ], [ -99.008441912270868, 19.377297494095025 ], [ -99.008046583669824, 19.377062045784932 ], [ -99.008017090238468, 19.377044479617656 ], [ -99.007743019611212, 19.376881230047349 ], [ -99.007719037947538, 19.376866946311821 ], [ -99.007683349623591, 19.37684568988951 ], [ -99.007460449053511, 19.376712930226248 ], [ -99.007310650069272, 19.376623709684093 ], [ -99.006917319592986, 19.376389450266895 ], [ -99.0065178600384, 19.376151519954821 ], [ -99.006160169785687, 19.375938460001585 ], [ -99.005785690007841, 19.375715419662765 ], [ -99.005690600070764, 19.375658780339489 ], [ -99.005408719653801, 19.375490890103375 ], [ -99.005040620393572, 19.375271629841162 ], [ -99.004791519661794, 19.375123259678873 ], [ -99.004623280153865, 19.375023050050988 ], [ -99.004233860171837, 19.374791089632826 ], [ -99.004223049563961, 19.374784850313898 ], [ -99.003790549753148, 19.374535230137013 ], [ -99.003328459974441, 19.374268520055171 ], [ -99.002947249793777, 19.374048490120632 ], [ -99.002914620277352, 19.374029660141368 ], [ -99.002648450408543, 19.373876030329029 ], [ -99.002238059806501, 19.373639169854862 ], [ -99.001828059868146, 19.373402539871787 ], [ -99.001414460446227, 19.373163800359716 ], [ -99.001014510369629, 19.37293295045599 ], [ -99.000614229737693, 19.372701909924039 ], [ -99.000196569930239, 19.372460830277127 ], [ -99.000157399849016, 19.372438229876554 ], [ -99.000080709893837, 19.37239396976862 ], [ -98.999797799974161, 19.372227350205495 ], [ -98.999450430269349, 19.372022750233509 ], [ -98.999396479880204, 19.371990980422549 ], [ -98.999012319891236, 19.37176474043838 ], [ -98.99862367999728, 19.371535829817788 ], [ -98.998346140288817, 19.371372379794316 ], [ -98.998211939820479, 19.371293340125462 ], [ -98.998052350192651, 19.371199340172307 ], [ -98.997883779981265, 19.371100060021362 ], [ -98.997776850714487, 19.371037084103104 ], [ -98.997626170437968, 19.370948339687111 ], [ -98.997626039418421, 19.370948262779653 ], [ -98.997625909353218, 19.37094818589129 ], [ -98.997547150328046, 19.37090179430685 ], [ -98.997493479995072, 19.370870180277677 ], [ -98.997228219827463, 19.370713949603857 ], [ -98.997168889270995, 19.370679020204573 ], [ -98.996809750166932, 19.370467490393217 ], [ -98.996809183695262, 19.370467156999283 ], [ -98.996808619132466, 19.370466823643362 ], [ -98.996806598881662, 19.370465629965672 ], [ -98.996804516262074, 19.370464406957844 ], [ -98.996803982306517, 19.370464092786221 ], [ -98.996803450239781, 19.370463779558289 ], [ -98.996470539433744, 19.370267689964749 ], [ -98.996377378435184, 19.370212830371702 ], [ -98.996161059373762, 19.370085430209905 ], [ -98.996049088730871, 19.370019480405887 ], [ -98.995824919115918, 19.369887450063228 ], [ -98.995605860563728, 19.369758418879179 ], [ -98.995604212996938, 19.369757449618064 ], [ -98.995603800720502, 19.369757203104232 ], [ -98.995602579248512, 19.369756481537959 ], [ -98.995379107634051, 19.369624854983769 ], [ -98.995330509030595, 19.369596230308872 ], [ -98.995132458241756, 19.369479580047333 ], [ -98.994882848701877, 19.36933257038671 ], [ -98.994716778586621, 19.369234750131437 ], [ -98.994599979004704, 19.369165950375233 ], [ -98.994283518529187, 19.368979570084743 ], [ -98.994281360746356, 19.368978293897854 ], [ -98.994280954547989, 19.368978053391306 ], [ -98.994280575666082, 19.36897782973892 ], [ -98.994280139298255, 19.368977571868573 ], [ -98.994276738644359, 19.368975570960867 ], [ -98.99416778539323, 19.368911396977762 ], [ -98.994073347499551, 19.368855771649418 ], [ -98.99395356919058, 19.368785220379525 ], [ -98.993872508458239, 19.368737480381881 ], [ -98.99361177920423, 19.368583909886539 ], [ -98.99344068848805, 19.368483119980606 ], [ -98.993246738780641, 19.368368889958898 ], [ -98.993048648463613, 19.368252200025982 ], [ -98.992945418709354, 19.368191400306323 ], [ -98.992617597761367, 19.367998313435209 ], [ -98.99261754026638, 19.367998279669596 ], [ -98.992614945218733, 19.367996744660765 ], [ -98.992612537715914, 19.367995320762876 ], [ -98.992607613750238, 19.367992435005377 ], [ -98.992607520450122, 19.367992379685894 ], [ -98.992317923837561, 19.367821798633855 ], [ -98.992317864454037, 19.367821763924464 ], [ -98.992273480125476, 19.36779561984423 ], [ -98.992194028617789, 19.367748819871977 ], [ -98.991939178162994, 19.367598710003442 ], [ -98.991893938913051, 19.367553980109875 ], [ -98.991799979071544, 19.367461080123327 ], [ -98.991755518981279, 19.367005198932485 ], [ -98.991755379634867, 19.367003769837243 ], [ -98.991806969552627, 19.366864980093013 ], [ -98.991870139275861, 19.366695000416279 ], [ -98.991883649862473, 19.366639829806243 ], [ -98.991917819975868, 19.366500149588806 ], [ -98.991947720456977, 19.366377850269956 ], [ -98.99195798023446, 19.366335909868582 ], [ -98.991986519868135, 19.366219280386954 ], [ -98.99203702982382, 19.36601278042378 ], [ -98.992054739717545, 19.365940419669592 ], [ -98.992184580100798, 19.365409619886798 ], [ -98.992251400319049, 19.365136509949732 ], [ -98.992286689577938, 19.364992229959377 ], [ -98.992339139717544, 19.364777820162438 ], [ -98.992418349942326, 19.364453950384508 ], [ -98.99246668002084, 19.364256429759319 ], [ -98.992497340141597, 19.364131120185046 ], [ -98.992576310145552, 19.3638082797011 ], [ -98.992595750351086, 19.363728749712283 ], [ -98.992625449660849, 19.363607419858742 ], [ -98.992643948375772, 19.363531781132437 ], [ -98.992677479939246, 19.363394680115675 ], [ -98.992739169691404, 19.363142509952525 ], [ -98.992773219820961, 19.363003319778116 ], [ -98.992776799693189, 19.362988689842364 ], [ -98.992858650126465, 19.362654080075981 ], [ -98.992867770274913, 19.362620050357116 ], [ -98.992908219880533, 19.362469229565793 ], [ -98.992927259564055, 19.362398260129776 ], [ -98.992973549673223, 19.362225679631617 ], [ -98.993020049725914, 19.362052320431289 ], [ -98.993110079631762, 19.361716650412752 ], [ -98.993145319628013, 19.361585279570548 ], [ -98.993385220121709, 19.360690880150688 ], [ -98.99346760029178, 19.360383720219332 ], [ -98.993515570087283, 19.360293179561694 ], [ -98.993593660308861, 19.36014580015053 ], [ -98.994062279613914, 19.359261419867035 ], [ -98.994175259716883, 19.359048149957037 ], [ -98.994447780087143, 19.35884611028138 ], [ -98.994547280306847, 19.358566449679948 ], [ -98.994556618135761, 19.358143237406455 ], [ -98.994556660454094, 19.358141319964517 ], [ -98.994272048975091, 19.357851850003183 ], [ -98.993751850400912, 19.357379889876292 ], [ -98.992503229868163, 19.356332819698974 ], [ -98.99247243021334, 19.356306999826423 ], [ -98.991606220162808, 19.355580585133847 ], [ -98.991467420011077, 19.355464199698424 ], [ -98.991361939711297, 19.355363570189432 ], [ -98.99099234964936, 19.355011030229274 ], [ -98.990886086400494, 19.35490965992841 ], [ -98.990730859409595, 19.354761580104451 ], [ -98.990593599626678, 19.354630650430771 ], [ -98.990106450097244, 19.354165940261758 ], [ -98.989625049856869, 19.353706720230957 ], [ -98.989175748878495, 19.353278140009511 ], [ -98.988776999816096, 19.352897740129826 ], [ -98.988093310484103, 19.352245539690749 ], [ -98.987613540379044, 19.351781770996634 ], [ -98.987583629191562, 19.351752861280413 ], [ -98.987174718595327, 19.351357600703167 ], [ -98.986038678910873, 19.350259457483965 ], [ -98.985868349283749, 19.350094805626838 ], [ -98.985457289555626, 19.34969745793369 ], [ -98.985210179887076, 19.349458581252232 ], [ -98.984817349232415, 19.349078849776546 ], [ -98.984704378924462, 19.348969650584102 ], [ -98.98448503033832, 19.348757599569755 ], [ -98.983861619038052, 19.348163921312977 ], [ -98.982560348735603, 19.346924740275995 ], [ -98.982387938677107, 19.34676054131792 ], [ -98.982229968913344, 19.346610110119755 ], [ -98.981499219454449, 19.345914199626257 ], [ -98.981273183517629, 19.345694941313418 ], [ -98.980660219528119, 19.345100320225939 ], [ -98.980584871366446, 19.345027227084532 ], [ -98.979869879413869, 19.344333630724186 ], [ -98.979630979735433, 19.344101891328691 ], [ -98.979500949110147, 19.343975750660647 ], [ -98.979194089732417, 19.343678060436265 ], [ -98.979022249454047, 19.343511350011688 ], [ -98.978995748963897, 19.343485661203719 ], [ -98.978793319796324, 19.343289280040299 ], [ -98.978542509769539, 19.342992543745563 ], [ -98.978077519697848, 19.342442419914807 ], [ -98.978077142970221, 19.342441974723457 ], [ -98.978076767196853, 19.342441529551291 ], [ -98.978063378599416, 19.342425681016628 ], [ -98.977821996390801, 19.342140082337167 ], [ -98.977808429096228, 19.34212402995712 ], [ -98.977527319635186, 19.341649710805875 ], [ -98.977277524917028, 19.341228181316872 ], [ -98.977162079860307, 19.341033401062724 ], [ -98.976456346583248, 19.339843050009975 ], [ -98.976112510014076, 19.339310289733369 ], [ -98.975824629832701, 19.338864249870547 ], [ -98.975822919891883, 19.338861599683899 ], [ -98.975479680413713, 19.338329770127505 ], [ -98.975215520237313, 19.338031600291039 ], [ -98.97495971981958, 19.337742859775719 ], [ -98.974637000060838, 19.337378569790253 ], [ -98.974325149164969, 19.337026569986548 ], [ -98.974324583534141, 19.337026092915099 ], [ -98.974324546053282, 19.337026061356433 ], [ -98.974324302427718, 19.337025856225765 ], [ -98.974322690791112, 19.33702449739565 ], [ -98.974321535462835, 19.337023523742136 ], [ -98.974321195313067, 19.337023237846296 ], [ -98.974313327276619, 19.337016606979773 ], [ -98.974298241476632, 19.3370038937835 ], [ -98.974293875962815, 19.337000214963762 ], [ -98.974283420867536, 19.336991403364845 ], [ -98.974208347037276, 19.336928137144671 ], [ -98.974141522681535, 19.336871822015134 ], [ -98.974118155673921, 19.336852129858872 ], [ -98.974040932539893, 19.336787050871429 ], [ -98.974021221748757, 19.336770439782924 ], [ -98.973941708193109, 19.336703431059288 ], [ -98.97387253406562, 19.336645135105002 ], [ -98.973872318562002, 19.336644953189719 ], [ -98.973856207770993, 19.336631375828794 ], [ -98.973318242685266, 19.33617800949321 ], [ -98.972868946566734, 19.335799364855255 ], [ -98.972788180217037, 19.335731309736204 ], [ -98.972756695291793, 19.335706160293142 ], [ -98.972557538122544, 19.335547079815818 ], [ -98.971865722917784, 19.334994540742212 ], [ -98.971633478604048, 19.334809049618062 ], [ -98.971201087789069, 19.334438647421326 ], [ -98.970555620436969, 19.33388571008221 ], [ -98.970222849202756, 19.33360225917804 ], [ -98.969901458291815, 19.333328501111602 ], [ -98.969764198970921, 19.333211583309673 ], [ -98.968378599637163, 19.332031313632747 ], [ -98.968290206317917, 19.331956014754414 ], [ -98.968108543310976, 19.331801260067305 ], [ -98.968043650790278, 19.331745988384963 ], [ -98.96802919999817, 19.331733680159946 ], [ -98.967688835891124, 19.331443739875365 ], [ -98.967673879821419, 19.331430999682997 ], [ -98.967275379971142, 19.331091549721791 ], [ -98.967202770187271, 19.33102970979137 ], [ -98.966916880260428, 19.330786149795465 ], [ -98.966778399955416, 19.33067118031957 ], [ -98.966519340063655, 19.330456060164902 ], [ -98.966063319007901, 19.330077420087566 ], [ -98.965693372338507, 19.329770225921816 ], [ -98.965448119621186, 19.329566573212897 ], [ -98.965373174522256, 19.32950434033831 ], [ -98.965334071120054, 19.329471869114823 ], [ -98.965286860026168, 19.32943266028726 ], [ -98.96399667988976, 19.328361320124898 ], [ -98.96377624220014, 19.328175631131206 ], [ -98.962994627990966, 19.327517222406954 ], [ -98.962531402814705, 19.327127009882439 ], [ -98.96154395986872, 19.326295195772314 ], [ -98.961345714332637, 19.326128193434311 ], [ -98.96119773490534, 19.326003534928926 ], [ -98.961184393955492, 19.325992295889183 ], [ -98.961119764327265, 19.325937851786446 ], [ -98.960880769628659, 19.325736520014747 ], [ -98.960825162547764, 19.325689661099599 ], [ -98.960449990289874, 19.325373507817822 ], [ -98.960448386380079, 19.325372157162857 ], [ -98.960355937270549, 19.325294282912608 ], [ -98.959007743668195, 19.324158622592158 ], [ -98.958358679184073, 19.323611820110287 ], [ -98.95823658565493, 19.323508961817293 ], [ -98.957902629934068, 19.323227620162786 ], [ -98.959001458701508, 19.321859080981874 ], [ -98.959155520105057, 19.321659660112367 ], [ -98.959271409316358, 19.32150965232875 ], [ -98.959314227982389, 19.3214542273763 ], [ -98.960860429768019, 19.319452770095502 ], [ -98.961131078805778, 19.319102451313341 ], [ -98.961399140321873, 19.318755450389258 ], [ -98.961876139167885, 19.318137979686778 ], [ -98.962562079847345, 19.317250030307953 ], [ -98.962965829125096, 19.3167273809423 ], [ -98.962990580465799, 19.316615570050999 ], [ -98.962990771539623, 19.316614705854729 ], [ -98.962990963587686, 19.316613840771968 ], [ -98.962991068680338, 19.316613365373403 ], [ -98.962991346719704, 19.316612111040055 ], [ -98.96334128902204, 19.315032230062901 ], [ -98.963415459990699, 19.314505679728633 ], [ -98.963442848121389, 19.314311261145445 ], [ -98.963448460054892, 19.314271400376981 ], [ -98.963487125991563, 19.313996911206832 ], [ -98.96355645026793, 19.313504769766521 ], [ -98.963704631361722, 19.312452869411878 ], [ -98.963704774369731, 19.31245185385464 ], [ -98.963747199725674, 19.312150689783092 ], [ -98.963747357251037, 19.312149574835402 ], [ -98.963747411686072, 19.312149188123495 ], [ -98.963747514776415, 19.312148459887801 ], [ -98.963747829827071, 19.312146229992599 ], [ -98.963895439106707, 19.311098289173767 ], [ -98.963895507189847, 19.31109780397291 ], [ -98.963895562222177, 19.311097411836897 ], [ -98.963895583223064, 19.311097261848431 ], [ -98.963895594661125, 19.311097176905978 ], [ -98.963895630923673, 19.311096920305904 ], [ -98.96389590554773, 19.311094962333097 ], [ -98.963896278018581, 19.311092318606171 ], [ -98.963907457236843, 19.311012970660979 ], [ -98.963912277213794, 19.310978760335029 ], [ -98.963920802761976, 19.310918242837616 ], [ -98.963921661011625, 19.310912153962434 ], [ -98.963932345294765, 19.310836318047464 ], [ -98.963935325029354, 19.31081516914368 ], [ -98.963948193164356, 19.310723829573373 ], [ -98.963963180449994, 19.310617448061063 ], [ -98.963972799983338, 19.310549170190505 ], [ -98.964053451087636, 19.310047719852452 ], [ -98.964054013971861, 19.310044219173239 ], [ -98.964054139825322, 19.310043432954149 ], [ -98.96405430601132, 19.310042400183924 ], [ -98.964054879502967, 19.31003883040221 ], [ -98.96422984910977, 19.308951000521635 ], [ -98.964229941718543, 19.308950421128834 ], [ -98.964229979322326, 19.308950189926666 ], [ -98.964230108560628, 19.308949380218277 ], [ -98.964243808070336, 19.308864203064413 ], [ -98.964276656960976, 19.308659970139175 ], [ -98.964295046787257, 19.308545637935648 ], [ -98.964344642129049, 19.308237290423147 ], [ -98.964344717020253, 19.308236820763991 ], [ -98.9643548132116, 19.308174050315596 ], [ -98.964356596981787, 19.308162961254371 ], [ -98.9643613147081, 19.308133626884594 ], [ -98.964364900701995, 19.308111327265731 ], [ -98.964369994464917, 19.308079659131749 ], [ -98.964370167957242, 19.308078576675936 ], [ -98.964373271813969, 19.308059281459666 ], [ -98.964377708068895, 19.308031698787609 ], [ -98.964382034169887, 19.308004797543532 ], [ -98.964384932606222, 19.307986775326746 ], [ -98.96438532868423, 19.307984313299897 ], [ -98.964386532494359, 19.307976827863182 ], [ -98.964386587498524, 19.307976479672906 ], [ -98.964388029887047, 19.307967518035696 ], [ -98.96438821436233, 19.307966371015617 ], [ -98.964390137190719, 19.307954416722328 ], [ -98.964391511653389, 19.307945869159937 ], [ -98.964391764245832, 19.307944299461166 ], [ -98.964392459392613, 19.307939980987854 ], [ -98.964392801225841, 19.307937854481416 ], [ -98.964393310304928, 19.307934690244988 ], [ -98.964410649574603, 19.307886920195916 ], [ -98.964525764475326, 19.307569953110626 ], [ -98.964776060364585, 19.306880770192691 ], [ -98.964887681147772, 19.306781187602873 ], [ -98.965090089236554, 19.306600606427882 ], [ -98.965386770175215, 19.306335920125317 ], [ -98.96598633770968, 19.30608425592002 ], [ -98.966276430290122, 19.30596249029648 ], [ -98.966437707594338, 19.305963743967247 ], [ -98.966749749588359, 19.305966168331423 ], [ -98.966749809238337, 19.305966168170219 ], [ -98.966780478656815, 19.30596637273938 ], [ -98.966821017333757, 19.305966644573402 ], [ -98.966875158641727, 19.305967005632585 ], [ -98.966908511723361, 19.305967229185317 ], [ -98.966924717858021, 19.305967337175378 ], [ -98.967054282911022, 19.305968202969837 ], [ -98.967136922330411, 19.305968755194769 ], [ -98.967173597943713, 19.305969000555656 ], [ -98.967183580788756, 19.305969066912532 ], [ -98.967190254477998, 19.305969110765719 ], [ -98.967207757844051, 19.305969227558162 ], [ -98.967212731608996, 19.305969260834122 ], [ -98.967216771218887, 19.30596928758419 ], [ -98.967219444905936, 19.305969304575132 ], [ -98.967221145763887, 19.305969316076155 ], [ -98.967222088514376, 19.305969322321381 ], [ -98.967222427711846, 19.305969325507988 ], [ -98.967223292718316, 19.305969330192063 ], [ -98.967223418198472, 19.305969330899497 ], [ -98.967223923904626, 19.30596933516453 ], [ -98.967223955446059, 19.305969118791122 ], [ -98.967223959470658, 19.305969088065122 ], [ -98.96722406541241, 19.305968380729865 ], [ -98.9672246148005, 19.305964710348889 ], [ -98.967225251149785, 19.305960456384774 ], [ -98.967225477734047, 19.305958938716206 ], [ -98.967229714442368, 19.305930602703469 ], [ -98.967232361721827, 19.3059128903041 ], [ -98.967232733444831, 19.305910405135762 ], [ -98.967242679251768, 19.30584387632619 ], [ -98.967268297170662, 19.305672512014294 ], [ -98.967305509581948, 19.305423599671112 ], [ -98.967458646549318, 19.304399248131521 ], [ -98.967555225624096, 19.303753212055241 ], [ -98.96755645020329, 19.30374502030876 ], [ -98.967558413965435, 19.303731877179153 ], [ -98.967563695476827, 19.303696550939797 ], [ -98.967571139281347, 19.303646760897131 ], [ -98.967575109202443, 19.303620206407501 ], [ -98.967577358747974, 19.303605158095216 ], [ -98.96758894282442, 19.30352766896366 ], [ -98.96760389334986, 19.303427658859995 ], [ -98.967609514976147, 19.303390052995173 ], [ -98.967657790006072, 19.303067123749162 ], [ -98.967708117736052, 19.302730463848228 ], [ -98.967760511621989, 19.302379979914797 ], [ -98.967776653665695, 19.302272000409371 ], [ -98.967809055306887, 19.30205525368045 ], [ -98.967872548660836, 19.301630519536683 ], [ -98.967884410355225, 19.30155117238721 ], [ -98.967920811359747, 19.301307664500378 ], [ -98.967960664370139, 19.301041066719726 ], [ -98.967974672186031, 19.300947361383702 ], [ -98.968024644424105, 19.300613067246086 ], [ -98.9680772095425, 19.300261430376953 ], [ -98.968133221230858, 19.29988673794707 ], [ -98.968173159898342, 19.299619559357328 ], [ -98.968181775641398, 19.299561924691933 ], [ -98.968186790227477, 19.299528377659669 ], [ -98.968211547889354, 19.299362748119364 ], [ -98.968212682608424, 19.29935515986525 ], [ -98.96822522356976, 19.299271265310036 ], [ -98.968235483111073, 19.299202634916668 ], [ -98.96823633367157, 19.299196943717423 ], [ -98.968239136925376, 19.299178193494537 ], [ -98.968241390086064, 19.299163126297625 ], [ -98.968242182423552, 19.299157821277024 ], [ -98.968242314454116, 19.299156970404585 ], [ -98.968242346378446, 19.299156758117775 ], [ -98.968242444566741, 19.299156119946748 ], [ -98.968242450157732, 19.299156083553815 ], [ -98.968242669055172, 19.299154652534156 ], [ -98.968242765822737, 19.299154013881559 ], [ -98.968242930150765, 19.299152933967445 ], [ -98.968243194541401, 19.299151195986397 ], [ -98.968243972244906, 19.299146098163256 ], [ -98.968243976756142, 19.299146066994144 ], [ -98.968246532222196, 19.299129294743533 ], [ -98.968249174683294, 19.299111958395621 ], [ -98.968252935443886, 19.299087278106697 ], [ -98.968254158734155, 19.299079247655992 ], [ -98.968254538668901, 19.299076756327871 ], [ -98.968257122579956, 19.29905979935711 ], [ -98.968259712623947, 19.299042802642408 ], [ -98.968266105699968, 19.299000855573478 ], [ -98.968266352206612, 19.298999235023384 ], [ -98.96827101093966, 19.298968662436522 ], [ -98.968272945890348, 19.298955971379161 ], [ -98.968275220919935, 19.29894103600569 ], [ -98.968277171533117, 19.298928241517466 ], [ -98.968280016251981, 19.298909571518763 ], [ -98.968280024963406, 19.2989095154946 ], [ -98.968284509179156, 19.298880087774695 ], [ -98.968300732585504, 19.298773632529542 ], [ -98.968301296442291, 19.298769931207183 ], [ -98.968314020047757, 19.298686443573132 ], [ -98.968328430266013, 19.298591880876437 ], [ -98.968342765098001, 19.298497810033233 ], [ -98.968409285582851, 19.29806128180358 ], [ -98.968416614701056, 19.298013185469198 ], [ -98.968448731611701, 19.297802421826482 ], [ -98.968495699629273, 19.297494201020449 ], [ -98.968509671700758, 19.297402504617622 ], [ -98.968553294597967, 19.29711624028041 ], [ -98.968553345814428, 19.297115905136586 ], [ -98.968583781753438, 19.296916180157186 ], [ -98.968610952330863, 19.296737876287562 ], [ -98.96866508799252, 19.296382619605623 ], [ -98.968730188562958, 19.295955384606067 ], [ -98.96875177513212, 19.295813721834953 ], [ -98.968780202707791, 19.295627169189267 ], [ -98.968789939152856, 19.29556327409383 ], [ -98.968813791307682, 19.295406749273436 ], [ -98.968835963579352, 19.295261249341955 ], [ -98.968866226776186, 19.295062634939697 ], [ -98.968911009171578, 19.294768739529022 ], [ -98.968915549716854, 19.294738940755263 ], [ -98.968915934685882, 19.294736415108993 ], [ -98.968916126414655, 19.294735154082776 ], [ -98.968916318670722, 19.294733890802007 ], [ -98.968925953957779, 19.294670659712576 ], [ -98.968992472913726, 19.294234119616949 ], [ -98.969005356692747, 19.294149571869745 ], [ -98.96903598056295, 19.293948598213984 ], [ -98.969042661506037, 19.293904758025349 ], [ -98.969070337083593, 19.293723139597763 ], [ -98.969087248732919, 19.293612167369467 ], [ -98.969094409444409, 19.293565178841554 ], [ -98.969152206287987, 19.293185848762118 ], [ -98.96915877507972, 19.293142739770808 ], [ -98.969162351624021, 19.293119265986647 ], [ -98.969182496324066, 19.292987061246691 ], [ -98.969194485374089, 19.292908381474838 ], [ -98.969245273136082, 19.292575079644791 ], [ -98.96928074519488, 19.292342279674823 ], [ -98.969329436469806, 19.292022721334945 ], [ -98.969413104167018, 19.291473629737776 ], [ -98.969420884628988, 19.291422565457506 ], [ -98.969451265896353, 19.291223176751426 ], [ -98.969495729341986, 19.290931368758102 ], [ -98.969577146507092, 19.290397029591055 ], [ -98.969592665051948, 19.290295178501271 ], [ -98.969596231638604, 19.290271770245759 ], [ -98.969607120099056, 19.290200309889638 ], [ -98.969651800026455, 19.289907084485236 ], [ -98.969762631751948, 19.289179717820293 ], [ -98.969828334972505, 19.288748511416909 ], [ -98.969878879688736, 19.288416790798024 ], [ -98.969879151320157, 19.288415007688542 ], [ -98.970200564476514, 19.286305577774066 ], [ -98.970277880451292, 19.285798140062127 ], [ -98.971430879779135, 19.278366690206461 ], [ -98.971745540248364, 19.276629449662064 ], [ -98.973362940022923, 19.267699150006212 ], [ -98.974917569675043, 19.259490519674927 ], [ -98.975413149985258, 19.257535000408676 ], [ -98.976530629710538, 19.253125379880132 ], [ -98.965986879577287, 19.249941000101511 ], [ -98.967967800463811, 19.236436319914585 ], [ -98.968586509257165, 19.232217950058317 ], [ -98.968366679440862, 19.23214762029648 ], [ -98.967920309328079, 19.232004820053827 ], [ -98.967919564927101, 19.232004581772966 ], [ -98.967919316790031, 19.232004502496913 ], [ -98.967918325185281, 19.232004185864859 ], [ -98.967875550160514, 19.231990489576134 ], [ -98.966211272120859, 19.23145801511561 ], [ -98.96613408965591, 19.231433320188795 ], [ -98.965242052298507, 19.231147915067215 ], [ -98.96404419865263, 19.230764652942867 ], [ -98.962482850917979, 19.230265080433018 ], [ -98.96213504904685, 19.230153780715664 ], [ -98.960416769449225, 19.229603970216402 ], [ -98.958647489562537, 19.229037819923356 ], [ -98.956375847337455, 19.228310869742504 ], [ -98.956113149707676, 19.228226800862469 ], [ -98.955874019918539, 19.22815028037439 ], [ -98.955689817935095, 19.228091331501407 ], [ -98.955409196788068, 19.228001527820116 ], [ -98.955409167425955, 19.228001518620896 ], [ -98.954976498693739, 19.227863054056549 ], [ -98.953649647756265, 19.227438427783916 ], [ -98.95287199900207, 19.227189552085644 ], [ -98.952685220886067, 19.227129775197227 ], [ -98.952260170093723, 19.226993740154352 ], [ -98.952238216977065, 19.22698671530334 ], [ -98.951440575754575, 19.226731440421307 ], [ -98.951328098036157, 19.226695442197439 ], [ -98.951011377557592, 19.226594079167203 ], [ -98.950329547392016, 19.226375855836686 ], [ -98.950328561558834, 19.226375540565055 ], [ -98.950203923985768, 19.226335650111626 ], [ -98.950128024783282, 19.226311358010406 ], [ -98.950080194183187, 19.226296050148761 ], [ -98.950055127576704, 19.22628802753934 ], [ -98.950021366105318, 19.226277221788468 ], [ -98.950011906057284, 19.226274193973047 ], [ -98.949991454668691, 19.226267648060258 ], [ -98.949990303591861, 19.226267279617915 ], [ -98.949984068558123, 19.226265283661093 ], [ -98.949981166013075, 19.226264354351752 ], [ -98.949978731282172, 19.226263574924296 ], [ -98.949971376409636, 19.226261221121543 ], [ -98.949970488124734, 19.22626093681048 ], [ -98.949962510599065, 19.226258383791084 ], [ -98.949959213141653, 19.226257328722518 ], [ -98.949954430324311, 19.226255797891323 ], [ -98.94995434982647, 19.226255772256007 ], [ -98.949426236502646, 19.226086748705207 ], [ -98.948597575364715, 19.22582152105532 ], [ -98.948115854285874, 19.225667337768204 ], [ -98.947644748103002, 19.225516552168465 ], [ -98.947635720462586, 19.225513662505822 ], [ -98.9476219687796, 19.225509260340257 ], [ -98.947153063227162, 19.225359170028167 ], [ -98.94711196595145, 19.225346013699163 ], [ -98.947007173889574, 19.225312471653844 ], [ -98.946643679896624, 19.225196120069477 ], [ -98.9459273097345, 19.224966820025458 ], [ -98.945770370047399, 19.224954310382625 ], [ -98.945243379719926, 19.224912279850948 ], [ -98.944760019653017, 19.224620280119353 ], [ -98.944159339695872, 19.224429219662031 ], [ -98.94294951012796, 19.224076690304415 ], [ -98.940302820412214, 19.22323965041004 ], [ -98.941858849083189, 19.217967600042929 ], [ -98.942553220408968, 19.215614859779162 ], [ -98.950909370399316, 19.218130660141863 ], [ -98.951085540331917, 19.218183710064363 ], [ -98.952154579689932, 19.216599019813252 ], [ -98.952392449640868, 19.216246419547467 ], [ -98.953275150401353, 19.21549596957135 ], [ -98.952894679567407, 19.215269940352631 ], [ -98.953283110376518, 19.215355750073204 ], [ -98.953632471112243, 19.215432941675736 ], [ -98.953658836808273, 19.215438766546278 ], [ -98.953671749633827, 19.21544162053026 ], [ -98.953676971450406, 19.215426597267271 ], [ -98.953719750078335, 19.215303516414384 ], [ -98.953836520110386, 19.214967552533313 ], [ -98.953841559995865, 19.214953050622352 ], [ -98.953948339952831, 19.214645850527212 ], [ -98.955279705184054, 19.214831446223712 ], [ -98.955307719757741, 19.21483535211177 ], [ -98.95534956576617, 19.214841184963838 ], [ -98.955708899679024, 19.214891275022694 ], [ -98.956531962946244, 19.215006005235491 ], [ -98.956799171853248, 19.215043252409902 ], [ -98.956908849902732, 19.215058540070196 ], [ -98.957461279303004, 19.215135539665162 ], [ -98.958409208568312, 19.214868986139066 ], [ -98.958449479336281, 19.214857662329887 ], [ -98.958681126529612, 19.214792521579138 ], [ -98.959105136662657, 19.214673286192063 ], [ -98.95913263047629, 19.214665554350852 ], [ -98.959201403989212, 19.214646218943265 ], [ -98.959226749900267, 19.214639092050767 ], [ -98.959291301622912, 19.21462094039299 ], [ -98.959487179437943, 19.214565859145338 ], [ -98.959681113993028, 19.214511324740613 ], [ -98.960029850246769, 19.214413259707808 ], [ -98.96003016935471, 19.214413170108724 ], [ -98.959959256727643, 19.214278367257798 ], [ -98.959744889984265, 19.213870859872362 ], [ -98.959746055877602, 19.213870967413627 ], [ -98.960021965415763, 19.213896393540875 ], [ -98.961129420052728, 19.213998450065173 ], [ -98.962542080304701, 19.214128630229066 ], [ -98.962582970009834, 19.21413240064096 ], [ -98.962589979140532, 19.214133045859416 ], [ -98.962694050070724, 19.214142629715791 ], [ -98.963481385886013, 19.213114713321922 ], [ -98.963534558907298, 19.21304529220178 ], [ -98.963535349628643, 19.213044259876 ], [ -98.964311570230493, 19.213239249833158 ], [ -98.964653949868648, 19.213047449854148 ], [ -98.966797920101541, 19.211846449785508 ], [ -98.967156780307448, 19.211645419904855 ], [ -98.967258720315712, 19.211502980190609 ], [ -98.96727811971752, 19.211475879733442 ], [ -98.967553690228641, 19.21109086082895 ], [ -98.967829280415856, 19.210705830245978 ], [ -98.968066800371915, 19.210599019734431 ], [ -98.968103064071684, 19.2105968227132 ], [ -98.968440369862634, 19.210576379927247 ], [ -98.968519420477122, 19.210571594858372 ], [ -98.96852791963353, 19.210571079719774 ], [ -98.968376549598716, 19.210488849691121 ], [ -98.967657339582274, 19.209796050334838 ], [ -98.966837750111409, 19.209006549733854 ], [ -98.966826509783459, 19.20896134017136 ], [ -98.966863480451138, 19.208742680242441 ], [ -98.967002422776687, 19.207920708910997 ], [ -98.967006019748837, 19.207899429995567 ], [ -98.967051799637787, 19.207628599903881 ], [ -98.967423969840709, 19.207327199797053 ], [ -98.967181349637755, 19.207042250384365 ], [ -98.967168510009103, 19.206617600098141 ], [ -98.967228740273356, 19.206251089721249 ], [ -98.967404550273415, 19.206172430029778 ], [ -98.967509420146996, 19.206125490094106 ], [ -98.967979170050342, 19.205719979793923 ], [ -98.968571969612043, 19.205208229804072 ], [ -98.969334355253864, 19.204550069250281 ], [ -98.969678569696043, 19.204252909837471 ], [ -98.967701890363486, 19.2031288500913 ], [ -98.967680276022236, 19.203025920422601 ], [ -98.967609660319795, 19.20268974028394 ], [ -98.967025829704824, 19.199909860232012 ], [ -98.966978690374333, 19.197921649927618 ], [ -98.96769389035704, 19.18974307976411 ], [ -98.966410339769368, 19.187031659991227 ], [ -98.959849059929738, 19.179167879554271 ], [ -98.956521740233967, 19.176635220452809 ], [ -98.956174679604672, 19.176763060153856 ], [ -98.954915740266202, 19.174063400080499 ], [ -98.952385650251813, 19.168637619806983 ], [ -98.965612169388905, 19.164930460103591 ], [ -98.96736639994235, 19.164438690110508 ], [ -98.965250259195358, 19.161961690143681 ], [ -98.964616029703052, 19.161219290046549 ], [ -98.963738169068023, 19.160191680218919 ], [ -98.963122689721331, 19.159471196201672 ], [ -98.96269745013619, 19.158973400265111 ], [ -98.962019259913902, 19.1581795096746 ], [ -98.961084350319538, 19.157085060211809 ], [ -98.960570619761356, 19.156483629704102 ], [ -98.960017450024225, 19.155836059990961 ], [ -98.959860519142609, 19.155652339771034 ], [ -98.959468320070727, 19.155193200218701 ], [ -98.958484429400187, 19.154041339965033 ], [ -98.958318539271971, 19.153847120332212 ], [ -98.95462630941509, 19.149524349716174 ], [ -98.959481889850068, 19.147298420056469 ], [ -98.959895509607179, 19.147108800378643 ], [ -98.962604199316146, 19.14586694954723 ], [ -98.963037029429771, 19.145642599872925 ], [ -98.966455939531556, 19.143870509719196 ], [ -98.965956059635488, 19.142584489574777 ], [ -98.965663169741106, 19.141830969824358 ], [ -98.965493660202711, 19.141394909741827 ], [ -98.965112719939995, 19.14041482037705 ], [ -98.965089059865122, 19.140385999594312 ], [ -98.964645290011546, 19.139845419649681 ], [ -98.96460554950724, 19.139797020300886 ], [ -98.963888719661171, 19.138217479854003 ], [ -98.963760309435884, 19.137934519750477 ], [ -98.963487549102268, 19.137488079735654 ], [ -98.963175419642923, 19.136977140382694 ], [ -98.962897710095291, 19.136522550284063 ], [ -98.962626219576691, 19.136078149644398 ], [ -98.962477110229344, 19.135834080322134 ], [ -98.962377019745787, 19.135670249625836 ], [ -98.962272679582526, 19.135455800392354 ], [ -98.961945479333508, 19.134783350359896 ], [ -98.961817169411788, 19.134519690024732 ], [ -98.961715399771521, 19.134310540304966 ], [ -98.961625549910451, 19.134125889676046 ], [ -98.961478399670554, 19.133823449684151 ], [ -98.961091889912936, 19.133029109909128 ], [ -98.960853969987568, 19.132305229704905 ], [ -98.960509819463496, 19.131258120159966 ], [ -98.960432459385686, 19.131022769844019 ], [ -98.959542219536814, 19.128314110021716 ], [ -98.958729489577308, 19.125841229899176 ], [ -98.958528969673523, 19.125273800089904 ], [ -98.957797380403647, 19.123203580022796 ], [ -98.957507479818332, 19.122383219988137 ], [ -98.957656029415844, 19.119631020355854 ], [ -98.958002850204636, 19.117915350453529 ], [ -98.958070429089346, 19.117580969870929 ], [ -98.958500249944706, 19.114897940160969 ], [ -98.958562710095535, 19.114508050319223 ], [ -98.958702000066381, 19.11363851031691 ], [ -98.958692019786753, 19.112705250074491 ], [ -98.958690549103807, 19.112567940380298 ], [ -98.958409749273656, 19.111309400410459 ], [ -98.958606379675302, 19.110413880068489 ], [ -98.958676479747012, 19.110094619675433 ], [ -98.958956659772682, 19.109042719994829 ], [ -98.95906350953328, 19.104277950231463 ], [ -98.961239779962114, 19.095583180024178 ], [ -98.963265770227707, 19.092062779974128 ], [ -98.965721479346968, 19.085861170033613 ], [ -98.968283579706394, 19.083140879630012 ], [ -98.971372339947578, 19.081218379716613 ], [ -98.973696619838961, 19.079553169670849 ], [ -98.978995400137762, 19.074455949792846 ], [ -98.982361369703156, 19.07760841998476 ], [ -98.98359449036802, 19.078763250237607 ], [ -99.028993679814747, 19.085368795939317 ], [ -99.030194910364969, 19.084556539816067 ], [ -99.04320886045268, 19.075755460082089 ], [ -99.048728660249296, 19.066601539815498 ], [ -99.056650205566243, 19.053462302989654 ], [ -99.056650369585881, 19.053462029922752 ], [ -99.059800230187037, 19.048236660147033 ], [ -99.062085750057719, 19.048718720121371 ], [ -99.104453860260236, 19.057648030374263 ], [ -99.105128570060614, 19.057790120076668 ], [ -99.125433120278686, 19.062064720234684 ], [ -99.13521262001484, 19.088840549789232 ], [ -99.135372129163031, 19.089277216619749 ], [ -99.135377297164439, 19.089291364145744 ], [ -99.135379019831603, 19.089296079987772 ], [ -99.136481480288211, 19.089377980009647 ], [ -99.178230679881565, 19.092474259704417 ] ] ] } }
]
}
