name,date,temperature_2m_max,temperature_2m_min,temperature_2m_mean,apparent_temperature_max,precipitation_sum
Alhué,2024-01-01,29.3,14.1,21.4,30.1,0.0
Alhué,2024-01-02,32.3,15.9,23.4,33.1,0.0
Alhué,2024-01-03,30.1,17.6,23.3,32.0,0.0
Alhué,2024-01-04,27.4,17.2,21.8,29.6,0.0
Alhué,2024-01-05,25.4,16.5,20.7,27.2,0.0
Alhué,2024-01-06,28.2,16.4,21.3,29.5,0.0
Alhué,2024-01-07,30.4,15.3,22.7,30.6,0.0
Alhué,2024-01-08,30.3,16.3,22.7,30.3,0.0
Alhué,2024-01-09,30.3,17.1,22.6,30.7,0.0
Alhué,2024-01-10,30.7,16.3,22.9,31.4,0.0
Alhué,2024-01-11,30.5,18.4,23.2,30.7,0.0
Alhué,2024-01-12,28.1,16.5,21.1,29.6,0.0
Alhué,2024-01-13,27.6,14.0,20.3,28.0,0.0
Alhué,2024-01-14,33.4,15.6,24.8,33.1,0.0
Alhué,2024-01-15,31.4,17.0,24.4,30.4,0.0
Alhué,2024-01-16,32.9,14.0,23.6,31.7,0.0
Alhué,2024-01-17,29.1,19.0,23.9,30.2,0.0
Alhué,2024-01-18,33.0,16.6,24.7,31.8,0.0
Alhué,2024-01-19,34.1,19.2,26.2,33.8,0.0
Alhué,2024-01-20,30.1,20.4,24.8,31.0,0.0
Alhué,2024-01-21,32.1,18.9,24.8,33.8,0.0
Alhué,2024-01-22,31.6,19.2,24.7,33.9,0.0
Alhué,2024-01-23,29.7,17.2,22.8,31.8,0.0
Alhué,2024-01-24,35.5,18.0,25.8,37.0,0.0
Alhué,2024-01-25,29.0,18.8,23.4,31.2,0.0
Alhué,2024-01-26,30.1,16.3,22.1,31.8,0.0
Alhué,2024-01-27,34.1,17.9,24.9,35.8,0.0
Alhué,2024-01-28,29.1,18.9,22.9,31.2,0.0
Alhué,2024-01-29,32.0,18.9,24.2,34.4,0.0
Alhué,2024-01-30,36.9,19.0,27.7,36.9,0.0
Alhué,2024-01-31,37.3,20.9,29.4,36.5,0.0
Alhué,2024-02-01,36.2,20.9,28.4,35.7,0.0
Alhué,2024-02-02,36.8,19.9,28.1,35.9,0.0
Alhué,2024-02-03,35.8,20.0,28.2,34.7,0.0
Alhué,2024-02-04,28.9,17.9,24.4,30.4,0.0
Alhué,2024-02-05,33.0,16.4,24.5,34.2,0.0
Alhué,2024-02-06,30.9,21.2,25.0,32.3,0.0
Alhué,2024-02-07,35.1,18.9,26.8,36.6,0.0
Alhué,2024-02-08,32.0,19.8,25.9,32.8,0.0
Alhué,2024-02-09,30.0,17.3,22.9,30.8,0.0
Alhué,2024-02-10,32.5,18.6,24.7,32.7,0.0
Alhué,2024-02-11,30.6,16.3,22.8,31.5,0.0
Alhué,2024-02-12,35.2,19.3,26.6,34.5,0.0
Alhué,2024-02-13,29.0,18.5,24.3,30.5,0.0
Alhué,2024-02-14,30.3,16.2,22.2,32.2,0.0
Alhué,2024-02-15,30.3,16.5,22.8,32.6,0.0
Alhué,2024-02-16,31.1,16.7,23.2,32.6,0.0
Alhué,2024-02-17,34.8,18.4,26.2,32.7,0.0
Alhué,2024-02-18,32.4,20.0,25.7,33.3,0.0
Alhué,2024-02-19,27.3,16.6,21.1,29.0,0.0
Alhué,2024-02-20,28.5,15.7,21.0,30.8,0.0
Alhué,2024-02-21,27.3,15.4,20.1,28.4,0.0
Alhué,2024-02-22,21.4,16.5,18.2,21.3,6.3
Alhué,2024-02-23,30.2,15.3,22.3,30.8,0.0
Alhué,2024-02-24,30.0,18.8,23.7,31.7,0.0
Alhué,2024-02-25,30.3,18.3,23.1,31.4,0.0
Alhué,2024-02-26,31.3,16.7,23.7,32.1,0.0
Alhué,2024-02-27,30.8,19.9,24.7,31.2,0.0
Alhué,2024-02-28,32.8,17.4,24.9,32.4,0.0
Alhué,2024-02-29,33.3,19.0,25.9,33.5,0.0
Alhué,2024-03-01,29.2,19.7,23.8,29.6,0.0
Alhué,2024-03-02,30.5,18.0,24.1,29.6,0.0
Alhué,2024-03-03,29.9,19.7,24.1,29.9,0.0
Alhué,2024-03-04,31.1,19.0,24.7,31.4,0.0
Alhué,2024-03-05,29.1,19.2,23.4,30.2,0.0
Alhué,2024-03-06,29.3,16.7,22.5,29.8,0.0
Alhué,2024-03-07,26.8,15.0,19.9,27.0,0.0
Alhué,2024-03-08,26.5,12.9,19.6,26.1,0.0
Alhué,2024-03-09,29.6,14.3,22.0,29.6,0.0
Alhué,2024-03-10,27.0,17.3,21.8,27.7,0.0
Alhué,2024-03-11,26.4,15.7,19.7,26.7,0.0
Alhué,2024-03-12,27.7,12.7,20.2,27.8,0.0
Alhué,2024-03-13,28.0,14.4,20.9,28.7,0.0
Alhué,2024-03-14,27.7,13.9,20.8,26.9,0.0
Alhué,2024-03-15,28.3,16.2,21.7,27.5,0.0
Alhué,2024-03-16,28.6,14.3,21.3,27.1,0.0
Alhué,2024-03-17,30.2,16.4,23.0,28.9,0.0
Alhué,2024-03-18,30.8,17.0,24.1,29.8,0.0
Alhué,2024-03-19,25.5,15.1,21.5,25.4,0.0
Alhué,2024-03-20,20.2,12.8,16.8,20.2,0.0
Alhué,2024-03-21,29.3,14.9,22.4,29.2,0.0
Alhué,2024-03-22,31.1,18.5,25.1,31.4,0.0
Alhué,2024-03-23,29.5,18.7,23.5,30.2,0.0
Alhué,2024-03-24,31.8,17.7,24.1,31.5,0.0
Alhué,2024-03-25,27.0,17.7,22.3,28.2,0.0
Alhué,2024-03-26,30.1,16.1,22.6,30.7,0.0
Alhué,2024-03-27,29.8,17.7,23.5,30.8,0.0
Alhué,2024-03-28,28.3,17.7,22.5,29.8,0.0
Alhué,2024-03-29,29.6,17.8,23.7,30.8,0.0
Alhué,2024-03-30,30.6,17.8,23.4,31.2,0.0
Alhué,2024-03-31,28.3,16.8,22.0,27.0,0.0
Alhué,2024-04-01,25.5,14.6,19.8,24.1,0.0
Alhué,2024-04-02,24.8,16.2,19.8,22.7,0.2
Alhué,2024-04-03,22.4,16.0,18.8,22.9,1.1
Alhué,2024-04-04,26.3,14.4,19.5,26.6,0.0
Alhué,2024-04-05,27.0,16.8,21.2,27.2,0.0
Alhué,2024-04-06,25.1,12.8,18.9,25.5,0.0
Alhué,2024-04-07,26.9,14.1,20.4,26.8,0.0
Alhué,2024-04-08,25.8,16.0,20.0,25.9,0.0
Alhué,2024-04-09,26.3,14.4,20.2,26.5,0.0
Alhué,2024-04-10,25.5,15.4,20.0,25.4,0.0
Alhué,2024-04-11,20.5,12.3,15.6,19.8,0.0
Alhué,2024-04-12,19.6,12.2,14.9,19.1,0.1
Alhué,2024-04-13,20.3,10.9,15.3,19.5,0.1
Alhué,2024-04-14,22.0,12.1,16.9,21.2,0.1
Alhué,2024-04-15,20.0,12.8,15.8,18.9,0.4
Alhué,2024-04-16,23.2,11.6,17.1,22.5,0.0
Alhué,2024-04-17,29.3,13.2,20.6,27.5,0.0
Alhué,2024-04-18,30.9,16.8,23.0,30.3,0.0
Alhué,2024-04-19,23.7,15.9,19.5,23.8,0.0
Alhué,2024-04-20,21.9,16.0,18.4,22.0,0.0
Alhué,2024-04-21,19.3,15.4,16.7,17.7,0.3
Alhué,2024-04-22,19.2,13.7,16.1,18.5,1.6
Alhué,2024-04-23,23.2,10.9,17.0,23.6,0.0
Alhué,2024-04-24,20.6,11.8,16.5,19.7,0.0
Alhué,2024-04-25,21.7,9.7,15.8,20.1,0.0
Alhué,2024-04-26,19.6,9.8,14.9,18.5,0.0
Alhué,2024-04-27,19.6,9.0,13.5,18.6,0.0
Alhué,2024-04-28,17.0,9.5,13.1,14.9,0.0
Alhué,2024-04-29,18.2,7.8,12.9,14.2,0.6
Alhué,2024-04-30,14.7,11.5,12.8,14.2,17.7
Alhué,2024-05-01,14.7,7.7,11.5,13.3,0.5
Alhué,2024-05-02,15.6,5.7,10.1,13.9,0.0
Alhué,2024-05-03,15.3,5.4,10.6,13.9,0.0
Alhué,2024-05-04,17.3,7.8,12.6,16.0,0.0
Alhué,2024-05-05,16.5,9.6,12.4,15.7,0.0
Alhué,2024-05-06,15.7,7.8,11.2,14.1,0.0
Alhué,2024-05-07,14.3,4.6,8.9,10.9,18.0
Alhué,2024-05-08,16.9,3.7,9.3,15.3,0.0
Alhué,2024-05-09,15.5,9.3,12.2,14.2,0.0
Alhué,2024-05-10,14.8,6.7,11.1,13.5,0.0
Alhué,2024-05-11,15.0,5.3,9.9,13.4,0.0
Alhué,2024-05-12,14.6,5.0,9.3,12.3,0.0
Alhué,2024-05-13,14.7,4.9,9.3,13.1,0.0
Alhué,2024-05-14,15.7,5.5,10.4,14.2,0.0
Alhué,2024-05-15,12.9,5.3,8.8,9.9,0.0
Alhué,2024-05-16,15.1,4.6,9.3,13.1,0.0
Alhué,2024-05-17,14.8,6.1,9.9,12.7,0.2
Alhué,2024-05-18,15.7,5.5,9.9,14.4,0.0
Alhué,2024-05-19,18.0,6.8,12.8,17.2,0.0
Alhué,2024-05-20,17.6,9.4,12.0,15.3,17.8
Alhué,2024-05-21,16.9,8.5,11.4,16.3,0.0
Alhué,2024-05-22,12.9,9.1,11.2,12.0,9.2
Alhué,2024-05-23,14.1,5.9,9.7,12.4,1.3
Alhué,2024-05-24,18.1,6.6,12.6,16.6,0.0
Alhué,2024-05-25,17.9,10.6,13.3,15.3,1.2
Alhué,2024-05-26,15.7,9.1,11.3,14.4,7.5
Alhué,2024-05-27,17.9,7.9,12.7,18.4,0.0
Alhué,2024-05-28,19.5,10.2,14.5,18.3,0.0
Alhué,2024-05-29,20.2,11.1,14.7,20.6,1.7
Alhué,2024-05-30,20.4,12.0,16.6,21.0,0.0
Alhué,2024-05-31,18.3,11.6,15.7,17.3,0.0
Alhué,2024-06-01,19.1,9.8,13.8,19.9,0.0
Alhué,2024-06-02,22.8,12.4,17.2,22.8,0.0
Alhué,2024-06-03,21.6,11.0,16.7,19.4,0.0
Alhué,2024-06-04,20.2,9.8,15.7,19.3,0.0
Alhué,2024-06-05,18.2,12.8,15.8,16.8,0.0
Alhué,2024-06-06,20.0,13.1,16.3,20.5,0.0
Alhué,2024-06-07,22.6,12.5,17.5,24.0,0.0
Alhué,2024-06-08,21.6,11.0,15.3,19.3,11.3
Alhué,2024-06-09,16.6,11.3,13.4,16.0,15.2
Alhué,2024-06-10,16.6,12.4,14.8,16.4,0.0
Alhué,2024-06-11,16.5,11.8,14.3,16.1,0.2
Alhué,2024-06-12,16.4,12.8,14.6,14.1,0.8
Alhué,2024-06-13,14.0,11.7,12.7,12.7,61.3
Alhué,2024-06-14,16.3,9.5,12.3,14.0,9.8
Alhué,2024-06-15,15.8,7.7,11.2,14.8,0.0
Alhué,2024-06-16,14.7,7.5,11.1,14.2,0.0
Alhué,2024-06-17,15.7,7.8,11.5,14.0,10.4
Alhué,2024-06-18,12.2,10.2,11.1,10.5,54.4
Alhué,2024-06-19,16.1,9.5,12.1,15.0,1.7
Alhué,2024-06-20,14.2,9.0,11.9,12.4,4.2
Alhué,2024-06-21,12.1,8.9,10.3,10.6,65.6
Alhué,2024-06-22,10.5,7.5,8.9,8.6,19.3
Alhué,2024-06-23,12.7,5.1,8.8,10.7,0.0
Alhué,2024-06-24,12.5,7.0,8.9,11.0,0.0
Alhué,2024-06-25,13.0,4.6,7.8,11.5,0.0
Alhué,2024-06-26,18.3,4.8,11.6,17.2,0.0
Alhué,2024-06-27,16.4,9.5,13.1,15.6,0.0
Alhué,2024-06-28,16.3,7.2,11.2,16.1,0.0
Alhué,2024-06-29,20.3,7.8,14.1,19.5,0.0
Alhué,2024-06-30,19.0,10.1,15.5,18.9,0.0
Alhué,2024-07-01,21.1,12.9,17.0,20.4,0.0
Alhué,2024-07-02,18.2,12.0,15.2,17.8,0.0
Alhué,2024-07-03,17.7,11.1,14.7,17.5,0.0
Alhué,2024-07-04,16.9,4.5,9.8,13.5,0.0
Alhué,2024-07-05,17.8,3.4,10.1,14.2,0.0
Alhué,2024-07-06,14.4,4.4,10.8,11.3,0.0
Alhué,2024-07-07,15.5,4.1,8.7,12.5,0.0
Alhué,2024-07-08,16.3,6.0,10.7,13.3,0.0
Alhué,2024-07-09,10.7,2.5,8.1,7.9,0.0
Alhué,2024-07-10,12.1,1.1,6.8,10.3,0.0
Alhué,2024-07-11,12.5,3.0,7.4,10.9,0.0
Alhué,2024-07-12,16.7,4.6,10.8,13.4,0.0
Alhué,2024-07-13,14.2,7.7,11.0,12.3,0.0
Alhué,2024-07-14,14.0,8.1,11.7,11.3,0.0
Alhué,2024-07-15,16.1,7.8,11.9,12.2,0.0
Alhué,2024-07-16,21.1,6.7,14.5,17.6,0.0
Alhué,2024-07-17,19.3,11.3,15.7,16.1,0.0
Alhué,2024-07-18,14.0,8.0,11.0,12.1,0.0
Alhué,2024-07-19,15.5,7.3,11.0,15.2,0.0
Alhué,2024-07-20,15.0,8.5,11.1,14.6,0.0
Alhué,2024-07-21,16.8,7.0,11.6,15.7,0.0
Alhué,2024-07-22,19.4,8.7,13.8,19.5,0.2
Alhué,2024-07-23,13.2,6.9,10.2,12.5,0.0
Alhué,2024-07-24,18.2,7.4,12.8,18.7,0.0
Alhué,2024-07-25,16.6,9.0,13.9,15.8,0.0
Alhué,2024-07-26,14.8,7.2,11.1,14.2,0.0
Alhué,2024-07-27,17.8,5.5,10.0,16.1,0.0
Alhué,2024-07-28,18.8,6.0,11.9,16.9,0.0
Alhué,2024-07-29,23.4,9.1,15.7,24.1,0.0
Alhué,2024-07-30,20.5,11.6,15.4,18.7,0.0
Alhué,2024-07-31,14.7,10.6,12.1,14.3,0.2
Alhué,2024-08-01,14.2,10.4,11.4,11.5,7.0
Alhué,2024-08-02,12.8,8.8,11.1,11.1,56.8
Alhué,2024-08-03,16.9,6.3,11.0,15.6,0.5
Alhué,2024-08-04,16.1,8.2,12.2,14.8,0.0
Alhué,2024-08-05,11.7,8.1,9.5,9.8,15.7
Alhué,2024-08-06,12.3,5.0,8.2,10.0,2.4
Alhué,2024-08-07,12.0,2.4,6.8,9.9,0.0
Alhué,2024-08-08,16.5,4.3,9.1,14.2,0.0
Alhué,2024-08-09,18.9,5.2,12.1,18.5,0.0
Alhué,2024-08-10,19.0,7.7,14.0,18.6,0.0
Alhué,2024-08-11,21.4,8.3,14.4,21.4,0.0
Alhué,2024-08-12,23.8,12.3,17.9,25.3,0.0
Alhué,2024-08-13,19.5,11.8,16.1,20.0,0.0
Alhué,2024-08-14,16.4,10.7,13.1,16.9,0.0
Alhué,2024-08-15,17.1,8.7,12.8,16.7,0.0
Alhué,2024-08-16,14.7,9.5,11.7,14.2,0.0
Alhué,2024-08-17,16.5,8.0,11.5,16.2,0.0
Alhué,2024-08-18,12.5,7.9,10.1,11.8,0.0
Alhué,2024-08-19,13.5,6.5,9.4,12.3,0.0
Alhué,2024-08-20,11.4,4.1,8.0,9.3,0.0
Alhué,2024-08-21,11.8,2.8,6.7,8.5,6.8
Alhué,2024-08-22,12.5,3.1,8.0,10.9,0.6
Alhué,2024-08-23,11.1,3.5,7.0,9.5,7.3
Alhué,2024-08-24,19.1,4.2,10.7,17.8,0.0
Alhué,2024-08-25,19.1,8.7,14.8,19.3,0.0
Alhué,2024-08-26,17.4,5.8,11.6,17.6,0.0
Alhué,2024-08-27,18.8,6.4,12.7,19.4,0.0
Alhué,2024-08-28,15.1,8.8,11.7,14.7,0.0
Alhué,2024-08-29,14.0,8.9,10.7,12.8,0.7
Alhué,2024-08-30,15.6,8.7,11.0,14.3,0.5
Alhué,2024-08-31,20.7,7.5,13.6,21.3,0.0
Alhué,2024-09-01,22.9,10.6,16.7,23.6,0.0
Alhué,2024-09-02,13.2,8.5,10.8,12.1,0.8
Alhué,2024-09-03,17.5,6.0,11.1,17.2,0.0
Alhué,2024-09-04,20.8,5.0,12.4,20.1,0.0
Alhué,2024-09-05,21.3,11.0,16.1,22.0,0.0
Alhué,2024-09-06,17.4,9.4,13.2,17.3,0.0
Alhué,2024-09-07,16.9,9.6,12.4,16.6,0.0
Alhué,2024-09-08,19.6,8.0,13.1,20.8,0.0
Alhué,2024-09-09,20.9,10.9,15.6,21.5,0.0
Alhué,2024-09-10,17.3,10.0,13.8,16.6,0.3
Alhué,2024-09-11,19.4,7.8,13.6,19.5,0.0
Alhué,2024-09-12,16.5,10.2,13.0,16.6,0.0
Alhué,2024-09-13,19.2,8.8,13.5,19.1,0.0
Alhué,2024-09-14,23.2,10.1,15.6,23.6,0.0
Alhué,2024-09-15,24.5,10.3,16.7,23.7,0.0
Alhué,2024-09-16,25.2,12.4,18.2,25.4,0.0
Alhué,2024-09-17,20.5,10.0,14.9,21.6,0.0
Alhué,2024-09-18,19.7,11.0,15.1,19.7,2.8
Alhué,2024-09-19,13.7,8.6,11.5,11.7,22.9
Alhué,2024-09-20,18.5,7.3,12.7,18.2,0.0
Alhué,2024-09-21,17.4,9.5,12.2,16.6,0.0
Alhué,2024-09-22,13.5,9.9,11.7,13.1,7.8
Alhué,2024-09-23,17.0,9.9,13.0,16.6,0.2
Alhué,2024-09-24,18.0,7.3,12.5,18.4,0.0
Alhué,2024-09-25,18.1,7.3,12.3,17.9,0.0
Alhué,2024-09-26,24.3,9.0,16.5,25.5,0.0
Alhué,2024-09-27,21.8,13.6,17.6,23.5,0.0
Alhué,2024-09-28,24.0,13.4,18.6,25.1,0.0
Alhué,2024-09-29,18.2,11.5,14.6,18.3,0.0
Alhué,2024-09-30,17.8,10.3,12.9,15.1,2.1
Alhué,2024-10-01,17.9,10.5,13.7,17.1,0.2
Alhué,2024-10-02,20.7,7.5,13.9,20.9,0.0
Alhué,2024-10-03,23.7,11.1,17.7,25.6,0.0
Alhué,2024-10-04,23.9,15.5,19.5,25.2,0.0
Alhué,2024-10-05,25.4,12.6,19.4,28.5,0.0
Alhué,2024-10-06,23.3,13.7,18.5,23.8,0.0
Alhué,2024-10-07,22.9,12.0,17.3,25.2,8.9
Alhué,2024-10-08,16.7,11.8,13.8,16.7,4.6
Alhué,2024-10-09,22.1,11.2,16.1,22.1,0.0
Alhué,2024-10-10,18.3,12.9,15.0,18.5,0.1
Alhué,2024-10-11,17.0,11.9,14.3,17.1,0.3
Alhué,2024-10-12,20.2,11.1,15.7,20.5,0.0
Alhué,2024-10-13,23.2,10.2,16.8,24.8,0.0
Alhué,2024-10-14,22.5,11.1,17.2,23.6,0.0
Alhué,2024-10-15,27.1,12.9,19.4,29.3,0.0
Alhué,2024-10-16,18.7,10.6,14.7,18.4,0.0
Alhué,2024-10-17,26.4,9.4,18.6,28.1,0.0
Alhué,2024-10-18,28.1,15.3,21.4,31.6,0.0
Alhué,2024-10-19,19.9,11.7,15.8,21.0,0.0
Alhué,2024-10-20,19.8,11.3,15.1,18.8,0.8
Alhué,2024-10-21,25.0,10.2,17.9,26.3,0.0
Alhué,2024-10-22,23.0,12.9,17.0,24.5,2.7
Alhué,2024-10-23,20.6,11.1,15.4,20.8,1.0
Alhué,2024-10-24,25.8,10.5,17.6,27.6,0.0
Alhué,2024-10-25,23.9,10.6,17.0,23.5,0.0
Alhué,2024-10-26,28.0,13.1,19.7,29.2,0.0
Alhué,2024-10-27,28.2,15.3,20.7,30.3,0.0
Alhué,2024-10-28,30.9,16.1,22.1,33.3,0.0
Alhué,2024-10-29,23.1,14.5,18.1,25.0,0.0
Alhué,2024-10-30,25.6,13.5,18.6,27.5,0.0
Alhué,2024-10-31,24.8,12.8,18.1,27.0,0.1
Alhué,2024-11-01,20.3,12.1,15.0,20.1,0.0
Alhué,2024-11-02,25.9,9.8,18.2,26.4,0.0
Alhué,2024-11-03,21.7,10.5,16.5,21.3,0.0
Alhué,2024-11-04,24.4,8.3,16.6,24.0,0.0
Alhué,2024-11-05,26.7,11.5,19.4,26.8,0.0
Alhué,2024-11-06,27.3,14.1,20.9,27.3,0.0
Alhué,2024-11-07,27.3,15.3,21.0,28.7,0.0
Alhué,2024-11-08,30.0,15.8,22.8,30.8,0.0
Alhué,2024-11-09,27.8,14.8,21.6,29.0,0.0
Alhué,2024-11-10,22.9,14.4,17.5,22.5,1.3
Alhué,2024-11-11,26.1,11.5,19.0,25.0,0.0
Alhué,2024-11-12,30.4,14.5,23.1,29.4,0.0
Alhué,2024-11-13,25.5,15.8,21.3,25.8,0.0
Alhué,2024-11-14,25.4,14.7,19.3,27.2,0.0
Alhué,2024-11-15,25.2,13.6,19.0,26.3,0.0
Alhué,2024-11-16,22.3,13.6,17.3,21.1,0.2
Alhué,2024-11-17,26.0,12.0,19.1,26.5,0.0
Alhué,2024-11-18,25.6,15.2,19.7,26.2,0.0
Alhué,2024-11-19,25.2,12.6,17.8,25.3,0.0
Alhué,2024-11-20,26.3,13.3,19.8,26.8,0.0
Alhué,2024-11-21,26.9,15.4,20.8,27.8,0.0
Alhué,2024-11-22,27.3,13.5,20.2,27.4,0.0
Alhué,2024-11-23,29.9,15.8,22.2,30.6,0.0
Alhué,2024-11-24,28.3,16.1,21.9,28.1,0.0
Alhué,2024-11-25,27.4,16.4,21.0,26.2,0.0
Alhué,2024-11-26,26.5,14.3,19.6,26.2,0.0
Alhué,2024-11-27,25.7,12.3,18.0,24.5,0.0
Alhué,2024-11-28,26.8,11.8,19.4,26.9,0.0
Alhué,2024-11-29,29.2,16.4,22.2,28.0,0.0
Alhué,2024-11-30,25.4,13.6,19.7,25.1,0.0
Alhué,2024-12-01,24.7,12.0,17.7,24.5,0.5
Alhué,2024-12-02,26.5,13.9,20.0,26.2,0.0
Alhué,2024-12-03,25.2,14.4,19.1,26.2,0.0
Alhué,2024-12-04,24.1,12.6,17.6,24.9,0.0
Alhué,2024-12-05,22.1,11.2,16.1,21.3,0.0
Alhué,2024-12-06,26.0,12.5,19.2,26.1,0.0
Alhué,2024-12-07,26.6,15.8,20.6,26.1,0.0
Alhué,2024-12-08,25.1,12.3,18.0,24.5,0.0
Alhué,2024-12-09,30.0,14.2,21.7,30.5,0.0
Alhué,2024-12-10,29.2,16.3,22.1,29.6,0.0
Alhué,2024-12-11,31.2,15.6,23.0,31.3,0.0
Alhué,2024-12-12,26.5,13.4,20.3,26.6,0.0
Alhué,2024-12-13,30.9,17.1,23.4,30.7,0.0
Alhué,2024-12-14,31.4,17.1,22.8,31.9,0.0
Alhué,2024-12-15,25.6,15.5,19.9,27.3,0.0
Alhué,2024-12-16,26.6,14.2,19.4,27.9,0.0
Alhué,2024-12-17,27.2,14.2,19.8,27.7,0.0
Alhué,2024-12-18,30.2,14.9,22.2,30.1,0.0
Alhué,2024-12-19,32.4,18.6,25.5,31.9,0.0
Alhué,2024-12-20,30.5,17.1,23.2,29.8,0.0
Alhué,2024-12-21,32.9,18.5,25.4,33.2,0.0
Alhué,2024-12-22,34.6,21.3,27.0,35.2,0.0
Alhué,2024-12-23,30.7,20.8,25.4,31.9,0.0
Alhué,2024-12-24,28.9,19.3,23.6,30.8,0.0
Alhué,2024-12-25,27.1,16.5,21.1,29.2,0.0
Alhué,2024-12-26,25.3,15.0,19.2,27.3,0.0
Alhué,2024-12-27,26.5,15.6,20.5,28.3,0.0
Alhué,2024-12-28,29.5,15.4,21.6,31.5,0.0
Alhué,2024-12-29,32.2,16.9,22.7,33.6,0.0
Alhué,2024-12-30,31.6,16.5,23.2,31.9,0.0
Alhué,2024-12-31,31.0,18.7,24.3,32.6,0.0
Buin,2024-01-01,29.4,9.2,17.8,29.0,0.0
Buin,2024-01-02,30.8,10.1,19.0,30.6,0.0
Buin,2024-01-03,29.2,11.0,19.4,30.0,0.0
Buin,2024-01-04,27.8,11.1,18.9,28.4,0.0
Buin,2024-01-05,26.6,11.5,18.1,27.2,0.0
Buin,2024-01-06,27.2,11.8,18.6,28.3,0.0
Buin,2024-01-07,30.7,11.3,20.5,30.9,0.0
Buin,2024-01-08,30.5,12.4,20.5,30.2,0.0
Buin,2024-01-09,30.3,11.1,19.7,29.7,0.0
Buin,2024-01-10,30.3,10.4,19.5,29.9,0.0
Buin,2024-01-11,30.0,12.2,19.5,29.3,0.0
Buin,2024-01-12,27.9,10.5,18.2,27.9,0.0
Buin,2024-01-13,27.7,9.4,17.2,27.4,0.0
Buin,2024-01-14,34.1,11.0,21.6,33.2,0.0
Buin,2024-01-15,31.3,13.6,21.4,29.7,0.0
Buin,2024-01-16,32.0,10.2,21.0,31.5,0.0
Buin,2024-01-17,29.1,13.4,20.5,29.1,0.0
Buin,2024-01-18,32.3,11.5,21.1,32.8,0.0
Buin,2024-01-19,32.5,15.1,22.5,31.4,0.0
Buin,2024-01-20,30.3,14.5,21.4,29.5,0.0
Buin,2024-01-21,32.4,11.8,20.8,32.2,0.0
Buin,2024-01-22,32.3,12.5,21.2,33.0,0.0
Buin,2024-01-23,30.1,11.3,19.4,30.2,0.0
Buin,2024-01-24,34.7,12.5,22.1,35.0,0.0
Buin,2024-01-25,30.2,14.4,21.3,30.3,0.0
Buin,2024-01-26,30.4,11.7,19.9,30.1,0.0
Buin,2024-01-27,33.2,12.2,21.0,34.1,0.0
Buin,2024-01-28,29.1,13.7,20.1,29.7,0.0
Buin,2024-01-29,31.9,12.3,20.5,32.5,0.0
Buin,2024-01-30,35.5,12.6,22.2,35.6,0.0
Buin,2024-01-31,37.8,16.1,25.7,36.5,0.0
Buin,2024-02-01,35.1,16.6,24.4,34.7,0.0
Buin,2024-02-02,35.7,14.3,24.9,35.5,0.0
Buin,2024-02-03,35.5,17.5,25.9,36.4,0.0
Buin,2024-02-04,30.3,15.1,21.1,30.0,0.0
Buin,2024-02-05,32.8,11.3,21.2,33.4,0.0
Buin,2024-02-06,30.2,14.3,21.3,30.0,0.0
Buin,2024-02-07,34.4,13.5,22.7,35.7,0.0
Buin,2024-02-08,32.2,15.8,22.9,32.6,0.0
Buin,2024-02-09,30.6,12.9,20.8,31.1,0.0
Buin,2024-02-10,33.4,12.3,22.0,33.3,0.0
Buin,2024-02-11,29.9,10.6,19.1,29.6,0.0
Buin,2024-02-12,35.1,12.9,23.0,35.8,0.0
Buin,2024-02-13,29.7,14.8,22.5,29.7,0.0
Buin,2024-02-14,31.2,10.9,19.1,31.1,0.0
Buin,2024-02-15,31.1,10.7,18.9,32.1,0.0
Buin,2024-02-16,29.0,11.0,18.7,29.6,0.0
Buin,2024-02-17,33.7,12.5,22.3,34.9,0.0
Buin,2024-02-18,32.1,16.2,22.9,31.3,0.0
Buin,2024-02-19,28.6,11.8,18.9,28.8,0.0
Buin,2024-02-20,29.0,11.8,18.8,29.7,0.0
Buin,2024-02-21,28.6,11.1,18.6,28.2,0.0
Buin,2024-02-22,18.9,13.1,16.4,18.0,9.8
Buin,2024-02-23,28.6,12.1,19.9,29.8,0.1
Buin,2024-02-24,30.2,14.0,21.0,31.3,0.1
Buin,2024-02-25,29.8,13.5,20.2,29.9,0.0
Buin,2024-02-26,32.2,11.5,20.8,31.9,0.0
Buin,2024-02-27,30.9,13.2,21.0,30.0,0.0
Buin,2024-02-28,32.5,11.9,21.0,31.8,0.0
Buin,2024-02-29,32.5,15.4,22.0,32.4,0.0
Buin,2024-03-01,28.4,12.1,19.6,27.7,0.0
Buin,2024-03-02,30.1,13.6,21.1,29.9,0.0
Buin,2024-03-03,30.3,14.0,21.0,29.0,0.0
Buin,2024-03-04,31.3,12.4,20.5,29.4,0.0
Buin,2024-03-05,28.6,12.5,19.4,27.7,0.0
Buin,2024-03-06,28.7,11.2,18.7,28.3,0.0
Buin,2024-03-07,27.1,9.5,17.3,25.6,0.0
Buin,2024-03-08,27.6,7.8,16.5,26.4,0.0
Buin,2024-03-09,29.4,10.7,18.8,28.8,0.0
Buin,2024-03-10,28.0,11.0,18.3,27.5,0.0
Buin,2024-03-11,26.9,8.7,16.3,26.4,0.0
Buin,2024-03-12,28.1,8.3,17.1,27.0,0.0
Buin,2024-03-13,28.3,10.2,18.0,27.7,0.0
Buin,2024-03-14,27.2,11.3,18.2,27.4,0.0
Buin,2024-03-15,28.0,10.3,17.9,26.7,0.0
Buin,2024-03-16,27.8,10.3,18.0,26.6,0.0
Buin,2024-03-17,29.4,11.7,19.1,28.1,0.0
Buin,2024-03-18,30.4,13.0,20.6,28.9,0.0
Buin,2024-03-19,26.7,12.1,18.9,24.9,0.0
Buin,2024-03-20,21.1,9.6,15.1,20.5,0.0
Buin,2024-03-21,30.4,11.0,19.4,29.3,0.0
Buin,2024-03-22,31.6,16.4,21.8,30.3,0.0
Buin,2024-03-23,29.5,11.5,19.8,29.6,0.0
Buin,2024-03-24,30.1,13.7,20.5,30.2,0.0
Buin,2024-03-25,26.5,12.6,18.2,26.3,0.0
Buin,2024-03-26,28.6,10.6,18.8,28.8,0.0
Buin,2024-03-27,29.0,14.9,20.7,28.9,0.0
Buin,2024-03-28,28.7,13.9,19.8,28.3,0.0
Buin,2024-03-29,29.7,12.8,19.7,28.8,0.0
Buin,2024-03-30,30.0,13.7,20.4,30.0,0.0
Buin,2024-03-31,28.3,15.0,19.9,27.3,0.0
Buin,2024-04-01,25.7,10.2,17.3,23.1,0.0
Buin,2024-04-02,24.0,11.0,16.6,22.7,0.8
Buin,2024-04-03,17.3,11.8,14.4,16.9,0.0
Buin,2024-04-04,26.8,10.3,17.6,26.1,0.0
Buin,2024-04-05,28.0,13.1,18.5,26.7,0.0
Buin,2024-04-06,25.5,7.7,16.1,24.9,0.0
Buin,2024-04-07,27.0,10.8,17.4,25.4,0.0
Buin,2024-04-08,25.2,8.1,16.1,24.2,0.0
Buin,2024-04-09,25.6,11.5,17.2,23.5,0.0
Buin,2024-04-10,25.8,11.0,16.8,24.4,0.0
Buin,2024-04-11,21.2,7.3,12.7,18.6,0.0
Buin,2024-04-12,13.2,7.0,9.7,12.3,0.1
Buin,2024-04-13,18.5,6.1,12.6,17.3,0.2
Buin,2024-04-14,18.9,9.6,14.7,18.2,0.5
Buin,2024-04-15,15.7,10.3,12.5,14.3,3.4
Buin,2024-04-16,22.8,9.6,15.2,21.5,0.0
Buin,2024-04-17,26.6,10.5,17.1,25.3,0.0
Buin,2024-04-18,28.6,14.0,19.9,26.6,0.0
Buin,2024-04-19,22.2,10.1,15.8,20.9,0.0
Buin,2024-04-20,20.8,10.1,14.6,19.5,0.0
Buin,2024-04-21,18.1,10.1,13.7,16.2,0.3
Buin,2024-04-22,19.3,9.0,14.1,18.3,0.0
Buin,2024-04-23,23.9,9.1,15.1,22.8,0.0
Buin,2024-04-24,21.3,9.5,13.7,19.4,0.0
Buin,2024-04-25,21.2,8.5,13.6,18.0,0.0
Buin,2024-04-26,19.4,8.8,13.6,17.5,0.0
Buin,2024-04-27,19.5,7.8,12.3,18.4,0.0
Buin,2024-04-28,15.8,6.8,10.1,12.6,0.0
Buin,2024-04-29,17.4,5.0,10.6,13.3,0.0
Buin,2024-04-30,15.2,7.1,10.9,13.8,21.6
Buin,2024-05-01,15.1,6.6,10.1,13.2,1.0
Buin,2024-05-02,13.1,3.7,7.8,11.0,0.0
Buin,2024-05-03,15.5,3.2,8.5,13.5,0.0
Buin,2024-05-04,17.5,5.0,10.3,14.5,0.0
Buin,2024-05-05,15.4,5.9,10.0,14.1,0.0
Buin,2024-05-06,16.1,5.6,9.5,13.6,0.0
Buin,2024-05-07,8.9,2.5,6.6,7.2,34.3
Buin,2024-05-08,14.5,0.1,7.0,12.7,0.0
Buin,2024-05-09,15.1,2.2,8.1,12.8,0.0
Buin,2024-05-10,13.5,3.5,8.5,11.3,0.0
Buin,2024-05-11,13.8,5.3,9.1,11.5,0.0
Buin,2024-05-12,13.9,1.5,7.5,11.4,0.0
Buin,2024-05-13,13.6,2.6,7.6,11.2,0.0
Buin,2024-05-14,13.5,2.9,7.3,11.1,0.0
Buin,2024-05-15,10.8,1.5,5.9,8.0,1.1
Buin,2024-05-16,12.9,1.8,6.3,11.0,0.0
Buin,2024-05-17,12.9,2.9,7.7,11.0,0.0
Buin,2024-05-18,14.0,2.1,7.7,12.0,0.0
Buin,2024-05-19,13.8,2.5,8.0,10.8,0.0
Buin,2024-05-20,11.7,5.8,8.2,9.2,32.1
Buin,2024-05-21,13.7,5.4,9.3,13.0,10.9
Buin,2024-05-22,9.7,6.7,8.2,8.2,25.0
Buin,2024-05-23,12.5,2.7,7.4,10.8,5.5
Buin,2024-05-24,14.2,3.8,9.1,12.2,0.0
Buin,2024-05-25,14.6,6.6,9.9,12.6,0.3
Buin,2024-05-26,13.2,4.0,7.8,11.4,2.1
Buin,2024-05-27,13.2,4.0,9.3,12.3,0.0
Buin,2024-05-28,16.4,5.8,9.5,14.7,0.0
Buin,2024-05-29,16.6,5.2,10.3,16.3,0.0
Buin,2024-05-30,16.5,7.0,11.8,15.7,0.0
Buin,2024-05-31,15.1,7.1,10.7,13.6,0.0
Buin,2024-06-01,15.5,5.5,9.5,15.0,0.0
Buin,2024-06-02,16.0,9.0,12.2,16.4,0.0
Buin,2024-06-03,14.0,7.4,10.9,13.1,0.0
Buin,2024-06-04,16.9,4.7,10.7,16.4,0.0
Buin,2024-06-05,13.6,7.9,10.8,13.1,0.0
Buin,2024-06-06,15.4,8.4,12.0,15.2,0.0
Buin,2024-06-07,18.3,10.1,13.9,19.1,0.0
Buin,2024-06-08,15.3,6.1,10.8,14.1,3.0
Buin,2024-06-09,13.4,7.9,10.4,12.5,9.9
Buin,2024-06-10,14.0,9.1,11.0,13.0,0.0
Buin,2024-06-11,14.2,8.0,10.7,13.4,0.1
Buin,2024-06-12,13.7,7.6,10.1,11.8,0.0
Buin,2024-06-13,12.6,8.5,9.9,11.3,68.0
Buin,2024-06-14,14.4,7.4,10.0,13.1,17.2
Buin,2024-06-15,13.7,4.9,9.1,12.2,0.0
Buin,2024-06-16,13.0,2.4,7.8,12.0,0.0
Buin,2024-06-17,13.9,3.1,8.1,12.1,1.2
Buin,2024-06-18,10.5,5.4,8.0,9.5,70.5
Buin,2024-06-19,14.7,6.5,10.4,13.5,4.1
Buin,2024-06-20,12.0,5.7,8.6,10.2,0.0
Buin,2024-06-21,9.2,5.6,7.8,7.9,61.1
Buin,2024-06-22,8.9,4.1,6.7,7.5,20.4
Buin,2024-06-23,11.2,5.3,8.0,8.8,1.0
Buin,2024-06-24,9.6,3.6,6.6,7.4,0.4
Buin,2024-06-25,10.2,2.3,5.8,8.7,0.0
Buin,2024-06-26,14.1,1.7,7.5,12.6,0.0
Buin,2024-06-27,13.3,5.8,9.0,11.2,0.0
Buin,2024-06-28,14.0,3.7,8.6,13.5,0.0
Buin,2024-06-29,15.0,6.2,10.1,14.5,0.0
Buin,2024-06-30,16.8,6.7,11.1,16.0,0.0
Buin,2024-07-01,18.1,6.0,11.4,17.5,0.0
Buin,2024-07-02,16.4,5.9,10.5,14.9,0.0
Buin,2024-07-03,15.6,8.3,11.4,14.5,0.0
Buin,2024-07-04,14.3,3.7,8.3,12.5,0.0
Buin,2024-07-05,15.0,3.7,7.7,11.5,0.0
Buin,2024-07-06,12.3,2.1,5.6,9.1,0.0
Buin,2024-07-07,12.3,1.6,5.5,9.2,0.0
Buin,2024-07-08,13.2,0.5,5.5,9.7,0.0
Buin,2024-07-09,9.4,-1.2,3.4,6.0,0.0
Buin,2024-07-10,9.0,-1.7,3.3,6.5,0.0
Buin,2024-07-11,10.2,-1.4,3.8,7.5,0.0
Buin,2024-07-12,14.5,0.8,6.4,10.5,0.0
Buin,2024-07-13,12.7,-1.8,4.5,9.4,0.0
Buin,2024-07-14,11.0,-1.6,3.6,8.0,0.0
Buin,2024-07-15,12.4,-1.4,3.1,9.2,0.0
Buin,2024-07-16,16.9,0.7,8.4,14.4,0.0
Buin,2024-07-17,15.8,3.4,7.7,12.2,0.0
Buin,2024-07-18,8.8,2.9,5.2,7.5,2.4
Buin,2024-07-19,12.1,1.0,5.9,11.2,0.0
Buin,2024-07-20,11.3,1.2,5.7,9.7,0.0
Buin,2024-07-21,15.1,3.9,8.9,14.1,0.2
Buin,2024-07-22,16.2,6.0,10.2,14.0,0.0
Buin,2024-07-23,11.4,1.3,7.0,10.2,0.3
Buin,2024-07-24,14.0,3.9,8.6,12.9,0.0
Buin,2024-07-25,14.7,5.1,8.8,12.5,0.0
Buin,2024-07-26,10.0,3.3,6.3,8.2,0.3
Buin,2024-07-27,13.9,2.9,7.0,12.6,0.0
Buin,2024-07-28,15.4,4.2,8.6,12.8,0.0
Buin,2024-07-29,19.5,6.0,11.3,17.0,0.0
Buin,2024-07-30,15.8,6.2,10.9,14.7,0.0
Buin,2024-07-31,11.9,5.8,8.5,10.6,0.0
Buin,2024-08-01,10.5,6.9,8.3,8.1,0.2
Buin,2024-08-02,11.8,6.6,9.1,10.4,63.9
Buin,2024-08-03,15.3,2.9,9.1,12.5,6.2
Buin,2024-08-04,14.9,4.1,9.0,12.6,0.0
Buin,2024-08-05,9.8,4.5,6.8,7.2,12.0
Buin,2024-08-06,12.6,4.0,7.5,10.3,5.2
Buin,2024-08-07,11.1,-0.7,5.7,8.8,0.0
Buin,2024-08-08,14.5,0.8,7.6,12.9,0.0
Buin,2024-08-09,16.4,2.6,9.0,14.2,0.0
Buin,2024-08-10,17.9,5.0,10.6,16.2,0.0
Buin,2024-08-11,19.1,6.4,12.2,18.8,0.0
Buin,2024-08-12,21.2,8.6,13.9,20.6,0.0
Buin,2024-08-13,17.8,5.9,11.0,18.0,0.0
Buin,2024-08-14,12.9,6.0,8.8,12.5,0.3
Buin,2024-08-15,16.0,6.0,10.1,14.8,0.0
Buin,2024-08-16,11.4,5.4,8.4,10.9,0.3
Buin,2024-08-17,14.8,4.7,9.0,13.5,0.0
Buin,2024-08-18,10.9,3.9,7.0,8.9,0.0
Buin,2024-08-19,12.0,2.1,6.7,9.3,0.0
Buin,2024-08-20,10.9,2.0,5.5,8.3,0.2
Buin,2024-08-21,11.6,1.5,5.4,9.1,10.9
Buin,2024-08-22,11.9,1.1,5.9,9.4,1.4
Buin,2024-08-23,11.1,-1.6,4.6,9.0,2.4
Buin,2024-08-24,16.6,-2.3,6.9,15.0,0.0
Buin,2024-08-25,18.5,3.8,10.0,17.3,0.0
Buin,2024-08-26,16.4,3.2,9.6,15.5,0.0
Buin,2024-08-27,17.3,3.7,9.1,16.4,0.0
Buin,2024-08-28,14.1,3.1,7.8,13.9,0.0
Buin,2024-08-29,11.1,5.7,7.9,9.9,1.9
Buin,2024-08-30,13.7,5.9,9.0,11.9,0.0
Buin,2024-08-31,18.4,4.4,11.2,17.9,0.0
Buin,2024-09-01,21.0,7.4,12.7,21.1,0.0
Buin,2024-09-02,14.7,5.2,9.6,12.9,0.1
Buin,2024-09-03,14.2,4.8,8.8,13.2,0.0
Buin,2024-09-04,18.0,3.6,10.4,17.9,0.0
Buin,2024-09-05,19.9,7.8,12.5,19.2,0.0
Buin,2024-09-06,16.5,4.2,10.1,15.6,0.0
Buin,2024-09-07,16.4,5.4,9.9,16.2,0.0
Buin,2024-09-08,18.0,5.4,10.7,17.9,0.0
Buin,2024-09-09,20.7,6.4,12.3,20.1,0.0
Buin,2024-09-10,17.8,5.2,11.1,16.2,0.4
Buin,2024-09-11,18.0,6.9,11.7,18.5,0.0
Buin,2024-09-12,15.9,4.5,9.5,15.0,0.0
Buin,2024-09-13,17.7,4.7,10.3,18.1,0.0
Buin,2024-09-14,21.3,6.4,13.2,20.7,0.0
Buin,2024-09-15,22.9,7.2,13.4,23.1,0.0
Buin,2024-09-16,22.7,9.1,14.3,21.0,0.0
Buin,2024-09-17,20.6,6.6,12.3,20.2,0.0
Buin,2024-09-18,19.3,6.5,12.1,17.7,0.0
Buin,2024-09-19,14.0,5.2,9.8,12.0,7.7
Buin,2024-09-20,17.0,5.7,10.1,15.3,0.0
Buin,2024-09-21,16.6,5.2,10.1,13.6,0.0
Buin,2024-09-22,13.1,6.0,9.4,11.0,3.9
Buin,2024-09-23,16.1,7.4,11.2,14.3,1.0
Buin,2024-09-24,17.7,4.0,10.4,17.7,0.0
Buin,2024-09-25,17.2,3.2,9.1,16.5,0.0
Buin,2024-09-26,22.7,5.3,13.1,22.2,0.0
Buin,2024-09-27,20.6,7.8,13.9,20.3,0.0
Buin,2024-09-28,23.1,9.1,15.3,22.8,0.0
Buin,2024-09-29,18.1,5.8,11.8,16.9,0.0
Buin,2024-09-30,18.5,7.9,11.9,16.4,0.0
Buin,2024-10-01,18.3,6.3,11.5,16.4,0.0
Buin,2024-10-02,20.7,6.3,12.8,20.2,0.0
Buin,2024-10-03,23.9,9.1,15.4,24.5,0.0
Buin,2024-10-04,24.3,8.4,15.9,25.1,0.0
Buin,2024-10-05,24.7,6.9,15.6,25.7,0.0
Buin,2024-10-06,19.5,11.1,15.1,19.0,0.2
Buin,2024-10-07,22.9,9.0,14.8,24.0,1.9
Buin,2024-10-08,14.9,9.7,12.0,13.7,11.5
Buin,2024-10-09,19.4,9.6,13.9,19.4,0.0
Buin,2024-10-10,16.3,8.3,12.5,15.4,0.0
Buin,2024-10-11,17.6,8.4,12.6,17.5,0.0
Buin,2024-10-12,18.6,8.3,13.1,18.4,0.0
Buin,2024-10-13,23.5,9.0,15.0,23.9,0.0
Buin,2024-10-14,22.1,6.7,14.2,21.4,0.0
Buin,2024-10-15,27.2,10.1,16.6,27.3,0.0
Buin,2024-10-16,18.8,6.3,12.4,17.1,0.0
Buin,2024-10-17,25.2,5.4,14.6,25.2,0.0
Buin,2024-10-18,27.5,8.6,16.5,28.4,0.0
Buin,2024-10-19,20.3,7.5,12.7,20.6,0.0
Buin,2024-10-20,20.3,8.3,13.9,19.5,1.1
Buin,2024-10-21,23.8,8.6,15.6,24.3,0.0
Buin,2024-10-22,22.3,10.8,15.1,22.7,3.4
Buin,2024-10-23,19.9,9.3,13.4,19.1,1.7
Buin,2024-10-24,26.2,8.1,15.8,25.4,0.0
Buin,2024-10-25,23.8,8.2,14.6,23.4,0.0
Buin,2024-10-26,28.3,10.3,17.2,28.1,0.0
Buin,2024-10-27,26.3,7.6,15.8,27.1,0.0
Buin,2024-10-28,30.1,10.0,17.7,31.1,0.0
Buin,2024-10-29,23.7,8.7,15.0,24.5,0.0
Buin,2024-10-30,24.8,7.6,14.1,25.5,0.4
Buin,2024-10-31,25.3,8.5,14.9,25.5,0.0
Buin,2024-11-01,20.0,7.6,13.3,19.5,0.0
Buin,2024-11-02,25.3,6.8,15.7,25.0,0.0
Buin,2024-11-03,22.8,7.9,13.8,22.3,0.0
Buin,2024-11-04,23.7,6.1,14.2,23.2,0.0
Buin,2024-11-05,27.0,9.4,16.8,27.6,0.0
Buin,2024-11-06,26.7,10.6,17.7,27.1,0.0
Buin,2024-11-07,25.8,10.9,17.8,25.4,0.0
Buin,2024-11-08,29.4,12.9,19.9,29.4,0.0
Buin,2024-11-09,28.1,11.2,18.5,28.3,0.0
Buin,2024-11-10,20.6,11.1,15.6,20.6,0.2
Buin,2024-11-11,25.5,9.7,16.9,24.8,0.0
Buin,2024-11-12,31.0,10.4,20.6,30.5,0.0
Buin,2024-11-13,24.8,13.1,19.1,24.1,0.0
Buin,2024-11-14,25.6,10.1,16.6,25.8,0.0
Buin,2024-11-15,25.5,8.2,15.9,25.5,0.1
Buin,2024-11-16,20.4,10.8,15.0,19.6,1.2
Buin,2024-11-17,26.3,7.4,16.1,26.1,0.0
Buin,2024-11-18,26.3,9.3,16.6,25.7,0.0
Buin,2024-11-19,25.8,7.8,15.1,24.7,0.0
Buin,2024-11-20,25.9,9.6,16.4,24.7,0.0
Buin,2024-11-21,26.6,10.0,16.9,26.3,0.0
Buin,2024-11-22,27.2,8.4,16.7,26.9,0.0
Buin,2024-11-23,29.7,10.5,19.4,29.5,0.0
Buin,2024-11-24,29.0,11.0,19.7,28.5,0.0
Buin,2024-11-25,27.5,11.1,19.1,26.2,0.0
Buin,2024-11-26,27.4,10.2,17.8,25.8,0.0
Buin,2024-11-27,25.1,7.2,15.5,24.1,0.0
Buin,2024-11-28,27.0,6.7,16.4,26.0,0.0
Buin,2024-11-29,28.8,10.4,19.0,28.1,0.0
Buin,2024-11-30,25.3,9.9,16.9,23.5,0.0
Buin,2024-12-01,24.8,8.4,16.1,23.7,0.0
Buin,2024-12-02,27.0,9.8,17.5,25.5,0.0
Buin,2024-12-03,26.1,8.6,16.5,25.5,0.0
Buin,2024-12-04,24.8,8.5,15.6,24.1,0.0
Buin,2024-12-05,22.4,7.9,14.5,21.1,0.0
Buin,2024-12-06,26.5,8.0,16.6,25.0,0.0
Buin,2024-12-07,26.5,11.1,17.9,26.0,0.0
Buin,2024-12-08,25.5,7.1,15.7,24.0,0.0
Buin,2024-12-09,30.5,7.8,18.1,28.8,0.0
Buin,2024-12-10,27.2,9.8,17.9,26.7,0.0
Buin,2024-12-11,29.7,9.9,18.9,29.3,0.0
Buin,2024-12-12,28.1,9.5,17.6,26.8,0.0
Buin,2024-12-13,30.6,10.9,19.7,29.2,0.0
Buin,2024-12-14,30.3,10.7,19.3,29.8,0.0
Buin,2024-12-15,26.1,10.1,17.3,25.7,0.0
Buin,2024-12-16,26.7,8.2,15.9,26.3,0.0
Buin,2024-12-17,26.2,8.1,15.9,25.6,0.0
Buin,2024-12-18,28.9,8.9,18.4,28.8,0.0
Buin,2024-12-19,32.9,13.3,22.7,33.9,0.0
Buin,2024-12-20,30.2,13.0,21.1,28.9,0.0
Buin,2024-12-21,32.6,12.7,22.5,33.4,0.0
Buin,2024-12-22,33.0,15.1,22.9,33.0,0.0
Buin,2024-12-23,28.5,14.9,21.0,29.0,0.0
Buin,2024-12-24,29.1,12.8,20.5,28.8,0.0
Buin,2024-12-25,27.7,11.8,19.0,27.8,0.0
Buin,2024-12-26,26.4,10.1,17.0,27.1,0.0
Buin,2024-12-27,27.8,10.0,17.8,28.3,0.0
Buin,2024-12-28,28.9,9.7,18.0,29.3,0.0
Buin,2024-12-29,30.6,10.7,18.9,30.9,0.0
Buin,2024-12-30,30.3,10.9,19.5,30.3,0.0
Buin,2024-12-31,30.8,12.4,20.5,31.0,0.0
Calera de Tango,2024-01-01,28.1,10.5,18.3,28.0,0.0
Calera de Tango,2024-01-02,29.9,10.9,19.7,30.0,0.0
Calera de Tango,2024-01-03,28.8,12.4,20.0,29.0,0.0
Calera de Tango,2024-01-04,27.5,12.4,19.2,27.8,0.0
Calera de Tango,2024-01-05,25.9,12.6,18.4,26.3,0.0
Calera de Tango,2024-01-06,26.1,12.9,18.5,26.8,0.0
Calera de Tango,2024-01-07,29.6,11.2,20.3,29.0,0.0
Calera de Tango,2024-01-08,29.5,11.9,20.2,29.7,0.0
Calera de Tango,2024-01-09,29.0,11.6,19.7,28.7,0.0
Calera de Tango,2024-01-10,29.5,11.3,19.9,29.1,0.0
Calera de Tango,2024-01-11,29.0,13.7,20.0,29.0,0.0
Calera de Tango,2024-01-12,27.1,11.7,18.6,26.8,0.0
Calera de Tango,2024-01-13,26.6,11.1,17.7,26.8,0.0
Calera de Tango,2024-01-14,33.1,11.2,21.8,32.0,0.0
Calera de Tango,2024-01-15,30.0,13.4,21.1,29.2,0.0
Calera de Tango,2024-01-16,31.5,10.6,20.9,30.5,0.0
Calera de Tango,2024-01-17,28.9,14.2,20.7,29.0,0.0
Calera de Tango,2024-01-18,31.8,12.1,21.4,31.4,0.0
Calera de Tango,2024-01-19,31.9,13.7,22.7,31.0,0.0
Calera de Tango,2024-01-20,29.6,14.9,21.6,29.1,0.0
Calera de Tango,2024-01-21,31.5,13.6,21.5,31.4,0.0
Calera de Tango,2024-01-22,31.6,13.4,21.9,32.2,0.0
Calera de Tango,2024-01-23,29.1,12.9,20.3,29.2,0.0
Calera de Tango,2024-01-24,33.2,14.0,22.6,33.6,0.0
Calera de Tango,2024-01-25,29.5,15.8,21.6,29.8,0.0
Calera de Tango,2024-01-26,29.7,14.0,20.5,29.9,0.0
Calera de Tango,2024-01-27,32.3,13.7,21.7,33.0,0.0
Calera de Tango,2024-01-28,29.1,15.4,20.8,28.8,0.0
Calera de Tango,2024-01-29,30.8,14.2,21.3,31.4,0.0
Calera de Tango,2024-01-30,34.1,14.1,23.1,33.8,0.0
Calera de Tango,2024-01-31,36.3,16.0,25.5,34.7,0.0
Calera de Tango,2024-02-01,34.0,16.2,24.6,33.7,0.0
Calera de Tango,2024-02-02,35.3,14.8,24.9,36.3,0.0
Calera de Tango,2024-02-03,35.3,18.2,25.6,34.6,0.0
Calera de Tango,2024-02-04,29.8,15.8,21.5,29.4,0.0
Calera de Tango,2024-02-05,31.8,12.5,21.7,31.5,0.0
Calera de Tango,2024-02-06,29.6,15.2,21.7,29.6,0.0
Calera de Tango,2024-02-07,33.7,14.1,23.1,34.1,0.0
Calera de Tango,2024-02-08,31.6,16.2,23.0,32.8,0.0
Calera de Tango,2024-02-09,29.9,14.3,21.0,30.2,0.0
Calera de Tango,2024-02-10,31.9,13.7,22.1,31.9,0.0
Calera de Tango,2024-02-11,28.4,12.2,19.7,28.0,0.0
Calera de Tango,2024-02-12,34.2,13.4,23.0,32.6,0.0
Calera de Tango,2024-02-13,29.9,16.1,21.9,29.4,0.0
Calera de Tango,2024-02-14,30.9,12.4,20.0,31.5,0.0
Calera de Tango,2024-02-15,31.0,12.6,20.0,32.0,0.0
Calera de Tango,2024-02-16,28.2,13.2,19.8,28.3,0.0
Calera de Tango,2024-02-17,33.4,13.4,22.6,32.9,0.0
Calera de Tango,2024-02-18,32.0,15.4,22.9,31.8,0.0
Calera de Tango,2024-02-19,28.1,13.1,19.4,28.2,0.0
Calera de Tango,2024-02-20,29.2,14.4,19.7,30.0,0.0
Calera de Tango,2024-02-21,28.0,12.9,19.1,28.2,0.0
Calera de Tango,2024-02-22,18.4,13.3,16.2,18.1,4.1
Calera de Tango,2024-02-23,28.2,11.2,19.2,30.6,4.7
Calera de Tango,2024-02-24,29.4,13.3,20.9,30.6,0.0
Calera de Tango,2024-02-25,29.0,13.2,20.1,29.4,0.0
Calera de Tango,2024-02-26,30.8,11.9,20.9,30.7,0.0
Calera de Tango,2024-02-27,29.9,14.3,21.2,29.2,0.0
Calera de Tango,2024-02-28,31.9,12.7,21.3,31.1,0.0
Calera de Tango,2024-02-29,32.5,14.5,22.4,32.3,0.0
Calera de Tango,2024-03-01,27.9,13.4,20.2,27.2,0.0
Calera de Tango,2024-03-02,30.4,14.2,21.5,29.4,0.0
Calera de Tango,2024-03-03,30.0,14.4,21.2,28.9,0.0
Calera de Tango,2024-03-04,31.1,13.0,20.9,29.9,0.0
Calera de Tango,2024-03-05,28.9,13.4,20.0,27.5,0.0
Calera de Tango,2024-03-06,28.5,12.8,19.5,27.9,0.0
Calera de Tango,2024-03-07,26.9,10.9,17.9,25.9,0.0
Calera de Tango,2024-03-08,27.1,9.2,17.5,26.1,0.0
Calera de Tango,2024-03-09,29.8,10.8,19.5,28.5,0.0
Calera de Tango,2024-03-10,27.6,13.4,19.1,27.5,0.0
Calera de Tango,2024-03-11,26.5,10.9,17.5,26.2,0.0
Calera de Tango,2024-03-12,27.8,9.6,17.9,26.1,0.0
Calera de Tango,2024-03-13,27.8,11.7,18.8,26.9,0.0
Calera de Tango,2024-03-14,28.1,10.2,18.9,26.4,0.0
Calera de Tango,2024-03-15,28.0,10.2,18.5,26.2,0.0
Calera de Tango,2024-03-16,28.1,9.9,18.7,25.9,0.0
Calera de Tango,2024-03-17,29.1,11.0,19.1,27.2,0.0
Calera de Tango,2024-03-18,30.5,12.0,20.8,28.5,0.0
Calera de Tango,2024-03-19,26.4,13.2,19.4,25.4,0.0
Calera de Tango,2024-03-20,21.5,11.1,15.6,20.9,1.0
Calera de Tango,2024-03-21,30.8,10.2,19.4,30.2,0.0
Calera de Tango,2024-03-22,31.0,14.2,21.6,30.6,0.0
Calera de Tango,2024-03-23,29.0,13.1,20.2,28.2,0.0
Calera de Tango,2024-03-24,30.5,13.1,20.9,29.6,0.0
Calera de Tango,2024-03-25,27.0,13.4,19.0,26.7,0.0
Calera de Tango,2024-03-26,28.5,12.1,19.5,28.4,0.0
Calera de Tango,2024-03-27,29.0,14.1,20.5,28.5,0.0
Calera de Tango,2024-03-28,29.0,13.9,20.1,29.2,0.0
Calera de Tango,2024-03-29,29.5,12.9,20.2,29.4,0.0
Calera de Tango,2024-03-30,30.0,13.5,21.0,29.6,0.0
Calera de Tango,2024-03-31,28.4,13.8,20.6,26.8,0.0
Calera de Tango,2024-04-01,25.9,10.4,17.9,23.0,0.0
Calera de Tango,2024-04-02,23.9,11.4,16.6,21.2,3.1
Calera de Tango,2024-04-03,19.5,12.1,15.4,19.3,0.0
Calera de Tango,2024-04-04,26.1,11.4,17.8,25.6,0.0
Calera de Tango,2024-04-05,27.6,11.1,18.2,26.9,0.0
Calera de Tango,2024-04-06,24.5,9.1,16.8,23.3,0.0
Calera de Tango,2024-04-07,27.7,10.0,17.6,26.5,0.0
Calera de Tango,2024-04-08,24.7,9.4,16.6,23.2,0.0
Calera de Tango,2024-04-09,25.6,10.2,17.1,24.3,0.0
Calera de Tango,2024-04-10,26.3,11.2,17.1,25.2,0.0
Calera de Tango,2024-04-11,21.0,8.3,13.3,18.4,0.0
Calera de Tango,2024-04-12,15.1,8.6,11.7,14.1,0.1
Calera de Tango,2024-04-13,19.5,6.8,12.6,17.6,0.0
Calera de Tango,2024-04-14,21.1,8.8,14.2,19.4,0.2
Calera de Tango,2024-04-15,18.4,11.4,13.3,17.2,6.2
Calera de Tango,2024-04-16,23.4,8.8,15.0,22.0,0.0
Calera de Tango,2024-04-17,27.6,7.1,16.9,25.1,0.0
Calera de Tango,2024-04-18,29.5,8.8,18.2,27.5,0.0
Calera de Tango,2024-04-19,23.6,11.4,16.8,21.9,0.0
Calera de Tango,2024-04-20,21.3,10.9,15.6,20.0,0.0
Calera de Tango,2024-04-21,18.4,11.1,14.4,16.6,0.0
Calera de Tango,2024-04-22,20.3,9.4,13.7,19.6,0.3
Calera de Tango,2024-04-23,24.0,7.9,14.7,22.5,0.0
Calera de Tango,2024-04-24,21.5,8.1,14.2,20.4,0.0
Calera de Tango,2024-04-25,21.6,6.2,13.4,18.5,0.0
Calera de Tango,2024-04-26,19.2,8.1,13.0,17.3,0.0
Calera de Tango,2024-04-27,19.5,7.4,12.1,17.8,0.0
Calera de Tango,2024-04-28,16.4,7.5,10.9,13.4,0.0
Calera de Tango,2024-04-29,17.2,4.9,11.0,14.0,0.0
Calera de Tango,2024-04-30,14.9,6.4,10.4,13.4,44.0
Calera de Tango,2024-05-01,14.5,5.2,9.6,12.3,0.2
Calera de Tango,2024-05-02,13.8,2.0,7.4,11.0,0.0
Calera de Tango,2024-05-03,15.6,2.6,8.7,14.0,0.0
Calera de Tango,2024-05-04,17.4,4.5,9.7,15.1,0.0
Calera de Tango,2024-05-05,15.6,6.2,9.7,14.3,0.0
Calera de Tango,2024-05-06,15.1,4.9,9.0,13.3,0.0
Calera de Tango,2024-05-07,9.1,3.4,6.2,7.9,30.5
Calera de Tango,2024-05-08,14.4,-0.3,6.3,12.1,0.0
Calera de Tango,2024-05-09,15.9,0.7,6.9,14.2,0.0
Calera de Tango,2024-05-10,13.4,3.5,7.9,11.7,0.0
Calera de Tango,2024-05-11,13.6,3.3,7.9,11.4,0.0
Calera de Tango,2024-05-12,13.1,3.5,7.7,9.9,0.0
Calera de Tango,2024-05-13,14.2,-1.4,5.5,11.7,0.0
Calera de Tango,2024-05-14,14.9,-1.1,6.0,12.3,0.0
Calera de Tango,2024-05-15,10.1,2.5,5.6,8.1,3.4
Calera de Tango,2024-05-16,13.7,-1.4,5.8,11.2,0.0
Calera de Tango,2024-05-17,13.4,-0.1,6.1,11.3,0.0
Calera de Tango,2024-05-18,14.8,-2.4,5.3,12.6,0.0
Calera de Tango,2024-05-19,14.4,-0.9,6.4,11.9,0.0
Calera de Tango,2024-05-20,9.1,6.7,7.6,6.9,31.2
Calera de Tango,2024-05-21,13.4,6.1,9.0,12.6,21.6
Calera de Tango,2024-05-22,9.2,5.8,7.8,7.6,24.8
Calera de Tango,2024-05-23,11.8,3.5,7.2,10.3,6.0
Calera de Tango,2024-05-24,13.2,-0.9,6.4,11.5,0.0
Calera de Tango,2024-05-25,14.5,7.0,9.9,12.3,0.3
Calera de Tango,2024-05-26,12.6,4.0,7.9,11.3,14.7
Calera de Tango,2024-05-27,14.1,-1.4,6.1,12.1,0.0
Calera de Tango,2024-05-28,17.2,2.0,8.3,15.9,0.0
Calera de Tango,2024-05-29,17.3,6.1,10.3,16.3,0.0
Calera de Tango,2024-05-30,18.0,6.4,10.6,16.9,0.0
Calera de Tango,2024-05-31,15.3,4.2,9.0,13.8,0.0
Calera de Tango,2024-06-01,16.5,0.6,8.8,15.4,0.0
Calera de Tango,2024-06-02,17.4,8.8,11.5,16.6,0.0
Calera de Tango,2024-06-03,15.1,9.1,11.2,14.0,0.1
Calera de Tango,2024-06-04,17.5,5.8,10.5,16.7,0.6
Calera de Tango,2024-06-05,13.9,7.7,10.0,13.0,0.0
Calera de Tango,2024-06-06,16.2,7.3,11.2,15.7,0.0
Calera de Tango,2024-06-07,19.0,7.0,11.9,18.5,0.0
Calera de Tango,2024-06-08,15.0,8.1,10.7,14.2,2.8
Calera de Tango,2024-06-09,12.4,6.7,9.7,11.0,8.8
Calera de Tango,2024-06-10,14.2,7.9,10.5,13.2,0.0
Calera de Tango,2024-06-11,14.9,8.1,10.4,14.0,0.0
Calera de Tango,2024-06-12,12.3,8.2,10.3,11.6,0.0
Calera de Tango,2024-06-13,12.1,8.2,9.6,9.9,51.7
Calera de Tango,2024-06-14,13.9,5.2,9.5,12.8,14.3
Calera de Tango,2024-06-15,13.8,1.5,7.4,12.4,0.0
Calera de Tango,2024-06-16,14.1,1.5,7.0,13.3,0.0
Calera de Tango,2024-06-17,14.1,3.7,8.2,12.8,1.5
Calera de Tango,2024-06-18,9.9,6.2,8.0,8.8,40.0
Calera de Tango,2024-06-19,14.6,5.5,8.8,13.2,5.0
Calera de Tango,2024-06-20,11.6,5.7,8.1,10.7,0.0
Calera de Tango,2024-06-21,8.6,5.7,7.5,6.9,58.4
Calera de Tango,2024-06-22,7.9,4.9,6.4,6.8,15.5
Calera de Tango,2024-06-23,10.4,5.0,7.0,8.2,1.8
Calera de Tango,2024-06-24,9.2,2.7,5.9,6.9,0.0
Calera de Tango,2024-06-25,10.3,2.3,5.3,8.5,0.1
Calera de Tango,2024-06-26,14.5,0.1,5.8,12.6,0.0
Calera de Tango,2024-06-27,14.2,2.9,7.7,12.9,0.0
Calera de Tango,2024-06-28,13.9,4.1,7.5,12.4,0.0
Calera de Tango,2024-06-29,15.4,1.8,7.2,14.1,0.0
Calera de Tango,2024-06-30,17.2,2.4,8.3,15.9,0.0
Calera de Tango,2024-07-01,17.8,1.8,8.7,16.5,0.0
Calera de Tango,2024-07-02,16.4,1.4,7.6,14.7,0.0
Calera de Tango,2024-07-03,15.2,4.9,8.6,13.6,0.0
Calera de Tango,2024-07-04,13.1,2.7,6.7,11.3,0.0
Calera de Tango,2024-07-05,15.2,-0.8,6.1,13.0,0.0
Calera de Tango,2024-07-06,12.4,-0.2,4.5,9.7,0.0
Calera de Tango,2024-07-07,13.8,0.7,5.2,10.7,0.0
Calera de Tango,2024-07-08,14.6,-1.4,4.7,11.6,0.0
Calera de Tango,2024-07-09,10.4,-1.6,2.7,6.9,0.0
Calera de Tango,2024-07-10,9.9,-1.0,3.1,7.2,0.0
Calera de Tango,2024-07-11,10.9,-2.8,2.7,8.6,0.0
Calera de Tango,2024-07-12,15.1,-4.0,4.2,11.4,0.0
Calera de Tango,2024-07-13,14.6,-2.2,3.9,11.2,0.0
Calera de Tango,2024-07-14,12.7,-2.0,3.7,9.2,0.0
Calera de Tango,2024-07-15,14.1,-1.6,3.7,11.0,0.0
Calera de Tango,2024-07-16,18.1,1.8,7.3,14.6,0.0
Calera de Tango,2024-07-17,17.0,0.8,7.0,13.9,0.0
Calera de Tango,2024-07-18,9.9,2.2,5.9,8.1,0.9
Calera de Tango,2024-07-19,13.9,3.8,7.7,12.9,0.0
Calera de Tango,2024-07-20,13.5,2.7,6.5,12.2,0.0
Calera de Tango,2024-07-21,14.2,4.6,8.4,12.4,0.0
Calera de Tango,2024-07-22,17.2,3.1,9.0,16.1,0.0
Calera de Tango,2024-07-23,11.4,3.4,7.0,10.0,0.2
Calera de Tango,2024-07-24,15.3,0.8,7.1,14.0,0.0
Calera de Tango,2024-07-25,15.4,1.3,7.8,14.0,0.0
Calera de Tango,2024-07-26,12.8,4.0,7.4,11.3,0.0
Calera de Tango,2024-07-27,14.5,1.8,7.3,13.1,0.0
Calera de Tango,2024-07-28,16.6,2.2,7.7,14.1,0.0
Calera de Tango,2024-07-29,20.0,0.9,9.4,18.9,0.0
Calera de Tango,2024-07-30,15.9,6.9,10.5,15.1,0.0
Calera de Tango,2024-07-31,11.9,7.2,9.1,11.3,0.0
Calera de Tango,2024-08-01,8.8,6.8,7.7,8.1,0.2
Calera de Tango,2024-08-02,11.8,5.4,8.3,10.4,65.2
Calera de Tango,2024-08-03,14.7,1.9,7.6,12.3,12.4
Calera de Tango,2024-08-04,14.7,4.8,8.7,13.2,0.0
Calera de Tango,2024-08-05,8.9,5.8,6.6,7.4,11.2
Calera de Tango,2024-08-06,11.6,3.7,6.8,9.0,3.1
Calera de Tango,2024-08-07,10.6,-1.8,4.9,7.9,0.0
Calera de Tango,2024-08-08,13.8,-4.2,4.7,11.6,0.0
Calera de Tango,2024-08-09,16.8,-3.9,6.0,15.1,0.0
Calera de Tango,2024-08-10,18.1,1.5,9.0,17.2,0.0
Calera de Tango,2024-08-11,19.0,2.0,9.6,18.2,0.0
Calera de Tango,2024-08-12,21.7,2.5,10.9,21.4,0.0
Calera de Tango,2024-08-13,18.7,4.6,10.3,19.1,0.0
Calera de Tango,2024-08-14,13.6,7.9,9.9,13.0,0.0
Calera de Tango,2024-08-15,16.1,6.0,10.1,14.8,0.0
Calera de Tango,2024-08-16,12.0,6.8,8.7,10.5,0.0
Calera de Tango,2024-08-17,14.5,5.5,9.0,13.0,0.0
Calera de Tango,2024-08-18,11.4,4.1,7.5,9.9,0.0
Calera de Tango,2024-08-19,12.2,2.7,6.8,9.1,0.0
Calera de Tango,2024-08-20,10.2,2.0,5.2,7.3,0.0
Calera de Tango,2024-08-21,10.9,0.1,4.6,9.3,12.0
Calera de Tango,2024-08-22,11.2,-1.2,4.7,8.8,2.3
Calera de Tango,2024-08-23,9.4,-1.2,4.3,6.7,2.2
Calera de Tango,2024-08-24,15.2,-4.0,4.7,13.2,0.0
Calera de Tango,2024-08-25,18.1,-0.5,7.5,17.1,0.0
Calera de Tango,2024-08-26,15.6,-0.3,7.8,14.3,0.0
Calera de Tango,2024-08-27,17.5,-0.8,8.2,16.8,0.0
Calera de Tango,2024-08-28,14.8,4.8,8.9,14.1,0.0
Calera de Tango,2024-08-29,12.8,6.6,8.9,11.0,0.1
Calera de Tango,2024-08-30,13.6,5.8,8.9,11.8,0.2
Calera de Tango,2024-08-31,18.9,-0.1,9.2,18.2,0.0
Calera de Tango,2024-09-01,22.7,3.7,11.3,22.8,0.0
Calera de Tango,2024-09-02,13.8,4.7,9.0,11.7,0.0
Calera de Tango,2024-09-03,14.8,4.2,8.8,13.0,0.0
Calera de Tango,2024-09-04,18.0,2.0,9.5,16.9,0.0
Calera de Tango,2024-09-05,20.7,2.7,10.8,20.3,0.0
Calera de Tango,2024-09-06,16.1,5.2,10.1,15.4,0.0
Calera de Tango,2024-09-07,15.9,7.6,10.6,15.3,0.0
Calera de Tango,2024-09-08,18.5,5.3,11.0,18.1,0.0
Calera de Tango,2024-09-09,20.7,6.9,12.7,20.4,0.0
Calera de Tango,2024-09-10,17.0,6.2,11.2,15.5,0.2
Calera de Tango,2024-09-11,18.1,5.1,10.9,17.5,0.0
Calera de Tango,2024-09-12,16.1,5.3,10.2,15.2,0.0
Calera de Tango,2024-09-13,17.8,4.6,10.6,17.1,0.0
Calera de Tango,2024-09-14,21.5,2.3,11.8,20.8,0.0
Calera de Tango,2024-09-15,21.9,3.9,13.1,21.3,0.0
Calera de Tango,2024-09-16,23.8,4.1,13.1,22.9,0.0
Calera de Tango,2024-09-17,20.5,5.7,12.4,20.7,0.0
Calera de Tango,2024-09-18,19.9,6.8,11.3,19.2,0.0
Calera de Tango,2024-09-19,14.7,6.1,9.6,12.8,9.3
Calera de Tango,2024-09-20,17.4,3.5,10.0,15.6,0.0
Calera de Tango,2024-09-21,16.5,5.8,10.2,14.9,0.0
Calera de Tango,2024-09-22,12.6,5.7,9.0,10.3,2.7
Calera de Tango,2024-09-23,15.4,6.8,10.7,13.3,1.6
Calera de Tango,2024-09-24,17.4,5.2,10.5,17.1,0.0
Calera de Tango,2024-09-25,17.5,4.7,10.2,16.7,0.0
Calera de Tango,2024-09-26,23.5,-0.6,11.5,23.6,0.0
Calera de Tango,2024-09-27,21.2,5.8,13.3,20.8,0.0
Calera de Tango,2024-09-28,23.6,9.2,15.3,23.0,0.0
Calera de Tango,2024-09-29,18.3,7.2,12.3,17.8,0.0
Calera de Tango,2024-09-30,18.5,8.6,11.8,18.2,0.0
Calera de Tango,2024-10-01,17.1,5.8,11.1,15.7,0.0
Calera de Tango,2024-10-02,21.0,4.9,12.9,20.3,0.0
Calera de Tango,2024-10-03,24.5,7.3,14.7,24.8,0.0
Calera de Tango,2024-10-04,24.4,8.7,15.1,25.1,0.0
Calera de Tango,2024-10-05,24.8,8.0,16.1,24.9,0.0
Calera de Tango,2024-10-06,21.1,11.7,15.3,20.3,0.1
Calera de Tango,2024-10-07,21.5,9.9,14.6,21.8,5.7
Calera de Tango,2024-10-08,15.0,10.7,12.3,13.7,10.8
Calera de Tango,2024-10-09,19.5,8.6,13.5,18.6,0.0
Calera de Tango,2024-10-10,16.6,9.7,12.9,15.5,0.0
Calera de Tango,2024-10-11,17.6,9.7,12.7,16.8,0.0
Calera de Tango,2024-10-12,18.6,8.0,13.1,17.8,0.0
Calera de Tango,2024-10-13,23.3,8.1,15.0,24.0,0.0
Calera de Tango,2024-10-14,21.3,7.8,14.0,21.2,0.0
Calera de Tango,2024-10-15,27.4,7.2,16.0,27.8,0.0
Calera de Tango,2024-10-16,17.9,7.9,12.7,17.3,0.0
Calera de Tango,2024-10-17,25.4,5.8,14.9,25.5,0.0
Calera de Tango,2024-10-18,27.5,8.8,17.0,28.3,0.0
Calera de Tango,2024-10-19,20.5,8.7,13.5,20.2,0.0
Calera de Tango,2024-10-20,19.9,8.6,13.4,19.1,0.3
Calera de Tango,2024-10-21,23.6,7.3,15.2,23.6,0.0
Calera de Tango,2024-10-22,22.5,9.8,14.8,22.8,3.0
Calera de Tango,2024-10-23,19.5,9.6,13.4,19.0,1.7
Calera de Tango,2024-10-24,25.7,6.3,15.0,25.1,0.0
Calera de Tango,2024-10-25,23.7,8.4,14.9,22.8,0.0
Calera de Tango,2024-10-26,28.5,6.8,17.3,28.9,0.0
Calera de Tango,2024-10-27,26.2,9.0,16.5,26.6,0.0
Calera de Tango,2024-10-28,31.1,9.2,18.4,32.1,0.0
Calera de Tango,2024-10-29,24.3,10.8,16.3,24.4,0.0
Calera de Tango,2024-10-30,24.8,11.1,16.0,25.2,0.0
Calera de Tango,2024-10-31,25.0,10.6,16.2,25.4,0.0
Calera de Tango,2024-11-01,20.1,10.2,13.9,19.5,0.0
Calera de Tango,2024-11-02,25.2,6.6,15.6,23.9,0.0
Calera de Tango,2024-11-03,23.0,8.0,14.4,22.6,0.0
Calera de Tango,2024-11-04,23.8,5.4,14.4,22.1,0.0
Calera de Tango,2024-11-05,26.7,7.8,17.0,25.5,0.0
Calera de Tango,2024-11-06,27.0,10.4,18.2,26.5,0.0
Calera de Tango,2024-11-07,25.8,9.8,17.8,24.1,0.0
Calera de Tango,2024-11-08,29.9,11.4,19.8,29.3,0.0
Calera de Tango,2024-11-09,27.7,11.6,18.9,27.0,0.0
Calera de Tango,2024-11-10,21.4,11.6,16.0,21.4,1.1
Calera de Tango,2024-11-11,26.1,8.5,17.3,25.5,0.0
Calera de Tango,2024-11-12,29.9,10.4,20.4,30.8,0.0
Calera de Tango,2024-11-13,24.2,12.6,18.7,23.6,0.0
Calera de Tango,2024-11-14,24.4,9.9,16.5,24.9,0.0
Calera de Tango,2024-11-15,23.6,10.4,16.0,23.7,0.0
Calera de Tango,2024-11-16,19.4,10.8,14.6,18.9,0.6
Calera de Tango,2024-11-17,24.8,7.8,15.7,25.4,0.0
Calera de Tango,2024-11-18,24.1,9.0,16.1,24.4,0.0
Calera de Tango,2024-11-19,23.9,9.4,15.1,24.2,0.0
Calera de Tango,2024-11-20,24.4,10.2,16.2,24.1,0.0
Calera de Tango,2024-11-21,25.0,10.1,16.6,25.1,0.0
Calera de Tango,2024-11-22,25.1,8.8,16.5,25.0,0.0
Calera de Tango,2024-11-23,28.5,10.0,18.6,28.9,0.0
Calera de Tango,2024-11-24,27.4,10.9,18.9,27.7,0.0
Calera de Tango,2024-11-25,25.9,11.8,18.4,25.6,0.0
Calera de Tango,2024-11-26,25.6,10.4,17.2,24.8,0.0
Calera de Tango,2024-11-27,23.5,8.9,15.4,23.0,0.0
Calera de Tango,2024-11-28,25.4,8.1,16.3,24.9,0.0
Calera de Tango,2024-11-29,27.3,10.4,18.5,26.8,0.0
Calera de Tango,2024-11-30,23.7,10.1,16.5,22.5,0.0
Calera de Tango,2024-12-01,23.5,9.6,15.7,22.9,0.0
Calera de Tango,2024-12-02,25.5,9.9,17.0,24.3,0.0
Calera de Tango,2024-12-03,24.6,9.2,16.3,24.6,0.0
Calera de Tango,2024-12-04,23.1,9.6,15.2,23.3,0.0
Calera de Tango,2024-12-05,21.7,7.9,14.0,22.3,0.0
Calera de Tango,2024-12-06,25.0,7.9,16.1,24.9,0.0
Calera de Tango,2024-12-07,25.3,11.2,17.6,25.0,0.0
Calera de Tango,2024-12-08,23.7,8.5,15.4,22.8,0.0
Calera de Tango,2024-12-09,29.0,7.7,17.9,27.7,0.0
Calera de Tango,2024-12-10,26.2,11.1,18.3,25.4,0.0
Calera de Tango,2024-12-11,27.9,10.6,18.9,27.2,0.0
Calera de Tango,2024-12-12,26.2,9.6,16.9,26.3,0.0
Calera de Tango,2024-12-13,28.8,10.8,19.5,28.2,0.0
Calera de Tango,2024-12-14,29.0,11.6,19.3,28.9,0.0
Calera de Tango,2024-12-15,25.1,11.6,17.5,24.6,0.0
Calera de Tango,2024-12-16,25.2,10.1,16.6,25.5,0.0
Calera de Tango,2024-12-17,24.9,10.2,16.7,24.7,0.0
Calera de Tango,2024-12-18,27.5,9.1,18.4,27.6,0.0
Calera de Tango,2024-12-19,31.8,12.9,22.0,31.7,0.0
Calera de Tango,2024-12-20,29.0,13.1,20.3,27.7,0.0
Calera de Tango,2024-12-21,31.2,12.2,21.7,31.4,0.0
Calera de Tango,2024-12-22,32.2,14.9,22.9,32.6,0.0
Calera de Tango,2024-12-23,27.0,15.6,20.8,26.8,0.0
Calera de Tango,2024-12-24,28.8,13.8,20.6,28.8,0.0
Calera de Tango,2024-12-25,26.9,12.7,19.2,27.3,0.0
Calera de Tango,2024-12-26,26.1,12.5,17.8,26.7,0.0
Calera de Tango,2024-12-27,26.8,11.6,18.4,27.7,0.0
Calera de Tango,2024-12-28,27.8,11.4,18.8,28.6,0.0
Calera de Tango,2024-12-29,29.2,11.6,19.5,30.0,0.0
Calera de Tango,2024-12-30,28.3,12.1,19.7,29.2,0.0
Calera de Tango,2024-12-31,29.6,12.6,20.5,29.8,0.0
Cerrillos,2024-01-01,30.1,12.1,20.4,29.6,0.0
Cerrillos,2024-01-02,31.5,12.5,21.8,31.8,0.0
Cerrillos,2024-01-03,31.2,16.5,22.6,31.5,0.0
Cerrillos,2024-01-04,30.2,15.2,21.7,30.6,0.0
Cerrillos,2024-01-05,28.0,13.9,20.5,28.1,0.0
Cerrillos,2024-01-06,27.8,14.1,20.5,28.3,0.0
Cerrillos,2024-01-07,31.0,14.0,22.1,30.2,0.0
Cerrillos,2024-01-08,30.7,14.8,22.3,30.0,0.0
Cerrillos,2024-01-09,30.3,14.4,21.8,29.6,0.0
Cerrillos,2024-01-10,30.5,13.8,22.0,29.8,0.0
Cerrillos,2024-01-11,30.9,16.1,22.4,30.4,0.0
Cerrillos,2024-01-12,29.2,14.8,20.9,28.3,0.0
Cerrillos,2024-01-13,28.0,12.4,19.6,27.8,0.0
Cerrillos,2024-01-14,34.7,13.6,23.8,33.0,0.0
Cerrillos,2024-01-15,31.1,15.6,23.1,29.4,0.0
Cerrillos,2024-01-16,33.0,11.1,22.1,31.9,0.0
Cerrillos,2024-01-17,31.2,17.4,22.9,31.4,0.0
Cerrillos,2024-01-18,33.5,15.4,23.7,32.7,0.0
Cerrillos,2024-01-19,33.8,18.7,25.4,33.3,0.0
Cerrillos,2024-01-20,31.9,17.0,24.0,31.9,0.0
Cerrillos,2024-01-21,33.4,15.6,23.8,33.5,0.0
Cerrillos,2024-01-22,34.0,17.0,24.1,34.7,0.0
Cerrillos,2024-01-23,31.6,14.4,22.4,32.2,0.0
Cerrillos,2024-01-24,35.2,17.3,25.0,36.2,0.0
Cerrillos,2024-01-25,32.0,17.8,23.7,32.4,0.0
Cerrillos,2024-01-26,31.4,15.4,22.2,31.4,0.0
Cerrillos,2024-01-27,34.0,16.7,23.9,35.0,0.0
Cerrillos,2024-01-28,30.6,17.1,23.0,31.3,0.0
Cerrillos,2024-01-29,33.1,17.5,24.0,33.5,0.0
Cerrillos,2024-01-30,36.0,17.2,25.8,35.9,0.0
Cerrillos,2024-01-31,37.8,20.0,28.1,37.6,0.0
Cerrillos,2024-02-01,35.2,19.1,26.8,34.5,0.0
Cerrillos,2024-02-02,36.8,18.3,27.0,35.9,0.0
Cerrillos,2024-02-03,37.3,20.0,27.6,36.6,0.0
Cerrillos,2024-02-04,32.0,18.9,23.8,32.1,0.0
Cerrillos,2024-02-05,33.5,15.1,23.7,33.5,0.0
Cerrillos,2024-02-06,31.9,18.0,24.2,31.6,0.0
Cerrillos,2024-02-07,35.6,17.2,25.3,36.1,0.0
Cerrillos,2024-02-08,33.3,19.1,25.0,34.5,0.0
Cerrillos,2024-02-09,31.8,16.8,23.0,31.7,0.0
Cerrillos,2024-02-10,33.8,17.0,24.5,33.5,0.0
Cerrillos,2024-02-11,30.4,15.1,22.1,29.6,0.0
Cerrillos,2024-02-12,36.0,16.6,25.4,34.8,0.0
Cerrillos,2024-02-13,32.0,17.6,24.4,31.2,0.0
Cerrillos,2024-02-14,32.7,14.5,22.0,33.1,0.0
Cerrillos,2024-02-15,33.0,14.5,22.1,34.2,0.0
Cerrillos,2024-02-16,30.5,14.4,22.2,30.7,0.0
Cerrillos,2024-02-17,34.8,16.9,25.1,33.9,0.0
Cerrillos,2024-02-18,34.1,17.6,25.0,33.9,0.0
Cerrillos,2024-02-19,29.5,15.1,21.1,29.7,0.0
Cerrillos,2024-02-20,30.4,15.6,21.1,31.3,0.0
Cerrillos,2024-02-21,29.9,14.2,20.6,30.0,0.0
Cerrillos,2024-02-22,20.2,15.2,17.6,19.1,10.8
Cerrillos,2024-02-23,29.2,14.4,20.9,31.6,0.2
Cerrillos,2024-02-24,30.2,16.0,22.5,31.5,0.0
Cerrillos,2024-02-25,30.8,16.0,22.4,31.5,0.0
Cerrillos,2024-02-26,31.6,15.2,22.9,32.2,0.0
Cerrillos,2024-02-27,31.2,16.5,23.2,31.0,0.0
Cerrillos,2024-02-28,33.2,15.9,23.5,32.9,0.0
Cerrillos,2024-02-29,34.0,17.0,24.6,33.4,0.0
Cerrillos,2024-03-01,30.1,16.4,22.8,29.7,0.0
Cerrillos,2024-03-02,31.8,17.1,23.7,30.9,0.0
Cerrillos,2024-03-03,31.9,17.3,23.6,30.8,0.0
Cerrillos,2024-03-04,33.0,16.3,23.4,32.4,0.0
Cerrillos,2024-03-05,31.0,16.7,22.7,29.9,0.0
Cerrillos,2024-03-06,30.1,16.0,21.9,29.4,0.0
Cerrillos,2024-03-07,28.5,12.9,19.9,27.5,0.0
Cerrillos,2024-03-08,28.6,11.9,19.2,27.5,0.0
Cerrillos,2024-03-09,31.0,13.1,21.6,29.6,0.0
Cerrillos,2024-03-10,29.5,14.8,21.0,28.3,0.0
Cerrillos,2024-03-11,28.0,12.4,19.0,27.8,0.0
Cerrillos,2024-03-12,29.0,12.4,19.8,27.5,0.0
Cerrillos,2024-03-13,28.8,12.1,20.2,28.1,0.0
Cerrillos,2024-03-14,29.2,13.2,21.2,27.5,0.0
Cerrillos,2024-03-15,29.0,13.6,20.5,27.4,0.0
Cerrillos,2024-03-16,29.4,13.9,20.9,27.6,0.0
Cerrillos,2024-03-17,30.4,14.6,21.5,28.2,0.0
Cerrillos,2024-03-18,32.0,16.1,22.7,29.8,0.0
Cerrillos,2024-03-19,28.4,14.9,20.6,26.7,0.0
Cerrillos,2024-03-20,22.6,11.9,16.6,21.4,1.3
Cerrillos,2024-03-21,32.5,13.0,21.7,31.8,1.5
Cerrillos,2024-03-22,32.7,18.4,24.2,31.8,0.0
Cerrillos,2024-03-23,30.2,16.0,22.4,29.4,0.0
Cerrillos,2024-03-24,31.8,17.3,23.5,31.7,0.0
Cerrillos,2024-03-25,28.9,16.2,21.3,28.8,0.0
Cerrillos,2024-03-26,30.5,14.4,21.6,31.0,0.0
Cerrillos,2024-03-27,30.5,16.2,22.7,30.6,0.0
Cerrillos,2024-03-28,30.3,15.9,22.0,30.7,0.0
Cerrillos,2024-03-29,31.0,15.8,22.3,31.4,0.0
Cerrillos,2024-03-30,32.3,15.5,22.9,31.9,0.0
Cerrillos,2024-03-31,30.0,17.0,22.5,28.3,0.0
Cerrillos,2024-04-01,27.1,13.4,19.9,25.0,0.0
Cerrillos,2024-04-02,25.1,13.8,18.2,22.1,0.0
Cerrillos,2024-04-03,21.5,13.1,16.7,20.6,0.0
Cerrillos,2024-04-04,27.5,12.4,19.1,27.0,0.0
Cerrillos,2024-04-05,29.2,15.4,20.5,28.1,0.0
Cerrillos,2024-04-06,25.9,11.2,18.2,24.9,0.0
Cerrillos,2024-04-07,29.2,13.1,20.0,28.5,0.0
Cerrillos,2024-04-08,25.9,12.2,18.3,24.0,0.0
Cerrillos,2024-04-09,27.6,13.9,19.3,26.5,0.0
Cerrillos,2024-04-10,27.9,14.0,18.9,26.9,0.0
Cerrillos,2024-04-11,22.6,10.4,15.2,20.2,0.0
Cerrillos,2024-04-12,17.1,11.2,13.8,15.3,0.0
Cerrillos,2024-04-13,20.5,8.6,13.8,18.8,0.0
Cerrillos,2024-04-14,22.0,10.4,15.4,20.9,0.1
Cerrillos,2024-04-15,19.6,12.1,14.4,18.5,7.9
Cerrillos,2024-04-16,24.0,10.7,16.4,23.0,0.0
Cerrillos,2024-04-17,29.4,10.3,18.5,27.3,0.0
Cerrillos,2024-04-18,31.0,13.2,20.4,29.2,0.0
Cerrillos,2024-04-19,25.4,12.9,18.2,23.2,0.0
Cerrillos,2024-04-20,22.6,12.9,16.8,20.6,0.0
Cerrillos,2024-04-21,19.8,12.9,15.5,17.4,0.0
Cerrillos,2024-04-22,21.7,11.9,15.9,20.1,0.0
Cerrillos,2024-04-23,25.3,10.9,16.3,23.3,0.0
Cerrillos,2024-04-24,22.9,10.3,15.0,21.5,0.0
Cerrillos,2024-04-25,23.0,9.1,15.2,19.3,0.0
Cerrillos,2024-04-26,20.5,8.6,14.2,17.5,0.0
Cerrillos,2024-04-27,21.3,8.1,13.5,19.0,0.0
Cerrillos,2024-04-28,18.4,9.0,12.2,15.0,0.0
Cerrillos,2024-04-29,20.0,6.9,12.7,16.2,0.0
Cerrillos,2024-04-30,15.9,7.4,11.9,13.7,34.0
Cerrillos,2024-05-01,15.6,8.9,11.4,12.9,0.8
Cerrillos,2024-05-02,15.6,5.3,9.7,12.3,0.0
Cerrillos,2024-05-03,16.0,5.2,9.6,13.7,0.0
Cerrillos,2024-05-04,18.4,6.4,11.3,15.3,0.0
Cerrillos,2024-05-05,16.1,8.1,11.2,14.1,0.0
Cerrillos,2024-05-06,15.8,6.8,10.4,13.5,0.0
Cerrillos,2024-05-07,10.6,3.5,7.2,9.3,36.4
Cerrillos,2024-05-08,16.4,2.8,8.5,13.9,0.0
Cerrillos,2024-05-09,17.6,4.8,9.8,15.2,0.0
Cerrillos,2024-05-10,14.6,5.2,9.3,12.2,0.0
Cerrillos,2024-05-11,14.7,5.6,9.4,11.9,0.0
Cerrillos,2024-05-12,14.3,5.0,9.0,11.0,0.0
Cerrillos,2024-05-13,15.6,2.5,8.1,13.0,0.0
Cerrillos,2024-05-14,15.9,3.5,8.5,13.0,0.0
Cerrillos,2024-05-15,11.2,4.6,7.2,8.0,1.1
Cerrillos,2024-05-16,14.6,0.6,7.7,11.7,0.0
Cerrillos,2024-05-17,14.2,4.1,8.4,11.5,0.2
Cerrillos,2024-05-18,16.0,1.6,8.1,13.6,0.0
Cerrillos,2024-05-19,16.9,2.7,9.3,14.5,0.0
Cerrillos,2024-05-20,11.6,8.8,9.8,10.0,48.0
Cerrillos,2024-05-21,14.6,7.3,10.1,13.2,13.8
Cerrillos,2024-05-22,10.9,7.7,9.6,9.8,29.7
Cerrillos,2024-05-23,13.4,6.8,8.9,11.8,11.0
Cerrillos,2024-05-24,15.8,2.7,9.3,14.2,0.0
Cerrillos,2024-05-25,15.4,9.3,11.5,13.6,0.1
Cerrillos,2024-05-26,14.8,7.5,10.0,13.6,7.4
Cerrillos,2024-05-27,16.2,3.2,9.9,14.7,0.0
Cerrillos,2024-05-28,18.6,7.2,11.6,17.0,0.0
Cerrillos,2024-05-29,18.4,8.1,12.7,18.1,0.0
Cerrillos,2024-05-30,19.2,10.1,14.2,18.6,0.0
Cerrillos,2024-05-31,16.9,7.9,12.5,14.7,0.0
Cerrillos,2024-06-01,18.3,6.0,11.6,16.5,0.0
Cerrillos,2024-06-02,20.0,9.6,14.2,19.3,0.0
Cerrillos,2024-06-03,16.4,10.4,13.6,15.5,0.0
Cerrillos,2024-06-04,18.2,6.6,12.1,17.3,0.4
Cerrillos,2024-06-05,14.9,9.8,13.0,13.8,0.0
Cerrillos,2024-06-06,16.1,11.7,13.7,15.8,0.0
Cerrillos,2024-06-07,20.1,12.2,15.5,20.4,0.0
Cerrillos,2024-06-08,15.4,8.7,12.4,13.9,3.1
Cerrillos,2024-06-09,13.6,8.4,10.9,12.8,10.3
Cerrillos,2024-06-10,14.4,10.1,11.9,13.9,0.0
Cerrillos,2024-06-11,14.9,9.7,12.1,13.7,0.5
Cerrillos,2024-06-12,13.1,9.1,11.2,11.9,0.0
Cerrillos,2024-06-13,13.3,9.6,10.8,10.0,68.8
Cerrillos,2024-06-14,15.6,8.2,11.2,14.3,16.2
Cerrillos,2024-06-15,14.8,5.9,9.9,13.1,1.1
Cerrillos,2024-06-16,15.0,5.1,8.9,13.8,0.0
Cerrillos,2024-06-17,14.9,5.4,9.3,14.0,3.4
Cerrillos,2024-06-18,11.8,7.4,9.3,11.0,77.7
Cerrillos,2024-06-19,15.6,5.9,10.3,13.8,48.5
Cerrillos,2024-06-20,12.4,7.5,9.9,11.0,0.0
Cerrillos,2024-06-21,9.9,7.3,8.7,8.7,54.3
Cerrillos,2024-06-22,9.8,5.8,7.5,7.9,33.3
Cerrillos,2024-06-23,12.1,6.2,8.4,9.2,2.7
Cerrillos,2024-06-24,9.2,5.7,7.4,7.7,0.5
Cerrillos,2024-06-25,11.6,3.8,7.0,9.8,0.1
Cerrillos,2024-06-26,16.1,2.0,8.9,14.5,0.0
Cerrillos,2024-06-27,16.1,6.9,11.0,14.5,0.0
Cerrillos,2024-06-28,15.7,5.2,9.4,14.4,0.0
Cerrillos,2024-06-29,17.5,5.2,11.3,17.0,0.0
Cerrillos,2024-06-30,19.0,7.2,12.5,17.6,0.0
Cerrillos,2024-07-01,19.5,7.3,13.3,18.7,0.0
Cerrillos,2024-07-02,18.5,6.8,12.4,16.5,0.0
Cerrillos,2024-07-03,17.0,8.2,11.5,15.3,0.0
Cerrillos,2024-07-04,15.6,5.8,9.3,13.6,0.0
Cerrillos,2024-07-05,15.6,3.5,8.7,14.3,0.0
Cerrillos,2024-07-06,14.2,3.0,7.3,10.9,0.0
Cerrillos,2024-07-07,14.4,3.7,7.6,12.3,0.0
Cerrillos,2024-07-08,14.4,2.5,7.4,13.0,0.0
Cerrillos,2024-07-09,10.7,1.7,5.4,7.4,0.0
Cerrillos,2024-07-10,11.2,1.9,5.4,8.9,0.0
Cerrillos,2024-07-11,12.2,1.3,5.2,9.7,0.0
Cerrillos,2024-07-12,14.9,1.2,6.7,12.2,0.0
Cerrillos,2024-07-13,14.8,1.0,6.8,12.9,0.0
Cerrillos,2024-07-14,13.3,3.3,7.6,10.6,0.0
Cerrillos,2024-07-15,14.1,2.3,6.9,11.6,0.0
Cerrillos,2024-07-16,19.9,5.9,11.8,17.7,0.0
Cerrillos,2024-07-17,18.5,7.0,11.6,16.3,0.0
Cerrillos,2024-07-18,13.1,7.3,9.7,10.7,0.0
Cerrillos,2024-07-19,15.6,5.8,9.6,14.3,0.0
Cerrillos,2024-07-20,14.7,4.9,8.5,13.8,0.0
Cerrillos,2024-07-21,14.8,6.8,9.8,12.0,0.0
Cerrillos,2024-07-22,18.6,7.0,11.3,17.3,0.0
Cerrillos,2024-07-23,11.8,5.8,8.2,10.2,0.5
Cerrillos,2024-07-24,16.7,3.5,10.1,15.3,0.0
Cerrillos,2024-07-25,17.2,6.8,11.0,15.2,0.0
Cerrillos,2024-07-26,14.9,6.2,9.1,13.2,0.0
Cerrillos,2024-07-27,17.4,4.3,9.1,15.6,0.0
Cerrillos,2024-07-28,18.3,6.2,10.8,16.7,0.0
Cerrillos,2024-07-29,21.8,7.4,13.5,20.8,0.0
Cerrillos,2024-07-30,17.2,9.1,12.8,15.9,0.0
Cerrillos,2024-07-31,12.1,8.4,9.7,10.9,0.0
Cerrillos,2024-08-01,9.9,8.2,9.1,8.5,0.1
Cerrillos,2024-08-02,13.5,6.6,9.7,11.9,79.0
Cerrillos,2024-08-03,15.9,2.7,9.4,13.5,4.9
Cerrillos,2024-08-04,15.9,5.9,10.4,13.9,0.0
Cerrillos,2024-08-05,10.5,6.6,8.5,9.2,19.1
Cerrillos,2024-08-06,12.8,4.7,8.2,9.9,9.5
Cerrillos,2024-08-07,12.1,0.9,6.4,9.5,0.0
Cerrillos,2024-08-08,14.6,-0.2,6.6,12.3,0.0
Cerrillos,2024-08-09,18.5,1.2,9.3,17.0,0.0
Cerrillos,2024-08-10,19.9,4.3,11.3,18.0,0.0
Cerrillos,2024-08-11,21.1,4.9,12.7,19.8,0.0
Cerrillos,2024-08-12,23.1,8.9,14.8,22.8,0.0
Cerrillos,2024-08-13,20.0,10.0,13.8,20.2,0.0
Cerrillos,2024-08-14,15.3,8.8,11.3,14.4,0.0
Cerrillos,2024-08-15,17.0,7.6,11.1,15.3,0.0
Cerrillos,2024-08-16,14.2,7.7,10.2,13.0,0.0
Cerrillos,2024-08-17,16.0,6.9,10.5,14.3,0.0
Cerrillos,2024-08-18,12.4,5.6,8.6,10.1,2.4
Cerrillos,2024-08-19,12.9,4.0,8.2,10.1,0.0
Cerrillos,2024-08-20,10.8,4.2,6.8,7.7,0.0
Cerrillos,2024-08-21,12.4,3.5,6.7,10.5,6.1
Cerrillos,2024-08-22,9.1,2.2,5.4,6.7,4.5
Cerrillos,2024-08-23,8.4,2.0,4.6,5.8,12.0
Cerrillos,2024-08-24,17.4,-0.7,8.4,15.2,0.0
Cerrillos,2024-08-25,19.8,3.1,10.6,18.1,0.0
Cerrillos,2024-08-26,17.3,3.1,10.7,16.0,0.0
Cerrillos,2024-08-27,19.0,4.8,11.2,18.1,0.0
Cerrillos,2024-08-28,15.8,6.2,10.1,14.9,0.0
Cerrillos,2024-08-29,13.1,7.9,9.8,11.2,0.0
Cerrillos,2024-08-30,14.6,6.9,9.8,12.8,0.0
Cerrillos,2024-08-31,20.4,4.4,11.4,20.0,0.0
Cerrillos,2024-09-01,23.7,8.1,14.2,23.8,0.0
Cerrillos,2024-09-02,15.1,6.2,10.5,12.3,0.0
Cerrillos,2024-09-03,16.9,7.3,11.3,14.3,0.0
Cerrillos,2024-09-04,19.9,7.0,11.9,18.9,0.0
Cerrillos,2024-09-05,22.6,8.1,14.1,22.0,0.0
Cerrillos,2024-09-06,17.8,5.9,11.3,17.1,0.0
Cerrillos,2024-09-07,17.1,7.8,11.2,16.6,0.0
Cerrillos,2024-09-08,20.0,6.9,12.3,18.8,0.0
Cerrillos,2024-09-09,22.0,8.7,14.2,21.1,0.0
Cerrillos,2024-09-10,18.0,8.1,12.7,16.3,23.7
Cerrillos,2024-09-11,19.7,6.2,12.6,18.9,0.0
Cerrillos,2024-09-12,17.1,7.3,11.5,16.1,0.0
Cerrillos,2024-09-13,19.1,6.7,12.0,18.5,0.0
Cerrillos,2024-09-14,23.5,6.0,14.1,22.9,0.0
Cerrillos,2024-09-15,23.8,9.2,15.7,22.6,0.0
Cerrillos,2024-09-16,25.0,8.4,15.7,24.0,0.0
Cerrillos,2024-09-17,21.8,6.8,13.5,21.3,0.0
Cerrillos,2024-09-18,21.3,8.6,13.6,20.7,0.0
Cerrillos,2024-09-19,17.8,6.4,11.7,16.4,4.1
Cerrillos,2024-09-20,19.0,8.6,12.6,16.7,0.0
Cerrillos,2024-09-21,17.1,7.1,11.1,15.2,0.0
Cerrillos,2024-09-22,13.9,7.6,10.3,11.1,4.0
Cerrillos,2024-09-23,16.0,9.4,12.1,14.0,0.9
Cerrillos,2024-09-24,18.0,6.4,11.6,17.9,0.0
Cerrillos,2024-09-25,18.7,7.4,12.1,17.8,0.0
Cerrillos,2024-09-26,25.0,4.8,14.3,24.7,0.0
Cerrillos,2024-09-27,22.5,10.2,15.6,22.2,0.0
Cerrillos,2024-09-28,24.8,11.2,16.6,23.9,0.0
Cerrillos,2024-09-29,19.6,9.6,13.7,19.1,0.0
Cerrillos,2024-09-30,19.9,9.0,12.4,19.1,0.0
Cerrillos,2024-10-01,18.5,7.4,12.1,16.5,0.0
Cerrillos,2024-10-02,22.1,7.8,14.2,21.7,0.0
Cerrillos,2024-10-03,25.6,11.2,17.0,25.6,0.0
Cerrillos,2024-10-04,26.0,11.1,17.1,25.7,0.0
Cerrillos,2024-10-05,26.1,9.6,17.8,25.9,0.0
Cerrillos,2024-10-06,21.0,13.2,17.1,20.8,0.4
Cerrillos,2024-10-07,23.6,10.6,16.1,23.3,4.1
Cerrillos,2024-10-08,16.1,10.9,13.0,14.8,9.0
Cerrillos,2024-10-09,20.5,9.1,14.1,19.7,0.0
Cerrillos,2024-10-10,19.1,10.4,14.3,18.5,0.0
Cerrillos,2024-10-11,19.2,11.2,14.2,18.2,0.0
Cerrillos,2024-10-12,19.5,10.4,14.7,18.6,0.0
Cerrillos,2024-10-13,24.0,10.1,16.3,24.7,0.0
Cerrillos,2024-10-14,22.5,10.6,15.7,21.5,0.0
Cerrillos,2024-10-15,28.5,12.6,18.5,29.2,0.0
Cerrillos,2024-10-16,19.0,9.2,14.3,18.3,0.0
Cerrillos,2024-10-17,27.0,7.8,17.0,27.5,0.0
Cerrillos,2024-10-18,29.3,11.5,19.5,29.9,0.0
Cerrillos,2024-10-19,22.4,10.9,15.2,22.0,0.0
Cerrillos,2024-10-20,21.4,10.5,14.5,20.3,0.8
Cerrillos,2024-10-21,25.4,10.1,17.1,25.1,0.0
Cerrillos,2024-10-22,24.4,12.2,16.7,24.0,1.9
Cerrillos,2024-10-23,20.0,11.1,14.4,19.7,6.3
Cerrillos,2024-10-24,27.0,8.6,16.8,26.7,0.0
Cerrillos,2024-10-25,25.8,9.9,16.6,24.4,0.0
Cerrillos,2024-10-26,30.0,10.8,19.8,29.8,0.0
Cerrillos,2024-10-27,28.8,10.9,19.1,28.4,0.0
Cerrillos,2024-10-28,33.8,13.4,21.4,33.7,0.0
Cerrillos,2024-10-29,26.0,12.9,18.6,25.5,0.0
Cerrillos,2024-10-30,26.6,11.6,17.7,26.8,0.0
Cerrillos,2024-10-31,27.3,12.5,18.1,27.2,0.0
Cerrillos,2024-11-01,21.4,12.4,15.2,20.6,0.0
Cerrillos,2024-11-02,27.0,9.0,17.6,25.5,0.0
Cerrillos,2024-11-03,24.7,10.6,16.3,23.4,0.0
Cerrillos,2024-11-04,25.2,9.1,16.6,23.3,0.0
Cerrillos,2024-11-05,28.4,11.9,19.4,26.7,0.0
Cerrillos,2024-11-06,28.5,12.7,20.4,27.2,0.0
Cerrillos,2024-11-07,27.3,13.2,20.0,24.8,0.1
Cerrillos,2024-11-08,31.2,15.6,22.2,30.3,0.0
Cerrillos,2024-11-09,28.8,14.6,20.9,28.2,0.0
Cerrillos,2024-11-10,23.0,11.8,17.5,22.2,0.0
Cerrillos,2024-11-11,28.0,11.1,19.5,26.5,0.0
Cerrillos,2024-11-12,32.3,13.6,23.5,31.3,0.0
Cerrillos,2024-11-13,27.4,15.3,21.8,27.4,0.0
Cerrillos,2024-11-14,27.2,13.6,19.2,28.1,0.0
Cerrillos,2024-11-15,26.0,11.9,18.5,26.0,0.0
Cerrillos,2024-11-16,21.5,13.7,17.1,19.6,3.2
Cerrillos,2024-11-17,26.1,10.4,17.9,27.1,0.0
Cerrillos,2024-11-18,26.6,12.9,18.9,26.9,0.0
Cerrillos,2024-11-19,26.1,11.0,17.6,26.4,0.0
Cerrillos,2024-11-20,26.2,13.1,19.0,25.3,0.0
Cerrillos,2024-11-21,27.7,13.9,19.9,28.0,0.0
Cerrillos,2024-11-22,27.4,12.1,19.8,27.3,0.0
Cerrillos,2024-11-23,30.4,14.0,21.7,30.8,0.0
Cerrillos,2024-11-24,29.1,14.5,21.5,29.1,0.0
Cerrillos,2024-11-25,27.5,14.9,21.0,27.2,0.0
Cerrillos,2024-11-26,26.9,13.4,19.7,26.2,0.0
Cerrillos,2024-11-27,25.4,11.5,17.8,24.9,0.0
Cerrillos,2024-11-28,26.9,10.6,18.8,26.2,0.0
Cerrillos,2024-11-29,29.1,13.9,21.4,28.4,0.0
Cerrillos,2024-11-30,26.5,11.9,19.1,25.2,0.0
Cerrillos,2024-12-01,25.5,10.6,17.4,24.7,0.0
Cerrillos,2024-12-02,27.0,12.4,19.7,25.9,0.0
Cerrillos,2024-12-03,26.9,12.4,18.8,27.0,0.0
Cerrillos,2024-12-04,25.4,11.6,17.3,25.7,0.0
Cerrillos,2024-12-05,22.7,10.2,16.0,21.9,0.0
Cerrillos,2024-12-06,26.8,10.9,18.7,25.8,0.0
Cerrillos,2024-12-07,27.2,13.9,20.1,27.1,0.0
Cerrillos,2024-12-08,25.4,11.3,17.8,24.8,0.0
Cerrillos,2024-12-09,30.8,11.6,21.0,30.1,0.0
Cerrillos,2024-12-10,29.1,14.6,21.5,29.1,0.0
Cerrillos,2024-12-11,30.4,14.3,22.0,30.5,0.0
Cerrillos,2024-12-12,28.3,12.2,19.7,28.2,0.0
Cerrillos,2024-12-13,30.7,15.2,22.7,30.1,0.0
Cerrillos,2024-12-14,31.4,15.4,22.4,31.9,0.0
Cerrillos,2024-12-15,27.8,15.0,20.2,28.4,0.0
Cerrillos,2024-12-16,28.0,12.2,19.2,29.2,0.0
Cerrillos,2024-12-17,26.9,12.9,19.3,27.4,0.0
Cerrillos,2024-12-18,29.6,13.3,21.5,30.0,0.0
Cerrillos,2024-12-19,33.8,16.8,24.9,33.3,0.0
Cerrillos,2024-12-20,30.9,16.5,23.2,29.7,0.0
Cerrillos,2024-12-21,33.3,16.4,25.0,32.9,0.0
Cerrillos,2024-12-22,34.9,19.4,26.3,35.7,0.0
Cerrillos,2024-12-23,30.3,19.6,24.6,31.2,0.0
Cerrillos,2024-12-24,31.5,18.1,23.8,32.5,0.0
Cerrillos,2024-12-25,29.4,15.9,21.6,30.8,0.0
Cerrillos,2024-12-26,28.5,13.8,19.8,29.7,0.0
Cerrillos,2024-12-27,29.1,14.1,20.7,31.1,0.0
Cerrillos,2024-12-28,30.1,14.6,21.3,31.8,0.0
Cerrillos,2024-12-29,32.0,15.1,22.3,33.4,0.0
Cerrillos,2024-12-30,31.2,15.7,22.8,32.8,0.0
Cerrillos,2024-12-31,31.7,17.0,23.8,31.9,0.0
Cerro Navia,2024-01-01,30.1,12.0,20.3,30.1,0.0
Cerro Navia,2024-01-02,31.3,12.4,21.6,31.6,0.0
Cerro Navia,2024-01-03,31.2,15.4,22.5,31.3,0.0
Cerro Navia,2024-01-04,30.3,14.4,21.6,30.9,0.0
Cerro Navia,2024-01-05,28.2,13.8,20.5,28.5,0.0
Cerro Navia,2024-01-06,27.8,14.0,20.5,28.7,0.0
Cerro Navia,2024-01-07,31.0,13.6,22.0,30.3,0.0
Cerro Navia,2024-01-08,30.4,13.8,22.1,29.9,0.0
Cerro Navia,2024-01-09,30.2,14.2,21.8,29.7,0.0
Cerro Navia,2024-01-10,30.2,13.2,21.8,29.8,0.0
Cerro Navia,2024-01-11,30.8,16.0,22.2,30.5,0.0
Cerro Navia,2024-01-12,29.4,14.1,21.0,28.9,0.0
Cerro Navia,2024-01-13,28.0,12.2,19.7,28.1,0.0
Cerro Navia,2024-01-14,34.3,12.7,23.4,32.8,0.0
Cerro Navia,2024-01-15,30.9,15.5,22.8,29.8,0.0
Cerro Navia,2024-01-16,32.7,11.0,21.8,31.9,0.0
Cerro Navia,2024-01-17,31.3,16.4,22.8,31.3,0.0
Cerro Navia,2024-01-18,33.3,14.5,23.4,33.0,0.0
Cerro Navia,2024-01-19,33.8,18.0,25.1,33.0,0.0
Cerro Navia,2024-01-20,31.8,15.8,23.8,31.9,0.0
Cerro Navia,2024-01-21,33.4,14.6,23.5,33.3,0.0
Cerro Navia,2024-01-22,34.2,15.8,23.9,34.5,0.0
Cerro Navia,2024-01-23,31.6,14.4,22.4,32.4,0.0
Cerro Navia,2024-01-24,35.5,16.2,24.9,35.9,0.0
Cerro Navia,2024-01-25,32.1,17.3,23.7,32.5,0.0
Cerro Navia,2024-01-26,31.2,15.4,22.3,31.4,0.0
Cerro Navia,2024-01-27,34.0,16.3,23.8,34.4,0.0
Cerro Navia,2024-01-28,31.0,16.9,23.1,31.7,0.0
Cerro Navia,2024-01-29,33.2,16.6,23.8,33.9,0.0
Cerro Navia,2024-01-30,35.7,15.8,25.2,35.6,0.0
Cerro Navia,2024-01-31,37.5,18.5,27.2,37.4,0.0
Cerro Navia,2024-02-01,35.4,18.1,26.4,34.2,0.0
Cerro Navia,2024-02-02,36.9,17.2,26.8,36.0,0.0
Cerro Navia,2024-02-03,36.9,17.9,27.1,36.6,0.0
Cerro Navia,2024-02-04,32.1,18.7,23.8,32.4,0.0
Cerro Navia,2024-02-05,33.5,14.8,23.6,33.4,0.0
Cerro Navia,2024-02-06,32.0,17.6,24.0,31.4,0.0
Cerro Navia,2024-02-07,35.4,16.2,25.1,35.6,0.0
Cerro Navia,2024-02-08,33.2,19.3,25.1,34.3,0.0
Cerro Navia,2024-02-09,31.2,16.7,23.0,31.6,0.0
Cerro Navia,2024-02-10,33.3,16.0,24.3,33.7,0.0
Cerro Navia,2024-02-11,30.6,14.8,22.1,30.0,0.0
Cerro Navia,2024-02-12,35.7,15.6,25.0,34.7,0.0
Cerro Navia,2024-02-13,32.0,17.0,24.1,31.5,0.0
Cerro Navia,2024-02-14,32.5,14.2,21.9,32.9,0.0
Cerro Navia,2024-02-15,32.9,14.2,21.9,33.9,0.0
Cerro Navia,2024-02-16,30.4,14.0,21.9,30.6,0.0
Cerro Navia,2024-02-17,34.7,15.8,24.7,33.7,0.0
Cerro Navia,2024-02-18,34.0,16.6,24.8,33.6,0.0
Cerro Navia,2024-02-19,29.5,14.9,21.2,30.0,0.0
Cerro Navia,2024-02-20,30.5,15.3,21.2,31.4,0.0
Cerro Navia,2024-02-21,29.8,14.1,20.8,30.0,0.0
Cerro Navia,2024-02-22,20.5,15.3,17.7,19.7,8.0
Cerro Navia,2024-02-23,29.5,12.9,20.5,31.4,2.2
Cerro Navia,2024-02-24,30.6,15.7,22.2,31.6,0.0
Cerro Navia,2024-02-25,31.0,15.0,22.1,31.4,0.0
Cerro Navia,2024-02-26,31.5,14.5,22.5,32.3,0.0
Cerro Navia,2024-02-27,31.2,14.9,22.8,31.2,0.0
Cerro Navia,2024-02-28,33.1,14.6,23.0,32.7,0.0
Cerro Navia,2024-02-29,33.7,16.0,24.1,32.8,0.0
Cerro Navia,2024-03-01,30.2,15.1,22.3,29.9,0.0
Cerro Navia,2024-03-02,31.5,15.4,22.8,31.0,0.0
Cerro Navia,2024-03-03,31.7,16.7,23.1,31.0,0.0
Cerro Navia,2024-03-04,32.8,14.9,22.4,32.0,0.0
Cerro Navia,2024-03-05,30.8,15.4,22.0,29.5,0.0
Cerro Navia,2024-03-06,30.0,14.9,21.4,29.2,0.0
Cerro Navia,2024-03-07,28.5,12.4,19.5,27.8,0.0
Cerro Navia,2024-03-08,28.5,10.9,18.7,27.4,0.0
Cerro Navia,2024-03-09,30.7,11.9,20.9,29.4,0.0
Cerro Navia,2024-03-10,29.4,13.2,20.5,28.6,0.0
Cerro Navia,2024-03-11,28.1,11.6,18.7,27.9,0.0
Cerro Navia,2024-03-12,28.8,11.3,19.4,27.6,0.0
Cerro Navia,2024-03-13,28.6,11.6,19.6,28.3,0.0
Cerro Navia,2024-03-14,29.0,13.1,20.5,27.4,0.0
Cerro Navia,2024-03-15,28.9,12.1,19.8,27.3,0.0
Cerro Navia,2024-03-16,29.1,12.8,20.2,27.7,0.0
Cerro Navia,2024-03-17,30.2,12.8,20.6,28.4,0.0
Cerro Navia,2024-03-18,31.8,13.4,21.8,29.8,0.0
Cerro Navia,2024-03-19,28.4,13.9,20.4,27.1,0.0
Cerro Navia,2024-03-20,22.8,11.9,16.7,21.4,0.7
Cerro Navia,2024-03-21,32.2,12.9,21.4,31.7,5.1
Cerro Navia,2024-03-22,32.5,15.4,23.3,31.7,0.0
Cerro Navia,2024-03-23,30.1,14.7,21.9,29.4,0.0
Cerro Navia,2024-03-24,31.7,15.6,22.8,31.4,0.0
Cerro Navia,2024-03-25,29.0,14.9,20.9,28.8,0.0
Cerro Navia,2024-03-26,30.2,13.4,20.9,30.9,0.0
Cerro Navia,2024-03-27,30.3,15.1,22.0,30.5,0.0
Cerro Navia,2024-03-28,30.5,14.9,21.6,30.4,0.0
Cerro Navia,2024-03-29,31.1,15.7,21.8,31.2,0.0
Cerro Navia,2024-03-30,32.2,13.9,22.3,31.8,0.0
Cerro Navia,2024-03-31,30.1,16.6,22.0,28.1,0.0
Cerro Navia,2024-04-01,27.0,12.9,19.3,25.1,0.0
Cerro Navia,2024-04-02,25.5,12.8,17.9,22.5,0.4
Cerro Navia,2024-04-03,22.4,12.2,16.5,21.3,0.0
Cerro Navia,2024-04-04,27.5,11.7,18.8,27.3,0.0
Cerro Navia,2024-04-05,29.4,11.7,19.4,28.2,0.0
Cerro Navia,2024-04-06,26.0,9.8,17.5,25.2,0.0
Cerro Navia,2024-04-07,29.2,11.2,18.9,28.5,0.0
Cerro Navia,2024-04-08,26.1,11.1,17.7,23.9,0.0
Cerro Navia,2024-04-09,27.9,11.9,18.6,26.3,0.0
Cerro Navia,2024-04-10,28.1,11.9,18.4,26.9,0.0
Cerro Navia,2024-04-11,23.0,10.1,15.3,20.6,0.0
Cerro Navia,2024-04-12,17.1,11.2,13.7,15.1,0.0
Cerro Navia,2024-04-13,20.5,7.9,13.6,18.6,0.0
Cerro Navia,2024-04-14,21.9,10.0,15.3,21.1,0.1
Cerro Navia,2024-04-15,21.4,11.7,14.6,18.9,15.5
Cerro Navia,2024-04-16,24.3,9.2,15.8,23.2,0.0
Cerro Navia,2024-04-17,29.5,11.9,19.2,26.9,0.0
Cerro Navia,2024-04-18,31.3,16.5,21.5,29.3,0.0
Cerro Navia,2024-04-19,25.8,11.8,17.7,23.6,0.0
Cerro Navia,2024-04-20,23.1,11.1,16.3,20.9,0.0
Cerro Navia,2024-04-21,20.3,12.6,15.5,18.1,0.0
Cerro Navia,2024-04-22,22.0,10.5,15.6,20.9,0.0
Cerro Navia,2024-04-23,25.5,9.0,15.8,23.7,0.0
Cerro Navia,2024-04-24,23.2,9.0,14.4,22.1,0.0
Cerro Navia,2024-04-25,23.3,7.9,14.5,20.0,0.0
Cerro Navia,2024-04-26,20.6,7.8,13.8,17.9,0.0
Cerro Navia,2024-04-27,21.4,7.9,13.1,19.4,0.0
Cerro Navia,2024-04-28,18.7,7.8,11.8,15.5,0.0
Cerro Navia,2024-04-29,20.1,6.3,12.5,16.8,0.0
Cerro Navia,2024-04-30,17.0,7.6,12.1,14.7,8.3
Cerro Navia,2024-05-01,16.0,7.5,11.2,13.4,0.2
Cerro Navia,2024-05-02,16.0,4.6,9.2,12.6,0.0
Cerro Navia,2024-05-03,16.9,3.7,9.4,14.2,0.0
Cerro Navia,2024-05-04,19.1,5.3,10.8,15.7,0.0
Cerro Navia,2024-05-05,16.9,6.9,10.5,14.8,0.0
Cerro Navia,2024-05-06,16.8,5.5,10.2,14.8,0.0
Cerro Navia,2024-05-07,10.2,3.1,6.9,9.1,47.5
Cerro Navia,2024-05-08,16.4,2.0,8.6,14.0,0.0
Cerro Navia,2024-05-09,18.3,4.9,9.9,15.6,0.0
Cerro Navia,2024-05-10,14.9,3.7,8.9,12.7,0.0
Cerro Navia,2024-05-11,15.1,5.3,9.0,12.0,0.0
Cerro Navia,2024-05-12,14.7,3.9,8.5,11.2,0.0
Cerro Navia,2024-05-13,15.9,4.4,8.3,13.3,0.0
Cerro Navia,2024-05-14,16.6,4.4,9.1,13.3,0.0
Cerro Navia,2024-05-15,11.7,3.9,7.0,9.7,2.5
Cerro Navia,2024-05-16,15.1,3.4,8.2,12.3,0.0
Cerro Navia,2024-05-17,14.6,3.8,8.5,11.6,0.0
Cerro Navia,2024-05-18,17.1,4.2,8.6,14.6,0.0
Cerro Navia,2024-05-19,17.5,5.2,10.2,15.5,0.0
Cerro Navia,2024-05-20,11.6,8.4,9.6,9.6,46.0
Cerro Navia,2024-05-21,14.9,7.2,10.1,13.7,6.0
Cerro Navia,2024-05-22,10.9,7.4,9.3,9.9,30.0
Cerro Navia,2024-05-23,14.2,5.2,9.0,12.4,11.0
Cerro Navia,2024-05-24,16.4,5.2,10.0,14.7,0.0
Cerro Navia,2024-05-25,15.5,8.6,11.6,13.4,0.2
Cerro Navia,2024-05-26,15.1,7.3,9.9,13.7,15.0
Cerro Navia,2024-05-27,15.6,7.2,10.5,14.8,0.0
Cerro Navia,2024-05-28,19.1,7.9,12.0,17.7,0.0
Cerro Navia,2024-05-29,17.9,6.8,11.1,17.5,0.0
Cerro Navia,2024-05-30,19.1,7.7,12.7,18.6,0.0
Cerro Navia,2024-05-31,16.9,8.9,12.8,15.3,0.0
Cerro Navia,2024-06-01,18.2,7.3,11.6,16.5,0.0
Cerro Navia,2024-06-02,19.0,9.1,13.1,18.8,0.0
Cerro Navia,2024-06-03,17.6,9.5,12.9,15.9,0.0
Cerro Navia,2024-06-04,18.7,5.8,11.6,18.0,0.5
Cerro Navia,2024-06-05,14.2,10.2,12.4,13.4,0.0
Cerro Navia,2024-06-06,16.5,8.6,12.5,16.0,0.0
Cerro Navia,2024-06-07,20.9,9.2,13.8,20.5,0.0
Cerro Navia,2024-06-08,15.1,7.2,11.6,14.0,3.0
Cerro Navia,2024-06-09,14.0,9.6,11.2,13.3,9.5
Cerro Navia,2024-06-10,14.9,8.5,11.3,14.4,0.0
Cerro Navia,2024-06-11,14.9,8.9,11.3,14.4,0.0
Cerro Navia,2024-06-12,13.6,7.8,10.5,12.4,0.0
Cerro Navia,2024-06-13,13.2,9.2,10.6,9.9,64.0
Cerro Navia,2024-06-14,15.9,8.6,11.1,14.8,14.5
Cerro Navia,2024-06-15,14.8,7.1,10.1,13.2,0.0
Cerro Navia,2024-06-16,15.4,4.8,9.0,14.4,0.0
Cerro Navia,2024-06-17,15.3,5.2,9.3,14.0,2.6
Cerro Navia,2024-06-18,12.7,7.3,9.4,12.2,65.5
Cerro Navia,2024-06-19,15.9,6.1,10.1,14.5,16.3
Cerro Navia,2024-06-20,12.2,6.6,8.9,11.2,0.0
Cerro Navia,2024-06-21,9.9,7.0,8.4,8.6,59.4
Cerro Navia,2024-06-22,9.9,5.1,7.4,8.1,40.9
Cerro Navia,2024-06-23,12.3,6.4,8.7,9.8,3.3
Cerro Navia,2024-06-24,9.4,5.0,7.4,8.0,0.5
Cerro Navia,2024-06-25,11.8,3.2,6.9,10.1,0.3
Cerro Navia,2024-06-26,16.0,1.7,8.5,14.3,0.0
Cerro Navia,2024-06-27,16.6,7.7,11.2,15.0,0.0
Cerro Navia,2024-06-28,15.4,4.4,9.0,14.6,0.0
Cerro Navia,2024-06-29,17.7,6.6,11.7,16.6,0.0
Cerro Navia,2024-06-30,19.6,8.2,12.8,18.2,0.0
Cerro Navia,2024-07-01,20.2,9.4,13.8,19.5,0.0
Cerro Navia,2024-07-02,18.5,8.6,12.7,16.7,0.0
Cerro Navia,2024-07-03,17.3,7.8,11.9,15.8,0.0
Cerro Navia,2024-07-04,15.8,5.0,8.9,13.7,0.0
Cerro Navia,2024-07-05,15.1,4.2,8.3,13.6,0.0
Cerro Navia,2024-07-06,14.1,2.8,6.8,11.1,0.0
Cerro Navia,2024-07-07,13.9,2.5,6.7,12.2,0.0
Cerro Navia,2024-07-08,14.0,2.5,6.7,12.6,0.0
Cerro Navia,2024-07-09,11.6,-0.1,5.0,7.8,0.0
Cerro Navia,2024-07-10,11.1,1.1,4.7,9.0,0.0
Cerro Navia,2024-07-11,12.1,0.1,5.2,9.6,0.0
Cerro Navia,2024-07-12,14.8,2.5,7.6,12.5,0.0
Cerro Navia,2024-07-13,14.1,-0.2,5.7,12.3,0.0
Cerro Navia,2024-07-14,13.0,1.1,6.3,10.2,0.0
Cerro Navia,2024-07-15,13.9,-0.2,5.7,11.2,0.0
Cerro Navia,2024-07-16,19.9,3.8,10.7,18.0,0.0
Cerro Navia,2024-07-17,18.4,4.9,10.7,16.4,0.0
Cerro Navia,2024-07-18,13.2,5.4,9.2,10.8,0.0
Cerro Navia,2024-07-19,15.7,5.1,8.9,14.1,0.0
Cerro Navia,2024-07-20,14.4,4.7,7.9,13.5,0.0
Cerro Navia,2024-07-21,14.9,6.8,9.8,12.3,0.0
Cerro Navia,2024-07-22,18.5,5.2,10.6,17.0,0.0
Cerro Navia,2024-07-23,12.0,5.4,8.0,10.3,0.7
Cerro Navia,2024-07-24,17.1,3.5,10.0,16.3,0.0
Cerro Navia,2024-07-25,17.7,6.0,11.0,16.2,0.0
Cerro Navia,2024-07-26,14.7,2.9,7.9,13.0,0.0
Cerro Navia,2024-07-27,17.5,3.6,8.5,15.6,0.0
Cerro Navia,2024-07-28,18.4,2.8,9.5,17.0,0.0
Cerro Navia,2024-07-29,22.0,8.9,13.8,21.4,0.0
Cerro Navia,2024-07-30,17.9,8.4,12.3,17.0,0.0
Cerro Navia,2024-07-31,12.6,7.7,9.3,11.2,0.0
Cerro Navia,2024-08-01,10.3,8.3,9.0,9.1,0.0
Cerro Navia,2024-08-02,14.2,6.8,9.8,12.6,75.2
Cerro Navia,2024-08-03,15.9,3.0,9.7,14.2,2.7
Cerro Navia,2024-08-04,16.4,5.1,9.9,14.9,0.0
Cerro Navia,2024-08-05,10.6,6.6,8.3,9.2,24.8
Cerro Navia,2024-08-06,13.1,5.3,8.3,10.6,10.9
Cerro Navia,2024-08-07,12.5,0.6,6.1,10.2,0.0
Cerro Navia,2024-08-08,14.8,2.6,7.9,12.5,0.0
Cerro Navia,2024-08-09,18.6,3.7,10.2,17.6,0.0
Cerro Navia,2024-08-10,19.8,5.0,11.1,18.2,0.0
Cerro Navia,2024-08-11,20.9,7.3,13.2,19.7,0.0
Cerro Navia,2024-08-12,22.8,11.2,15.3,22.8,0.0
Cerro Navia,2024-08-13,20.4,9.1,13.6,20.3,0.0
Cerro Navia,2024-08-14,15.1,7.8,11.1,14.1,0.0
Cerro Navia,2024-08-15,17.5,6.2,10.8,15.7,0.0
Cerro Navia,2024-08-16,14.4,7.2,10.2,13.1,0.0
Cerro Navia,2024-08-17,16.2,7.2,10.6,14.6,0.0
Cerro Navia,2024-08-18,12.6,5.0,8.4,10.0,0.5
Cerro Navia,2024-08-19,13.4,4.1,8.5,10.6,0.0
Cerro Navia,2024-08-20,11.4,4.0,7.1,8.3,0.0
Cerro Navia,2024-08-21,13.2,0.9,6.6,11.3,3.9
Cerro Navia,2024-08-22,12.2,3.3,7.2,10.1,3.4
Cerro Navia,2024-08-23,11.4,3.3,6.1,9.2,13.0
Cerro Navia,2024-08-24,17.7,4.1,9.9,16.3,0.0
Cerro Navia,2024-08-25,20.3,6.9,12.6,18.8,0.0
Cerro Navia,2024-08-26,17.6,3.8,10.3,16.3,0.0
Cerro Navia,2024-08-27,19.4,6.9,11.5,18.2,0.0
Cerro Navia,2024-08-28,16.0,5.9,9.9,15.2,0.0
Cerro Navia,2024-08-29,12.9,7.7,9.7,10.8,0.0
Cerro Navia,2024-08-30,14.5,7.2,9.6,12.8,0.3
Cerro Navia,2024-08-31,20.1,6.4,11.6,19.1,0.0
Cerro Navia,2024-09-01,23.9,7.1,14.3,24.0,0.0
Cerro Navia,2024-09-02,15.9,6.2,10.8,13.4,0.0
Cerro Navia,2024-09-03,17.1,7.2,11.2,14.9,0.0
Cerro Navia,2024-09-04,19.9,4.9,11.5,19.1,0.0
Cerro Navia,2024-09-05,22.9,9.8,14.6,22.3,0.0
Cerro Navia,2024-09-06,18.2,4.7,11.2,17.6,0.0
Cerro Navia,2024-09-07,17.4,7.9,11.2,17.0,0.0
Cerro Navia,2024-09-08,20.2,5.8,11.8,18.9,0.0
Cerro Navia,2024-09-09,22.2,7.7,14.0,21.3,0.0
Cerro Navia,2024-09-10,18.4,7.2,12.5,16.7,2.6
Cerro Navia,2024-09-11,20.0,6.3,12.5,19.1,0.0
Cerro Navia,2024-09-12,17.4,6.4,11.1,16.3,0.0
Cerro Navia,2024-09-13,19.5,6.1,11.6,18.5,0.0
Cerro Navia,2024-09-14,23.7,7.4,14.2,23.1,0.0
Cerro Navia,2024-09-15,24.4,9.9,15.6,22.7,0.0
Cerro Navia,2024-09-16,25.5,11.1,17.0,24.2,0.0
Cerro Navia,2024-09-17,22.0,6.9,13.5,21.2,0.0
Cerro Navia,2024-09-18,21.5,7.8,13.1,21.0,0.0
Cerro Navia,2024-09-19,18.3,6.2,11.9,16.3,8.1
Cerro Navia,2024-09-20,19.2,7.2,12.2,17.1,0.0
Cerro Navia,2024-09-21,17.6,7.2,11.3,15.6,0.0
Cerro Navia,2024-09-22,14.2,7.6,10.5,11.8,4.4
Cerro Navia,2024-09-23,16.5,8.7,12.1,14.1,0.8
Cerro Navia,2024-09-24,18.2,6.1,11.3,17.9,0.0
Cerro Navia,2024-09-25,19.0,6.9,11.9,18.1,0.0
Cerro Navia,2024-09-26,25.2,8.2,15.0,25.1,0.0
Cerro Navia,2024-09-27,23.0,7.4,14.8,22.5,0.0
Cerro Navia,2024-09-28,25.0,10.2,16.2,24.0,0.0
Cerro Navia,2024-09-29,20.0,8.3,13.3,19.5,0.0
Cerro Navia,2024-09-30,20.4,9.2,12.7,20.2,0.0
Cerro Navia,2024-10-01,18.9,6.2,12.1,17.0,0.0
Cerro Navia,2024-10-02,22.4,6.7,13.9,22.0,0.0
Cerro Navia,2024-10-03,26.0,7.9,16.1,25.7,0.0
Cerro Navia,2024-10-04,26.6,9.1,16.8,26.4,0.0
Cerro Navia,2024-10-05,26.5,8.4,17.3,26.1,0.0
Cerro Navia,2024-10-06,21.4,13.2,17.2,20.7,0.5
Cerro Navia,2024-10-07,23.7,10.2,16.1,23.6,5.9
Cerro Navia,2024-10-08,15.9,11.0,12.8,14.5,23.6
Cerro Navia,2024-10-09,20.7,8.9,14.1,19.5,0.0
Cerro Navia,2024-10-10,20.0,9.9,14.5,20.1,0.0
Cerro Navia,2024-10-11,19.1,11.4,14.2,18.2,0.1
Cerro Navia,2024-10-12,19.8,9.9,14.5,18.5,0.0
Cerro Navia,2024-10-13,24.1,8.8,15.9,24.6,0.0
Cerro Navia,2024-10-14,23.0,8.6,15.2,21.6,0.0
Cerro Navia,2024-10-15,28.9,10.7,17.9,30.0,0.0
Cerro Navia,2024-10-16,19.5,8.9,14.2,18.5,0.0
Cerro Navia,2024-10-17,27.2,6.9,16.5,27.8,0.0
Cerro Navia,2024-10-18,29.5,9.6,18.5,30.0,0.0
Cerro Navia,2024-10-19,23.0,9.6,15.0,22.6,0.0
Cerro Navia,2024-10-20,21.8,10.2,14.6,21.5,1.3
Cerro Navia,2024-10-21,25.3,8.6,16.7,25.0,0.0
Cerro Navia,2024-10-22,24.2,11.2,16.5,23.8,2.6
Cerro Navia,2024-10-23,19.4,11.2,14.3,18.9,5.1
Cerro Navia,2024-10-24,26.8,8.5,16.8,26.7,0.0
Cerro Navia,2024-10-25,25.5,9.6,16.3,24.5,0.0
Cerro Navia,2024-10-26,29.9,12.4,19.6,29.9,0.0
Cerro Navia,2024-10-27,28.5,9.7,18.4,28.4,0.0
Cerro Navia,2024-10-28,33.4,12.1,20.7,33.7,0.0
Cerro Navia,2024-10-29,25.8,10.9,17.9,25.8,0.0
Cerro Navia,2024-10-30,26.5,11.1,17.3,27.0,0.0
Cerro Navia,2024-10-31,27.5,10.4,17.6,27.3,0.0
Cerro Navia,2024-11-01,21.7,11.6,15.3,21.0,0.0
Cerro Navia,2024-11-02,26.6,8.1,17.1,25.7,0.0
Cerro Navia,2024-11-03,25.0,10.2,16.1,24.4,0.0
Cerro Navia,2024-11-04,25.0,7.9,16.0,23.5,0.0
Cerro Navia,2024-11-05,28.1,9.9,18.8,26.9,0.0
Cerro Navia,2024-11-06,28.2,12.8,19.8,27.1,0.0
Cerro Navia,2024-11-07,27.1,11.9,19.1,25.2,0.0
Cerro Navia,2024-11-08,30.9,13.9,21.5,30.3,0.0
Cerro Navia,2024-11-09,28.5,12.8,20.3,28.2,0.0
Cerro Navia,2024-11-10,23.4,11.7,17.6,22.8,0.0
Cerro Navia,2024-11-11,27.9,10.2,19.0,26.4,0.0
Cerro Navia,2024-11-12,32.5,12.8,23.2,31.1,0.0
Cerro Navia,2024-11-13,27.8,14.9,21.8,27.6,0.0
Cerro Navia,2024-11-14,27.4,13.1,19.3,28.1,0.0
Cerro Navia,2024-11-15,26.1,11.4,18.5,26.2,0.0
Cerro Navia,2024-11-16,21.8,14.2,17.4,20.0,3.2
Cerro Navia,2024-11-17,26.4,10.4,18.1,27.4,0.0
Cerro Navia,2024-11-18,26.9,12.5,19.1,27.1,0.0
Cerro Navia,2024-11-19,26.5,11.1,17.7,26.6,0.0
Cerro Navia,2024-11-20,26.2,12.9,19.1,25.6,0.0
Cerro Navia,2024-11-21,28.1,12.9,20.1,28.4,0.0
Cerro Navia,2024-11-22,27.5,12.2,19.9,27.4,0.0
Cerro Navia,2024-11-23,30.2,13.8,21.7,30.6,0.0
Cerro Navia,2024-11-24,28.9,14.6,21.6,29.1,0.0
Cerro Navia,2024-11-25,27.4,14.6,21.0,27.2,0.0
Cerro Navia,2024-11-26,26.8,13.4,19.8,26.6,0.0
Cerro Navia,2024-11-27,25.4,11.4,17.9,25.3,0.0
Cerro Navia,2024-11-28,27.0,10.8,18.9,26.1,0.0
Cerro Navia,2024-11-29,29.2,13.5,21.5,28.4,0.0
Cerro Navia,2024-11-30,26.8,12.3,19.3,25.4,0.0
Cerro Navia,2024-12-01,25.5,10.8,17.5,24.6,0.0
Cerro Navia,2024-12-02,26.9,12.3,19.7,25.3,0.0
Cerro Navia,2024-12-03,27.2,11.8,18.9,27.3,0.0
Cerro Navia,2024-12-04,26.0,11.2,17.4,26.1,0.0
Cerro Navia,2024-12-05,22.6,10.4,16.1,22.8,0.0
Cerro Navia,2024-12-06,26.8,10.8,18.7,26.0,0.0
Cerro Navia,2024-12-07,27.4,13.2,20.0,27.4,0.0
Cerro Navia,2024-12-08,25.6,11.1,17.9,25.2,0.0
Cerro Navia,2024-12-09,30.8,11.3,21.0,30.2,0.0
Cerro Navia,2024-12-10,29.2,13.9,21.5,29.4,0.0
Cerro Navia,2024-12-11,30.5,13.4,22.1,30.5,0.0
Cerro Navia,2024-12-12,28.5,12.1,19.7,28.5,0.0
Cerro Navia,2024-12-13,30.7,14.4,22.6,29.9,0.0
Cerro Navia,2024-12-14,31.6,14.6,22.4,31.8,0.0
Cerro Navia,2024-12-15,28.2,14.5,20.2,28.7,0.0
Cerro Navia,2024-12-16,28.5,11.4,19.1,29.3,0.0
Cerro Navia,2024-12-17,27.1,12.2,19.1,27.7,0.0
Cerro Navia,2024-12-18,29.8,12.8,21.5,30.1,0.0
Cerro Navia,2024-12-19,33.6,16.3,24.8,33.1,0.0
Cerro Navia,2024-12-20,30.6,16.5,23.2,29.8,0.0
Cerro Navia,2024-12-21,33.2,16.4,25.1,32.7,0.0
Cerro Navia,2024-12-22,35.0,18.9,26.2,35.4,0.0
Cerro Navia,2024-12-23,30.2,18.8,24.5,31.0,0.0
Cerro Navia,2024-12-24,31.6,17.2,23.7,32.2,0.0
Cerro Navia,2024-12-25,29.6,15.8,21.7,30.9,0.0
Cerro Navia,2024-12-26,28.7,13.4,19.8,29.8,0.0
Cerro Navia,2024-12-27,29.2,13.9,20.6,31.0,0.0
Cerro Navia,2024-12-28,30.2,14.4,21.2,31.5,0.0
Cerro Navia,2024-12-29,32.2,14.2,22.2,33.3,0.0
Cerro Navia,2024-12-30,31.3,15.5,22.7,32.4,0.0
Cerro Navia,2024-12-31,31.7,16.8,23.8,31.5,0.0
Colina,2024-01-01,25.2,11.8,17.4,24.2,0.0
Colina,2024-01-02,25.8,11.8,18.3,24.6,0.0
Colina,2024-01-03,25.5,14.5,18.9,24.4,0.0
Colina,2024-01-04,25.0,14.0,18.9,24.1,0.0
Colina,2024-01-05,22.9,14.5,17.9,22.6,0.0
Colina,2024-01-06,22.9,12.9,16.9,22.6,0.0
Colina,2024-01-07,23.7,11.0,16.8,22.0,0.0
Colina,2024-01-08,24.4,12.6,17.5,23.6,0.0
Colina,2024-01-09,24.6,12.6,17.4,23.3,0.0
Colina,2024-01-10,24.8,12.4,17.6,23.7,0.0
Colina,2024-01-11,25.4,14.0,18.4,23.9,0.0
Colina,2024-01-12,24.2,13.5,17.6,23.2,0.0
Colina,2024-01-13,23.3,11.2,16.1,22.2,0.0
Colina,2024-01-14,27.7,13.1,19.9,25.8,0.0
Colina,2024-01-15,26.1,12.8,19.9,25.0,0.0
Colina,2024-01-16,25.8,9.9,17.7,23.4,0.0
Colina,2024-01-17,26.4,14.8,19.7,25.0,0.0
Colina,2024-01-18,26.0,13.2,19.3,24.6,0.0
Colina,2024-01-19,28.4,16.7,21.7,26.7,0.0
Colina,2024-01-20,26.4,17.5,21.1,25.3,0.0
Colina,2024-01-21,28.2,16.8,21.5,27.0,0.0
Colina,2024-01-22,30.0,17.8,22.6,28.2,0.0
Colina,2024-01-23,27.3,15.5,20.6,26.4,0.0
Colina,2024-01-24,30.1,17.2,22.6,28.8,0.0
Colina,2024-01-25,28.2,17.1,21.8,27.6,0.0
Colina,2024-01-26,25.4,16.1,20.2,24.5,0.0
Colina,2024-01-27,28.4,15.9,21.0,27.2,0.0
Colina,2024-01-28,25.5,15.8,20.1,25.8,0.0
Colina,2024-01-29,28.1,16.7,21.6,27.5,0.0
Colina,2024-01-30,29.6,17.3,23.0,28.9,0.0
Colina,2024-01-31,31.1,20.2,24.5,28.7,0.0
Colina,2024-02-01,29.4,18.6,23.0,27.0,0.0
Colina,2024-02-02,29.4,16.6,22.5,27.2,0.0
Colina,2024-02-03,30.4,17.9,23.0,28.6,0.0
Colina,2024-02-04,26.9,15.7,21.2,26.0,0.0
Colina,2024-02-05,27.6,13.7,20.2,26.4,0.0
Colina,2024-02-06,26.2,16.7,20.4,25.3,0.0
Colina,2024-02-07,28.5,14.7,20.9,26.9,0.0
Colina,2024-02-08,27.4,16.0,20.9,26.2,0.0
Colina,2024-02-09,28.1,15.4,20.0,27.6,0.0
Colina,2024-02-10,29.5,15.1,21.1,28.5,0.0
Colina,2024-02-11,25.3,15.6,19.6,24.4,0.0
Colina,2024-02-12,28.4,13.7,21.0,27.1,0.0
Colina,2024-02-13,27.2,16.2,22.3,25.6,0.0
Colina,2024-02-14,27.4,15.2,20.0,27.0,0.0
Colina,2024-02-15,28.8,15.2,20.7,28.3,0.0
Colina,2024-02-16,26.5,15.2,20.0,26.6,0.0
Colina,2024-02-17,27.6,15.4,21.0,26.4,0.0
Colina,2024-02-18,29.3,17.5,22.6,28.0,0.0
Colina,2024-02-19,24.4,14.9,18.7,24.2,0.0
Colina,2024-02-20,24.5,12.4,17.7,24.2,0.0
Colina,2024-02-21,23.9,12.0,16.9,23.2,0.0
Colina,2024-02-22,15.5,10.5,12.2,14.9,31.6
Colina,2024-02-23,20.7,11.2,15.9,21.0,0.8
Colina,2024-02-24,22.8,14.4,17.7,22.8,0.0
Colina,2024-02-25,24.3,14.4,18.5,23.9,0.0
Colina,2024-02-26,24.8,14.3,18.5,24.3,0.0
Colina,2024-02-27,24.6,15.0,18.9,23.7,0.0
Colina,2024-02-28,25.4,14.6,19.0,24.3,0.0
Colina,2024-02-29,26.5,16.7,20.5,25.1,0.0
Colina,2024-03-01,25.4,15.9,19.6,24.0,0.0
Colina,2024-03-02,24.9,15.4,18.9,23.1,0.0
Colina,2024-03-03,25.5,16.6,19.9,24.1,0.0
Colina,2024-03-04,26.9,16.4,20.2,24.8,0.0
Colina,2024-03-05,25.7,16.1,20.0,23.9,0.0
Colina,2024-03-06,24.6,14.3,18.7,22.9,0.0
Colina,2024-03-07,23.7,13.0,17.3,22.7,0.0
Colina,2024-03-08,23.3,10.9,16.0,21.6,0.0
Colina,2024-03-09,25.6,13.8,18.7,23.9,0.0
Colina,2024-03-10,24.6,13.8,18.7,23.8,0.0
Colina,2024-03-11,23.8,12.4,16.9,22.9,0.0
Colina,2024-03-12,22.9,11.6,16.2,20.9,0.0
Colina,2024-03-13,23.1,12.4,16.8,21.8,0.0
Colina,2024-03-14,23.6,14.2,18.0,22.2,0.0
Colina,2024-03-15,23.7,14.0,17.8,21.7,0.0
Colina,2024-03-16,23.8,13.4,17.4,22.0,0.0
Colina,2024-03-17,24.7,15.0,18.6,22.4,0.0
Colina,2024-03-18,25.7,15.8,19.8,23.4,0.0
Colina,2024-03-19,24.6,14.0,18.8,22.5,0.0
Colina,2024-03-20,17.2,9.3,13.4,16.1,0.0
Colina,2024-03-21,25.6,11.9,18.2,24.0,0.0
Colina,2024-03-22,27.0,17.5,21.2,25.3,0.0
Colina,2024-03-23,24.6,15.3,19.0,22.7,0.0
Colina,2024-03-24,25.8,16.2,19.9,24.9,0.0
Colina,2024-03-25,24.4,13.7,18.6,23.4,0.0
Colina,2024-03-26,24.1,13.1,17.7,23.4,0.0
Colina,2024-03-27,23.9,14.5,18.1,22.4,0.0
Colina,2024-03-28,25.2,15.5,19.0,24.0,0.0
Colina,2024-03-29,25.5,16.1,19.4,23.8,0.0
Colina,2024-03-30,26.1,13.5,20.0,24.4,0.0
Colina,2024-03-31,24.3,15.2,19.2,22.1,0.0
Colina,2024-04-01,21.8,13.8,16.6,18.7,0.0
Colina,2024-04-02,20.6,12.8,16.2,17.7,0.0
Colina,2024-04-03,18.8,10.6,13.3,16.2,0.0
Colina,2024-04-04,22.0,11.6,15.6,20.4,0.0
Colina,2024-04-05,24.3,13.8,18.0,22.2,0.0
Colina,2024-04-06,20.7,11.8,15.3,18.8,0.0
Colina,2024-04-07,24.4,14.7,18.1,22.4,0.0
Colina,2024-04-08,20.9,13.5,16.0,18.6,0.0
Colina,2024-04-09,21.9,13.5,16.5,19.8,0.0
Colina,2024-04-10,22.3,13.1,16.7,20.5,0.0
Colina,2024-04-11,17.8,10.7,13.3,14.9,0.0
Colina,2024-04-12,13.4,9.1,11.0,11.0,0.0
Colina,2024-04-13,12.6,7.8,9.8,10.6,0.1
Colina,2024-04-14,13.8,6.0,9.5,10.8,1.0
Colina,2024-04-15,11.8,6.7,8.3,9.2,6.9
Colina,2024-04-16,17.0,7.1,12.0,15.2,0.0
Colina,2024-04-17,22.6,13.8,18.1,20.3,0.0
Colina,2024-04-18,25.2,16.1,20.5,23.1,0.0
Colina,2024-04-19,19.6,14.4,16.4,17.8,0.0
Colina,2024-04-20,17.2,11.9,14.9,14.9,0.0
Colina,2024-04-21,14.5,8.6,12.2,12.4,0.0
Colina,2024-04-22,14.8,7.2,10.9,12.9,0.0
Colina,2024-04-23,19.1,9.6,13.7,17.0,0.0
Colina,2024-04-24,17.5,8.1,12.7,16.0,0.0
Colina,2024-04-25,15.7,9.0,11.7,13.1,0.0
Colina,2024-04-26,13.5,7.3,9.8,10.6,0.0
Colina,2024-04-27,14.9,5.6,9.4,12.3,0.0
Colina,2024-04-28,13.7,6.7,9.8,10.4,0.0
Colina,2024-04-29,13.2,3.8,7.9,8.4,0.0
Colina,2024-04-30,11.4,3.7,7.7,8.9,0.0
Colina,2024-05-01,10.0,4.6,6.7,7.5,3.8
Colina,2024-05-02,11.2,5.0,7.4,7.5,0.0
Colina,2024-05-03,12.8,4.1,7.5,10.1,0.0
Colina,2024-05-04,12.9,5.9,8.8,9.4,0.0
Colina,2024-05-05,11.8,6.8,8.5,8.7,0.0
Colina,2024-05-06,12.7,4.2,7.6,9.6,0.0
Colina,2024-05-07,7.5,-1.2,3.9,3.5,35.3
Colina,2024-05-08,11.6,1.6,6.4,8.3,0.0
Colina,2024-05-09,14.3,6.9,11.6,11.7,0.0
Colina,2024-05-10,8.9,4.4,6.6,6.2,0.0
Colina,2024-05-11,8.4,2.7,5.3,5.6,0.4
Colina,2024-05-12,7.3,0.8,3.8,3.9,2.5
Colina,2024-05-13,9.1,2.9,5.7,6.2,0.0
Colina,2024-05-14,11.3,5.2,8.9,8.1,0.0
Colina,2024-05-15,6.7,1.6,3.5,2.6,2.0
Colina,2024-05-16,8.1,1.7,4.6,4.9,0.0
Colina,2024-05-17,7.2,2.0,5.2,4.1,1.0
Colina,2024-05-18,10.2,3.6,6.4,7.4,0.0
Colina,2024-05-19,13.5,6.9,10.3,10.8,0.0
Colina,2024-05-20,13.4,5.0,8.4,9.6,40.1
Colina,2024-05-21,9.6,4.3,6.7,7.9,2.3
Colina,2024-05-22,9.3,2.2,5.8,7.0,32.5
Colina,2024-05-23,7.1,0.8,3.7,4.6,16.4
Colina,2024-05-24,12.7,2.7,9.6,10.7,0.0
Colina,2024-05-25,13.2,3.6,8.7,9.7,0.0
Colina,2024-05-26,8.4,2.6,5.5,6.1,2.1
Colina,2024-05-27,14.2,6.4,11.1,11.4,0.0
Colina,2024-05-28,16.4,9.4,12.9,14.6,0.0
Colina,2024-05-29,14.9,10.2,13.0,13.5,0.0
Colina,2024-05-30,16.3,11.7,14.6,14.7,0.0
Colina,2024-05-31,16.0,8.7,12.3,12.7,0.0
Colina,2024-06-01,15.4,7.6,11.6,14.4,0.0
Colina,2024-06-02,19.8,12.3,15.5,16.6,0.0
Colina,2024-06-03,20.4,11.0,15.4,17.0,0.0
Colina,2024-06-04,16.7,9.0,13.1,15.2,0.0
Colina,2024-06-05,15.5,9.8,12.9,13.7,0.0
Colina,2024-06-06,13.7,11.7,12.7,11.8,0.0
Colina,2024-06-07,17.6,13.7,15.4,16.2,0.0
Colina,2024-06-08,13.8,5.7,10.4,11.0,2.5
Colina,2024-06-09,8.6,4.7,6.8,6.7,12.4
Colina,2024-06-10,11.1,7.3,9.0,9.7,0.0
Colina,2024-06-11,12.5,8.3,10.8,10.2,0.2
Colina,2024-06-12,12.0,6.7,9.5,9.2,0.0
Colina,2024-06-13,11.7,5.5,7.1,4.7,52.9
Colina,2024-06-14,9.5,4.5,6.4,6.3,11.1
Colina,2024-06-15,9.1,3.2,7.0,6.4,0.0
Colina,2024-06-16,9.8,4.5,7.3,7.8,0.0
Colina,2024-06-17,11.0,4.5,7.6,8.0,1.1
Colina,2024-06-18,9.0,4.7,6.2,4.7,17.9
Colina,2024-06-19,10.2,4.1,6.7,7.0,0.0
Colina,2024-06-20,10.4,5.1,7.4,7.5,0.0
Colina,2024-06-21,6.6,3.2,5.2,3.9,50.6
Colina,2024-06-22,6.6,2.1,4.0,2.8,11.6
Colina,2024-06-23,5.4,1.6,3.1,2.5,0.2
Colina,2024-06-24,5.3,1.9,3.3,2.7,1.7
Colina,2024-06-25,5.2,-0.7,2.1,2.4,0.0
Colina,2024-06-26,13.6,4.6,9.5,11.2,0.0
Colina,2024-06-27,13.9,6.2,11.0,11.4,0.0
Colina,2024-06-28,12.2,5.7,9.4,10.9,0.0
Colina,2024-06-29,14.7,12.1,13.3,12.5,0.0
Colina,2024-06-30,14.4,7.7,12.4,12.5,0.0
Colina,2024-07-01,15.1,11.2,13.6,13.1,0.0
Colina,2024-07-02,14.6,7.3,12.4,12.3,0.0
Colina,2024-07-03,13.7,8.6,12.2,11.1,0.0
Colina,2024-07-04,10.3,7.1,9.1,8.0,0.0
Colina,2024-07-05,12.4,5.5,9.7,10.3,0.0
Colina,2024-07-06,10.0,5.6,8.2,7.6,0.0
Colina,2024-07-07,10.4,6.2,8.0,8.3,0.0
Colina,2024-07-08,10.7,4.7,8.6,8.2,0.0
Colina,2024-07-09,8.9,0.1,6.0,6.0,0.0
Colina,2024-07-10,5.4,-1.3,2.1,2.7,0.0
Colina,2024-07-11,7.5,2.0,5.1,4.8,0.0
Colina,2024-07-12,10.8,5.8,8.3,7.7,0.0
Colina,2024-07-13,12.4,4.1,9.4,9.3,0.0
Colina,2024-07-14,13.1,7.7,11.5,10.3,0.0
Colina,2024-07-15,16.1,7.9,12.3,13.1,0.0
Colina,2024-07-16,17.7,8.1,13.6,15.6,0.0
Colina,2024-07-17,16.9,11.0,14.7,15.1,0.0
Colina,2024-07-18,14.3,6.5,10.3,11.7,0.0
Colina,2024-07-19,12.9,6.7,10.1,11.3,0.0
Colina,2024-07-20,10.9,5.5,9.3,8.7,0.0
Colina,2024-07-21,8.7,3.1,5.5,5.6,0.0
Colina,2024-07-22,13.4,6.0,10.4,11.5,0.0
Colina,2024-07-23,8.9,2.5,5.0,6.2,0.0
Colina,2024-07-24,12.3,2.9,8.4,10.3,0.0
Colina,2024-07-25,15.9,8.8,12.4,13.1,0.0
Colina,2024-07-26,10.8,6.0,9.0,8.7,0.0
Colina,2024-07-27,13.1,7.7,9.7,11.0,0.0
Colina,2024-07-28,14.5,8.4,11.7,13.0,0.0
Colina,2024-07-29,19.6,13.5,16.2,17.2,0.0
Colina,2024-07-30,17.7,10.4,14.2,13.9,0.0
Colina,2024-07-31,14.2,7.6,11.0,11.5,0.0
Colina,2024-08-01,10.2,6.8,8.1,6.5,0.0
Colina,2024-08-02,8.6,1.7,5.5,5.2,58.7
Colina,2024-08-03,9.1,1.3,5.2,6.6,2.0
Colina,2024-08-04,11.3,4.9,7.9,8.8,0.0
Colina,2024-08-05,7.6,1.2,4.2,4.2,9.9
Colina,2024-08-06,5.4,-0.6,1.9,2.3,12.9
Colina,2024-08-07,4.3,-1.3,1.7,1.5,0.2
Colina,2024-08-08,8.7,-1.3,4.0,6.2,0.0
Colina,2024-08-09,14.5,2.4,9.4,12.8,0.0
Colina,2024-08-10,14.6,7.0,11.6,13.0,0.0
Colina,2024-08-11,16.1,10.8,13.1,15.2,0.0
Colina,2024-08-12,18.9,11.6,15.6,18.3,0.0
Colina,2024-08-13,16.9,10.2,14.4,16.3,0.0
Colina,2024-08-14,11.3,7.9,9.7,10.3,0.0
Colina,2024-08-15,11.3,6.6,8.7,9.6,2.1
Colina,2024-08-16,8.8,4.3,7.0,7.4,0.0
Colina,2024-08-17,11.2,5.9,7.8,9.9,0.0
Colina,2024-08-18,9.0,4.9,6.8,6.8,0.0
Colina,2024-08-19,8.4,2.3,5.6,6.3,0.5
Colina,2024-08-20,5.4,0.6,2.6,2.8,1.5
Colina,2024-08-21,6.4,-0.5,2.0,2.0,8.4
Colina,2024-08-22,5.9,-1.2,2.2,3.3,0.1
Colina,2024-08-23,5.2,-0.6,1.7,1.9,1.0
Colina,2024-08-24,13.7,-0.2,7.3,10.5,0.0
Colina,2024-08-25,15.7,6.7,12.9,14.0,0.0
Colina,2024-08-26,12.4,4.6,8.9,10.8,0.0
Colina,2024-08-27,15.0,8.5,11.3,13.8,0.0
Colina,2024-08-28,11.6,5.7,8.4,9.9,0.0
Colina,2024-08-29,6.8,2.4,5.1,4.6,0.0
Colina,2024-08-30,7.7,2.1,4.4,5.1,0.6
Colina,2024-08-31,14.6,7.4,10.8,13.5,0.0
Colina,2024-09-01,20.7,11.8,16.1,19.9,0.0
Colina,2024-09-02,13.1,4.7,8.8,11.2,0.7
Colina,2024-09-03,11.6,3.8,7.8,8.9,0.1
Colina,2024-09-04,16.0,6.6,11.3,14.9,0.0
Colina,2024-09-05,18.5,11.8,15.1,16.5,0.0
Colina,2024-09-06,14.3,8.0,10.9,13.3,0.0
Colina,2024-09-07,12.5,5.7,8.2,11.1,0.0
Colina,2024-09-08,15.1,7.9,10.9,13.5,0.0
Colina,2024-09-09,17.2,9.5,12.7,15.9,0.0
Colina,2024-09-10,13.6,5.4,10.1,12.3,0.4
Colina,2024-09-11,14.3,4.4,8.8,12.9,3.9
Colina,2024-09-12,12.9,4.9,8.9,11.7,0.0
Colina,2024-09-13,13.9,3.7,8.2,12.2,0.0
Colina,2024-09-14,17.8,9.3,13.1,15.7,0.0
Colina,2024-09-15,18.6,11.2,14.2,15.7,0.0
Colina,2024-09-16,22.3,13.4,17.5,19.3,0.0
Colina,2024-09-17,17.4,9.1,12.6,15.8,0.0
Colina,2024-09-18,20.0,6.2,13.4,15.3,0.1
Colina,2024-09-19,12.6,3.7,7.5,8.5,2.7
Colina,2024-09-20,15.0,7.1,10.9,12.2,0.0
Colina,2024-09-21,13.9,4.9,10.0,12.6,0.0
Colina,2024-09-22,7.7,4.6,6.2,5.7,5.4
Colina,2024-09-23,11.8,6.2,8.5,10.3,1.7
Colina,2024-09-24,13.0,5.0,8.1,12.2,0.7
Colina,2024-09-25,12.5,4.4,8.5,10.6,0.0
Colina,2024-09-26,20.2,9.4,14.5,18.3,0.0
Colina,2024-09-27,18.2,11.1,15.0,17.0,0.0
Colina,2024-09-28,19.9,11.9,15.4,18.8,0.0
Colina,2024-09-29,16.0,7.9,12.4,15.4,0.0
Colina,2024-09-30,14.7,5.7,8.5,12.1,0.1
Colina,2024-10-01,13.1,2.6,8.0,12.4,0.0
Colina,2024-10-02,16.8,6.4,10.9,15.6,0.0
Colina,2024-10-03,21.1,11.6,15.7,20.4,0.0
Colina,2024-10-04,22.0,12.7,16.7,20.8,0.0
Colina,2024-10-05,21.8,12.3,16.4,20.4,0.0
Colina,2024-10-06,18.7,12.7,15.0,16.4,0.2
Colina,2024-10-07,18.3,9.4,13.4,16.9,3.5
Colina,2024-10-08,12.3,6.3,8.6,10.1,4.3
Colina,2024-10-09,14.3,7.1,10.1,11.7,0.0
Colina,2024-10-10,14.5,7.3,10.5,14.4,0.5
Colina,2024-10-11,13.6,6.6,9.6,12.0,0.0
Colina,2024-10-12,14.8,8.3,11.2,13.0,0.0
Colina,2024-10-13,18.9,9.8,13.3,18.6,0.0
Colina,2024-10-14,18.0,10.3,13.5,16.3,0.0
Colina,2024-10-15,23.4,12.7,17.1,22.6,0.0
Colina,2024-10-16,16.8,8.8,12.5,16.7,0.0
Colina,2024-10-17,22.1,7.4,15.0,21.7,0.0
Colina,2024-10-18,25.2,14.5,18.7,23.9,0.0
Colina,2024-10-19,21.7,8.3,15.4,20.9,0.0
Colina,2024-10-20,15.3,4.4,9.1,14.0,1.0
Colina,2024-10-21,19.3,5.0,12.1,17.7,0.0
Colina,2024-10-22,20.2,7.7,13.5,18.4,0.6
Colina,2024-10-23,13.6,6.2,9.1,12.0,5.1
Colina,2024-10-24,21.1,5.7,13.3,19.3,0.0
Colina,2024-10-25,19.3,6.4,12.8,17.9,0.0
Colina,2024-10-26,25.7,13.6,19.0,23.9,0.0
Colina,2024-10-27,24.5,12.9,18.1,23.2,0.0
Colina,2024-10-28,28.8,16.1,21.1,26.7,0.0
Colina,2024-10-29,22.3,13.2,18.3,21.8,0.0
Colina,2024-10-30,23.1,11.4,16.4,22.7,0.0
Colina,2024-10-31,24.0,9.8,16.9,23.6,0.0
Colina,2024-11-01,16.3,8.1,11.4,14.7,0.0
Colina,2024-11-02,20.6,6.8,13.4,19.2,0.0
Colina,2024-11-03,22.0,6.5,13.5,18.7,0.0
Colina,2024-11-04,18.8,5.6,11.9,16.5,0.0
Colina,2024-11-05,22.5,10.2,15.6,20.2,0.0
Colina,2024-11-06,22.2,11.8,16.3,20.3,0.0
Colina,2024-11-07,20.6,13.4,16.5,18.2,0.3
Colina,2024-11-08,24.3,14.0,18.1,22.3,0.0
Colina,2024-11-09,23.7,12.3,17.5,22.7,0.0
Colina,2024-11-10,17.2,8.5,12.6,14.8,0.0
Colina,2024-11-11,21.4,7.6,14.7,18.3,0.0
Colina,2024-11-12,25.7,13.4,19.4,22.2,0.0
Colina,2024-11-13,24.4,12.3,18.7,23.2,0.0
Colina,2024-11-14,22.5,11.2,16.1,21.1,0.0
Colina,2024-11-15,20.8,9.9,14.9,19.3,0.0
Colina,2024-11-16,15.4,9.7,12.2,13.2,0.0
Colina,2024-11-17,20.4,8.0,13.7,18.9,0.0
Colina,2024-11-18,22.0,10.9,15.5,20.7,0.0
Colina,2024-11-19,21.6,8.5,14.1,20.1,0.0
Colina,2024-11-20,20.7,10.1,14.7,18.5,0.0
Colina,2024-11-21,23.7,11.8,16.5,22.7,0.0
Colina,2024-11-22,21.4,8.9,15.2,20.0,0.0
Colina,2024-11-23,24.1,10.4,16.6,22.7,0.0
Colina,2024-11-24,22.9,10.4,16.2,21.7,0.0
Colina,2024-11-25,21.3,11.5,15.8,19.8,0.0
Colina,2024-11-26,21.4,9.7,15.1,19.9,0.0
Colina,2024-11-27,20.2,9.2,13.9,18.7,0.0
Colina,2024-11-28,20.9,7.6,14.5,18.8,0.0
Colina,2024-11-29,23.4,11.2,16.7,21.6,0.0
Colina,2024-11-30,22.2,9.6,15.7,20.6,0.0
Colina,2024-12-01,18.9,5.7,12.0,16.3,0.0
Colina,2024-12-02,21.1,9.2,14.7,19.3,0.0
Colina,2024-12-03,21.6,9.8,14.9,20.0,0.0
Colina,2024-12-04,20.6,8.9,13.8,19.2,0.0
Colina,2024-12-05,19.7,6.8,11.7,17.5,0.0
Colina,2024-12-06,21.0,7.6,13.8,19.3,0.0
Colina,2024-12-07,23.0,10.7,15.5,21.6,0.0
Colina,2024-12-08,20.3,9.2,14.0,18.0,0.0
Colina,2024-12-09,25.1,10.0,17.0,22.8,0.0
Colina,2024-12-10,24.4,13.1,17.9,22.9,0.0
Colina,2024-12-11,25.4,12.5,18.2,23.5,0.0
Colina,2024-12-12,22.6,10.1,15.6,20.8,0.0
Colina,2024-12-13,24.3,12.1,17.7,22.3,0.0
Colina,2024-12-14,26.0,13.1,18.6,24.2,0.0
Colina,2024-12-15,23.8,12.6,17.1,22.5,0.0
Colina,2024-12-16,24.8,12.0,17.2,23.8,0.0
Colina,2024-12-17,22.2,12.1,16.1,20.9,0.0
Colina,2024-12-18,23.1,10.2,16.4,21.5,0.0
Colina,2024-12-19,27.1,13.3,19.7,25.1,0.0
Colina,2024-12-20,24.6,12.7,18.1,22.4,0.0
Colina,2024-12-21,26.3,12.6,19.5,24.0,0.0
Colina,2024-12-22,28.7,16.0,21.4,26.9,0.0
Colina,2024-12-23,25.2,16.0,20.1,23.5,0.0
Colina,2024-12-24,26.3,14.4,19.7,24.2,0.0
Colina,2024-12-25,26.2,13.6,19.0,25.1,0.0
Colina,2024-12-26,23.2,11.9,16.9,22.6,0.0
Colina,2024-12-27,24.2,13.0,17.6,23.3,0.0
Colina,2024-12-28,25.1,12.5,17.9,24.1,0.0
Colina,2024-12-29,26.6,13.3,19.1,25.6,0.0
Colina,2024-12-30,25.2,13.0,18.5,23.5,0.0
Colina,2024-12-31,25.3,13.6,18.8,23.3,0.0
Conchalí,2024-01-01,30.0,12.4,20.1,30.1,0.0
Conchalí,2024-01-02,30.8,12.9,21.3,30.4,0.0
Conchalí,2024-01-03,30.5,15.9,22.2,30.0,0.0
Conchalí,2024-01-04,29.9,15.4,21.6,29.9,0.0
Conchalí,2024-01-05,27.6,14.4,20.4,27.8,0.0
Conchalí,2024-01-06,27.2,14.7,20.4,27.7,0.0
Conchalí,2024-01-07,29.7,13.8,21.4,29.3,0.0
Conchalí,2024-01-08,29.5,14.3,21.7,29.4,0.0
Conchalí,2024-01-09,29.8,14.3,21.6,29.3,0.0
Conchalí,2024-01-10,29.5,14.0,21.6,29.2,0.0
Conchalí,2024-01-11,30.0,16.7,22.1,29.4,0.0
Conchalí,2024-01-12,29.0,14.6,20.9,28.6,0.0
Conchalí,2024-01-13,27.9,12.2,19.4,27.9,0.0
Conchalí,2024-01-14,33.2,13.4,23.2,32.2,0.0
Conchalí,2024-01-15,30.6,16.1,23.1,29.5,0.0
Conchalí,2024-01-16,31.4,12.1,21.6,29.8,0.0
Conchalí,2024-01-17,31.0,17.2,22.8,30.5,0.0
Conchalí,2024-01-18,32.1,15.3,23.0,31.3,0.0
Conchalí,2024-01-19,33.3,17.4,24.9,32.0,0.0
Conchalí,2024-01-20,31.0,18.3,24.1,30.6,0.0
Conchalí,2024-01-21,33.2,16.6,23.9,32.4,0.0
Conchalí,2024-01-22,34.2,16.9,24.4,33.8,0.0
Conchalí,2024-01-23,31.2,15.2,22.6,31.4,0.0
Conchalí,2024-01-24,35.0,17.0,25.0,34.5,0.0
Conchalí,2024-01-25,32.1,17.6,24.3,32.2,0.0
Conchalí,2024-01-26,30.5,15.9,22.4,30.0,0.0
Conchalí,2024-01-27,33.5,16.9,23.9,33.2,0.0
Conchalí,2024-01-28,30.5,17.5,23.0,30.8,0.0
Conchalí,2024-01-29,32.4,16.7,23.5,33.0,0.0
Conchalí,2024-01-30,34.2,16.2,24.6,33.9,0.0
Conchalí,2024-01-31,36.2,19.2,27.2,35.1,0.0
Conchalí,2024-02-01,34.8,19.5,26.6,33.0,0.0
Conchalí,2024-02-02,35.2,18.2,26.3,33.4,0.0
Conchalí,2024-02-03,35.8,18.2,26.6,34.3,0.0
Conchalí,2024-02-04,31.4,18.1,24.1,30.9,0.0
Conchalí,2024-02-05,32.8,14.6,23.3,32.2,0.0
Conchalí,2024-02-06,31.6,17.9,23.9,30.6,0.0
Conchalí,2024-02-07,34.3,16.9,24.8,33.3,0.0
Conchalí,2024-02-08,32.5,19.6,25.0,33.2,0.0
Conchalí,2024-02-09,30.5,16.8,22.9,30.8,0.0
Conchalí,2024-02-10,32.8,16.6,24.2,33.5,0.0
Conchalí,2024-02-11,30.0,15.6,22.2,29.6,0.0
Conchalí,2024-02-12,34.1,15.9,24.6,32.5,0.0
Conchalí,2024-02-13,31.5,16.9,24.3,30.3,0.0
Conchalí,2024-02-14,31.8,14.6,21.8,31.5,0.0
Conchalí,2024-02-15,32.7,14.7,21.8,33.0,0.0
Conchalí,2024-02-16,29.9,14.2,21.6,30.2,0.0
Conchalí,2024-02-17,33.2,15.9,24.1,31.8,0.0
Conchalí,2024-02-18,33.8,17.9,25.0,32.8,0.0
Conchalí,2024-02-19,29.1,16.0,21.4,29.0,0.0
Conchalí,2024-02-20,29.8,14.1,20.8,30.3,0.0
Conchalí,2024-02-21,28.8,13.6,20.4,29.0,0.0
Conchalí,2024-02-22,19.8,14.8,16.7,19.4,13.2
Conchalí,2024-02-23,27.9,13.6,20.0,29.7,1.2
Conchalí,2024-02-24,29.2,15.9,21.6,29.9,0.6
Conchalí,2024-02-25,29.9,15.1,21.6,30.2,0.0
Conchalí,2024-02-26,30.5,14.1,22.0,31.3,0.0
Conchalí,2024-02-27,30.4,16.4,22.7,30.1,0.0
Conchalí,2024-02-28,31.9,14.8,22.8,31.0,0.0
Conchalí,2024-02-29,32.5,17.0,24.0,31.5,0.0
Conchalí,2024-03-01,30.1,16.0,22.5,28.9,0.0
Conchalí,2024-03-02,30.5,15.6,22.5,30.0,0.0
Conchalí,2024-03-03,30.9,16.5,23.1,29.8,0.0
Conchalí,2024-03-04,31.8,16.4,22.7,30.4,0.0
Conchalí,2024-03-05,30.2,16.7,22.2,28.4,0.0
Conchalí,2024-03-06,29.2,15.4,21.3,28.4,0.0
Conchalí,2024-03-07,28.2,13.4,19.6,27.9,0.0
Conchalí,2024-03-08,27.9,11.6,18.7,26.8,0.0
Conchalí,2024-03-09,30.2,12.4,20.9,28.9,0.0
Conchalí,2024-03-10,29.2,15.3,20.9,28.8,0.0
Conchalí,2024-03-11,28.0,12.4,18.8,27.8,0.0
Conchalí,2024-03-12,28.1,11.8,19.2,27.1,0.0
Conchalí,2024-03-13,27.9,12.7,19.7,27.2,0.0
Conchalí,2024-03-14,28.2,13.9,20.4,26.4,0.0
Conchalí,2024-03-15,28.8,13.8,20.3,26.8,0.0
Conchalí,2024-03-16,28.6,13.6,20.2,26.9,0.0
Conchalí,2024-03-17,29.6,13.7,20.9,28.0,0.0
Conchalí,2024-03-18,31.0,14.1,22.2,29.2,0.0
Conchalí,2024-03-19,28.0,15.8,21.2,26.7,0.0
Conchalí,2024-03-20,22.1,12.1,16.2,21.2,1.3
Conchalí,2024-03-21,31.0,12.9,21.3,30.1,1.3
Conchalí,2024-03-22,32.0,17.5,23.7,30.7,0.0
Conchalí,2024-03-23,29.5,15.2,21.9,28.5,0.0
Conchalí,2024-03-24,31.0,16.1,22.5,29.8,0.0
Conchalí,2024-03-25,28.9,15.6,20.9,27.9,0.0
Conchalí,2024-03-26,29.0,13.9,20.6,28.6,0.0
Conchalí,2024-03-27,29.2,15.7,21.8,28.7,0.0
Conchalí,2024-03-28,30.4,15.6,21.8,29.4,0.0
Conchalí,2024-03-29,30.6,16.7,22.1,29.4,0.0
Conchalí,2024-03-30,31.3,15.4,22.4,29.6,0.0
Conchalí,2024-03-31,29.5,16.8,21.9,26.6,0.0
Conchalí,2024-04-01,26.7,13.9,19.6,24.2,0.0
Conchalí,2024-04-02,25.1,13.9,18.4,22.2,0.2
Conchalí,2024-04-03,22.3,12.8,16.4,20.3,0.0
Conchalí,2024-04-04,26.8,12.1,18.7,26.2,0.0
Conchalí,2024-04-05,28.6,14.3,20.0,27.1,0.0
Conchalí,2024-04-06,25.6,10.8,17.8,23.9,0.0
Conchalí,2024-04-07,28.9,12.2,19.4,27.0,0.0
Conchalí,2024-04-08,25.6,13.1,18.3,23.1,0.0
Conchalí,2024-04-09,27.0,12.4,18.8,25.2,0.0
Conchalí,2024-04-10,27.4,13.5,18.8,26.0,0.0
Conchalí,2024-04-11,22.6,11.4,15.5,20.1,0.0
Conchalí,2024-04-12,16.7,10.9,13.3,14.6,0.0
Conchalí,2024-04-13,19.0,8.1,13.2,16.7,0.1
Conchalí,2024-04-14,20.7,9.2,14.6,19.2,1.3
Conchalí,2024-04-15,19.2,11.6,13.8,17.6,12.0
Conchalí,2024-04-16,22.6,9.7,15.2,20.2,0.0
Conchalí,2024-04-17,27.1,14.1,19.6,24.3,0.0
Conchalí,2024-04-18,30.0,16.2,22.3,27.7,0.0
Conchalí,2024-04-19,24.5,14.8,18.2,22.2,0.0
Conchalí,2024-04-20,22.1,13.4,16.7,20.5,0.0
Conchalí,2024-04-21,18.5,12.5,15.2,17.2,0.0
Conchalí,2024-04-22,20.8,11.1,14.8,19.1,0.0
Conchalí,2024-04-23,24.4,9.3,16.0,22.5,0.0
Conchalí,2024-04-24,22.4,9.8,15.1,20.8,0.0
Conchalí,2024-04-25,21.5,8.6,14.8,18.5,0.0
Conchalí,2024-04-26,19.2,9.8,13.9,16.8,0.0
Conchalí,2024-04-27,20.0,8.4,12.9,17.6,0.0
Conchalí,2024-04-28,17.6,8.8,12.0,14.5,0.0
Conchalí,2024-04-29,18.1,5.8,11.6,14.2,0.0
Conchalí,2024-04-30,16.3,7.2,11.5,13.9,0.0
Conchalí,2024-05-01,15.0,7.2,10.9,12.4,1.8
Conchalí,2024-05-02,15.2,5.2,9.4,11.9,0.0
Conchalí,2024-05-03,16.7,5.2,10.0,13.8,0.0
Conchalí,2024-05-04,18.0,6.4,11.3,14.7,0.0
Conchalí,2024-05-05,16.3,7.9,11.3,13.7,0.0
Conchalí,2024-05-06,16.1,6.7,10.4,13.7,0.0
Conchalí,2024-05-07,10.4,3.5,6.8,8.0,27.8
Conchalí,2024-05-08,14.1,0.6,7.8,12.4,0.0
Conchalí,2024-05-09,17.8,8.4,11.7,15.8,0.0
Conchalí,2024-05-10,13.8,6.2,9.7,12.1,0.0
Conchalí,2024-05-11,13.9,6.9,9.6,11.3,0.0
Conchalí,2024-05-12,13.4,5.3,8.5,10.4,0.0
Conchalí,2024-05-13,14.6,6.1,9.1,11.6,0.0
Conchalí,2024-05-14,16.0,7.4,10.5,12.9,0.0
Conchalí,2024-05-15,9.6,4.3,6.6,7.3,1.1
Conchalí,2024-05-16,14.1,2.3,7.6,11.5,0.0
Conchalí,2024-05-17,13.4,4.4,8.5,11.1,1.8
Conchalí,2024-05-18,15.8,4.4,9.2,13.2,0.0
Conchalí,2024-05-19,17.5,5.4,11.9,15.3,0.0
Conchalí,2024-05-20,13.4,8.0,9.7,10.3,40.6
Conchalí,2024-05-21,13.6,6.2,9.5,12.8,3.0
Conchalí,2024-05-22,10.3,6.7,9.0,9.5,26.7
Conchalí,2024-05-23,12.7,5.3,8.0,10.8,11.8
Conchalí,2024-05-24,16.0,5.6,11.0,14.5,0.0
Conchalí,2024-05-25,15.6,9.3,11.9,13.7,0.1
Conchalí,2024-05-26,13.6,6.6,9.4,12.1,7.0
Conchalí,2024-05-27,16.1,7.1,11.9,15.0,0.0
Conchalí,2024-05-28,19.2,8.2,13.7,17.7,0.0
Conchalí,2024-05-29,17.0,8.1,12.4,15.6,0.0
Conchalí,2024-05-30,19.1,9.6,14.7,18.2,0.0
Conchalí,2024-05-31,16.8,10.1,14.5,15.2,0.0
Conchalí,2024-06-01,17.2,8.9,12.7,16.3,0.0
Conchalí,2024-06-02,19.1,9.8,14.2,18.8,0.0
Conchalí,2024-06-03,20.1,10.6,15.1,17.8,0.0
Conchalí,2024-06-04,19.3,7.8,12.7,17.8,0.0
Conchalí,2024-06-05,15.4,11.1,13.6,14.7,0.0
Conchalí,2024-06-06,16.2,11.4,13.5,14.7,0.0
Conchalí,2024-06-07,20.6,9.9,15.1,20.0,0.0
Conchalí,2024-06-08,15.6,7.6,11.7,13.7,3.0
Conchalí,2024-06-09,13.4,7.9,10.6,11.9,10.5
Conchalí,2024-06-10,14.6,8.6,11.0,13.5,0.0
Conchalí,2024-06-11,14.6,9.0,11.6,13.2,0.0
Conchalí,2024-06-12,12.6,8.8,11.0,11.0,0.0
Conchalí,2024-06-13,13.4,8.9,10.8,10.3,50.0
Conchalí,2024-06-14,14.6,7.0,9.9,13.3,10.8
Conchalí,2024-06-15,13.9,7.8,10.4,11.8,0.0
Conchalí,2024-06-16,14.3,7.2,9.8,13.0,0.0
Conchalí,2024-06-17,14.4,5.7,9.3,12.6,0.2
Conchalí,2024-06-18,13.1,6.8,9.2,11.7,24.7
Conchalí,2024-06-19,15.1,4.0,9.3,13.7,0.9
Conchalí,2024-06-20,11.6,7.4,9.2,10.0,0.0
Conchalí,2024-06-21,9.0,7.2,7.8,7.1,46.9
Conchalí,2024-06-22,9.3,4.9,6.8,7.4,16.1
Conchalí,2024-06-23,10.4,5.6,7.5,8.7,0.0
Conchalí,2024-06-24,7.8,4.9,6.6,6.0,0.0
Conchalí,2024-06-25,9.9,4.2,6.3,7.8,0.0
Conchalí,2024-06-26,15.9,4.9,9.8,14.2,0.0
Conchalí,2024-06-27,16.0,7.4,12.1,14.5,0.0
Conchalí,2024-06-28,14.2,5.7,9.4,13.0,0.0
Conchalí,2024-06-29,17.2,10.9,13.6,15.8,0.0
Conchalí,2024-06-30,19.0,9.9,14.2,17.4,0.0
Conchalí,2024-07-01,20.0,11.6,15.4,18.5,0.0
Conchalí,2024-07-02,17.5,9.3,13.8,15.4,0.0
Conchalí,2024-07-03,16.5,8.6,13.2,14.5,0.0
Conchalí,2024-07-04,14.4,8.1,10.5,12.6,0.0
Conchalí,2024-07-05,14.7,7.8,10.2,12.9,0.0
Conchalí,2024-07-06,12.9,5.4,8.9,10.4,0.0
Conchalí,2024-07-07,13.0,5.6,8.6,10.4,0.0
Conchalí,2024-07-08,13.1,5.5,8.9,10.7,0.0
Conchalí,2024-07-09,11.3,2.5,6.9,8.2,0.0
Conchalí,2024-07-10,9.9,1.0,4.2,7.1,0.0
Conchalí,2024-07-11,11.6,2.7,6.5,9.0,0.0
Conchalí,2024-07-12,13.6,6.7,9.8,10.6,0.0
Conchalí,2024-07-13,13.9,4.1,8.7,11.6,0.0
Conchalí,2024-07-14,12.9,4.9,9.2,10.0,0.0
Conchalí,2024-07-15,14.6,5.0,9.2,11.8,0.0
Conchalí,2024-07-16,20.3,5.8,12.6,18.4,0.0
Conchalí,2024-07-17,18.5,9.9,13.7,16.0,0.0
Conchalí,2024-07-18,13.8,7.4,10.5,11.9,0.0
Conchalí,2024-07-19,15.6,6.6,10.1,13.8,0.0
Conchalí,2024-07-20,14.2,6.3,9.3,13.0,0.0
Conchalí,2024-07-21,14.3,5.9,9.4,11.9,0.0
Conchalí,2024-07-22,18.0,5.8,11.4,16.1,0.0
Conchalí,2024-07-23,11.0,5.2,7.6,9.2,1.2
Conchalí,2024-07-24,16.7,5.6,10.9,15.2,0.0
Conchalí,2024-07-25,18.8,8.4,12.9,16.5,0.0
Conchalí,2024-07-26,13.6,6.4,8.9,11.7,0.0
Conchalí,2024-07-27,16.0,5.3,9.6,14.2,0.0
Conchalí,2024-07-28,17.2,6.2,11.4,15.3,0.0
Conchalí,2024-07-29,22.0,11.6,15.9,20.7,0.0
Conchalí,2024-07-30,18.5,9.6,13.6,16.9,0.0
Conchalí,2024-07-31,12.9,7.0,10.0,11.9,0.0
Conchalí,2024-08-01,9.8,6.9,7.9,7.5,0.0
Conchalí,2024-08-02,13.8,5.9,9.2,10.9,56.9
Conchalí,2024-08-03,15.0,3.3,9.1,13.2,0.0
Conchalí,2024-08-04,15.8,6.2,10.5,14.0,0.0
Conchalí,2024-08-05,10.1,5.4,8.1,8.2,6.2
Conchalí,2024-08-06,11.7,4.1,7.1,9.3,8.2
Conchalí,2024-08-07,10.8,1.5,5.8,8.6,0.0
Conchalí,2024-08-08,13.7,4.2,8.2,11.3,0.0
Conchalí,2024-08-09,18.7,7.9,12.1,17.1,0.0
Conchalí,2024-08-10,18.8,6.4,12.6,17.2,0.0
Conchalí,2024-08-11,20.0,8.8,14.8,19.5,0.0
Conchalí,2024-08-12,22.8,14.9,17.7,22.0,0.0
Conchalí,2024-08-13,20.4,10.4,15.1,19.7,0.0
Conchalí,2024-08-14,14.2,9.2,11.3,13.4,0.0
Conchalí,2024-08-15,17.2,7.6,11.4,15.7,0.0
Conchalí,2024-08-16,13.2,6.7,9.7,11.9,0.0
Conchalí,2024-08-17,14.9,8.1,10.4,13.3,0.0
Conchalí,2024-08-18,12.5,5.8,8.6,10.5,0.0
Conchalí,2024-08-19,12.6,5.4,8.5,10.3,0.0
Conchalí,2024-08-20,10.9,4.3,6.8,8.2,0.2
Conchalí,2024-08-21,12.5,2.0,6.0,9.3,8.6
Conchalí,2024-08-22,11.3,0.8,6.1,9.1,0.2
Conchalí,2024-08-23,10.1,3.1,5.8,7.2,1.4
Conchalí,2024-08-24,16.6,5.8,10.2,14.8,0.0
Conchalí,2024-08-25,19.9,8.4,14.1,18.7,0.0
Conchalí,2024-08-26,16.7,5.4,10.7,14.9,0.0
Conchalí,2024-08-27,18.6,9.6,12.6,17.4,0.0
Conchalí,2024-08-28,15.7,6.4,10.2,14.7,0.0
Conchalí,2024-08-29,12.0,6.6,8.6,9.5,0.9
Conchalí,2024-08-30,13.4,6.7,8.8,11.3,1.3
Conchalí,2024-08-31,18.6,6.9,12.2,17.2,0.0
Conchalí,2024-09-01,23.4,9.4,16.0,22.7,0.0
Conchalí,2024-09-02,14.8,7.4,10.7,12.2,0.0
Conchalí,2024-09-03,15.6,8.1,10.6,14.0,0.0
Conchalí,2024-09-04,18.5,5.9,11.5,17.0,0.0
Conchalí,2024-09-05,21.9,12.1,15.7,20.3,0.0
Conchalí,2024-09-06,17.9,7.7,11.9,16.8,0.0
Conchalí,2024-09-07,16.6,7.9,11.1,15.8,0.0
Conchalí,2024-09-08,19.0,6.6,12.1,17.3,0.0
Conchalí,2024-09-09,21.0,8.8,14.2,20.0,0.0
Conchalí,2024-09-10,17.9,8.0,12.8,16.2,0.0
Conchalí,2024-09-11,18.6,7.8,12.4,17.2,0.0
Conchalí,2024-09-12,17.1,7.6,11.4,15.8,0.0
Conchalí,2024-09-13,18.0,5.3,10.9,16.5,0.0
Conchalí,2024-09-14,22.3,8.5,14.6,20.5,0.0
Conchalí,2024-09-15,22.6,11.4,16.0,20.5,0.0
Conchalí,2024-09-16,25.0,13.1,18.3,22.7,0.0
Conchalí,2024-09-17,21.9,7.8,13.9,20.4,0.0
Conchalí,2024-09-18,22.0,9.2,14.3,20.0,0.0
Conchalí,2024-09-19,17.3,5.1,11.0,13.9,1.9
Conchalí,2024-09-20,18.6,7.1,12.5,16.2,0.0
Conchalí,2024-09-21,16.9,8.6,11.5,15.3,0.0
Conchalí,2024-09-22,12.3,8.0,10.0,10.5,3.7
Conchalí,2024-09-23,15.6,8.6,11.5,13.3,0.8
Conchalí,2024-09-24,17.6,7.1,11.5,16.9,0.0
Conchalí,2024-09-25,17.2,7.7,11.4,15.1,0.0
Conchalí,2024-09-26,24.3,8.8,15.9,23.5,0.0
Conchalí,2024-09-27,22.2,11.6,15.9,20.8,0.0
Conchalí,2024-09-28,24.0,10.9,16.6,22.5,0.0
Conchalí,2024-09-29,19.5,10.2,14.2,18.7,0.0
Conchalí,2024-09-30,19.2,8.4,11.8,18.2,0.0
Conchalí,2024-10-01,18.0,6.6,11.9,16.0,0.0
Conchalí,2024-10-02,21.4,8.5,14.1,20.6,0.0
Conchalí,2024-10-03,25.5,10.2,17.0,24.7,0.0
Conchalí,2024-10-04,26.3,13.2,18.3,25.4,0.0
Conchalí,2024-10-05,25.9,9.9,18.2,25.1,0.0
Conchalí,2024-10-06,21.4,13.1,17.3,20.8,0.2
Conchalí,2024-10-07,23.0,11.1,16.0,22.1,4.9
Conchalí,2024-10-08,15.9,10.1,12.2,14.7,16.8
Conchalí,2024-10-09,19.0,9.5,13.7,17.6,0.4
Conchalí,2024-10-10,19.6,10.1,14.0,19.7,0.0
Conchalí,2024-10-11,17.9,9.9,13.0,16.9,0.0
Conchalí,2024-10-12,18.4,10.2,14.1,17.1,0.0
Conchalí,2024-10-13,23.3,10.8,16.0,23.8,0.0
Conchalí,2024-10-14,22.2,10.2,15.5,21.3,0.0
Conchalí,2024-10-15,27.8,11.2,18.2,27.9,0.0
Conchalí,2024-10-16,19.5,8.6,13.9,18.6,0.0
Conchalí,2024-10-17,26.5,7.1,16.2,26.4,0.0
Conchalí,2024-10-18,28.8,12.0,19.3,28.7,0.0
Conchalí,2024-10-19,23.4,10.7,15.5,23.4,0.0
Conchalí,2024-10-20,20.6,8.6,13.5,19.8,0.9
Conchalí,2024-10-21,24.5,9.4,16.6,23.8,0.0
Conchalí,2024-10-22,24.5,11.0,16.1,23.9,2.0
Conchalí,2024-10-23,18.5,9.4,13.3,17.5,1.5
Conchalí,2024-10-24,25.6,8.8,16.4,24.8,0.0
Conchalí,2024-10-25,23.5,8.5,15.2,22.5,0.0
Conchalí,2024-10-26,29.0,13.1,19.8,28.7,0.0
Conchalí,2024-10-27,27.8,11.1,18.7,27.5,0.0
Conchalí,2024-10-28,32.6,13.9,21.5,32.3,0.0
Conchalí,2024-10-29,25.5,12.1,18.2,25.0,0.0
Conchalí,2024-10-30,26.4,10.3,16.9,26.5,0.0
Conchalí,2024-10-31,27.4,10.9,17.6,27.0,0.0
Conchalí,2024-11-01,20.6,10.8,14.4,19.8,0.0
Conchalí,2024-11-02,25.8,8.7,17.0,24.9,0.0
Conchalí,2024-11-03,24.3,10.2,16.1,24.8,0.0
Conchalí,2024-11-04,24.1,8.7,15.7,22.5,0.0
Conchalí,2024-11-05,27.4,11.1,18.5,25.6,0.0
Conchalí,2024-11-06,27.5,12.9,19.7,26.4,0.0
Conchalí,2024-11-07,26.0,12.4,19.3,24.5,0.0
Conchalí,2024-11-08,30.4,14.9,21.6,29.4,0.0
Conchalí,2024-11-09,28.5,14.6,20.7,27.4,0.0
Conchalí,2024-11-10,23.4,11.5,17.2,22.0,0.0
Conchalí,2024-11-11,26.9,10.4,18.6,24.1,0.0
Conchalí,2024-11-12,31.1,14.4,22.7,29.2,0.0
Conchalí,2024-11-13,28.5,14.3,21.7,27.9,0.0
Conchalí,2024-11-14,27.2,12.9,19.1,27.7,0.0
Conchalí,2024-11-15,25.5,10.4,17.8,25.4,0.0
Conchalí,2024-11-16,20.4,13.4,16.5,18.6,0.5
Conchalí,2024-11-17,25.8,10.2,17.6,26.5,0.0
Conchalí,2024-11-18,27.1,12.7,19.0,26.9,0.0
Conchalí,2024-11-19,26.2,10.9,17.4,26.1,0.0
Conchalí,2024-11-20,25.6,12.1,18.5,25.5,0.0
Conchalí,2024-11-21,28.1,13.1,19.6,28.4,0.0
Conchalí,2024-11-22,26.8,11.9,19.2,26.6,0.0
Conchalí,2024-11-23,29.6,12.8,20.9,29.9,0.0
Conchalí,2024-11-24,27.9,13.7,20.9,28.8,0.0
Conchalí,2024-11-25,26.6,14.9,20.3,26.3,0.0
Conchalí,2024-11-26,26.4,12.4,19.1,26.0,0.0
Conchalí,2024-11-27,25.2,11.2,17.5,24.7,0.0
Conchalí,2024-11-28,26.4,9.9,18.1,25.5,0.0
Conchalí,2024-11-29,28.5,13.1,20.8,28.2,0.0
Conchalí,2024-11-30,26.5,12.7,19.2,25.5,0.0
Conchalí,2024-12-01,24.5,9.6,16.5,24.0,0.0
Conchalí,2024-12-02,26.1,11.8,19.0,25.3,0.0
Conchalí,2024-12-03,26.5,11.9,18.7,26.1,0.0
Conchalí,2024-12-04,25.4,10.2,17.0,25.5,0.0
Conchalí,2024-12-05,23.0,8.9,15.3,23.0,0.0
Conchalí,2024-12-06,26.1,9.9,17.8,25.7,0.0
Conchalí,2024-12-07,26.8,13.0,19.5,26.7,0.0
Conchalí,2024-12-08,25.3,11.2,17.7,24.8,0.0
Conchalí,2024-12-09,30.3,10.9,20.4,29.9,0.0
Conchalí,2024-12-10,29.0,14.3,21.3,28.6,0.0
Conchalí,2024-12-11,30.1,13.6,21.8,29.9,0.0
Conchalí,2024-12-12,28.1,12.5,19.5,28.1,0.0
Conchalí,2024-12-13,29.8,13.8,21.7,29.1,0.0
Conchalí,2024-12-14,31.1,15.1,22.1,30.9,0.0
Conchalí,2024-12-15,28.1,14.0,19.9,28.3,0.0
Conchalí,2024-12-16,28.8,11.6,19.1,28.9,0.0
Conchalí,2024-12-17,27.0,11.8,18.8,27.0,0.0
Conchalí,2024-12-18,28.8,12.4,20.8,28.4,0.0
Conchalí,2024-12-19,32.2,15.6,23.9,31.6,0.0
Conchalí,2024-12-20,29.7,15.7,22.6,29.1,0.0
Conchalí,2024-12-21,32.0,15.8,24.2,31.6,0.0
Conchalí,2024-12-22,34.1,18.1,25.5,33.7,0.0
Conchalí,2024-12-23,29.8,18.1,23.9,29.9,0.0
Conchalí,2024-12-24,31.2,16.4,23.3,31.0,0.0
Conchalí,2024-12-25,29.8,15.4,21.6,30.1,0.0
Conchalí,2024-12-26,27.8,12.9,19.5,28.3,0.0
Conchalí,2024-12-27,28.8,13.6,20.3,29.4,0.0
Conchalí,2024-12-28,30.0,14.0,20.9,30.8,0.0
Conchalí,2024-12-29,31.5,13.9,21.9,32.1,0.0
Conchalí,2024-12-30,30.4,15.1,22.2,31.1,0.0
Conchalí,2024-12-31,31.1,16.4,23.3,30.9,0.0
Curacaví,2024-01-01,26.8,11.1,18.3,28.2,0.0
Curacaví,2024-01-02,28.9,12.0,19.8,30.3,0.0
Curacaví,2024-01-03,28.9,14.8,20.6,30.1,0.0
Curacaví,2024-01-04,28.1,13.6,19.7,29.3,0.0
Curacaví,2024-01-05,26.7,12.9,18.8,27.5,0.0
Curacaví,2024-01-06,25.3,13.0,18.3,26.7,0.0
Curacaví,2024-01-07,28.6,13.4,20.1,28.0,0.0
Curacaví,2024-01-08,28.1,13.0,20.2,28.2,0.0
Curacaví,2024-01-09,27.8,12.0,19.3,28.1,0.0
Curacaví,2024-01-10,28.1,13.2,20.1,28.8,0.0
Curacaví,2024-01-11,28.7,14.5,20.3,29.5,0.0
Curacaví,2024-01-12,26.8,12.5,18.8,27.3,0.0
Curacaví,2024-01-13,25.8,11.3,17.7,26.4,0.0
Curacaví,2024-01-14,32.3,12.7,21.8,31.3,0.0
Curacaví,2024-01-15,28.9,13.6,20.9,28.6,0.0
Curacaví,2024-01-16,30.2,10.4,20.4,29.9,0.0
Curacaví,2024-01-17,28.0,15.5,21.2,28.6,0.0
Curacaví,2024-01-18,30.8,12.8,21.2,31.0,0.0
Curacaví,2024-01-19,31.3,17.6,23.6,31.4,0.0
Curacaví,2024-01-20,29.6,16.3,22.2,30.8,0.0
Curacaví,2024-01-21,30.9,14.4,21.6,32.3,0.0
Curacaví,2024-01-22,31.1,15.5,22.0,32.7,0.0
Curacaví,2024-01-23,28.9,13.4,20.1,30.6,0.0
Curacaví,2024-01-24,32.6,13.5,22.8,34.1,0.0
Curacaví,2024-01-25,30.4,15.2,21.6,31.7,0.0
Curacaví,2024-01-26,29.6,13.7,20.3,30.5,0.0
Curacaví,2024-01-27,31.3,13.9,21.7,32.8,0.0
Curacaví,2024-01-28,29.2,15.0,20.8,30.6,0.0
Curacaví,2024-01-29,30.5,14.9,21.4,32.0,0.0
Curacaví,2024-01-30,33.7,16.0,23.6,33.9,0.0
Curacaví,2024-01-31,35.5,20.2,26.6,35.1,0.0
Curacaví,2024-02-01,33.7,18.8,25.4,33.4,0.0
Curacaví,2024-02-02,35.8,17.2,25.1,34.6,0.0
Curacaví,2024-02-03,34.8,19.7,25.6,33.8,0.0
Curacaví,2024-02-04,30.4,16.2,22.2,30.8,0.0
Curacaví,2024-02-05,30.9,13.2,21.6,31.8,0.0
Curacaví,2024-02-06,30.2,17.2,22.6,31.0,0.0
Curacaví,2024-02-07,32.8,16.4,23.5,34.3,0.0
Curacaví,2024-02-08,31.1,16.9,23.3,33.0,0.0
Curacaví,2024-02-09,29.2,14.1,20.6,30.0,0.0
Curacaví,2024-02-10,30.4,15.0,21.9,31.1,0.0
Curacaví,2024-02-11,27.8,12.5,19.3,28.8,0.0
Curacaví,2024-02-12,33.8,15.0,23.4,32.6,0.0
Curacaví,2024-02-13,29.9,15.8,23.1,30.5,0.0
Curacaví,2024-02-14,30.3,13.0,19.9,31.8,0.0
Curacaví,2024-02-15,29.5,13.3,20.0,31.3,0.0
Curacaví,2024-02-16,27.8,13.5,19.8,29.4,0.0
Curacaví,2024-02-17,33.2,15.9,22.8,32.0,0.0
Curacaví,2024-02-18,31.6,16.7,24.1,32.2,0.0
Curacaví,2024-02-19,27.3,13.4,19.4,28.3,0.0
Curacaví,2024-02-20,28.9,14.2,19.6,30.0,0.0
Curacaví,2024-02-21,27.8,12.8,19.3,28.6,0.0
Curacaví,2024-02-22,17.9,15.0,16.7,18.2,6.4
Curacaví,2024-02-23,29.0,13.2,20.6,31.3,1.6
Curacaví,2024-02-24,29.1,16.8,22.0,30.4,0.0
Curacaví,2024-02-25,29.0,16.7,21.5,29.9,0.0
Curacaví,2024-02-26,29.6,13.9,21.3,30.5,0.0
Curacaví,2024-02-27,29.7,16.6,21.8,30.2,0.0
Curacaví,2024-02-28,31.2,15.5,22.0,30.3,0.0
Curacaví,2024-02-29,31.6,17.8,23.1,31.8,0.0
Curacaví,2024-03-01,27.9,15.3,21.0,28.2,0.0
Curacaví,2024-03-02,29.8,16.1,21.5,28.3,0.0
Curacaví,2024-03-03,29.4,16.7,22.1,29.8,0.0
Curacaví,2024-03-04,30.1,17.1,22.0,30.1,0.0
Curacaví,2024-03-05,28.3,14.5,20.2,28.6,0.0
Curacaví,2024-03-06,27.8,14.3,19.6,28.1,0.0
Curacaví,2024-03-07,25.9,10.7,17.3,25.2,0.0
Curacaví,2024-03-08,25.9,9.9,17.5,25.0,0.0
Curacaví,2024-03-09,28.6,11.7,19.3,27.5,0.0
Curacaví,2024-03-10,26.8,14.3,19.3,26.7,0.0
Curacaví,2024-03-11,25.4,11.8,17.1,26.2,0.0
Curacaví,2024-03-12,26.5,10.2,17.8,24.8,0.0
Curacaví,2024-03-13,26.5,11.3,18.2,25.9,0.0
Curacaví,2024-03-14,27.3,13.6,19.2,25.6,0.0
Curacaví,2024-03-15,26.7,12.5,18.7,25.9,0.0
Curacaví,2024-03-16,27.5,13.4,18.8,25.2,0.0
Curacaví,2024-03-17,27.7,14.8,19.8,26.2,0.0
Curacaví,2024-03-18,29.4,14.7,21.4,27.8,0.0
Curacaví,2024-03-19,26.5,12.0,19.3,25.2,0.0
Curacaví,2024-03-20,21.6,11.2,15.5,21.4,0.0
Curacaví,2024-03-21,29.1,12.1,20.4,28.6,0.0
Curacaví,2024-03-22,30.5,18.2,22.8,30.4,0.0
Curacaví,2024-03-23,28.0,15.1,20.6,27.9,0.0
Curacaví,2024-03-24,29.5,15.8,21.3,28.9,0.0
Curacaví,2024-03-25,26.6,14.3,19.8,27.1,0.0
Curacaví,2024-03-26,27.6,13.7,19.7,27.9,0.0
Curacaví,2024-03-27,28.1,15.2,21.4,28.4,0.0
Curacaví,2024-03-28,28.1,14.8,20.8,28.7,0.0
Curacaví,2024-03-29,28.2,14.4,20.5,28.7,0.0
Curacaví,2024-03-30,29.0,14.3,21.6,28.5,0.0
Curacaví,2024-03-31,27.8,16.1,21.2,25.3,0.0
Curacaví,2024-04-01,24.6,13.6,18.3,22.4,0.0
Curacaví,2024-04-02,22.9,12.9,17.7,20.6,0.0
Curacaví,2024-04-03,20.2,13.2,16.1,19.2,0.1
Curacaví,2024-04-04,24.9,12.1,18.0,24.0,0.0
Curacaví,2024-04-05,26.4,14.5,19.1,26.0,0.0
Curacaví,2024-04-06,23.3,9.4,16.7,22.4,0.0
Curacaví,2024-04-07,26.1,13.9,18.8,25.8,0.0
Curacaví,2024-04-08,23.8,12.4,17.3,23.0,0.0
Curacaví,2024-04-09,25.2,13.6,18.4,24.4,0.0
Curacaví,2024-04-10,25.4,10.8,17.5,24.8,0.0
Curacaví,2024-04-11,20.7,8.5,13.1,18.6,0.0
Curacaví,2024-04-12,15.7,10.0,12.3,14.4,0.2
Curacaví,2024-04-13,20.3,8.9,13.3,18.6,10.5
Curacaví,2024-04-14,21.1,10.1,15.0,19.5,0.8
Curacaví,2024-04-15,19.9,11.6,14.3,18.3,2.2
Curacaví,2024-04-16,22.2,9.3,16.0,20.9,0.0
Curacaví,2024-04-17,26.4,11.1,18.9,24.8,0.0
Curacaví,2024-04-18,28.6,15.0,21.1,26.7,0.0
Curacaví,2024-04-19,22.0,13.7,16.8,20.6,0.0
Curacaví,2024-04-20,20.7,11.4,15.9,19.8,0.0
Curacaví,2024-04-21,18.8,12.6,15.1,16.8,0.0
Curacaví,2024-04-22,20.5,10.2,15.0,18.4,0.0
Curacaví,2024-04-23,22.0,10.3,15.9,21.2,0.0
Curacaví,2024-04-24,20.6,10.2,14.5,19.0,0.0
Curacaví,2024-04-25,21.1,9.4,14.6,18.5,0.0
Curacaví,2024-04-26,18.5,10.0,13.3,16.6,0.0
Curacaví,2024-04-27,18.1,7.5,12.8,16.7,0.0
Curacaví,2024-04-28,15.7,7.9,11.2,12.8,0.0
Curacaví,2024-04-29,17.3,4.6,11.4,13.3,0.0
Curacaví,2024-04-30,15.2,8.2,11.7,14.0,11.0
Curacaví,2024-05-01,15.3,6.6,11.1,12.8,0.0
Curacaví,2024-05-02,14.2,4.3,9.3,11.7,0.0
Curacaví,2024-05-03,15.7,4.4,9.6,13.2,0.0
Curacaví,2024-05-04,17.3,4.3,11.0,15.2,0.0
Curacaví,2024-05-05,15.5,6.9,10.9,14.3,0.0
Curacaví,2024-05-06,16.1,6.0,10.5,13.1,0.0
Curacaví,2024-05-07,10.6,4.0,7.1,9.1,28.6
Curacaví,2024-05-08,15.4,0.4,7.5,13.1,0.0
Curacaví,2024-05-09,14.9,7.0,10.7,13.1,0.0
Curacaví,2024-05-10,14.0,5.7,9.9,12.1,0.0
Curacaví,2024-05-11,13.7,3.4,8.9,11.2,0.0
Curacaví,2024-05-12,13.4,4.3,9.1,11.0,0.0
Curacaví,2024-05-13,14.2,5.3,9.1,11.8,0.0
Curacaví,2024-05-14,14.8,6.3,9.8,12.7,0.0
Curacaví,2024-05-15,13.0,3.5,7.6,9.0,0.0
Curacaví,2024-05-16,14.6,2.7,8.3,11.9,0.0
Curacaví,2024-05-17,14.2,4.9,9.6,11.2,0.0
Curacaví,2024-05-18,15.0,5.0,9.4,12.6,0.0
Curacaví,2024-05-19,16.4,5.6,10.8,15.0,0.0
Curacaví,2024-05-20,14.1,7.8,9.6,11.3,20.7
Curacaví,2024-05-21,13.8,7.3,10.2,13.1,17.9
Curacaví,2024-05-22,10.6,7.4,9.4,9.6,9.2
Curacaví,2024-05-23,12.7,4.5,8.7,10.3,3.9
Curacaví,2024-05-24,15.9,4.1,10.4,14.3,0.0
Curacaví,2024-05-25,14.0,8.6,11.3,13.0,0.1
Curacaví,2024-05-26,14.4,6.1,10.2,13.2,2.9
Curacaví,2024-05-27,14.4,5.8,10.4,13.7,0.0
Curacaví,2024-05-28,16.6,7.4,12.3,15.0,0.0
Curacaví,2024-05-29,17.7,6.2,11.3,16.6,0.0
Curacaví,2024-05-30,17.9,9.3,14.0,17.0,0.0
Curacaví,2024-05-31,15.7,9.2,13.9,14.8,0.0
Curacaví,2024-06-01,16.6,8.1,12.1,16.1,0.0
Curacaví,2024-06-02,18.7,8.5,14.4,18.1,0.0
Curacaví,2024-06-03,17.8,9.1,13.4,16.4,0.0
Curacaví,2024-06-04,17.6,7.2,11.9,16.5,0.2
Curacaví,2024-06-05,14.0,10.1,12.6,13.0,0.0
Curacaví,2024-06-06,17.1,9.9,13.7,16.0,0.0
Curacaví,2024-06-07,20.6,11.4,15.8,20.8,0.0
Curacaví,2024-06-08,17.6,7.6,12.4,16.6,1.4
Curacaví,2024-06-09,13.9,8.6,11.0,12.6,10.6
Curacaví,2024-06-10,15.1,9.5,12.1,13.7,0.0
Curacaví,2024-06-11,15.4,8.7,12.3,14.7,0.0
Curacaví,2024-06-12,15.8,8.5,12.0,13.9,0.0
Curacaví,2024-06-13,13.1,9.5,11.1,12.4,46.6
Curacaví,2024-06-14,14.7,7.3,10.9,13.6,19.3
Curacaví,2024-06-15,14.3,7.1,10.9,12.9,0.0
Curacaví,2024-06-16,13.2,5.9,9.5,12.2,0.0
Curacaví,2024-06-17,15.0,5.6,9.9,13.3,6.8
Curacaví,2024-06-18,13.1,7.8,10.3,11.3,46.7
Curacaví,2024-06-19,14.4,6.6,10.2,12.9,0.8
Curacaví,2024-06-20,12.2,6.5,9.8,11.2,0.0
Curacaví,2024-06-21,9.4,5.9,8.5,8.0,69.1
Curacaví,2024-06-22,9.0,5.4,7.9,7.8,30.1
Curacaví,2024-06-23,10.8,6.5,8.2,8.7,0.0
Curacaví,2024-06-24,9.9,5.9,7.5,8.2,0.0
Curacaví,2024-06-25,10.6,2.2,6.2,8.4,0.0
Curacaví,2024-06-26,14.3,1.4,8.2,13.4,0.0
Curacaví,2024-06-27,15.3,9.0,11.3,14.0,0.0
Curacaví,2024-06-28,13.0,4.8,9.0,12.6,0.0
Curacaví,2024-06-29,17.1,6.7,12.4,16.3,0.0
Curacaví,2024-06-30,17.2,10.2,13.4,16.0,0.0
Curacaví,2024-07-01,19.0,11.6,14.5,18.3,0.0
Curacaví,2024-07-02,15.8,9.2,12.3,14.3,0.0
Curacaví,2024-07-03,15.1,9.2,12.3,14.0,0.0
Curacaví,2024-07-04,13.4,4.5,8.8,11.9,0.0
Curacaví,2024-07-05,15.0,5.0,8.7,11.9,0.0
Curacaví,2024-07-06,11.7,5.4,7.7,8.7,0.0
Curacaví,2024-07-07,12.4,4.9,7.4,9.4,0.0
Curacaví,2024-07-08,12.7,0.4,6.7,10.0,0.0
Curacaví,2024-07-09,9.3,0.2,4.2,6.2,0.0
Curacaví,2024-07-10,9.9,-1.3,4.0,7.4,0.0
Curacaví,2024-07-11,10.3,0.9,5.1,7.7,0.0
Curacaví,2024-07-12,13.9,2.7,8.1,10.6,0.0
Curacaví,2024-07-13,10.6,2.7,6.5,8.6,0.0
Curacaví,2024-07-14,9.7,1.8,6.0,7.4,0.0
Curacaví,2024-07-15,12.0,0.3,7.1,9.0,0.0
Curacaví,2024-07-16,16.3,4.1,10.1,13.1,0.0
Curacaví,2024-07-17,15.2,4.5,11.2,12.2,0.0
Curacaví,2024-07-18,10.5,4.8,8.3,9.1,0.0
Curacaví,2024-07-19,13.3,6.1,9.2,12.5,0.0
Curacaví,2024-07-20,12.7,4.1,7.6,11.6,0.0
Curacaví,2024-07-21,15.4,5.6,9.7,13.3,0.0
Curacaví,2024-07-22,17.2,6.3,11.0,16.7,0.0
Curacaví,2024-07-23,11.6,5.0,8.5,10.4,0.4
Curacaví,2024-07-24,17.1,3.8,10.5,16.1,0.0
Curacaví,2024-07-25,14.8,6.2,11.4,13.4,0.0
Curacaví,2024-07-26,11.7,3.6,7.8,10.3,0.0
Curacaví,2024-07-27,14.0,4.3,9.2,13.4,0.0
Curacaví,2024-07-28,15.0,3.5,9.1,12.8,0.0
Curacaví,2024-07-29,20.1,6.0,13.5,19.4,0.0
Curacaví,2024-07-30,16.2,8.3,12.3,14.8,0.0
Curacaví,2024-07-31,11.0,7.4,9.2,10.2,0.1
Curacaví,2024-08-01,11.7,7.8,9.7,10.5,4.2
Curacaví,2024-08-02,13.3,7.5,10.4,10.6,72.3
Curacaví,2024-08-03,15.7,4.1,10.0,13.7,1.1
Curacaví,2024-08-04,16.4,5.0,10.5,14.5,0.0
Curacaví,2024-08-05,9.8,6.7,8.4,8.4,12.3
Curacaví,2024-08-06,11.2,4.3,7.7,8.8,1.4
Curacaví,2024-08-07,9.6,2.1,6.0,7.2,0.0
Curacaví,2024-08-08,14.7,1.2,6.9,12.6,0.0
Curacaví,2024-08-09,15.6,2.2,9.7,14.6,0.0
Curacaví,2024-08-10,17.2,4.9,12.1,16.7,0.0
Curacaví,2024-08-11,18.1,6.2,12.9,18.6,0.0
Curacaví,2024-08-12,20.7,8.7,15.3,20.4,0.0
Curacaví,2024-08-13,17.2,9.4,13.5,17.7,0.0
Curacaví,2024-08-14,13.4,8.6,10.4,12.9,0.0
Curacaví,2024-08-15,16.0,5.8,10.7,15.5,0.0
Curacaví,2024-08-16,12.6,6.0,9.4,11.6,0.0
Curacaví,2024-08-17,13.7,5.4,9.6,12.4,0.0
Curacaví,2024-08-18,10.8,6.5,8.5,9.4,0.0
Curacaví,2024-08-19,12.2,2.3,7.1,10.0,0.0
Curacaví,2024-08-20,10.6,3.1,6.2,8.2,0.0
Curacaví,2024-08-21,12.1,0.3,5.6,9.1,2.7
Curacaví,2024-08-22,12.0,2.6,6.9,9.9,0.1
Curacaví,2024-08-23,10.3,2.4,6.7,8.4,5.0
Curacaví,2024-08-24,17.3,0.9,9.1,16.4,0.0
Curacaví,2024-08-25,18.2,9.1,13.2,17.8,0.0
Curacaví,2024-08-26,15.5,3.0,9.7,14.6,0.0
Curacaví,2024-08-27,16.8,5.7,11.2,16.6,0.0
Curacaví,2024-08-28,14.3,7.4,9.8,13.3,0.3
Curacaví,2024-08-29,12.1,7.4,9.0,10.4,0.9
Curacaví,2024-08-30,14.5,7.5,10.3,12.3,0.4
Curacaví,2024-08-31,18.8,5.4,11.9,18.7,0.0
Curacaví,2024-09-01,21.6,7.8,14.1,22.1,0.0
Curacaví,2024-09-02,13.2,6.5,9.6,11.5,0.6
Curacaví,2024-09-03,14.8,4.9,9.7,13.8,0.0
Curacaví,2024-09-04,17.9,4.0,10.9,17.2,0.0
Curacaví,2024-09-05,20.0,8.9,14.3,19.6,0.0
Curacaví,2024-09-06,15.0,5.2,10.2,14.6,0.0
Curacaví,2024-09-07,14.6,6.6,10.7,14.0,0.0
Curacaví,2024-09-08,17.4,6.0,11.8,17.4,0.0
Curacaví,2024-09-09,19.5,7.1,13.0,19.2,0.0
Curacaví,2024-09-10,16.9,7.1,11.6,15.7,0.0
Curacaví,2024-09-11,17.4,5.2,11.4,17.5,0.0
Curacaví,2024-09-12,16.5,6.6,10.5,15.8,0.0
Curacaví,2024-09-13,16.9,5.2,11.3,16.3,0.0
Curacaví,2024-09-14,21.3,6.8,13.6,20.9,0.0
Curacaví,2024-09-15,22.0,10.8,15.5,22.4,0.0
Curacaví,2024-09-16,24.4,9.8,16.4,24.5,0.0
Curacaví,2024-09-17,19.7,7.3,12.6,19.9,0.0
Curacaví,2024-09-18,18.4,8.9,13.1,16.8,0.0
Curacaví,2024-09-19,15.6,6.8,11.2,12.1,4.6
Curacaví,2024-09-20,17.5,5.4,11.3,16.3,0.0
Curacaví,2024-09-21,16.7,6.6,10.3,14.8,0.0
Curacaví,2024-09-22,13.8,7.3,10.7,12.1,1.1
Curacaví,2024-09-23,16.3,8.0,11.6,14.4,0.0
Curacaví,2024-09-24,17.0,7.0,11.0,16.3,0.0
Curacaví,2024-09-25,17.9,4.1,11.1,17.2,0.0
Curacaví,2024-09-26,24.1,6.3,15.3,23.4,0.0
Curacaví,2024-09-27,20.9,8.8,15.1,20.8,0.0
Curacaví,2024-09-28,23.7,10.2,17.1,23.4,0.0
Curacaví,2024-09-29,18.7,8.4,13.0,18.5,0.0
Curacaví,2024-09-30,18.7,8.8,12.4,16.8,0.1
Curacaví,2024-10-01,17.7,7.3,12.7,16.1,0.0
Curacaví,2024-10-02,20.3,9.3,14.5,19.6,0.0
Curacaví,2024-10-03,23.8,8.7,16.6,23.8,0.0
Curacaví,2024-10-04,24.2,11.4,17.1,24.0,0.0
Curacaví,2024-10-05,24.4,8.7,16.7,24.8,0.0
Curacaví,2024-10-06,22.4,11.6,16.2,21.4,0.0
Curacaví,2024-10-07,22.9,9.8,15.6,22.8,4.3
Curacaví,2024-10-08,15.2,10.6,12.5,14.4,15.6
Curacaví,2024-10-09,20.6,7.8,14.1,19.9,0.0
Curacaví,2024-10-10,17.8,9.7,13.7,17.7,0.3
Curacaví,2024-10-11,16.6,10.4,13.1,15.4,0.0
Curacaví,2024-10-12,18.5,8.8,13.9,18.1,0.0
Curacaví,2024-10-13,22.6,7.4,14.7,23.7,0.0
Curacaví,2024-10-14,21.3,9.8,14.9,20.6,0.0
Curacaví,2024-10-15,27.3,12.7,18.3,28.0,0.0
Curacaví,2024-10-16,18.5,8.9,13.2,17.6,0.0
Curacaví,2024-10-17,25.2,6.8,15.7,24.9,0.0
Curacaví,2024-10-18,27.4,12.5,18.3,28.0,0.0
Curacaví,2024-10-19,20.2,9.5,13.8,20.3,0.0
Curacaví,2024-10-20,20.1,9.9,14.3,17.2,0.0
Curacaví,2024-10-21,23.5,10.3,15.9,23.6,0.0
Curacaví,2024-10-22,22.3,12.4,15.6,22.4,3.4
Curacaví,2024-10-23,20.1,10.4,14.1,18.2,0.9
Curacaví,2024-10-24,25.1,8.4,15.6,25.1,0.0
Curacaví,2024-10-25,24.4,8.4,16.1,23.5,0.0
Curacaví,2024-10-26,28.2,11.4,19.2,28.8,0.0
Curacaví,2024-10-27,26.3,10.9,17.2,26.7,0.0
Curacaví,2024-10-28,30.3,12.4,20.0,31.3,0.0
Curacaví,2024-10-29,22.9,10.9,16.2,23.7,0.0
Curacaví,2024-10-30,24.2,10.6,15.9,25.5,0.0
Curacaví,2024-10-31,24.7,10.4,16.0,25.9,0.2
Curacaví,2024-11-01,19.8,10.1,13.6,19.7,0.6
Curacaví,2024-11-02,24.5,7.0,15.8,23.9,0.0
Curacaví,2024-11-03,22.7,9.1,14.7,21.7,0.0
Curacaví,2024-11-04,23.6,7.3,14.8,21.5,0.0
Curacaví,2024-11-05,26.6,10.1,18.1,24.9,0.0
Curacaví,2024-11-06,26.5,12.8,18.8,25.4,0.0
Curacaví,2024-11-07,26.3,12.6,18.6,26.2,0.0
Curacaví,2024-11-08,29.3,14.3,20.9,28.6,0.0
Curacaví,2024-11-09,26.8,13.1,19.1,26.9,0.0
Curacaví,2024-11-10,21.6,11.9,16.3,20.3,0.0
Curacaví,2024-11-11,26.4,9.8,18.4,24.7,0.0
Curacaví,2024-11-12,29.8,13.6,21.9,29.0,0.0
Curacaví,2024-11-13,25.0,13.1,19.7,25.2,0.0
Curacaví,2024-11-14,24.5,10.8,16.7,25.8,0.0
Curacaví,2024-11-15,22.8,10.1,16.0,23.5,0.0
Curacaví,2024-11-16,20.1,11.7,15.3,19.8,0.0
Curacaví,2024-11-17,23.4,9.8,16.3,24.0,0.0
Curacaví,2024-11-18,23.7,11.4,17.0,24.3,0.0
Curacaví,2024-11-19,23.5,9.3,15.0,23.8,0.0
Curacaví,2024-11-20,24.4,11.4,16.6,24.8,0.0
Curacaví,2024-11-21,24.7,11.5,17.4,25.2,0.0
Curacaví,2024-11-22,24.9,10.4,17.4,24.5,0.0
Curacaví,2024-11-23,27.5,12.9,19.5,27.5,0.0
Curacaví,2024-11-24,26.6,13.0,19.4,26.3,0.0
Curacaví,2024-11-25,25.2,13.2,18.6,25.1,0.0
Curacaví,2024-11-26,24.3,11.8,17.4,24.0,0.0
Curacaví,2024-11-27,22.5,9.6,15.2,22.6,0.0
Curacaví,2024-11-28,24.1,9.1,16.6,23.5,0.0
Curacaví,2024-11-29,26.6,12.5,19.3,26.1,0.0
Curacaví,2024-11-30,23.3,11.1,16.7,22.7,0.0
Curacaví,2024-12-01,22.8,10.8,15.8,22.0,0.0
Curacaví,2024-12-02,24.3,11.5,17.4,23.1,0.0
Curacaví,2024-12-03,24.5,10.2,16.6,24.9,0.0
Curacaví,2024-12-04,23.0,10.5,15.2,23.7,0.0
Curacaví,2024-12-05,21.6,9.5,14.5,20.8,0.0
Curacaví,2024-12-06,24.1,10.0,16.6,23.9,0.0
Curacaví,2024-12-07,24.5,12.7,17.9,24.8,0.0
Curacaví,2024-12-08,22.7,9.1,15.3,22.6,0.0
Curacaví,2024-12-09,27.6,10.1,18.4,27.6,0.0
Curacaví,2024-12-10,25.9,12.4,18.5,26.7,0.0
Curacaví,2024-12-11,27.4,11.4,19.3,27.7,0.0
Curacaví,2024-12-12,25.6,10.7,17.6,26.3,0.0
Curacaví,2024-12-13,28.3,13.6,20.4,27.7,0.0
Curacaví,2024-12-14,28.9,13.0,20.2,29.4,0.0
Curacaví,2024-12-15,25.0,12.0,17.5,26.0,0.0
Curacaví,2024-12-16,24.9,10.4,16.5,26.0,0.0
Curacaví,2024-12-17,24.7,10.6,16.8,25.4,0.0
Curacaví,2024-12-18,27.1,11.2,19.2,27.5,0.0
Curacaví,2024-12-19,31.7,15.2,22.7,30.5,0.0
Curacaví,2024-12-20,28.3,15.1,20.8,26.9,0.0
Curacaví,2024-12-21,30.5,14.8,22.4,30.7,0.0
Curacaví,2024-12-22,32.4,17.6,24.1,33.0,0.0
Curacaví,2024-12-23,27.7,15.9,21.8,28.4,0.0
Curacaví,2024-12-24,29.1,16.1,21.4,30.2,0.0
Curacaví,2024-12-25,27.0,13.5,19.0,28.2,0.0
Curacaví,2024-12-26,26.1,11.9,17.7,27.1,0.0
Curacaví,2024-12-27,26.5,12.7,18.7,27.8,0.0
Curacaví,2024-12-28,27.4,12.6,19.0,28.6,0.0
Curacaví,2024-12-29,29.3,13.3,20.1,30.7,0.0
Curacaví,2024-12-30,28.8,12.7,20.3,30.0,0.0
Curacaví,2024-12-31,29.1,14.2,21.1,29.8,0.0
El Bosque,2024-01-01,29.2,11.2,19.5,29.2,0.0
El Bosque,2024-01-02,30.9,12.0,20.9,31.2,0.0
El Bosque,2024-01-03,30.4,15.6,21.8,30.8,0.0
El Bosque,2024-01-04,29.0,14.1,20.8,29.7,0.0
El Bosque,2024-01-05,26.8,13.3,19.6,27.1,0.0
El Bosque,2024-01-06,27.0,13.7,19.6,27.5,0.0
El Bosque,2024-01-07,30.1,12.5,21.1,29.3,0.0
El Bosque,2024-01-08,30.0,13.1,21.0,29.9,0.0
El Bosque,2024-01-09,29.7,12.9,20.7,29.2,0.0
El Bosque,2024-01-10,30.0,12.9,21.1,29.5,0.0
El Bosque,2024-01-11,30.0,15.6,21.3,30.0,0.0
El Bosque,2024-01-12,28.1,13.2,19.8,27.8,0.0
El Bosque,2024-01-13,27.5,11.4,18.7,27.2,0.0
El Bosque,2024-01-14,33.8,12.9,22.8,32.3,0.0
El Bosque,2024-01-15,30.5,14.3,22.3,29.3,0.0
El Bosque,2024-01-16,32.2,10.8,21.5,31.0,0.0
El Bosque,2024-01-17,30.4,15.8,22.1,30.7,0.0
El Bosque,2024-01-18,32.5,13.8,22.6,31.7,0.0
El Bosque,2024-01-19,33.1,17.8,24.6,32.9,0.0
El Bosque,2024-01-20,31.1,16.5,23.2,31.1,0.0
El Bosque,2024-01-21,32.8,16.6,23.4,33.3,0.0
El Bosque,2024-01-22,33.2,17.5,23.9,34.3,0.0
El Bosque,2024-01-23,30.9,14.1,21.8,31.6,0.0
El Bosque,2024-01-24,34.4,16.2,24.3,35.5,0.0
El Bosque,2024-01-25,31.0,17.6,23.2,31.8,0.0
El Bosque,2024-01-26,30.5,14.9,21.6,31.0,0.0
El Bosque,2024-01-27,33.4,15.6,23.2,34.6,0.0
El Bosque,2024-01-28,29.8,16.8,22.2,30.2,0.0
El Bosque,2024-01-29,32.2,16.1,23.1,32.8,0.0
El Bosque,2024-01-30,35.1,16.2,25.0,35.1,0.0
El Bosque,2024-01-31,36.8,18.0,26.8,36.3,0.0
El Bosque,2024-02-01,34.5,17.3,25.9,34.3,0.0
El Bosque,2024-02-02,35.3,17.4,26.1,34.8,0.0
El Bosque,2024-02-03,36.3,19.6,26.9,35.6,0.0
El Bosque,2024-02-04,31.0,18.0,23.2,31.0,0.0
El Bosque,2024-02-05,32.7,13.6,22.9,32.9,0.0
El Bosque,2024-02-06,31.0,17.0,23.3,31.1,0.0
El Bosque,2024-02-07,34.8,15.7,24.4,35.1,0.0
El Bosque,2024-02-08,32.6,18.5,24.4,34.1,0.0
El Bosque,2024-02-09,31.2,15.8,22.2,31.5,0.0
El Bosque,2024-02-10,33.0,16.1,23.7,33.1,0.0
El Bosque,2024-02-11,29.5,14.4,21.2,29.0,0.0
El Bosque,2024-02-12,35.0,15.4,24.3,33.8,0.0
El Bosque,2024-02-13,31.1,17.4,23.3,30.6,0.0
El Bosque,2024-02-14,32.1,14.1,21.4,32.8,0.0
El Bosque,2024-02-15,32.6,13.6,21.5,34.2,0.0
El Bosque,2024-02-16,29.9,14.1,21.5,30.4,0.0
El Bosque,2024-02-17,33.5,15.8,24.1,33.2,0.0
El Bosque,2024-02-18,33.4,16.5,24.3,33.6,0.0
El Bosque,2024-02-19,28.7,14.2,20.4,29.0,0.0
El Bosque,2024-02-20,29.8,14.8,20.4,31.0,0.0
El Bosque,2024-02-21,29.0,13.3,19.7,29.4,0.0
El Bosque,2024-02-22,19.2,13.9,16.2,18.3,10.7
El Bosque,2024-02-23,29.1,12.6,20.2,31.2,0.2
El Bosque,2024-02-24,29.8,14.4,21.9,31.2,0.0
El Bosque,2024-02-25,30.4,14.5,21.6,31.0,0.0
El Bosque,2024-02-26,31.1,14.1,22.2,31.8,0.0
El Bosque,2024-02-27,30.8,17.0,22.8,30.4,0.0
El Bosque,2024-02-28,32.6,14.6,22.7,32.1,0.0
El Bosque,2024-02-29,33.3,15.9,23.7,33.0,0.0
El Bosque,2024-03-01,29.1,16.2,22.0,29.0,0.0
El Bosque,2024-03-02,31.0,16.3,22.8,30.1,0.0
El Bosque,2024-03-03,31.1,17.5,22.8,30.0,0.0
El Bosque,2024-03-04,32.2,15.6,22.6,31.9,0.0
El Bosque,2024-03-05,30.1,15.4,21.8,29.3,0.0
El Bosque,2024-03-06,29.5,14.6,21.1,29.1,0.0
El Bosque,2024-03-07,27.7,12.1,18.9,27.0,0.0
El Bosque,2024-03-08,27.9,10.4,18.2,26.8,0.0
El Bosque,2024-03-09,30.3,12.4,20.8,29.0,0.0
El Bosque,2024-03-10,28.6,14.9,20.4,27.9,0.0
El Bosque,2024-03-11,27.3,11.6,18.3,27.4,0.0
El Bosque,2024-03-12,28.2,11.0,18.7,27.0,0.0
El Bosque,2024-03-13,28.1,11.2,19.4,27.5,0.0
El Bosque,2024-03-14,28.6,12.1,20.3,26.8,0.0
El Bosque,2024-03-15,28.5,13.1,19.8,27.1,0.0
El Bosque,2024-03-16,28.8,12.5,20.0,27.1,0.0
El Bosque,2024-03-17,29.9,13.7,20.7,27.7,0.0
El Bosque,2024-03-18,31.5,15.1,22.1,29.4,0.0
El Bosque,2024-03-19,27.4,14.1,20.6,25.9,0.0
El Bosque,2024-03-20,21.6,11.4,15.7,20.5,1.0
El Bosque,2024-03-21,31.9,12.3,20.6,31.4,0.0
El Bosque,2024-03-22,32.1,15.2,23.2,31.4,0.0
El Bosque,2024-03-23,29.8,14.6,21.4,29.1,0.0
El Bosque,2024-03-24,31.2,16.0,22.7,31.1,0.0
El Bosque,2024-03-25,28.5,15.1,20.7,28.4,0.0
El Bosque,2024-03-26,29.9,13.6,20.7,30.1,0.0
El Bosque,2024-03-27,30.0,15.1,21.7,29.9,0.0
El Bosque,2024-03-28,29.8,14.4,21.3,30.5,0.0
El Bosque,2024-03-29,30.6,14.7,21.8,30.9,0.0
El Bosque,2024-03-30,31.3,14.6,22.2,30.8,0.0
El Bosque,2024-03-31,29.3,15.2,21.9,27.7,0.0
El Bosque,2024-04-01,26.5,11.9,18.8,24.2,0.0
El Bosque,2024-04-02,24.2,13.3,17.5,21.2,1.1
El Bosque,2024-04-03,20.0,12.2,15.8,19.7,0.0
El Bosque,2024-04-04,27.0,11.9,18.5,26.6,0.0
El Bosque,2024-04-05,28.6,13.2,19.5,27.9,0.0
El Bosque,2024-04-06,25.1,10.2,17.6,24.4,0.0
El Bosque,2024-04-07,28.6,11.7,18.9,28.0,0.0
El Bosque,2024-04-08,25.5,11.3,17.4,23.8,0.0
El Bosque,2024-04-09,27.0,13.0,18.4,25.8,0.0
El Bosque,2024-04-10,27.4,13.4,18.6,26.5,0.0
El Bosque,2024-04-11,21.9,10.2,14.5,19.4,0.0
El Bosque,2024-04-12,15.9,10.1,12.6,14.1,0.6
El Bosque,2024-04-13,19.6,7.5,13.1,17.5,0.0
El Bosque,2024-04-14,21.6,9.1,14.6,19.8,0.0
El Bosque,2024-04-15,19.0,11.2,13.5,18.0,7.5
El Bosque,2024-04-16,23.6,10.4,16.0,21.9,0.0
El Bosque,2024-04-17,28.7,8.9,17.5,26.5,0.0
El Bosque,2024-04-18,31.0,11.3,19.4,28.7,0.0
El Bosque,2024-04-19,24.8,13.5,17.9,22.6,0.0
El Bosque,2024-04-20,22.0,13.5,16.8,20.2,0.0
El Bosque,2024-04-21,18.9,11.1,14.8,16.8,0.0
El Bosque,2024-04-22,21.0,10.7,14.8,19.2,0.0
El Bosque,2024-04-23,24.8,9.2,15.6,22.9,0.0
El Bosque,2024-04-24,22.1,10.0,14.7,21.0,0.0
El Bosque,2024-04-25,22.2,8.5,14.2,18.5,0.0
El Bosque,2024-04-26,19.6,8.4,13.2,16.9,0.0
El Bosque,2024-04-27,20.4,7.8,12.4,18.1,0.0
El Bosque,2024-04-28,17.4,6.8,11.4,13.9,0.0
El Bosque,2024-04-29,18.2,6.5,11.7,14.8,0.0
El Bosque,2024-04-30,14.9,6.3,10.9,12.6,39.9
El Bosque,2024-05-01,14.8,6.9,10.3,11.9,1.3
El Bosque,2024-05-02,14.4,2.3,7.9,11.2,0.0
El Bosque,2024-05-03,15.3,4.2,8.8,13.4,0.0
El Bosque,2024-05-04,17.2,5.2,10.5,14.6,0.0
El Bosque,2024-05-05,15.4,6.4,10.3,13.6,0.0
El Bosque,2024-05-06,14.9,6.3,9.8,12.6,0.0
El Bosque,2024-05-07,9.9,4.0,6.5,8.8,33.8
El Bosque,2024-05-08,15.2,-0.1,6.6,12.9,0.0
El Bosque,2024-05-09,17.0,2.8,8.5,14.8,0.0
El Bosque,2024-05-10,13.7,5.2,8.8,11.4,0.0
El Bosque,2024-05-11,14.1,4.3,8.8,11.2,0.0
El Bosque,2024-05-12,13.2,4.1,8.3,10.1,0.0
El Bosque,2024-05-13,14.7,0.6,6.4,11.8,0.0
El Bosque,2024-05-14,15.4,1.1,7.6,12.7,0.0
El Bosque,2024-05-15,9.6,2.8,5.8,6.5,1.0
El Bosque,2024-05-16,13.7,-0.6,5.9,10.6,0.0
El Bosque,2024-05-17,13.4,1.6,7.0,10.8,0.3
El Bosque,2024-05-18,14.7,-0.4,6.4,12.1,0.0
El Bosque,2024-05-19,15.8,1.0,8.1,13.5,0.0
El Bosque,2024-05-20,10.8,7.4,8.7,8.9,31.7
El Bosque,2024-05-21,13.6,6.8,9.5,12.1,32.6
El Bosque,2024-05-22,10.5,6.8,8.6,9.1,38.3
El Bosque,2024-05-23,12.2,3.2,7.6,10.5,11.0
El Bosque,2024-05-24,15.3,-0.1,7.7,13.6,0.0
El Bosque,2024-05-25,14.9,8.1,10.7,12.6,0.1
El Bosque,2024-05-26,13.6,4.4,8.5,12.1,5.3
El Bosque,2024-05-27,15.9,0.6,8.1,14.0,0.0
El Bosque,2024-05-28,17.9,4.9,9.9,16.2,0.0
El Bosque,2024-05-29,17.5,8.2,12.8,17.2,0.0
El Bosque,2024-05-30,18.8,6.7,12.1,17.4,0.0
El Bosque,2024-05-31,16.1,6.9,11.0,15.3,0.0
El Bosque,2024-06-01,17.4,3.2,10.2,15.7,0.0
El Bosque,2024-06-02,19.9,9.4,13.3,19.1,0.0
El Bosque,2024-06-03,16.6,10.3,13.1,15.1,0.0
El Bosque,2024-06-04,17.7,6.8,11.6,16.4,0.2
El Bosque,2024-06-05,14.5,8.6,11.5,14.1,0.0
El Bosque,2024-06-06,15.8,9.2,13.2,15.4,0.0
El Bosque,2024-06-07,19.4,7.8,13.3,19.7,0.0
El Bosque,2024-06-08,15.1,9.1,11.4,13.8,3.3
El Bosque,2024-06-09,12.6,8.1,10.1,11.5,13.2
El Bosque,2024-06-10,13.8,8.1,11.0,12.7,0.0
El Bosque,2024-06-11,14.4,9.3,11.6,13.3,0.0
El Bosque,2024-06-12,12.4,9.3,11.1,11.2,0.0
El Bosque,2024-06-13,12.5,8.8,10.1,9.4,61.0
El Bosque,2024-06-14,14.5,5.2,10.0,13.0,18.3
El Bosque,2024-06-15,13.8,3.5,8.2,12.2,0.7
El Bosque,2024-06-16,14.1,2.3,7.4,12.7,0.0
El Bosque,2024-06-17,14.1,4.7,8.6,13.0,9.1
El Bosque,2024-06-18,10.8,6.4,8.6,9.9,64.8
El Bosque,2024-06-19,14.6,5.1,9.2,12.7,28.2
El Bosque,2024-06-20,11.7,6.6,9.0,10.2,0.0
El Bosque,2024-06-21,8.8,7.2,8.1,7.2,52.3
El Bosque,2024-06-22,8.7,5.8,6.9,7.2,32.6
El Bosque,2024-06-23,11.1,5.6,7.4,8.3,3.4
El Bosque,2024-06-24,8.7,3.3,6.4,6.8,0.2
El Bosque,2024-06-25,10.6,2.8,6.0,8.7,0.2
El Bosque,2024-06-26,15.6,0.4,7.3,13.7,0.0
El Bosque,2024-06-27,15.4,5.4,9.6,14.0,0.0
El Bosque,2024-06-28,14.9,4.2,8.5,13.3,0.0
El Bosque,2024-06-29,17.0,3.8,9.3,15.6,0.0
El Bosque,2024-06-30,17.8,4.8,10.3,16.3,0.0
El Bosque,2024-07-01,18.5,5.4,10.8,17.2,0.0
El Bosque,2024-07-02,17.5,4.8,10.2,15.6,0.0
El Bosque,2024-07-03,15.9,6.3,10.3,14.0,0.0
El Bosque,2024-07-04,14.6,4.0,8.0,12.6,0.0
El Bosque,2024-07-05,15.4,1.5,7.0,13.7,0.0
El Bosque,2024-07-06,13.5,2.8,6.7,10.3,0.0
El Bosque,2024-07-07,13.8,2.0,6.2,11.4,0.0
El Bosque,2024-07-08,14.5,1.5,6.5,12.7,0.0
El Bosque,2024-07-09,10.3,0.6,4.4,7.5,0.0
El Bosque,2024-07-10,10.6,0.3,4.2,7.9,0.0
El Bosque,2024-07-11,11.6,-1.0,4.1,9.1,0.0
El Bosque,2024-07-12,14.0,-1.2,6.0,11.3,0.0
El Bosque,2024-07-13,14.9,0.2,6.0,12.6,0.0
El Bosque,2024-07-14,13.4,2.2,6.7,11.0,0.0
El Bosque,2024-07-15,14.4,2.7,7.0,12.4,0.0
El Bosque,2024-07-16,19.0,4.9,11.2,16.8,0.0
El Bosque,2024-07-17,18.2,5.6,10.5,15.8,0.0
El Bosque,2024-07-18,12.4,6.4,9.4,10.1,0.3
El Bosque,2024-07-19,14.9,6.1,9.6,13.7,0.0
El Bosque,2024-07-20,14.9,4.4,8.1,13.7,0.0
El Bosque,2024-07-21,14.0,5.3,8.9,11.0,0.0
El Bosque,2024-07-22,17.9,3.3,10.4,16.7,0.0
El Bosque,2024-07-23,10.8,5.4,7.6,9.2,0.1
El Bosque,2024-07-24,15.9,1.9,8.4,14.3,0.0
El Bosque,2024-07-25,16.9,4.4,9.6,14.9,0.0
El Bosque,2024-07-26,14.2,4.8,8.5,12.3,0.0
El Bosque,2024-07-27,15.8,4.8,8.8,14.1,0.0
El Bosque,2024-07-28,17.1,5.1,9.9,15.4,0.0
El Bosque,2024-07-29,21.2,4.7,11.7,20.3,0.0
El Bosque,2024-07-30,16.5,8.2,12.2,15.4,0.0
El Bosque,2024-07-31,12.0,8.2,9.7,10.9,0.0
El Bosque,2024-08-01,8.8,6.9,8.0,7.3,0.1
El Bosque,2024-08-02,12.8,5.7,8.8,10.5,81.2
El Bosque,2024-08-03,15.2,2.8,8.4,12.6,5.3
El Bosque,2024-08-04,14.6,5.1,9.0,12.5,0.0
El Bosque,2024-08-05,9.2,5.9,7.3,7.8,12.1
El Bosque,2024-08-06,11.7,3.7,7.1,8.7,7.3
El Bosque,2024-08-07,10.9,-0.9,5.4,8.0,0.3
El Bosque,2024-08-08,13.9,-2.5,5.0,12.2,0.0
El Bosque,2024-08-09,18.0,-1.5,7.9,16.5,0.0
El Bosque,2024-08-10,18.8,3.8,10.4,17.5,0.0
El Bosque,2024-08-11,20.2,4.3,10.9,19.2,0.0
El Bosque,2024-08-12,22.6,5.8,12.9,22.2,0.0
El Bosque,2024-08-13,19.6,8.0,12.0,19.6,0.0
El Bosque,2024-08-14,14.6,8.8,10.9,14.0,0.0
El Bosque,2024-08-15,16.5,7.2,10.9,15.0,0.0
El Bosque,2024-08-16,13.1,7.0,9.6,11.6,0.0
El Bosque,2024-08-17,15.3,6.5,9.7,13.5,0.0
El Bosque,2024-08-18,11.9,5.8,8.1,10.0,0.2
El Bosque,2024-08-19,12.2,3.7,7.5,9.5,0.0
El Bosque,2024-08-20,9.9,3.2,5.9,7.2,0.0
El Bosque,2024-08-21,11.1,3.3,5.9,9.4,25.5
El Bosque,2024-08-22,7.5,-0.3,3.7,5.1,9.6
El Bosque,2024-08-23,7.3,-2.1,3.2,5.1,12.6
El Bosque,2024-08-24,15.9,-4.7,5.0,13.7,0.0
El Bosque,2024-08-25,18.8,1.2,9.1,17.2,0.0
El Bosque,2024-08-26,16.4,1.5,9.7,14.8,0.0
El Bosque,2024-08-27,18.1,1.9,9.4,17.4,0.0
El Bosque,2024-08-28,15.2,5.8,9.6,14.4,0.0
El Bosque,2024-08-29,12.6,6.8,9.0,10.8,0.0
El Bosque,2024-08-30,13.8,5.8,8.9,12.0,0.2
El Bosque,2024-08-31,19.5,2.1,9.9,19.3,0.0
El Bosque,2024-09-01,23.2,5.4,12.8,23.0,0.0
El Bosque,2024-09-02,14.0,5.8,9.9,11.5,0.1
El Bosque,2024-09-03,15.6,5.2,9.9,13.0,0.0
El Bosque,2024-09-04,18.6,3.1,10.7,17.9,0.0
El Bosque,2024-09-05,21.6,5.6,12.5,20.6,0.0
El Bosque,2024-09-06,17.0,6.9,11.3,16.2,0.0
El Bosque,2024-09-07,16.2,7.3,10.4,15.7,0.0
El Bosque,2024-09-08,19.1,5.8,11.8,18.3,0.0
El Bosque,2024-09-09,21.0,8.4,13.7,20.4,0.0
El Bosque,2024-09-10,17.2,7.5,11.9,15.8,17.8
El Bosque,2024-09-11,18.3,4.8,11.4,17.6,0.0
El Bosque,2024-09-12,16.5,6.3,10.5,15.7,0.0
El Bosque,2024-09-13,17.9,5.8,11.1,17.3,0.0
El Bosque,2024-09-14,22.0,3.8,12.6,21.5,0.0
El Bosque,2024-09-15,22.0,6.1,13.7,21.3,0.0
El Bosque,2024-09-16,23.6,6.0,13.8,23.0,0.0
El Bosque,2024-09-17,20.6,6.2,12.8,20.7,0.0
El Bosque,2024-09-18,20.4,7.0,12.1,20.3,0.0
El Bosque,2024-09-19,15.6,6.2,10.6,15.0,6.4
El Bosque,2024-09-20,17.8,3.8,10.7,15.9,0.0
El Bosque,2024-09-21,16.4,6.8,10.4,14.7,0.0
El Bosque,2024-09-22,12.6,6.7,9.4,10.1,4.1
El Bosque,2024-09-23,15.1,7.6,11.1,13.9,1.7
El Bosque,2024-09-24,17.0,6.3,11.1,17.2,0.0
El Bosque,2024-09-25,17.4,6.5,10.8,16.5,0.0
El Bosque,2024-09-26,23.6,1.6,12.6,23.9,0.0
El Bosque,2024-09-27,21.5,7.4,13.8,21.4,0.0
El Bosque,2024-09-28,23.5,9.9,15.9,22.9,0.0
El Bosque,2024-09-29,18.3,7.3,12.7,18.0,0.0
El Bosque,2024-09-30,18.6,8.1,11.4,17.2,0.2
El Bosque,2024-10-01,17.2,6.2,11.3,15.1,0.0
El Bosque,2024-10-02,21.1,6.2,13.2,20.7,0.0
El Bosque,2024-10-03,24.8,10.0,16.0,24.9,0.0
El Bosque,2024-10-04,24.6,9.6,15.8,24.9,0.0
El Bosque,2024-10-05,25.1,9.4,17.1,25.3,0.0
El Bosque,2024-10-06,20.6,12.4,16.1,20.7,0.8
El Bosque,2024-10-07,22.5,10.1,15.3,22.3,3.7
El Bosque,2024-10-08,16.0,10.2,12.5,14.9,4.4
El Bosque,2024-10-09,19.5,8.1,13.6,18.9,0.0
El Bosque,2024-10-10,17.6,9.3,13.4,16.5,0.0
El Bosque,2024-10-11,18.4,10.1,13.1,17.4,0.0
El Bosque,2024-10-12,18.6,9.3,13.6,17.8,0.0
El Bosque,2024-10-13,23.4,9.1,15.4,24.1,0.0
El Bosque,2024-10-14,21.6,9.2,14.9,21.2,0.0
El Bosque,2024-10-15,27.5,8.6,16.8,28.2,0.0
El Bosque,2024-10-16,18.0,8.4,13.4,17.9,0.0
El Bosque,2024-10-17,25.9,7.4,16.0,26.6,0.0
El Bosque,2024-10-18,28.2,10.4,18.3,29.0,0.0
El Bosque,2024-10-19,21.2,9.1,14.4,21.3,0.0
El Bosque,2024-10-20,20.0,8.8,13.2,18.5,0.5
El Bosque,2024-10-21,23.9,8.8,15.7,23.8,0.0
El Bosque,2024-10-22,23.5,11.3,15.9,23.4,1.6
El Bosque,2024-10-23,19.5,9.9,13.4,19.4,3.4
El Bosque,2024-10-24,25.7,7.1,15.8,25.6,0.0
El Bosque,2024-10-25,24.0,8.9,15.4,23.3,0.0
El Bosque,2024-10-26,28.8,8.9,18.3,29.2,0.0
El Bosque,2024-10-27,27.3,10.0,18.2,27.6,0.0
El Bosque,2024-10-28,32.0,11.4,20.1,32.7,0.0
El Bosque,2024-10-29,24.6,12.2,17.9,24.6,0.0
El Bosque,2024-10-30,25.4,11.1,16.9,26.1,0.0
El Bosque,2024-10-31,25.6,12.1,17.4,26.6,0.0
El Bosque,2024-11-01,20.2,10.9,14.0,19.6,0.0
El Bosque,2024-11-02,25.8,7.5,16.2,24.5,0.0
El Bosque,2024-11-03,23.2,8.6,15.3,22.5,0.0
El Bosque,2024-11-04,23.8,8.6,15.5,22.1,0.0
El Bosque,2024-11-05,26.8,8.8,17.8,25.8,0.0
El Bosque,2024-11-06,27.1,12.8,19.2,26.1,0.0
El Bosque,2024-11-07,25.9,11.6,18.8,23.7,0.3
El Bosque,2024-11-08,30.0,13.4,20.9,29.2,0.0
El Bosque,2024-11-09,27.8,13.4,19.7,27.4,0.0
El Bosque,2024-11-10,21.6,11.1,16.3,21.2,0.1
El Bosque,2024-11-11,26.3,9.6,18.0,25.0,0.0
El Bosque,2024-11-12,31.0,11.1,21.9,30.0,0.0
El Bosque,2024-11-13,26.4,14.9,20.9,26.4,0.0
El Bosque,2024-11-14,26.2,12.8,18.4,27.1,0.0
El Bosque,2024-11-15,25.0,11.2,17.4,24.8,0.0
El Bosque,2024-11-16,20.0,12.0,15.8,18.3,1.8
El Bosque,2024-11-17,25.0,9.1,16.5,25.8,2.6
El Bosque,2024-11-18,25.2,11.7,17.6,25.7,0.0
El Bosque,2024-11-19,25.1,10.4,16.6,25.2,0.0
El Bosque,2024-11-20,25.2,12.4,18.0,24.3,0.0
El Bosque,2024-11-21,27.0,13.1,19.0,27.1,0.0
El Bosque,2024-11-22,26.4,11.1,18.7,26.3,0.0
El Bosque,2024-11-23,29.7,13.3,20.7,29.9,0.0
El Bosque,2024-11-24,28.5,13.1,20.5,28.2,0.0
El Bosque,2024-11-25,26.8,14.3,20.0,26.3,0.0
El Bosque,2024-11-26,26.4,12.4,18.7,25.7,0.0
El Bosque,2024-11-27,24.6,10.8,16.9,23.9,0.0
El Bosque,2024-11-28,26.1,9.5,17.7,25.4,0.0
El Bosque,2024-11-29,28.4,13.4,20.5,27.8,0.0
El Bosque,2024-11-30,25.2,10.9,18.2,24.1,0.0
El Bosque,2024-12-01,24.5,9.7,16.4,23.6,0.0
El Bosque,2024-12-02,26.3,11.9,18.8,25.3,0.0
El Bosque,2024-12-03,25.9,11.8,18.0,26.0,0.0
El Bosque,2024-12-04,24.4,10.9,16.4,24.5,0.0
El Bosque,2024-12-05,22.6,9.0,15.0,22.2,0.0
El Bosque,2024-12-06,25.8,9.9,17.6,25.0,0.0
El Bosque,2024-12-07,26.5,13.4,19.2,26.3,0.0
El Bosque,2024-12-08,24.5,10.8,17.0,23.8,0.0
El Bosque,2024-12-09,30.0,10.8,20.0,29.0,0.0
El Bosque,2024-12-10,28.2,14.4,20.7,27.9,0.0
El Bosque,2024-12-11,29.5,13.8,21.1,29.2,0.0
El Bosque,2024-12-12,27.4,11.6,18.7,26.9,0.0
El Bosque,2024-12-13,30.0,14.3,21.7,29.4,0.0
El Bosque,2024-12-14,30.6,14.9,21.6,31.0,0.0
El Bosque,2024-12-15,26.9,14.6,19.6,27.2,0.0
El Bosque,2024-12-16,27.2,11.9,18.6,28.2,0.0
El Bosque,2024-12-17,26.1,12.2,18.5,26.3,0.0
El Bosque,2024-12-18,28.8,12.4,20.7,28.5,0.0
El Bosque,2024-12-19,33.0,16.2,24.0,32.6,0.0
El Bosque,2024-12-20,30.1,16.0,22.2,28.9,0.0
El Bosque,2024-12-21,32.5,15.5,23.8,31.9,0.0
El Bosque,2024-12-22,34.2,18.5,25.4,34.7,0.0
El Bosque,2024-12-23,29.3,19.1,23.7,29.7,0.0
El Bosque,2024-12-24,30.4,17.4,22.9,31.2,0.0
El Bosque,2024-12-25,28.5,15.1,21.0,29.9,0.0
El Bosque,2024-12-26,27.6,13.4,19.2,28.7,0.0
El Bosque,2024-12-27,28.1,13.5,20.0,29.9,0.0
El Bosque,2024-12-28,29.5,13.8,20.7,30.9,0.0
El Bosque,2024-12-29,30.9,14.1,21.5,32.2,0.0
El Bosque,2024-12-30,30.2,14.9,22.0,31.5,0.0
El Bosque,2024-12-31,30.8,16.0,22.8,30.8,0.0
El Monte,2024-01-01,26.8,10.9,17.8,27.1,0.0
El Monte,2024-01-02,29.2,11.8,19.4,30.0,0.0
El Monte,2024-01-03,27.6,12.6,19.2,28.5,0.0
El Monte,2024-01-04,26.5,12.6,18.4,27.5,0.0
El Monte,2024-01-05,25.4,12.8,17.9,25.9,0.0
El Monte,2024-01-06,25.8,13.2,17.9,26.1,0.0
El Monte,2024-01-07,30.5,11.6,20.6,28.9,0.0
El Monte,2024-01-08,29.8,12.6,20.4,28.6,0.0
El Monte,2024-01-09,28.8,12.8,19.4,28.0,0.0
El Monte,2024-01-10,28.9,11.9,19.6,28.8,0.0
El Monte,2024-01-11,28.2,14.0,19.4,27.8,0.0
El Monte,2024-01-12,26.0,12.3,17.9,25.7,0.0
El Monte,2024-01-13,25.6,11.8,17.2,25.2,0.0
El Monte,2024-01-14,33.8,11.4,22.1,31.7,0.0
El Monte,2024-01-15,29.5,13.1,20.6,28.4,0.0
El Monte,2024-01-16,32.4,11.1,21.0,30.8,0.0
El Monte,2024-01-17,28.0,14.9,20.1,27.9,0.0
El Monte,2024-01-18,32.7,13.1,21.6,31.6,0.0
El Monte,2024-01-19,30.4,13.6,21.9,29.8,0.0
El Monte,2024-01-20,28.0,14.8,20.6,28.3,0.0
El Monte,2024-01-21,29.3,13.8,20.2,29.7,0.0
El Monte,2024-01-22,28.7,13.3,20.0,29.3,0.0
El Monte,2024-01-23,27.2,13.5,19.0,27.8,0.0
El Monte,2024-01-24,31.1,13.1,20.8,32.5,0.0
El Monte,2024-01-25,28.0,14.0,19.7,28.6,0.0
El Monte,2024-01-26,28.1,13.5,19.1,28.5,0.0
El Monte,2024-01-27,30.9,13.4,20.2,32.3,0.0
El Monte,2024-01-28,27.8,14.6,19.5,28.5,0.0
El Monte,2024-01-29,29.5,13.9,20.0,30.3,0.0
El Monte,2024-01-30,34.3,14.1,22.6,33.7,0.0
El Monte,2024-01-31,36.8,15.7,25.5,35.0,0.0
El Monte,2024-02-01,33.0,16.1,24.0,32.7,0.0
El Monte,2024-02-02,37.4,14.9,25.1,36.5,0.0
El Monte,2024-02-03,36.1,16.5,25.5,34.6,0.0
El Monte,2024-02-04,29.0,14.8,21.0,29.2,0.0
El Monte,2024-02-05,31.0,12.6,21.0,31.5,0.0
El Monte,2024-02-06,28.2,15.2,20.6,28.4,0.0
El Monte,2024-02-07,33.8,14.6,22.7,34.8,0.0
El Monte,2024-02-08,30.2,15.8,22.6,30.9,0.0
El Monte,2024-02-09,28.9,13.8,19.9,28.6,0.0
El Monte,2024-02-10,31.4,13.1,21.3,30.9,0.0
El Monte,2024-02-11,27.5,12.9,18.8,27.6,0.0
El Monte,2024-02-12,35.2,13.7,23.3,34.4,0.0
El Monte,2024-02-13,29.0,14.4,20.9,28.7,0.0
El Monte,2024-02-14,29.6,12.8,19.1,30.5,0.0
El Monte,2024-02-15,28.0,12.8,19.0,29.3,0.0
El Monte,2024-02-16,27.0,13.1,18.8,27.4,0.0
El Monte,2024-02-17,35.2,13.4,22.5,32.4,0.0
El Monte,2024-02-18,30.8,15.0,21.9,30.4,0.0
El Monte,2024-02-19,28.0,13.0,18.6,28.0,0.0
El Monte,2024-02-20,28.6,14.2,19.3,29.7,0.0
El Monte,2024-02-21,27.6,13.3,19.0,28.1,0.0
El Monte,2024-02-22,18.2,15.8,16.8,19.1,8.6
El Monte,2024-02-23,30.2,12.1,20.5,32.5,0.2
El Monte,2024-02-24,29.8,14.6,21.0,30.4,0.0
El Monte,2024-02-25,28.2,13.9,20.1,28.4,0.0
El Monte,2024-02-26,31.0,13.0,21.0,30.8,0.0
El Monte,2024-02-27,29.6,14.4,21.1,29.1,0.0
El Monte,2024-02-28,32.5,13.1,21.5,31.5,0.0
El Monte,2024-02-29,32.7,14.6,22.2,32.2,0.0
El Monte,2024-03-01,26.9,13.5,19.6,25.7,0.0
El Monte,2024-03-02,31.1,13.8,21.5,28.7,0.0
El Monte,2024-03-03,29.5,13.8,20.7,28.5,0.0
El Monte,2024-03-04,30.5,13.3,20.4,29.9,0.0
El Monte,2024-03-05,27.4,13.6,18.7,26.8,0.0
El Monte,2024-03-06,27.3,12.2,18.5,26.9,0.0
El Monte,2024-03-07,25.6,10.8,16.8,24.2,0.0
El Monte,2024-03-08,26.9,9.4,17.3,25.1,0.0
El Monte,2024-03-09,29.9,11.1,19.3,28.2,0.0
El Monte,2024-03-10,26.9,12.1,18.4,25.9,0.0
El Monte,2024-03-11,25.9,11.1,16.6,24.9,0.0
El Monte,2024-03-12,28.2,10.0,17.9,25.4,0.0
El Monte,2024-03-13,28.2,11.8,18.8,26.6,0.0
El Monte,2024-03-14,28.5,10.8,19.0,26.0,0.0
El Monte,2024-03-15,27.8,10.7,18.2,25.2,0.0
El Monte,2024-03-16,28.6,10.1,18.2,25.9,0.0
El Monte,2024-03-17,29.5,10.9,18.8,26.9,0.0
El Monte,2024-03-18,30.8,11.7,20.2,27.9,0.0
El Monte,2024-03-19,25.0,12.1,18.2,23.5,0.0
El Monte,2024-03-20,23.2,11.1,15.5,21.1,2.6
El Monte,2024-03-21,30.5,11.6,20.5,29.6,0.6
El Monte,2024-03-22,30.5,14.3,21.2,29.6,0.0
El Monte,2024-03-23,28.8,13.4,20.0,28.1,0.0
El Monte,2024-03-24,30.9,13.2,20.5,30.0,0.0
El Monte,2024-03-25,25.4,13.1,18.1,25.1,0.0
El Monte,2024-03-26,29.1,12.1,19.4,28.9,0.0
El Monte,2024-03-27,29.2,13.8,20.5,28.9,0.0
El Monte,2024-03-28,27.4,13.4,19.2,27.7,0.0
El Monte,2024-03-29,28.9,13.1,19.6,28.8,0.0
El Monte,2024-03-30,30.5,13.4,20.8,29.5,0.0
El Monte,2024-03-31,28.1,13.4,20.1,25.4,0.0
El Monte,2024-04-01,26.1,11.8,18.4,22.8,0.0
El Monte,2024-04-02,24.6,11.6,16.9,22.3,0.1
El Monte,2024-04-03,19.5,13.2,16.4,19.4,0.0
El Monte,2024-04-04,26.5,11.4,18.1,25.0,0.0
El Monte,2024-04-05,26.9,10.9,17.7,25.5,0.0
El Monte,2024-04-06,24.8,9.3,16.4,22.9,0.0
El Monte,2024-04-07,26.1,10.3,17.2,24.9,0.0
El Monte,2024-04-08,24.9,10.1,16.6,22.8,0.0
El Monte,2024-04-09,25.8,10.1,16.5,24.0,0.0
El Monte,2024-04-10,25.3,9.9,16.0,24.2,0.0
El Monte,2024-04-11,20.8,8.2,12.7,17.7,0.0
El Monte,2024-04-12,15.1,9.8,12.1,14.6,1.2
El Monte,2024-04-13,19.9,7.9,12.9,18.6,4.7
El Monte,2024-04-14,21.5,9.2,14.6,19.9,0.8
El Monte,2024-04-15,19.5,11.9,14.4,18.3,2.2
El Monte,2024-04-16,23.5,8.6,15.2,22.5,0.0
El Monte,2024-04-17,26.7,7.7,17.0,25.5,0.0
El Monte,2024-04-18,28.0,10.1,18.2,26.0,0.0
El Monte,2024-04-19,21.9,10.9,16.0,20.6,0.0
El Monte,2024-04-20,20.6,11.2,15.4,19.2,0.0
El Monte,2024-04-21,18.2,11.7,14.4,16.2,0.2
El Monte,2024-04-22,19.8,9.8,14.1,18.0,0.8
El Monte,2024-04-23,23.2,8.1,15.0,22.4,0.0
El Monte,2024-04-24,20.7,8.1,13.7,18.6,0.0
El Monte,2024-04-25,21.0,5.9,13.4,18.2,0.0
El Monte,2024-04-26,19.5,8.6,13.1,16.9,0.0
El Monte,2024-04-27,19.6,8.4,12.6,17.2,0.0
El Monte,2024-04-28,16.0,6.4,10.8,12.6,0.0
El Monte,2024-04-29,18.0,4.7,11.6,14.6,1.4
El Monte,2024-04-30,15.6,8.4,11.6,13.9,16.8
El Monte,2024-05-01,15.3,6.1,10.4,13.0,0.1
El Monte,2024-05-02,14.2,3.8,8.5,11.7,0.0
El Monte,2024-05-03,15.2,2.8,9.0,12.6,0.0
El Monte,2024-05-04,17.4,4.0,10.9,15.2,0.0
El Monte,2024-05-05,15.4,7.1,10.4,13.7,0.0
El Monte,2024-05-06,15.9,4.2,9.7,13.4,0.0
El Monte,2024-05-07,10.1,4.2,6.8,8.5,37.5
El Monte,2024-05-08,14.2,0.9,7.1,12.2,0.0
El Monte,2024-05-09,14.1,2.4,7.7,12.1,0.0
El Monte,2024-05-10,14.1,3.6,9.3,11.7,0.0
El Monte,2024-05-11,14.4,2.8,7.8,12.1,0.0
El Monte,2024-05-12,14.2,2.5,7.7,11.3,0.0
El Monte,2024-05-13,14.4,1.3,6.8,12.3,0.0
El Monte,2024-05-14,14.5,0.6,7.2,11.9,0.0
El Monte,2024-05-15,12.4,3.2,6.7,9.0,0.6
El Monte,2024-05-16,14.9,1.4,7.2,12.4,0.0
El Monte,2024-05-17,14.8,2.1,7.5,12.4,0.0
El Monte,2024-05-18,15.6,0.8,7.3,13.1,0.0
El Monte,2024-05-19,17.1,1.3,9.0,15.6,0.0
El Monte,2024-05-20,10.7,7.5,9.4,9.6,21.4
El Monte,2024-05-21,14.7,6.5,9.6,13.5,11.4
El Monte,2024-05-22,10.9,6.5,8.8,10.0,8.7
El Monte,2024-05-23,14.1,4.1,8.9,12.5,3.5
El Monte,2024-05-24,16.1,2.9,8.7,14.9,0.0
El Monte,2024-05-25,14.5,7.6,10.5,12.7,1.1
El Monte,2024-05-26,14.9,6.1,9.7,13.6,16.2
El Monte,2024-05-27,15.2,2.1,8.2,14.2,0.0
El Monte,2024-05-28,16.8,3.2,8.9,15.3,0.0
El Monte,2024-05-29,17.3,6.1,10.6,17.0,0.0
El Monte,2024-05-30,18.1,5.8,11.0,18.0,0.0
El Monte,2024-05-31,14.0,5.4,9.7,13.5,0.0
El Monte,2024-06-01,18.0,5.5,10.8,17.5,0.0
El Monte,2024-06-02,19.0,8.2,11.9,19.0,0.0
El Monte,2024-06-03,14.1,9.3,11.7,12.6,0.0
El Monte,2024-06-04,16.8,7.4,11.0,15.5,0.1
El Monte,2024-06-05,15.1,8.6,11.1,14.8,0.0
El Monte,2024-06-06,18.1,7.4,12.5,18.0,0.0
El Monte,2024-06-07,21.2,6.8,12.8,21.9,0.0
El Monte,2024-06-08,15.6,9.0,11.6,14.8,2.0
El Monte,2024-06-09,14.8,8.8,11.5,14.0,19.2
El Monte,2024-06-10,16.4,8.9,11.8,15.7,0.1
El Monte,2024-06-11,15.4,8.6,11.5,14.3,0.0
El Monte,2024-06-12,14.8,8.6,11.0,13.5,0.0
El Monte,2024-06-13,12.7,9.6,10.6,11.6,68.0
El Monte,2024-06-14,15.3,6.9,10.9,14.0,14.1
El Monte,2024-06-15,15.2,3.8,9.0,13.9,0.0
El Monte,2024-06-16,13.6,6.3,9.2,12.6,0.0
El Monte,2024-06-17,15.4,6.0,10.1,14.0,11.0
El Monte,2024-06-18,11.1,7.2,9.2,9.5,54.1
El Monte,2024-06-19,15.6,6.4,10.5,14.4,2.1
El Monte,2024-06-20,12.2,6.4,9.2,11.6,0.0
El Monte,2024-06-21,9.2,6.4,8.6,8.0,68.2
El Monte,2024-06-22,9.2,5.9,7.6,8.1,36.2
El Monte,2024-06-23,12.1,3.8,7.6,9.2,0.0
El Monte,2024-06-24,11.0,3.3,6.6,8.8,0.2
El Monte,2024-06-25,12.1,1.9,5.9,10.6,0.0
El Monte,2024-06-26,16.0,0.9,6.9,14.4,0.0
El Monte,2024-06-27,13.9,3.6,8.4,12.1,0.0
El Monte,2024-06-28,14.4,4.8,8.3,13.5,0.0
El Monte,2024-06-29,18.4,3.8,9.3,17.3,0.0
El Monte,2024-06-30,18.1,4.2,9.6,17.0,0.0
El Monte,2024-07-01,20.2,4.0,10.8,19.1,0.0
El Monte,2024-07-02,15.9,4.1,9.4,14.9,0.0
El Monte,2024-07-03,16.0,6.1,10.1,14.7,0.0
El Monte,2024-07-04,12.6,2.7,7.3,11.1,0.0
El Monte,2024-07-05,14.0,-0.6,5.7,11.7,0.0
El Monte,2024-07-06,11.8,0.2,4.8,8.6,0.0
El Monte,2024-07-07,12.6,0.3,5.0,9.2,0.0
El Monte,2024-07-08,12.0,0.1,4.7,9.0,0.0
El Monte,2024-07-09,8.6,0.2,3.3,5.2,0.0
El Monte,2024-07-10,10.0,0.6,4.4,7.3,0.0
El Monte,2024-07-11,10.8,-1.4,3.8,9.0,0.0
El Monte,2024-07-12,12.7,-1.2,4.6,9.1,0.0
El Monte,2024-07-13,11.1,0.7,5.1,9.0,0.0
El Monte,2024-07-14,9.2,0.1,3.8,7.2,0.0
El Monte,2024-07-15,10.2,-0.6,3.8,7.6,0.0
El Monte,2024-07-16,17.4,1.1,7.5,15.4,0.0
El Monte,2024-07-17,14.4,2.0,7.5,12.8,0.0
El Monte,2024-07-18,10.6,4.8,7.6,8.9,4.7
El Monte,2024-07-19,13.7,4.4,8.1,12.7,0.0
El Monte,2024-07-20,12.5,4.6,7.5,10.9,0.0
El Monte,2024-07-21,15.6,5.2,9.3,14.1,0.0
El Monte,2024-07-22,18.0,3.5,9.5,16.7,0.0
El Monte,2024-07-23,12.3,4.9,8.1,11.4,0.7
El Monte,2024-07-24,17.5,3.6,9.1,16.5,0.1
El Monte,2024-07-25,15.1,2.5,8.7,13.0,0.0
El Monte,2024-07-26,11.7,4.8,8.1,10.3,0.0
El Monte,2024-07-27,14.4,2.7,7.5,12.8,0.0
El Monte,2024-07-28,14.8,0.9,6.8,13.1,0.0
El Monte,2024-07-29,21.4,2.8,10.2,21.0,0.0
El Monte,2024-07-30,15.6,7.9,11.0,15.2,0.0
El Monte,2024-07-31,11.4,7.4,9.5,10.5,0.0
El Monte,2024-08-01,11.4,8.1,9.4,9.8,7.3
El Monte,2024-08-02,11.9,7.1,9.5,11.0,60.3
El Monte,2024-08-03,16.6,3.5,9.1,14.4,3.7
El Monte,2024-08-04,16.6,5.1,10.5,15.5,0.0
El Monte,2024-08-05,9.6,6.8,7.8,8.1,21.8
El Monte,2024-08-06,12.8,3.6,7.5,10.1,3.4
El Monte,2024-08-07,11.2,0.3,5.5,8.7,0.0
El Monte,2024-08-08,14.7,-0.4,6.5,12.9,0.0
El Monte,2024-08-09,17.8,-0.2,8.2,16.2,0.0
El Monte,2024-08-10,18.4,2.8,10.1,17.1,0.0
El Monte,2024-08-11,19.6,4.1,10.8,19.0,0.0
El Monte,2024-08-12,20.6,5.4,12.4,20.7,0.0
El Monte,2024-08-13,16.5,6.7,10.7,16.5,0.0
El Monte,2024-08-14,14.1,8.3,10.3,13.4,0.0
El Monte,2024-08-15,15.2,6.5,10.0,13.9,0.0
El Monte,2024-08-16,13.4,7.3,9.5,11.9,0.0
El Monte,2024-08-17,14.4,5.8,9.6,12.6,0.0
El Monte,2024-08-18,10.9,5.4,8.1,8.8,0.0
El Monte,2024-08-19,12.6,2.5,7.0,10.0,0.0
El Monte,2024-08-20,11.1,2.7,5.7,8.1,0.0
El Monte,2024-08-21,12.2,0.5,5.2,9.8,30.4
El Monte,2024-08-22,12.9,-1.4,5.5,11.4,0.8
El Monte,2024-08-23,11.9,2.2,6.7,9.7,11.5
El Monte,2024-08-24,17.5,-0.3,7.5,16.2,0.0
El Monte,2024-08-25,18.2,2.7,8.7,16.7,0.0
El Monte,2024-08-26,16.2,0.5,8.6,14.2,0.0
El Monte,2024-08-27,16.8,2.5,9.4,16.2,0.0
El Monte,2024-08-28,14.2,5.5,8.9,12.3,0.0
El Monte,2024-08-29,12.9,7.8,9.5,10.8,1.3
El Monte,2024-08-30,15.7,6.3,10.3,14.2,0.6
El Monte,2024-08-31,19.4,2.7,10.5,18.8,0.0
El Monte,2024-09-01,21.2,4.8,11.9,21.8,0.0
El Monte,2024-09-02,13.3,5.5,9.2,10.6,0.1
El Monte,2024-09-03,15.9,4.8,9.4,14.0,0.0
El Monte,2024-09-04,17.0,2.5,9.8,16.6,0.0
El Monte,2024-09-05,19.4,4.2,11.5,18.9,0.0
El Monte,2024-09-06,16.9,5.9,10.4,15.1,0.0
El Monte,2024-09-07,16.1,7.3,10.5,14.4,0.0
El Monte,2024-09-08,17.8,4.5,10.9,17.2,0.0
El Monte,2024-09-09,20.8,7.6,13.2,21.3,0.0
El Monte,2024-09-10,17.5,6.5,11.7,15.4,0.1
El Monte,2024-09-11,19.0,5.7,11.5,18.1,0.0
El Monte,2024-09-12,16.0,5.9,9.9,14.2,0.0
El Monte,2024-09-13,18.9,5.7,11.5,17.6,0.0
El Monte,2024-09-14,21.4,5.1,12.9,20.7,0.0
El Monte,2024-09-15,22.7,5.8,13.9,22.3,0.0
El Monte,2024-09-16,23.8,7.9,14.6,23.1,0.0
El Monte,2024-09-17,20.4,6.2,12.3,19.6,0.0
El Monte,2024-09-18,18.5,7.1,11.4,17.4,2.4
El Monte,2024-09-19,15.4,6.8,10.8,11.8,9.3
El Monte,2024-09-20,17.9,5.3,10.9,16.9,0.0
El Monte,2024-09-21,16.8,6.3,10.3,14.7,0.0
El Monte,2024-09-22,14.7,8.1,11.0,13.5,3.1
El Monte,2024-09-23,16.8,7.7,11.5,14.4,0.0
El Monte,2024-09-24,17.8,5.4,11.0,16.6,0.0
El Monte,2024-09-25,18.8,4.3,10.7,17.7,0.0
El Monte,2024-09-26,24.8,3.6,13.7,24.6,0.0
El Monte,2024-09-27,21.0,6.8,13.6,19.9,0.0
El Monte,2024-09-28,24.6,9.5,15.7,23.6,0.0
El Monte,2024-09-29,19.1,7.1,12.3,17.8,0.0
El Monte,2024-09-30,19.1,9.4,12.7,16.5,0.3
El Monte,2024-10-01,19.0,8.4,12.8,17.5,0.0
El Monte,2024-10-02,21.9,6.0,13.8,20.8,0.0
El Monte,2024-10-03,24.9,7.2,15.5,24.5,0.0
El Monte,2024-10-04,25.0,9.0,15.3,24.8,0.0
El Monte,2024-10-05,25.3,8.1,16.0,25.1,0.0
El Monte,2024-10-06,20.9,11.4,15.8,18.8,0.0
El Monte,2024-10-07,23.0,10.1,15.1,22.5,9.8
El Monte,2024-10-08,15.2,10.8,12.7,13.7,11.0
El Monte,2024-10-09,20.6,8.3,13.8,19.4,0.0
El Monte,2024-10-10,17.2,10.9,13.2,15.4,0.0
El Monte,2024-10-11,17.6,10.4,13.3,15.8,0.0
El Monte,2024-10-12,19.8,8.6,14.0,18.2,0.0
El Monte,2024-10-13,23.8,7.4,15.4,23.5,0.0
El Monte,2024-10-14,22.0,7.6,14.6,20.5,0.0
El Monte,2024-10-15,28.9,8.2,17.0,29.3,0.0
El Monte,2024-10-16,18.5,8.6,12.7,16.7,0.0
El Monte,2024-10-17,26.5,6.4,15.6,25.8,0.0
El Monte,2024-10-18,27.6,9.4,17.5,27.7,0.0
El Monte,2024-10-19,19.8,9.5,13.2,18.7,0.0
El Monte,2024-10-20,21.0,9.9,14.3,18.6,0.2
El Monte,2024-10-21,25.2,7.9,16.0,24.4,0.0
El Monte,2024-10-22,22.2,10.5,15.4,21.2,4.1
El Monte,2024-10-23,20.8,9.6,14.2,19.6,1.6
El Monte,2024-10-24,26.6,7.6,16.0,26.0,0.0
El Monte,2024-10-25,26.0,9.6,16.8,25.4,0.0
El Monte,2024-10-26,28.1,9.4,17.8,27.7,0.0
El Monte,2024-10-27,25.6,8.9,15.9,25.7,0.0
El Monte,2024-10-28,29.8,11.2,18.4,30.1,0.0
El Monte,2024-10-29,23.9,10.7,15.7,23.5,0.0
El Monte,2024-10-30,23.6,10.9,15.4,23.6,0.0
El Monte,2024-10-31,23.7,10.1,15.0,23.5,0.0
El Monte,2024-11-01,20.3,9.8,13.8,19.5,0.2
El Monte,2024-11-02,26.1,7.4,16.2,24.6,0.0
El Monte,2024-11-03,22.9,9.4,14.3,21.3,0.0
El Monte,2024-11-04,24.5,5.7,14.9,22.9,0.0
El Monte,2024-11-05,27.2,8.2,17.5,25.7,0.0
El Monte,2024-11-06,27.6,10.6,18.2,26.0,0.0
El Monte,2024-11-07,27.6,10.6,17.9,27.6,0.4
El Monte,2024-11-08,30.2,11.9,20.2,29.0,0.0
El Monte,2024-11-09,27.2,11.6,18.7,26.7,0.0
El Monte,2024-11-10,23.6,11.9,17.0,21.3,0.0
El Monte,2024-11-11,28.2,9.1,18.4,26.3,0.0
El Monte,2024-11-12,33.0,11.6,21.7,31.3,0.0
El Monte,2024-11-13,24.4,12.2,18.7,24.1,0.0
El Monte,2024-11-14,23.0,10.6,15.8,23.5,0.0
El Monte,2024-11-15,23.8,10.6,15.9,23.4,0.0
El Monte,2024-11-16,20.0,11.2,14.8,17.5,1.7
El Monte,2024-11-17,25.5,8.4,16.2,24.8,0.0
El Monte,2024-11-18,23.8,10.9,16.1,23.5,0.0
El Monte,2024-11-19,23.4,9.5,14.6,22.8,0.0
El Monte,2024-11-20,24.8,10.6,16.2,23.9,0.0
El Monte,2024-11-21,23.9,10.1,16.3,23.5,0.0
El Monte,2024-11-22,25.5,9.7,16.7,24.4,0.0
El Monte,2024-11-23,29.2,11.2,19.3,28.6,0.0
El Monte,2024-11-24,28.1,12.4,19.5,27.4,0.0
El Monte,2024-11-25,26.1,12.6,18.7,24.7,0.0
El Monte,2024-11-26,25.8,11.1,17.4,24.1,0.0
El Monte,2024-11-27,23.5,8.9,15.3,22.2,0.0
El Monte,2024-11-28,25.5,8.9,16.5,23.9,0.0
El Monte,2024-11-29,27.1,11.4,18.7,25.8,0.0
El Monte,2024-11-30,22.8,11.1,16.0,21.4,0.0
El Monte,2024-12-01,24.0,10.6,16.5,22.2,0.0
El Monte,2024-12-02,26.0,10.1,17.1,23.7,0.0
El Monte,2024-12-03,24.1,9.9,16.1,23.6,0.0
El Monte,2024-12-04,22.3,10.1,14.8,21.9,0.0
El Monte,2024-12-05,21.4,9.1,14.2,20.4,0.0
El Monte,2024-12-06,25.6,9.2,16.8,24.0,0.0
El Monte,2024-12-07,25.2,11.8,17.5,24.2,0.0
El Monte,2024-12-08,23.4,8.2,14.8,22.0,0.0
El Monte,2024-12-09,28.8,9.1,17.8,28.1,0.0
El Monte,2024-12-10,25.2,11.4,17.5,24.7,0.0
El Monte,2024-12-11,27.1,10.6,18.3,26.6,0.0
El Monte,2024-12-12,25.7,10.8,16.9,24.7,0.0
El Monte,2024-12-13,29.5,11.8,19.6,27.8,0.0
El Monte,2024-12-14,28.0,12.2,18.9,28.2,0.0
El Monte,2024-12-15,23.7,11.4,16.4,23.1,0.0
El Monte,2024-12-16,23.6,9.6,15.4,23.5,0.0
El Monte,2024-12-17,24.0,9.9,16.0,23.6,0.0
El Monte,2024-12-18,28.0,10.8,18.4,27.6,0.0
El Monte,2024-12-19,33.0,14.1,22.7,31.2,0.0
El Monte,2024-12-20,29.9,13.4,20.8,27.7,0.0
El Monte,2024-12-21,32.5,13.9,22.5,31.0,0.0
El Monte,2024-12-22,31.4,15.9,22.6,32.1,0.0
El Monte,2024-12-23,26.4,14.9,20.2,26.4,0.0
El Monte,2024-12-24,27.4,14.3,19.9,27.7,0.0
El Monte,2024-12-25,25.2,12.6,17.6,25.5,0.0
El Monte,2024-12-26,24.9,12.1,16.9,25.4,0.0
El Monte,2024-12-27,25.2,12.1,17.6,26.2,0.0
El Monte,2024-12-28,26.4,12.2,17.9,27.3,0.0
El Monte,2024-12-29,28.2,12.4,18.4,29.3,0.0
El Monte,2024-12-30,27.9,12.1,19.0,28.8,0.0
El Monte,2024-12-31,29.2,13.2,20.2,29.9,0.0
Estación Central,2024-01-01,30.1,12.1,20.4,29.6,0.0
Estación Central,2024-01-02,31.5,12.5,21.8,31.8,0.0
Estación Central,2024-01-03,31.2,16.5,22.6,31.5,0.0
Estación Central,2024-01-04,30.2,15.2,21.7,30.6,0.0
Estación Central,2024-01-05,28.0,13.9,20.5,28.1,0.0
Estación Central,2024-01-06,27.8,14.1,20.5,28.3,0.0
Estación Central,2024-01-07,31.0,14.0,22.1,30.2,0.0
Estación Central,2024-01-08,30.7,14.8,22.3,30.0,0.0
Estación Central,2024-01-09,30.3,14.4,21.8,29.6,0.0
Estación Central,2024-01-10,30.5,13.8,22.0,29.8,0.0
Estación Central,2024-01-11,30.9,16.1,22.4,30.4,0.0
Estación Central,2024-01-12,29.2,14.8,20.9,28.3,0.0
Estación Central,2024-01-13,28.0,12.4,19.6,27.8,0.0
Estación Central,2024-01-14,34.7,13.6,23.8,33.0,0.0
Estación Central,2024-01-15,31.1,15.6,23.1,29.4,0.0
Estación Central,2024-01-16,33.0,11.1,22.1,31.9,0.0
Estación Central,2024-01-17,31.2,17.4,22.9,31.4,0.0
Estación Central,2024-01-18,33.5,15.4,23.7,32.7,0.0
Estación Central,2024-01-19,33.8,18.7,25.4,33.3,0.0
Estación Central,2024-01-20,31.9,17.0,24.0,31.9,0.0
Estación Central,2024-01-21,33.4,15.6,23.8,33.5,0.0
Estación Central,2024-01-22,34.0,17.0,24.1,34.7,0.0
Estación Central,2024-01-23,31.6,14.4,22.4,32.2,0.0
Estación Central,2024-01-24,35.2,17.3,25.0,36.2,0.0
Estación Central,2024-01-25,32.0,17.8,23.7,32.4,0.0
Estación Central,2024-01-26,31.4,15.4,22.2,31.4,0.0
Estación Central,2024-01-27,34.0,16.7,23.9,35.0,0.0
Estación Central,2024-01-28,30.6,17.1,23.0,31.3,0.0
Estación Central,2024-01-29,33.1,17.5,24.0,33.5,0.0
Estación Central,2024-01-30,36.0,17.2,25.8,35.9,0.0
Estación Central,2024-01-31,37.8,20.0,28.1,37.6,0.0
Estación Central,2024-02-01,35.2,19.1,26.8,34.5,0.0
Estación Central,2024-02-02,36.8,18.3,27.0,35.9,0.0
Estación Central,2024-02-03,37.3,20.0,27.6,36.6,0.0
Estación Central,2024-02-04,32.0,18.9,23.8,32.1,0.0
Estación Central,2024-02-05,33.5,15.1,23.7,33.5,0.0
Estación Central,2024-02-06,31.9,18.0,24.2,31.6,0.0
Estación Central,2024-02-07,35.6,17.2,25.3,36.1,0.0
Estación Central,2024-02-08,33.3,19.1,25.0,34.5,0.0
Estación Central,2024-02-09,31.8,16.8,23.0,31.7,0.0
Estación Central,2024-02-10,33.8,17.0,24.5,33.5,0.0
Estación Central,2024-02-11,30.4,15.1,22.1,29.6,0.0
Estación Central,2024-02-12,36.0,16.6,25.4,34.8,0.0
Estación Central,2024-02-13,32.0,17.6,24.4,31.2,0.0
Estación Central,2024-02-14,32.7,14.5,22.0,33.1,0.0
Estación Central,2024-02-15,33.0,14.5,22.1,34.2,0.0
Estación Central,2024-02-16,30.5,14.4,22.2,30.7,0.0
Estación Central,2024-02-17,34.8,16.9,25.1,33.9,0.0
Estación Central,2024-02-18,34.1,17.6,25.0,33.9,0.0
Estación Central,2024-02-19,29.5,15.1,21.1,29.7,0.0
Estación Central,2024-02-20,30.4,15.6,21.1,31.3,0.0
Estación Central,2024-02-21,29.9,14.2,20.6,30.0,0.0
Estación Central,2024-02-22,20.2,15.2,17.6,19.1,10.8
Estación Central,2024-02-23,29.2,14.4,20.9,31.6,0.2
Estación Central,2024-02-24,30.2,16.0,22.5,31.5,0.0
Estación Central,2024-02-25,30.8,16.0,22.4,31.5,0.0
Estación Central,2024-02-26,31.6,15.2,22.9,32.2,0.0
Estación Central,2024-02-27,31.2,16.5,23.2,31.0,0.0
Estación Central,2024-02-28,33.2,15.9,23.5,32.9,0.0
Estación Central,2024-02-29,34.0,17.0,24.6,33.4,0.0
Estación Central,2024-03-01,30.1,16.4,22.8,29.7,0.0
Estación Central,2024-03-02,31.8,17.1,23.7,30.9,0.0
Estación Central,2024-03-03,31.9,17.3,23.6,30.8,0.0
Estación Central,2024-03-04,33.0,16.3,23.4,32.4,0.0
Estación Central,2024-03-05,31.0,16.7,22.7,29.9,0.0
Estación Central,2024-03-06,30.1,16.0,21.9,29.4,0.0
Estación Central,2024-03-07,28.5,12.9,19.9,27.5,0.0
Estación Central,2024-03-08,28.6,11.9,19.2,27.5,0.0
Estación Central,2024-03-09,31.0,13.1,21.6,29.6,0.0
Estación Central,2024-03-10,29.5,14.8,21.0,28.3,0.0
Estación Central,2024-03-11,28.0,12.4,19.0,27.8,0.0
Estación Central,2024-03-12,29.0,12.4,19.8,27.5,0.0
Estación Central,2024-03-13,28.8,12.1,20.2,28.1,0.0
Estación Central,2024-03-14,29.2,13.2,21.2,27.5,0.0
Estación Central,2024-03-15,29.0,13.6,20.5,27.4,0.0
Estación Central,2024-03-16,29.4,13.9,20.9,27.6,0.0
Estación Central,2024-03-17,30.4,14.6,21.5,28.2,0.0
Estación Central,2024-03-18,32.0,16.1,22.7,29.8,0.0
Estación Central,2024-03-19,28.4,14.9,20.6,26.7,0.0
Estación Central,2024-03-20,22.6,11.9,16.6,21.4,1.3
Estación Central,2024-03-21,32.5,13.0,21.7,31.8,1.5
Estación Central,2024-03-22,32.7,18.4,24.2,31.8,0.0
Estación Central,2024-03-23,30.2,16.0,22.4,29.4,0.0
Estación Central,2024-03-24,31.8,17.3,23.5,31.7,0.0
Estación Central,2024-03-25,28.9,16.2,21.3,28.8,0.0
Estación Central,2024-03-26,30.5,14.4,21.6,31.0,0.0
Estación Central,2024-03-27,30.5,16.2,22.7,30.6,0.0
Estación Central,2024-03-28,30.3,15.9,22.0,30.7,0.0
Estación Central,2024-03-29,31.0,15.8,22.3,31.4,0.0
Estación Central,2024-03-30,32.3,15.5,22.9,31.9,0.0
Estación Central,2024-03-31,30.0,17.0,22.5,28.3,0.0
Estación Central,2024-04-01,27.1,13.4,19.9,25.0,0.0
Estación Central,2024-04-02,25.1,13.8,18.2,22.1,0.0
Estación Central,2024-04-03,21.5,13.1,16.7,20.6,0.0
Estación Central,2024-04-04,27.5,12.4,19.1,27.0,0.0
Estación Central,2024-04-05,29.2,15.4,20.5,28.1,0.0
Estación Central,2024-04-06,25.9,11.2,18.2,24.9,0.0
Estación Central,2024-04-07,29.2,13.1,20.0,28.5,0.0
Estación Central,2024-04-08,25.9,12.2,18.3,24.0,0.0
Estación Central,2024-04-09,27.6,13.9,19.3,26.5,0.0
Estación Central,2024-04-10,27.9,14.0,18.9,26.9,0.0
Estación Central,2024-04-11,22.6,10.4,15.2,20.2,0.0
Estación Central,2024-04-12,17.1,11.2,13.8,15.3,0.0
Estación Central,2024-04-13,20.5,8.6,13.8,18.8,0.0
Estación Central,2024-04-14,22.0,10.4,15.4,20.9,0.1
Estación Central,2024-04-15,19.6,12.1,14.4,18.5,7.9
Estación Central,2024-04-16,24.0,10.7,16.4,23.0,0.0
Estación Central,2024-04-17,29.4,10.3,18.5,27.3,0.0
Estación Central,2024-04-18,31.0,13.2,20.4,29.2,0.0
Estación Central,2024-04-19,25.4,12.9,18.2,23.2,0.0
Estación Central,2024-04-20,22.6,12.9,16.8,20.6,0.0
Estación Central,2024-04-21,19.8,12.9,15.5,17.4,0.0
Estación Central,2024-04-22,21.7,11.9,15.9,20.1,0.0
Estación Central,2024-04-23,25.3,10.9,16.3,23.3,0.0
Estación Central,2024-04-24,22.9,10.3,15.0,21.5,0.0
Estación Central,2024-04-25,23.0,9.1,15.2,19.3,0.0
Estación Central,2024-04-26,20.5,8.6,14.2,17.5,0.0
Estación Central,2024-04-27,21.3,8.1,13.5,19.0,0.0
Estación Central,2024-04-28,18.4,9.0,12.2,15.0,0.0
Estación Central,2024-04-29,20.0,6.9,12.7,16.2,0.0
Estación Central,2024-04-30,15.9,7.4,11.9,13.7,34.0
Estación Central,2024-05-01,15.6,8.9,11.4,12.9,0.8
Estación Central,2024-05-02,15.6,5.3,9.7,12.3,0.0
Estación Central,2024-05-03,16.0,5.2,9.6,13.7,0.0
Estación Central,2024-05-04,18.4,6.4,11.3,15.3,0.0
Estación Central,2024-05-05,16.1,8.1,11.2,14.1,0.0
Estación Central,2024-05-06,15.8,6.8,10.4,13.5,0.0
Estación Central,2024-05-07,10.6,3.5,7.2,9.3,36.4
Estación Central,2024-05-08,16.4,2.8,8.5,13.9,0.0
Estación Central,2024-05-09,17.6,4.8,9.8,15.2,0.0
Estación Central,2024-05-10,14.6,5.2,9.3,12.2,0.0
Estación Central,2024-05-11,14.7,5.6,9.4,11.9,0.0
Estación Central,2024-05-12,14.3,5.0,9.0,11.0,0.0
Estación Central,2024-05-13,15.6,2.5,8.1,13.0,0.0
Estación Central,2024-05-14,15.9,3.5,8.5,13.0,0.0
Estación Central,2024-05-15,11.2,4.6,7.2,8.0,1.1
Estación Central,2024-05-16,14.6,0.6,7.7,11.7,0.0
Estación Central,2024-05-17,14.2,4.1,8.4,11.5,0.2
Estación Central,2024-05-18,16.0,1.6,8.1,13.6,0.0
Estación Central,2024-05-19,16.9,2.7,9.3,14.5,0.0
Estación Central,2024-05-20,11.6,8.8,9.8,10.0,48.0
Estación Central,2024-05-21,14.6,7.3,10.1,13.2,13.8
Estación Central,2024-05-22,10.9,7.7,9.6,9.8,29.7
Estación Central,2024-05-23,13.4,6.8,8.9,11.8,11.0
Estación Central,2024-05-24,15.8,2.7,9.3,14.2,0.0
Estación Central,2024-05-25,15.4,9.3,11.5,13.6,0.1
Estación Central,2024-05-26,14.8,7.5,10.0,13.6,7.4
Estación Central,2024-05-27,16.2,3.2,9.9,14.7,0.0
Estación Central,2024-05-28,18.6,7.2,11.6,17.0,0.0
Estación Central,2024-05-29,18.4,8.1,12.7,18.1,0.0
Estación Central,2024-05-30,19.2,10.1,14.2,18.6,0.0
Estación Central,2024-05-31,16.9,7.9,12.5,14.7,0.0
Estación Central,2024-06-01,18.3,6.0,11.6,16.5,0.0
Estación Central,2024-06-02,20.0,9.6,14.2,19.3,0.0
Estación Central,2024-06-03,16.4,10.4,13.6,15.5,0.0
Estación Central,2024-06-04,18.2,6.6,12.1,17.3,0.4
Estación Central,2024-06-05,14.9,9.8,13.0,13.8,0.0
Estación Central,2024-06-06,16.1,11.7,13.7,15.8,0.0
Estación Central,2024-06-07,20.1,12.2,15.5,20.4,0.0
Estación Central,2024-06-08,15.4,8.7,12.4,13.9,3.1
Estación Central,2024-06-09,13.6,8.4,10.9,12.8,10.3
Estación Central,2024-06-10,14.4,10.1,11.9,13.9,0.0
Estación Central,2024-06-11,14.9,9.7,12.1,13.7,0.5
Estación Central,2024-06-12,13.1,9.1,11.2,11.9,0.0
Estación Central,2024-06-13,13.3,9.6,10.8,10.0,68.8
Estación Central,2024-06-14,15.6,8.2,11.2,14.3,16.2
Estación Central,2024-06-15,14.8,5.9,9.9,13.1,1.1
Estación Central,2024-06-16,15.0,5.1,8.9,13.8,0.0
Estación Central,2024-06-17,14.9,5.4,9.3,14.0,3.4
Estación Central,2024-06-18,11.8,7.4,9.3,11.0,77.7
Estación Central,2024-06-19,15.6,5.9,10.3,13.8,48.5
Estación Central,2024-06-20,12.4,7.5,9.9,11.0,0.0
Estación Central,2024-06-21,9.9,7.3,8.7,8.7,54.3
Estación Central,2024-06-22,9.8,5.8,7.5,7.9,33.3
Estación Central,2024-06-23,12.1,6.2,8.4,9.2,2.7
Estación Central,2024-06-24,9.2,5.7,7.4,7.7,0.5
Estación Central,2024-06-25,11.6,3.8,7.0,9.8,0.1
Estación Central,2024-06-26,16.1,2.0,8.9,14.5,0.0
Estación Central,2024-06-27,16.1,6.9,11.0,14.5,0.0
Estación Central,2024-06-28,15.7,5.2,9.4,14.4,0.0
Estación Central,2024-06-29,17.5,5.2,11.3,17.0,0.0
Estación Central,2024-06-30,19.0,7.2,12.5,17.6,0.0
Estación Central,2024-07-01,19.5,7.3,13.3,18.7,0.0
Estación Central,2024-07-02,18.5,6.8,12.4,16.5,0.0
Estación Central,2024-07-03,17.0,8.2,11.5,15.3,0.0
Estación Central,2024-07-04,15.6,5.8,9.3,13.6,0.0
Estación Central,2024-07-05,15.6,3.5,8.7,14.3,0.0
Estación Central,2024-07-06,14.2,3.0,7.3,10.9,0.0
Estación Central,2024-07-07,14.4,3.7,7.6,12.3,0.0
Estación Central,2024-07-08,14.4,2.5,7.4,13.0,0.0
Estación Central,2024-07-09,10.7,1.7,5.4,7.4,0.0
Estación Central,2024-07-10,11.2,1.9,5.4,8.9,0.0
Estación Central,2024-07-11,12.2,1.3,5.2,9.7,0.0
Estación Central,2024-07-12,14.9,1.2,6.7,12.2,0.0
Estación Central,2024-07-13,14.8,1.0,6.8,12.9,0.0
Estación Central,2024-07-14,13.3,3.3,7.6,10.6,0.0
Estación Central,2024-07-15,14.1,2.3,6.9,11.6,0.0
Estación Central,2024-07-16,19.9,5.9,11.8,17.7,0.0
Estación Central,2024-07-17,18.5,7.0,11.6,16.3,0.0
Estación Central,2024-07-18,13.1,7.3,9.7,10.7,0.0
Estación Central,2024-07-19,15.6,5.8,9.6,14.3,0.0
Estación Central,2024-07-20,14.7,4.9,8.5,13.8,0.0
Estación Central,2024-07-21,14.8,6.8,9.8,12.0,0.0
Estación Central,2024-07-22,18.6,7.0,11.3,17.3,0.0
Estación Central,2024-07-23,11.8,5.8,8.2,10.2,0.5
Estación Central,2024-07-24,16.7,3.5,10.1,15.3,0.0
Estación Central,2024-07-25,17.2,6.8,11.0,15.2,0.0
Estación Central,2024-07-26,14.9,6.2,9.1,13.2,0.0
Estación Central,2024-07-27,17.4,4.3,9.1,15.6,0.0
Estación Central,2024-07-28,18.3,6.2,10.8,16.7,0.0
Estación Central,2024-07-29,21.8,7.4,13.5,20.8,0.0
Estación Central,2024-07-30,17.2,9.1,12.8,15.9,0.0
Estación Central,2024-07-31,12.1,8.4,9.7,10.9,0.0
Estación Central,2024-08-01,9.9,8.2,9.1,8.5,0.1
Estación Central,2024-08-02,13.5,6.6,9.7,11.9,79.0
Estación Central,2024-08-03,15.9,2.7,9.4,13.5,4.9
Estación Central,2024-08-04,15.9,5.9,10.4,13.9,0.0
Estación Central,2024-08-05,10.5,6.6,8.5,9.2,19.1
Estación Central,2024-08-06,12.8,4.7,8.2,9.9,9.5
Estación Central,2024-08-07,12.1,0.9,6.4,9.5,0.0
Estación Central,2024-08-08,14.6,-0.2,6.6,12.3,0.0
Estación Central,2024-08-09,18.5,1.2,9.3,17.0,0.0
Estación Central,2024-08-10,19.9,4.3,11.3,18.0,0.0
Estación Central,2024-08-11,21.1,4.9,12.7,19.8,0.0
Estación Central,2024-08-12,23.1,8.9,14.8,22.8,0.0
Estación Central,2024-08-13,20.0,10.0,13.8,20.2,0.0
Estación Central,2024-08-14,15.3,8.8,11.3,14.4,0.0
Estación Central,2024-08-15,17.0,7.6,11.1,15.3,0.0
Estación Central,2024-08-16,14.2,7.7,10.2,13.0,0.0
Estación Central,2024-08-17,16.0,6.9,10.5,14.3,0.0
Estación Central,2024-08-18,12.4,5.6,8.6,10.1,2.4
Estación Central,2024-08-19,12.9,4.0,8.2,10.1,0.0
Estación Central,2024-08-20,10.8,4.2,6.8,7.7,0.0
Estación Central,2024-08-21,12.4,3.5,6.7,10.5,6.1
Estación Central,2024-08-22,9.1,2.2,5.4,6.7,4.5
Estación Central,2024-08-23,8.4,2.0,4.6,5.8,12.0
Estación Central,2024-08-24,17.4,-0.7,8.4,15.2,0.0
Estación Central,2024-08-25,19.8,3.1,10.6,18.1,0.0
Estación Central,2024-08-26,17.3,3.1,10.7,16.0,0.0
Estación Central,2024-08-27,19.0,4.8,11.2,18.1,0.0
Estación Central,2024-08-28,15.8,6.2,10.1,14.9,0.0
Estación Central,2024-08-29,13.1,7.9,9.8,11.2,0.0
Estación Central,2024-08-30,14.6,6.9,9.8,12.8,0.0
Estación Central,2024-08-31,20.4,4.4,11.4,20.0,0.0
Estación Central,2024-09-01,23.7,8.1,14.2,23.8,0.0
Estación Central,2024-09-02,15.1,6.2,10.5,12.3,0.0
Estación Central,2024-09-03,16.9,7.3,11.3,14.3,0.0
Estación Central,2024-09-04,19.9,7.0,11.9,18.9,0.0
Estación Central,2024-09-05,22.6,8.1,14.1,22.0,0.0
Estación Central,2024-09-06,17.8,5.9,11.3,17.1,0.0
Estación Central,2024-09-07,17.1,7.8,11.2,16.6,0.0
Estación Central,2024-09-08,20.0,6.9,12.3,18.8,0.0
Estación Central,2024-09-09,22.0,8.7,14.2,21.1,0.0
Estación Central,2024-09-10,18.0,8.1,12.7,16.3,23.7
Estación Central,2024-09-11,19.7,6.2,12.6,18.9,0.0
Estación Central,2024-09-12,17.1,7.3,11.5,16.1,0.0
Estación Central,2024-09-13,19.1,6.7,12.0,18.5,0.0
Estación Central,2024-09-14,23.5,6.0,14.1,22.9,0.0
Estación Central,2024-09-15,23.8,9.2,15.7,22.6,0.0
Estación Central,2024-09-16,25.0,8.4,15.7,24.0,0.0
Estación Central,2024-09-17,21.8,6.8,13.5,21.3,0.0
Estación Central,2024-09-18,21.3,8.6,13.6,20.7,0.0
Estación Central,2024-09-19,17.8,6.4,11.7,16.4,4.1
Estación Central,2024-09-20,19.0,8.6,12.6,16.7,0.0
Estación Central,2024-09-21,17.1,7.1,11.1,15.2,0.0
Estación Central,2024-09-22,13.9,7.6,10.3,11.1,4.0
Estación Central,2024-09-23,16.0,9.4,12.1,14.0,0.9
Estación Central,2024-09-24,18.0,6.4,11.6,17.9,0.0
Estación Central,2024-09-25,18.7,7.4,12.1,17.8,0.0
Estación Central,2024-09-26,25.0,4.8,14.3,24.7,0.0
Estación Central,2024-09-27,22.5,10.2,15.6,22.2,0.0
Estación Central,2024-09-28,24.8,11.2,16.6,23.9,0.0
Estación Central,2024-09-29,19.6,9.6,13.7,19.1,0.0
Estación Central,2024-09-30,19.9,9.0,12.4,19.1,0.0
Estación Central,2024-10-01,18.5,7.4,12.1,16.5,0.0
Estación Central,2024-10-02,22.1,7.8,14.2,21.7,0.0
Estación Central,2024-10-03,25.6,11.2,17.0,25.6,0.0
Estación Central,2024-10-04,26.0,11.1,17.1,25.7,0.0
Estación Central,2024-10-05,26.1,9.6,17.8,25.9,0.0
Estación Central,2024-10-06,21.0,13.2,17.1,20.8,0.4
Estación Central,2024-10-07,23.6,10.6,16.1,23.3,4.1
Estación Central,2024-10-08,16.1,10.9,13.0,14.8,9.0
Estación Central,2024-10-09,20.5,9.1,14.1,19.7,0.0
Estación Central,2024-10-10,19.1,10.4,14.3,18.5,0.0
Estación Central,2024-10-11,19.2,11.2,14.2,18.2,0.0
Estación Central,2024-10-12,19.5,10.4,14.7,18.6,0.0
Estación Central,2024-10-13,24.0,10.1,16.3,24.7,0.0
Estación Central,2024-10-14,22.5,10.6,15.7,21.5,0.0
Estación Central,2024-10-15,28.5,12.6,18.5,29.2,0.0
Estación Central,2024-10-16,19.0,9.2,14.3,18.3,0.0
Estación Central,2024-10-17,27.0,7.8,17.0,27.5,0.0
Estación Central,2024-10-18,29.3,11.5,19.5,29.9,0.0
Estación Central,2024-10-19,22.4,10.9,15.2,22.0,0.0
Estación Central,2024-10-20,21.4,10.5,14.5,20.3,0.8
Estación Central,2024-10-21,25.4,10.1,17.1,25.1,0.0
Estación Central,2024-10-22,24.4,12.2,16.7,24.0,1.9
Estación Central,2024-10-23,20.0,11.1,14.4,19.7,6.3
Estación Central,2024-10-24,27.0,8.6,16.8,26.7,0.0
Estación Central,2024-10-25,25.8,9.9,16.6,24.4,0.0
Estación Central,2024-10-26,30.0,10.8,19.8,29.8,0.0
Estación Central,2024-10-27,28.8,10.9,19.1,28.4,0.0
Estación Central,2024-10-28,33.8,13.4,21.4,33.7,0.0
Estación Central,2024-10-29,26.0,12.9,18.6,25.5,0.0
Estación Central,2024-10-30,26.6,11.6,17.7,26.8,0.0
Estación Central,2024-10-31,27.3,12.5,18.1,27.2,0.0
Estación Central,2024-11-01,21.4,12.4,15.2,20.6,0.0
Estación Central,2024-11-02,27.0,9.0,17.6,25.5,0.0
Estación Central,2024-11-03,24.7,10.6,16.3,23.4,0.0
Estación Central,2024-11-04,25.2,9.1,16.6,23.3,0.0
Estación Central,2024-11-05,28.4,11.9,19.4,26.7,0.0
Estación Central,2024-11-06,28.5,12.7,20.4,27.2,0.0
Estación Central,2024-11-07,27.3,13.2,20.0,24.8,0.1
Estación Central,2024-11-08,31.2,15.6,22.2,30.3,0.0
Estación Central,2024-11-09,28.8,14.6,20.9,28.2,0.0
Estación Central,2024-11-10,23.0,11.8,17.5,22.2,0.0
Estación Central,2024-11-11,28.0,11.1,19.5,26.5,0.0
Estación Central,2024-11-12,32.3,13.6,23.5,31.3,0.0
Estación Central,2024-11-13,27.4,15.3,21.8,27.4,0.0
Estación Central,2024-11-14,27.2,13.6,19.2,28.1,0.0
Estación Central,2024-11-15,26.0,11.9,18.5,26.0,0.0
Estación Central,2024-11-16,21.5,13.7,17.1,19.6,3.2
Estación Central,2024-11-17,26.1,10.4,17.9,27.1,0.0
Estación Central,2024-11-18,26.6,12.9,18.9,26.9,0.0
Estación Central,2024-11-19,26.1,11.0,17.6,26.4,0.0
Estación Central,2024-11-20,26.2,13.1,19.0,25.3,0.0
Estación Central,2024-11-21,27.7,13.9,19.9,28.0,0.0
Estación Central,2024-11-22,27.4,12.1,19.8,27.3,0.0
Estación Central,2024-11-23,30.4,14.0,21.7,30.8,0.0
Estación Central,2024-11-24,29.1,14.5,21.5,29.1,0.0
Estación Central,2024-11-25,27.5,14.9,21.0,27.2,0.0
Estación Central,2024-11-26,26.9,13.4,19.7,26.2,0.0
Estación Central,2024-11-27,25.4,11.5,17.8,24.9,0.0
Estación Central,2024-11-28,26.9,10.6,18.8,26.2,0.0
Estación Central,2024-11-29,29.1,13.9,21.4,28.4,0.0
Estación Central,2024-11-30,26.5,11.9,19.1,25.2,0.0
Estación Central,2024-12-01,25.5,10.6,17.4,24.7,0.0
Estación Central,2024-12-02,27.0,12.4,19.7,25.9,0.0
Estación Central,2024-12-03,26.9,12.4,18.8,27.0,0.0
Estación Central,2024-12-04,25.4,11.6,17.3,25.7,0.0
Estación Central,2024-12-05,22.7,10.2,16.0,21.9,0.0
Estación Central,2024-12-06,26.8,10.9,18.7,25.8,0.0
Estación Central,2024-12-07,27.2,13.9,20.1,27.1,0.0
Estación Central,2024-12-08,25.4,11.3,17.8,24.8,0.0
Estación Central,2024-12-09,30.8,11.6,21.0,30.1,0.0
Estación Central,2024-12-10,29.1,14.6,21.5,29.1,0.0
Estación Central,2024-12-11,30.4,14.3,22.0,30.5,0.0
Estación Central,2024-12-12,28.3,12.2,19.7,28.2,0.0
Estación Central,2024-12-13,30.7,15.2,22.7,30.1,0.0
Estación Central,2024-12-14,31.4,15.4,22.4,31.9,0.0
Estación Central,2024-12-15,27.8,15.0,20.2,28.4,0.0
Estación Central,2024-12-16,28.0,12.2,19.2,29.2,0.0
Estación Central,2024-12-17,26.9,12.9,19.3,27.4,0.0
Estación Central,2024-12-18,29.6,13.3,21.5,30.0,0.0
Estación Central,2024-12-19,33.8,16.8,24.9,33.3,0.0
Estación Central,2024-12-20,30.9,16.5,23.2,29.7,0.0
Estación Central,2024-12-21,33.3,16.4,25.0,32.9,0.0
Estación Central,2024-12-22,34.9,19.4,26.3,35.7,0.0
Estación Central,2024-12-23,30.3,19.6,24.6,31.2,0.0
Estación Central,2024-12-24,31.5,18.1,23.8,32.5,0.0
Estación Central,2024-12-25,29.4,15.9,21.6,30.8,0.0
Estación Central,2024-12-26,28.5,13.8,19.8,29.7,0.0
Estación Central,2024-12-27,29.1,14.1,20.7,31.1,0.0
Estación Central,2024-12-28,30.1,14.6,21.3,31.8,0.0
Estación Central,2024-12-29,32.0,15.1,22.3,33.4,0.0
Estación Central,2024-12-30,31.2,15.7,22.8,32.8,0.0
Estación Central,2024-12-31,31.7,17.0,23.8,31.9,0.0
Huechuraba,2024-01-01,30.0,12.4,20.1,30.1,0.0
Huechuraba,2024-01-02,30.8,12.9,21.3,30.4,0.0
Huechuraba,2024-01-03,30.5,15.9,22.2,30.0,0.0
Huechuraba,2024-01-04,29.9,15.4,21.6,29.9,0.0
Huechuraba,2024-01-05,27.6,14.4,20.4,27.8,0.0
Huechuraba,2024-01-06,27.2,14.7,20.4,27.7,0.0
Huechuraba,2024-01-07,29.7,13.8,21.4,29.3,0.0
Huechuraba,2024-01-08,29.5,14.3,21.7,29.4,0.0
Huechuraba,2024-01-09,29.8,14.3,21.6,29.3,0.0
Huechuraba,2024-01-10,29.5,14.0,21.6,29.2,0.0
Huechuraba,2024-01-11,30.0,16.7,22.1,29.4,0.0
Huechuraba,2024-01-12,29.0,14.6,20.9,28.6,0.0
Huechuraba,2024-01-13,27.9,12.2,19.4,27.9,0.0
Huechuraba,2024-01-14,33.2,13.4,23.2,32.2,0.0
Huechuraba,2024-01-15,30.6,16.1,23.1,29.5,0.0
Huechuraba,2024-01-16,31.4,12.1,21.6,29.8,0.0
Huechuraba,2024-01-17,31.0,17.2,22.8,30.5,0.0
Huechuraba,2024-01-18,32.1,15.3,23.0,31.3,0.0
Huechuraba,2024-01-19,33.3,17.4,24.9,32.0,0.0
Huechuraba,2024-01-20,31.0,18.3,24.1,30.6,0.0
Huechuraba,2024-01-21,33.2,16.6,23.9,32.4,0.0
Huechuraba,2024-01-22,34.2,16.9,24.4,33.8,0.0
Huechuraba,2024-01-23,31.2,15.2,22.6,31.4,0.0
Huechuraba,2024-01-24,35.0,17.0,25.0,34.5,0.0
Huechuraba,2024-01-25,32.1,17.6,24.3,32.2,0.0
Huechuraba,2024-01-26,30.5,15.9,22.4,30.0,0.0
Huechuraba,2024-01-27,33.5,16.9,23.9,33.2,0.0
Huechuraba,2024-01-28,30.5,17.5,23.0,30.8,0.0
Huechuraba,2024-01-29,32.4,16.7,23.5,33.0,0.0
Huechuraba,2024-01-30,34.2,16.2,24.6,33.9,0.0
Huechuraba,2024-01-31,36.2,19.2,27.2,35.1,0.0
Huechuraba,2024-02-01,34.8,19.5,26.6,33.0,0.0
Huechuraba,2024-02-02,35.2,18.2,26.3,33.4,0.0
Huechuraba,2024-02-03,35.8,18.2,26.6,34.3,0.0
Huechuraba,2024-02-04,31.4,18.1,24.1,30.9,0.0
Huechuraba,2024-02-05,32.8,14.6,23.3,32.2,0.0
Huechuraba,2024-02-06,31.6,17.9,23.9,30.6,0.0
Huechuraba,2024-02-07,34.3,16.9,24.8,33.3,0.0
Huechuraba,2024-02-08,32.5,19.6,25.0,33.2,0.0
Huechuraba,2024-02-09,30.5,16.8,22.9,30.8,0.0
Huechuraba,2024-02-10,32.8,16.6,24.2,33.5,0.0
Huechuraba,2024-02-11,30.0,15.6,22.2,29.6,0.0
Huechuraba,2024-02-12,34.1,15.9,24.6,32.5,0.0
Huechuraba,2024-02-13,31.5,16.9,24.3,30.3,0.0
Huechuraba,2024-02-14,31.8,14.6,21.8,31.5,0.0
Huechuraba,2024-02-15,32.7,14.7,21.8,33.0,0.0
Huechuraba,2024-02-16,29.9,14.2,21.6,30.2,0.0
Huechuraba,2024-02-17,33.2,15.9,24.1,31.8,0.0
Huechuraba,2024-02-18,33.8,17.9,25.0,32.8,0.0
Huechuraba,2024-02-19,29.1,16.0,21.4,29.0,0.0
Huechuraba,2024-02-20,29.8,14.1,20.8,30.3,0.0
Huechuraba,2024-02-21,28.8,13.6,20.4,29.0,0.0
Huechuraba,2024-02-22,19.8,14.8,16.7,19.4,13.2
Huechuraba,2024-02-23,27.9,13.6,20.0,29.7,1.2
Huechuraba,2024-02-24,29.2,15.9,21.6,29.9,0.6
Huechuraba,2024-02-25,29.9,15.1,21.6,30.2,0.0
Huechuraba,2024-02-26,30.5,14.1,22.0,31.3,0.0
Huechuraba,2024-02-27,30.4,16.4,22.7,30.1,0.0
Huechuraba,2024-02-28,31.9,14.8,22.8,31.0,0.0
Huechuraba,2024-02-29,32.5,17.0,24.0,31.5,0.0
Huechuraba,2024-03-01,30.1,16.0,22.5,28.9,0.0
Huechuraba,2024-03-02,30.5,15.6,22.5,30.0,0.0
Huechuraba,2024-03-03,30.9,16.5,23.1,29.8,0.0
Huechuraba,2024-03-04,31.8,16.4,22.7,30.4,0.0
Huechuraba,2024-03-05,30.2,16.7,22.2,28.4,0.0
Huechuraba,2024-03-06,29.2,15.4,21.3,28.4,0.0
Huechuraba,2024-03-07,28.2,13.4,19.6,27.9,0.0
Huechuraba,2024-03-08,27.9,11.6,18.7,26.8,0.0
Huechuraba,2024-03-09,30.2,12.4,20.9,28.9,0.0
Huechuraba,2024-03-10,29.2,15.3,20.9,28.8,0.0
Huechuraba,2024-03-11,28.0,12.4,18.8,27.8,0.0
Huechuraba,2024-03-12,28.1,11.8,19.2,27.1,0.0
Huechuraba,2024-03-13,27.9,12.7,19.7,27.2,0.0
Huechuraba,2024-03-14,28.2,13.9,20.4,26.4,0.0
Huechuraba,2024-03-15,28.8,13.8,20.3,26.8,0.0
Huechuraba,2024-03-16,28.6,13.6,20.2,26.9,0.0
Huechuraba,2024-03-17,29.6,13.7,20.9,28.0,0.0
Huechuraba,2024-03-18,31.0,14.1,22.2,29.2,0.0
Huechuraba,2024-03-19,28.0,15.8,21.2,26.7,0.0
Huechuraba,2024-03-20,22.1,12.1,16.2,21.2,1.3
Huechuraba,2024-03-21,31.0,12.9,21.3,30.1,1.3
Huechuraba,2024-03-22,32.0,17.5,23.7,30.7,0.0
Huechuraba,2024-03-23,29.5,15.2,21.9,28.5,0.0
Huechuraba,2024-03-24,31.0,16.1,22.5,29.8,0.0
Huechuraba,2024-03-25,28.9,15.6,20.9,27.9,0.0
Huechuraba,2024-03-26,29.0,13.9,20.6,28.6,0.0
Huechuraba,2024-03-27,29.2,15.7,21.8,28.7,0.0
Huechuraba,2024-03-28,30.4,15.6,21.8,29.4,0.0
Huechuraba,2024-03-29,30.6,16.7,22.1,29.4,0.0
Huechuraba,2024-03-30,31.3,15.4,22.4,29.6,0.0
Huechuraba,2024-03-31,29.5,16.8,21.9,26.6,0.0
Huechuraba,2024-04-01,26.7,13.9,19.6,24.2,0.0
Huechuraba,2024-04-02,25.1,13.9,18.4,22.2,0.2
Huechuraba,2024-04-03,22.3,12.8,16.4,20.3,0.0
Huechuraba,2024-04-04,26.8,12.1,18.7,26.2,0.0
Huechuraba,2024-04-05,28.6,14.3,20.0,27.1,0.0
Huechuraba,2024-04-06,25.6,10.8,17.8,23.9,0.0
Huechuraba,2024-04-07,28.9,12.2,19.4,27.0,0.0
Huechuraba,2024-04-08,25.6,13.1,18.3,23.1,0.0
Huechuraba,2024-04-09,27.0,12.4,18.8,25.2,0.0
Huechuraba,2024-04-10,27.4,13.5,18.8,26.0,0.0
Huechuraba,2024-04-11,22.6,11.4,15.5,20.1,0.0
Huechuraba,2024-04-12,16.7,10.9,13.3,14.6,0.0
Huechuraba,2024-04-13,19.0,8.1,13.2,16.7,0.1
Huechuraba,2024-04-14,20.7,9.2,14.6,19.2,1.3
Huechuraba,2024-04-15,19.2,11.6,13.8,17.6,12.0
Huechuraba,2024-04-16,22.6,9.7,15.2,20.2,0.0
Huechuraba,2024-04-17,27.1,14.1,19.6,24.3,0.0
Huechuraba,2024-04-18,30.0,16.2,22.3,27.7,0.0
Huechuraba,2024-04-19,24.5,14.8,18.2,22.2,0.0
Huechuraba,2024-04-20,22.1,13.4,16.7,20.5,0.0
Huechuraba,2024-04-21,18.5,12.5,15.2,17.2,0.0
Huechuraba,2024-04-22,20.8,11.1,14.8,19.1,0.0
Huechuraba,2024-04-23,24.4,9.3,16.0,22.5,0.0
Huechuraba,2024-04-24,22.4,9.8,15.1,20.8,0.0
Huechuraba,2024-04-25,21.5,8.6,14.8,18.5,0.0
Huechuraba,2024-04-26,19.2,9.8,13.9,16.8,0.0
Huechuraba,2024-04-27,20.0,8.4,12.9,17.6,0.0
Huechuraba,2024-04-28,17.6,8.8,12.0,14.5,0.0
Huechuraba,2024-04-29,18.1,5.8,11.6,14.2,0.0
Huechuraba,2024-04-30,16.3,7.2,11.5,13.9,0.0
Huechuraba,2024-05-01,15.0,7.2,10.9,12.4,1.8
Huechuraba,2024-05-02,15.2,5.2,9.4,11.9,0.0
Huechuraba,2024-05-03,16.7,5.2,10.0,13.8,0.0
Huechuraba,2024-05-04,18.0,6.4,11.3,14.7,0.0
Huechuraba,2024-05-05,16.3,7.9,11.3,13.7,0.0
Huechuraba,2024-05-06,16.1,6.7,10.4,13.7,0.0
Huechuraba,2024-05-07,10.4,3.5,6.8,8.0,27.8
Huechuraba,2024-05-08,14.1,0.6,7.8,12.4,0.0
Huechuraba,2024-05-09,17.8,8.4,11.7,15.8,0.0
Huechuraba,2024-05-10,13.8,6.2,9.7,12.1,0.0
Huechuraba,2024-05-11,13.9,6.9,9.6,11.3,0.0
Huechuraba,2024-05-12,13.4,5.3,8.5,10.4,0.0
Huechuraba,2024-05-13,14.6,6.1,9.1,11.6,0.0
Huechuraba,2024-05-14,16.0,7.4,10.5,12.9,0.0
Huechuraba,2024-05-15,9.6,4.3,6.6,7.3,1.1
Huechuraba,2024-05-16,14.1,2.3,7.6,11.5,0.0
Huechuraba,2024-05-17,13.4,4.4,8.5,11.1,1.8
Huechuraba,2024-05-18,15.8,4.4,9.2,13.2,0.0
Huechuraba,2024-05-19,17.5,5.4,11.9,15.3,0.0
Huechuraba,2024-05-20,13.4,8.0,9.7,10.3,40.6
Huechuraba,2024-05-21,13.6,6.2,9.5,12.8,3.0
Huechuraba,2024-05-22,10.3,6.7,9.0,9.5,26.7
Huechuraba,2024-05-23,12.7,5.3,8.0,10.8,11.8
Huechuraba,2024-05-24,16.0,5.6,11.0,14.5,0.0
Huechuraba,2024-05-25,15.6,9.3,11.9,13.7,0.1
Huechuraba,2024-05-26,13.6,6.6,9.4,12.1,7.0
Huechuraba,2024-05-27,16.1,7.1,11.9,15.0,0.0
Huechuraba,2024-05-28,19.2,8.2,13.7,17.7,0.0
Huechuraba,2024-05-29,17.0,8.1,12.4,15.6,0.0
Huechuraba,2024-05-30,19.1,9.6,14.7,18.2,0.0
Huechuraba,2024-05-31,16.8,10.1,14.5,15.2,0.0
Huechuraba,2024-06-01,17.2,8.9,12.7,16.3,0.0
Huechuraba,2024-06-02,19.1,9.8,14.2,18.8,0.0
Huechuraba,2024-06-03,20.1,10.6,15.1,17.8,0.0
Huechuraba,2024-06-04,19.3,7.8,12.7,17.8,0.0
Huechuraba,2024-06-05,15.4,11.1,13.6,14.7,0.0
Huechuraba,2024-06-06,16.2,11.4,13.5,14.7,0.0
Huechuraba,2024-06-07,20.6,9.9,15.1,20.0,0.0
Huechuraba,2024-06-08,15.6,7.6,11.7,13.7,3.0
Huechuraba,2024-06-09,13.4,7.9,10.6,11.9,10.5
Huechuraba,2024-06-10,14.6,8.6,11.0,13.5,0.0
Huechuraba,2024-06-11,14.6,9.0,11.6,13.2,0.0
Huechuraba,2024-06-12,12.6,8.8,11.0,11.0,0.0
Huechuraba,2024-06-13,13.4,8.9,10.8,10.3,50.0
Huechuraba,2024-06-14,14.6,7.0,9.9,13.3,10.8
Huechuraba,2024-06-15,13.9,7.8,10.4,11.8,0.0
Huechuraba,2024-06-16,14.3,7.2,9.8,13.0,0.0
Huechuraba,2024-06-17,14.4,5.7,9.3,12.6,0.2
Huechuraba,2024-06-18,13.1,6.8,9.2,11.7,24.7
Huechuraba,2024-06-19,15.1,4.0,9.3,13.7,0.9
Huechuraba,2024-06-20,11.6,7.4,9.2,10.0,0.0
Huechuraba,2024-06-21,9.0,7.2,7.8,7.1,46.9
Huechuraba,2024-06-22,9.3,4.9,6.8,7.4,16.1
Huechuraba,2024-06-23,10.4,5.6,7.5,8.7,0.0
Huechuraba,2024-06-24,7.8,4.9,6.6,6.0,0.0
Huechuraba,2024-06-25,9.9,4.2,6.3,7.8,0.0
Huechuraba,2024-06-26,15.9,4.9,9.8,14.2,0.0
Huechuraba,2024-06-27,16.0,7.4,12.1,14.5,0.0
Huechuraba,2024-06-28,14.2,5.7,9.4,13.0,0.0
Huechuraba,2024-06-29,17.2,10.9,13.6,15.8,0.0
Huechuraba,2024-06-30,19.0,9.9,14.2,17.4,0.0
Huechuraba,2024-07-01,20.0,11.6,15.4,18.5,0.0
Huechuraba,2024-07-02,17.5,9.3,13.8,15.4,0.0
Huechuraba,2024-07-03,16.5,8.6,13.2,14.5,0.0
Huechuraba,2024-07-04,14.4,8.1,10.5,12.6,0.0
Huechuraba,2024-07-05,14.7,7.8,10.2,12.9,0.0
Huechuraba,2024-07-06,12.9,5.4,8.9,10.4,0.0
Huechuraba,2024-07-07,13.0,5.6,8.6,10.4,0.0
Huechuraba,2024-07-08,13.1,5.5,8.9,10.7,0.0
Huechuraba,2024-07-09,11.3,2.5,6.9,8.2,0.0
Huechuraba,2024-07-10,9.9,1.0,4.2,7.1,0.0
Huechuraba,2024-07-11,11.6,2.7,6.5,9.0,0.0
Huechuraba,2024-07-12,13.6,6.7,9.8,10.6,0.0
Huechuraba,2024-07-13,13.9,4.1,8.7,11.6,0.0
Huechuraba,2024-07-14,12.9,4.9,9.2,10.0,0.0
Huechuraba,2024-07-15,14.6,5.0,9.2,11.8,0.0
Huechuraba,2024-07-16,20.3,5.8,12.6,18.4,0.0
Huechuraba,2024-07-17,18.5,9.9,13.7,16.0,0.0
Huechuraba,2024-07-18,13.8,7.4,10.5,11.9,0.0
Huechuraba,2024-07-19,15.6,6.6,10.1,13.8,0.0
Huechuraba,2024-07-20,14.2,6.3,9.3,13.0,0.0
Huechuraba,2024-07-21,14.3,5.9,9.4,11.9,0.0
Huechuraba,2024-07-22,18.0,5.8,11.4,16.1,0.0
Huechuraba,2024-07-23,11.0,5.2,7.6,9.2,1.2
Huechuraba,2024-07-24,16.7,5.6,10.9,15.2,0.0
Huechuraba,2024-07-25,18.8,8.4,12.9,16.5,0.0
Huechuraba,2024-07-26,13.6,6.4,8.9,11.7,0.0
Huechuraba,2024-07-27,16.0,5.3,9.6,14.2,0.0
Huechuraba,2024-07-28,17.2,6.2,11.4,15.3,0.0
Huechuraba,2024-07-29,22.0,11.6,15.9,20.7,0.0
Huechuraba,2024-07-30,18.5,9.6,13.6,16.9,0.0
Huechuraba,2024-07-31,12.9,7.0,10.0,11.9,0.0
Huechuraba,2024-08-01,9.8,6.9,7.9,7.5,0.0
Huechuraba,2024-08-02,13.8,5.9,9.2,10.9,56.9
Huechuraba,2024-08-03,15.0,3.3,9.1,13.2,0.0
Huechuraba,2024-08-04,15.8,6.2,10.5,14.0,0.0
Huechuraba,2024-08-05,10.1,5.4,8.1,8.2,6.2
Huechuraba,2024-08-06,11.7,4.1,7.1,9.3,8.2
Huechuraba,2024-08-07,10.8,1.5,5.8,8.6,0.0
Huechuraba,2024-08-08,13.7,4.2,8.2,11.3,0.0
Huechuraba,2024-08-09,18.7,7.9,12.1,17.1,0.0
Huechuraba,2024-08-10,18.8,6.4,12.6,17.2,0.0
Huechuraba,2024-08-11,20.0,8.8,14.8,19.5,0.0
Huechuraba,2024-08-12,22.8,14.9,17.7,22.0,0.0
Huechuraba,2024-08-13,20.4,10.4,15.1,19.7,0.0
Huechuraba,2024-08-14,14.2,9.2,11.3,13.4,0.0
Huechuraba,2024-08-15,17.2,7.6,11.4,15.7,0.0
Huechuraba,2024-08-16,13.2,6.7,9.7,11.9,0.0
Huechuraba,2024-08-17,14.9,8.1,10.4,13.3,0.0
Huechuraba,2024-08-18,12.5,5.8,8.6,10.5,0.0
Huechuraba,2024-08-19,12.6,5.4,8.5,10.3,0.0
Huechuraba,2024-08-20,10.9,4.3,6.8,8.2,0.2
Huechuraba,2024-08-21,12.5,2.0,6.0,9.3,8.6
Huechuraba,2024-08-22,11.3,0.8,6.1,9.1,0.2
Huechuraba,2024-08-23,10.1,3.1,5.8,7.2,1.4
Huechuraba,2024-08-24,16.6,5.8,10.2,14.8,0.0
Huechuraba,2024-08-25,19.9,8.4,14.1,18.7,0.0
Huechuraba,2024-08-26,16.7,5.4,10.7,14.9,0.0
Huechuraba,2024-08-27,18.6,9.6,12.6,17.4,0.0
Huechuraba,2024-08-28,15.7,6.4,10.2,14.7,0.0
Huechuraba,2024-08-29,12.0,6.6,8.6,9.5,0.9
Huechuraba,2024-08-30,13.4,6.7,8.8,11.3,1.3
Huechuraba,2024-08-31,18.6,6.9,12.2,17.2,0.0
Huechuraba,2024-09-01,23.4,9.4,16.0,22.7,0.0
Huechuraba,2024-09-02,14.8,7.4,10.7,12.2,0.0
Huechuraba,2024-09-03,15.6,8.1,10.6,14.0,0.0
Huechuraba,2024-09-04,18.5,5.9,11.5,17.0,0.0
Huechuraba,2024-09-05,21.9,12.1,15.7,20.3,0.0
Huechuraba,2024-09-06,17.9,7.7,11.9,16.8,0.0
Huechuraba,2024-09-07,16.6,7.9,11.1,15.8,0.0
Huechuraba,2024-09-08,19.0,6.6,12.1,17.3,0.0
Huechuraba,2024-09-09,21.0,8.8,14.2,20.0,0.0
Huechuraba,2024-09-10,17.9,8.0,12.8,16.2,0.0
Huechuraba,2024-09-11,18.6,7.8,12.4,17.2,0.0
Huechuraba,2024-09-12,17.1,7.6,11.4,15.8,0.0
Huechuraba,2024-09-13,18.0,5.3,10.9,16.5,0.0
Huechuraba,2024-09-14,22.3,8.5,14.6,20.5,0.0
Huechuraba,2024-09-15,22.6,11.4,16.0,20.5,0.0
Huechuraba,2024-09-16,25.0,13.1,18.3,22.7,0.0
Huechuraba,2024-09-17,21.9,7.8,13.9,20.4,0.0
Huechuraba,2024-09-18,22.0,9.2,14.3,20.0,0.0
Huechuraba,2024-09-19,17.3,5.1,11.0,13.9,1.9
Huechuraba,2024-09-20,18.6,7.1,12.5,16.2,0.0
Huechuraba,2024-09-21,16.9,8.6,11.5,15.3,0.0
Huechuraba,2024-09-22,12.3,8.0,10.0,10.5,3.7
Huechuraba,2024-09-23,15.6,8.6,11.5,13.3,0.8
Huechuraba,2024-09-24,17.6,7.1,11.5,16.9,0.0
Huechuraba,2024-09-25,17.2,7.7,11.4,15.1,0.0
Huechuraba,2024-09-26,24.3,8.8,15.9,23.5,0.0
Huechuraba,2024-09-27,22.2,11.6,15.9,20.8,0.0
Huechuraba,2024-09-28,24.0,10.9,16.6,22.5,0.0
Huechuraba,2024-09-29,19.5,10.2,14.2,18.7,0.0
Huechuraba,2024-09-30,19.2,8.4,11.8,18.2,0.0
Huechuraba,2024-10-01,18.0,6.6,11.9,16.0,0.0
Huechuraba,2024-10-02,21.4,8.5,14.1,20.6,0.0
Huechuraba,2024-10-03,25.5,10.2,17.0,24.7,0.0
Huechuraba,2024-10-04,26.3,13.2,18.3,25.4,0.0
Huechuraba,2024-10-05,25.9,9.9,18.2,25.1,0.0
Huechuraba,2024-10-06,21.4,13.1,17.3,20.8,0.2
Huechuraba,2024-10-07,23.0,11.1,16.0,22.1,4.9
Huechuraba,2024-10-08,15.9,10.1,12.2,14.7,16.8
Huechuraba,2024-10-09,19.0,9.5,13.7,17.6,0.4
Huechuraba,2024-10-10,19.6,10.1,14.0,19.7,0.0
Huechuraba,2024-10-11,17.9,9.9,13.0,16.9,0.0
Huechuraba,2024-10-12,18.4,10.2,14.1,17.1,0.0
Huechuraba,2024-10-13,23.3,10.8,16.0,23.8,0.0
Huechuraba,2024-10-14,22.2,10.2,15.5,21.3,0.0
Huechuraba,2024-10-15,27.8,11.2,18.2,27.9,0.0
Huechuraba,2024-10-16,19.5,8.6,13.9,18.6,0.0
Huechuraba,2024-10-17,26.5,7.1,16.2,26.4,0.0
Huechuraba,2024-10-18,28.8,12.0,19.3,28.7,0.0
Huechuraba,2024-10-19,23.4,10.7,15.5,23.4,0.0
Huechuraba,2024-10-20,20.6,8.6,13.5,19.8,0.9
Huechuraba,2024-10-21,24.5,9.4,16.6,23.8,0.0
Huechuraba,2024-10-22,24.5,11.0,16.1,23.9,2.0
Huechuraba,2024-10-23,18.5,9.4,13.3,17.5,1.5
Huechuraba,2024-10-24,25.6,8.8,16.4,24.8,0.0
Huechuraba,2024-10-25,23.5,8.5,15.2,22.5,0.0
Huechuraba,2024-10-26,29.0,13.1,19.8,28.7,0.0
Huechuraba,2024-10-27,27.8,11.1,18.7,27.5,0.0
Huechuraba,2024-10-28,32.6,13.9,21.5,32.3,0.0
Huechuraba,2024-10-29,25.5,12.1,18.2,25.0,0.0
Huechuraba,2024-10-30,26.4,10.3,16.9,26.5,0.0
Huechuraba,2024-10-31,27.4,10.9,17.6,27.0,0.0
Huechuraba,2024-11-01,20.6,10.8,14.4,19.8,0.0
Huechuraba,2024-11-02,25.8,8.7,17.0,24.9,0.0
Huechuraba,2024-11-03,24.3,10.2,16.1,24.8,0.0
Huechuraba,2024-11-04,24.1,8.7,15.7,22.5,0.0
Huechuraba,2024-11-05,27.4,11.1,18.5,25.6,0.0
Huechuraba,2024-11-06,27.5,12.9,19.7,26.4,0.0
Huechuraba,2024-11-07,26.0,12.4,19.3,24.5,0.0
Huechuraba,2024-11-08,30.4,14.9,21.6,29.4,0.0
Huechuraba,2024-11-09,28.5,14.6,20.7,27.4,0.0
Huechuraba,2024-11-10,23.4,11.5,17.2,22.0,0.0
Huechuraba,2024-11-11,26.9,10.4,18.6,24.1,0.0
Huechuraba,2024-11-12,31.1,14.4,22.7,29.2,0.0
Huechuraba,2024-11-13,28.5,14.3,21.7,27.9,0.0
Huechuraba,2024-11-14,27.2,12.9,19.1,27.7,0.0
Huechuraba,2024-11-15,25.5,10.4,17.8,25.4,0.0
Huechuraba,2024-11-16,20.4,13.4,16.5,18.6,0.5
Huechuraba,2024-11-17,25.8,10.2,17.6,26.5,0.0
Huechuraba,2024-11-18,27.1,12.7,19.0,26.9,0.0
Huechuraba,2024-11-19,26.2,10.9,17.4,26.1,0.0
Huechuraba,2024-11-20,25.6,12.1,18.5,25.5,0.0
Huechuraba,2024-11-21,28.1,13.1,19.6,28.4,0.0
Huechuraba,2024-11-22,26.8,11.9,19.2,26.6,0.0
Huechuraba,2024-11-23,29.6,12.8,20.9,29.9,0.0
Huechuraba,2024-11-24,27.9,13.7,20.9,28.8,0.0
Huechuraba,2024-11-25,26.6,14.9,20.3,26.3,0.0
Huechuraba,2024-11-26,26.4,12.4,19.1,26.0,0.0
Huechuraba,2024-11-27,25.2,11.2,17.5,24.7,0.0
Huechuraba,2024-11-28,26.4,9.9,18.1,25.5,0.0
Huechuraba,2024-11-29,28.5,13.1,20.8,28.2,0.0
Huechuraba,2024-11-30,26.5,12.7,19.2,25.5,0.0
Huechuraba,2024-12-01,24.5,9.6,16.5,24.0,0.0
Huechuraba,2024-12-02,26.1,11.8,19.0,25.3,0.0
Huechuraba,2024-12-03,26.5,11.9,18.7,26.1,0.0
Huechuraba,2024-12-04,25.4,10.2,17.0,25.5,0.0
Huechuraba,2024-12-05,23.0,8.9,15.3,23.0,0.0
Huechuraba,2024-12-06,26.1,9.9,17.8,25.7,0.0
Huechuraba,2024-12-07,26.8,13.0,19.5,26.7,0.0
Huechuraba,2024-12-08,25.3,11.2,17.7,24.8,0.0
Huechuraba,2024-12-09,30.3,10.9,20.4,29.9,0.0
Huechuraba,2024-12-10,29.0,14.3,21.3,28.6,0.0
Huechuraba,2024-12-11,30.1,13.6,21.8,29.9,0.0
Huechuraba,2024-12-12,28.1,12.5,19.5,28.1,0.0
Huechuraba,2024-12-13,29.8,13.8,21.7,29.1,0.0
Huechuraba,2024-12-14,31.1,15.1,22.1,30.9,0.0
Huechuraba,2024-12-15,28.1,14.0,19.9,28.3,0.0
Huechuraba,2024-12-16,28.8,11.6,19.1,28.9,0.0
Huechuraba,2024-12-17,27.0,11.8,18.8,27.0,0.0
Huechuraba,2024-12-18,28.8,12.4,20.8,28.4,0.0
Huechuraba,2024-12-19,32.2,15.6,23.9,31.6,0.0
Huechuraba,2024-12-20,29.7,15.7,22.6,29.1,0.0
Huechuraba,2024-12-21,32.0,15.8,24.2,31.6,0.0
Huechuraba,2024-12-22,34.1,18.1,25.5,33.7,0.0
Huechuraba,2024-12-23,29.8,18.1,23.9,29.9,0.0
Huechuraba,2024-12-24,31.2,16.4,23.3,31.0,0.0
Huechuraba,2024-12-25,29.8,15.4,21.6,30.1,0.0
Huechuraba,2024-12-26,27.8,12.9,19.5,28.3,0.0
Huechuraba,2024-12-27,28.8,13.6,20.3,29.4,0.0
Huechuraba,2024-12-28,30.0,14.0,20.9,30.8,0.0
Huechuraba,2024-12-29,31.5,13.9,21.9,32.1,0.0
Huechuraba,2024-12-30,30.4,15.1,22.2,31.1,0.0
Huechuraba,2024-12-31,31.1,16.4,23.3,30.9,0.0
Independencia,2024-01-01,29.9,12.2,19.9,30.2,0.0
Independencia,2024-01-02,30.6,12.9,21.0,30.8,0.0
Independencia,2024-01-03,30.2,16.7,22.0,30.1,0.0
Independencia,2024-01-04,29.6,15.2,21.4,30.1,0.0
Independencia,2024-01-05,27.5,14.5,20.3,27.9,0.0
Independencia,2024-01-06,27.3,14.5,20.2,27.7,0.0
Independencia,2024-01-07,29.9,13.5,21.3,29.4,0.0
Independencia,2024-01-08,29.7,14.0,21.5,29.3,0.0
Independencia,2024-01-09,29.6,14.2,21.3,29.3,0.0
Independencia,2024-01-10,29.6,14.2,21.4,29.0,0.0
Independencia,2024-01-11,30.0,16.4,21.8,29.4,0.0
Independencia,2024-01-12,28.9,14.6,20.6,28.7,0.0
Independencia,2024-01-13,27.8,12.1,19.2,27.8,0.0
Independencia,2024-01-14,33.5,14.2,23.1,32.5,0.0
Independencia,2024-01-15,30.5,15.8,23.1,29.5,0.0
Independencia,2024-01-16,31.5,11.8,21.3,30.1,0.0
Independencia,2024-01-17,30.8,16.4,22.6,30.6,0.0
Independencia,2024-01-18,32.3,14.7,22.8,31.7,0.0
Independencia,2024-01-19,33.0,18.6,24.8,32.2,0.0
Independencia,2024-01-20,30.9,18.4,23.8,30.7,0.0
Independencia,2024-01-21,32.8,16.9,23.6,32.4,0.0
Independencia,2024-01-22,33.7,18.0,24.1,34.0,0.0
Independencia,2024-01-23,31.0,15.0,22.2,31.5,0.0
Independencia,2024-01-24,34.8,17.4,24.8,34.8,0.0
Independencia,2024-01-25,31.8,17.5,23.8,32.0,0.0
Independencia,2024-01-26,30.5,15.6,22.1,30.1,0.0
Independencia,2024-01-27,33.5,16.5,23.4,33.8,0.0
Independencia,2024-01-28,30.0,17.4,22.7,30.4,0.0
Independencia,2024-01-29,32.5,16.9,23.5,33.0,0.0
Independencia,2024-01-30,34.5,17.2,24.8,34.8,0.0
Independencia,2024-01-31,36.7,20.8,27.6,36.1,0.0
Independencia,2024-02-01,34.5,21.0,26.6,33.4,0.0
Independencia,2024-02-02,35.5,18.5,26.3,34.1,0.0
Independencia,2024-02-03,35.8,20.0,26.8,34.7,0.0
Independencia,2024-02-04,31.2,18.0,23.9,31.0,0.0
Independencia,2024-02-05,32.7,14.6,23.0,32.4,0.0
Independencia,2024-02-06,31.2,18.0,23.5,30.6,0.0
Independencia,2024-02-07,34.2,16.4,24.5,33.9,0.0
Independencia,2024-02-08,32.6,19.5,24.7,33.4,0.0
Independencia,2024-02-09,31.0,16.5,22.8,30.6,0.0
Independencia,2024-02-10,33.2,17.3,24.3,33.8,0.0
Independencia,2024-02-11,30.1,15.8,22.0,29.7,0.0
Independencia,2024-02-12,34.4,15.8,24.3,33.1,0.0
Independencia,2024-02-13,31.3,16.6,24.5,30.6,0.0
Independencia,2024-02-14,31.7,14.8,21.6,31.7,0.0
Independencia,2024-02-15,32.4,14.9,21.7,33.4,0.0
Independencia,2024-02-16,29.7,14.4,21.4,30.1,0.0
Independencia,2024-02-17,33.5,15.9,24.0,32.3,0.0
Independencia,2024-02-18,33.5,18.2,24.8,33.0,0.0
Independencia,2024-02-19,29.0,15.4,21.0,29.0,0.0
Independencia,2024-02-20,30.0,14.4,20.6,30.6,0.0
Independencia,2024-02-21,29.0,13.6,20.3,29.1,0.0
Independencia,2024-02-22,19.7,14.9,17.0,18.9,8.1
Independencia,2024-02-23,28.9,13.6,20.5,30.4,0.3
Independencia,2024-02-24,29.8,16.0,22.0,30.4,0.0
Independencia,2024-02-25,30.2,16.9,22.1,30.6,0.0
Independencia,2024-02-26,30.9,15.3,22.3,31.7,0.0
Independencia,2024-02-27,30.5,17.2,22.9,30.1,0.0
Independencia,2024-02-28,32.1,15.6,22.8,31.7,0.0
Independencia,2024-02-29,32.7,17.0,24.0,32.0,0.0
Independencia,2024-03-01,29.7,16.4,22.5,29.1,0.0
Independencia,2024-03-02,30.6,15.9,22.7,30.2,0.0
Independencia,2024-03-03,30.9,18.4,23.4,30.1,0.0
Independencia,2024-03-04,31.8,17.5,22.8,30.9,0.0
Independencia,2024-03-05,30.1,17.1,22.4,28.7,0.0
Independencia,2024-03-06,29.1,15.6,21.3,28.7,0.0
Independencia,2024-03-07,28.4,13.3,19.7,28.2,0.0
Independencia,2024-03-08,28.0,11.4,18.6,27.2,0.0
Independencia,2024-03-09,30.5,13.6,21.0,29.2,0.0
Independencia,2024-03-10,29.4,15.5,21.0,28.9,0.0
Independencia,2024-03-11,27.9,12.6,18.7,28.2,0.0
Independencia,2024-03-12,28.1,12.2,19.1,27.2,0.0
Independencia,2024-03-13,27.8,12.6,19.4,27.3,0.0
Independencia,2024-03-14,28.4,14.9,20.6,26.9,0.0
Independencia,2024-03-15,28.6,14.6,20.2,26.9,0.0
Independencia,2024-03-16,28.6,13.6,20.1,27.1,0.0
Independencia,2024-03-17,29.7,15.4,21.2,28.2,0.0
Independencia,2024-03-18,31.1,16.6,22.5,29.5,0.0
Independencia,2024-03-19,28.5,15.4,21.5,26.9,0.0
Independencia,2024-03-20,22.2,12.1,16.3,21.6,0.3
Independencia,2024-03-21,31.4,14.1,21.6,30.7,3.5
Independencia,2024-03-22,32.0,19.4,24.1,31.0,0.0
Independencia,2024-03-23,29.5,14.9,21.7,28.5,0.0
Independencia,2024-03-24,30.6,17.1,22.6,30.1,0.0
Independencia,2024-03-25,28.3,15.4,20.6,28.0,0.0
Independencia,2024-03-26,29.1,13.9,20.4,29.3,0.0
Independencia,2024-03-27,29.1,15.1,21.6,29.1,0.0
Independencia,2024-03-28,29.9,16.4,21.8,29.5,0.0
Independencia,2024-03-29,30.2,17.1,21.9,29.7,0.0
Independencia,2024-03-30,31.6,15.9,22.5,30.2,0.0
Independencia,2024-03-31,29.6,17.2,22.0,27.0,0.0
Independencia,2024-04-01,26.7,13.9,19.2,24.4,0.0
Independencia,2024-04-02,25.0,14.4,18.7,22.5,0.0
Independencia,2024-04-03,21.6,12.9,16.3,20.2,0.0
Independencia,2024-04-04,26.9,13.3,18.8,26.6,0.0
Independencia,2024-04-05,28.6,15.4,20.4,27.3,0.0
Independencia,2024-04-06,25.6,11.1,17.8,23.9,0.0
Independencia,2024-04-07,29.0,14.1,19.8,27.2,0.0
Independencia,2024-04-08,25.5,13.6,18.2,23.3,0.0
Independencia,2024-04-09,26.9,13.9,18.9,25.5,0.0
Independencia,2024-04-10,27.4,13.6,19.1,26.1,0.0
Independencia,2024-04-11,22.8,10.9,15.4,20.4,0.0
Independencia,2024-04-12,16.4,10.9,13.2,14.4,0.0
Independencia,2024-04-13,19.0,7.8,13.1,17.0,0.8
Independencia,2024-04-14,20.7,10.1,14.6,19.3,0.9
Independencia,2024-04-15,20.0,11.5,13.7,17.3,7.2
Independencia,2024-04-16,22.6,9.7,15.4,20.6,0.0
Independencia,2024-04-17,27.5,12.8,19.5,25.1,0.0
Independencia,2024-04-18,29.6,14.4,21.3,28.2,0.0
Independencia,2024-04-19,24.4,14.6,18.1,22.5,0.0
Independencia,2024-04-20,21.9,13.9,16.8,20.4,0.0
Independencia,2024-04-21,18.9,12.6,15.4,17.2,0.0
Independencia,2024-04-22,20.6,10.4,14.9,19.4,0.0
Independencia,2024-04-23,24.4,11.4,16.3,22.6,0.0
Independencia,2024-04-24,22.5,11.9,15.4,20.9,0.0
Independencia,2024-04-25,21.6,11.2,15.0,18.7,0.0
Independencia,2024-04-26,19.5,9.4,13.9,17.0,0.0
Independencia,2024-04-27,20.4,8.5,13.0,18.1,0.0
Independencia,2024-04-28,18.0,9.4,12.1,14.8,0.0
Independencia,2024-04-29,18.4,5.9,11.8,14.2,0.0
Independencia,2024-04-30,16.1,7.2,11.7,14.0,0.2
Independencia,2024-05-01,15.1,8.9,11.0,12.6,0.9
Independencia,2024-05-02,15.1,5.8,9.5,12.2,0.0
Independencia,2024-05-03,16.7,6.4,10.1,14.0,0.0
Independencia,2024-05-04,18.1,5.8,11.4,15.1,0.0
Independencia,2024-05-05,16.2,8.6,11.4,14.1,0.0
Independencia,2024-05-06,16.3,6.7,10.6,14.3,0.0
Independencia,2024-05-07,11.1,3.8,6.9,8.6,29.9
Independencia,2024-05-08,14.6,1.0,8.0,13.1,0.0
Independencia,2024-05-09,17.8,7.6,11.7,15.7,0.0
Independencia,2024-05-10,14.0,6.9,9.9,12.2,0.0
Independencia,2024-05-11,14.1,7.2,9.6,11.4,0.0
Independencia,2024-05-12,13.6,5.0,8.8,10.5,0.0
Independencia,2024-05-13,14.6,5.0,9.0,12.1,0.0
Independencia,2024-05-14,15.8,4.8,9.6,12.8,0.0
Independencia,2024-05-15,10.6,3.3,7.0,8.3,2.5
Independencia,2024-05-16,13.9,1.5,7.1,11.4,0.0
Independencia,2024-05-17,13.6,4.8,8.9,11.3,0.5
Independencia,2024-05-18,15.8,2.8,8.7,12.8,0.0
Independencia,2024-05-19,17.3,4.3,11.0,15.3,0.0
Independencia,2024-05-20,13.4,8.6,9.8,10.5,36.9
Independencia,2024-05-21,13.9,7.0,9.8,12.8,2.5
Independencia,2024-05-22,10.5,7.2,9.2,9.3,27.0
Independencia,2024-05-23,12.9,5.8,8.1,11.0,12.3
Independencia,2024-05-24,16.5,4.1,10.3,14.9,0.0
Independencia,2024-05-25,15.4,9.3,11.7,14.1,0.0
Independencia,2024-05-26,14.1,6.1,9.1,12.5,4.1
Independencia,2024-05-27,16.4,4.2,10.7,15.2,0.0
Independencia,2024-05-28,19.2,8.4,13.7,17.9,0.0
Independencia,2024-05-29,17.4,8.1,13.5,16.1,0.0
Independencia,2024-05-30,19.2,12.9,15.6,18.8,0.0
Independencia,2024-05-31,17.2,11.1,15.0,15.6,0.0
Independencia,2024-06-01,17.6,7.5,12.5,17.0,0.0
Independencia,2024-06-02,20.1,11.6,15.2,20.1,0.0
Independencia,2024-06-03,19.6,11.1,15.3,17.0,0.0
Independencia,2024-06-04,18.9,8.6,13.1,17.6,0.0
Independencia,2024-06-05,17.4,10.6,14.5,15.2,0.0
Independencia,2024-06-06,16.5,12.9,14.7,15.6,0.0
Independencia,2024-06-07,20.7,14.4,17.3,20.4,0.0
Independencia,2024-06-08,18.0,8.1,13.0,15.0,3.9
Independencia,2024-06-09,13.6,8.6,10.8,12.3,11.5
Independencia,2024-06-10,14.8,9.0,11.8,13.6,0.0
Independencia,2024-06-11,14.9,9.2,12.4,14.2,0.0
Independencia,2024-06-12,13.8,8.9,11.8,12.3,0.0
Independencia,2024-06-13,13.4,8.6,10.4,10.6,46.5
Independencia,2024-06-14,14.6,6.3,9.8,12.9,10.2
Independencia,2024-06-15,13.9,6.2,9.9,11.8,0.0
Independencia,2024-06-16,14.3,7.2,9.9,13.2,0.0
Independencia,2024-06-17,14.6,5.7,9.7,13.0,0.3
Independencia,2024-06-18,12.1,6.9,9.1,11.1,42.3
Independencia,2024-06-19,15.3,4.8,9.2,13.6,10.2
Independencia,2024-06-20,12.4,8.4,10.0,11.1,0.0
Independencia,2024-06-21,9.6,7.3,8.0,7.7,47.0
Independencia,2024-06-22,9.6,5.7,7.2,8.1,15.2
Independencia,2024-06-23,10.6,5.7,7.6,8.9,0.0
Independencia,2024-06-24,7.8,4.3,6.5,6.1,0.0
Independencia,2024-06-25,10.2,3.7,6.4,8.3,0.2
Independencia,2024-06-26,15.9,4.1,10.4,14.0,0.0
Independencia,2024-06-27,16.0,7.1,12.1,14.7,0.0
Independencia,2024-06-28,14.8,6.7,10.3,13.9,0.0
Independencia,2024-06-29,17.5,9.6,13.8,16.8,0.0
Independencia,2024-06-30,18.7,9.6,14.3,17.4,0.0
Independencia,2024-07-01,19.8,10.6,14.8,19.0,0.0
Independencia,2024-07-02,17.7,10.4,14.0,16.0,0.0
Independencia,2024-07-03,16.4,10.4,13.6,14.8,0.0
Independencia,2024-07-04,14.7,8.7,10.9,13.1,0.0
Independencia,2024-07-05,14.8,8.6,10.7,13.1,0.0
Independencia,2024-07-06,13.2,4.4,8.8,10.8,0.0
Independencia,2024-07-07,13.2,6.6,8.8,10.7,0.0
Independencia,2024-07-08,13.2,6.1,9.3,11.0,0.0
Independencia,2024-07-09,11.5,0.0,6.8,7.9,0.0
Independencia,2024-07-10,9.9,1.3,4.9,7.3,0.0
Independencia,2024-07-11,11.5,3.3,6.8,8.8,0.0
Independencia,2024-07-12,13.9,5.2,8.9,11.2,0.0
Independencia,2024-07-13,14.1,5.4,9.2,12.0,0.0
Independencia,2024-07-14,13.2,6.8,10.1,10.5,0.0
Independencia,2024-07-15,15.1,6.2,9.8,12.0,0.0
Independencia,2024-07-16,20.4,7.5,13.7,18.5,0.0
Independencia,2024-07-17,18.5,10.2,14.3,16.2,0.0
Independencia,2024-07-18,14.0,7.7,10.6,12.1,0.1
Independencia,2024-07-19,15.6,6.8,10.5,14.1,0.0
Independencia,2024-07-20,13.9,6.0,9.6,13.2,0.0
Independencia,2024-07-21,14.4,5.5,9.6,11.5,0.0
Independencia,2024-07-22,17.9,8.2,12.6,16.2,0.0
Independencia,2024-07-23,10.9,5.9,8.2,9.1,0.2
Independencia,2024-07-24,16.3,6.1,11.3,15.5,0.0
Independencia,2024-07-25,18.4,9.8,13.3,16.4,0.0
Independencia,2024-07-26,13.9,7.5,9.6,12.1,0.0
Independencia,2024-07-27,16.5,5.9,10.0,14.7,0.0
Independencia,2024-07-28,17.1,7.8,12.1,15.6,0.0
Independencia,2024-07-29,21.9,10.7,15.9,21.0,0.0
Independencia,2024-07-30,18.4,10.1,14.7,17.0,0.0
Independencia,2024-07-31,13.1,7.9,10.4,11.8,0.0
Independencia,2024-08-01,11.3,8.1,9.2,8.8,0.0
Independencia,2024-08-02,13.4,6.0,9.2,10.7,57.0
Independencia,2024-08-03,15.6,2.6,9.7,13.4,0.3
Independencia,2024-08-04,16.2,8.2,11.3,14.3,0.0
Independencia,2024-08-05,11.1,6.0,8.6,8.6,8.8
Independencia,2024-08-06,12.1,4.6,7.4,9.7,10.8
Independencia,2024-08-07,10.9,3.7,6.5,8.9,0.0
Independencia,2024-08-08,13.7,0.4,7.6,11.3,0.0
Independencia,2024-08-09,18.6,3.4,11.5,16.9,0.0
Independencia,2024-08-10,19.0,7.8,12.9,16.9,0.0
Independencia,2024-08-11,20.3,7.6,15.0,19.0,0.0
Independencia,2024-08-12,23.0,14.7,18.0,22.3,0.0
Independencia,2024-08-13,20.3,9.8,15.3,19.7,0.0
Independencia,2024-08-14,14.5,9.4,11.4,13.9,0.0
Independencia,2024-08-15,17.2,8.2,11.5,15.5,0.0
Independencia,2024-08-16,13.6,6.9,9.9,12.4,0.0
Independencia,2024-08-17,15.2,8.1,10.4,13.6,0.0
Independencia,2024-08-18,12.9,6.2,8.8,11.3,0.0
Independencia,2024-08-19,12.6,4.9,8.4,10.3,0.0
Independencia,2024-08-20,10.8,4.2,6.8,8.4,0.2
Independencia,2024-08-21,11.9,1.6,6.3,9.2,6.0
Independencia,2024-08-22,11.6,0.9,6.2,9.1,0.0
Independencia,2024-08-23,10.4,3.0,6.0,8.0,2.8
Independencia,2024-08-24,17.0,0.9,9.1,15.5,0.0
Independencia,2024-08-25,19.9,8.6,13.6,18.7,0.0
Independencia,2024-08-26,16.9,5.4,11.3,15.2,0.0
Independencia,2024-08-27,18.7,9.8,12.9,17.8,0.0
Independencia,2024-08-28,15.5,7.2,10.3,15.0,0.0
Independencia,2024-08-29,12.4,6.3,8.8,10.2,0.8
Independencia,2024-08-30,13.8,6.7,9.2,11.7,1.5
Independencia,2024-08-31,19.0,5.5,11.6,18.0,0.0
Independencia,2024-09-01,23.5,11.5,16.5,22.7,0.0
Independencia,2024-09-02,14.6,7.3,10.8,12.4,0.0
Independencia,2024-09-03,15.9,7.8,10.9,14.2,0.0
Independencia,2024-09-04,19.0,7.8,12.5,17.7,0.0
Independencia,2024-09-05,21.6,11.6,16.0,20.7,0.0
Independencia,2024-09-06,17.9,7.7,12.3,16.9,0.0
Independencia,2024-09-07,16.8,7.8,11.3,16.2,0.0
Independencia,2024-09-08,19.2,8.9,12.5,17.6,0.0
Independencia,2024-09-09,21.3,10.6,14.8,20.3,0.0
Independencia,2024-09-10,18.0,8.5,13.1,16.5,0.3
Independencia,2024-09-11,18.8,7.7,12.3,17.9,0.1
Independencia,2024-09-12,16.8,8.6,11.7,15.9,0.0
Independencia,2024-09-13,18.3,6.1,11.3,17.1,0.0
Independencia,2024-09-14,22.5,8.3,14.7,21.0,0.0
Independencia,2024-09-15,22.9,12.4,16.6,21.3,0.0
Independencia,2024-09-16,24.9,9.4,16.4,22.9,0.0
Independencia,2024-09-17,21.8,7.0,13.8,20.7,0.0
Independencia,2024-09-18,21.9,8.6,15.1,20.6,0.0
Independencia,2024-09-19,17.4,5.6,11.1,14.3,1.0
Independencia,2024-09-20,18.5,6.3,12.6,17.0,0.0
Independencia,2024-09-21,16.9,8.1,11.5,15.8,0.0
Independencia,2024-09-22,13.1,7.8,10.3,11.3,3.8
Independencia,2024-09-23,15.6,8.4,11.5,13.7,0.7
Independencia,2024-09-24,17.6,7.6,11.6,17.2,0.0
Independencia,2024-09-25,17.4,7.4,11.5,15.8,0.0
Independencia,2024-09-26,24.4,6.9,15.3,23.1,0.0
Independencia,2024-09-27,22.0,13.1,16.3,21.0,0.0
Independencia,2024-09-28,24.0,12.9,17.2,22.9,0.0
Independencia,2024-09-29,19.4,10.2,14.4,19.2,0.0
Independencia,2024-09-30,18.8,8.6,12.0,18.3,0.0
Independencia,2024-10-01,17.9,6.1,11.9,15.7,0.0
Independencia,2024-10-02,21.2,9.5,14.2,20.6,0.0
Independencia,2024-10-03,25.0,12.6,17.4,24.9,0.0
Independencia,2024-10-04,25.8,12.6,18.4,25.1,0.0
Independencia,2024-10-05,25.4,11.1,18.2,25.1,0.0
Independencia,2024-10-06,21.2,13.4,17.3,20.0,0.3
Independencia,2024-10-07,23.0,11.2,16.1,22.5,3.6
Independencia,2024-10-08,15.6,10.0,12.1,13.9,10.7
Independencia,2024-10-09,19.2,9.2,13.7,17.8,0.5
Independencia,2024-10-10,19.0,10.0,13.8,18.7,0.0
Independencia,2024-10-11,18.2,10.2,13.2,17.3,0.1
Independencia,2024-10-12,18.6,11.0,14.3,17.6,0.0
Independencia,2024-10-13,23.6,11.5,16.3,24.3,0.0
Independencia,2024-10-14,22.4,11.1,15.9,21.5,0.0
Independencia,2024-10-15,28.1,14.6,19.3,28.0,0.0
Independencia,2024-10-16,19.9,8.5,14.2,19.2,0.0
Independencia,2024-10-17,26.6,9.2,16.7,26.7,0.0
Independencia,2024-10-18,29.0,13.4,19.6,29.0,0.0
Independencia,2024-10-19,22.9,10.9,15.6,23.1,0.0
Independencia,2024-10-20,20.9,9.2,13.9,20.4,0.6
Independencia,2024-10-21,24.5,9.6,16.5,24.3,0.0
Independencia,2024-10-22,24.1,11.2,16.2,23.9,2.3
Independencia,2024-10-23,18.8,9.6,13.2,18.4,7.9
Independencia,2024-10-24,26.0,7.9,16.4,25.3,0.0
Independencia,2024-10-25,24.0,8.9,15.6,23.2,0.0
Independencia,2024-10-26,29.2,12.6,20.0,29.0,0.0
Independencia,2024-10-27,27.7,12.1,18.9,27.6,0.0
Independencia,2024-10-28,32.3,15.6,21.6,32.6,0.0
Independencia,2024-10-29,25.4,12.6,18.5,25.2,0.0
Independencia,2024-10-30,26.0,10.9,16.9,26.4,0.0
Independencia,2024-10-31,27.1,11.8,17.8,27.4,0.0
Independencia,2024-11-01,20.5,11.0,14.4,19.9,0.0
Independencia,2024-11-02,25.6,8.4,16.7,25.1,0.0
Independencia,2024-11-03,24.2,10.1,16.1,24.2,0.0
Independencia,2024-11-04,23.9,8.9,15.6,22.6,0.0
Independencia,2024-11-05,27.2,12.1,18.6,25.8,0.0
Independencia,2024-11-06,27.2,13.2,19.4,26.3,0.0
Independencia,2024-11-07,25.5,13.5,19.1,24.5,0.0
Independencia,2024-11-08,30.0,15.2,21.5,29.4,0.0
Independencia,2024-11-09,28.1,15.2,20.6,27.3,0.0
Independencia,2024-11-10,23.0,11.9,17.1,21.8,0.0
Independencia,2024-11-11,26.8,10.7,18.7,24.4,0.0
Independencia,2024-11-12,31.6,15.9,23.4,30.1,0.0
Independencia,2024-11-13,28.0,14.7,22.0,27.9,0.0
Independencia,2024-11-14,27.2,13.6,19.2,28.0,0.0
Independencia,2024-11-15,25.6,10.8,17.9,25.7,0.0
Independencia,2024-11-16,20.4,13.5,16.5,19.1,0.5
Independencia,2024-11-17,26.0,10.6,17.7,27.1,0.0
Independencia,2024-11-18,27.0,13.4,19.1,27.3,0.0
Independencia,2024-11-19,26.3,11.4,17.5,26.4,0.0
Independencia,2024-11-20,25.7,12.6,18.6,25.5,0.0
Independencia,2024-11-21,28.0,14.0,19.9,28.6,0.0
Independencia,2024-11-22,26.9,12.1,19.2,26.9,0.0
Independencia,2024-11-23,29.8,13.5,21.1,30.1,0.0
Independencia,2024-11-24,28.1,14.1,21.0,29.0,0.0
Independencia,2024-11-25,26.9,15.2,20.5,26.6,0.0
Independencia,2024-11-26,26.5,13.1,19.2,25.8,0.0
Independencia,2024-11-27,25.5,11.6,17.6,25.0,0.0
Independencia,2024-11-28,26.3,10.4,18.3,25.7,0.0
Independencia,2024-11-29,28.6,13.8,21.0,28.1,0.0
Independencia,2024-11-30,26.6,12.6,19.4,25.7,0.0
Independencia,2024-12-01,24.5,9.7,16.6,24.1,0.0
Independencia,2024-12-02,26.3,12.3,19.2,25.4,0.0
Independencia,2024-12-03,26.6,12.4,18.8,26.6,0.0
Independencia,2024-12-04,25.2,10.9,17.1,25.4,0.0
Independencia,2024-12-05,22.2,9.4,15.5,22.1,0.0
Independencia,2024-12-06,26.3,10.6,18.1,25.5,0.0
Independencia,2024-12-07,26.8,13.7,19.8,26.9,0.0
Independencia,2024-12-08,25.4,11.4,17.8,25.0,0.0
Independencia,2024-12-09,30.2,11.8,20.6,29.9,0.0
Independencia,2024-12-10,28.8,14.9,21.3,29.1,0.0
Independencia,2024-12-11,30.0,14.1,21.9,30.1,0.0
Independencia,2024-12-12,27.9,13.1,19.7,28.0,0.0
Independencia,2024-12-13,29.8,14.6,21.9,29.5,0.0
Independencia,2024-12-14,30.8,15.6,22.1,30.9,0.0
Independencia,2024-12-15,27.6,14.6,19.9,28.4,0.0
Independencia,2024-12-16,28.5,12.4,19.2,29.1,0.0
Independencia,2024-12-17,26.7,12.3,18.8,27.5,0.0
Independencia,2024-12-18,28.6,12.9,20.7,28.8,0.0
Independencia,2024-12-19,32.6,16.2,24.1,32.2,0.0
Independencia,2024-12-20,29.7,16.1,22.6,29.0,0.0
Independencia,2024-12-21,32.2,16.4,24.3,32.2,0.0
Independencia,2024-12-22,33.9,18.9,25.6,34.2,0.0
Independencia,2024-12-23,29.6,18.9,24.0,30.3,0.0
Independencia,2024-12-24,31.1,17.2,23.3,31.3,0.0
Independencia,2024-12-25,29.3,15.8,21.6,30.5,0.0
Independencia,2024-12-26,28.0,13.3,19.5,28.8,0.0
Independencia,2024-12-27,28.8,14.1,20.3,30.2,0.0
Independencia,2024-12-28,29.8,14.4,20.9,31.0,0.0
Independencia,2024-12-29,31.3,14.6,21.9,32.6,0.0
Independencia,2024-12-30,30.5,15.6,22.2,31.8,0.0
Independencia,2024-12-31,31.0,16.7,23.3,31.1,0.0
Isla de Maipo,2024-01-01,27.6,11.4,18.6,28.0,0.0
Isla de Maipo,2024-01-02,30.4,12.2,19.9,30.5,0.0
Isla de Maipo,2024-01-03,27.9,14.5,20.3,29.0,0.0
Isla de Maipo,2024-01-04,26.2,13.1,19.4,27.0,0.0
Isla de Maipo,2024-01-05,24.9,13.4,18.5,25.5,0.0
Isla de Maipo,2024-01-06,25.7,13.4,18.6,26.7,0.0
Isla de Maipo,2024-01-07,29.6,12.9,20.6,28.9,0.0
Isla de Maipo,2024-01-08,29.7,14.2,21.0,28.6,0.0
Isla de Maipo,2024-01-09,29.0,13.0,20.0,28.1,0.0
Isla de Maipo,2024-01-10,29.6,12.9,20.2,28.8,0.0
Isla de Maipo,2024-01-11,28.6,14.6,20.2,28.6,0.0
Isla de Maipo,2024-01-12,26.2,12.9,18.7,26.1,0.0
Isla de Maipo,2024-01-13,26.3,11.7,17.9,26.1,0.0
Isla de Maipo,2024-01-14,33.5,13.4,22.6,32.2,0.0
Isla de Maipo,2024-01-15,30.0,13.9,21.7,28.8,0.0
Isla de Maipo,2024-01-16,32.0,11.3,21.2,31.6,0.0
Isla de Maipo,2024-01-17,27.3,15.9,21.0,27.6,0.0
Isla de Maipo,2024-01-18,32.8,13.5,22.2,31.8,0.0
Isla de Maipo,2024-01-19,31.4,17.8,23.4,30.9,0.0
Isla de Maipo,2024-01-20,29.0,16.2,22.1,28.6,0.0
Isla de Maipo,2024-01-21,30.5,15.0,21.9,31.2,0.0
Isla de Maipo,2024-01-22,30.3,15.7,22.1,31.4,0.0
Isla de Maipo,2024-01-23,28.9,14.1,20.6,29.7,0.0
Isla de Maipo,2024-01-24,33.0,15.2,22.9,34.2,0.0
Isla de Maipo,2024-01-25,28.8,16.2,21.6,29.7,0.0
Isla de Maipo,2024-01-26,29.2,14.4,20.7,29.2,0.0
Isla de Maipo,2024-01-27,31.4,14.2,21.5,33.1,0.0
Isla de Maipo,2024-01-28,27.9,15.9,20.8,28.5,0.0
Isla de Maipo,2024-01-29,30.0,15.1,21.7,31.2,0.0
Isla de Maipo,2024-01-30,35.8,15.4,23.8,35.1,0.0
Isla de Maipo,2024-01-31,37.2,19.8,27.0,35.5,0.0
Isla de Maipo,2024-02-01,34.0,18.9,25.0,33.3,0.0
Isla de Maipo,2024-02-02,36.7,16.7,25.6,38.3,0.0
Isla de Maipo,2024-02-03,36.7,19.8,26.5,35.3,0.0
Isla de Maipo,2024-02-04,28.7,16.8,22.1,29.1,0.0
Isla de Maipo,2024-02-05,31.9,13.2,21.9,32.3,0.0
Isla de Maipo,2024-02-06,28.8,17.0,22.0,28.9,0.0
Isla de Maipo,2024-02-07,34.4,15.0,23.4,34.6,0.0
Isla de Maipo,2024-02-08,30.2,17.3,23.2,31.2,0.0
Isla de Maipo,2024-02-09,29.2,14.8,21.2,30.0,0.0
Isla de Maipo,2024-02-10,32.5,14.9,22.7,32.3,0.0
Isla de Maipo,2024-02-11,28.5,13.7,20.0,28.6,0.0
Isla de Maipo,2024-02-12,35.0,14.9,24.0,34.4,0.0
Isla de Maipo,2024-02-13,28.5,15.8,22.9,28.4,0.0
Isla de Maipo,2024-02-14,30.0,14.1,20.3,30.6,0.0
Isla de Maipo,2024-02-15,29.6,13.6,20.3,30.9,0.0
Isla de Maipo,2024-02-16,28.6,14.1,20.1,29.2,0.0
Isla de Maipo,2024-02-17,35.2,15.0,23.6,34.2,0.0
Isla de Maipo,2024-02-18,30.8,17.2,23.6,30.5,0.0
Isla de Maipo,2024-02-19,27.4,13.6,19.4,27.6,0.0
Isla de Maipo,2024-02-20,27.4,14.4,19.5,28.2,0.0
Isla de Maipo,2024-02-21,27.1,13.1,18.9,27.3,0.0
Isla de Maipo,2024-02-22,18.3,15.2,16.5,18.3,7.8
Isla de Maipo,2024-02-23,28.9,14.1,20.5,30.7,0.0
Isla de Maipo,2024-02-24,28.7,16.1,21.4,30.0,0.0
Isla de Maipo,2024-02-25,28.6,15.8,21.0,28.7,0.0
Isla de Maipo,2024-02-26,31.2,14.2,21.5,31.3,0.0
Isla de Maipo,2024-02-27,30.2,16.4,21.7,29.6,0.0
Isla de Maipo,2024-02-28,32.3,14.9,22.0,31.3,0.0
Isla de Maipo,2024-02-29,32.5,17.0,22.9,32.0,0.0
Isla de Maipo,2024-03-01,27.5,15.4,20.6,26.9,0.0
Isla de Maipo,2024-03-02,30.6,16.0,22.0,29.2,0.0
Isla de Maipo,2024-03-03,29.5,17.1,21.9,28.4,0.0
Isla de Maipo,2024-03-04,30.5,16.5,21.6,29.9,0.0
Isla de Maipo,2024-03-05,27.7,14.8,20.4,27.4,0.0
Isla de Maipo,2024-03-06,28.0,14.7,19.7,27.7,0.0
Isla de Maipo,2024-03-07,25.9,11.9,17.8,25.1,0.0
Isla de Maipo,2024-03-08,26.6,9.9,17.7,24.8,0.0
Isla de Maipo,2024-03-09,29.5,13.4,20.0,28.8,0.0
Isla de Maipo,2024-03-10,26.5,14.1,19.1,25.7,0.0
Isla de Maipo,2024-03-11,26.0,12.1,17.5,25.2,0.0
Isla de Maipo,2024-03-12,27.3,11.2,18.3,26.2,0.0
Isla de Maipo,2024-03-13,27.7,12.1,18.7,27.4,0.0
Isla de Maipo,2024-03-14,28.9,13.9,19.8,27.4,0.0
Isla de Maipo,2024-03-15,27.8,13.4,19.1,26.1,0.0
Isla de Maipo,2024-03-16,28.4,13.2,19.2,26.5,0.0
Isla de Maipo,2024-03-17,29.0,14.2,20.0,27.3,0.0
Isla de Maipo,2024-03-18,30.1,15.4,21.7,28.2,0.0
Isla de Maipo,2024-03-19,25.1,13.3,19.3,23.6,0.0
Isla de Maipo,2024-03-20,20.1,11.5,15.5,19.0,0.0
Isla de Maipo,2024-03-21,29.7,12.4,20.7,29.0,0.0
Isla de Maipo,2024-03-22,30.8,17.1,22.6,30.2,0.0
Isla de Maipo,2024-03-23,29.0,15.4,20.7,28.4,0.0
Isla de Maipo,2024-03-24,30.1,16.0,21.5,30.4,0.0
Isla de Maipo,2024-03-25,25.5,14.6,19.3,25.8,0.0
Isla de Maipo,2024-03-26,29.0,13.6,20.0,29.1,0.0
Isla de Maipo,2024-03-27,29.0,16.0,21.4,28.9,0.0
Isla de Maipo,2024-03-28,27.3,15.4,20.5,27.7,0.0
Isla de Maipo,2024-03-29,29.1,15.8,21.0,28.7,0.0
Isla de Maipo,2024-03-30,30.6,16.0,21.8,30.0,0.0
Isla de Maipo,2024-03-31,28.6,16.8,21.3,26.3,0.0
Isla de Maipo,2024-04-01,25.8,13.9,18.8,23.2,0.0
Isla de Maipo,2024-04-02,23.0,14.1,17.9,21.4,0.1
Isla de Maipo,2024-04-03,19.8,12.8,16.1,20.0,0.0
Isla de Maipo,2024-04-04,26.1,12.8,18.5,25.5,0.0
Isla de Maipo,2024-04-05,27.1,13.0,19.2,26.3,0.0
Isla de Maipo,2024-04-06,24.8,11.8,17.3,24.2,0.0
Isla de Maipo,2024-04-07,26.8,13.7,18.9,26.0,0.0
Isla de Maipo,2024-04-08,25.2,12.8,17.5,23.9,0.0
Isla de Maipo,2024-04-09,25.8,13.8,18.2,24.2,0.0
Isla de Maipo,2024-04-10,25.0,12.0,17.4,24.0,0.0
Isla de Maipo,2024-04-11,21.0,9.4,13.7,18.7,0.0
Isla de Maipo,2024-04-12,15.6,9.5,12.0,15.1,0.7
Isla de Maipo,2024-04-13,18.9,8.8,13.2,16.8,0.0
Isla de Maipo,2024-04-14,20.5,10.5,14.4,19.4,3.7
Isla de Maipo,2024-04-15,17.0,11.2,13.0,16.3,6.3
Isla de Maipo,2024-04-16,22.4,9.9,15.4,21.3,0.0
Isla de Maipo,2024-04-17,26.2,13.4,19.3,26.0,0.0
Isla de Maipo,2024-04-18,27.8,16.8,21.0,27.4,0.0
Isla de Maipo,2024-04-19,22.1,13.2,17.2,21.9,0.0
Isla de Maipo,2024-04-20,20.1,12.6,16.0,19.6,0.0
Isla de Maipo,2024-04-21,16.8,12.1,14.4,14.6,0.0
Isla de Maipo,2024-04-22,17.9,10.0,13.5,16.6,2.5
Isla de Maipo,2024-04-23,23.4,10.2,15.7,22.2,0.0
Isla de Maipo,2024-04-24,20.3,10.1,14.1,18.9,0.0
Isla de Maipo,2024-04-25,20.6,9.4,14.0,18.5,0.0
Isla de Maipo,2024-04-26,18.7,9.1,13.2,17.5,0.0
Isla de Maipo,2024-04-27,19.4,8.9,13.1,17.4,0.0
Isla de Maipo,2024-04-28,15.9,6.9,11.2,13.4,0.0
Isla de Maipo,2024-04-29,16.0,5.9,10.8,12.8,0.5
Isla de Maipo,2024-04-30,15.1,8.9,11.4,13.3,30.5
Isla de Maipo,2024-05-01,14.4,7.7,10.5,12.3,0.3
Isla de Maipo,2024-05-02,14.0,6.4,9.6,12.4,0.0
Isla de Maipo,2024-05-03,14.9,6.2,9.3,13.0,0.0
Isla de Maipo,2024-05-04,16.6,5.2,10.1,14.7,0.0
Isla de Maipo,2024-05-05,14.8,7.3,10.4,13.5,0.0
Isla de Maipo,2024-05-06,14.4,4.4,9.6,12.5,0.0
Isla de Maipo,2024-05-07,9.4,4.0,6.2,7.2,30.5
Isla de Maipo,2024-05-08,15.6,2.0,8.8,14.1,0.0
Isla de Maipo,2024-05-09,15.4,7.6,10.6,13.4,0.0
Isla de Maipo,2024-05-10,14.0,4.4,9.2,11.4,0.0
Isla de Maipo,2024-05-11,14.1,2.0,8.6,12.1,0.0
Isla de Maipo,2024-05-12,13.6,1.9,8.1,11.0,0.0
Isla de Maipo,2024-05-13,14.3,5.0,8.7,12.1,0.0
Isla de Maipo,2024-05-14,14.4,3.8,9.1,12.2,0.0
Isla de Maipo,2024-05-15,11.0,3.3,6.9,7.9,0.1
Isla de Maipo,2024-05-16,14.3,5.5,8.9,11.3,0.0
Isla de Maipo,2024-05-17,13.4,5.2,8.5,11.4,0.0
Isla de Maipo,2024-05-18,15.3,5.7,9.1,12.9,0.0
Isla de Maipo,2024-05-19,16.5,6.2,10.7,14.7,0.0
Isla de Maipo,2024-05-20,13.1,8.2,9.7,10.0,33.3
Isla de Maipo,2024-05-21,14.2,6.8,10.5,13.2,10.8
Isla de Maipo,2024-05-22,11.4,7.3,9.1,10.6,11.8
Isla de Maipo,2024-05-23,13.4,6.3,9.0,11.5,3.6
Isla de Maipo,2024-05-24,16.0,5.3,10.6,14.6,0.0
Isla de Maipo,2024-05-25,15.4,7.9,11.0,12.3,2.1
Isla de Maipo,2024-05-26,13.4,6.0,9.2,11.6,10.2
Isla de Maipo,2024-05-27,14.8,5.2,10.7,14.7,0.0
Isla de Maipo,2024-05-28,17.9,7.7,12.4,16.4,0.0
Isla de Maipo,2024-05-29,17.5,8.2,12.7,17.7,1.0
Isla de Maipo,2024-05-30,18.4,8.8,14.3,18.8,0.0
Isla de Maipo,2024-05-31,16.1,9.2,13.0,14.7,0.0
Isla de Maipo,2024-06-01,18.4,8.5,13.1,18.5,0.0
Isla de Maipo,2024-06-02,19.0,10.1,14.2,18.6,0.0
Isla de Maipo,2024-06-03,18.2,9.4,13.9,15.7,0.0
Isla de Maipo,2024-06-04,18.2,7.1,12.3,17.5,0.0
Isla de Maipo,2024-06-05,15.2,9.9,13.1,13.2,0.0
Isla de Maipo,2024-06-06,17.7,8.9,13.6,17.7,0.0
Isla de Maipo,2024-06-07,20.2,12.8,16.5,20.0,0.0
Isla de Maipo,2024-06-08,16.4,9.6,12.4,14.0,2.8
Isla de Maipo,2024-06-09,14.5,8.6,11.0,13.2,26.5
Isla de Maipo,2024-06-10,15.9,9.1,11.9,14.3,0.5
Isla de Maipo,2024-06-11,15.6,9.2,12.1,14.0,0.1
Isla de Maipo,2024-06-12,13.2,9.7,11.3,10.6,0.0
Isla de Maipo,2024-06-13,11.3,8.4,10.0,10.1,78.9
Isla de Maipo,2024-06-14,13.8,7.6,9.7,12.6,19.1
Isla de Maipo,2024-06-15,14.4,7.0,10.5,13.3,0.0
Isla de Maipo,2024-06-16,14.1,6.7,9.4,12.8,0.0
Isla de Maipo,2024-06-17,14.2,5.8,9.3,12.5,13.3
Isla de Maipo,2024-06-18,9.8,7.1,8.6,8.2,63.5
Isla de Maipo,2024-06-19,15.4,6.4,9.9,13.9,22.8
Isla de Maipo,2024-06-20,11.6,7.9,9.8,9.5,0.2
Isla de Maipo,2024-06-21,9.5,4.8,7.8,7.8,82.2
Isla de Maipo,2024-06-22,8.0,5.6,6.8,6.2,66.0
Isla de Maipo,2024-06-23,11.4,3.6,7.4,8.8,0.0
Isla de Maipo,2024-06-24,11.5,3.5,7.0,9.6,0.0
Isla de Maipo,2024-06-25,11.1,2.3,6.2,9.2,0.0
Isla de Maipo,2024-06-26,15.8,4.8,9.7,14.8,0.0
Isla de Maipo,2024-06-27,14.4,7.3,11.1,13.4,0.0
Isla de Maipo,2024-06-28,15.4,4.4,9.7,14.8,0.0
Isla de Maipo,2024-06-29,17.2,10.1,12.8,16.7,0.0
Isla de Maipo,2024-06-30,18.5,10.2,13.5,17.4,0.0
Isla de Maipo,2024-07-01,19.5,8.5,13.8,18.8,0.0
Isla de Maipo,2024-07-02,17.1,9.8,12.6,16.3,0.0
Isla de Maipo,2024-07-03,16.5,9.8,12.7,15.4,0.0
Isla de Maipo,2024-07-04,14.1,7.1,9.7,12.9,0.0
Isla de Maipo,2024-07-05,15.8,6.4,9.4,12.3,0.0
Isla de Maipo,2024-07-06,13.1,5.4,7.9,10.0,0.0
Isla de Maipo,2024-07-07,13.7,5.4,7.9,10.3,0.0
Isla de Maipo,2024-07-08,14.1,4.6,7.8,10.9,0.0
Isla de Maipo,2024-07-09,9.7,0.5,5.2,6.2,0.0
Isla de Maipo,2024-07-10,9.8,-0.6,4.5,7.4,0.0
Isla de Maipo,2024-07-11,11.1,0.2,5.8,8.7,0.0
Isla de Maipo,2024-07-12,14.1,6.0,8.6,10.1,0.0
Isla de Maipo,2024-07-13,14.0,3.0,7.6,11.2,0.0
Isla de Maipo,2024-07-14,12.1,5.4,7.8,9.4,0.0
Isla de Maipo,2024-07-15,14.1,4.7,8.0,10.7,0.0
Isla de Maipo,2024-07-16,19.9,6.6,11.9,16.1,0.0
Isla de Maipo,2024-07-17,17.8,9.4,11.8,14.4,0.2
Isla de Maipo,2024-07-18,10.4,5.9,8.7,8.8,4.1
Isla de Maipo,2024-07-19,14.3,4.4,9.3,13.4,0.0
Isla de Maipo,2024-07-20,13.5,5.4,8.5,12.2,0.0
Isla de Maipo,2024-07-21,15.1,5.2,9.2,14.2,0.0
Isla de Maipo,2024-07-22,17.5,6.2,11.2,16.2,0.0
Isla de Maipo,2024-07-23,11.6,4.7,8.0,10.1,0.7
Isla de Maipo,2024-07-24,16.8,5.1,10.5,16.2,0.0
Isla de Maipo,2024-07-25,16.1,9.3,12.2,14.9,0.0
Isla de Maipo,2024-07-26,12.8,6.3,9.2,11.7,0.0
Isla de Maipo,2024-07-27,15.6,5.8,9.7,14.2,0.0
Isla de Maipo,2024-07-28,17.3,7.2,11.0,14.0,0.0
Isla de Maipo,2024-07-29,21.4,9.6,14.8,20.2,0.0
Isla de Maipo,2024-07-30,16.5,8.8,12.9,15.4,0.0
Isla de Maipo,2024-07-31,12.8,8.1,10.0,11.7,0.0
Isla de Maipo,2024-08-01,10.1,8.2,9.0,8.5,3.4
Isla de Maipo,2024-08-02,10.8,6.4,8.6,9.3,63.7
Isla de Maipo,2024-08-03,15.8,3.6,9.1,13.2,10.3
Isla de Maipo,2024-08-04,15.4,6.2,10.2,13.7,0.0
Isla de Maipo,2024-08-05,9.1,6.1,7.4,6.8,27.1
Isla de Maipo,2024-08-06,12.1,4.1,7.3,10.0,2.1
Isla de Maipo,2024-08-07,11.1,-0.6,6.0,8.3,0.0
Isla de Maipo,2024-08-08,14.1,3.5,8.2,12.9,0.0
Isla de Maipo,2024-08-09,17.6,3.3,11.0,16.2,0.0
Isla de Maipo,2024-08-10,18.0,6.8,12.5,17.1,0.0
Isla de Maipo,2024-08-11,20.1,9.4,13.9,19.9,0.0
Isla de Maipo,2024-08-12,21.8,12.7,16.1,22.4,0.0
Isla de Maipo,2024-08-13,18.2,9.8,13.2,18.3,0.0
Isla de Maipo,2024-08-14,15.1,8.2,10.9,14.9,0.0
Isla de Maipo,2024-08-15,15.6,6.8,10.5,14.6,0.0
Isla de Maipo,2024-08-16,13.5,6.8,9.6,12.5,0.0
Isla de Maipo,2024-08-17,15.2,6.3,10.1,14.1,0.0
Isla de Maipo,2024-08-18,11.4,6.7,8.6,9.2,0.0
Isla de Maipo,2024-08-19,12.6,4.9,7.8,10.8,0.0
Isla de Maipo,2024-08-20,10.7,1.8,5.8,8.2,0.2
Isla de Maipo,2024-08-21,10.6,1.1,5.0,7.9,22.9
Isla de Maipo,2024-08-22,10.4,-0.4,3.9,8.5,28.1
Isla de Maipo,2024-08-23,9.1,0.4,4.1,6.6,12.5
Isla de Maipo,2024-08-24,17.0,4.8,10.4,15.9,0.0
Isla de Maipo,2024-08-25,18.5,6.9,12.8,17.2,0.0
Isla de Maipo,2024-08-26,17.1,4.0,10.5,16.3,0.0
Isla de Maipo,2024-08-27,17.8,7.8,11.8,17.7,0.0
Isla de Maipo,2024-08-28,14.6,5.8,9.4,13.4,0.0
Isla de Maipo,2024-08-29,11.4,7.0,8.8,9.6,0.5
Isla de Maipo,2024-08-30,14.1,6.1,9.6,12.7,0.1
Isla de Maipo,2024-08-31,19.1,7.9,12.7,19.3,0.0
Isla de Maipo,2024-09-01,22.7,10.7,15.2,23.3,0.0
Isla de Maipo,2024-09-02,13.5,7.6,10.2,11.9,0.0
Isla de Maipo,2024-09-03,16.2,5.4,10.4,15.1,0.0
Isla de Maipo,2024-09-04,18.5,6.2,11.9,19.2,0.0
Isla de Maipo,2024-09-05,20.5,10.9,14.8,20.1,0.0
Isla de Maipo,2024-09-06,17.0,6.5,11.3,16.0,0.0
Isla de Maipo,2024-09-07,16.6,7.4,11.1,16.0,0.0
Isla de Maipo,2024-09-08,18.2,8.4,12.5,18.6,0.1
Isla de Maipo,2024-09-09,20.7,8.8,14.1,20.4,0.0
Isla de Maipo,2024-09-10,17.2,7.6,12.2,16.0,0.3
Isla de Maipo,2024-09-11,19.1,7.2,12.3,19.1,0.3
Isla de Maipo,2024-09-12,16.6,7.3,10.7,15.7,0.0
Isla de Maipo,2024-09-13,18.8,6.8,11.8,18.7,0.0
Isla de Maipo,2024-09-14,21.6,9.6,14.8,21.6,0.0
Isla de Maipo,2024-09-15,23.4,10.7,16.3,23.7,0.0
Isla de Maipo,2024-09-16,24.4,11.8,16.8,22.9,0.0
Isla de Maipo,2024-09-17,20.5,7.8,13.5,20.0,0.0
Isla de Maipo,2024-09-18,19.6,8.9,13.4,17.8,2.9
Isla de Maipo,2024-09-19,13.1,6.8,9.6,10.4,9.8
Isla de Maipo,2024-09-20,18.0,8.4,12.1,16.8,0.0
Isla de Maipo,2024-09-21,16.5,6.4,10.6,14.5,0.0
Isla de Maipo,2024-09-22,13.5,7.6,10.4,12.5,8.4
Isla de Maipo,2024-09-23,16.0,8.9,11.8,14.2,0.0
Isla de Maipo,2024-09-24,17.6,7.2,11.5,17.4,0.0
Isla de Maipo,2024-09-25,18.0,5.3,11.6,16.9,0.0
Isla de Maipo,2024-09-26,24.0,8.8,15.5,23.8,0.0
Isla de Maipo,2024-09-27,21.5,11.9,15.6,21.3,0.0
Isla de Maipo,2024-09-28,24.5,11.4,16.7,23.5,0.0
Isla de Maipo,2024-09-29,17.9,8.7,12.5,17.4,0.0
Isla de Maipo,2024-09-30,17.1,9.1,11.8,14.5,5.3
Isla de Maipo,2024-10-01,18.1,7.2,12.4,16.3,0.0
Isla de Maipo,2024-10-02,21.4,8.9,14.5,20.4,0.0
Isla de Maipo,2024-10-03,24.9,11.4,17.0,24.4,0.0
Isla de Maipo,2024-10-04,24.2,11.5,17.1,24.3,0.0
Isla de Maipo,2024-10-05,25.2,10.8,17.1,26.0,0.2
Isla de Maipo,2024-10-06,20.6,12.6,16.1,20.1,0.0
Isla de Maipo,2024-10-07,22.5,10.9,15.4,22.8,16.2
Isla de Maipo,2024-10-08,15.6,10.6,12.6,14.8,7.4
Isla de Maipo,2024-10-09,20.6,9.9,14.2,19.7,0.0
Isla de Maipo,2024-10-10,16.2,11.1,13.0,15.0,0.0
Isla de Maipo,2024-10-11,17.1,10.2,13.3,16.0,0.0
Isla de Maipo,2024-10-12,18.9,9.5,14.2,18.3,0.0
Isla de Maipo,2024-10-13,23.3,11.0,15.9,23.1,0.0
Isla de Maipo,2024-10-14,22.3,8.9,15.4,21.5,0.0
Isla de Maipo,2024-10-15,28.2,13.2,18.5,28.3,0.0
Isla de Maipo,2024-10-16,18.0,8.5,13.1,16.8,0.0
Isla de Maipo,2024-10-17,26.2,8.6,16.7,26.9,0.0
Isla de Maipo,2024-10-18,28.6,12.7,18.9,29.6,0.0
Isla de Maipo,2024-10-19,20.2,10.2,13.7,20.1,0.0
Isla de Maipo,2024-10-20,19.0,9.9,13.6,17.4,0.1
Isla de Maipo,2024-10-21,24.6,10.1,16.3,24.7,0.0
Isla de Maipo,2024-10-22,21.4,11.6,15.3,21.4,2.1
Isla de Maipo,2024-10-23,19.1,10.4,13.7,18.1,1.3
Isla de Maipo,2024-10-24,26.5,8.6,16.4,25.8,0.0
Isla de Maipo,2024-10-25,25.6,9.6,16.8,25.3,0.0
Isla de Maipo,2024-10-26,28.1,12.2,19.3,28.1,0.0
Isla de Maipo,2024-10-27,27.6,12.1,18.1,28.1,0.0
Isla de Maipo,2024-10-28,30.5,13.3,20.5,31.2,0.0
Isla de Maipo,2024-10-29,24.2,12.0,17.0,24.3,0.0
Isla de Maipo,2024-10-30,25.5,11.9,16.9,26.1,0.0
Isla de Maipo,2024-10-31,25.1,11.8,16.3,25.4,0.0
Isla de Maipo,2024-11-01,20.1,10.1,14.1,19.0,0.0
Isla de Maipo,2024-11-02,25.8,8.9,16.7,25.2,0.0
Isla de Maipo,2024-11-03,22.6,8.3,14.7,21.2,0.0
Isla de Maipo,2024-11-04,24.3,8.0,15.5,22.8,0.0
Isla de Maipo,2024-11-05,27.3,11.7,18.4,26.7,0.0
Isla de Maipo,2024-11-06,27.2,12.9,19.1,26.8,0.0
Isla de Maipo,2024-11-07,26.4,13.1,18.6,26.8,0.8
Isla de Maipo,2024-11-08,29.6,14.7,20.9,29.2,0.0
Isla de Maipo,2024-11-09,28.1,13.7,19.6,27.6,1.3
Isla de Maipo,2024-11-10,21.8,11.1,16.3,21.9,2.3
Isla de Maipo,2024-11-11,27.8,11.2,19.3,27.4,0.0
Isla de Maipo,2024-11-12,32.0,14.4,23.0,32.5,0.0
Isla de Maipo,2024-11-13,23.6,13.9,19.7,23.1,0.0
Isla de Maipo,2024-11-14,24.0,12.2,17.1,24.6,0.0
Isla de Maipo,2024-11-15,24.7,11.1,16.9,24.6,0.0
Isla de Maipo,2024-11-16,20.5,11.9,15.2,18.0,2.5
Isla de Maipo,2024-11-17,25.6,9.3,16.8,25.0,0.0
Isla de Maipo,2024-11-18,25.0,11.9,17.3,24.6,0.0
Isla de Maipo,2024-11-19,24.5,9.9,15.8,23.9,0.0
Isla de Maipo,2024-11-20,25.1,11.3,17.1,24.2,0.0
Isla de Maipo,2024-11-21,25.2,11.8,17.8,25.2,0.0
Isla de Maipo,2024-11-22,26.9,10.1,17.7,25.7,0.0
Isla de Maipo,2024-11-23,29.4,12.0,20.1,29.1,0.0
Isla de Maipo,2024-11-24,28.2,13.1,20.1,27.1,0.0
Isla de Maipo,2024-11-25,26.6,13.4,19.4,25.4,0.0
Isla de Maipo,2024-11-26,26.5,11.6,18.3,25.0,0.0
Isla de Maipo,2024-11-27,24.1,9.4,16.0,23.1,0.0
Isla de Maipo,2024-11-28,26.1,9.1,17.2,24.8,0.0
Isla de Maipo,2024-11-29,27.9,12.4,19.6,26.5,0.0
Isla de Maipo,2024-11-30,23.4,11.1,17.0,22.4,0.0
Isla de Maipo,2024-12-01,24.3,10.4,16.8,22.9,0.1
Isla de Maipo,2024-12-02,26.2,11.2,17.9,24.5,0.0
Isla de Maipo,2024-12-03,24.2,10.8,16.7,23.8,0.0
Isla de Maipo,2024-12-04,23.5,10.7,15.8,23.1,0.0
Isla de Maipo,2024-12-05,21.6,9.7,14.6,20.2,0.0
Isla de Maipo,2024-12-06,25.6,9.4,17.3,24.3,0.0
Isla de Maipo,2024-12-07,25.5,12.8,18.2,24.7,0.0
Isla de Maipo,2024-12-08,24.0,9.5,15.9,22.7,0.0
Isla de Maipo,2024-12-09,29.6,10.6,18.8,28.4,0.0
Isla de Maipo,2024-12-10,26.4,12.4,18.7,26.0,0.0
Isla de Maipo,2024-12-11,28.8,11.8,19.5,28.0,0.0
Isla de Maipo,2024-12-12,26.0,10.4,17.6,25.4,0.0
Isla de Maipo,2024-12-13,29.8,13.1,20.7,28.4,0.0
Isla de Maipo,2024-12-14,29.3,13.3,19.9,29.3,0.0
Isla de Maipo,2024-12-15,24.6,12.4,17.7,24.2,0.0
Isla de Maipo,2024-12-16,25.4,10.8,17.0,25.5,0.0
Isla de Maipo,2024-12-17,25.1,11.4,17.0,24.6,0.5
Isla de Maipo,2024-12-18,29.2,11.1,19.2,28.6,0.0
Isla de Maipo,2024-12-19,33.2,15.1,23.4,32.8,0.0
Isla de Maipo,2024-12-20,30.0,14.9,21.8,27.9,0.0
Isla de Maipo,2024-12-21,33.0,14.9,23.4,32.9,0.0
Isla de Maipo,2024-12-22,32.0,17.1,23.5,32.7,0.0
Isla de Maipo,2024-12-23,28.0,16.6,21.9,28.2,0.0
Isla de Maipo,2024-12-24,27.6,15.4,21.1,27.5,0.0
Isla de Maipo,2024-12-25,26.0,13.6,19.1,26.6,0.0
Isla de Maipo,2024-12-26,25.2,12.7,17.9,25.7,0.0
Isla de Maipo,2024-12-27,25.8,12.9,18.7,26.5,0.0
Isla de Maipo,2024-12-28,27.9,12.8,19.1,28.1,0.0
Isla de Maipo,2024-12-29,29.6,13.1,19.8,30.2,0.0
Isla de Maipo,2024-12-30,29.5,13.1,20.3,29.4,0.0
Isla de Maipo,2024-12-31,30.1,14.4,21.3,30.0,0.0
La Cisterna,2024-01-01,29.0,12.6,19.6,29.4,0.0
La Cisterna,2024-01-02,29.9,13.2,20.8,30.6,0.0
La Cisterna,2024-01-03,29.5,16.8,21.8,29.8,0.0
La Cisterna,2024-01-04,28.5,15.2,21.1,29.6,0.0
La Cisterna,2024-01-05,26.5,14.9,20.0,27.2,0.0
La Cisterna,2024-01-06,26.8,14.4,19.8,27.0,0.0
La Cisterna,2024-01-07,29.4,13.4,20.9,28.5,0.0
La Cisterna,2024-01-08,29.1,14.1,21.1,28.7,0.0
La Cisterna,2024-01-09,29.0,14.1,20.7,28.6,0.0
La Cisterna,2024-01-10,29.2,14.4,21.1,28.5,0.0
La Cisterna,2024-01-11,29.5,16.5,21.4,28.9,0.0
La Cisterna,2024-01-12,28.0,15.1,20.2,28.0,0.0
La Cisterna,2024-01-13,27.2,12.1,18.9,26.9,0.0
La Cisterna,2024-01-14,32.9,14.6,23.0,32.0,0.0
La Cisterna,2024-01-15,30.0,14.8,22.8,28.6,0.0
La Cisterna,2024-01-16,30.9,11.9,21.1,29.3,0.0
La Cisterna,2024-01-17,29.8,17.1,22.5,30.2,0.0
La Cisterna,2024-01-18,31.6,14.6,22.4,31.1,0.0
La Cisterna,2024-01-19,32.3,19.2,24.6,31.9,0.0
La Cisterna,2024-01-20,30.2,18.7,23.5,30.1,0.0
La Cisterna,2024-01-21,32.0,18.0,23.6,32.1,0.0
La Cisterna,2024-01-22,32.8,18.0,24.2,33.5,0.0
La Cisterna,2024-01-23,30.3,15.3,22.0,31.3,0.0
La Cisterna,2024-01-24,34.0,17.4,24.6,34.4,0.0
La Cisterna,2024-01-25,31.0,17.9,23.6,31.5,0.0
La Cisterna,2024-01-26,30.0,15.6,21.8,29.8,0.0
La Cisterna,2024-01-27,32.7,17.1,23.2,33.8,0.0
La Cisterna,2024-01-28,29.1,17.4,22.4,29.7,0.0
La Cisterna,2024-01-29,31.8,17.1,23.4,32.6,0.0
La Cisterna,2024-01-30,34.3,17.6,25.0,34.8,0.0
La Cisterna,2024-01-31,36.0,20.4,27.4,35.4,0.0
La Cisterna,2024-02-01,34.0,20.9,26.3,33.2,0.0
La Cisterna,2024-02-02,34.7,19.1,26.1,33.5,0.0
La Cisterna,2024-02-03,35.2,20.4,26.8,34.4,0.0
La Cisterna,2024-02-04,30.2,17.9,23.7,30.5,0.0
La Cisterna,2024-02-05,31.8,14.8,22.8,32.1,0.0
La Cisterna,2024-02-06,30.5,17.9,23.4,30.2,0.0
La Cisterna,2024-02-07,33.5,16.6,24.2,33.4,0.0
La Cisterna,2024-02-08,31.8,19.1,24.3,32.7,0.0
La Cisterna,2024-02-09,30.6,16.5,22.4,30.6,0.0
La Cisterna,2024-02-10,32.8,17.3,24.0,33.3,0.0
La Cisterna,2024-02-11,29.4,15.8,21.7,29.1,0.0
La Cisterna,2024-02-12,34.0,16.0,24.1,32.9,0.0
La Cisterna,2024-02-13,30.7,17.0,24.3,30.3,0.0
La Cisterna,2024-02-14,31.2,14.9,21.5,31.5,0.0
La Cisterna,2024-02-15,32.0,15.8,21.9,33.4,0.0
La Cisterna,2024-02-16,29.4,15.2,21.6,30.2,0.0
La Cisterna,2024-02-17,32.5,16.5,23.9,32.1,0.0
La Cisterna,2024-02-18,32.7,19.0,24.7,32.8,0.0
La Cisterna,2024-02-19,28.0,15.4,20.7,28.3,0.0
La Cisterna,2024-02-20,29.0,14.2,20.1,29.9,0.0
La Cisterna,2024-02-21,28.2,13.6,19.7,28.5,0.0
La Cisterna,2024-02-22,18.6,14.1,16.0,17.8,12.9
La Cisterna,2024-02-23,27.8,13.9,20.1,29.1,0.0
La Cisterna,2024-02-24,29.1,15.4,21.5,29.9,0.0
La Cisterna,2024-02-25,29.6,15.8,21.7,30.0,0.0
La Cisterna,2024-02-26,30.4,15.8,22.3,31.2,0.0
La Cisterna,2024-02-27,29.9,17.5,22.7,29.8,0.0
La Cisterna,2024-02-28,31.5,16.1,22.6,31.2,0.0
La Cisterna,2024-02-29,32.0,17.2,23.8,31.7,0.0
La Cisterna,2024-03-01,28.9,17.8,22.5,28.6,0.0
La Cisterna,2024-03-02,30.0,16.4,22.5,29.7,0.0
La Cisterna,2024-03-03,30.2,18.6,23.1,29.6,0.0
La Cisterna,2024-03-04,31.0,17.6,22.9,30.7,0.0
La Cisterna,2024-03-05,29.4,17.6,22.4,28.5,0.0
La Cisterna,2024-03-06,28.6,16.2,21.3,28.4,0.0
La Cisterna,2024-03-07,27.5,13.8,19.5,27.5,0.0
La Cisterna,2024-03-08,27.5,11.6,18.5,26.4,0.0
La Cisterna,2024-03-09,30.0,14.1,21.0,28.8,0.0
La Cisterna,2024-03-10,28.8,15.4,21.0,28.1,0.0
La Cisterna,2024-03-11,27.3,13.1,18.8,27.7,0.0
La Cisterna,2024-03-12,27.8,11.8,19.1,26.7,0.0
La Cisterna,2024-03-13,27.7,12.9,19.7,27.0,0.0
La Cisterna,2024-03-14,28.0,15.6,20.7,26.8,0.0
La Cisterna,2024-03-15,28.0,15.8,20.3,26.6,0.0
La Cisterna,2024-03-16,28.2,13.6,20.1,26.8,0.0
La Cisterna,2024-03-17,29.5,16.3,21.4,27.7,0.0
La Cisterna,2024-03-18,30.8,17.5,22.7,28.9,0.0
La Cisterna,2024-03-19,27.9,15.2,21.4,26.1,0.0
La Cisterna,2024-03-20,21.6,11.8,16.0,20.8,0.9
La Cisterna,2024-03-21,31.0,13.9,21.4,30.1,0.5
La Cisterna,2024-03-22,31.5,19.5,24.0,30.6,0.0
La Cisterna,2024-03-23,29.2,15.3,21.7,28.2,0.0
La Cisterna,2024-03-24,29.9,17.9,22.6,29.8,0.0
La Cisterna,2024-03-25,27.6,15.8,20.8,27.9,0.0
La Cisterna,2024-03-26,29.0,14.4,20.6,29.4,0.0
La Cisterna,2024-03-27,28.8,15.9,21.7,28.9,0.0
La Cisterna,2024-03-28,28.9,17.6,21.8,29.0,0.0
La Cisterna,2024-03-29,29.6,16.5,21.9,29.5,0.0
La Cisterna,2024-03-30,30.9,16.3,22.5,29.9,0.0
La Cisterna,2024-03-31,29.0,17.1,22.0,26.7,0.0
La Cisterna,2024-04-01,26.1,12.9,19.0,24.0,0.0
La Cisterna,2024-04-02,24.3,14.4,18.5,21.8,0.1
La Cisterna,2024-04-03,20.4,12.6,15.9,19.5,0.0
La Cisterna,2024-04-04,26.5,12.9,18.7,26.0,0.0
La Cisterna,2024-04-05,27.9,16.2,20.4,26.8,0.0
La Cisterna,2024-04-06,25.0,11.8,18.0,23.4,0.0
La Cisterna,2024-04-07,28.5,15.8,20.0,26.8,0.0
La Cisterna,2024-04-08,25.1,14.4,18.5,23.2,0.0
La Cisterna,2024-04-09,26.3,14.9,19.0,25.3,0.0
La Cisterna,2024-04-10,26.8,13.9,19.0,25.5,0.0
La Cisterna,2024-04-11,22.0,11.3,15.0,19.8,0.0
La Cisterna,2024-04-12,15.8,10.6,12.8,14.0,0.0
La Cisterna,2024-04-13,18.2,8.2,12.8,16.4,0.8
La Cisterna,2024-04-14,20.0,9.4,14.1,18.2,1.0
La Cisterna,2024-04-15,18.4,10.9,12.9,15.6,7.7
La Cisterna,2024-04-16,22.0,9.4,15.1,20.3,0.0
La Cisterna,2024-04-17,27.0,8.8,17.3,25.0,0.0
La Cisterna,2024-04-18,29.1,12.3,19.1,27.8,0.0
La Cisterna,2024-04-19,23.8,13.9,17.8,21.9,0.0
La Cisterna,2024-04-20,21.2,14.9,17.0,19.6,0.0
La Cisterna,2024-04-21,18.2,12.1,15.1,16.5,0.0
La Cisterna,2024-04-22,20.0,10.7,14.9,18.1,0.0
La Cisterna,2024-04-23,23.9,10.9,16.3,22.0,0.0
La Cisterna,2024-04-24,21.9,11.5,15.3,20.0,0.0
La Cisterna,2024-04-25,21.2,11.4,14.8,17.7,0.0
La Cisterna,2024-04-26,19.0,9.4,13.3,16.4,0.0
La Cisterna,2024-04-27,20.0,8.9,12.7,17.7,0.0
La Cisterna,2024-04-28,17.4,7.9,11.9,14.3,0.0
La Cisterna,2024-04-29,17.9,6.4,11.6,13.6,0.0
La Cisterna,2024-04-30,15.2,6.4,11.2,13.2,21.2
La Cisterna,2024-05-01,14.4,8.2,10.4,11.8,0.9
La Cisterna,2024-05-02,14.4,2.7,8.6,11.7,0.0
La Cisterna,2024-05-03,15.6,6.7,9.8,13.3,0.0
La Cisterna,2024-05-04,17.2,6.3,11.3,14.3,0.0
La Cisterna,2024-05-05,15.4,8.6,11.2,13.5,0.0
La Cisterna,2024-05-06,15.4,6.2,10.4,13.3,0.0
La Cisterna,2024-05-07,10.2,3.7,6.5,8.2,31.1
La Cisterna,2024-05-08,14.2,0.6,6.3,12.9,0.0
La Cisterna,2024-05-09,17.0,4.1,9.1,14.9,0.0
La Cisterna,2024-05-10,13.2,4.6,8.5,11.3,0.0
La Cisterna,2024-05-11,13.4,4.9,8.5,10.8,0.0
La Cisterna,2024-05-12,12.8,3.8,8.2,9.8,0.0
La Cisterna,2024-05-13,13.9,1.5,6.8,11.5,0.0
La Cisterna,2024-05-14,14.9,2.3,8.1,12.3,0.0
La Cisterna,2024-05-15,9.7,2.9,6.0,6.8,2.5
La Cisterna,2024-05-16,13.1,0.7,6.1,10.2,0.0
La Cisterna,2024-05-17,12.9,2.2,6.8,10.2,0.3
La Cisterna,2024-05-18,14.4,1.5,7.0,11.7,0.0
La Cisterna,2024-05-19,17.0,2.4,9.7,14.7,0.0
La Cisterna,2024-05-20,11.2,8.6,9.5,8.8,36.0
La Cisterna,2024-05-21,13.7,7.0,9.6,12.3,3.7
La Cisterna,2024-05-22,10.4,7.0,8.7,9.0,28.2
La Cisterna,2024-05-23,12.1,4.0,7.5,10.1,13.5
La Cisterna,2024-05-24,16.2,2.5,9.0,14.7,0.0
La Cisterna,2024-05-25,15.2,8.4,11.0,13.7,0.1
La Cisterna,2024-05-26,13.6,5.1,8.3,12.0,19.8
La Cisterna,2024-05-27,16.9,3.5,9.9,15.5,0.0
La Cisterna,2024-05-28,19.1,5.8,11.8,17.4,0.0
La Cisterna,2024-05-29,17.8,8.4,13.7,16.7,0.0
La Cisterna,2024-05-30,19.4,8.6,13.6,18.7,0.0
La Cisterna,2024-05-31,17.4,7.4,12.1,15.6,0.0
La Cisterna,2024-06-01,18.2,5.0,11.3,17.1,0.0
La Cisterna,2024-06-02,20.9,11.8,14.7,21.2,0.0
La Cisterna,2024-06-03,19.4,11.4,15.7,16.8,0.0
La Cisterna,2024-06-04,18.6,10.1,13.8,17.4,0.1
La Cisterna,2024-06-05,17.9,9.9,13.9,15.6,0.1
La Cisterna,2024-06-06,16.5,13.3,14.8,15.6,0.0
La Cisterna,2024-06-07,20.1,12.3,16.9,20.4,0.0
La Cisterna,2024-06-08,16.9,8.5,12.5,14.2,3.9
La Cisterna,2024-06-09,13.2,8.3,10.2,12.0,13.5
La Cisterna,2024-06-10,14.1,8.7,11.6,13.4,0.0
La Cisterna,2024-06-11,14.9,10.2,12.8,13.8,0.0
La Cisterna,2024-06-12,13.6,9.1,11.5,11.8,0.0
La Cisterna,2024-06-13,12.6,8.8,10.0,8.9,51.6
La Cisterna,2024-06-14,14.1,5.9,9.5,12.1,16.1
La Cisterna,2024-06-15,13.4,4.0,8.6,11.1,0.0
La Cisterna,2024-06-16,13.8,2.6,7.5,12.5,0.0
La Cisterna,2024-06-17,14.2,3.9,8.3,11.8,0.8
La Cisterna,2024-06-18,11.1,6.8,8.6,9.7,25.7
La Cisterna,2024-06-19,14.6,4.5,8.9,12.7,24.1
La Cisterna,2024-06-20,12.2,7.6,10.0,11.1,0.0
La Cisterna,2024-06-21,8.7,6.8,7.6,6.9,45.7
La Cisterna,2024-06-22,8.9,5.6,7.0,7.2,16.1
La Cisterna,2024-06-23,10.4,5.4,7.1,8.1,0.4
La Cisterna,2024-06-24,7.8,4.1,6.0,6.0,0.0
La Cisterna,2024-06-25,9.9,1.8,5.6,7.7,0.3
La Cisterna,2024-06-26,16.2,0.7,7.8,14.4,0.0
La Cisterna,2024-06-27,15.7,6.1,10.0,14.3,0.0
La Cisterna,2024-06-28,15.1,4.8,9.4,14.2,0.0
La Cisterna,2024-06-29,18.0,4.8,11.2,16.9,0.0
La Cisterna,2024-06-30,18.5,5.7,11.3,16.7,0.0
La Cisterna,2024-07-01,19.5,6.3,11.6,18.0,0.0
La Cisterna,2024-07-02,17.7,5.7,11.0,15.8,0.0
La Cisterna,2024-07-03,16.1,7.4,11.5,14.4,0.0
La Cisterna,2024-07-04,14.4,5.2,9.3,12.9,0.0
La Cisterna,2024-07-05,15.1,2.6,8.0,13.2,0.0
La Cisterna,2024-07-06,13.3,2.4,6.8,10.7,0.0
La Cisterna,2024-07-07,13.2,1.2,6.8,11.1,0.0
La Cisterna,2024-07-08,13.6,1.5,7.1,11.4,0.0
La Cisterna,2024-07-09,10.5,0.8,4.6,7.6,0.0
La Cisterna,2024-07-10,9.5,0.1,4.3,7.1,0.0
La Cisterna,2024-07-11,11.1,-0.4,4.4,8.3,0.0
La Cisterna,2024-07-12,13.9,1.4,6.9,10.5,0.0
La Cisterna,2024-07-13,14.3,0.4,6.5,12.1,0.0
La Cisterna,2024-07-14,13.8,1.8,7.7,11.1,0.0
La Cisterna,2024-07-15,16.4,2.5,8.6,13.1,0.0
La Cisterna,2024-07-16,20.0,6.9,12.8,18.2,0.0
La Cisterna,2024-07-17,18.5,6.1,12.3,16.5,0.0
La Cisterna,2024-07-18,15.1,8.0,11.2,12.9,0.1
La Cisterna,2024-07-19,15.2,7.1,10.8,14.0,0.0
La Cisterna,2024-07-20,14.0,5.9,9.0,13.2,0.0
La Cisterna,2024-07-21,14.0,5.6,9.1,10.8,0.0
La Cisterna,2024-07-22,17.5,7.2,12.2,16.2,0.0
La Cisterna,2024-07-23,10.8,5.6,8.1,9.2,0.3
La Cisterna,2024-07-24,15.8,2.8,9.4,14.8,0.0
La Cisterna,2024-07-25,17.9,4.8,10.3,15.9,0.0
La Cisterna,2024-07-26,13.9,7.3,10.1,12.4,0.0
La Cisterna,2024-07-27,16.1,5.9,10.1,14.3,0.0
La Cisterna,2024-07-28,17.0,8.6,12.1,15.4,0.0
La Cisterna,2024-07-29,22.0,5.8,13.6,21.1,0.0
La Cisterna,2024-07-30,18.0,11.4,14.3,16.4,0.0
La Cisterna,2024-07-31,13.8,8.0,11.0,12.5,0.0
La Cisterna,2024-08-01,12.4,7.9,9.3,9.3,0.0
La Cisterna,2024-08-02,12.0,5.4,8.7,9.3,65.0
La Cisterna,2024-08-03,15.4,2.8,8.8,12.6,6.1
La Cisterna,2024-08-04,15.2,7.0,10.3,13.3,0.0
La Cisterna,2024-08-05,10.6,5.8,8.1,8.6,8.9
La Cisterna,2024-08-06,11.2,4.1,6.9,8.6,10.7
La Cisterna,2024-08-07,10.1,-0.3,5.1,7.7,0.0
La Cisterna,2024-08-08,13.1,-1.0,5.4,10.9,0.0
La Cisterna,2024-08-09,18.4,1.9,9.6,16.4,0.0
La Cisterna,2024-08-10,18.7,4.9,11.0,16.6,0.0
La Cisterna,2024-08-11,20.1,4.8,11.9,18.5,0.0
La Cisterna,2024-08-12,23.0,7.8,14.8,22.0,0.0
La Cisterna,2024-08-13,20.0,8.1,12.7,19.3,0.0
La Cisterna,2024-08-14,14.6,9.0,11.4,14.0,0.0
La Cisterna,2024-08-15,16.2,7.5,11.0,14.9,0.0
La Cisterna,2024-08-16,12.9,7.2,9.7,11.8,0.0
La Cisterna,2024-08-17,14.9,7.4,10.1,13.1,0.0
La Cisterna,2024-08-18,12.6,6.9,9.0,11.0,0.0
La Cisterna,2024-08-19,11.7,4.9,7.9,9.6,0.0
La Cisterna,2024-08-20,9.8,3.7,6.1,7.3,0.2
La Cisterna,2024-08-21,10.9,3.8,6.1,7.5,7.8
La Cisterna,2024-08-22,10.7,0.4,5.7,7.8,0.1
La Cisterna,2024-08-23,9.9,2.0,5.3,7.4,1.8
La Cisterna,2024-08-24,16.9,-0.1,7.7,14.9,0.0
La Cisterna,2024-08-25,19.1,5.8,11.6,17.9,0.0
La Cisterna,2024-08-26,16.5,3.5,10.6,15.0,0.0
La Cisterna,2024-08-27,18.2,3.2,10.5,17.1,0.0
La Cisterna,2024-08-28,15.0,6.4,10.2,14.6,0.0
La Cisterna,2024-08-29,12.3,6.3,8.5,10.1,0.3
La Cisterna,2024-08-30,13.1,6.1,8.6,10.9,1.4
La Cisterna,2024-08-31,18.8,3.6,10.6,18.0,0.0
La Cisterna,2024-09-01,23.2,7.6,14.2,22.4,0.0
La Cisterna,2024-09-02,13.9,6.8,10.6,12.2,0.1
La Cisterna,2024-09-03,15.4,6.8,10.5,13.3,0.0
La Cisterna,2024-09-04,18.7,6.2,12.4,17.5,0.0
La Cisterna,2024-09-05,21.1,6.3,13.4,20.3,0.0
La Cisterna,2024-09-06,17.1,8.7,12.4,16.5,0.0
La Cisterna,2024-09-07,16.0,7.6,10.7,15.7,0.0
La Cisterna,2024-09-08,18.9,6.9,12.4,17.3,0.0
La Cisterna,2024-09-09,20.5,11.1,14.7,19.7,0.0
La Cisterna,2024-09-10,17.3,8.6,12.8,15.8,0.6
La Cisterna,2024-09-11,18.0,5.8,11.7,17.3,0.3
La Cisterna,2024-09-12,16.1,8.1,11.4,15.5,0.0
La Cisterna,2024-09-13,17.5,6.2,11.2,16.6,0.0
La Cisterna,2024-09-14,21.7,4.9,13.5,20.4,0.0
La Cisterna,2024-09-15,22.1,7.4,15.1,21.0,0.0
La Cisterna,2024-09-16,23.8,8.9,15.5,22.1,0.0
La Cisterna,2024-09-17,21.0,7.2,13.6,20.2,0.0
La Cisterna,2024-09-18,21.2,8.2,14.4,20.0,0.0
La Cisterna,2024-09-19,16.3,5.7,10.7,13.5,1.7
La Cisterna,2024-09-20,17.8,5.2,11.5,16.7,0.0
La Cisterna,2024-09-21,16.4,7.8,11.3,15.4,0.0
La Cisterna,2024-09-22,12.8,7.4,10.0,10.8,3.5
La Cisterna,2024-09-23,14.8,8.9,11.2,13.7,0.6
La Cisterna,2024-09-24,16.9,7.7,11.4,16.7,0.0
La Cisterna,2024-09-25,16.8,7.2,11.1,15.5,0.0
La Cisterna,2024-09-26,23.5,4.8,14.3,22.5,0.0
La Cisterna,2024-09-27,21.4,9.0,15.5,20.7,0.0
La Cisterna,2024-09-28,23.2,13.8,17.2,22.7,0.0
La Cisterna,2024-09-29,18.4,9.4,13.5,18.5,0.0
La Cisterna,2024-09-30,18.1,8.1,11.4,17.0,0.0
La Cisterna,2024-10-01,17.1,6.2,11.4,14.5,0.0
La Cisterna,2024-10-02,20.5,7.8,13.6,19.9,0.0
La Cisterna,2024-10-03,24.4,11.1,17.0,24.4,0.0
La Cisterna,2024-10-04,24.5,11.7,16.9,24.3,0.0
La Cisterna,2024-10-05,24.7,9.8,17.9,24.6,0.0
La Cisterna,2024-10-06,21.2,13.2,17.1,20.3,0.4
La Cisterna,2024-10-07,22.3,11.0,15.8,22.5,4.2
La Cisterna,2024-10-08,15.4,9.4,11.8,13.8,5.9
La Cisterna,2024-10-09,18.6,9.1,13.4,17.2,0.0
La Cisterna,2024-10-10,17.7,9.5,13.2,16.9,0.0
La Cisterna,2024-10-11,18.0,10.0,13.0,16.9,0.0
La Cisterna,2024-10-12,18.0,10.4,14.0,17.2,0.0
La Cisterna,2024-10-13,23.1,11.1,16.0,23.6,0.0
La Cisterna,2024-10-14,21.5,10.2,15.6,20.8,0.0
La Cisterna,2024-10-15,27.4,10.3,17.9,27.4,0.0
La Cisterna,2024-10-16,19.2,8.1,13.9,19.2,0.0
La Cisterna,2024-10-17,25.8,7.7,16.5,26.2,0.0
La Cisterna,2024-10-18,28.3,11.2,19.4,28.5,0.0
La Cisterna,2024-10-19,22.0,10.6,15.6,22.7,0.0
La Cisterna,2024-10-20,19.8,8.9,13.1,18.4,0.7
La Cisterna,2024-10-21,23.6,9.2,15.8,23.7,0.0
La Cisterna,2024-10-22,23.1,10.6,16.0,23.4,3.4
La Cisterna,2024-10-23,18.6,9.1,12.7,18.4,8.4
La Cisterna,2024-10-24,25.1,7.4,15.9,24.8,0.0
La Cisterna,2024-10-25,23.3,8.9,15.4,23.1,0.0
La Cisterna,2024-10-26,28.3,9.6,18.6,28.4,0.0
La Cisterna,2024-10-27,27.1,11.8,19.0,27.6,0.0
La Cisterna,2024-10-28,31.5,12.2,20.9,32.1,0.0
La Cisterna,2024-10-29,24.5,12.6,18.6,24.8,0.0
La Cisterna,2024-10-30,25.5,11.4,17.1,26.1,0.0
La Cisterna,2024-10-31,26.2,11.6,17.9,26.7,0.0
La Cisterna,2024-11-01,20.0,11.1,13.9,19.1,0.0
La Cisterna,2024-11-02,25.1,8.5,16.5,24.5,0.0
La Cisterna,2024-11-03,23.4,10.0,15.8,22.6,0.0
La Cisterna,2024-11-04,23.2,9.4,15.5,21.7,0.0
La Cisterna,2024-11-05,26.6,11.4,18.4,25.3,0.0
La Cisterna,2024-11-06,26.5,13.2,19.4,25.6,0.0
La Cisterna,2024-11-07,24.8,13.6,19.4,23.8,0.0
La Cisterna,2024-11-08,29.3,15.3,21.2,28.4,0.0
La Cisterna,2024-11-09,27.5,13.9,20.3,26.9,0.0
La Cisterna,2024-11-10,21.6,11.7,16.5,20.5,0.0
La Cisterna,2024-11-11,25.7,11.5,18.4,24.1,0.0
La Cisterna,2024-11-12,30.8,13.1,22.7,29.7,0.0
La Cisterna,2024-11-13,27.0,15.1,21.7,27.3,0.0
La Cisterna,2024-11-14,26.6,13.9,19.0,27.5,0.0
La Cisterna,2024-11-15,25.1,11.1,17.7,25.2,0.0
La Cisterna,2024-11-16,19.8,12.9,16.0,18.4,1.6
La Cisterna,2024-11-17,25.3,10.1,17.1,26.1,0.0
La Cisterna,2024-11-18,26.0,13.4,18.6,26.6,0.0
La Cisterna,2024-11-19,25.5,11.5,17.2,25.6,0.0
La Cisterna,2024-11-20,25.0,12.6,18.2,24.6,0.0
La Cisterna,2024-11-21,27.4,14.5,19.7,28.0,0.0
La Cisterna,2024-11-22,26.3,12.1,18.9,26.4,0.0
La Cisterna,2024-11-23,29.2,13.9,20.9,29.5,0.0
La Cisterna,2024-11-24,27.7,13.9,20.6,28.0,0.0
La Cisterna,2024-11-25,26.4,15.1,20.1,25.8,0.0
La Cisterna,2024-11-26,26.0,13.1,18.8,25.2,0.0
La Cisterna,2024-11-27,24.7,11.6,17.2,24.0,0.0
La Cisterna,2024-11-28,25.6,10.4,17.9,25.0,0.0
La Cisterna,2024-11-29,28.0,14.3,20.7,27.4,0.0
La Cisterna,2024-11-30,25.9,11.9,19.0,24.9,0.0
La Cisterna,2024-12-01,23.9,9.1,16.2,23.1,0.0
La Cisterna,2024-12-02,25.8,12.4,18.8,25.0,0.0
La Cisterna,2024-12-03,25.8,12.8,18.4,25.9,0.0
La Cisterna,2024-12-04,24.5,11.1,16.8,24.8,0.0
La Cisterna,2024-12-05,22.0,9.4,15.2,21.5,0.0
La Cisterna,2024-12-06,25.5,10.5,17.7,24.4,0.0
La Cisterna,2024-12-07,26.2,13.7,19.3,26.5,0.0
La Cisterna,2024-12-08,24.6,11.6,17.5,24.1,0.0
La Cisterna,2024-12-09,29.5,12.2,20.4,29.1,0.0
La Cisterna,2024-12-10,28.4,15.5,21.2,28.8,0.0
La Cisterna,2024-12-11,29.5,14.7,21.6,29.6,0.0
La Cisterna,2024-12-12,27.1,12.9,19.3,26.9,0.0
La Cisterna,2024-12-13,29.4,15.2,21.7,29.3,0.0
La Cisterna,2024-12-14,30.1,16.2,21.9,30.6,0.0
La Cisterna,2024-12-15,26.9,15.1,19.8,27.7,0.0
La Cisterna,2024-12-16,27.6,13.1,19.2,28.8,0.0
La Cisterna,2024-12-17,26.1,13.1,18.7,26.9,0.0
La Cisterna,2024-12-18,27.9,13.1,20.4,28.2,0.0
La Cisterna,2024-12-19,32.3,16.5,23.9,32.3,0.0
La Cisterna,2024-12-20,29.4,16.4,22.2,28.4,0.0
La Cisterna,2024-12-21,31.8,16.5,23.9,31.8,0.0
La Cisterna,2024-12-22,33.4,19.3,25.3,34.1,0.0
La Cisterna,2024-12-23,29.3,19.3,23.9,30.2,0.0
La Cisterna,2024-12-24,30.2,17.4,23.0,30.9,0.0
La Cisterna,2024-12-25,28.6,15.9,21.4,30.1,0.0
La Cisterna,2024-12-26,27.3,13.6,19.3,28.3,0.0
La Cisterna,2024-12-27,27.9,14.4,20.1,29.6,0.0
La Cisterna,2024-12-28,29.2,14.8,20.7,30.6,0.0
La Cisterna,2024-12-29,30.5,15.1,21.8,32.2,0.0
La Cisterna,2024-12-30,30.0,15.9,22.1,31.6,0.0
La Cisterna,2024-12-31,30.2,16.9,22.8,30.4,0.0
La Florida,2024-01-01,28.4,12.3,19.2,29.0,0.0
La Florida,2024-01-02,29.3,13.5,20.4,30.3,0.0
La Florida,2024-01-03,28.9,15.9,21.3,29.6,0.0
La Florida,2024-01-04,27.6,14.8,20.6,29.0,0.0
La Florida,2024-01-05,25.5,15.2,19.5,26.4,0.0
La Florida,2024-01-06,26.1,14.3,19.3,26.6,0.0
La Florida,2024-01-07,28.6,13.0,20.3,27.9,0.0
La Florida,2024-01-08,28.5,14.9,20.5,28.2,0.0
La Florida,2024-01-09,28.3,14.6,20.3,28.0,0.0
La Florida,2024-01-10,28.6,14.5,20.6,28.3,0.0
La Florida,2024-01-11,28.9,16.4,20.9,28.6,0.0
La Florida,2024-01-12,27.1,14.8,19.7,27.4,0.0
La Florida,2024-01-13,26.5,12.1,18.3,26.5,0.0
La Florida,2024-01-14,32.1,14.7,22.7,31.3,0.0
La Florida,2024-01-15,29.4,13.8,22.4,28.1,0.0
La Florida,2024-01-16,30.0,11.1,20.7,28.6,0.0
La Florida,2024-01-17,28.8,16.4,21.9,29.7,0.0
La Florida,2024-01-18,30.4,14.0,21.6,30.3,0.0
La Florida,2024-01-19,31.7,17.7,23.9,31.6,0.0
La Florida,2024-01-20,29.6,18.5,23.2,29.9,0.0
La Florida,2024-01-21,31.5,18.5,23.5,31.8,0.0
La Florida,2024-01-22,32.3,17.9,24.0,33.1,0.0
La Florida,2024-01-23,29.7,16.0,21.9,31.0,0.0
La Florida,2024-01-24,33.2,17.3,24.3,33.9,0.0
La Florida,2024-01-25,30.2,17.9,23.4,31.3,0.0
La Florida,2024-01-26,29.2,15.4,21.5,29.5,0.0
La Florida,2024-01-27,32.0,17.2,23.0,33.1,0.0
La Florida,2024-01-28,28.4,17.2,22.0,29.4,0.0
La Florida,2024-01-29,31.1,16.9,22.9,32.3,0.0
La Florida,2024-01-30,33.5,16.4,24.6,34.4,0.0
La Florida,2024-01-31,35.0,17.5,26.2,34.6,0.0
La Florida,2024-02-01,33.4,18.1,25.3,32.8,0.0
La Florida,2024-02-02,33.4,18.2,25.5,32.6,0.0
La Florida,2024-02-03,34.3,19.5,26.2,33.8,0.0
La Florida,2024-02-04,29.3,17.1,23.4,29.8,0.0
La Florida,2024-02-05,31.1,14.6,22.4,31.6,0.0
La Florida,2024-02-06,29.8,17.5,23.0,29.8,0.0
La Florida,2024-02-07,32.6,16.3,23.8,32.8,0.0
La Florida,2024-02-08,31.0,18.5,23.8,32.1,0.0
La Florida,2024-02-09,29.7,16.8,21.9,30.4,0.0
La Florida,2024-02-10,32.1,16.1,23.5,32.7,0.0
La Florida,2024-02-11,28.6,16.3,21.4,28.8,0.0
La Florida,2024-02-12,32.9,15.6,23.5,32.4,0.0
La Florida,2024-02-13,30.1,16.8,22.9,30.3,0.0
La Florida,2024-02-14,30.6,15.6,21.3,31.3,0.0
La Florida,2024-02-15,31.6,16.2,21.8,33.3,0.0
La Florida,2024-02-16,28.8,15.9,21.4,30.3,0.0
La Florida,2024-02-17,31.0,16.1,23.3,31.6,0.0
La Florida,2024-02-18,32.0,17.6,23.9,32.5,0.0
La Florida,2024-02-19,27.0,16.1,20.4,27.5,0.0
La Florida,2024-02-20,27.9,13.4,19.5,29.2,0.0
La Florida,2024-02-21,27.3,13.4,19.0,27.8,0.0
La Florida,2024-02-22,17.6,12.9,14.7,16.8,12.5
La Florida,2024-02-23,26.3,12.3,19.0,28.1,1.1
La Florida,2024-02-24,28.0,14.0,20.5,29.2,0.0
La Florida,2024-02-25,28.5,14.2,20.6,29.4,0.0
La Florida,2024-02-26,29.4,15.5,21.6,30.6,0.0
La Florida,2024-02-27,28.9,16.0,21.8,29.4,0.0
La Florida,2024-02-28,30.2,16.2,21.9,30.3,0.0
La Florida,2024-02-29,30.8,16.2,22.8,31.1,0.0
La Florida,2024-03-01,27.7,17.8,22.0,27.8,0.0
La Florida,2024-03-02,29.1,16.5,21.9,28.9,0.0
La Florida,2024-03-03,29.2,18.1,22.4,29.0,0.0
La Florida,2024-03-04,30.0,15.9,22.2,30.2,0.0
La Florida,2024-03-05,28.2,15.7,21.2,28.1,0.0
La Florida,2024-03-06,27.7,15.7,20.7,28.0,0.0
La Florida,2024-03-07,26.5,14.1,19.1,26.7,0.0
La Florida,2024-03-08,26.5,11.2,17.9,25.6,0.0
La Florida,2024-03-09,28.7,13.1,20.4,28.1,0.0
La Florida,2024-03-10,27.8,14.1,20.4,27.4,0.0
La Florida,2024-03-11,26.5,13.3,18.4,27.0,0.0
La Florida,2024-03-12,26.8,12.4,18.5,26.0,0.0
La Florida,2024-03-13,27.0,13.8,19.5,26.8,0.0
La Florida,2024-03-14,26.9,15.4,20.0,26.1,0.0
La Florida,2024-03-15,27.0,15.5,19.9,26.1,0.0
La Florida,2024-03-16,27.3,14.8,19.6,26.3,0.0
La Florida,2024-03-17,28.8,15.5,20.7,27.4,0.0
La Florida,2024-03-18,29.9,15.1,21.9,28.2,0.0
La Florida,2024-03-19,26.6,14.0,20.7,25.0,0.0
La Florida,2024-03-20,20.7,10.6,15.1,19.7,1.1
La Florida,2024-03-21,30.4,14.4,21.0,29.3,0.2
La Florida,2024-03-22,30.7,14.8,22.6,29.9,0.0
La Florida,2024-03-23,28.5,16.4,21.5,28.0,0.0
La Florida,2024-03-24,29.2,17.9,22.1,29.4,0.0
La Florida,2024-03-25,27.0,14.9,20.6,27.7,0.0
La Florida,2024-03-26,28.1,14.4,20.4,29.0,0.0
La Florida,2024-03-27,28.1,15.9,21.0,28.4,0.0
La Florida,2024-03-28,28.2,15.9,21.0,28.7,0.0
La Florida,2024-03-29,29.0,15.1,21.6,29.1,0.0
La Florida,2024-03-30,29.3,14.5,21.7,29.2,0.0
La Florida,2024-03-31,28.0,16.1,21.7,26.0,0.0
La Florida,2024-04-01,25.3,14.2,18.9,22.9,0.0
La Florida,2024-04-02,23.5,13.8,18.0,20.9,2.3
La Florida,2024-04-03,19.4,12.6,15.4,18.7,0.0
La Florida,2024-04-04,25.8,13.4,18.3,25.6,0.0
La Florida,2024-04-05,27.2,12.1,18.9,26.2,0.0
La Florida,2024-04-06,24.0,13.0,17.7,23.0,0.0
La Florida,2024-04-07,27.6,11.4,18.6,26.4,0.0
La Florida,2024-04-08,24.5,14.9,18.3,22.9,0.0
La Florida,2024-04-09,25.5,14.7,18.7,24.8,0.0
La Florida,2024-04-10,26.2,12.8,18.4,24.8,0.0
La Florida,2024-04-11,21.3,11.2,14.9,19.1,0.0
La Florida,2024-04-12,14.8,9.4,12.1,13.2,0.9
La Florida,2024-04-13,17.1,8.7,12.3,15.3,4.3
La Florida,2024-04-14,19.0,8.4,13.2,17.1,1.1
La Florida,2024-04-15,16.8,10.3,12.1,15.3,9.6
La Florida,2024-04-16,21.5,8.8,14.7,19.6,0.0
La Florida,2024-04-17,26.1,7.9,16.3,24.4,0.0
La Florida,2024-04-18,28.9,10.8,18.7,27.3,0.0
La Florida,2024-04-19,23.1,12.1,17.3,21.3,0.0
La Florida,2024-04-20,20.8,12.7,16.5,19.0,0.0
La Florida,2024-04-21,17.1,11.5,14.5,15.3,0.0
La Florida,2024-04-22,19.4,10.6,14.3,17.1,0.0
La Florida,2024-04-23,23.4,7.7,14.9,21.6,0.0
La Florida,2024-04-24,21.1,10.3,14.5,19.6,0.0
La Florida,2024-04-25,20.5,8.1,14.0,17.1,0.0
La Florida,2024-04-26,18.3,9.5,13.1,15.8,0.0
La Florida,2024-04-27,19.1,8.7,12.6,17.0,0.0
La Florida,2024-04-28,16.5,7.1,11.2,13.6,0.0
La Florida,2024-04-29,16.5,6.6,11.2,12.6,0.0
La Florida,2024-04-30,14.5,5.9,10.3,12.3,13.6
La Florida,2024-05-01,13.4,5.1,9.3,10.8,0.8
La Florida,2024-05-02,13.7,0.9,7.6,10.9,0.0
La Florida,2024-05-03,15.0,5.1,9.4,12.7,0.0
La Florida,2024-05-04,16.3,6.7,11.0,13.6,0.0
La Florida,2024-05-05,14.7,6.3,10.0,12.8,0.0
La Florida,2024-05-06,14.6,4.9,9.4,12.6,0.1
La Florida,2024-05-07,8.9,3.2,5.9,7.3,29.8
La Florida,2024-05-08,13.5,-2.7,4.9,11.9,0.0
La Florida,2024-05-09,16.6,1.0,7.8,14.5,0.0
La Florida,2024-05-10,12.4,3.8,7.7,10.5,0.0
La Florida,2024-05-11,12.8,4.2,7.9,10.3,0.0
La Florida,2024-05-12,11.8,2.3,7.5,8.9,0.2
La Florida,2024-05-13,13.2,-0.2,5.6,10.7,0.0
La Florida,2024-05-14,14.5,0.2,6.8,11.9,0.0
La Florida,2024-05-15,8.2,1.8,4.8,5.1,2.5
La Florida,2024-05-16,12.3,-1.9,5.0,9.1,0.0
La Florida,2024-05-17,12.1,0.5,5.8,9.4,0.2
La Florida,2024-05-18,13.5,-1.4,5.7,10.6,0.0
La Florida,2024-05-19,16.9,0.3,8.8,14.3,0.0
La Florida,2024-05-20,10.2,7.7,8.8,8.1,33.2
La Florida,2024-05-21,13.1,6.9,9.2,11.7,7.1
La Florida,2024-05-22,9.3,6.4,7.9,8.1,32.2
La Florida,2024-05-23,11.3,1.9,6.7,9.2,14.8
La Florida,2024-05-24,15.3,-1.4,7.0,14.7,0.0
La Florida,2024-05-25,14.8,7.3,10.0,13.0,0.6
La Florida,2024-05-26,12.9,2.0,7.2,11.1,12.5
La Florida,2024-05-27,16.8,-0.2,7.8,15.5,0.0
La Florida,2024-05-28,19.8,4.7,10.8,17.8,0.0
La Florida,2024-05-29,18.0,8.5,12.0,16.7,0.0
La Florida,2024-05-30,19.3,8.2,12.7,18.4,0.0
La Florida,2024-05-31,17.7,6.1,10.8,16.7,0.0
La Florida,2024-06-01,18.7,2.4,10.2,17.4,0.0
La Florida,2024-06-02,20.7,9.7,13.5,22.1,0.0
La Florida,2024-06-03,18.2,12.0,14.5,16.8,0.0
La Florida,2024-06-04,18.6,8.8,12.9,17.3,0.5
La Florida,2024-06-05,15.9,8.9,12.2,15.5,0.9
La Florida,2024-06-06,17.0,8.0,12.7,15.6,0.0
La Florida,2024-06-07,19.9,8.7,13.6,20.5,0.0
La Florida,2024-06-08,14.9,9.0,11.7,14.1,4.9
La Florida,2024-06-09,12.9,7.2,9.6,11.4,24.6
La Florida,2024-06-10,14.2,7.4,10.5,12.8,0.0
La Florida,2024-06-11,14.8,9.3,11.6,13.6,0.0
La Florida,2024-06-12,12.9,9.5,10.8,11.4,0.0
La Florida,2024-06-13,11.6,8.2,9.4,8.5,73.7
La Florida,2024-06-14,13.1,5.1,8.7,11.5,21.9
La Florida,2024-06-15,12.7,1.8,7.1,10.7,2.5
La Florida,2024-06-16,13.3,0.9,6.8,11.7,0.0
La Florida,2024-06-17,13.6,2.4,7.6,11.6,10.0
La Florida,2024-06-18,10.2,5.4,7.8,8.9,36.2
La Florida,2024-06-19,13.8,3.8,8.3,11.8,13.5
La Florida,2024-06-20,11.8,6.5,8.7,10.4,0.0
La Florida,2024-06-21,7.7,5.9,6.7,6.0,46.4
La Florida,2024-06-22,7.5,3.9,5.7,5.7,20.6
La Florida,2024-06-23,9.7,4.8,6.4,7.5,0.9
La Florida,2024-06-24,7.8,4.5,5.8,6.1,0.1
La Florida,2024-06-25,9.4,0.8,5.2,6.9,0.3
La Florida,2024-06-26,16.4,-0.9,7.1,14.8,0.0
La Florida,2024-06-27,15.4,6.0,10.1,13.8,0.0
La Florida,2024-06-28,15.1,3.2,8.3,14.0,0.0
La Florida,2024-06-29,18.2,3.0,9.4,17.1,0.0
La Florida,2024-06-30,18.6,4.6,10.5,16.6,0.0
La Florida,2024-07-01,19.9,4.2,10.6,17.8,0.0
La Florida,2024-07-02,17.6,4.3,10.0,15.6,0.0
La Florida,2024-07-03,16.2,6.7,10.6,13.9,0.0
La Florida,2024-07-04,14.0,4.0,8.3,12.5,0.0
La Florida,2024-07-05,15.3,0.5,7.3,13.1,0.0
La Florida,2024-07-06,13.0,2.5,7.1,10.4,0.0
La Florida,2024-07-07,13.3,1.4,7.1,11.0,0.0
La Florida,2024-07-08,13.8,0.9,6.7,11.5,0.0
La Florida,2024-07-09,10.5,0.7,4.4,8.0,0.0
La Florida,2024-07-10,9.0,-1.3,3.4,6.5,0.0
La Florida,2024-07-11,10.6,-0.3,4.1,8.0,0.0
La Florida,2024-07-12,13.9,-1.5,5.4,10.6,0.0
La Florida,2024-07-13,14.4,0.3,6.2,12.6,0.0
La Florida,2024-07-14,14.7,1.9,7.2,12.3,0.0
La Florida,2024-07-15,17.7,3.6,9.2,15.2,0.0
La Florida,2024-07-16,19.8,6.5,12.0,18.2,0.0
La Florida,2024-07-17,19.4,6.1,12.4,17.6,0.0
La Florida,2024-07-18,15.5,7.7,11.4,13.1,0.1
La Florida,2024-07-19,14.8,6.6,10.7,13.7,0.0
La Florida,2024-07-20,14.4,4.8,8.5,13.3,0.0
La Florida,2024-07-21,13.4,4.5,8.2,10.3,0.0
La Florida,2024-07-22,17.1,4.1,10.2,15.5,0.0
La Florida,2024-07-23,10.6,5.6,7.8,8.6,0.7
La Florida,2024-07-24,15.9,1.3,8.0,14.8,0.1
La Florida,2024-07-25,17.7,4.1,10.1,15.6,0.0
La Florida,2024-07-26,13.7,3.0,8.5,12.3,0.0
La Florida,2024-07-27,15.2,7.9,10.6,13.9,0.0
La Florida,2024-07-28,16.6,3.9,10.3,15.2,0.0
La Florida,2024-07-29,22.2,5.0,12.3,21.7,0.0
La Florida,2024-07-30,18.0,9.8,13.4,16.7,0.0
La Florida,2024-07-31,13.5,7.6,10.6,12.6,0.0
La Florida,2024-08-01,12.0,7.0,8.6,10.3,0.0
La Florida,2024-08-02,11.0,4.7,7.8,8.2,70.6
La Florida,2024-08-03,15.0,1.7,7.4,11.9,4.3
La Florida,2024-08-04,14.0,4.5,8.4,12.1,0.0
La Florida,2024-08-05,8.9,5.2,6.9,7.4,14.5
La Florida,2024-08-06,10.0,2.6,5.9,7.6,11.1
La Florida,2024-08-07,9.2,-1.9,3.5,6.8,0.0
La Florida,2024-08-08,12.7,-4.3,3.4,10.6,0.0
La Florida,2024-08-09,18.1,-2.8,7.1,16.0,0.0
La Florida,2024-08-10,18.4,3.8,10.2,16.3,0.0
La Florida,2024-08-11,19.6,3.4,10.7,18.5,0.0
La Florida,2024-08-12,22.8,5.4,13.1,21.6,0.0
La Florida,2024-08-13,19.7,7.7,12.3,19.3,0.0
La Florida,2024-08-14,14.3,7.8,10.9,13.9,0.0
La Florida,2024-08-15,15.8,6.7,10.6,14.6,0.0
La Florida,2024-08-16,12.0,5.3,8.6,11.0,0.0
La Florida,2024-08-17,14.5,7.2,9.9,12.8,0.0
La Florida,2024-08-18,12.4,6.9,8.9,10.7,0.0
La Florida,2024-08-19,11.0,4.7,7.8,8.9,0.0
La Florida,2024-08-20,9.0,3.3,5.4,6.4,0.2
La Florida,2024-08-21,10.2,2.5,5.3,6.7,7.0
La Florida,2024-08-22,9.8,-0.9,4.6,7.0,3.8
La Florida,2024-08-23,8.8,-1.7,3.8,6.7,9.6
La Florida,2024-08-24,15.9,-4.6,5.3,13.9,0.0
La Florida,2024-08-25,18.4,1.8,10.0,17.2,0.0
La Florida,2024-08-26,15.8,0.5,8.5,14.4,0.0
La Florida,2024-08-27,18.0,1.0,9.5,16.8,0.0
La Florida,2024-08-28,14.6,4.0,9.7,14.0,0.0
La Florida,2024-08-29,11.5,4.1,7.6,9.3,0.3
La Florida,2024-08-30,12.1,4.7,7.7,10.1,0.6
La Florida,2024-08-31,17.9,1.3,9.5,17.6,0.0
La Florida,2024-09-01,22.8,6.7,13.9,22.0,0.0
La Florida,2024-09-02,13.4,6.0,10.2,12.2,0.0
La Florida,2024-09-03,14.5,4.0,9.1,12.6,0.0
La Florida,2024-09-04,17.8,2.8,11.0,17.4,0.0
La Florida,2024-09-05,20.5,5.5,12.6,19.4,0.0
La Florida,2024-09-06,16.6,9.4,12.4,16.1,0.0
La Florida,2024-09-07,15.3,7.0,10.3,15.1,0.0
La Florida,2024-09-08,18.0,6.4,11.9,17.2,0.0
La Florida,2024-09-09,19.8,11.5,14.7,19.2,0.0
La Florida,2024-09-10,16.6,7.8,12.0,15.2,1.2
La Florida,2024-09-11,16.8,4.6,11.1,16.1,0.4
La Florida,2024-09-12,15.5,6.1,10.0,15.3,0.2
La Florida,2024-09-13,16.3,6.1,10.5,15.8,0.0
La Florida,2024-09-14,20.5,2.6,11.9,19.5,0.0
La Florida,2024-09-15,20.9,5.9,13.4,20.1,0.0
La Florida,2024-09-16,22.7,5.6,14.1,21.2,0.0
La Florida,2024-09-17,20.0,7.6,13.5,19.6,0.0
La Florida,2024-09-18,20.6,7.7,12.6,20.1,0.0
La Florida,2024-09-19,14.9,5.0,9.5,13.1,3.7
La Florida,2024-09-20,16.9,4.1,10.6,16.2,0.0
La Florida,2024-09-21,15.8,7.2,10.9,14.9,0.0
La Florida,2024-09-22,12.3,7.2,9.5,10.3,3.7
La Florida,2024-09-23,14.4,8.2,10.5,13.9,0.7
La Florida,2024-09-24,16.2,5.3,10.6,16.0,0.2
La Florida,2024-09-25,15.6,5.8,10.2,15.0,0.0
La Florida,2024-09-26,22.5,1.1,12.7,22.0,0.0
La Florida,2024-09-27,20.6,7.8,14.3,20.1,0.0
La Florida,2024-09-28,22.2,10.7,16.6,22.1,0.0
La Florida,2024-09-29,17.2,7.9,12.0,17.4,0.0
La Florida,2024-09-30,17.3,7.1,10.7,15.3,0.1
La Florida,2024-10-01,15.8,6.1,10.9,13.4,0.0
La Florida,2024-10-02,19.6,5.3,12.5,19.3,0.0
La Florida,2024-10-03,23.7,8.1,15.6,24.1,0.0
La Florida,2024-10-04,23.4,10.7,16.2,23.7,0.0
La Florida,2024-10-05,23.8,9.6,16.9,24.2,0.0
La Florida,2024-10-06,21.7,12.6,16.3,21.1,0.3
La Florida,2024-10-07,20.9,10.5,15.2,21.6,14.7
La Florida,2024-10-08,15.2,8.9,11.3,13.9,4.0
La Florida,2024-10-09,17.3,9.0,13.1,16.3,0.0
La Florida,2024-10-10,16.4,8.2,12.2,15.7,0.6
La Florida,2024-10-11,17.1,9.2,12.3,16.2,0.0
La Florida,2024-10-12,17.1,10.7,13.5,16.4,0.0
La Florida,2024-10-13,22.0,7.6,15.1,23.0,0.0
La Florida,2024-10-14,20.5,8.2,14.6,20.1,0.0
La Florida,2024-10-15,26.2,8.7,16.8,26.9,0.0
La Florida,2024-10-16,18.2,9.2,13.2,18.8,0.0
La Florida,2024-10-17,24.4,6.7,15.8,25.6,0.0
La Florida,2024-10-18,27.1,10.5,18.3,27.9,0.0
La Florida,2024-10-19,21.0,9.8,14.5,22.2,0.0
La Florida,2024-10-20,18.4,7.4,11.7,16.6,0.9
La Florida,2024-10-21,22.0,7.8,14.6,22.7,0.0
La Florida,2024-10-22,22.4,9.5,14.9,23.0,5.4
La Florida,2024-10-23,17.7,8.4,11.9,17.6,11.8
La Florida,2024-10-24,24.0,5.4,15.1,24.1,0.0
La Florida,2024-10-25,22.0,8.2,14.5,22.6,0.0
La Florida,2024-10-26,27.2,8.2,17.4,28.0,0.0
La Florida,2024-10-27,26.0,10.3,18.4,27.2,0.0
La Florida,2024-10-28,30.2,10.7,20.0,31.3,0.0
La Florida,2024-10-29,23.4,11.9,17.4,24.5,0.0
La Florida,2024-10-30,24.4,10.9,16.7,26.0,0.0
La Florida,2024-10-31,25.0,10.8,17.4,26.5,0.0
La Florida,2024-11-01,19.2,10.2,13.1,18.3,0.0
La Florida,2024-11-02,24.0,9.5,16.0,23.8,0.0
La Florida,2024-11-03,22.1,9.2,15.2,21.4,0.0
La Florida,2024-11-04,22.0,8.9,14.8,21.0,0.0
La Florida,2024-11-05,25.1,7.8,17.0,24.8,0.0
La Florida,2024-11-06,25.3,13.7,18.8,24.7,0.0
La Florida,2024-11-07,23.6,11.8,18.5,22.8,0.0
La Florida,2024-11-08,28.1,12.1,20.1,27.5,0.0
La Florida,2024-11-09,26.3,12.5,19.3,26.3,0.0
La Florida,2024-11-10,20.2,11.0,15.3,19.6,0.5
La Florida,2024-11-11,24.3,9.1,17.3,23.2,0.0
La Florida,2024-11-12,29.4,10.9,20.7,28.4,0.0
La Florida,2024-11-13,26.0,14.4,20.7,26.3,0.0
La Florida,2024-11-14,25.6,13.4,18.3,26.5,0.0
La Florida,2024-11-15,23.9,10.5,16.9,24.2,0.0
La Florida,2024-11-16,18.6,11.4,14.9,17.3,4.0
La Florida,2024-11-17,24.2,8.6,15.9,24.7,3.0
La Florida,2024-11-18,24.9,12.9,17.6,25.6,0.0
La Florida,2024-11-19,24.7,10.8,16.5,24.6,0.0
La Florida,2024-11-20,23.8,12.2,17.4,23.5,0.0
La Florida,2024-11-21,26.5,14.1,18.9,27.0,0.0
La Florida,2024-11-22,25.3,11.5,18.1,25.5,0.0
La Florida,2024-11-23,28.3,13.5,20.1,28.4,0.0
La Florida,2024-11-24,26.8,12.9,19.7,26.9,0.0
La Florida,2024-11-25,25.5,14.6,19.3,24.8,0.0
La Florida,2024-11-26,25.2,12.3,18.0,24.8,0.0
La Florida,2024-11-27,23.6,11.2,16.4,23.0,0.0
La Florida,2024-11-28,24.9,9.8,17.1,24.1,0.0
La Florida,2024-11-29,27.2,14.0,20.0,26.8,0.0
La Florida,2024-11-30,24.6,11.1,18.2,23.9,0.0
La Florida,2024-12-01,23.0,8.4,15.3,21.9,0.0
La Florida,2024-12-02,25.0,11.9,18.0,24.1,0.0
La Florida,2024-12-03,24.9,12.5,17.6,24.9,0.0
La Florida,2024-12-04,23.7,10.5,16.0,23.8,0.0
La Florida,2024-12-05,21.8,8.3,14.3,20.7,0.0
La Florida,2024-12-06,24.5,9.9,16.8,23.5,0.0
La Florida,2024-12-07,25.4,13.3,18.4,25.5,0.0
La Florida,2024-12-08,23.8,11.2,16.7,23.1,0.0
La Florida,2024-12-09,28.7,11.8,19.7,28.3,0.0
La Florida,2024-12-10,27.5,15.3,20.4,28.0,0.0
La Florida,2024-12-11,28.6,14.6,20.9,28.4,0.0
La Florida,2024-12-12,26.3,12.0,18.5,25.8,0.0
La Florida,2024-12-13,28.8,14.5,20.9,28.7,0.0
La Florida,2024-12-14,29.6,15.9,21.3,30.0,0.0
La Florida,2024-12-15,26.0,14.8,19.3,26.7,0.0
La Florida,2024-12-16,26.9,13.1,18.8,28.1,0.0
La Florida,2024-12-17,25.3,12.7,18.1,25.9,0.0
La Florida,2024-12-18,27.1,12.6,19.8,27.3,0.0
La Florida,2024-12-19,31.5,16.4,23.3,31.9,0.0
La Florida,2024-12-20,28.6,16.0,21.4,27.8,0.0
La Florida,2024-12-21,31.0,15.8,23.1,30.9,0.0
La Florida,2024-12-22,32.6,18.9,24.7,33.5,0.0
La Florida,2024-12-23,28.6,19.4,23.4,29.6,0.0
La Florida,2024-12-24,29.3,17.0,22.4,30.0,0.0
La Florida,2024-12-25,28.0,15.7,20.9,29.3,0.0
La Florida,2024-12-26,26.2,13.4,18.8,27.8,0.0
La Florida,2024-12-27,26.8,14.2,19.6,28.3,0.0
La Florida,2024-12-28,28.3,14.7,20.2,29.6,0.0
La Florida,2024-12-29,29.6,14.9,21.2,31.4,0.0
La Florida,2024-12-30,28.9,15.5,21.4,30.6,0.0
La Florida,2024-12-31,29.2,16.5,22.0,29.3,0.0
La Granja,2024-01-01,29.0,12.6,19.6,29.4,0.0
La Granja,2024-01-02,29.9,13.2,20.8,30.6,0.0
La Granja,2024-01-03,29.5,16.8,21.8,29.8,0.0
La Granja,2024-01-04,28.5,15.2,21.1,29.6,0.0
La Granja,2024-01-05,26.5,14.9,20.0,27.2,0.0
La Granja,2024-01-06,26.8,14.4,19.8,27.0,0.0
La Granja,2024-01-07,29.4,13.4,20.9,28.5,0.0
La Granja,2024-01-08,29.1,14.1,21.1,28.7,0.0
La Granja,2024-01-09,29.0,14.1,20.7,28.6,0.0
La Granja,2024-01-10,29.2,14.4,21.1,28.5,0.0
La Granja,2024-01-11,29.5,16.5,21.4,28.9,0.0
La Granja,2024-01-12,28.0,15.1,20.2,28.0,0.0
La Granja,2024-01-13,27.2,12.1,18.9,26.9,0.0
La Granja,2024-01-14,32.9,14.6,23.0,32.0,0.0
La Granja,2024-01-15,30.0,14.8,22.8,28.6,0.0
La Granja,2024-01-16,30.9,11.9,21.1,29.3,0.0
La Granja,2024-01-17,29.8,17.1,22.5,30.2,0.0
La Granja,2024-01-18,31.6,14.6,22.4,31.1,0.0
La Granja,2024-01-19,32.3,19.2,24.6,31.9,0.0
La Granja,2024-01-20,30.2,18.7,23.5,30.1,0.0
La Granja,2024-01-21,32.0,18.0,23.6,32.1,0.0
La Granja,2024-01-22,32.8,18.0,24.2,33.5,0.0
La Granja,2024-01-23,30.3,15.3,22.0,31.3,0.0
La Granja,2024-01-24,34.0,17.4,24.6,34.4,0.0
La Granja,2024-01-25,31.0,17.9,23.6,31.5,0.0
La Granja,2024-01-26,30.0,15.6,21.8,29.8,0.0
La Granja,2024-01-27,32.7,17.1,23.2,33.8,0.0
La Granja,2024-01-28,29.1,17.4,22.4,29.7,0.0
La Granja,2024-01-29,31.8,17.1,23.4,32.6,0.0
La Granja,2024-01-30,34.3,17.6,25.0,34.8,0.0
La Granja,2024-01-31,36.0,20.4,27.4,35.4,0.0
La Granja,2024-02-01,34.0,20.9,26.3,33.2,0.0
La Granja,2024-02-02,34.7,19.1,26.1,33.5,0.0
La Granja,2024-02-03,35.2,20.4,26.8,34.4,0.0
La Granja,2024-02-04,30.2,17.9,23.7,30.5,0.0
La Granja,2024-02-05,31.8,14.8,22.8,32.1,0.0
La Granja,2024-02-06,30.5,17.9,23.4,30.2,0.0
La Granja,2024-02-07,33.5,16.6,24.2,33.4,0.0
La Granja,2024-02-08,31.8,19.1,24.3,32.7,0.0
La Granja,2024-02-09,30.6,16.5,22.4,30.6,0.0
La Granja,2024-02-10,32.8,17.3,24.0,33.3,0.0
La Granja,2024-02-11,29.4,15.8,21.7,29.1,0.0
La Granja,2024-02-12,34.0,16.0,24.1,32.9,0.0
La Granja,2024-02-13,30.7,17.0,24.3,30.3,0.0
La Granja,2024-02-14,31.2,14.9,21.5,31.5,0.0
La Granja,2024-02-15,32.0,15.8,21.9,33.4,0.0
La Granja,2024-02-16,29.4,15.2,21.6,30.2,0.0
La Granja,2024-02-17,32.5,16.5,23.9,32.1,0.0
La Granja,2024-02-18,32.7,19.0,24.7,32.8,0.0
La Granja,2024-02-19,28.0,15.4,20.7,28.3,0.0
La Granja,2024-02-20,29.0,14.2,20.1,29.9,0.0
La Granja,2024-02-21,28.2,13.6,19.7,28.5,0.0
La Granja,2024-02-22,18.6,14.1,16.0,17.8,12.9
La Granja,2024-02-23,27.8,13.9,20.1,29.1,0.0
La Granja,2024-02-24,29.1,15.4,21.5,29.9,0.0
La Granja,2024-02-25,29.6,15.8,21.7,30.0,0.0
La Granja,2024-02-26,30.4,15.8,22.3,31.2,0.0
La Granja,2024-02-27,29.9,17.5,22.7,29.8,0.0
La Granja,2024-02-28,31.5,16.1,22.6,31.2,0.0
La Granja,2024-02-29,32.0,17.2,23.8,31.7,0.0
La Granja,2024-03-01,28.9,17.8,22.5,28.6,0.0
La Granja,2024-03-02,30.0,16.4,22.5,29.7,0.0
La Granja,2024-03-03,30.2,18.6,23.1,29.6,0.0
La Granja,2024-03-04,31.0,17.6,22.9,30.7,0.0
La Granja,2024-03-05,29.4,17.6,22.4,28.5,0.0
La Granja,2024-03-06,28.6,16.2,21.3,28.4,0.0
La Granja,2024-03-07,27.5,13.8,19.5,27.5,0.0
La Granja,2024-03-08,27.5,11.6,18.5,26.4,0.0
La Granja,2024-03-09,30.0,14.1,21.0,28.8,0.0
La Granja,2024-03-10,28.8,15.4,21.0,28.1,0.0
La Granja,2024-03-11,27.3,13.1,18.8,27.7,0.0
La Granja,2024-03-12,27.8,11.8,19.1,26.7,0.0
La Granja,2024-03-13,27.7,12.9,19.7,27.0,0.0
La Granja,2024-03-14,28.0,15.6,20.7,26.8,0.0
La Granja,2024-03-15,28.0,15.8,20.3,26.6,0.0
La Granja,2024-03-16,28.2,13.6,20.1,26.8,0.0
La Granja,2024-03-17,29.5,16.3,21.4,27.7,0.0
La Granja,2024-03-18,30.8,17.5,22.7,28.9,0.0
La Granja,2024-03-19,27.9,15.2,21.4,26.1,0.0
La Granja,2024-03-20,21.6,11.8,16.0,20.8,0.9
La Granja,2024-03-21,31.0,13.9,21.4,30.1,0.5
La Granja,2024-03-22,31.5,19.5,24.0,30.6,0.0
La Granja,2024-03-23,29.2,15.3,21.7,28.2,0.0
La Granja,2024-03-24,29.9,17.9,22.6,29.8,0.0
La Granja,2024-03-25,27.6,15.8,20.8,27.9,0.0
La Granja,2024-03-26,29.0,14.4,20.6,29.4,0.0
La Granja,2024-03-27,28.8,15.9,21.7,28.9,0.0
La Granja,2024-03-28,28.9,17.6,21.8,29.0,0.0
La Granja,2024-03-29,29.6,16.5,21.9,29.5,0.0
La Granja,2024-03-30,30.9,16.3,22.5,29.9,0.0
La Granja,2024-03-31,29.0,17.1,22.0,26.7,0.0
La Granja,2024-04-01,26.1,12.9,19.0,24.0,0.0
La Granja,2024-04-02,24.3,14.4,18.5,21.8,0.1
La Granja,2024-04-03,20.4,12.6,15.9,19.5,0.0
La Granja,2024-04-04,26.5,12.9,18.7,26.0,0.0
La Granja,2024-04-05,27.9,16.2,20.4,26.8,0.0
La Granja,2024-04-06,25.0,11.8,18.0,23.4,0.0
La Granja,2024-04-07,28.5,15.8,20.0,26.8,0.0
La Granja,2024-04-08,25.1,14.4,18.5,23.2,0.0
La Granja,2024-04-09,26.3,14.9,19.0,25.3,0.0
La Granja,2024-04-10,26.8,13.9,19.0,25.5,0.0
La Granja,2024-04-11,22.0,11.3,15.0,19.8,0.0
La Granja,2024-04-12,15.8,10.6,12.8,14.0,0.0
La Granja,2024-04-13,18.2,8.2,12.8,16.4,0.8
La Granja,2024-04-14,20.0,9.4,14.1,18.2,1.0
La Granja,2024-04-15,18.4,10.9,12.9,15.6,7.7
La Granja,2024-04-16,22.0,9.4,15.1,20.3,0.0
La Granja,2024-04-17,27.0,8.8,17.3,25.0,0.0
La Granja,2024-04-18,29.1,12.3,19.1,27.8,0.0
La Granja,2024-04-19,23.8,13.9,17.8,21.9,0.0
La Granja,2024-04-20,21.2,14.9,17.0,19.6,0.0
La Granja,2024-04-21,18.2,12.1,15.1,16.5,0.0
La Granja,2024-04-22,20.0,10.7,14.9,18.1,0.0
La Granja,2024-04-23,23.9,10.9,16.3,22.0,0.0
La Granja,2024-04-24,21.9,11.5,15.3,20.0,0.0
La Granja,2024-04-25,21.2,11.4,14.8,17.7,0.0
La Granja,2024-04-26,19.0,9.4,13.3,16.4,0.0
La Granja,2024-04-27,20.0,8.9,12.7,17.7,0.0
La Granja,2024-04-28,17.4,7.9,11.9,14.3,0.0
La Granja,2024-04-29,17.9,6.4,11.6,13.6,0.0
La Granja,2024-04-30,15.2,6.4,11.2,13.2,21.2
La Granja,2024-05-01,14.4,8.2,10.4,11.8,0.9
La Granja,2024-05-02,14.4,2.7,8.6,11.7,0.0
La Granja,2024-05-03,15.6,6.7,9.8,13.3,0.0
La Granja,2024-05-04,17.2,6.3,11.3,14.3,0.0
La Granja,2024-05-05,15.4,8.6,11.2,13.5,0.0
La Granja,2024-05-06,15.4,6.2,10.4,13.3,0.0
La Granja,2024-05-07,10.2,3.7,6.5,8.2,31.1
La Granja,2024-05-08,14.2,0.6,6.3,12.9,0.0
La Granja,2024-05-09,17.0,4.1,9.1,14.9,0.0
La Granja,2024-05-10,13.2,4.6,8.5,11.3,0.0
La Granja,2024-05-11,13.4,4.9,8.5,10.8,0.0
La Granja,2024-05-12,12.8,3.8,8.2,9.8,0.0
La Granja,2024-05-13,13.9,1.5,6.8,11.5,0.0
La Granja,2024-05-14,14.9,2.3,8.1,12.3,0.0
La Granja,2024-05-15,9.7,2.9,6.0,6.8,2.5
La Granja,2024-05-16,13.1,0.7,6.1,10.2,0.0
La Granja,2024-05-17,12.9,2.2,6.8,10.2,0.3
La Granja,2024-05-18,14.4,1.5,7.0,11.7,0.0
La Granja,2024-05-19,17.0,2.4,9.7,14.7,0.0
La Granja,2024-05-20,11.2,8.6,9.5,8.8,36.0
La Granja,2024-05-21,13.7,7.0,9.6,12.3,3.7
La Granja,2024-05-22,10.4,7.0,8.7,9.0,28.2
La Granja,2024-05-23,12.1,4.0,7.5,10.1,13.5
La Granja,2024-05-24,16.2,2.5,9.0,14.7,0.0
La Granja,2024-05-25,15.2,8.4,11.0,13.7,0.1
La Granja,2024-05-26,13.6,5.1,8.3,12.0,19.8
La Granja,2024-05-27,16.9,3.5,9.9,15.5,0.0
La Granja,2024-05-28,19.1,5.8,11.8,17.4,0.0
La Granja,2024-05-29,17.8,8.4,13.7,16.7,0.0
La Granja,2024-05-30,19.4,8.6,13.6,18.7,0.0
La Granja,2024-05-31,17.4,7.4,12.1,15.6,0.0
La Granja,2024-06-01,18.2,5.0,11.3,17.1,0.0
La Granja,2024-06-02,20.9,11.8,14.7,21.2,0.0
La Granja,2024-06-03,19.4,11.4,15.7,16.8,0.0
La Granja,2024-06-04,18.6,10.1,13.8,17.4,0.1
La Granja,2024-06-05,17.9,9.9,13.9,15.6,0.1
La Granja,2024-06-06,16.5,13.3,14.8,15.6,0.0
La Granja,2024-06-07,20.1,12.3,16.9,20.4,0.0
La Granja,2024-06-08,16.9,8.5,12.5,14.2,3.9
La Granja,2024-06-09,13.2,8.3,10.2,12.0,13.5
La Granja,2024-06-10,14.1,8.7,11.6,13.4,0.0
La Granja,2024-06-11,14.9,10.2,12.8,13.8,0.0
La Granja,2024-06-12,13.6,9.1,11.5,11.8,0.0
La Granja,2024-06-13,12.6,8.8,10.0,8.9,51.6
La Granja,2024-06-14,14.1,5.9,9.5,12.1,16.1
La Granja,2024-06-15,13.4,4.0,8.6,11.1,0.0
La Granja,2024-06-16,13.8,2.6,7.5,12.5,0.0
La Granja,2024-06-17,14.2,3.9,8.3,11.8,0.8
La Granja,2024-06-18,11.1,6.8,8.6,9.7,25.7
La Granja,2024-06-19,14.6,4.5,8.9,12.7,24.1
La Granja,2024-06-20,12.2,7.6,10.0,11.1,0.0
La Granja,2024-06-21,8.7,6.8,7.6,6.9,45.7
La Granja,2024-06-22,8.9,5.6,7.0,7.2,16.1
La Granja,2024-06-23,10.4,5.4,7.1,8.1,0.4
La Granja,2024-06-24,7.8,4.1,6.0,6.0,0.0
La Granja,2024-06-25,9.9,1.8,5.6,7.7,0.3
La Granja,2024-06-26,16.2,0.7,7.8,14.4,0.0
La Granja,2024-06-27,15.7,6.1,10.0,14.3,0.0
La Granja,2024-06-28,15.1,4.8,9.4,14.2,0.0
La Granja,2024-06-29,18.0,4.8,11.2,16.9,0.0
La Granja,2024-06-30,18.5,5.7,11.3,16.7,0.0
La Granja,2024-07-01,19.5,6.3,11.6,18.0,0.0
La Granja,2024-07-02,17.7,5.7,11.0,15.8,0.0
La Granja,2024-07-03,16.1,7.4,11.5,14.4,0.0
La Granja,2024-07-04,14.4,5.2,9.3,12.9,0.0
La Granja,2024-07-05,15.1,2.6,8.0,13.2,0.0
La Granja,2024-07-06,13.3,2.4,6.8,10.7,0.0
La Granja,2024-07-07,13.2,1.2,6.8,11.1,0.0
La Granja,2024-07-08,13.6,1.5,7.1,11.4,0.0
La Granja,2024-07-09,10.5,0.8,4.6,7.6,0.0
La Granja,2024-07-10,9.5,0.1,4.3,7.1,0.0
La Granja,2024-07-11,11.1,-0.4,4.4,8.3,0.0
La Granja,2024-07-12,13.9,1.4,6.9,10.5,0.0
La Granja,2024-07-13,14.3,0.4,6.5,12.1,0.0
La Granja,2024-07-14,13.8,1.8,7.7,11.1,0.0
La Granja,2024-07-15,16.4,2.5,8.6,13.1,0.0
La Granja,2024-07-16,20.0,6.9,12.8,18.2,0.0
La Granja,2024-07-17,18.5,6.1,12.3,16.5,0.0
La Granja,2024-07-18,15.1,8.0,11.2,12.9,0.1
La Granja,2024-07-19,15.2,7.1,10.8,14.0,0.0
La Granja,2024-07-20,14.0,5.9,9.0,13.2,0.0
La Granja,2024-07-21,14.0,5.6,9.1,10.8,0.0
La Granja,2024-07-22,17.5,7.2,12.2,16.2,0.0
La Granja,2024-07-23,10.8,5.6,8.1,9.2,0.3
La Granja,2024-07-24,15.8,2.8,9.4,14.8,0.0
La Granja,2024-07-25,17.9,4.8,10.3,15.9,0.0
La Granja,2024-07-26,13.9,7.3,10.1,12.4,0.0
La Granja,2024-07-27,16.1,5.9,10.1,14.3,0.0
La Granja,2024-07-28,17.0,8.6,12.1,15.4,0.0
La Granja,2024-07-29,22.0,5.8,13.6,21.1,0.0
La Granja,2024-07-30,18.0,11.4,14.3,16.4,0.0
La Granja,2024-07-31,13.8,8.0,11.0,12.5,0.0
La Granja,2024-08-01,12.4,7.9,9.3,9.3,0.0
La Granja,2024-08-02,12.0,5.4,8.7,9.3,65.0
La Granja,2024-08-03,15.4,2.8,8.8,12.6,6.1
La Granja,2024-08-04,15.2,7.0,10.3,13.3,0.0
La Granja,2024-08-05,10.6,5.8,8.1,8.6,8.9
La Granja,2024-08-06,11.2,4.1,6.9,8.6,10.7
La Granja,2024-08-07,10.1,-0.3,5.1,7.7,0.0
La Granja,2024-08-08,13.1,-1.0,5.4,10.9,0.0
La Granja,2024-08-09,18.4,1.9,9.6,16.4,0.0
La Granja,2024-08-10,18.7,4.9,11.0,16.6,0.0
La Granja,2024-08-11,20.1,4.8,11.9,18.5,0.0
La Granja,2024-08-12,23.0,7.8,14.8,22.0,0.0
La Granja,2024-08-13,20.0,8.1,12.7,19.3,0.0
La Granja,2024-08-14,14.6,9.0,11.4,14.0,0.0
La Granja,2024-08-15,16.2,7.5,11.0,14.9,0.0
La Granja,2024-08-16,12.9,7.2,9.7,11.8,0.0
La Granja,2024-08-17,14.9,7.4,10.1,13.1,0.0
La Granja,2024-08-18,12.6,6.9,9.0,11.0,0.0
La Granja,2024-08-19,11.7,4.9,7.9,9.6,0.0
La Granja,2024-08-20,9.8,3.7,6.1,7.3,0.2
La Granja,2024-08-21,10.9,3.8,6.1,7.5,7.8
La Granja,2024-08-22,10.7,0.4,5.7,7.8,0.1
La Granja,2024-08-23,9.9,2.0,5.3,7.4,1.8
La Granja,2024-08-24,16.9,-0.1,7.7,14.9,0.0
La Granja,2024-08-25,19.1,5.8,11.6,17.9,0.0
La Granja,2024-08-26,16.5,3.5,10.6,15.0,0.0
La Granja,2024-08-27,18.2,3.2,10.5,17.1,0.0
La Granja,2024-08-28,15.0,6.4,10.2,14.6,0.0
La Granja,2024-08-29,12.3,6.3,8.5,10.1,0.3
La Granja,2024-08-30,13.1,6.1,8.6,10.9,1.4
La Granja,2024-08-31,18.8,3.6,10.6,18.0,0.0
La Granja,2024-09-01,23.2,7.6,14.2,22.4,0.0
La Granja,2024-09-02,13.9,6.8,10.6,12.2,0.1
La Granja,2024-09-03,15.4,6.8,10.5,13.3,0.0
La Granja,2024-09-04,18.7,6.2,12.4,17.5,0.0
La Granja,2024-09-05,21.1,6.3,13.4,20.3,0.0
La Granja,2024-09-06,17.1,8.7,12.4,16.5,0.0
La Granja,2024-09-07,16.0,7.6,10.7,15.7,0.0
La Granja,2024-09-08,18.9,6.9,12.4,17.3,0.0
La Granja,2024-09-09,20.5,11.1,14.7,19.7,0.0
La Granja,2024-09-10,17.3,8.6,12.8,15.8,0.6
La Granja,2024-09-11,18.0,5.8,11.7,17.3,0.3
La Granja,2024-09-12,16.1,8.1,11.4,15.5,0.0
La Granja,2024-09-13,17.5,6.2,11.2,16.6,0.0
La Granja,2024-09-14,21.7,4.9,13.5,20.4,0.0
La Granja,2024-09-15,22.1,7.4,15.1,21.0,0.0
La Granja,2024-09-16,23.8,8.9,15.5,22.1,0.0
La Granja,2024-09-17,21.0,7.2,13.6,20.2,0.0
La Granja,2024-09-18,21.2,8.2,14.4,20.0,0.0
La Granja,2024-09-19,16.3,5.7,10.7,13.5,1.7
La Granja,2024-09-20,17.8,5.2,11.5,16.7,0.0
La Granja,2024-09-21,16.4,7.8,11.3,15.4,0.0
La Granja,2024-09-22,12.8,7.4,10.0,10.8,3.5
La Granja,2024-09-23,14.8,8.9,11.2,13.7,0.6
La Granja,2024-09-24,16.9,7.7,11.4,16.7,0.0
La Granja,2024-09-25,16.8,7.2,11.1,15.5,0.0
La Granja,2024-09-26,23.5,4.8,14.3,22.5,0.0
La Granja,2024-09-27,21.4,9.0,15.5,20.7,0.0
La Granja,2024-09-28,23.2,13.8,17.2,22.7,0.0
La Granja,2024-09-29,18.4,9.4,13.5,18.5,0.0
La Granja,2024-09-30,18.1,8.1,11.4,17.0,0.0
La Granja,2024-10-01,17.1,6.2,11.4,14.5,0.0
La Granja,2024-10-02,20.5,7.8,13.6,19.9,0.0
La Granja,2024-10-03,24.4,11.1,17.0,24.4,0.0
La Granja,2024-10-04,24.5,11.7,16.9,24.3,0.0
La Granja,2024-10-05,24.7,9.8,17.9,24.6,0.0
La Granja,2024-10-06,21.2,13.2,17.1,20.3,0.4
La Granja,2024-10-07,22.3,11.0,15.8,22.5,4.2
La Granja,2024-10-08,15.4,9.4,11.8,13.8,5.9
La Granja,2024-10-09,18.6,9.1,13.4,17.2,0.0
La Granja,2024-10-10,17.7,9.5,13.2,16.9,0.0
La Granja,2024-10-11,18.0,10.0,13.0,16.9,0.0
La Granja,2024-10-12,18.0,10.4,14.0,17.2,0.0
La Granja,2024-10-13,23.1,11.1,16.0,23.6,0.0
La Granja,2024-10-14,21.5,10.2,15.6,20.8,0.0
La Granja,2024-10-15,27.4,10.3,17.9,27.4,0.0
La Granja,2024-10-16,19.2,8.1,13.9,19.2,0.0
La Granja,2024-10-17,25.8,7.7,16.5,26.2,0.0
La Granja,2024-10-18,28.3,11.2,19.4,28.5,0.0
La Granja,2024-10-19,22.0,10.6,15.6,22.7,0.0
La Granja,2024-10-20,19.8,8.9,13.1,18.4,0.7
La Granja,2024-10-21,23.6,9.2,15.8,23.7,0.0
La Granja,2024-10-22,23.1,10.6,16.0,23.4,3.4
La Granja,2024-10-23,18.6,9.1,12.7,18.4,8.4
La Granja,2024-10-24,25.1,7.4,15.9,24.8,0.0
La Granja,2024-10-25,23.3,8.9,15.4,23.1,0.0
La Granja,2024-10-26,28.3,9.6,18.6,28.4,0.0
La Granja,2024-10-27,27.1,11.8,19.0,27.6,0.0
La Granja,2024-10-28,31.5,12.2,20.9,32.1,0.0
La Granja,2024-10-29,24.5,12.6,18.6,24.8,0.0
La Granja,2024-10-30,25.5,11.4,17.1,26.1,0.0
La Granja,2024-10-31,26.2,11.6,17.9,26.7,0.0
La Granja,2024-11-01,20.0,11.1,13.9,19.1,0.0
La Granja,2024-11-02,25.1,8.5,16.5,24.5,0.0
La Granja,2024-11-03,23.4,10.0,15.8,22.6,0.0
La Granja,2024-11-04,23.2,9.4,15.5,21.7,0.0
La Granja,2024-11-05,26.6,11.4,18.4,25.3,0.0
La Granja,2024-11-06,26.5,13.2,19.4,25.6,0.0
La Granja,2024-11-07,24.8,13.6,19.4,23.8,0.0
La Granja,2024-11-08,29.3,15.3,21.2,28.4,0.0
La Granja,2024-11-09,27.5,13.9,20.3,26.9,0.0
La Granja,2024-11-10,21.6,11.7,16.5,20.5,0.0
La Granja,2024-11-11,25.7,11.5,18.4,24.1,0.0
La Granja,2024-11-12,30.8,13.1,22.7,29.7,0.0
La Granja,2024-11-13,27.0,15.1,21.7,27.3,0.0
La Granja,2024-11-14,26.6,13.9,19.0,27.5,0.0
La Granja,2024-11-15,25.1,11.1,17.7,25.2,0.0
La Granja,2024-11-16,19.8,12.9,16.0,18.4,1.6
La Granja,2024-11-17,25.3,10.1,17.1,26.1,0.0
La Granja,2024-11-18,26.0,13.4,18.6,26.6,0.0
La Granja,2024-11-19,25.5,11.5,17.2,25.6,0.0
La Granja,2024-11-20,25.0,12.6,18.2,24.6,0.0
La Granja,2024-11-21,27.4,14.5,19.7,28.0,0.0
La Granja,2024-11-22,26.3,12.1,18.9,26.4,0.0
La Granja,2024-11-23,29.2,13.9,20.9,29.5,0.0
La Granja,2024-11-24,27.7,13.9,20.6,28.0,0.0
La Granja,2024-11-25,26.4,15.1,20.1,25.8,0.0
La Granja,2024-11-26,26.0,13.1,18.8,25.2,0.0
La Granja,2024-11-27,24.7,11.6,17.2,24.0,0.0
La Granja,2024-11-28,25.6,10.4,17.9,25.0,0.0
La Granja,2024-11-29,28.0,14.3,20.7,27.4,0.0
La Granja,2024-11-30,25.9,11.9,19.0,24.9,0.0
La Granja,2024-12-01,23.9,9.1,16.2,23.1,0.0
La Granja,2024-12-02,25.8,12.4,18.8,25.0,0.0
La Granja,2024-12-03,25.8,12.8,18.4,25.9,0.0
La Granja,2024-12-04,24.5,11.1,16.8,24.8,0.0
La Granja,2024-12-05,22.0,9.4,15.2,21.5,0.0
La Granja,2024-12-06,25.5,10.5,17.7,24.4,0.0
La Granja,2024-12-07,26.2,13.7,19.3,26.5,0.0
La Granja,2024-12-08,24.6,11.6,17.5,24.1,0.0
La Granja,2024-12-09,29.5,12.2,20.4,29.1,0.0
La Granja,2024-12-10,28.4,15.5,21.2,28.8,0.0
La Granja,2024-12-11,29.5,14.7,21.6,29.6,0.0
La Granja,2024-12-12,27.1,12.9,19.3,26.9,0.0
La Granja,2024-12-13,29.4,15.2,21.7,29.3,0.0
La Granja,2024-12-14,30.1,16.2,21.9,30.6,0.0
La Granja,2024-12-15,26.9,15.1,19.8,27.7,0.0
La Granja,2024-12-16,27.6,13.1,19.2,28.8,0.0
La Granja,2024-12-17,26.1,13.1,18.7,26.9,0.0
La Granja,2024-12-18,27.9,13.1,20.4,28.2,0.0
La Granja,2024-12-19,32.3,16.5,23.9,32.3,0.0
La Granja,2024-12-20,29.4,16.4,22.2,28.4,0.0
La Granja,2024-12-21,31.8,16.5,23.9,31.8,0.0
La Granja,2024-12-22,33.4,19.3,25.3,34.1,0.0
La Granja,2024-12-23,29.3,19.3,23.9,30.2,0.0
La Granja,2024-12-24,30.2,17.4,23.0,30.9,0.0
La Granja,2024-12-25,28.6,15.9,21.4,30.1,0.0
La Granja,2024-12-26,27.3,13.6,19.3,28.3,0.0
La Granja,2024-12-27,27.9,14.4,20.1,29.6,0.0
La Granja,2024-12-28,29.2,14.8,20.7,30.6,0.0
La Granja,2024-12-29,30.5,15.1,21.8,32.2,0.0
La Granja,2024-12-30,30.0,15.9,22.1,31.6,0.0
La Granja,2024-12-31,30.2,16.9,22.8,30.4,0.0
La Pintana,2024-01-01,28.5,10.3,18.3,28.7,0.0
La Pintana,2024-01-02,29.7,10.9,19.6,29.8,0.0
La Pintana,2024-01-03,29.2,13.1,20.4,29.6,0.0
La Pintana,2024-01-04,27.8,12.5,19.6,28.4,0.0
La Pintana,2024-01-05,25.5,12.5,18.5,26.2,0.0
La Pintana,2024-01-06,26.0,12.8,18.5,26.7,0.0
La Pintana,2024-01-07,29.2,11.5,20.1,28.4,0.0
La Pintana,2024-01-08,29.2,13.2,20.1,29.3,0.0
La Pintana,2024-01-09,28.9,11.8,19.6,28.2,0.0
La Pintana,2024-01-10,29.1,12.1,19.8,28.4,0.0
La Pintana,2024-01-11,29.1,14.3,20.3,29.0,0.0
La Pintana,2024-01-12,27.1,12.6,18.8,27.1,0.0
La Pintana,2024-01-13,26.6,10.2,17.5,26.3,0.0
La Pintana,2024-01-14,32.6,11.2,21.7,31.1,0.0
La Pintana,2024-01-15,29.8,13.2,21.7,28.8,0.0
La Pintana,2024-01-16,31.2,9.6,20.6,29.5,0.0
La Pintana,2024-01-17,29.4,14.0,21.0,29.7,0.0
La Pintana,2024-01-18,31.2,13.2,21.5,30.6,0.0
La Pintana,2024-01-19,32.0,15.7,23.2,31.5,0.0
La Pintana,2024-01-20,30.0,15.3,22.0,30.1,0.0
La Pintana,2024-01-21,31.8,15.4,22.2,32.4,0.0
La Pintana,2024-01-22,32.4,15.9,22.9,33.1,0.0
La Pintana,2024-01-23,29.7,13.2,20.7,30.5,0.0
La Pintana,2024-01-24,33.5,15.2,23.2,34.0,0.0
La Pintana,2024-01-25,29.7,16.8,22.2,30.8,0.0
La Pintana,2024-01-26,29.4,13.7,20.5,30.0,0.0
La Pintana,2024-01-27,32.6,15.1,22.2,33.4,0.0
La Pintana,2024-01-28,28.8,15.7,21.1,29.1,0.0
La Pintana,2024-01-29,31.1,15.1,21.8,31.8,0.0
La Pintana,2024-01-30,33.8,15.6,23.5,33.9,0.0
La Pintana,2024-01-31,35.8,16.3,25.8,34.8,0.0
La Pintana,2024-02-01,33.7,16.5,24.7,33.1,0.0
La Pintana,2024-02-02,34.0,15.5,25.1,33.2,0.0
La Pintana,2024-02-03,35.0,18.8,25.9,34.1,0.0
La Pintana,2024-02-04,30.0,16.6,22.4,29.8,0.0
La Pintana,2024-02-05,31.8,12.6,21.8,31.5,0.0
La Pintana,2024-02-06,29.9,15.9,22.2,29.9,0.0
La Pintana,2024-02-07,33.4,14.5,23.2,33.3,0.0
La Pintana,2024-02-08,31.6,17.2,23.6,32.9,0.0
La Pintana,2024-02-09,30.0,14.7,21.3,30.5,0.0
La Pintana,2024-02-10,32.0,14.8,22.6,32.4,0.0
La Pintana,2024-02-11,28.6,13.2,20.1,28.3,0.0
La Pintana,2024-02-12,33.7,14.0,23.2,32.9,0.0
La Pintana,2024-02-13,30.0,16.0,22.3,29.7,0.0
La Pintana,2024-02-14,30.9,13.0,20.2,31.6,0.0
La Pintana,2024-02-15,31.5,12.7,20.3,33.2,0.0
La Pintana,2024-02-16,28.6,13.2,20.1,29.3,0.0
La Pintana,2024-02-17,32.3,14.5,22.8,32.0,0.0
La Pintana,2024-02-18,32.3,15.8,23.2,32.4,0.0
La Pintana,2024-02-19,27.7,14.1,19.6,28.1,0.0
La Pintana,2024-02-20,28.8,13.1,19.3,30.0,0.0
La Pintana,2024-02-21,27.9,12.1,18.7,28.5,0.0
La Pintana,2024-02-22,18.1,11.9,15.0,17.4,12.0
La Pintana,2024-02-23,27.9,11.6,19.0,29.8,2.2
La Pintana,2024-02-24,28.8,13.5,20.7,30.5,0.0
La Pintana,2024-02-25,29.1,13.0,20.3,29.7,0.0
La Pintana,2024-02-26,30.6,13.2,21.3,30.9,0.0
La Pintana,2024-02-27,29.6,15.1,21.5,29.4,0.0
La Pintana,2024-02-28,31.4,14.1,21.7,30.5,0.0
La Pintana,2024-02-29,32.2,14.8,22.5,31.6,0.0
La Pintana,2024-03-01,28.0,15.1,20.9,27.7,0.0
La Pintana,2024-03-02,30.0,14.9,21.8,28.9,0.0
La Pintana,2024-03-03,30.2,16.3,22.1,28.9,0.0
La Pintana,2024-03-04,31.3,14.6,21.8,30.2,0.0
La Pintana,2024-03-05,28.9,14.3,20.5,28.0,0.0
La Pintana,2024-03-06,28.5,13.9,20.0,28.1,0.0
La Pintana,2024-03-07,26.9,12.3,18.3,26.2,0.0
La Pintana,2024-03-08,27.0,9.5,17.2,25.9,0.0
La Pintana,2024-03-09,29.2,11.5,19.8,27.8,0.0
La Pintana,2024-03-10,27.7,14.4,19.6,27.1,0.0
La Pintana,2024-03-11,26.7,10.6,17.4,26.7,0.0
La Pintana,2024-03-12,27.3,9.8,17.8,25.8,0.0
La Pintana,2024-03-13,27.4,10.9,18.8,26.5,0.0
La Pintana,2024-03-14,27.5,11.6,19.2,25.7,0.0
La Pintana,2024-03-15,27.5,13.5,19.1,26.0,0.0
La Pintana,2024-03-16,27.7,12.1,18.9,25.8,0.0
La Pintana,2024-03-17,28.9,12.9,19.9,26.8,0.0
La Pintana,2024-03-18,30.3,13.8,21.4,28.4,0.0
La Pintana,2024-03-19,26.2,13.2,19.9,24.9,0.0
La Pintana,2024-03-20,20.4,10.3,14.7,19.7,0.1
La Pintana,2024-03-21,30.7,11.8,19.8,30.0,0.3
La Pintana,2024-03-22,31.0,14.7,22.2,30.4,0.0
La Pintana,2024-03-23,28.8,13.6,20.6,28.2,0.0
La Pintana,2024-03-24,30.4,14.9,21.4,29.7,0.0
La Pintana,2024-03-25,27.6,14.2,19.7,27.3,0.0
La Pintana,2024-03-26,28.6,12.5,19.7,28.5,0.0
La Pintana,2024-03-27,28.9,14.3,20.8,28.5,0.0
La Pintana,2024-03-28,29.0,13.5,20.4,29.5,0.0
La Pintana,2024-03-29,29.7,14.0,21.0,29.5,0.0
La Pintana,2024-03-30,29.7,14.1,21.2,29.1,0.0
La Pintana,2024-03-31,28.3,14.4,21.1,26.3,0.0
La Pintana,2024-04-01,25.6,11.1,18.0,22.6,0.0
La Pintana,2024-04-02,23.2,13.0,16.7,20.3,4.4
La Pintana,2024-04-03,18.8,11.9,14.8,18.2,0.0
La Pintana,2024-04-04,26.0,11.6,17.6,25.6,0.0
La Pintana,2024-04-05,27.8,11.0,18.5,27.2,0.0
La Pintana,2024-04-06,24.2,9.2,16.8,23.3,0.0
La Pintana,2024-04-07,27.6,10.5,18.0,26.5,0.0
La Pintana,2024-04-08,24.6,11.4,17.0,23.0,0.0
La Pintana,2024-04-09,26.0,12.0,17.8,24.3,0.0
La Pintana,2024-04-10,26.6,11.6,17.8,25.5,0.0
La Pintana,2024-04-11,21.1,9.8,13.8,18.5,0.0
La Pintana,2024-04-12,14.2,8.7,11.1,12.6,0.0
La Pintana,2024-04-13,18.0,7.0,12.2,15.8,0.3
La Pintana,2024-04-14,20.2,8.6,13.7,18.0,0.3
La Pintana,2024-04-15,17.9,10.8,12.7,16.8,6.8
La Pintana,2024-04-16,22.7,8.8,14.9,21.3,0.0
La Pintana,2024-04-17,27.2,7.4,16.7,24.9,0.0
La Pintana,2024-04-18,29.8,9.4,18.6,27.4,0.0
La Pintana,2024-04-19,23.2,12.2,16.9,21.3,0.0
La Pintana,2024-04-20,21.2,12.0,15.9,19.4,0.0
La Pintana,2024-04-21,17.5,10.3,14.0,15.7,0.0
La Pintana,2024-04-22,19.9,9.3,13.6,18.0,0.0
La Pintana,2024-04-23,23.9,7.0,14.7,22.4,0.0
La Pintana,2024-04-24,21.2,8.9,14.2,20.0,0.0
La Pintana,2024-04-25,21.1,6.5,13.5,17.5,0.0
La Pintana,2024-04-26,18.6,8.4,12.8,16.3,0.0
La Pintana,2024-04-27,19.2,7.5,12.2,17.1,0.0
La Pintana,2024-04-28,16.0,7.3,10.8,12.8,0.0
La Pintana,2024-04-29,16.5,5.8,10.8,12.9,0.0
La Pintana,2024-04-30,14.2,5.8,10.1,11.9,33.8
La Pintana,2024-05-01,13.7,4.6,9.2,11.2,1.4
La Pintana,2024-05-02,13.1,0.7,6.7,10.2,0.0
La Pintana,2024-05-03,14.8,3.8,8.3,12.8,0.0
La Pintana,2024-05-04,16.4,4.5,9.6,14.2,0.0
La Pintana,2024-05-05,14.8,6.1,9.6,13.3,0.0
La Pintana,2024-05-06,14.4,4.1,8.9,12.8,0.0
La Pintana,2024-05-07,8.7,3.1,5.6,7.1,25.9
La Pintana,2024-05-08,13.5,-1.8,5.4,11.7,0.0
La Pintana,2024-05-09,16.3,0.8,7.3,14.2,0.0
La Pintana,2024-05-10,12.7,4.5,8.1,10.8,0.0
La Pintana,2024-05-11,13.2,3.2,8.1,10.6,0.0
La Pintana,2024-05-12,12.4,2.8,7.8,9.3,0.5
La Pintana,2024-05-13,13.5,-1.2,5.2,10.7,0.0
La Pintana,2024-05-14,14.4,-1.1,6.5,12.1,0.0
La Pintana,2024-05-15,8.5,1.4,5.1,5.9,1.4
La Pintana,2024-05-16,12.5,-2.3,5.0,9.7,0.0
La Pintana,2024-05-17,12.4,0.1,5.9,9.9,0.2
La Pintana,2024-05-18,13.5,-2.5,5.0,11.1,0.0
La Pintana,2024-05-19,14.3,-1.2,6.9,12.2,0.0
La Pintana,2024-05-20,8.8,6.8,7.9,7.5,31.2
La Pintana,2024-05-21,12.5,6.3,9.0,11.3,29.4
La Pintana,2024-05-22,9.0,6.2,7.7,7.4,38.6
La Pintana,2024-05-23,11.3,2.1,6.7,9.4,12.5
La Pintana,2024-05-24,14.4,-1.7,6.5,13.2,0.0
La Pintana,2024-05-25,14.0,6.9,9.6,11.7,1.4
La Pintana,2024-05-26,12.7,1.9,7.5,11.1,10.0
La Pintana,2024-05-27,14.6,-1.6,6.3,13.2,0.0
La Pintana,2024-05-28,17.2,2.1,8.8,15.3,0.0
La Pintana,2024-05-29,16.5,8.2,11.3,15.2,0.0
La Pintana,2024-05-30,17.7,7.2,11.5,16.3,0.0
La Pintana,2024-05-31,15.4,4.2,9.5,14.7,0.0
La Pintana,2024-06-01,16.1,0.5,8.9,14.3,0.0
La Pintana,2024-06-02,18.7,8.8,12.3,18.9,0.0
La Pintana,2024-06-03,16.0,10.5,12.4,14.6,0.0
La Pintana,2024-06-04,17.3,6.4,11.1,15.8,0.6
La Pintana,2024-06-05,13.2,7.4,10.5,12.8,0.2
La Pintana,2024-06-06,15.4,7.0,11.5,14.9,0.0
La Pintana,2024-06-07,18.9,8.2,12.6,19.1,0.0
La Pintana,2024-06-08,14.5,8.7,10.8,13.4,4.1
La Pintana,2024-06-09,12.0,6.9,9.4,10.8,13.1
La Pintana,2024-06-10,13.2,8.0,10.2,12.3,0.0
La Pintana,2024-06-11,14.0,8.5,10.6,12.7,0.0
La Pintana,2024-06-12,11.7,8.7,10.3,10.6,0.0
La Pintana,2024-06-13,12.0,8.2,9.5,9.6,68.6
La Pintana,2024-06-14,13.6,4.3,8.7,11.8,14.3
La Pintana,2024-06-15,12.8,0.7,6.7,11.5,1.2
La Pintana,2024-06-16,13.1,-0.2,6.4,11.7,0.0
La Pintana,2024-06-17,13.3,3.2,7.7,11.9,8.4
La Pintana,2024-06-18,10.2,5.3,7.8,9.3,48.4
La Pintana,2024-06-19,13.8,4.8,8.5,12.0,21.9
La Pintana,2024-06-20,10.6,6.0,8.3,9.1,0.0
La Pintana,2024-06-21,9.1,5.8,7.4,7.4,56.1
La Pintana,2024-06-22,7.5,3.8,5.9,5.9,29.2
La Pintana,2024-06-23,10.0,4.8,6.7,7.7,3.9
La Pintana,2024-06-24,8.1,4.1,5.8,5.6,0.1
La Pintana,2024-06-25,9.3,1.2,5.0,7.2,0.5
La Pintana,2024-06-26,14.5,-1.1,6.0,12.1,0.0
La Pintana,2024-06-27,14.4,4.1,8.8,12.9,0.0
La Pintana,2024-06-28,13.6,3.3,7.4,12.0,0.0
La Pintana,2024-06-29,16.2,2.0,7.7,14.3,0.0
La Pintana,2024-06-30,16.5,2.4,8.7,14.9,0.0
La Pintana,2024-07-01,17.9,2.2,8.8,16.2,0.0
La Pintana,2024-07-02,16.3,2.4,8.4,14.4,0.0
La Pintana,2024-07-03,14.8,5.7,9.7,12.7,0.0
La Pintana,2024-07-04,13.6,4.0,7.7,11.8,0.0
La Pintana,2024-07-05,14.4,-0.0,6.6,12.1,0.0
La Pintana,2024-07-06,12.2,1.3,5.8,9.1,0.0
La Pintana,2024-07-07,13.0,1.1,5.9,9.7,0.0
La Pintana,2024-07-08,13.4,-0.3,6.0,11.0,0.0
La Pintana,2024-07-09,9.8,-0.0,3.7,7.0,0.0
La Pintana,2024-07-10,9.2,-1.2,3.1,6.7,0.0
La Pintana,2024-07-11,10.5,-1.6,3.3,8.1,0.0
La Pintana,2024-07-12,14.0,-3.3,4.8,10.0,0.0
La Pintana,2024-07-13,13.9,-0.7,5.3,11.2,0.0
La Pintana,2024-07-14,12.6,-0.1,5.4,9.9,0.0
La Pintana,2024-07-15,14.3,1.5,6.2,11.7,0.0
La Pintana,2024-07-16,17.5,4.5,9.9,15.1,0.0
La Pintana,2024-07-17,17.0,3.6,9.5,14.6,0.0
La Pintana,2024-07-18,11.0,5.8,8.3,9.1,0.0
La Pintana,2024-07-19,13.6,4.7,8.9,12.4,0.3
La Pintana,2024-07-20,13.7,3.4,7.3,12.4,0.0
La Pintana,2024-07-21,13.3,3.9,8.3,10.5,0.0
La Pintana,2024-07-22,16.6,3.5,9.4,15.0,0.0
La Pintana,2024-07-23,9.8,3.7,6.9,8.2,0.3
La Pintana,2024-07-24,14.9,-0.2,7.1,13.6,0.0
La Pintana,2024-07-25,16.2,1.8,8.5,14.2,0.0
La Pintana,2024-07-26,12.4,3.4,7.2,10.4,0.0
La Pintana,2024-07-27,14.2,4.0,8.3,12.5,0.0
La Pintana,2024-07-28,15.5,2.8,8.7,13.4,0.0
La Pintana,2024-07-29,20.3,1.4,10.3,19.4,0.0
La Pintana,2024-07-30,16.2,6.9,11.3,15.2,0.0
La Pintana,2024-07-31,11.5,7.3,9.2,10.8,0.0
La Pintana,2024-08-01,9.3,5.8,7.0,7.6,0.1
La Pintana,2024-08-02,12.1,5.0,8.0,9.9,83.3
La Pintana,2024-08-03,14.6,1.9,7.1,12.2,10.6
La Pintana,2024-08-04,13.8,4.1,8.3,12.0,0.0
La Pintana,2024-08-05,8.3,5.2,6.4,6.7,12.5
La Pintana,2024-08-06,11.0,3.4,6.3,8.3,5.9
La Pintana,2024-08-07,10.0,-1.6,4.0,7.0,0.6
La Pintana,2024-08-08,13.4,-4.9,3.9,11.3,0.0
La Pintana,2024-08-09,16.8,-4.2,6.4,15.5,0.0
La Pintana,2024-08-10,17.7,2.1,9.6,16.3,0.0
La Pintana,2024-08-11,19.0,2.8,10.1,17.9,0.0
La Pintana,2024-08-12,21.8,3.1,11.6,21.1,0.0
La Pintana,2024-08-13,18.9,6.0,10.9,18.7,0.0
La Pintana,2024-08-14,13.4,7.4,9.8,12.9,0.0
La Pintana,2024-08-15,16.1,6.0,10.4,14.7,0.0
La Pintana,2024-08-16,11.5,6.4,8.4,10.1,0.0
La Pintana,2024-08-17,14.3,6.2,9.0,12.7,0.0
La Pintana,2024-08-18,11.3,5.5,7.8,9.5,1.6
La Pintana,2024-08-19,11.5,4.0,7.1,8.8,0.0
La Pintana,2024-08-20,9.5,2.2,5.0,6.8,0.0
La Pintana,2024-08-21,10.5,2.5,4.9,8.9,16.2
La Pintana,2024-08-22,8.9,-3.3,2.4,6.1,8.7
La Pintana,2024-08-23,8.1,-3.4,2.8,5.8,10.2
La Pintana,2024-08-24,14.8,-6.3,3.6,12.8,0.0
La Pintana,2024-08-25,18.0,-1.2,8.2,16.8,0.0
La Pintana,2024-08-26,15.4,-0.0,8.0,13.7,0.0
La Pintana,2024-08-27,17.0,-0.3,8.3,16.2,0.0
La Pintana,2024-08-28,14.4,4.6,8.9,13.7,0.0
La Pintana,2024-08-29,11.5,5.0,7.9,9.6,0.3
La Pintana,2024-08-30,12.9,4.9,8.2,10.9,0.5
La Pintana,2024-08-31,18.2,-0.8,8.8,17.6,0.0
La Pintana,2024-09-01,22.3,4.1,11.9,22.0,0.0
La Pintana,2024-09-02,13.4,4.9,9.2,11.2,0.4
La Pintana,2024-09-03,14.1,3.1,8.1,11.9,0.0
La Pintana,2024-09-04,17.3,1.9,9.5,16.4,0.0
La Pintana,2024-09-05,20.2,3.2,11.1,19.2,0.0
La Pintana,2024-09-06,16.1,7.4,11.0,15.3,0.0
La Pintana,2024-09-07,15.5,6.2,9.9,15.0,0.0
La Pintana,2024-09-08,17.8,6.6,11.2,17.5,0.0
La Pintana,2024-09-09,20.0,8.5,13.3,19.5,0.0
La Pintana,2024-09-10,16.6,6.4,11.4,15.1,28.5
La Pintana,2024-09-11,16.8,4.9,10.7,16.2,2.4
La Pintana,2024-09-12,15.4,5.2,9.6,15.0,0.0
La Pintana,2024-09-13,16.6,4.9,9.9,16.2,0.0
La Pintana,2024-09-14,20.5,1.2,11.4,20.2,0.0
La Pintana,2024-09-15,20.9,4.0,12.6,20.6,0.0
La Pintana,2024-09-16,22.5,2.8,13.1,21.3,0.0
La Pintana,2024-09-17,19.8,5.8,12.4,20.1,0.0
La Pintana,2024-09-18,19.5,6.3,11.2,19.5,0.0
La Pintana,2024-09-19,13.9,4.9,9.1,12.2,3.7
La Pintana,2024-09-20,16.6,2.9,9.6,15.2,0.0
La Pintana,2024-09-21,15.7,5.9,9.9,14.2,0.0
La Pintana,2024-09-22,11.7,5.9,8.7,9.9,4.7
La Pintana,2024-09-23,14.5,7.0,10.4,13.7,2.2
La Pintana,2024-09-24,16.4,5.0,10.1,16.5,0.0
La Pintana,2024-09-25,15.9,5.3,9.7,15.0,0.0
La Pintana,2024-09-26,22.4,-1.5,11.2,22.3,0.0
La Pintana,2024-09-27,20.4,6.7,13.2,20.2,0.0
La Pintana,2024-09-28,22.4,9.5,15.5,21.8,0.0
La Pintana,2024-09-29,16.9,6.6,11.7,17.0,0.0
La Pintana,2024-09-30,17.3,7.1,10.5,16.3,0.0
La Pintana,2024-10-01,16.0,6.4,10.8,13.7,0.0
La Pintana,2024-10-02,20.0,4.7,12.1,19.4,0.0
La Pintana,2024-10-03,23.9,8.7,15.0,24.0,0.0
La Pintana,2024-10-04,23.5,9.2,15.2,23.9,0.0
La Pintana,2024-10-05,23.8,8.7,16.2,24.6,0.0
La Pintana,2024-10-06,19.8,11.1,14.8,19.6,0.3
La Pintana,2024-10-07,21.0,9.3,14.2,21.6,2.9
La Pintana,2024-10-08,15.2,9.3,11.6,14.5,5.2
La Pintana,2024-10-09,18.4,7.7,12.9,17.6,0.0
La Pintana,2024-10-10,16.0,8.3,12.2,15.4,0.0
La Pintana,2024-10-11,16.8,8.6,11.6,16.1,0.0
La Pintana,2024-10-12,17.3,9.2,12.8,16.7,0.0
La Pintana,2024-10-13,22.4,7.6,14.7,23.3,0.0
La Pintana,2024-10-14,20.5,7.4,13.8,20.6,0.0
La Pintana,2024-10-15,26.1,7.2,15.7,27.1,0.0
La Pintana,2024-10-16,16.9,7.8,12.3,17.3,0.0
La Pintana,2024-10-17,24.2,5.6,14.6,25.3,0.0
La Pintana,2024-10-18,26.6,8.9,16.9,27.6,0.0
La Pintana,2024-10-19,19.7,7.9,13.5,20.4,0.0
La Pintana,2024-10-20,18.4,7.3,12.0,17.7,0.5
La Pintana,2024-10-21,22.1,7.1,14.4,22.3,0.0
La Pintana,2024-10-22,21.9,9.8,14.5,22.3,3.3
La Pintana,2024-10-23,17.9,8.5,12.2,17.9,2.8
La Pintana,2024-10-24,24.4,5.6,14.7,24.0,0.0
La Pintana,2024-10-25,22.2,7.4,14.0,21.8,0.0
La Pintana,2024-10-26,27.4,7.1,16.9,28.3,0.0
La Pintana,2024-10-27,25.4,9.1,16.7,26.2,0.0
La Pintana,2024-10-28,29.7,8.9,18.1,31.2,0.0
La Pintana,2024-10-29,23.1,11.0,16.4,23.9,0.0
La Pintana,2024-10-30,23.7,9.6,15.2,25.0,0.0
La Pintana,2024-10-31,24.2,10.7,16.0,25.7,0.0
La Pintana,2024-11-01,19.1,9.0,12.6,18.6,0.2
La Pintana,2024-11-02,24.3,6.7,15.3,23.5,0.0
La Pintana,2024-11-03,21.9,8.2,14.4,21.8,0.0
La Pintana,2024-11-04,22.4,7.0,14.0,20.9,0.0
La Pintana,2024-11-05,25.4,7.2,16.4,24.6,0.0
La Pintana,2024-11-06,25.7,11.9,18.0,24.8,0.0
La Pintana,2024-11-07,24.4,10.5,17.9,22.9,0.3
La Pintana,2024-11-08,28.6,11.6,19.4,27.9,0.0
La Pintana,2024-11-09,26.7,11.8,18.6,26.3,0.0
La Pintana,2024-11-10,20.4,10.6,15.1,20.2,0.8
La Pintana,2024-11-11,24.7,8.3,16.9,23.0,0.0
La Pintana,2024-11-12,29.9,10.1,20.4,28.3,0.0
La Pintana,2024-11-13,25.0,13.5,19.3,25.0,0.0
La Pintana,2024-11-14,25.0,11.1,17.0,25.6,0.0
La Pintana,2024-11-15,23.6,9.2,15.8,23.6,0.0
La Pintana,2024-11-16,18.7,10.8,14.3,17.5,2.7
La Pintana,2024-11-17,24.3,7.6,15.3,24.8,0.0
La Pintana,2024-11-18,24.8,10.2,16.5,24.8,0.0
La Pintana,2024-11-19,24.5,9.1,15.3,24.2,0.0
La Pintana,2024-11-20,23.9,10.8,16.4,22.9,0.0
La Pintana,2024-11-21,25.9,11.0,17.3,26.1,0.0
La Pintana,2024-11-22,25.2,9.5,16.9,25.0,0.0
La Pintana,2024-11-23,28.6,11.3,19.1,28.4,0.0
La Pintana,2024-11-24,27.6,11.1,19.1,26.8,0.0
La Pintana,2024-11-25,25.9,12.3,18.6,25.3,0.0
La Pintana,2024-11-26,25.6,10.4,17.3,24.9,0.0
La Pintana,2024-11-27,23.7,8.9,15.5,22.9,0.0
La Pintana,2024-11-28,25.2,7.6,16.2,24.3,0.0
La Pintana,2024-11-29,27.6,11.5,19.0,26.9,0.0
La Pintana,2024-11-30,24.2,9.9,17.0,23.1,0.0
La Pintana,2024-12-01,23.5,8.2,15.2,22.2,0.0
La Pintana,2024-12-02,25.5,10.4,17.3,24.3,0.0
La Pintana,2024-12-03,25.0,10.1,16.7,24.9,0.0
La Pintana,2024-12-04,23.5,9.0,15.1,23.5,0.0
La Pintana,2024-12-05,21.7,7.2,13.7,21.3,0.0
La Pintana,2024-12-06,24.9,8.1,16.1,24.0,0.0
La Pintana,2024-12-07,25.5,11.9,17.9,25.1,0.0
La Pintana,2024-12-08,23.9,9.0,15.8,23.0,0.0
La Pintana,2024-12-09,29.2,8.9,18.4,27.8,0.0
La Pintana,2024-12-10,27.0,12.5,18.9,26.3,0.0
La Pintana,2024-12-11,28.4,11.6,19.5,27.3,0.0
La Pintana,2024-12-12,26.6,10.1,17.4,25.8,0.0
La Pintana,2024-12-13,29.2,12.1,20.0,28.1,0.0
La Pintana,2024-12-14,29.8,12.7,20.1,29.5,0.0
La Pintana,2024-12-15,25.8,12.4,18.2,25.7,0.0
La Pintana,2024-12-16,26.2,10.2,17.2,26.8,0.0
La Pintana,2024-12-17,24.9,10.0,16.9,25.1,0.0
La Pintana,2024-12-18,27.8,10.5,19.1,27.1,0.0
La Pintana,2024-12-19,32.0,14.3,22.6,31.4,0.0
La Pintana,2024-12-20,29.2,14.2,20.7,27.5,0.0
La Pintana,2024-12-21,31.5,13.6,22.3,30.7,0.0
La Pintana,2024-12-22,33.0,16.5,23.8,32.9,0.0
La Pintana,2024-12-23,27.9,17.0,21.9,27.8,0.0
La Pintana,2024-12-24,29.3,15.2,21.4,29.4,0.0
La Pintana,2024-12-25,27.5,13.4,19.8,28.4,0.0
La Pintana,2024-12-26,26.4,11.9,17.8,27.4,0.0
La Pintana,2024-12-27,27.0,12.0,18.6,28.4,0.0
La Pintana,2024-12-28,28.3,12.0,19.2,29.3,0.0
La Pintana,2024-12-29,29.7,12.1,20.0,30.6,0.0
La Pintana,2024-12-30,28.7,13.2,20.3,29.8,0.0
La Pintana,2024-12-31,29.5,14.2,21.1,29.1,0.0
La Reina,2024-01-01,28.9,12.4,19.5,29.2,0.0
La Reina,2024-01-02,29.7,13.1,20.7,30.4,0.0
La Reina,2024-01-03,29.4,16.6,21.6,29.6,0.0
La Reina,2024-01-04,28.4,15.1,21.0,29.4,0.0
La Reina,2024-01-05,26.4,14.8,19.8,27.0,0.0
La Reina,2024-01-06,26.7,14.3,19.7,26.8,0.0
La Reina,2024-01-07,29.2,13.2,20.8,28.4,0.0
La Reina,2024-01-08,29.0,13.9,20.9,28.5,0.0
La Reina,2024-01-09,28.8,13.9,20.6,28.4,0.0
La Reina,2024-01-10,29.1,14.3,20.9,28.4,0.0
La Reina,2024-01-11,29.3,16.4,21.2,28.7,0.0
La Reina,2024-01-12,27.8,15.0,20.0,27.8,0.0
La Reina,2024-01-13,27.1,12.0,18.7,26.7,0.0
La Reina,2024-01-14,32.8,14.5,22.9,31.8,0.0
La Reina,2024-01-15,29.8,14.7,22.6,28.4,0.0
La Reina,2024-01-16,30.8,11.7,21.0,29.2,0.0
La Reina,2024-01-17,29.6,17.0,22.3,30.0,0.0
La Reina,2024-01-18,31.5,14.5,22.3,30.9,0.0
La Reina,2024-01-19,32.2,19.1,24.5,31.7,0.0
La Reina,2024-01-20,30.1,18.6,23.4,29.9,0.0
La Reina,2024-01-21,31.9,17.8,23.5,31.9,0.0
La Reina,2024-01-22,32.7,17.9,24.0,33.3,0.0
La Reina,2024-01-23,30.2,15.2,21.9,31.1,0.0
La Reina,2024-01-24,33.9,17.2,24.5,34.3,0.0
La Reina,2024-01-25,30.9,17.8,23.4,31.3,0.0
La Reina,2024-01-26,29.8,15.5,21.7,29.6,0.0
La Reina,2024-01-27,32.6,17.0,23.1,33.6,0.0
La Reina,2024-01-28,29.0,17.3,22.2,29.5,0.0
La Reina,2024-01-29,31.7,17.0,23.3,32.4,0.0
La Reina,2024-01-30,34.2,17.5,24.9,34.6,0.0
La Reina,2024-01-31,35.9,20.2,27.2,35.3,0.0
La Reina,2024-02-01,33.8,20.8,26.2,33.0,0.0
La Reina,2024-02-02,34.5,19.0,25.9,33.3,0.0
La Reina,2024-02-03,35.1,20.3,26.6,34.2,0.0
La Reina,2024-02-04,30.1,17.7,23.6,30.3,0.0
La Reina,2024-02-05,31.7,14.7,22.6,31.9,0.0
La Reina,2024-02-06,30.3,17.8,23.2,30.0,0.0
La Reina,2024-02-07,33.4,16.5,24.0,33.3,0.0
La Reina,2024-02-08,31.7,19.0,24.2,32.5,0.0
La Reina,2024-02-09,30.5,16.4,22.2,30.4,0.0
La Reina,2024-02-10,32.7,17.2,23.9,33.1,0.0
La Reina,2024-02-11,29.3,15.6,21.6,29.0,0.0
La Reina,2024-02-12,33.8,15.9,24.0,32.7,0.0
La Reina,2024-02-13,30.6,16.8,24.1,30.1,0.0
La Reina,2024-02-14,31.1,14.8,21.4,31.3,0.0
La Reina,2024-02-15,31.8,15.7,21.7,33.2,0.0
La Reina,2024-02-16,29.2,15.1,21.5,30.0,0.0
La Reina,2024-02-17,32.3,16.3,23.7,31.9,0.0
La Reina,2024-02-18,32.6,18.9,24.6,32.6,0.0
La Reina,2024-02-19,27.9,15.3,20.6,28.1,0.0
La Reina,2024-02-20,28.9,14.1,20.0,29.7,0.0
La Reina,2024-02-21,28.1,13.5,19.6,28.3,0.0
La Reina,2024-02-22,18.5,13.9,15.9,17.7,12.9
La Reina,2024-02-23,27.6,13.8,19.9,28.9,0.0
La Reina,2024-02-24,29.0,15.2,21.4,29.7,0.0
La Reina,2024-02-25,29.5,15.7,21.6,29.8,0.0
La Reina,2024-02-26,30.2,15.6,22.2,31.0,0.0
La Reina,2024-02-27,29.8,17.4,22.6,29.6,0.0
La Reina,2024-02-28,31.3,16.0,22.5,31.1,0.0
La Reina,2024-02-29,31.9,17.1,23.7,31.6,0.0
La Reina,2024-03-01,28.7,17.6,22.4,28.4,0.0
La Reina,2024-03-02,29.9,16.2,22.4,29.5,0.0
La Reina,2024-03-03,30.1,18.5,23.0,29.4,0.0
La Reina,2024-03-04,30.9,17.5,22.7,30.5,0.0
La Reina,2024-03-05,29.3,17.5,22.2,28.4,0.0
La Reina,2024-03-06,28.5,16.1,21.1,28.2,0.0
La Reina,2024-03-07,27.4,13.7,19.3,27.4,0.0
La Reina,2024-03-08,27.3,11.4,18.3,26.3,0.0
La Reina,2024-03-09,29.8,14.0,20.8,28.6,0.0
La Reina,2024-03-10,28.7,15.3,20.8,27.9,0.0
La Reina,2024-03-11,27.2,13.0,18.6,27.5,0.0
La Reina,2024-03-12,27.6,11.7,18.9,26.5,0.0
La Reina,2024-03-13,27.6,12.8,19.5,26.8,0.0
La Reina,2024-03-14,27.8,15.4,20.5,26.6,0.0
La Reina,2024-03-15,27.9,15.7,20.2,26.4,0.0
La Reina,2024-03-16,28.1,13.5,20.0,26.6,0.0
La Reina,2024-03-17,29.4,16.2,21.3,27.5,0.0
La Reina,2024-03-18,30.6,17.4,22.6,28.8,0.0
La Reina,2024-03-19,27.7,15.1,21.2,25.9,0.0
La Reina,2024-03-20,21.5,11.6,15.8,20.7,0.9
La Reina,2024-03-21,30.9,13.8,21.2,29.9,0.5
La Reina,2024-03-22,31.4,19.4,23.8,30.5,0.0
La Reina,2024-03-23,29.1,15.2,21.6,28.0,0.0
La Reina,2024-03-24,29.8,17.8,22.4,29.6,0.0
La Reina,2024-03-25,27.5,15.6,20.6,27.7,0.0
La Reina,2024-03-26,28.9,14.3,20.5,29.2,0.0
La Reina,2024-03-27,28.6,15.8,21.6,28.8,0.0
La Reina,2024-03-28,28.7,17.5,21.6,28.8,0.0
La Reina,2024-03-29,29.5,16.4,21.8,29.3,0.0
La Reina,2024-03-30,30.7,16.2,22.4,29.8,0.0
La Reina,2024-03-31,28.9,17.0,21.9,26.5,0.0
La Reina,2024-04-01,26.0,12.7,18.8,23.8,0.0
La Reina,2024-04-02,24.2,14.2,18.4,21.6,0.1
La Reina,2024-04-03,20.2,12.5,15.7,19.3,0.0
La Reina,2024-04-04,26.3,12.7,18.6,25.8,0.0
La Reina,2024-04-05,27.7,16.1,20.2,26.6,0.0
La Reina,2024-04-06,24.8,11.6,17.8,23.2,0.0
La Reina,2024-04-07,28.3,15.6,19.9,26.6,0.0
La Reina,2024-04-08,25.0,14.3,18.3,23.0,0.0
La Reina,2024-04-09,26.2,14.7,18.9,25.1,0.0
La Reina,2024-04-10,26.7,13.7,18.9,25.3,0.0
La Reina,2024-04-11,21.8,11.2,14.9,19.6,0.0
La Reina,2024-04-12,15.7,10.5,12.6,13.8,0.0
La Reina,2024-04-13,18.1,8.1,12.7,16.2,0.8
La Reina,2024-04-14,19.9,9.3,14.0,18.1,1.0
La Reina,2024-04-15,18.2,10.8,12.7,15.4,7.7
La Reina,2024-04-16,21.8,9.2,15.0,20.1,0.0
La Reina,2024-04-17,26.9,8.7,17.2,24.8,0.0
La Reina,2024-04-18,29.0,12.2,18.9,27.6,0.0
La Reina,2024-04-19,23.7,13.7,17.6,21.7,0.0
La Reina,2024-04-20,21.1,14.7,16.9,19.4,0.0
La Reina,2024-04-21,18.1,12.0,15.0,16.3,0.0
La Reina,2024-04-22,19.9,10.6,14.7,17.9,0.0
La Reina,2024-04-23,23.8,10.7,16.1,21.8,0.0
La Reina,2024-04-24,21.7,11.4,15.2,19.9,0.0
La Reina,2024-04-25,21.1,11.3,14.6,17.5,0.0
La Reina,2024-04-26,18.9,9.3,13.2,16.2,0.0
La Reina,2024-04-27,19.9,8.8,12.6,17.5,0.0
La Reina,2024-04-28,17.3,7.8,11.8,14.1,0.0
La Reina,2024-04-29,17.8,6.3,11.4,13.5,0.0
La Reina,2024-04-30,15.1,6.3,11.0,13.1,21.2
La Reina,2024-05-01,14.3,8.1,10.3,11.6,0.9
La Reina,2024-05-02,14.3,2.6,8.5,11.5,0.0
La Reina,2024-05-03,15.5,6.6,9.7,13.2,0.0
La Reina,2024-05-04,17.1,6.2,11.1,14.1,0.0
La Reina,2024-05-05,15.3,8.5,11.1,13.3,0.0
La Reina,2024-05-06,15.3,6.1,10.3,13.2,0.0
La Reina,2024-05-07,10.1,3.5,6.4,8.0,31.1
La Reina,2024-05-08,14.1,0.4,6.2,12.7,0.0
La Reina,2024-05-09,16.9,3.9,9.0,14.7,0.0
La Reina,2024-05-10,13.1,4.5,8.4,11.2,0.0
La Reina,2024-05-11,13.3,4.8,8.4,10.7,0.0
La Reina,2024-05-12,12.7,3.6,8.0,9.6,0.0
La Reina,2024-05-13,13.8,1.4,6.6,11.3,0.0
La Reina,2024-05-14,14.8,2.2,8.0,12.1,0.0
La Reina,2024-05-15,9.6,2.8,5.9,6.6,2.5
La Reina,2024-05-16,13.0,0.6,5.9,10.0,0.0
La Reina,2024-05-17,12.7,2.0,6.7,10.1,0.3
La Reina,2024-05-18,14.3,1.4,6.8,11.6,0.0
La Reina,2024-05-19,16.9,2.3,9.6,14.6,0.0
La Reina,2024-05-20,11.1,8.5,9.3,8.6,36.0
La Reina,2024-05-21,13.6,6.9,9.5,12.1,3.7
La Reina,2024-05-22,10.2,6.9,8.6,8.8,28.2
La Reina,2024-05-23,12.0,3.9,7.4,10.0,13.5
La Reina,2024-05-24,16.1,2.4,8.9,14.5,0.0
La Reina,2024-05-25,15.1,8.3,10.8,13.5,0.1
La Reina,2024-05-26,13.5,5.0,8.1,11.9,19.8
La Reina,2024-05-27,16.8,3.4,9.8,15.3,0.0
La Reina,2024-05-28,19.0,5.7,11.6,17.2,0.0
La Reina,2024-05-29,17.7,8.3,13.5,16.5,0.0
La Reina,2024-05-30,19.2,8.5,13.5,18.5,0.0
La Reina,2024-05-31,17.2,7.3,11.9,15.4,0.0
La Reina,2024-06-01,18.1,4.9,11.2,17.0,0.0
La Reina,2024-06-02,20.7,11.6,14.6,21.0,0.0
La Reina,2024-06-03,19.3,11.2,15.5,16.7,0.0
La Reina,2024-06-04,18.5,10.0,13.7,17.2,0.1
La Reina,2024-06-05,17.8,9.7,13.8,15.4,0.1
La Reina,2024-06-06,16.4,13.2,14.7,15.5,0.0
La Reina,2024-06-07,20.0,12.2,16.8,20.2,0.0
La Reina,2024-06-08,16.8,8.4,12.4,14.0,3.9
La Reina,2024-06-09,13.1,8.2,10.1,11.8,13.5
La Reina,2024-06-10,13.9,8.6,11.5,13.2,0.0
La Reina,2024-06-11,14.8,10.1,12.7,13.7,0.0
La Reina,2024-06-12,13.5,9.0,11.4,11.6,0.0
La Reina,2024-06-13,12.4,8.6,9.9,8.7,51.6
La Reina,2024-06-14,13.9,5.8,9.4,12.0,16.1
La Reina,2024-06-15,13.2,3.8,8.4,11.0,0.0
La Reina,2024-06-16,13.6,2.5,7.4,12.3,0.0
La Reina,2024-06-17,14.1,3.8,8.2,11.6,0.8
La Reina,2024-06-18,11.0,6.7,8.5,9.5,25.7
La Reina,2024-06-19,14.5,4.4,8.7,12.5,24.1
La Reina,2024-06-20,12.1,7.4,9.8,10.9,0.0
La Reina,2024-06-21,8.6,6.7,7.5,6.7,45.7
La Reina,2024-06-22,8.8,5.5,6.8,7.0,16.1
La Reina,2024-06-23,10.3,5.3,6.9,7.9,0.4
La Reina,2024-06-24,7.6,3.9,5.9,5.8,0.0
La Reina,2024-06-25,9.8,1.7,5.5,7.5,0.3
La Reina,2024-06-26,16.1,0.6,7.6,14.2,0.0
La Reina,2024-06-27,15.6,5.9,9.9,14.1,0.0
La Reina,2024-06-28,15.0,4.7,9.2,14.0,0.0
La Reina,2024-06-29,17.8,4.7,11.1,16.7,0.0
La Reina,2024-06-30,18.3,5.6,11.1,16.6,0.0
La Reina,2024-07-01,19.4,6.2,11.5,17.8,0.0
La Reina,2024-07-02,17.6,5.6,10.8,15.6,0.0
La Reina,2024-07-03,16.0,7.3,11.4,14.2,0.0
La Reina,2024-07-04,14.3,5.0,9.1,12.7,0.0
La Reina,2024-07-05,15.0,2.5,7.8,13.1,0.0
La Reina,2024-07-06,13.2,2.3,6.7,10.6,0.0
La Reina,2024-07-07,13.1,1.1,6.6,10.9,0.0
La Reina,2024-07-08,13.4,1.3,6.9,11.2,0.0
La Reina,2024-07-09,10.4,0.7,4.5,7.5,0.0
La Reina,2024-07-10,9.4,-0.1,4.1,6.9,0.0
La Reina,2024-07-11,10.9,-0.5,4.3,8.2,0.0
La Reina,2024-07-12,13.7,1.3,6.7,10.4,0.0
La Reina,2024-07-13,14.2,0.3,6.4,12.0,0.0
La Reina,2024-07-14,13.7,1.7,7.6,11.0,0.0
La Reina,2024-07-15,16.2,2.4,8.5,12.9,0.0
La Reina,2024-07-16,19.9,6.8,12.7,18.0,0.0
La Reina,2024-07-17,18.4,5.9,12.2,16.3,0.0
La Reina,2024-07-18,15.0,7.9,11.1,12.7,0.1
La Reina,2024-07-19,15.1,6.9,10.7,13.9,0.0
La Reina,2024-07-20,13.9,5.8,8.8,13.1,0.0
La Reina,2024-07-21,13.9,5.4,9.0,10.6,0.0
La Reina,2024-07-22,17.4,7.0,12.1,16.0,0.0
La Reina,2024-07-23,10.7,5.5,8.0,9.0,0.3
La Reina,2024-07-24,15.7,2.7,9.2,14.6,0.0
La Reina,2024-07-25,17.7,4.7,10.2,15.7,0.0
La Reina,2024-07-26,13.8,7.2,10.0,12.2,0.0
La Reina,2024-07-27,16.0,5.8,10.0,14.1,0.0
La Reina,2024-07-28,16.8,8.5,12.0,15.2,0.0
La Reina,2024-07-29,21.9,5.7,13.4,20.9,0.0
La Reina,2024-07-30,17.9,11.3,14.1,16.3,0.0
La Reina,2024-07-31,13.6,7.9,10.9,12.3,0.0
La Reina,2024-08-01,12.3,7.8,9.2,9.2,0.0
La Reina,2024-08-02,11.9,5.3,8.5,9.2,65.0
La Reina,2024-08-03,15.3,2.6,8.7,12.4,6.1
La Reina,2024-08-04,15.1,6.9,10.2,13.1,0.0
La Reina,2024-08-05,10.4,5.7,8.0,8.5,8.9
La Reina,2024-08-06,11.1,3.9,6.7,8.5,10.7
La Reina,2024-08-07,9.9,-0.4,5.0,7.5,0.0
La Reina,2024-08-08,13.0,-1.2,5.2,10.7,0.0
La Reina,2024-08-09,18.3,1.8,9.5,16.2,0.0
La Reina,2024-08-10,18.6,4.8,10.8,16.4,0.0
La Reina,2024-08-11,20.0,4.7,11.8,18.3,0.0
La Reina,2024-08-12,22.8,7.6,14.7,21.9,0.0
La Reina,2024-08-13,19.8,8.0,12.5,19.1,0.0
La Reina,2024-08-14,14.4,8.9,11.2,13.8,0.0
La Reina,2024-08-15,16.1,7.4,10.8,14.7,0.0
La Reina,2024-08-16,12.8,7.0,9.6,11.6,0.0
La Reina,2024-08-17,14.8,7.3,9.9,12.9,0.0
La Reina,2024-08-18,12.5,6.8,8.8,10.8,0.0
La Reina,2024-08-19,11.6,4.8,7.8,9.4,0.0
La Reina,2024-08-20,9.7,3.5,6.0,7.1,0.2
La Reina,2024-08-21,10.8,3.7,5.9,7.3,7.8
La Reina,2024-08-22,10.6,0.3,5.5,7.6,0.1
La Reina,2024-08-23,9.8,1.9,5.1,7.3,1.8
La Reina,2024-08-24,16.7,-0.2,7.6,14.7,0.0
La Reina,2024-08-25,19.0,5.7,11.4,17.8,0.0
La Reina,2024-08-26,16.4,3.4,10.5,14.8,0.0
La Reina,2024-08-27,18.1,3.1,10.4,16.9,0.0
La Reina,2024-08-28,14.9,6.3,10.1,14.4,0.0
La Reina,2024-08-29,12.2,6.2,8.3,10.0,0.3
La Reina,2024-08-30,12.9,6.0,8.4,10.7,1.4
La Reina,2024-08-31,18.6,3.5,10.5,17.8,0.0
La Reina,2024-09-01,23.1,7.4,14.1,22.2,0.0
La Reina,2024-09-02,13.8,6.6,10.5,12.0,0.1
La Reina,2024-09-03,15.3,6.7,10.4,13.1,0.0
La Reina,2024-09-04,18.6,6.1,12.3,17.4,0.0
La Reina,2024-09-05,21.0,6.2,13.3,20.1,0.0
La Reina,2024-09-06,17.0,8.6,12.3,16.4,0.0
La Reina,2024-09-07,15.9,7.4,10.6,15.5,0.0
La Reina,2024-09-08,18.7,6.8,12.3,17.1,0.0
La Reina,2024-09-09,20.4,10.9,14.6,19.5,0.0
La Reina,2024-09-10,17.2,8.5,12.6,15.6,0.6
La Reina,2024-09-11,17.9,5.7,11.6,17.1,0.3
La Reina,2024-09-12,16.0,8.0,11.2,15.3,0.0
La Reina,2024-09-13,17.4,6.1,11.0,16.4,0.0
La Reina,2024-09-14,21.6,4.8,13.4,20.3,0.0
La Reina,2024-09-15,22.0,7.3,15.0,20.8,0.0
La Reina,2024-09-16,23.7,8.7,15.3,21.9,0.0
La Reina,2024-09-17,20.8,7.1,13.5,20.1,0.0
La Reina,2024-09-18,21.1,8.1,14.3,19.8,0.0
La Reina,2024-09-19,16.2,5.6,10.6,13.3,1.7
La Reina,2024-09-20,17.6,5.1,11.4,16.5,0.0
La Reina,2024-09-21,16.2,7.6,11.2,15.2,0.0
La Reina,2024-09-22,12.7,7.3,9.9,10.6,3.5
La Reina,2024-09-23,14.7,8.8,11.1,13.6,0.6
La Reina,2024-09-24,16.8,7.5,11.2,16.5,0.0
La Reina,2024-09-25,16.6,7.1,10.9,15.4,0.0
La Reina,2024-09-26,23.4,4.7,14.1,22.3,0.0
La Reina,2024-09-27,21.2,8.9,15.3,20.5,0.0
La Reina,2024-09-28,23.1,13.7,17.1,22.5,0.0
La Reina,2024-09-29,18.2,9.3,13.4,18.3,0.0
La Reina,2024-09-30,18.0,7.9,11.3,16.8,0.0
La Reina,2024-10-01,17.0,6.0,11.3,14.3,0.0
La Reina,2024-10-02,20.4,7.6,13.5,19.7,0.0
La Reina,2024-10-03,24.2,10.9,16.9,24.2,0.0
La Reina,2024-10-04,24.4,11.6,16.8,24.1,0.0
La Reina,2024-10-05,24.6,9.6,17.7,24.5,0.0
La Reina,2024-10-06,21.1,13.1,16.9,20.1,0.4
La Reina,2024-10-07,22.2,10.9,15.7,22.3,4.2
La Reina,2024-10-08,15.3,9.3,11.6,13.6,5.9
La Reina,2024-10-09,18.5,9.0,13.3,17.1,0.0
La Reina,2024-10-10,17.6,9.4,13.0,16.7,0.0
La Reina,2024-10-11,17.9,9.9,12.9,16.7,0.0
La Reina,2024-10-12,17.9,10.2,13.9,17.0,0.0
La Reina,2024-10-13,23.0,11.0,15.9,23.4,0.0
La Reina,2024-10-14,21.4,10.1,15.4,20.7,0.0
La Reina,2024-10-15,27.2,10.2,17.7,27.2,0.0
La Reina,2024-10-16,19.1,8.0,13.8,19.0,0.0
La Reina,2024-10-17,25.7,7.5,16.4,26.0,0.0
La Reina,2024-10-18,28.2,11.1,19.3,28.4,0.0
La Reina,2024-10-19,21.9,10.5,15.5,22.5,0.0
La Reina,2024-10-20,19.7,8.8,13.0,18.2,0.7
La Reina,2024-10-21,23.5,9.1,15.6,23.5,0.0
La Reina,2024-10-22,23.0,10.4,15.9,23.2,3.4
La Reina,2024-10-23,18.5,9.0,12.6,18.3,8.4
La Reina,2024-10-24,25.0,7.3,15.8,24.6,0.0
La Reina,2024-10-25,23.2,8.8,15.3,22.9,0.0
La Reina,2024-10-26,28.2,9.4,18.5,28.2,0.0
La Reina,2024-10-27,27.0,11.6,18.8,27.4,0.0
La Reina,2024-10-28,31.4,12.1,20.7,31.9,0.0
La Reina,2024-10-29,24.4,12.4,18.5,24.6,0.0
La Reina,2024-10-30,25.3,11.2,16.9,26.0,0.0
La Reina,2024-10-31,26.1,11.5,17.8,26.5,0.0
La Reina,2024-11-01,19.9,10.9,13.8,18.9,0.0
La Reina,2024-11-02,25.0,8.4,16.3,24.3,0.0
La Reina,2024-11-03,23.3,9.9,15.7,22.4,0.0
La Reina,2024-11-04,23.1,9.3,15.4,21.5,0.0
La Reina,2024-11-05,26.5,11.3,18.2,25.2,0.0
La Reina,2024-11-06,26.3,13.1,19.2,25.4,0.0
La Reina,2024-11-07,24.7,13.4,19.3,23.6,0.0
La Reina,2024-11-08,29.2,15.2,21.1,28.3,0.0
La Reina,2024-11-09,27.3,13.8,20.2,26.7,0.0
La Reina,2024-11-10,21.5,11.6,16.4,20.4,0.0
La Reina,2024-11-11,25.6,11.4,18.3,23.9,0.0
La Reina,2024-11-12,30.7,12.9,22.6,29.5,0.0
La Reina,2024-11-13,26.9,14.9,21.5,27.1,0.0
La Reina,2024-11-14,26.5,13.8,18.8,27.3,0.0
La Reina,2024-11-15,25.0,10.9,17.5,25.0,0.0
La Reina,2024-11-16,19.6,12.8,15.8,18.2,1.6
La Reina,2024-11-17,25.2,10.0,16.9,25.9,0.0
La Reina,2024-11-18,25.9,13.2,18.4,26.5,0.0
La Reina,2024-11-19,25.4,11.4,17.1,25.4,0.0
La Reina,2024-11-20,24.9,12.5,18.1,24.5,0.0
La Reina,2024-11-21,27.2,14.4,19.5,27.9,0.0
La Reina,2024-11-22,26.2,11.9,18.8,26.2,0.0
La Reina,2024-11-23,29.1,13.8,20.7,29.3,0.0
La Reina,2024-11-24,27.6,13.7,20.5,27.8,0.0
La Reina,2024-11-25,26.2,14.9,20.0,25.6,0.0
La Reina,2024-11-26,25.8,12.9,18.7,25.1,0.0
La Reina,2024-11-27,24.6,11.5,17.1,23.9,0.0
La Reina,2024-11-28,25.5,10.3,17.8,24.8,0.0
La Reina,2024-11-29,27.9,14.2,20.5,27.2,0.0
La Reina,2024-11-30,25.7,11.8,18.8,24.8,0.0
La Reina,2024-12-01,23.7,9.0,16.1,22.9,0.0
La Reina,2024-12-02,25.6,12.3,18.7,24.8,0.0
La Reina,2024-12-03,25.7,12.6,18.2,25.7,0.0
La Reina,2024-12-04,24.4,11.0,16.7,24.6,0.0
La Reina,2024-12-05,21.8,9.2,15.0,21.3,0.0
La Reina,2024-12-06,25.4,10.4,17.6,24.2,0.0
La Reina,2024-12-07,26.1,13.6,19.1,26.3,0.0
La Reina,2024-12-08,24.5,11.5,17.3,23.9,0.0
La Reina,2024-12-09,29.4,12.1,20.3,28.9,0.0
La Reina,2024-12-10,28.2,15.4,21.0,28.6,0.0
La Reina,2024-12-11,29.4,14.6,21.5,29.4,0.0
La Reina,2024-12-12,27.0,12.7,19.2,26.7,0.0
La Reina,2024-12-13,29.2,15.1,21.6,29.1,0.0
La Reina,2024-12-14,30.0,16.1,21.7,30.4,0.0
La Reina,2024-12-15,26.7,15.0,19.7,27.5,0.0
La Reina,2024-12-16,27.5,12.9,19.1,28.6,0.0
La Reina,2024-12-17,26.0,13.0,18.6,26.7,0.0
La Reina,2024-12-18,27.7,12.9,20.3,28.0,0.0
La Reina,2024-12-19,32.2,16.3,23.7,32.2,0.0
La Reina,2024-12-20,29.2,16.3,22.1,28.2,0.0
La Reina,2024-12-21,31.7,16.4,23.8,31.6,0.0
La Reina,2024-12-22,33.3,19.2,25.2,33.9,0.0
La Reina,2024-12-23,29.2,19.2,23.8,30.0,0.0
La Reina,2024-12-24,30.1,17.3,22.9,30.7,0.0
La Reina,2024-12-25,28.5,15.8,21.3,29.9,0.0
La Reina,2024-12-26,27.2,13.5,19.2,28.1,0.0
La Reina,2024-12-27,27.7,14.3,20.0,29.4,0.0
La Reina,2024-12-28,29.1,14.6,20.6,30.4,0.0
La Reina,2024-12-29,30.4,15.0,21.6,32.1,0.0
La Reina,2024-12-30,29.8,15.8,21.9,31.4,0.0
La Reina,2024-12-31,30.1,16.8,22.7,30.2,0.0
Lampa,2024-01-01,31.1,13.3,21.5,31.7,0.0
Lampa,2024-01-02,31.8,14.3,22.7,32.2,0.0
Lampa,2024-01-03,31.5,16.4,23.5,31.4,0.0
Lampa,2024-01-04,30.8,15.9,22.9,31.5,0.0
Lampa,2024-01-05,28.8,15.1,21.8,29.3,0.0
Lampa,2024-01-06,28.9,15.5,21.6,29.7,0.0
Lampa,2024-01-07,30.4,14.5,22.2,30.6,0.0
Lampa,2024-01-08,30.2,15.0,22.5,30.9,0.0
Lampa,2024-01-09,30.9,14.8,22.5,30.7,0.0
Lampa,2024-01-10,30.6,14.4,22.4,30.9,0.0
Lampa,2024-01-11,31.1,17.4,23.1,31.2,0.0
Lampa,2024-01-12,30.1,15.6,22.0,30.2,0.0
Lampa,2024-01-13,29.1,12.9,20.5,29.6,0.0
Lampa,2024-01-14,34.0,13.9,24.0,33.4,0.0
Lampa,2024-01-15,32.0,17.2,23.9,31.8,0.0
Lampa,2024-01-16,32.5,12.7,22.6,31.7,0.0
Lampa,2024-01-17,32.2,18.0,24.1,32.3,0.0
Lampa,2024-01-18,32.7,15.7,24.0,32.6,0.0
Lampa,2024-01-19,34.9,18.4,26.3,34.0,0.0
Lampa,2024-01-20,32.5,19.4,25.4,32.7,0.0
Lampa,2024-01-21,34.3,18.5,25.4,34.2,0.0
Lampa,2024-01-22,35.6,18.9,26.1,35.4,0.0
Lampa,2024-01-23,32.9,16.6,24.2,33.9,0.0
Lampa,2024-01-24,36.0,18.1,26.5,36.2,0.0
Lampa,2024-01-25,33.5,19.0,25.5,34.0,0.0
Lampa,2024-01-26,31.8,17.1,23.8,32.3,0.0
Lampa,2024-01-27,35.0,18.1,25.5,35.6,0.0
Lampa,2024-01-28,31.6,18.2,24.5,32.5,0.0
Lampa,2024-01-29,33.8,17.9,25.1,34.9,0.0
Lampa,2024-01-30,36.1,17.5,26.6,35.8,0.0
Lampa,2024-01-31,37.4,20.0,28.3,36.2,0.0
Lampa,2024-02-01,36.1,21.5,27.9,34.5,0.0
Lampa,2024-02-02,36.2,18.6,27.5,35.4,0.0
Lampa,2024-02-03,37.0,18.7,27.4,36.9,0.0
Lampa,2024-02-04,32.5,19.8,25.5,33.1,0.0
Lampa,2024-02-05,33.9,15.8,24.6,34.4,0.0
Lampa,2024-02-06,32.8,18.9,25.3,32.4,0.0
Lampa,2024-02-07,35.4,17.2,26.0,35.5,0.0
Lampa,2024-02-08,33.9,20.7,26.3,35.5,0.0
Lampa,2024-02-09,33.2,17.6,24.0,34.0,0.0
Lampa,2024-02-10,34.2,17.0,25.2,35.0,0.0
Lampa,2024-02-11,31.5,16.5,23.4,31.2,0.0
Lampa,2024-02-12,35.1,16.8,25.6,34.9,0.0
Lampa,2024-02-13,33.0,18.8,25.7,32.3,0.0
Lampa,2024-02-14,33.1,16.0,23.4,33.9,0.0
Lampa,2024-02-15,34.3,16.0,23.8,34.9,0.0
Lampa,2024-02-16,32.1,15.7,23.4,33.0,0.0
Lampa,2024-02-17,34.1,16.9,25.4,33.7,0.0
Lampa,2024-02-18,35.1,17.7,26.1,34.4,0.0
Lampa,2024-02-19,29.9,17.3,22.8,30.5,0.0
Lampa,2024-02-20,31.1,15.4,22.0,32.2,0.0
Lampa,2024-02-21,30.5,15.0,21.6,30.9,0.0
Lampa,2024-02-22,21.1,15.5,17.5,21.2,9.7
Lampa,2024-02-23,28.9,13.4,20.8,30.3,3.3
Lampa,2024-02-24,30.4,16.9,22.8,31.6,0.0
Lampa,2024-02-25,31.2,16.6,22.9,31.6,0.0
Lampa,2024-02-26,31.6,15.7,23.0,32.6,0.0
Lampa,2024-02-27,31.8,17.2,23.7,32.1,0.0
Lampa,2024-02-28,32.8,16.2,23.7,32.4,0.0
Lampa,2024-02-29,33.4,16.9,24.9,33.1,0.0
Lampa,2024-03-01,31.5,16.2,23.6,30.7,0.0
Lampa,2024-03-02,31.7,16.5,23.4,31.5,0.0
Lampa,2024-03-03,31.6,16.8,23.7,31.2,0.0
Lampa,2024-03-04,33.2,17.1,24.0,32.2,0.0
Lampa,2024-03-05,31.8,18.5,23.8,30.3,0.0
Lampa,2024-03-06,30.7,16.1,22.6,30.1,0.0
Lampa,2024-03-07,29.4,15.0,20.9,28.8,0.0
Lampa,2024-03-08,29.0,12.5,19.7,27.9,0.0
Lampa,2024-03-09,31.3,13.6,22.0,30.2,0.0
Lampa,2024-03-10,30.0,15.8,22.0,29.9,0.0
Lampa,2024-03-11,29.1,13.6,20.2,29.0,0.0
Lampa,2024-03-12,29.1,13.0,20.3,28.2,0.0
Lampa,2024-03-13,29.3,14.5,20.8,29.1,0.0
Lampa,2024-03-14,29.6,15.4,21.5,28.1,0.0
Lampa,2024-03-15,30.1,15.5,21.5,28.5,0.0
Lampa,2024-03-16,30.2,14.2,21.2,28.8,0.0
Lampa,2024-03-17,31.1,14.8,22.0,29.4,0.0
Lampa,2024-03-18,32.3,14.7,23.0,30.5,0.0
Lampa,2024-03-19,29.5,16.4,22.0,28.5,0.0
Lampa,2024-03-20,22.8,12.4,17.2,22.1,2.5
Lampa,2024-03-21,32.1,13.4,21.8,31.8,2.1
Lampa,2024-03-22,33.2,16.9,24.3,32.2,0.0
Lampa,2024-03-23,30.9,15.9,23.1,30.4,0.0
Lampa,2024-03-24,32.6,18.1,24.0,31.8,0.0
Lampa,2024-03-25,30.4,16.9,22.6,30.2,0.0
Lampa,2024-03-26,31.0,15.9,22.1,30.8,0.0
Lampa,2024-03-27,30.8,15.9,22.8,30.7,0.0
Lampa,2024-03-28,31.3,16.2,22.8,31.2,0.0
Lampa,2024-03-29,32.0,16.6,23.1,31.8,0.0
Lampa,2024-03-30,32.5,15.7,23.2,31.3,0.0
Lampa,2024-03-31,30.8,17.0,22.9,28.6,0.0
Lampa,2024-04-01,27.1,14.2,20.1,25.2,0.0
Lampa,2024-04-02,26.5,14.2,19.1,24.2,3.1
Lampa,2024-04-03,23.7,12.8,17.3,21.9,0.0
Lampa,2024-04-04,27.9,12.5,19.2,27.8,0.0
Lampa,2024-04-05,30.1,14.4,20.6,29.2,0.0
Lampa,2024-04-06,26.9,13.0,18.9,25.8,0.0
Lampa,2024-04-07,30.4,14.4,20.6,28.9,0.0
Lampa,2024-04-08,27.4,15.2,19.8,25.4,0.0
Lampa,2024-04-09,28.6,13.5,20.1,26.9,0.0
Lampa,2024-04-10,28.8,13.3,19.6,27.6,0.0
Lampa,2024-04-11,23.3,11.9,16.5,21.2,0.0
Lampa,2024-04-12,18.2,11.5,14.4,16.1,0.0
Lampa,2024-04-13,20.2,9.3,14.2,18.1,0.0
Lampa,2024-04-14,22.1,10.5,15.7,20.7,0.5
Lampa,2024-04-15,20.1,10.3,13.9,19.7,16.8
Lampa,2024-04-16,24.0,8.9,15.3,22.1,0.0
Lampa,2024-04-17,28.8,10.1,18.9,26.1,0.0
Lampa,2024-04-18,32.1,13.5,21.4,29.7,0.0
Lampa,2024-04-19,26.1,14.8,19.1,23.9,0.0
Lampa,2024-04-20,23.2,14.1,17.7,21.8,0.0
Lampa,2024-04-21,20.9,13.5,16.3,18.5,0.0
Lampa,2024-04-22,22.3,10.9,15.6,20.7,0.0
Lampa,2024-04-23,25.4,9.2,16.7,23.9,0.0
Lampa,2024-04-24,23.6,10.3,16.0,22.2,0.0
Lampa,2024-04-25,22.9,9.7,15.6,19.8,0.0
Lampa,2024-04-26,20.5,9.7,14.5,18.2,0.0
Lampa,2024-04-27,21.3,9.2,13.8,19.1,0.0
Lampa,2024-04-28,18.8,8.5,12.8,15.9,0.0
Lampa,2024-04-29,19.3,5.8,11.8,16.2,0.0
Lampa,2024-04-30,18.4,7.2,12.2,16.5,5.5
Lampa,2024-05-01,16.4,6.3,11.4,13.8,1.7
Lampa,2024-05-02,16.5,4.6,9.5,13.2,0.0
Lampa,2024-05-03,17.7,5.3,10.5,15.4,0.0
Lampa,2024-05-04,18.7,6.3,11.7,15.2,0.0
Lampa,2024-05-05,17.2,9.3,12.0,14.8,0.0
Lampa,2024-05-06,18.0,6.9,10.9,15.6,0.0
Lampa,2024-05-07,10.3,4.2,6.9,8.8,42.8
Lampa,2024-05-08,16.3,1.5,7.8,13.0,0.0
Lampa,2024-05-09,18.8,4.9,10.3,16.7,0.0
Lampa,2024-05-10,15.1,6.1,9.8,12.9,0.0
Lampa,2024-05-11,15.3,5.8,9.5,12.6,0.0
Lampa,2024-05-12,14.1,3.9,8.2,10.7,0.0
Lampa,2024-05-13,15.8,3.0,7.8,13.0,0.0
Lampa,2024-05-14,17.3,3.9,9.5,14.4,0.0
Lampa,2024-05-15,10.8,4.3,6.9,7.7,2.6
Lampa,2024-05-16,15.0,2.0,7.5,12.5,0.0
Lampa,2024-05-17,14.2,3.3,8.0,11.4,4.7
Lampa,2024-05-18,16.9,3.2,8.4,14.1,0.0
Lampa,2024-05-19,18.8,3.6,11.0,16.3,0.3
Lampa,2024-05-20,13.4,8.1,10.0,11.1,43.7
Lampa,2024-05-21,15.1,7.4,10.2,13.5,16.8
Lampa,2024-05-22,10.6,6.6,9.1,9.8,28.1
Lampa,2024-05-23,13.5,5.6,8.2,11.6,10.7
Lampa,2024-05-24,16.6,4.0,10.2,14.9,0.0
Lampa,2024-05-25,16.1,9.6,12.2,14.2,0.4
Lampa,2024-05-26,13.9,6.1,9.2,12.5,20.1
Lampa,2024-05-27,17.3,5.1,10.6,15.7,0.0
Lampa,2024-05-28,20.1,8.5,12.6,18.1,0.0
Lampa,2024-05-29,19.2,8.2,12.4,18.0,0.0
Lampa,2024-05-30,20.4,9.0,13.9,19.3,0.0
Lampa,2024-05-31,17.9,9.0,12.8,16.6,0.0
Lampa,2024-06-01,19.3,6.8,12.0,17.7,0.0
Lampa,2024-06-02,20.5,10.3,14.4,19.3,0.0
Lampa,2024-06-03,18.4,11.7,15.4,17.5,0.0
Lampa,2024-06-04,20.6,9.1,13.7,19.3,0.4
Lampa,2024-06-05,15.6,11.0,13.1,13.9,0.0
Lampa,2024-06-06,17.6,8.7,13.6,16.7,0.0
Lampa,2024-06-07,21.7,9.3,14.1,20.6,0.0
Lampa,2024-06-08,16.5,9.4,12.7,15.3,1.6
Lampa,2024-06-09,13.8,8.2,10.7,12.4,10.6
Lampa,2024-06-10,15.7,9.3,11.6,14.6,0.0
Lampa,2024-06-11,15.6,9.5,11.9,14.5,0.0
Lampa,2024-06-12,14.7,9.4,11.4,13.1,0.0
Lampa,2024-06-13,14.0,9.4,11.0,10.5,66.4
Lampa,2024-06-14,15.5,8.7,10.8,13.4,14.4
Lampa,2024-06-15,15.0,4.7,9.1,13.1,0.0
Lampa,2024-06-16,15.3,5.2,9.5,13.6,0.0
Lampa,2024-06-17,16.1,5.2,9.4,15.1,0.2
Lampa,2024-06-18,13.9,7.3,9.8,11.1,40.5
Lampa,2024-06-19,15.3,5.9,9.7,13.4,7.5
Lampa,2024-06-20,13.2,7.1,9.4,11.4,0.0
Lampa,2024-06-21,8.9,6.7,7.9,8.1,59.6
Lampa,2024-06-22,9.5,4.9,7.3,7.9,31.0
Lampa,2024-06-23,11.9,6.5,8.5,9.6,2.9
Lampa,2024-06-24,9.2,4.7,7.4,7.5,0.2
Lampa,2024-06-25,11.0,3.1,6.6,8.7,0.6
Lampa,2024-06-26,17.8,1.6,8.6,15.3,0.0
Lampa,2024-06-27,16.9,6.8,11.1,15.2,0.0
Lampa,2024-06-28,15.6,5.1,9.4,14.4,0.0
Lampa,2024-06-29,18.0,6.0,12.0,17.0,0.0
Lampa,2024-06-30,20.3,6.4,11.7,18.3,0.0
Lampa,2024-07-01,20.7,7.0,13.1,19.2,0.0
Lampa,2024-07-02,18.8,6.2,11.5,16.9,0.0
Lampa,2024-07-03,18.1,8.5,12.5,16.4,0.0
Lampa,2024-07-04,15.5,6.6,10.4,13.1,0.0
Lampa,2024-07-05,16.8,3.8,9.5,14.8,0.0
Lampa,2024-07-06,14.2,5.5,9.1,11.7,0.0
Lampa,2024-07-07,14.7,5.4,8.9,12.5,0.0
Lampa,2024-07-08,15.2,2.4,8.6,13.0,0.0
Lampa,2024-07-09,12.3,2.4,6.2,9.4,0.0
Lampa,2024-07-10,11.1,1.2,4.8,8.6,0.0
Lampa,2024-07-11,12.5,1.2,5.8,10.3,0.0
Lampa,2024-07-12,14.8,2.5,8.6,11.8,0.0
Lampa,2024-07-13,15.2,1.7,8.5,13.0,0.0
Lampa,2024-07-14,14.8,5.1,9.4,12.0,0.0
Lampa,2024-07-15,16.4,5.6,10.1,13.6,0.0
Lampa,2024-07-16,20.9,5.7,12.1,19.3,0.0
Lampa,2024-07-17,20.4,7.9,13.5,18.9,0.0
Lampa,2024-07-18,14.6,8.0,11.6,12.9,0.0
Lampa,2024-07-19,16.8,6.8,11.0,15.1,0.0
Lampa,2024-07-20,15.6,6.4,9.6,14.3,0.0
Lampa,2024-07-21,15.3,6.0,10.0,13.7,0.0
Lampa,2024-07-22,19.5,5.4,11.7,17.9,0.0
Lampa,2024-07-23,11.4,6.0,8.3,9.8,0.0
Lampa,2024-07-24,17.9,3.7,10.2,15.9,0.0
Lampa,2024-07-25,20.1,6.9,11.8,18.2,0.0
Lampa,2024-07-26,15.2,6.9,10.0,13.1,0.0
Lampa,2024-07-27,17.7,5.5,11.0,15.6,0.0
Lampa,2024-07-28,19.0,6.4,11.8,17.3,0.0
Lampa,2024-07-29,23.4,7.2,14.3,23.0,0.0
Lampa,2024-07-30,19.3,10.8,13.9,18.1,0.0
Lampa,2024-07-31,14.6,8.8,11.2,13.6,0.0
Lampa,2024-08-01,11.2,8.3,9.3,9.8,0.1
Lampa,2024-08-02,13.4,6.1,9.3,10.5,72.6
Lampa,2024-08-03,15.2,4.4,9.1,13.5,0.3
Lampa,2024-08-04,16.7,6.4,10.7,15.2,0.0
Lampa,2024-08-05,10.3,6.1,8.2,8.4,15.4
Lampa,2024-08-06,12.2,3.7,7.5,9.6,7.4
Lampa,2024-08-07,11.2,1.3,5.7,8.6,0.0
Lampa,2024-08-08,14.7,1.3,7.1,12.1,0.0
Lampa,2024-08-09,19.9,2.6,10.5,18.5,0.0
Lampa,2024-08-10,20.0,5.6,11.9,18.4,0.0
Lampa,2024-08-11,21.3,6.3,13.5,20.9,0.0
Lampa,2024-08-12,23.8,9.4,16.1,23.5,0.0
Lampa,2024-08-13,21.1,9.7,14.6,21.0,0.0
Lampa,2024-08-14,15.8,10.3,12.7,14.7,0.0
Lampa,2024-08-15,17.6,8.1,12.0,16.5,0.0
Lampa,2024-08-16,14.5,8.0,10.8,13.1,0.0
Lampa,2024-08-17,16.3,8.9,11.7,15.0,0.0
Lampa,2024-08-18,13.1,6.4,9.4,10.8,0.0
Lampa,2024-08-19,13.8,5.3,9.0,11.7,0.0
Lampa,2024-08-20,11.2,3.9,7.2,9.1,0.0
Lampa,2024-08-21,12.7,0.4,6.1,10.5,19.6
Lampa,2024-08-22,12.0,1.6,6.5,10.1,3.5
Lampa,2024-08-23,10.4,2.2,5.5,8.0,1.5
Lampa,2024-08-24,18.1,0.8,8.6,16.2,0.0
Lampa,2024-08-25,20.4,6.8,12.7,19.5,0.0
Lampa,2024-08-26,17.8,4.6,10.8,16.7,0.0
Lampa,2024-08-27,19.9,5.5,11.7,19.0,0.0
Lampa,2024-08-28,16.5,6.6,10.7,15.6,0.0
Lampa,2024-08-29,13.1,7.2,9.8,11.3,0.3
Lampa,2024-08-30,13.1,5.7,9.1,11.2,0.2
Lampa,2024-08-31,20.1,4.7,11.8,19.9,0.0
Lampa,2024-09-01,24.5,8.6,15.3,24.9,0.0
Lampa,2024-09-02,16.2,8.8,11.8,14.6,0.1
Lampa,2024-09-03,17.2,7.2,11.8,14.8,0.0
Lampa,2024-09-04,20.3,6.4,12.6,19.6,0.0
Lampa,2024-09-05,23.5,8.2,14.7,22.5,0.0
Lampa,2024-09-06,19.3,7.5,12.7,18.4,0.0
Lampa,2024-09-07,17.9,8.5,12.1,16.9,0.0
Lampa,2024-09-08,20.3,7.1,12.9,19.0,0.0
Lampa,2024-09-09,22.0,9.3,14.9,21.8,0.0
Lampa,2024-09-10,18.9,8.3,13.1,17.4,0.9
Lampa,2024-09-11,20.2,8.3,13.1,18.8,0.0
Lampa,2024-09-12,18.3,9.0,12.6,17.2,0.0
Lampa,2024-09-13,19.5,6.6,11.9,18.0,0.0
Lampa,2024-09-14,24.0,6.9,14.3,22.1,0.0
Lampa,2024-09-15,24.5,8.3,15.9,22.3,0.0
Lampa,2024-09-16,26.2,9.7,17.0,25.0,0.0
Lampa,2024-09-17,22.2,8.4,14.8,21.2,0.0
Lampa,2024-09-18,23.3,9.0,14.5,22.2,0.0
Lampa,2024-09-19,17.8,5.7,11.5,15.0,6.6
Lampa,2024-09-20,19.3,6.1,12.5,17.5,0.0
Lampa,2024-09-21,18.2,8.7,12.4,17.0,0.0
Lampa,2024-09-22,13.3,8.3,10.7,11.1,4.2
Lampa,2024-09-23,16.8,9.0,12.3,14.9,1.0
Lampa,2024-09-24,18.7,7.0,12.0,18.7,0.0
Lampa,2024-09-25,18.7,7.5,12.3,16.8,0.0
Lampa,2024-09-26,26.0,6.7,15.4,24.8,0.0
Lampa,2024-09-27,23.7,9.7,16.1,22.9,0.0
Lampa,2024-09-28,25.1,11.0,17.6,24.6,0.0
Lampa,2024-09-29,20.8,10.5,15.3,20.5,0.0
Lampa,2024-09-30,20.4,9.5,13.1,19.9,0.0
Lampa,2024-10-01,19.3,6.7,12.9,18.3,0.0
Lampa,2024-10-02,22.7,8.0,14.6,22.1,0.0
Lampa,2024-10-03,26.7,9.0,17.3,25.9,0.0
Lampa,2024-10-04,27.8,11.5,18.8,27.1,0.0
Lampa,2024-10-05,27.8,11.1,19.6,27.2,0.0
Lampa,2024-10-06,24.1,14.1,18.6,23.2,0.5
Lampa,2024-10-07,24.3,12.1,17.1,24.0,8.2
Lampa,2024-10-08,18.1,10.8,13.4,16.8,4.5
Lampa,2024-10-09,21.0,10.1,15.0,19.6,0.0
Lampa,2024-10-10,21.1,10.4,15.3,21.3,0.0
Lampa,2024-10-11,19.3,12.0,14.8,18.2,0.0
Lampa,2024-10-12,20.2,10.8,15.3,19.1,0.0
Lampa,2024-10-13,24.9,9.1,16.9,25.3,0.0
Lampa,2024-10-14,23.8,10.3,16.7,22.8,0.0
Lampa,2024-10-15,29.6,10.5,19.0,29.5,0.0
Lampa,2024-10-16,21.3,9.9,15.5,20.9,0.0
Lampa,2024-10-17,28.5,9.2,18.1,28.6,0.0
Lampa,2024-10-18,30.9,14.1,21.3,30.9,0.0
Lampa,2024-10-19,25.4,11.6,17.3,25.9,0.0
Lampa,2024-10-20,22.5,10.6,14.8,20.3,0.4
Lampa,2024-10-21,25.6,9.3,17.2,25.1,0.0
Lampa,2024-10-22,26.3,11.9,17.6,25.9,0.7
Lampa,2024-10-23,19.7,10.9,14.2,18.6,4.9
Lampa,2024-10-24,27.5,8.6,17.7,27.1,0.0
Lampa,2024-10-25,25.9,10.2,17.3,24.6,0.0
Lampa,2024-10-26,31.2,11.1,20.8,30.7,0.0
Lampa,2024-10-27,30.6,12.2,20.9,29.6,0.0
Lampa,2024-10-28,34.9,14.0,23.3,34.0,0.0
Lampa,2024-10-29,27.4,13.5,20.2,27.0,0.0
Lampa,2024-10-30,28.6,12.6,19.3,28.8,0.0
Lampa,2024-10-31,29.0,12.4,19.4,28.3,0.0
Lampa,2024-11-01,23.5,12.8,16.3,22.7,0.0
Lampa,2024-11-02,27.1,9.3,18.1,26.3,0.0
Lampa,2024-11-03,27.1,11.1,17.6,27.1,0.0
Lampa,2024-11-04,25.2,9.1,16.9,23.9,0.0
Lampa,2024-11-05,29.1,10.7,19.8,27.7,0.0
Lampa,2024-11-06,28.9,14.1,21.0,27.9,0.0
Lampa,2024-11-07,27.9,14.0,20.7,26.7,0.3
Lampa,2024-11-08,31.6,15.1,22.7,31.1,0.0
Lampa,2024-11-09,29.9,15.9,21.9,29.8,0.0
Lampa,2024-11-10,24.0,12.2,18.1,23.7,0.1
Lampa,2024-11-11,27.8,11.4,19.6,25.7,0.0
Lampa,2024-11-12,32.0,13.2,22.8,30.5,0.0
Lampa,2024-11-13,29.9,15.8,22.3,29.7,0.0
Lampa,2024-11-14,28.1,13.1,20.0,28.7,0.0
Lampa,2024-11-15,26.5,12.5,19.0,26.7,0.0
Lampa,2024-11-16,21.6,13.6,17.4,19.7,5.0
Lampa,2024-11-17,26.3,10.4,18.1,26.9,5.7
Lampa,2024-11-18,27.1,12.5,19.4,27.2,0.0
Lampa,2024-11-19,26.8,11.4,18.2,26.6,0.0
Lampa,2024-11-20,26.2,12.8,19.2,25.3,0.0
Lampa,2024-11-21,28.6,13.1,20.3,29.1,0.0
Lampa,2024-11-22,27.6,12.4,20.0,27.4,0.0
Lampa,2024-11-23,30.1,13.7,21.7,30.2,0.0
Lampa,2024-11-24,28.5,14.2,21.3,29.7,0.0
Lampa,2024-11-25,27.6,14.7,20.9,27.3,0.0
Lampa,2024-11-26,27.2,13.4,19.9,27.1,0.0
Lampa,2024-11-27,25.9,11.7,18.1,25.7,0.0
Lampa,2024-11-28,26.6,10.6,18.7,25.9,0.0
Lampa,2024-11-29,29.2,13.8,21.4,28.9,0.0
Lampa,2024-11-30,27.5,13.2,19.9,26.4,0.0
Lampa,2024-12-01,25.0,11.1,17.3,24.5,0.0
Lampa,2024-12-02,26.5,12.1,19.5,26.1,0.0
Lampa,2024-12-03,27.3,12.2,19.4,27.1,0.0
Lampa,2024-12-04,27.1,11.6,18.1,27.2,0.0
Lampa,2024-12-05,25.6,10.4,16.7,26.4,0.0
Lampa,2024-12-06,26.7,10.5,18.5,26.4,0.0
Lampa,2024-12-07,28.9,12.7,20.0,29.4,0.0
Lampa,2024-12-08,25.8,11.7,18.4,25.3,0.0
Lampa,2024-12-09,31.0,11.3,21.1,30.8,0.0
Lampa,2024-12-10,30.3,14.8,22.2,30.2,0.0
Lampa,2024-12-11,31.0,14.3,22.6,30.8,0.0
Lampa,2024-12-12,28.8,12.6,20.0,28.6,0.0
Lampa,2024-12-13,30.6,14.3,22.5,30.4,0.0
Lampa,2024-12-14,31.8,15.8,23.1,31.9,0.0
Lampa,2024-12-15,29.6,14.9,21.1,30.1,0.0
Lampa,2024-12-16,30.0,12.6,20.4,30.3,0.0
Lampa,2024-12-17,28.3,13.8,20.1,28.4,0.0
Lampa,2024-12-18,29.6,13.1,21.6,29.5,0.0
Lampa,2024-12-19,33.4,16.1,24.5,33.2,0.0
Lampa,2024-12-20,30.5,16.1,23.0,30.5,0.0
Lampa,2024-12-21,32.7,16.0,24.7,32.2,0.0
Lampa,2024-12-22,35.3,18.6,26.5,35.2,0.0
Lampa,2024-12-23,31.1,18.7,24.9,30.8,0.0
Lampa,2024-12-24,31.7,16.7,24.1,31.5,0.0
Lampa,2024-12-25,31.2,15.8,22.8,32.0,0.0
Lampa,2024-12-26,28.9,14.3,20.8,30.0,0.0
Lampa,2024-12-27,29.5,14.6,21.6,30.9,0.0
Lampa,2024-12-28,31.2,14.9,22.3,32.2,0.0
Lampa,2024-12-29,32.8,14.9,23.3,33.5,0.0
Lampa,2024-12-30,31.5,16.1,23.4,31.8,0.0
Lampa,2024-12-31,31.5,16.9,23.9,31.5,0.0
Las Condes,2024-01-01,26.0,14.1,18.8,26.3,0.0
Las Condes,2024-01-02,26.9,14.6,19.8,26.9,0.0
Las Condes,2024-01-03,26.4,16.2,20.2,26.3,0.0
Las Condes,2024-01-04,25.9,15.8,20.2,26.5,0.0
Las Condes,2024-01-05,23.6,16.1,19.2,24.5,0.0
Las Condes,2024-01-06,23.5,14.5,18.3,24.1,0.0
Las Condes,2024-01-07,25.3,12.9,18.5,25.4,0.0
Las Condes,2024-01-08,25.5,14.8,19.0,25.4,0.0
Las Condes,2024-01-09,25.6,13.5,19.0,25.4,0.0
Las Condes,2024-01-10,25.8,14.2,19.2,25.3,0.0
Las Condes,2024-01-11,26.0,15.9,19.8,25.6,0.0
Las Condes,2024-01-12,25.1,15.1,19.0,25.1,0.0
Las Condes,2024-01-13,24.4,13.4,17.7,24.6,0.0
Las Condes,2024-01-14,29.1,14.4,21.5,28.5,0.0
Las Condes,2024-01-15,27.0,13.7,21.4,26.3,0.0
Las Condes,2024-01-16,27.5,12.9,19.6,25.4,0.0
Las Condes,2024-01-17,27.5,16.2,21.2,27.6,0.0
Las Condes,2024-01-18,28.1,14.9,20.8,27.5,0.0
Las Condes,2024-01-19,29.6,18.2,23.3,29.3,0.0
Las Condes,2024-01-20,27.5,19.2,22.6,27.3,0.0
Las Condes,2024-01-21,29.6,18.9,23.2,29.7,0.0
Las Condes,2024-01-22,30.6,19.4,24.1,31.0,0.0
Las Condes,2024-01-23,28.1,17.5,22.0,28.9,0.0
Las Condes,2024-01-24,31.5,19.0,24.2,31.5,0.0
Las Condes,2024-01-25,29.0,18.5,23.2,30.1,0.0
Las Condes,2024-01-26,26.9,17.5,21.7,27.8,0.0
Las Condes,2024-01-27,30.0,18.1,22.5,30.6,0.0
Las Condes,2024-01-28,26.6,18.4,21.7,27.5,0.0
Las Condes,2024-01-29,29.0,18.1,23.0,29.8,0.0
Las Condes,2024-01-30,31.0,19.1,24.4,31.1,0.0
Las Condes,2024-01-31,32.8,22.1,26.5,31.6,0.0
Las Condes,2024-02-01,30.8,20.0,24.9,30.0,0.0
Las Condes,2024-02-02,31.4,19.3,24.6,30.1,0.0
Las Condes,2024-02-03,32.0,20.5,25.2,30.9,0.0
Las Condes,2024-02-04,27.9,17.1,22.9,28.0,0.0
Las Condes,2024-02-05,29.0,16.0,21.9,29.1,0.0
Las Condes,2024-02-06,27.5,18.0,21.9,27.6,0.0
Las Condes,2024-02-07,30.3,17.0,22.7,29.6,0.0
Las Condes,2024-02-08,29.0,18.9,22.5,29.3,0.1
Las Condes,2024-02-09,27.6,17.2,21.3,27.8,0.0
Las Condes,2024-02-10,29.8,17.0,22.7,30.2,0.0
Las Condes,2024-02-11,26.5,16.8,21.1,26.7,0.0
Las Condes,2024-02-12,30.4,15.6,22.8,29.1,0.0
Las Condes,2024-02-13,27.9,17.6,23.7,28.1,0.0
Las Condes,2024-02-14,28.5,17.4,21.5,28.9,0.0
Las Condes,2024-02-15,30.0,17.8,22.2,31.1,0.0
Las Condes,2024-02-16,27.5,17.5,21.4,28.5,0.0
Las Condes,2024-02-17,29.4,17.1,22.7,29.1,0.0
Las Condes,2024-02-18,30.2,19.3,24.2,30.4,0.0
Las Condes,2024-02-19,25.4,16.8,20.3,26.3,0.0
Las Condes,2024-02-20,26.2,14.0,19.2,27.1,0.0
Las Condes,2024-02-21,25.3,13.4,18.6,25.6,0.0
Las Condes,2024-02-22,15.3,12.4,13.6,14.9,12.5
Las Condes,2024-02-23,23.8,12.3,17.5,24.8,1.9
Las Condes,2024-02-24,24.8,16.1,19.5,26.1,0.0
Las Condes,2024-02-25,25.6,16.4,20.2,26.1,0.0
Las Condes,2024-02-26,26.6,16.2,20.6,26.7,0.0
Las Condes,2024-02-27,26.2,17.0,20.8,26.3,0.0
Las Condes,2024-02-28,27.5,16.5,21.0,27.3,0.0
Las Condes,2024-02-29,28.5,18.5,22.3,27.9,0.0
Las Condes,2024-03-01,25.9,17.5,21.2,25.6,0.0
Las Condes,2024-03-02,26.5,17.0,20.7,26.3,0.0
Las Condes,2024-03-03,26.9,17.9,21.5,26.4,0.0
Las Condes,2024-03-04,27.9,18.5,21.9,27.1,0.0
Las Condes,2024-03-05,26.8,17.9,21.6,26.0,0.0
Las Condes,2024-03-06,25.7,16.3,20.3,25.5,0.0
Las Condes,2024-03-07,24.9,14.7,18.8,24.7,0.0
Las Condes,2024-03-08,24.5,12.4,17.6,23.4,0.0
Las Condes,2024-03-09,27.1,14.0,20.1,26.1,0.0
Las Condes,2024-03-10,25.7,15.1,20.2,25.7,0.0
Las Condes,2024-03-11,25.0,13.6,18.5,25.2,0.0
Las Condes,2024-03-12,24.5,13.2,18.0,24.0,0.0
Las Condes,2024-03-13,24.6,14.9,18.7,24.4,0.0
Las Condes,2024-03-14,25.2,16.4,19.7,24.3,0.0
Las Condes,2024-03-15,25.2,15.4,19.6,24.0,0.0
Las Condes,2024-03-16,25.3,15.4,19.2,24.2,0.0
Las Condes,2024-03-17,26.4,17.0,20.4,25.0,0.0
Las Condes,2024-03-18,27.3,17.4,21.7,26.0,0.0
Las Condes,2024-03-19,25.0,16.4,20.4,23.9,0.0
Las Condes,2024-03-20,19.5,11.5,15.3,19.2,0.3
Las Condes,2024-03-21,27.1,14.3,20.1,26.1,0.8
Las Condes,2024-03-22,28.6,18.3,22.6,27.5,0.0
Las Condes,2024-03-23,26.0,17.2,20.6,25.4,0.0
Las Condes,2024-03-24,27.4,18.2,21.5,27.2,0.0
Las Condes,2024-03-25,25.4,15.6,20.1,25.7,0.0
Las Condes,2024-03-26,25.8,15.4,19.6,25.8,0.0
Las Condes,2024-03-27,25.6,15.4,20.0,25.2,0.0
Las Condes,2024-03-28,26.5,17.9,20.8,26.4,0.0
Las Condes,2024-03-29,26.9,18.1,21.2,26.1,0.0
Las Condes,2024-03-30,27.9,16.1,21.8,27.0,0.0
Las Condes,2024-03-31,26.0,16.9,20.8,24.1,0.0
Las Condes,2024-04-01,22.8,13.9,17.8,21.2,0.0
Las Condes,2024-04-02,22.0,13.4,17.2,20.4,0.0
Las Condes,2024-04-03,18.9,12.4,14.8,16.9,0.0
Las Condes,2024-04-04,23.5,13.5,17.7,22.5,0.0
Las Condes,2024-04-05,25.3,15.3,19.7,23.6,0.0
Las Condes,2024-04-06,22.2,13.1,17.2,20.8,0.0
Las Condes,2024-04-07,25.9,16.9,19.7,24.1,0.0
Las Condes,2024-04-08,22.5,15.6,17.9,20.8,0.0
Las Condes,2024-04-09,23.5,15.6,18.3,21.8,0.0
Las Condes,2024-04-10,23.8,13.9,18.3,22.6,0.0
Las Condes,2024-04-11,19.4,11.6,14.7,17.3,0.0
Las Condes,2024-04-12,15.4,9.6,12.6,13.2,0.0
Las Condes,2024-04-13,14.6,9.6,11.5,13.0,1.6
Las Condes,2024-04-14,16.1,7.2,11.4,14.7,2.8
Las Condes,2024-04-15,14.6,8.6,10.3,12.3,8.0
Las Condes,2024-04-16,18.4,6.3,12.1,16.9,0.0
Las Condes,2024-04-17,24.0,9.6,16.5,21.8,0.0
Las Condes,2024-04-18,26.4,12.9,18.8,24.8,0.0
Las Condes,2024-04-19,21.1,13.5,17.3,19.4,0.0
Las Condes,2024-04-20,19.1,14.7,16.7,17.4,0.0
Las Condes,2024-04-21,16.1,10.2,14.0,14.8,0.0
Las Condes,2024-04-22,15.7,9.5,11.8,14.5,0.0
Las Condes,2024-04-23,20.5,9.1,14.6,18.7,0.0
Las Condes,2024-04-24,18.5,9.4,14.1,17.4,0.0
Las Condes,2024-04-25,17.0,7.9,12.0,14.7,0.0
Las Condes,2024-04-26,14.9,6.2,11.0,13.1,0.0
Las Condes,2024-04-27,16.5,5.4,10.5,14.6,0.0
Las Condes,2024-04-28,14.6,7.9,10.9,11.8,0.0
Las Condes,2024-04-29,12.8,5.6,9.0,10.1,0.0
Las Condes,2024-04-30,12.7,5.8,9.1,10.4,0.0
Las Condes,2024-05-01,10.1,5.6,7.9,8.1,0.5
Las Condes,2024-05-02,12.6,3.8,8.0,9.3,0.0
Las Condes,2024-05-03,13.9,5.1,8.8,11.5,0.0
Las Condes,2024-05-04,14.1,5.7,9.6,11.5,0.0
Las Condes,2024-05-05,13.6,6.9,10.0,10.8,0.0
Las Condes,2024-05-06,12.9,4.8,8.2,11.2,0.0
Las Condes,2024-05-07,7.9,-1.2,4.5,5.3,30.0
Las Condes,2024-05-08,11.7,-4.3,2.1,10.0,0.0
Las Condes,2024-05-09,15.3,1.2,7.6,12.6,0.0
Las Condes,2024-05-10,10.4,0.6,6.2,8.4,0.0
Las Condes,2024-05-11,9.8,2.8,5.8,7.7,0.0
Las Condes,2024-05-12,9.1,1.4,4.8,6.5,0.2
Las Condes,2024-05-13,10.7,1.5,5.1,8.1,0.0
Las Condes,2024-05-14,12.7,1.9,6.8,10.1,0.0
Las Condes,2024-05-15,6.4,0.2,4.1,3.8,4.0
Las Condes,2024-05-16,9.9,-1.6,3.9,7.4,0.0
Las Condes,2024-05-17,8.9,1.8,4.7,6.6,2.5
Las Condes,2024-05-18,12.0,0.9,5.4,9.2,0.0
Las Condes,2024-05-19,15.8,3.0,9.1,13.2,0.1
Las Condes,2024-05-20,10.4,6.3,8.0,7.9,42.2
Las Condes,2024-05-21,11.4,5.1,7.6,10.1,7.0
Las Condes,2024-05-22,8.2,4.2,6.4,7.0,36.2
Las Condes,2024-05-23,8.4,2.2,4.8,5.9,15.1
Las Condes,2024-05-24,13.8,2.7,8.2,11.8,0.0
Las Condes,2024-05-25,13.1,5.9,9.3,11.4,0.1
Las Condes,2024-05-26,10.1,3.5,5.6,7.3,20.0
Las Condes,2024-05-27,14.9,3.0,8.6,14.1,0.0
Las Condes,2024-05-28,18.1,7.4,11.8,16.5,0.0
Las Condes,2024-05-29,16.9,8.6,13.1,14.8,0.0
Las Condes,2024-05-30,18.5,8.9,13.4,17.3,0.0
Las Condes,2024-05-31,17.2,7.2,11.5,14.8,0.0
Las Condes,2024-06-01,18.5,5.7,10.9,16.3,0.0
Las Condes,2024-06-02,20.0,10.5,14.2,18.5,0.0
Las Condes,2024-06-03,20.7,11.9,16.1,17.7,0.0
Las Condes,2024-06-04,18.4,10.1,14.0,16.8,0.7
Las Condes,2024-06-05,16.8,9.9,12.9,16.2,0.0
Las Condes,2024-06-06,16.2,9.6,13.4,14.4,0.0
Las Condes,2024-06-07,20.2,13.5,18.0,19.4,0.0
Las Condes,2024-06-08,19.5,7.6,13.1,16.0,2.4
Las Condes,2024-06-09,11.0,6.1,8.1,8.9,16.7
Las Condes,2024-06-10,13.0,6.8,9.7,11.4,0.0
Las Condes,2024-06-11,14.2,8.4,10.8,12.5,0.1
Las Condes,2024-06-12,13.6,8.2,10.6,11.2,0.0
Las Condes,2024-06-13,10.1,6.2,7.8,7.7,47.2
Las Condes,2024-06-14,10.5,5.2,7.0,8.5,10.4
Las Condes,2024-06-15,11.4,3.5,7.1,8.5,0.4
Las Condes,2024-06-16,12.5,2.8,7.2,10.5,0.0
Las Condes,2024-06-17,12.1,3.9,7.2,9.5,1.5
Las Condes,2024-06-18,8.2,4.0,6.1,6.0,36.9
Las Condes,2024-06-19,11.1,1.9,6.1,9.5,16.3
Las Condes,2024-06-20,11.1,5.6,7.8,8.9,0.0
Las Condes,2024-06-21,6.2,3.9,4.9,3.8,43.3
Las Condes,2024-06-22,8.1,1.0,4.0,5.2,24.0
Las Condes,2024-06-23,5.2,0.9,2.5,2.8,0.3
Las Condes,2024-06-24,5.5,0.9,2.8,2.9,0.3
Las Condes,2024-06-25,5.7,-0.6,2.0,3.5,0.8
Las Condes,2024-06-26,14.6,-1.3,7.1,12.8,0.0
Las Condes,2024-06-27,15.8,6.9,10.9,12.9,0.0
Las Condes,2024-06-28,13.8,3.3,8.0,12.5,0.0
Las Condes,2024-06-29,16.3,6.6,11.1,14.8,0.0
Las Condes,2024-06-30,16.8,6.4,10.5,14.8,0.0
Las Condes,2024-07-01,17.5,6.9,10.8,15.8,0.0
Las Condes,2024-07-02,15.5,6.2,10.0,13.7,0.0
Las Condes,2024-07-03,14.9,7.8,11.5,12.8,0.0
Las Condes,2024-07-04,12.1,4.6,7.7,10.2,0.0
Las Condes,2024-07-05,14.1,3.4,8.2,12.2,0.0
Las Condes,2024-07-06,11.8,4.0,7.4,9.4,0.0
Las Condes,2024-07-07,12.2,1.8,6.8,10.4,0.0
Las Condes,2024-07-08,12.6,2.4,7.0,9.9,0.0
Las Condes,2024-07-09,10.3,0.7,5.1,7.7,0.0
Las Condes,2024-07-10,7.1,-1.1,2.7,4.5,0.0
Las Condes,2024-07-11,9.3,0.6,4.6,6.9,0.0
Las Condes,2024-07-12,12.9,2.8,6.2,10.5,0.0
Las Condes,2024-07-13,14.1,2.4,7.1,11.6,0.0
Las Condes,2024-07-14,14.8,4.1,9.2,12.7,0.0
Las Condes,2024-07-15,17.1,4.5,10.3,15.2,0.0
Las Condes,2024-07-16,19.6,8.9,13.2,18.3,0.0
Las Condes,2024-07-17,18.8,8.4,13.6,16.9,0.0
Las Condes,2024-07-18,14.8,7.8,11.9,11.9,0.0
Las Condes,2024-07-19,15.1,7.4,11.3,13.3,0.0
Las Condes,2024-07-20,13.1,5.8,10.7,11.3,0.0
Las Condes,2024-07-21,11.4,4.1,7.3,9.3,0.0
Las Condes,2024-07-22,16.1,8.5,12.4,14.4,0.0
Las Condes,2024-07-23,10.1,5.1,7.0,8.2,0.0
Las Condes,2024-07-24,14.6,3.0,9.1,12.7,0.0
Las Condes,2024-07-25,17.6,6.6,11.2,14.8,0.0
Las Condes,2024-07-26,13.1,6.4,9.7,11.0,0.0
Las Condes,2024-07-27,14.9,7.4,11.3,13.1,0.0
Las Condes,2024-07-28,16.7,8.9,12.6,15.2,0.0
Las Condes,2024-07-29,21.9,7.8,14.2,20.2,0.0
Las Condes,2024-07-30,17.9,10.4,14.8,15.6,0.0
Las Condes,2024-07-31,14.4,8.0,11.7,12.8,0.0
Las Condes,2024-08-01,12.1,7.2,9.1,9.1,0.0
Las Condes,2024-08-02,9.3,2.6,6.0,7.1,64.1
Las Condes,2024-08-03,12.1,1.4,6.2,8.9,3.6
Las Condes,2024-08-04,12.9,5.2,8.7,10.5,0.0
Las Condes,2024-08-05,8.9,3.2,5.7,5.6,10.6
Las Condes,2024-08-06,5.4,0.6,2.7,3.3,12.5
Las Condes,2024-08-07,5.8,-1.2,2.1,3.6,0.7
Las Condes,2024-08-08,10.6,-2.0,3.7,8.4,0.0
Las Condes,2024-08-09,16.2,2.2,9.0,14.6,0.0
Las Condes,2024-08-10,16.1,5.9,11.7,15.3,0.0
Las Condes,2024-08-11,17.6,5.8,11.6,17.1,0.0
Las Condes,2024-08-12,20.8,9.1,14.3,20.7,0.0
Las Condes,2024-08-13,18.5,9.4,12.8,18.5,0.0
Las Condes,2024-08-14,13.2,8.8,10.9,12.6,0.0
Las Condes,2024-08-15,13.8,6.0,9.8,12.4,0.0
Las Condes,2024-08-16,11.4,4.8,7.9,9.6,0.0
Las Condes,2024-08-17,12.9,7.4,9.3,11.2,0.0
Las Condes,2024-08-18,11.1,6.1,8.6,9.1,0.0
Las Condes,2024-08-19,10.3,4.8,7.2,8.0,0.0
Las Condes,2024-08-20,6.7,2.0,4.3,5.0,0.7
Las Condes,2024-08-21,7.0,0.6,3.1,3.8,5.7
Las Condes,2024-08-22,7.4,-0.8,3.1,5.2,2.9
Las Condes,2024-08-23,3.0,-1.9,1.6,0.3,13.6
Las Condes,2024-08-24,14.1,0.3,6.9,12.3,0.0
Las Condes,2024-08-25,16.9,6.2,11.0,15.7,0.0
Las Condes,2024-08-26,13.7,3.2,8.1,12.7,0.0
Las Condes,2024-08-27,16.6,4.8,10.3,15.9,0.0
Las Condes,2024-08-28,12.9,5.4,9.0,12.2,0.0
Las Condes,2024-08-29,9.8,4.4,6.6,7.9,0.0
Las Condes,2024-08-30,10.1,3.8,6.3,8.1,0.2
Las Condes,2024-08-31,16.0,3.8,9.9,15.5,0.0
Las Condes,2024-09-01,22.2,8.9,15.3,21.7,0.0
Las Condes,2024-09-02,14.1,6.8,9.8,12.0,0.1
Las Condes,2024-09-03,13.1,6.2,9.3,11.4,0.0
Las Condes,2024-09-04,17.1,8.1,12.6,16.6,0.0
Las Condes,2024-09-05,19.7,8.6,13.8,18.4,0.0
Las Condes,2024-09-06,15.3,8.2,11.6,14.5,0.0
Las Condes,2024-09-07,14.6,6.9,10.0,13.4,0.0
Las Condes,2024-09-08,16.6,6.7,12.1,15.2,0.0
Las Condes,2024-09-09,18.5,10.1,14.1,17.2,0.0
Las Condes,2024-09-10,14.8,7.4,10.9,13.9,3.9
Las Condes,2024-09-11,15.6,4.7,10.3,15.0,2.5
Las Condes,2024-09-12,14.1,7.2,10.6,13.8,0.1
Las Condes,2024-09-13,15.1,4.8,9.8,14.0,0.0
Las Condes,2024-09-14,19.4,6.0,13.2,18.0,0.0
Las Condes,2024-09-15,20.0,9.4,14.5,18.8,0.0
Las Condes,2024-09-16,23.5,9.2,15.9,20.8,0.0
Las Condes,2024-09-17,18.9,7.9,13.7,17.9,0.0
Las Condes,2024-09-18,20.4,7.9,13.4,18.0,0.0
Las Condes,2024-09-19,13.1,4.0,7.8,9.8,3.1
Las Condes,2024-09-20,16.9,4.8,11.1,14.0,0.0
Las Condes,2024-09-21,15.0,6.2,10.7,13.9,0.0
Las Condes,2024-09-22,9.9,6.0,7.8,7.3,4.2
Las Condes,2024-09-23,12.1,7.0,9.0,10.4,2.0
Las Condes,2024-09-24,14.7,6.1,9.7,15.0,0.7
Las Condes,2024-09-25,13.9,5.7,9.5,12.4,0.0
Las Condes,2024-09-26,21.8,5.6,13.7,20.4,0.0
Las Condes,2024-09-27,19.7,10.7,16.3,18.2,0.0
Las Condes,2024-09-28,21.5,11.9,16.6,20.3,0.0
Las Condes,2024-09-29,17.1,9.1,12.8,16.7,0.0
Las Condes,2024-09-30,14.3,7.3,10.1,14.0,0.3
Las Condes,2024-10-01,13.2,5.2,9.3,11.6,0.0
Las Condes,2024-10-02,18.0,6.1,11.7,17.0,0.0
Las Condes,2024-10-03,22.5,9.8,15.9,21.8,0.0
Las Condes,2024-10-04,23.1,12.5,17.4,22.5,0.0
Las Condes,2024-10-05,22.9,11.0,17.8,22.9,0.0
Las Condes,2024-10-06,21.5,13.3,16.9,19.7,0.3
Las Condes,2024-10-07,19.1,10.7,15.2,19.2,3.8
Las Condes,2024-10-08,13.8,8.9,10.6,12.0,2.2
Las Condes,2024-10-09,15.6,7.7,12.0,13.8,0.0
Las Condes,2024-10-10,15.3,8.7,11.5,15.0,1.2
Las Condes,2024-10-11,14.6,8.5,11.3,13.7,0.0
Las Condes,2024-10-12,15.6,9.6,12.4,14.4,0.0
Las Condes,2024-10-13,20.6,8.2,14.3,20.4,0.0
Las Condes,2024-10-14,19.1,9.1,14.1,17.8,0.0
Las Condes,2024-10-15,25.1,10.9,17.3,24.2,0.0
Las Condes,2024-10-16,18.4,10.0,13.2,18.0,0.0
Las Condes,2024-10-17,23.8,8.6,16.1,23.4,0.0
Las Condes,2024-10-18,26.4,13.9,19.8,25.8,0.0
Las Condes,2024-10-19,22.0,9.6,16.2,22.5,0.0
Las Condes,2024-10-20,17.0,6.6,10.8,15.6,0.2
Las Condes,2024-10-21,20.5,7.7,13.8,20.2,0.0
Las Condes,2024-10-22,20.6,8.6,14.8,20.9,5.6
Las Condes,2024-10-23,14.8,8.1,10.6,14.4,5.6
Las Condes,2024-10-24,22.0,7.1,14.2,21.2,0.0
Las Condes,2024-10-25,19.6,7.8,13.9,20.0,0.0
Las Condes,2024-10-26,26.0,10.8,18.1,25.6,0.0
Las Condes,2024-10-27,24.9,12.9,18.8,25.0,0.0
Las Condes,2024-10-28,29.1,13.9,20.8,28.5,0.0
Las Condes,2024-10-29,22.9,14.4,19.1,24.0,0.0
Las Condes,2024-10-30,23.8,13.6,17.5,24.6,0.0
Las Condes,2024-10-31,24.5,10.9,18.1,25.0,0.0
Las Condes,2024-11-01,17.3,9.6,12.8,16.7,0.0
Las Condes,2024-11-02,21.8,8.0,14.9,21.3,0.0
Las Condes,2024-11-03,20.6,6.9,14.4,20.7,0.0
Las Condes,2024-11-04,19.9,7.7,13.4,18.8,0.0
Las Condes,2024-11-05,23.6,10.2,16.6,22.3,0.0
Las Condes,2024-11-06,23.1,13.5,17.9,22.8,0.0
Las Condes,2024-11-07,22.0,15.1,18.0,20.4,0.3
Las Condes,2024-11-08,26.1,15.7,19.8,24.8,0.0
Las Condes,2024-11-09,24.6,13.9,18.8,24.4,0.0
Las Condes,2024-11-10,18.9,10.9,14.4,16.5,0.2
Las Condes,2024-11-11,22.8,9.9,16.7,21.2,0.0
Las Condes,2024-11-12,27.9,16.0,21.5,26.4,0.0
Las Condes,2024-11-13,25.9,13.6,20.0,25.9,0.0
Las Condes,2024-11-14,24.0,12.5,17.6,24.6,0.0
Las Condes,2024-11-15,22.1,11.5,16.4,22.4,0.0
Las Condes,2024-11-16,16.5,11.0,13.8,15.9,1.8
Las Condes,2024-11-17,21.0,9.2,14.6,22.0,4.2
Las Condes,2024-11-18,22.4,11.2,16.1,23.1,0.0
Las Condes,2024-11-19,22.6,10.3,15.4,22.6,0.0
Las Condes,2024-11-20,22.0,11.3,16.1,21.7,0.0
Las Condes,2024-11-21,24.8,12.9,17.9,24.8,0.0
Las Condes,2024-11-22,23.1,11.1,16.9,23.0,0.0
Las Condes,2024-11-23,25.9,12.2,18.4,25.8,0.0
Las Condes,2024-11-24,24.3,12.1,17.9,24.5,0.0
Las Condes,2024-11-25,23.0,12.6,17.5,22.7,0.0
Las Condes,2024-11-26,23.0,11.4,16.8,22.6,0.0
Las Condes,2024-11-27,22.0,10.9,15.7,21.5,0.0
Las Condes,2024-11-28,22.7,9.6,16.2,22.2,0.0
Las Condes,2024-11-29,24.9,12.9,18.5,24.3,0.0
Las Condes,2024-11-30,23.5,11.4,17.3,22.7,0.0
Las Condes,2024-12-01,20.5,7.9,13.9,19.3,0.0
Las Condes,2024-12-02,22.4,11.1,16.5,22.0,0.0
Las Condes,2024-12-03,23.0,11.5,16.7,22.2,0.0
Las Condes,2024-12-04,22.1,10.5,15.6,21.9,0.0
Las Condes,2024-12-05,18.9,8.6,13.2,19.1,0.0
Las Condes,2024-12-06,22.3,9.1,15.4,21.4,0.0
Las Condes,2024-12-07,23.3,12.4,17.2,23.3,0.0
Las Condes,2024-12-08,21.8,10.9,15.6,21.1,0.0
Las Condes,2024-12-09,26.8,11.6,18.9,25.8,0.0
Las Condes,2024-12-10,25.8,14.8,19.7,25.8,0.0
Las Condes,2024-12-11,27.0,14.4,20.1,26.9,0.0
Las Condes,2024-12-12,24.2,11.7,17.4,24.3,0.0
Las Condes,2024-12-13,25.8,14.0,19.6,25.3,0.0
Las Condes,2024-12-14,27.4,15.0,20.3,27.0,0.0
Las Condes,2024-12-15,24.9,14.6,18.9,25.5,0.0
Las Condes,2024-12-16,26.0,14.0,18.9,26.3,0.0
Las Condes,2024-12-17,23.5,13.7,17.7,24.1,0.0
Las Condes,2024-12-18,25.0,11.8,18.2,24.2,0.0
Las Condes,2024-12-19,28.9,15.1,21.6,28.4,0.0
Las Condes,2024-12-20,26.1,14.8,19.9,25.1,0.0
Las Condes,2024-12-21,28.1,14.6,21.5,27.9,0.0
Las Condes,2024-12-22,30.5,17.8,23.3,30.2,0.0
Las Condes,2024-12-23,26.6,17.9,21.8,26.9,0.0
Las Condes,2024-12-24,28.0,15.8,21.4,28.2,0.0
Las Condes,2024-12-25,27.2,15.7,20.7,28.0,0.0
Las Condes,2024-12-26,24.5,13.9,18.5,24.6,0.0
Las Condes,2024-12-27,25.7,14.5,19.4,27.2,0.0
Las Condes,2024-12-28,26.9,14.1,19.7,27.8,0.0
Las Condes,2024-12-29,28.0,15.2,20.8,28.8,0.0
Las Condes,2024-12-30,26.9,15.0,20.3,27.3,0.0
Las Condes,2024-12-31,27.1,15.4,20.6,27.0,0.0
Lo Barnechea,2024-01-01,20.3,12.6,16.2,20.2,0.0
Lo Barnechea,2024-01-02,21.0,14.0,16.9,21.0,0.0
Lo Barnechea,2024-01-03,20.2,14.4,16.9,20.8,0.0
Lo Barnechea,2024-01-04,20.4,14.1,17.3,21.4,0.0
Lo Barnechea,2024-01-05,19.5,14.0,16.4,20.9,0.0
Lo Barnechea,2024-01-06,18.6,10.7,15.2,19.5,0.0
Lo Barnechea,2024-01-07,18.8,10.5,14.2,17.9,0.1
Lo Barnechea,2024-01-08,19.2,11.6,14.9,18.5,0.0
Lo Barnechea,2024-01-09,19.8,11.7,15.1,19.5,0.0
Lo Barnechea,2024-01-10,19.6,12.5,15.4,19.1,0.0
Lo Barnechea,2024-01-11,19.8,13.4,16.0,19.7,0.0
Lo Barnechea,2024-01-12,19.4,13.4,15.9,19.3,0.0
Lo Barnechea,2024-01-13,18.6,12.2,15.0,18.6,0.0
Lo Barnechea,2024-01-14,22.7,12.6,18.0,21.9,0.0
Lo Barnechea,2024-01-15,21.6,10.6,17.5,20.4,0.0
Lo Barnechea,2024-01-16,20.1,7.2,14.9,19.3,0.0
Lo Barnechea,2024-01-17,22.2,14.1,18.7,22.1,0.0
Lo Barnechea,2024-01-18,21.0,14.0,17.3,20.9,0.0
Lo Barnechea,2024-01-19,23.5,16.2,19.8,23.0,0.0
Lo Barnechea,2024-01-20,22.0,16.6,19.0,21.9,0.0
Lo Barnechea,2024-01-21,23.1,17.3,19.6,22.9,0.0
Lo Barnechea,2024-01-22,24.9,18.2,20.8,24.4,0.0
Lo Barnechea,2024-01-23,22.5,16.5,19.2,23.0,0.0
Lo Barnechea,2024-01-24,24.5,17.4,20.3,24.4,0.0
Lo Barnechea,2024-01-25,23.6,17.2,20.1,24.1,0.0
Lo Barnechea,2024-01-26,21.4,16.6,18.7,22.1,0.0
Lo Barnechea,2024-01-27,23.7,16.7,19.2,23.3,0.0
Lo Barnechea,2024-01-28,21.8,16.6,18.7,23.7,0.2
Lo Barnechea,2024-01-29,23.7,17.7,20.4,24.7,0.0
Lo Barnechea,2024-01-30,25.6,18.0,21.5,25.7,0.0
Lo Barnechea,2024-01-31,25.2,16.2,20.9,23.6,0.0
Lo Barnechea,2024-02-01,24.1,16.8,20.1,22.8,0.0
Lo Barnechea,2024-02-02,23.9,16.6,19.7,23.8,0.0
Lo Barnechea,2024-02-03,25.5,17.6,20.9,24.6,0.0
Lo Barnechea,2024-02-04,23.2,15.4,19.8,23.4,0.0
Lo Barnechea,2024-02-05,23.0,16.0,19.0,23.6,0.0
Lo Barnechea,2024-02-06,21.9,15.7,18.6,22.3,0.0
Lo Barnechea,2024-02-07,23.4,15.8,18.8,23.5,0.0
Lo Barnechea,2024-02-08,21.9,14.6,17.6,21.1,0.9
Lo Barnechea,2024-02-09,22.2,14.1,16.9,21.5,3.8
Lo Barnechea,2024-02-10,23.2,14.9,18.8,22.4,0.0
Lo Barnechea,2024-02-11,21.7,14.4,18.4,21.9,0.0
Lo Barnechea,2024-02-12,23.3,13.9,18.5,23.2,0.0
Lo Barnechea,2024-02-13,23.9,17.9,20.7,23.6,0.0
Lo Barnechea,2024-02-14,23.2,17.7,20.0,23.9,0.0
Lo Barnechea,2024-02-15,25.0,18.3,21.0,25.2,0.0
Lo Barnechea,2024-02-16,23.5,16.7,20.4,24.7,0.0
Lo Barnechea,2024-02-17,23.3,16.5,19.5,23.5,0.0
Lo Barnechea,2024-02-18,25.3,18.1,21.2,25.1,0.0
Lo Barnechea,2024-02-19,21.2,15.7,18.8,21.9,0.0
Lo Barnechea,2024-02-20,20.2,13.6,16.5,21.0,0.0
Lo Barnechea,2024-02-21,19.7,10.9,15.1,19.8,0.1
Lo Barnechea,2024-02-22,12.0,7.9,9.8,10.6,20.7
Lo Barnechea,2024-02-23,16.4,9.9,13.4,17.1,5.0
Lo Barnechea,2024-02-24,18.1,13.6,15.3,19.5,3.7
Lo Barnechea,2024-02-25,19.0,13.7,16.5,20.0,0.2
Lo Barnechea,2024-02-26,19.7,14.0,16.5,20.4,0.0
Lo Barnechea,2024-02-27,19.7,14.2,16.8,20.7,0.0
Lo Barnechea,2024-02-28,20.7,14.5,17.3,21.4,0.0
Lo Barnechea,2024-02-29,21.3,16.8,18.6,21.8,0.0
Lo Barnechea,2024-03-01,20.8,15.7,18.2,20.7,0.0
Lo Barnechea,2024-03-02,20.3,15.4,17.2,20.3,0.0
Lo Barnechea,2024-03-03,20.6,15.7,17.5,20.2,0.0
Lo Barnechea,2024-03-04,21.2,15.7,17.6,20.5,0.0
Lo Barnechea,2024-03-05,21.1,15.9,18.1,20.8,0.0
Lo Barnechea,2024-03-06,19.9,13.3,16.8,19.4,0.0
Lo Barnechea,2024-03-07,19.1,12.5,15.5,18.3,0.1
Lo Barnechea,2024-03-08,18.8,12.2,14.6,17.5,0.0
Lo Barnechea,2024-03-09,21.8,13.9,17.8,21.2,0.0
Lo Barnechea,2024-03-10,20.7,13.3,17.3,20.3,0.0
Lo Barnechea,2024-03-11,20.6,13.2,16.6,20.5,0.0
Lo Barnechea,2024-03-12,19.7,13.1,15.8,19.3,0.0
Lo Barnechea,2024-03-13,20.0,14.6,16.4,19.7,0.0
Lo Barnechea,2024-03-14,20.9,15.7,17.6,20.7,0.0
Lo Barnechea,2024-03-15,20.3,14.0,17.3,19.4,0.0
Lo Barnechea,2024-03-16,20.4,14.4,16.7,19.3,0.0
Lo Barnechea,2024-03-17,21.2,15.1,17.7,19.6,0.0
Lo Barnechea,2024-03-18,21.7,15.8,18.3,20.3,0.0
Lo Barnechea,2024-03-19,20.1,12.9,16.6,17.9,0.0
Lo Barnechea,2024-03-20,15.7,10.7,12.9,14.5,1.2
Lo Barnechea,2024-03-21,21.5,12.6,16.8,20.1,0.0
Lo Barnechea,2024-03-22,22.5,16.6,19.3,21.3,0.0
Lo Barnechea,2024-03-23,20.3,15.7,17.7,20.0,0.0
Lo Barnechea,2024-03-24,22.6,16.8,19.4,22.7,0.0
Lo Barnechea,2024-03-25,21.6,15.5,18.4,21.6,0.0
Lo Barnechea,2024-03-26,20.4,13.7,17.2,20.6,0.0
Lo Barnechea,2024-03-27,19.4,14.2,16.3,19.3,0.0
Lo Barnechea,2024-03-28,20.9,15.6,17.8,20.7,0.0
Lo Barnechea,2024-03-29,20.7,15.8,17.5,20.6,0.0
Lo Barnechea,2024-03-30,21.9,14.9,18.1,20.9,0.0
Lo Barnechea,2024-03-31,19.9,13.3,16.7,18.5,0.0
Lo Barnechea,2024-04-01,18.5,13.1,15.0,15.6,0.0
Lo Barnechea,2024-04-02,16.9,10.8,14.7,14.5,0.6
Lo Barnechea,2024-04-03,15.4,10.1,11.8,13.1,0.0
Lo Barnechea,2024-04-04,18.2,11.7,14.3,16.8,0.0
Lo Barnechea,2024-04-05,19.5,12.4,15.7,17.5,0.0
Lo Barnechea,2024-04-06,17.0,12.1,14.0,16.0,0.0
Lo Barnechea,2024-04-07,21.4,15.3,17.7,20.1,0.0
Lo Barnechea,2024-04-08,18.5,13.1,15.9,17.1,0.0
Lo Barnechea,2024-04-09,18.5,13.7,15.7,17.1,0.0
Lo Barnechea,2024-04-10,18.6,11.7,15.1,16.8,0.0
Lo Barnechea,2024-04-11,15.1,10.4,12.3,12.4,0.0
Lo Barnechea,2024-04-12,11.7,9.0,10.3,9.2,0.0
Lo Barnechea,2024-04-13,9.8,4.8,7.7,7.0,8.8
Lo Barnechea,2024-04-14,8.8,4.6,6.0,6.7,5.4
Lo Barnechea,2024-04-15,8.0,4.1,5.0,5.1,21.3
Lo Barnechea,2024-04-16,13.9,1.0,8.5,10.9,0.0
Lo Barnechea,2024-04-17,19.1,7.5,15.1,18.0,0.0
Lo Barnechea,2024-04-18,21.6,11.0,16.4,20.1,0.0
Lo Barnechea,2024-04-19,17.0,13.4,15.2,16.2,0.0
Lo Barnechea,2024-04-20,15.1,11.3,13.8,13.1,0.0
Lo Barnechea,2024-04-21,14.2,5.6,10.4,11.7,0.9
Lo Barnechea,2024-04-22,10.9,5.2,8.0,8.9,0.8
Lo Barnechea,2024-04-23,15.3,7.4,11.8,13.5,0.0
Lo Barnechea,2024-04-24,14.5,6.9,11.0,12.7,0.0
Lo Barnechea,2024-04-25,12.8,7.4,9.7,10.9,0.0
Lo Barnechea,2024-04-26,10.6,6.0,7.7,8.5,0.0
Lo Barnechea,2024-04-27,11.1,5.5,7.8,9.6,0.0
Lo Barnechea,2024-04-28,10.9,3.9,8.2,7.7,0.0
Lo Barnechea,2024-04-29,8.3,2.0,4.7,3.7,0.0
Lo Barnechea,2024-04-30,7.7,0.7,4.2,5.1,0.6
Lo Barnechea,2024-05-01,6.1,-0.5,3.7,2.4,10.5
Lo Barnechea,2024-05-02,8.0,0.9,5.2,4.8,0.0
Lo Barnechea,2024-05-03,8.8,3.7,5.6,6.0,0.0
Lo Barnechea,2024-05-04,9.4,4.6,7.0,6.5,0.0
Lo Barnechea,2024-05-05,8.9,4.8,6.7,5.7,0.0
Lo Barnechea,2024-05-06,7.8,0.9,4.6,4.3,0.0
Lo Barnechea,2024-05-07,3.6,-3.1,0.4,0.4,36.3
Lo Barnechea,2024-05-08,10.0,-0.8,4.8,6.5,0.0
Lo Barnechea,2024-05-09,12.8,5.9,9.8,8.1,0.0
Lo Barnechea,2024-05-10,7.1,2.6,4.2,2.5,0.0
Lo Barnechea,2024-05-11,3.5,0.7,2.2,0.3,0.0
Lo Barnechea,2024-05-12,2.8,-1.5,0.3,-1.3,0.2
Lo Barnechea,2024-05-13,5.1,-0.6,2.6,1.6,0.0
Lo Barnechea,2024-05-14,9.2,1.8,6.3,4.9,0.0
Lo Barnechea,2024-05-15,8.0,-1.9,1.8,3.3,5.4
Lo Barnechea,2024-05-16,3.4,-0.1,1.5,-0.4,0.0
Lo Barnechea,2024-05-17,2.8,-0.1,1.3,-1.2,1.1
Lo Barnechea,2024-05-18,5.0,-5.6,-0.1,1.8,0.0
Lo Barnechea,2024-05-19,11.3,-1.7,6.0,7.6,0.0
Lo Barnechea,2024-05-20,11.7,1.8,4.7,7.7,32.8
Lo Barnechea,2024-05-21,6.2,1.5,3.6,3.1,3.6
Lo Barnechea,2024-05-22,5.5,-0.1,2.1,2.9,42.6
Lo Barnechea,2024-05-23,2.1,-4.9,-0.6,-0.2,21.3
Lo Barnechea,2024-05-24,10.3,-4.3,6.9,6.2,0.1
Lo Barnechea,2024-05-25,10.5,2.6,6.5,6.9,0.3
Lo Barnechea,2024-05-26,4.8,-0.5,2.2,0.6,5.4
Lo Barnechea,2024-05-27,13.6,4.0,9.8,8.9,0.0
Lo Barnechea,2024-05-28,14.3,11.7,13.0,10.3,0.0
Lo Barnechea,2024-05-29,13.3,11.8,12.7,9.6,0.0
Lo Barnechea,2024-05-30,15.0,9.0,13.6,11.0,0.0
Lo Barnechea,2024-05-31,13.3,6.7,10.3,8.5,0.0
Lo Barnechea,2024-06-01,14.9,0.6,9.8,11.2,0.0
Lo Barnechea,2024-06-02,18.7,12.9,15.6,15.1,0.0
Lo Barnechea,2024-06-03,18.7,11.7,14.9,15.1,0.0
Lo Barnechea,2024-06-04,14.2,9.9,12.6,10.4,1.9
Lo Barnechea,2024-06-05,13.5,6.3,9.6,10.0,1.5
Lo Barnechea,2024-06-06,12.7,10.0,11.7,10.1,0.0
Lo Barnechea,2024-06-07,14.9,12.8,13.8,14.0,0.0
Lo Barnechea,2024-06-08,13.1,1.8,8.8,10.7,1.6
Lo Barnechea,2024-06-09,5.1,0.1,2.8,3.0,21.7
Lo Barnechea,2024-06-10,9.1,3.4,6.1,5.3,0.1
Lo Barnechea,2024-06-11,10.8,6.0,8.0,7.8,0.3
Lo Barnechea,2024-06-12,10.8,3.8,7.0,7.2,0.0
Lo Barnechea,2024-06-13,7.0,0.3,2.2,1.6,45.7
Lo Barnechea,2024-06-14,3.5,0.6,1.9,0.2,20.5
Lo Barnechea,2024-06-15,5.3,3.3,4.5,1.5,0.0
Lo Barnechea,2024-06-16,6.9,4.2,5.8,4.2,0.0
Lo Barnechea,2024-06-17,7.4,0.5,4.4,2.8,2.6
Lo Barnechea,2024-06-18,2.2,-0.2,0.9,-1.7,24.3
Lo Barnechea,2024-06-19,8.3,0.1,4.0,4.1,0.5
Lo Barnechea,2024-06-20,9.0,2.1,6.3,4.6,0.0
Lo Barnechea,2024-06-21,1.9,-1.6,0.5,-1.7,45.9
Lo Barnechea,2024-06-22,0.5,-1.5,-0.4,-2.7,10.7
Lo Barnechea,2024-06-23,1.4,-1.3,0.5,-1.5,0.2
Lo Barnechea,2024-06-24,3.5,-0.1,1.9,-0.4,3.0
Lo Barnechea,2024-06-25,3.4,-2.3,0.0,-1.8,0.2
Lo Barnechea,2024-06-26,11.8,-0.6,8.1,7.4,0.0
Lo Barnechea,2024-06-27,11.9,4.8,9.5,7.7,0.0
Lo Barnechea,2024-06-28,11.0,5.3,8.2,6.0,0.0
Lo Barnechea,2024-06-29,12.4,4.8,10.3,8.3,0.0
Lo Barnechea,2024-06-30,11.5,-0.6,6.8,7.6,0.0
Lo Barnechea,2024-07-01,11.6,2.6,7.4,8.3,0.0
Lo Barnechea,2024-07-02,11.0,8.4,9.8,7.5,0.0
Lo Barnechea,2024-07-03,11.1,3.4,9.2,6.5,0.0
Lo Barnechea,2024-07-04,8.2,6.0,7.1,4.2,0.0
Lo Barnechea,2024-07-05,9.5,4.6,8.0,5.9,0.0
Lo Barnechea,2024-07-06,7.8,4.1,6.8,4.2,0.0
Lo Barnechea,2024-07-07,8.0,6.1,7.1,4.9,0.0
Lo Barnechea,2024-07-08,8.5,3.8,6.8,4.3,0.0
Lo Barnechea,2024-07-09,5.5,0.6,3.1,1.9,0.0
Lo Barnechea,2024-07-10,1.4,-0.9,0.3,-1.7,0.0
Lo Barnechea,2024-07-11,5.7,0.6,2.5,0.7,0.0
Lo Barnechea,2024-07-12,8.9,4.1,7.0,4.5,0.0
Lo Barnechea,2024-07-13,9.3,3.2,7.3,5.8,0.0
Lo Barnechea,2024-07-14,12.5,9.9,11.4,8.7,0.0
Lo Barnechea,2024-07-15,14.9,10.2,13.0,10.9,0.0
Lo Barnechea,2024-07-16,17.8,9.2,13.4,13.1,0.0
Lo Barnechea,2024-07-17,16.9,10.2,14.5,12.9,0.0
Lo Barnechea,2024-07-18,14.0,8.1,10.6,10.9,0.0
Lo Barnechea,2024-07-19,10.9,7.2,10.3,8.5,0.0
Lo Barnechea,2024-07-20,10.8,7.1,8.8,6.9,0.0
Lo Barnechea,2024-07-21,7.5,1.2,3.9,3.7,0.0
Lo Barnechea,2024-07-22,10.9,7.0,9.4,9.0,0.2
Lo Barnechea,2024-07-23,7.6,1.5,4.0,3.9,0.9
Lo Barnechea,2024-07-24,8.4,-3.5,4.6,5.8,0.0
Lo Barnechea,2024-07-25,12.0,6.2,10.1,8.0,0.0
Lo Barnechea,2024-07-26,10.6,6.9,9.2,7.8,0.0
Lo Barnechea,2024-07-27,11.4,8.1,10.0,9.4,0.0
Lo Barnechea,2024-07-28,12.1,8.2,10.7,10.9,0.0
Lo Barnechea,2024-07-29,16.0,8.1,13.1,14.3,0.0
Lo Barnechea,2024-07-30,16.1,9.4,12.9,12.0,0.0
Lo Barnechea,2024-07-31,13.1,5.7,9.1,9.6,0.6
Lo Barnechea,2024-08-01,9.4,5.2,7.7,5.1,0.1
Lo Barnechea,2024-08-02,5.4,-1.7,0.4,2.1,66.1
Lo Barnechea,2024-08-03,6.2,-2.9,1.9,1.5,4.6
Lo Barnechea,2024-08-04,5.2,3.5,4.4,2.2,0.0
Lo Barnechea,2024-08-05,5.2,-2.5,1.0,1.4,11.7
Lo Barnechea,2024-08-06,-0.1,-3.6,-1.6,-2.3,8.1
Lo Barnechea,2024-08-07,-0.6,-2.1,-1.4,-3.0,0.2
Lo Barnechea,2024-08-08,4.2,-8.3,-1.0,0.4,0.0
Lo Barnechea,2024-08-09,10.9,-1.6,7.2,8.1,0.0
Lo Barnechea,2024-08-10,10.8,0.9,8.3,7.8,0.0
Lo Barnechea,2024-08-11,12.4,3.2,9.2,10.2,0.0
Lo Barnechea,2024-08-12,15.3,8.0,11.9,12.7,0.0
Lo Barnechea,2024-08-13,14.7,7.9,11.5,12.2,0.0
Lo Barnechea,2024-08-14,12.1,7.9,9.6,7.9,0.0
Lo Barnechea,2024-08-15,8.3,3.2,5.9,5.1,4.5
Lo Barnechea,2024-08-16,7.3,5.7,6.4,5.1,0.0
Lo Barnechea,2024-08-17,7.7,4.7,6.2,4.9,0.0
Lo Barnechea,2024-08-18,7.4,2.8,5.0,3.3,0.8
Lo Barnechea,2024-08-19,5.5,1.4,3.5,2.6,2.3
Lo Barnechea,2024-08-20,2.3,-1.0,0.8,-0.7,3.4
Lo Barnechea,2024-08-21,0.7,-4.5,-2.2,-3.7,2.4
Lo Barnechea,2024-08-22,0.7,-4.3,-2.0,-2.3,0.8
Lo Barnechea,2024-08-23,-0.1,-6.6,-3.2,-3.8,2.8
Lo Barnechea,2024-08-24,9.6,-5.7,3.0,7.0,0.0
Lo Barnechea,2024-08-25,12.6,4.6,8.5,11.1,0.0
Lo Barnechea,2024-08-26,9.1,1.1,5.8,7.8,0.0
Lo Barnechea,2024-08-27,12.7,3.1,8.2,12.1,0.0
Lo Barnechea,2024-08-28,8.7,4.8,6.9,7.2,1.0
Lo Barnechea,2024-08-29,6.7,2.3,4.6,3.4,0.5
Lo Barnechea,2024-08-30,3.5,-0.5,1.4,1.0,1.0
Lo Barnechea,2024-08-31,11.8,0.5,6.8,11.3,0.0
Lo Barnechea,2024-09-01,17.7,7.2,13.2,17.2,0.0
Lo Barnechea,2024-09-02,11.9,3.2,7.4,9.2,0.9
Lo Barnechea,2024-09-03,9.3,3.9,6.8,7.7,0.4
Lo Barnechea,2024-09-04,12.9,2.7,8.5,12.7,0.0
Lo Barnechea,2024-09-05,15.2,8.2,11.4,14.7,0.0
Lo Barnechea,2024-09-06,11.5,5.7,8.7,10.1,0.0
Lo Barnechea,2024-09-07,9.6,4.2,6.9,8.8,0.0
Lo Barnechea,2024-09-08,12.1,8.2,10.1,11.6,0.0
Lo Barnechea,2024-09-09,13.3,8.3,10.5,11.5,0.0
Lo Barnechea,2024-09-10,10.4,1.4,7.4,8.6,2.5
Lo Barnechea,2024-09-11,10.0,1.8,6.9,9.7,1.4
Lo Barnechea,2024-09-12,9.5,3.2,7.1,8.8,1.6
Lo Barnechea,2024-09-13,9.0,2.9,5.9,8.6,0.0
Lo Barnechea,2024-09-14,12.5,3.4,8.3,12.0,0.0
Lo Barnechea,2024-09-15,13.0,5.0,9.1,12.1,0.0
Lo Barnechea,2024-09-16,17.5,5.4,11.8,15.7,0.0
Lo Barnechea,2024-09-17,11.9,5.3,9.5,11.0,0.3
Lo Barnechea,2024-09-18,14.4,1.4,9.5,10.6,4.6
Lo Barnechea,2024-09-19,7.4,-0.4,3.3,3.8,3.3
Lo Barnechea,2024-09-20,11.3,4.2,8.3,8.1,0.0
Lo Barnechea,2024-09-21,11.8,1.8,7.0,9.8,0.0
Lo Barnechea,2024-09-22,5.0,1.7,3.4,1.3,5.4
Lo Barnechea,2024-09-23,7.0,2.6,4.8,4.4,3.5
Lo Barnechea,2024-09-24,9.2,2.2,6.2,8.1,7.8
Lo Barnechea,2024-09-25,7.9,3.2,6.0,7.2,0.2
Lo Barnechea,2024-09-26,14.8,1.9,9.3,14.3,0.0
Lo Barnechea,2024-09-27,14.8,8.2,12.2,13.4,0.0
Lo Barnechea,2024-09-28,16.2,11.4,13.6,15.8,0.0
Lo Barnechea,2024-09-29,13.1,6.3,10.6,12.9,0.0
Lo Barnechea,2024-09-30,9.5,2.9,6.1,7.3,3.4
Lo Barnechea,2024-10-01,8.9,2.2,5.4,7.5,4.7
Lo Barnechea,2024-10-02,13.0,5.6,9.3,12.2,0.0
Lo Barnechea,2024-10-03,17.1,8.0,13.5,16.5,0.0
Lo Barnechea,2024-10-04,17.0,12.1,14.2,17.2,0.0
Lo Barnechea,2024-10-05,17.9,13.1,15.3,18.6,0.0
Lo Barnechea,2024-10-06,17.3,11.0,13.5,15.6,0.4
Lo Barnechea,2024-10-07,13.0,7.2,10.6,13.0,15.8
Lo Barnechea,2024-10-08,7.2,4.6,6.0,5.9,6.2
Lo Barnechea,2024-10-09,8.9,4.5,6.8,7.0,1.4
Lo Barnechea,2024-10-10,10.1,6.6,8.5,11.4,2.8
Lo Barnechea,2024-10-11,10.2,6.6,8.3,9.2,1.2
Lo Barnechea,2024-10-12,11.6,7.2,9.1,9.7,0.0
Lo Barnechea,2024-10-13,14.8,6.6,10.8,14.0,1.0
Lo Barnechea,2024-10-14,13.8,9.5,11.7,12.2,0.0
Lo Barnechea,2024-10-15,19.6,13.3,16.0,18.4,0.0
Lo Barnechea,2024-10-16,15.5,7.6,12.0,14.9,0.2
Lo Barnechea,2024-10-17,18.2,6.3,14.3,19.1,0.0
Lo Barnechea,2024-10-18,20.2,14.2,17.0,20.9,0.0
Lo Barnechea,2024-10-19,19.6,9.1,15.4,20.6,0.0
Lo Barnechea,2024-10-20,11.2,3.0,7.0,11.0,2.1
Lo Barnechea,2024-10-21,14.4,4.7,10.0,14.3,0.0
Lo Barnechea,2024-10-22,15.9,5.4,11.2,14.2,5.1
Lo Barnechea,2024-10-23,8.9,4.2,6.3,7.7,9.8
Lo Barnechea,2024-10-24,15.8,1.5,9.3,15.4,0.0
Lo Barnechea,2024-10-25,14.2,4.6,9.7,15.6,0.0
Lo Barnechea,2024-10-26,19.6,8.5,14.5,19.0,0.0
Lo Barnechea,2024-10-27,18.9,10.7,15.3,19.6,0.0
Lo Barnechea,2024-10-28,22.6,12.2,17.8,22.2,0.0
Lo Barnechea,2024-10-29,20.7,14.6,18.1,21.2,0.0
Lo Barnechea,2024-10-30,19.3,11.4,15.2,20.3,0.0
Lo Barnechea,2024-10-31,19.5,10.4,15.7,19.5,0.0
Lo Barnechea,2024-11-01,13.4,5.7,10.6,12.6,0.2
Lo Barnechea,2024-11-02,15.8,5.4,11.2,15.0,0.0
Lo Barnechea,2024-11-03,15.9,4.3,10.7,13.5,2.2
Lo Barnechea,2024-11-04,14.1,4.1,9.6,13.5,0.0
Lo Barnechea,2024-11-05,17.8,10.5,13.6,17.0,0.0
Lo Barnechea,2024-11-06,17.3,11.0,13.9,16.6,0.0
Lo Barnechea,2024-11-07,16.5,12.2,14.1,13.8,0.0
Lo Barnechea,2024-11-08,19.8,13.0,15.6,18.3,0.0
Lo Barnechea,2024-11-09,19.6,10.2,15.1,19.3,0.0
Lo Barnechea,2024-11-10,11.6,6.1,8.6,9.3,22.8
Lo Barnechea,2024-11-11,14.7,6.2,11.2,15.0,0.0
Lo Barnechea,2024-11-12,19.0,8.2,14.8,18.8,0.0
Lo Barnechea,2024-11-13,19.3,10.4,15.0,19.5,0.0
Lo Barnechea,2024-11-14,17.3,9.7,13.4,18.2,0.0
Lo Barnechea,2024-11-15,16.0,9.7,12.5,16.8,0.2
Lo Barnechea,2024-11-16,11.3,7.5,9.6,10.1,1.7
Lo Barnechea,2024-11-17,14.3,7.4,10.7,14.5,6.8
Lo Barnechea,2024-11-18,15.8,9.3,12.0,15.4,0.1
Lo Barnechea,2024-11-19,15.5,8.1,11.4,15.9,0.0
Lo Barnechea,2024-11-20,14.7,8.7,11.5,14.6,0.2
Lo Barnechea,2024-11-21,17.9,9.5,13.6,18.0,0.0
Lo Barnechea,2024-11-22,16.8,8.8,12.9,16.8,0.0
Lo Barnechea,2024-11-23,18.8,9.7,13.7,18.5,0.0
Lo Barnechea,2024-11-24,17.1,8.6,12.4,17.0,2.2
Lo Barnechea,2024-11-25,16.0,8.7,12.4,15.9,0.6
Lo Barnechea,2024-11-26,16.1,7.9,12.0,16.1,0.0
Lo Barnechea,2024-11-27,15.3,8.0,11.3,15.0,0.0
Lo Barnechea,2024-11-28,15.8,7.3,11.8,15.5,0.0
Lo Barnechea,2024-11-29,17.3,9.5,13.3,16.6,0.0
Lo Barnechea,2024-11-30,16.4,6.8,12.2,15.6,0.0
Lo Barnechea,2024-12-01,13.4,3.4,8.4,12.2,0.9
Lo Barnechea,2024-12-02,15.4,7.2,11.2,14.8,0.0
Lo Barnechea,2024-12-03,15.6,7.9,11.5,14.9,0.2
Lo Barnechea,2024-12-04,15.5,7.5,11.3,15.0,0.0
Lo Barnechea,2024-12-05,13.8,5.5,8.8,12.1,0.2
Lo Barnechea,2024-12-06,15.3,5.4,10.5,14.2,0.0
Lo Barnechea,2024-12-07,16.2,8.6,11.9,15.4,0.3
Lo Barnechea,2024-12-08,14.6,7.2,10.8,14.4,0.0
Lo Barnechea,2024-12-09,18.9,8.1,13.9,18.5,0.0
Lo Barnechea,2024-12-10,19.5,11.7,15.5,20.0,0.0
Lo Barnechea,2024-12-11,20.2,11.2,15.4,20.1,0.0
Lo Barnechea,2024-12-12,17.0,8.1,12.5,16.4,0.0
Lo Barnechea,2024-12-13,18.8,10.3,14.5,18.4,0.0
Lo Barnechea,2024-12-14,20.2,11.1,15.4,19.9,0.0
Lo Barnechea,2024-12-15,18.7,12.1,15.0,18.8,0.0
Lo Barnechea,2024-12-16,19.8,11.7,15.2,19.8,0.0
Lo Barnechea,2024-12-17,17.9,10.5,14.0,17.7,0.0
Lo Barnechea,2024-12-18,16.8,8.6,12.8,17.1,0.6
Lo Barnechea,2024-12-19,20.6,10.5,15.8,20.8,0.0
Lo Barnechea,2024-12-20,19.0,10.9,14.6,18.0,0.0
Lo Barnechea,2024-12-21,20.7,11.2,16.0,20.1,0.0
Lo Barnechea,2024-12-22,22.4,13.9,18.0,22.6,0.0
Lo Barnechea,2024-12-23,20.0,13.2,16.5,20.2,0.0
Lo Barnechea,2024-12-24,20.8,12.2,16.6,20.7,0.0
Lo Barnechea,2024-12-25,21.4,13.7,17.0,21.8,0.0
Lo Barnechea,2024-12-26,18.2,12.5,15.3,20.0,0.0
Lo Barnechea,2024-12-27,17.9,12.4,15.2,18.9,2.9
Lo Barnechea,2024-12-28,19.4,11.2,15.6,20.4,0.0
Lo Barnechea,2024-12-29,21.0,12.9,16.5,21.6,0.0
Lo Barnechea,2024-12-30,19.4,11.8,15.4,20.0,0.0
Lo Barnechea,2024-12-31,19.7,11.5,15.2,18.8,0.0
Lo Espejo,2024-01-01,30.1,12.1,20.4,29.6,0.0
Lo Espejo,2024-01-02,31.5,12.5,21.8,31.8,0.0
Lo Espejo,2024-01-03,31.2,16.5,22.6,31.5,0.0
Lo Espejo,2024-01-04,30.2,15.2,21.7,30.6,0.0
Lo Espejo,2024-01-05,28.0,13.9,20.5,28.1,0.0
Lo Espejo,2024-01-06,27.8,14.1,20.5,28.3,0.0
Lo Espejo,2024-01-07,31.0,14.0,22.1,30.2,0.0
Lo Espejo,2024-01-08,30.7,14.8,22.3,30.0,0.0
Lo Espejo,2024-01-09,30.3,14.4,21.8,29.6,0.0
Lo Espejo,2024-01-10,30.5,13.8,22.0,29.8,0.0
Lo Espejo,2024-01-11,30.9,16.1,22.4,30.4,0.0
Lo Espejo,2024-01-12,29.2,14.8,20.9,28.3,0.0
Lo Espejo,2024-01-13,28.0,12.4,19.6,27.8,0.0
Lo Espejo,2024-01-14,34.7,13.6,23.8,33.0,0.0
Lo Espejo,2024-01-15,31.1,15.6,23.1,29.4,0.0
Lo Espejo,2024-01-16,33.0,11.1,22.1,31.9,0.0
Lo Espejo,2024-01-17,31.2,17.4,22.9,31.4,0.0
Lo Espejo,2024-01-18,33.5,15.4,23.7,32.7,0.0
Lo Espejo,2024-01-19,33.8,18.7,25.4,33.3,0.0
Lo Espejo,2024-01-20,31.9,17.0,24.0,31.9,0.0
Lo Espejo,2024-01-21,33.4,15.6,23.8,33.5,0.0
Lo Espejo,2024-01-22,34.0,17.0,24.1,34.7,0.0
Lo Espejo,2024-01-23,31.6,14.4,22.4,32.2,0.0
Lo Espejo,2024-01-24,35.2,17.3,25.0,36.2,0.0
Lo Espejo,2024-01-25,32.0,17.8,23.7,32.4,0.0
Lo Espejo,2024-01-26,31.4,15.4,22.2,31.4,0.0
Lo Espejo,2024-01-27,34.0,16.7,23.9,35.0,0.0
Lo Espejo,2024-01-28,30.6,17.1,23.0,31.3,0.0
Lo Espejo,2024-01-29,33.1,17.5,24.0,33.5,0.0
Lo Espejo,2024-01-30,36.0,17.2,25.8,35.9,0.0
Lo Espejo,2024-01-31,37.8,20.0,28.1,37.6,0.0
Lo Espejo,2024-02-01,35.2,19.1,26.8,34.5,0.0
Lo Espejo,2024-02-02,36.8,18.3,27.0,35.9,0.0
Lo Espejo,2024-02-03,37.3,20.0,27.6,36.6,0.0
Lo Espejo,2024-02-04,32.0,18.9,23.8,32.1,0.0
Lo Espejo,2024-02-05,33.5,15.1,23.7,33.5,0.0
Lo Espejo,2024-02-06,31.9,18.0,24.2,31.6,0.0
Lo Espejo,2024-02-07,35.6,17.2,25.3,36.1,0.0
Lo Espejo,2024-02-08,33.3,19.1,25.0,34.5,0.0
Lo Espejo,2024-02-09,31.8,16.8,23.0,31.7,0.0
Lo Espejo,2024-02-10,33.8,17.0,24.5,33.5,0.0
Lo Espejo,2024-02-11,30.4,15.1,22.1,29.6,0.0
Lo Espejo,2024-02-12,36.0,16.6,25.4,34.8,0.0
Lo Espejo,2024-02-13,32.0,17.6,24.4,31.2,0.0
Lo Espejo,2024-02-14,32.7,14.5,22.0,33.1,0.0
Lo Espejo,2024-02-15,33.0,14.5,22.1,34.2,0.0
Lo Espejo,2024-02-16,30.5,14.4,22.2,30.7,0.0
Lo Espejo,2024-02-17,34.8,16.9,25.1,33.9,0.0
Lo Espejo,2024-02-18,34.1,17.6,25.0,33.9,0.0
Lo Espejo,2024-02-19,29.5,15.1,21.1,29.7,0.0
Lo Espejo,2024-02-20,30.4,15.6,21.1,31.3,0.0
Lo Espejo,2024-02-21,29.9,14.2,20.6,30.0,0.0
Lo Espejo,2024-02-22,20.2,15.2,17.6,19.1,10.8
Lo Espejo,2024-02-23,29.2,14.4,20.9,31.6,0.2
Lo Espejo,2024-02-24,30.2,16.0,22.5,31.5,0.0
Lo Espejo,2024-02-25,30.8,16.0,22.4,31.5,0.0
Lo Espejo,2024-02-26,31.6,15.2,22.9,32.2,0.0
Lo Espejo,2024-02-27,31.2,16.5,23.2,31.0,0.0
Lo Espejo,2024-02-28,33.2,15.9,23.5,32.9,0.0
Lo Espejo,2024-02-29,34.0,17.0,24.6,33.4,0.0
Lo Espejo,2024-03-01,30.1,16.4,22.8,29.7,0.0
Lo Espejo,2024-03-02,31.8,17.1,23.7,30.9,0.0
Lo Espejo,2024-03-03,31.9,17.3,23.6,30.8,0.0
Lo Espejo,2024-03-04,33.0,16.3,23.4,32.4,0.0
Lo Espejo,2024-03-05,31.0,16.7,22.7,29.9,0.0
Lo Espejo,2024-03-06,30.1,16.0,21.9,29.4,0.0
Lo Espejo,2024-03-07,28.5,12.9,19.9,27.5,0.0
Lo Espejo,2024-03-08,28.6,11.9,19.2,27.5,0.0
Lo Espejo,2024-03-09,31.0,13.1,21.6,29.6,0.0
Lo Espejo,2024-03-10,29.5,14.8,21.0,28.3,0.0
Lo Espejo,2024-03-11,28.0,12.4,19.0,27.8,0.0
Lo Espejo,2024-03-12,29.0,12.4,19.8,27.5,0.0
Lo Espejo,2024-03-13,28.8,12.1,20.2,28.1,0.0
Lo Espejo,2024-03-14,29.2,13.2,21.2,27.5,0.0
Lo Espejo,2024-03-15,29.0,13.6,20.5,27.4,0.0
Lo Espejo,2024-03-16,29.4,13.9,20.9,27.6,0.0
Lo Espejo,2024-03-17,30.4,14.6,21.5,28.2,0.0
Lo Espejo,2024-03-18,32.0,16.1,22.7,29.8,0.0
Lo Espejo,2024-03-19,28.4,14.9,20.6,26.7,0.0
Lo Espejo,2024-03-20,22.6,11.9,16.6,21.4,1.3
Lo Espejo,2024-03-21,32.5,13.0,21.7,31.8,1.5
Lo Espejo,2024-03-22,32.7,18.4,24.2,31.8,0.0
Lo Espejo,2024-03-23,30.2,16.0,22.4,29.4,0.0
Lo Espejo,2024-03-24,31.8,17.3,23.5,31.7,0.0
Lo Espejo,2024-03-25,28.9,16.2,21.3,28.8,0.0
Lo Espejo,2024-03-26,30.5,14.4,21.6,31.0,0.0
Lo Espejo,2024-03-27,30.5,16.2,22.7,30.6,0.0
Lo Espejo,2024-03-28,30.3,15.9,22.0,30.7,0.0
Lo Espejo,2024-03-29,31.0,15.8,22.3,31.4,0.0
Lo Espejo,2024-03-30,32.3,15.5,22.9,31.9,0.0
Lo Espejo,2024-03-31,30.0,17.0,22.5,28.3,0.0
Lo Espejo,2024-04-01,27.1,13.4,19.9,25.0,0.0
Lo Espejo,2024-04-02,25.1,13.8,18.2,22.1,0.0
Lo Espejo,2024-04-03,21.5,13.1,16.7,20.6,0.0
Lo Espejo,2024-04-04,27.5,12.4,19.1,27.0,0.0
Lo Espejo,2024-04-05,29.2,15.4,20.5,28.1,0.0
Lo Espejo,2024-04-06,25.9,11.2,18.2,24.9,0.0
Lo Espejo,2024-04-07,29.2,13.1,20.0,28.5,0.0
Lo Espejo,2024-04-08,25.9,12.2,18.3,24.0,0.0
Lo Espejo,2024-04-09,27.6,13.9,19.3,26.5,0.0
Lo Espejo,2024-04-10,27.9,14.0,18.9,26.9,0.0
Lo Espejo,2024-04-11,22.6,10.4,15.2,20.2,0.0
Lo Espejo,2024-04-12,17.1,11.2,13.8,15.3,0.0
Lo Espejo,2024-04-13,20.5,8.6,13.8,18.8,0.0
Lo Espejo,2024-04-14,22.0,10.4,15.4,20.9,0.1
Lo Espejo,2024-04-15,19.6,12.1,14.4,18.5,7.9
Lo Espejo,2024-04-16,24.0,10.7,16.4,23.0,0.0
Lo Espejo,2024-04-17,29.4,10.3,18.5,27.3,0.0
Lo Espejo,2024-04-18,31.0,13.2,20.4,29.2,0.0
Lo Espejo,2024-04-19,25.4,12.9,18.2,23.2,0.0
Lo Espejo,2024-04-20,22.6,12.9,16.8,20.6,0.0
Lo Espejo,2024-04-21,19.8,12.9,15.5,17.4,0.0
Lo Espejo,2024-04-22,21.7,11.9,15.9,20.1,0.0
Lo Espejo,2024-04-23,25.3,10.9,16.3,23.3,0.0
Lo Espejo,2024-04-24,22.9,10.3,15.0,21.5,0.0
Lo Espejo,2024-04-25,23.0,9.1,15.2,19.3,0.0
Lo Espejo,2024-04-26,20.5,8.6,14.2,17.5,0.0
Lo Espejo,2024-04-27,21.3,8.1,13.5,19.0,0.0
Lo Espejo,2024-04-28,18.4,9.0,12.2,15.0,0.0
Lo Espejo,2024-04-29,20.0,6.9,12.7,16.2,0.0
Lo Espejo,2024-04-30,15.9,7.4,11.9,13.7,34.0
Lo Espejo,2024-05-01,15.6,8.9,11.4,12.9,0.8
Lo Espejo,2024-05-02,15.6,5.3,9.7,12.3,0.0
Lo Espejo,2024-05-03,16.0,5.2,9.6,13.7,0.0
Lo Espejo,2024-05-04,18.4,6.4,11.3,15.3,0.0
Lo Espejo,2024-05-05,16.1,8.1,11.2,14.1,0.0
Lo Espejo,2024-05-06,15.8,6.8,10.4,13.5,0.0
Lo Espejo,2024-05-07,10.6,3.5,7.2,9.3,36.4
Lo Espejo,2024-05-08,16.4,2.8,8.5,13.9,0.0
Lo Espejo,2024-05-09,17.6,4.8,9.8,15.2,0.0
Lo Espejo,2024-05-10,14.6,5.2,9.3,12.2,0.0
Lo Espejo,2024-05-11,14.7,5.6,9.4,11.9,0.0
Lo Espejo,2024-05-12,14.3,5.0,9.0,11.0,0.0
Lo Espejo,2024-05-13,15.6,2.5,8.1,13.0,0.0
Lo Espejo,2024-05-14,15.9,3.5,8.5,13.0,0.0
Lo Espejo,2024-05-15,11.2,4.6,7.2,8.0,1.1
Lo Espejo,2024-05-16,14.6,0.6,7.7,11.7,0.0
Lo Espejo,2024-05-17,14.2,4.1,8.4,11.5,0.2
Lo Espejo,2024-05-18,16.0,1.6,8.1,13.6,0.0
Lo Espejo,2024-05-19,16.9,2.7,9.3,14.5,0.0
Lo Espejo,2024-05-20,11.6,8.8,9.8,10.0,48.0
Lo Espejo,2024-05-21,14.6,7.3,10.1,13.2,13.8
Lo Espejo,2024-05-22,10.9,7.7,9.6,9.8,29.7
Lo Espejo,2024-05-23,13.4,6.8,8.9,11.8,11.0
Lo Espejo,2024-05-24,15.8,2.7,9.3,14.2,0.0
Lo Espejo,2024-05-25,15.4,9.3,11.5,13.6,0.1
Lo Espejo,2024-05-26,14.8,7.5,10.0,13.6,7.4
Lo Espejo,2024-05-27,16.2,3.2,9.9,14.7,0.0
Lo Espejo,2024-05-28,18.6,7.2,11.6,17.0,0.0
Lo Espejo,2024-05-29,18.4,8.1,12.7,18.1,0.0
Lo Espejo,2024-05-30,19.2,10.1,14.2,18.6,0.0
Lo Espejo,2024-05-31,16.9,7.9,12.5,14.7,0.0
Lo Espejo,2024-06-01,18.3,6.0,11.6,16.5,0.0
Lo Espejo,2024-06-02,20.0,9.6,14.2,19.3,0.0
Lo Espejo,2024-06-03,16.4,10.4,13.6,15.5,0.0
Lo Espejo,2024-06-04,18.2,6.6,12.1,17.3,0.4
Lo Espejo,2024-06-05,14.9,9.8,13.0,13.8,0.0
Lo Espejo,2024-06-06,16.1,11.7,13.7,15.8,0.0
Lo Espejo,2024-06-07,20.1,12.2,15.5,20.4,0.0
Lo Espejo,2024-06-08,15.4,8.7,12.4,13.9,3.1
Lo Espejo,2024-06-09,13.6,8.4,10.9,12.8,10.3
Lo Espejo,2024-06-10,14.4,10.1,11.9,13.9,0.0
Lo Espejo,2024-06-11,14.9,9.7,12.1,13.7,0.5
Lo Espejo,2024-06-12,13.1,9.1,11.2,11.9,0.0
Lo Espejo,2024-06-13,13.3,9.6,10.8,10.0,68.8
Lo Espejo,2024-06-14,15.6,8.2,11.2,14.3,16.2
Lo Espejo,2024-06-15,14.8,5.9,9.9,13.1,1.1
Lo Espejo,2024-06-16,15.0,5.1,8.9,13.8,0.0
Lo Espejo,2024-06-17,14.9,5.4,9.3,14.0,3.4
Lo Espejo,2024-06-18,11.8,7.4,9.3,11.0,77.7
Lo Espejo,2024-06-19,15.6,5.9,10.3,13.8,48.5
Lo Espejo,2024-06-20,12.4,7.5,9.9,11.0,0.0
Lo Espejo,2024-06-21,9.9,7.3,8.7,8.7,54.3
Lo Espejo,2024-06-22,9.8,5.8,7.5,7.9,33.3
Lo Espejo,2024-06-23,12.1,6.2,8.4,9.2,2.7
Lo Espejo,2024-06-24,9.2,5.7,7.4,7.7,0.5
Lo Espejo,2024-06-25,11.6,3.8,7.0,9.8,0.1
Lo Espejo,2024-06-26,16.1,2.0,8.9,14.5,0.0
Lo Espejo,2024-06-27,16.1,6.9,11.0,14.5,0.0
Lo Espejo,2024-06-28,15.7,5.2,9.4,14.4,0.0
Lo Espejo,2024-06-29,17.5,5.2,11.3,17.0,0.0
Lo Espejo,2024-06-30,19.0,7.2,12.5,17.6,0.0
Lo Espejo,2024-07-01,19.5,7.3,13.3,18.7,0.0
Lo Espejo,2024-07-02,18.5,6.8,12.4,16.5,0.0
Lo Espejo,2024-07-03,17.0,8.2,11.5,15.3,0.0
Lo Espejo,2024-07-04,15.6,5.8,9.3,13.6,0.0
Lo Espejo,2024-07-05,15.6,3.5,8.7,14.3,0.0
Lo Espejo,2024-07-06,14.2,3.0,7.3,10.9,0.0
Lo Espejo,2024-07-07,14.4,3.7,7.6,12.3,0.0
Lo Espejo,2024-07-08,14.4,2.5,7.4,13.0,0.0
Lo Espejo,2024-07-09,10.7,1.7,5.4,7.4,0.0
Lo Espejo,2024-07-10,11.2,1.9,5.4,8.9,0.0
Lo Espejo,2024-07-11,12.2,1.3,5.2,9.7,0.0
Lo Espejo,2024-07-12,14.9,1.2,6.7,12.2,0.0
Lo Espejo,2024-07-13,14.8,1.0,6.8,12.9,0.0
Lo Espejo,2024-07-14,13.3,3.3,7.6,10.6,0.0
Lo Espejo,2024-07-15,14.1,2.3,6.9,11.6,0.0
Lo Espejo,2024-07-16,19.9,5.9,11.8,17.7,0.0
Lo Espejo,2024-07-17,18.5,7.0,11.6,16.3,0.0
Lo Espejo,2024-07-18,13.1,7.3,9.7,10.7,0.0
Lo Espejo,2024-07-19,15.6,5.8,9.6,14.3,0.0
Lo Espejo,2024-07-20,14.7,4.9,8.5,13.8,0.0
Lo Espejo,2024-07-21,14.8,6.8,9.8,12.0,0.0
Lo Espejo,2024-07-22,18.6,7.0,11.3,17.3,0.0
Lo Espejo,2024-07-23,11.8,5.8,8.2,10.2,0.5
Lo Espejo,2024-07-24,16.7,3.5,10.1,15.3,0.0
Lo Espejo,2024-07-25,17.2,6.8,11.0,15.2,0.0
Lo Espejo,2024-07-26,14.9,6.2,9.1,13.2,0.0
Lo Espejo,2024-07-27,17.4,4.3,9.1,15.6,0.0
Lo Espejo,2024-07-28,18.3,6.2,10.8,16.7,0.0
Lo Espejo,2024-07-29,21.8,7.4,13.5,20.8,0.0
Lo Espejo,2024-07-30,17.2,9.1,12.8,15.9,0.0
Lo Espejo,2024-07-31,12.1,8.4,9.7,10.9,0.0
Lo Espejo,2024-08-01,9.9,8.2,9.1,8.5,0.1
Lo Espejo,2024-08-02,13.5,6.6,9.7,11.9,79.0
Lo Espejo,2024-08-03,15.9,2.7,9.4,13.5,4.9
Lo Espejo,2024-08-04,15.9,5.9,10.4,13.9,0.0
Lo Espejo,2024-08-05,10.5,6.6,8.5,9.2,19.1
Lo Espejo,2024-08-06,12.8,4.7,8.2,9.9,9.5
Lo Espejo,2024-08-07,12.1,0.9,6.4,9.5,0.0
Lo Espejo,2024-08-08,14.6,-0.2,6.6,12.3,0.0
Lo Espejo,2024-08-09,18.5,1.2,9.3,17.0,0.0
Lo Espejo,2024-08-10,19.9,4.3,11.3,18.0,0.0
Lo Espejo,2024-08-11,21.1,4.9,12.7,19.8,0.0
Lo Espejo,2024-08-12,23.1,8.9,14.8,22.8,0.0
Lo Espejo,2024-08-13,20.0,10.0,13.8,20.2,0.0
Lo Espejo,2024-08-14,15.3,8.8,11.3,14.4,0.0
Lo Espejo,2024-08-15,17.0,7.6,11.1,15.3,0.0
Lo Espejo,2024-08-16,14.2,7.7,10.2,13.0,0.0
Lo Espejo,2024-08-17,16.0,6.9,10.5,14.3,0.0
Lo Espejo,2024-08-18,12.4,5.6,8.6,10.1,2.4
Lo Espejo,2024-08-19,12.9,4.0,8.2,10.1,0.0
Lo Espejo,2024-08-20,10.8,4.2,6.8,7.7,0.0
Lo Espejo,2024-08-21,12.4,3.5,6.7,10.5,6.1
Lo Espejo,2024-08-22,9.1,2.2,5.4,6.7,4.5
Lo Espejo,2024-08-23,8.4,2.0,4.6,5.8,12.0
Lo Espejo,2024-08-24,17.4,-0.7,8.4,15.2,0.0
Lo Espejo,2024-08-25,19.8,3.1,10.6,18.1,0.0
Lo Espejo,2024-08-26,17.3,3.1,10.7,16.0,0.0
Lo Espejo,2024-08-27,19.0,4.8,11.2,18.1,0.0
Lo Espejo,2024-08-28,15.8,6.2,10.1,14.9,0.0
Lo Espejo,2024-08-29,13.1,7.9,9.8,11.2,0.0
Lo Espejo,2024-08-30,14.6,6.9,9.8,12.8,0.0
Lo Espejo,2024-08-31,20.4,4.4,11.4,20.0,0.0
Lo Espejo,2024-09-01,23.7,8.1,14.2,23.8,0.0
Lo Espejo,2024-09-02,15.1,6.2,10.5,12.3,0.0
Lo Espejo,2024-09-03,16.9,7.3,11.3,14.3,0.0
Lo Espejo,2024-09-04,19.9,7.0,11.9,18.9,0.0
Lo Espejo,2024-09-05,22.6,8.1,14.1,22.0,0.0
Lo Espejo,2024-09-06,17.8,5.9,11.3,17.1,0.0
Lo Espejo,2024-09-07,17.1,7.8,11.2,16.6,0.0
Lo Espejo,2024-09-08,20.0,6.9,12.3,18.8,0.0
Lo Espejo,2024-09-09,22.0,8.7,14.2,21.1,0.0
Lo Espejo,2024-09-10,18.0,8.1,12.7,16.3,23.7
Lo Espejo,2024-09-11,19.7,6.2,12.6,18.9,0.0
Lo Espejo,2024-09-12,17.1,7.3,11.5,16.1,0.0
Lo Espejo,2024-09-13,19.1,6.7,12.0,18.5,0.0
Lo Espejo,2024-09-14,23.5,6.0,14.1,22.9,0.0
Lo Espejo,2024-09-15,23.8,9.2,15.7,22.6,0.0
Lo Espejo,2024-09-16,25.0,8.4,15.7,24.0,0.0
Lo Espejo,2024-09-17,21.8,6.8,13.5,21.3,0.0
Lo Espejo,2024-09-18,21.3,8.6,13.6,20.7,0.0
Lo Espejo,2024-09-19,17.8,6.4,11.7,16.4,4.1
Lo Espejo,2024-09-20,19.0,8.6,12.6,16.7,0.0
Lo Espejo,2024-09-21,17.1,7.1,11.1,15.2,0.0
Lo Espejo,2024-09-22,13.9,7.6,10.3,11.1,4.0
Lo Espejo,2024-09-23,16.0,9.4,12.1,14.0,0.9
Lo Espejo,2024-09-24,18.0,6.4,11.6,17.9,0.0
Lo Espejo,2024-09-25,18.7,7.4,12.1,17.8,0.0
Lo Espejo,2024-09-26,25.0,4.8,14.3,24.7,0.0
Lo Espejo,2024-09-27,22.5,10.2,15.6,22.2,0.0
Lo Espejo,2024-09-28,24.8,11.2,16.6,23.9,0.0
Lo Espejo,2024-09-29,19.6,9.6,13.7,19.1,0.0
Lo Espejo,2024-09-30,19.9,9.0,12.4,19.1,0.0
Lo Espejo,2024-10-01,18.5,7.4,12.1,16.5,0.0
Lo Espejo,2024-10-02,22.1,7.8,14.2,21.7,0.0
Lo Espejo,2024-10-03,25.6,11.2,17.0,25.6,0.0
Lo Espejo,2024-10-04,26.0,11.1,17.1,25.7,0.0
Lo Espejo,2024-10-05,26.1,9.6,17.8,25.9,0.0
Lo Espejo,2024-10-06,21.0,13.2,17.1,20.8,0.4
Lo Espejo,2024-10-07,23.6,10.6,16.1,23.3,4.1
Lo Espejo,2024-10-08,16.1,10.9,13.0,14.8,9.0
Lo Espejo,2024-10-09,20.5,9.1,14.1,19.7,0.0
Lo Espejo,2024-10-10,19.1,10.4,14.3,18.5,0.0
Lo Espejo,2024-10-11,19.2,11.2,14.2,18.2,0.0
Lo Espejo,2024-10-12,19.5,10.4,14.7,18.6,0.0
Lo Espejo,2024-10-13,24.0,10.1,16.3,24.7,0.0
Lo Espejo,2024-10-14,22.5,10.6,15.7,21.5,0.0
Lo Espejo,2024-10-15,28.5,12.6,18.5,29.2,0.0
Lo Espejo,2024-10-16,19.0,9.2,14.3,18.3,0.0
Lo Espejo,2024-10-17,27.0,7.8,17.0,27.5,0.0
Lo Espejo,2024-10-18,29.3,11.5,19.5,29.9,0.0
Lo Espejo,2024-10-19,22.4,10.9,15.2,22.0,0.0
Lo Espejo,2024-10-20,21.4,10.5,14.5,20.3,0.8
Lo Espejo,2024-10-21,25.4,10.1,17.1,25.1,0.0
Lo Espejo,2024-10-22,24.4,12.2,16.7,24.0,1.9
Lo Espejo,2024-10-23,20.0,11.1,14.4,19.7,6.3
Lo Espejo,2024-10-24,27.0,8.6,16.8,26.7,0.0
Lo Espejo,2024-10-25,25.8,9.9,16.6,24.4,0.0
Lo Espejo,2024-10-26,30.0,10.8,19.8,29.8,0.0
Lo Espejo,2024-10-27,28.8,10.9,19.1,28.4,0.0
Lo Espejo,2024-10-28,33.8,13.4,21.4,33.7,0.0
Lo Espejo,2024-10-29,26.0,12.9,18.6,25.5,0.0
Lo Espejo,2024-10-30,26.6,11.6,17.7,26.8,0.0
Lo Espejo,2024-10-31,27.3,12.5,18.1,27.2,0.0
Lo Espejo,2024-11-01,21.4,12.4,15.2,20.6,0.0
Lo Espejo,2024-11-02,27.0,9.0,17.6,25.5,0.0
Lo Espejo,2024-11-03,24.7,10.6,16.3,23.4,0.0
Lo Espejo,2024-11-04,25.2,9.1,16.6,23.3,0.0
Lo Espejo,2024-11-05,28.4,11.9,19.4,26.7,0.0
Lo Espejo,2024-11-06,28.5,12.7,20.4,27.2,0.0
Lo Espejo,2024-11-07,27.3,13.2,20.0,24.8,0.1
Lo Espejo,2024-11-08,31.2,15.6,22.2,30.3,0.0
Lo Espejo,2024-11-09,28.8,14.6,20.9,28.2,0.0
Lo Espejo,2024-11-10,23.0,11.8,17.5,22.2,0.0
Lo Espejo,2024-11-11,28.0,11.1,19.5,26.5,0.0
Lo Espejo,2024-11-12,32.3,13.6,23.5,31.3,0.0
Lo Espejo,2024-11-13,27.4,15.3,21.8,27.4,0.0
Lo Espejo,2024-11-14,27.2,13.6,19.2,28.1,0.0
Lo Espejo,2024-11-15,26.0,11.9,18.5,26.0,0.0
Lo Espejo,2024-11-16,21.5,13.7,17.1,19.6,3.2
Lo Espejo,2024-11-17,26.1,10.4,17.9,27.1,0.0
Lo Espejo,2024-11-18,26.6,12.9,18.9,26.9,0.0
Lo Espejo,2024-11-19,26.1,11.0,17.6,26.4,0.0
Lo Espejo,2024-11-20,26.2,13.1,19.0,25.3,0.0
Lo Espejo,2024-11-21,27.7,13.9,19.9,28.0,0.0
Lo Espejo,2024-11-22,27.4,12.1,19.8,27.3,0.0
Lo Espejo,2024-11-23,30.4,14.0,21.7,30.8,0.0
Lo Espejo,2024-11-24,29.1,14.5,21.5,29.1,0.0
Lo Espejo,2024-11-25,27.5,14.9,21.0,27.2,0.0
Lo Espejo,2024-11-26,26.9,13.4,19.7,26.2,0.0
Lo Espejo,2024-11-27,25.4,11.5,17.8,24.9,0.0
Lo Espejo,2024-11-28,26.9,10.6,18.8,26.2,0.0
Lo Espejo,2024-11-29,29.1,13.9,21.4,28.4,0.0
Lo Espejo,2024-11-30,26.5,11.9,19.1,25.2,0.0
Lo Espejo,2024-12-01,25.5,10.6,17.4,24.7,0.0
Lo Espejo,2024-12-02,27.0,12.4,19.7,25.9,0.0
Lo Espejo,2024-12-03,26.9,12.4,18.8,27.0,0.0
Lo Espejo,2024-12-04,25.4,11.6,17.3,25.7,0.0
Lo Espejo,2024-12-05,22.7,10.2,16.0,21.9,0.0
Lo Espejo,2024-12-06,26.8,10.9,18.7,25.8,0.0
Lo Espejo,2024-12-07,27.2,13.9,20.1,27.1,0.0
Lo Espejo,2024-12-08,25.4,11.3,17.8,24.8,0.0
Lo Espejo,2024-12-09,30.8,11.6,21.0,30.1,0.0
Lo Espejo,2024-12-10,29.1,14.6,21.5,29.1,0.0
Lo Espejo,2024-12-11,30.4,14.3,22.0,30.5,0.0
Lo Espejo,2024-12-12,28.3,12.2,19.7,28.2,0.0
Lo Espejo,2024-12-13,30.7,15.2,22.7,30.1,0.0
Lo Espejo,2024-12-14,31.4,15.4,22.4,31.9,0.0
Lo Espejo,2024-12-15,27.8,15.0,20.2,28.4,0.0
Lo Espejo,2024-12-16,28.0,12.2,19.2,29.2,0.0
Lo Espejo,2024-12-17,26.9,12.9,19.3,27.4,0.0
Lo Espejo,2024-12-18,29.6,13.3,21.5,30.0,0.0
Lo Espejo,2024-12-19,33.8,16.8,24.9,33.3,0.0
Lo Espejo,2024-12-20,30.9,16.5,23.2,29.7,0.0
Lo Espejo,2024-12-21,33.3,16.4,25.0,32.9,0.0
Lo Espejo,2024-12-22,34.9,19.4,26.3,35.7,0.0
Lo Espejo,2024-12-23,30.3,19.6,24.6,31.2,0.0
Lo Espejo,2024-12-24,31.5,18.1,23.8,32.5,0.0
Lo Espejo,2024-12-25,29.4,15.9,21.6,30.8,0.0
Lo Espejo,2024-12-26,28.5,13.8,19.8,29.7,0.0
Lo Espejo,2024-12-27,29.1,14.1,20.7,31.1,0.0
Lo Espejo,2024-12-28,30.1,14.6,21.3,31.8,0.0
Lo Espejo,2024-12-29,32.0,15.1,22.3,33.4,0.0
Lo Espejo,2024-12-30,31.2,15.7,22.8,32.8,0.0
Lo Espejo,2024-12-31,31.7,17.0,23.8,31.9,0.0
Lo Prado,2024-01-01,30.1,12.0,20.3,30.1,0.0
Lo Prado,2024-01-02,31.3,12.4,21.6,31.6,0.0
Lo Prado,2024-01-03,31.2,15.4,22.5,31.3,0.0
Lo Prado,2024-01-04,30.3,14.4,21.6,30.9,0.0
Lo Prado,2024-01-05,28.2,13.8,20.5,28.5,0.0
Lo Prado,2024-01-06,27.8,14.0,20.5,28.7,0.0
Lo Prado,2024-01-07,31.0,13.6,22.0,30.3,0.0
Lo Prado,2024-01-08,30.4,13.8,22.1,29.9,0.0
Lo Prado,2024-01-09,30.2,14.2,21.8,29.7,0.0
Lo Prado,2024-01-10,30.2,13.2,21.8,29.8,0.0
Lo Prado,2024-01-11,30.8,16.0,22.2,30.5,0.0
Lo Prado,2024-01-12,29.4,14.1,21.0,28.9,0.0
Lo Prado,2024-01-13,28.0,12.2,19.7,28.1,0.0
Lo Prado,2024-01-14,34.3,12.7,23.4,32.8,0.0
Lo Prado,2024-01-15,30.9,15.5,22.8,29.8,0.0
Lo Prado,2024-01-16,32.7,11.0,21.8,31.9,0.0
Lo Prado,2024-01-17,31.3,16.4,22.8,31.3,0.0
Lo Prado,2024-01-18,33.3,14.5,23.4,33.0,0.0
Lo Prado,2024-01-19,33.8,18.0,25.1,33.0,0.0
Lo Prado,2024-01-20,31.8,15.8,23.8,31.9,0.0
Lo Prado,2024-01-21,33.4,14.6,23.5,33.3,0.0
Lo Prado,2024-01-22,34.2,15.8,23.9,34.5,0.0
Lo Prado,2024-01-23,31.6,14.4,22.4,32.4,0.0
Lo Prado,2024-01-24,35.5,16.2,24.9,35.9,0.0
Lo Prado,2024-01-25,32.1,17.3,23.7,32.5,0.0
Lo Prado,2024-01-26,31.2,15.4,22.3,31.4,0.0
Lo Prado,2024-01-27,34.0,16.3,23.8,34.4,0.0
Lo Prado,2024-01-28,31.0,16.9,23.1,31.7,0.0
Lo Prado,2024-01-29,33.2,16.6,23.8,33.9,0.0
Lo Prado,2024-01-30,35.7,15.8,25.2,35.6,0.0
Lo Prado,2024-01-31,37.5,18.5,27.2,37.4,0.0
Lo Prado,2024-02-01,35.4,18.1,26.4,34.2,0.0
Lo Prado,2024-02-02,36.9,17.2,26.8,36.0,0.0
Lo Prado,2024-02-03,36.9,17.9,27.1,36.6,0.0
Lo Prado,2024-02-04,32.1,18.7,23.8,32.4,0.0
Lo Prado,2024-02-05,33.5,14.8,23.6,33.4,0.0
Lo Prado,2024-02-06,32.0,17.6,24.0,31.4,0.0
Lo Prado,2024-02-07,35.4,16.2,25.1,35.6,0.0
Lo Prado,2024-02-08,33.2,19.3,25.1,34.3,0.0
Lo Prado,2024-02-09,31.2,16.7,23.0,31.6,0.0
Lo Prado,2024-02-10,33.3,16.0,24.3,33.7,0.0
Lo Prado,2024-02-11,30.6,14.8,22.1,30.0,0.0
Lo Prado,2024-02-12,35.7,15.6,25.0,34.7,0.0
Lo Prado,2024-02-13,32.0,17.0,24.1,31.5,0.0
Lo Prado,2024-02-14,32.5,14.2,21.9,32.9,0.0
Lo Prado,2024-02-15,32.9,14.2,21.9,33.9,0.0
Lo Prado,2024-02-16,30.4,14.0,21.9,30.6,0.0
Lo Prado,2024-02-17,34.7,15.8,24.7,33.7,0.0
Lo Prado,2024-02-18,34.0,16.6,24.8,33.6,0.0
Lo Prado,2024-02-19,29.5,14.9,21.2,30.0,0.0
Lo Prado,2024-02-20,30.5,15.3,21.2,31.4,0.0
Lo Prado,2024-02-21,29.8,14.1,20.8,30.0,0.0
Lo Prado,2024-02-22,20.5,15.3,17.7,19.7,8.0
Lo Prado,2024-02-23,29.5,12.9,20.5,31.4,2.2
Lo Prado,2024-02-24,30.6,15.7,22.2,31.6,0.0
Lo Prado,2024-02-25,31.0,15.0,22.1,31.4,0.0
Lo Prado,2024-02-26,31.5,14.5,22.5,32.3,0.0
Lo Prado,2024-02-27,31.2,14.9,22.8,31.2,0.0
Lo Prado,2024-02-28,33.1,14.6,23.0,32.7,0.0
Lo Prado,2024-02-29,33.7,16.0,24.1,32.8,0.0
Lo Prado,2024-03-01,30.2,15.1,22.3,29.9,0.0
Lo Prado,2024-03-02,31.5,15.4,22.8,31.0,0.0
Lo Prado,2024-03-03,31.7,16.7,23.1,31.0,0.0
Lo Prado,2024-03-04,32.8,14.9,22.4,32.0,0.0
Lo Prado,2024-03-05,30.8,15.4,22.0,29.5,0.0
Lo Prado,2024-03-06,30.0,14.9,21.4,29.2,0.0
Lo Prado,2024-03-07,28.5,12.4,19.5,27.8,0.0
Lo Prado,2024-03-08,28.5,10.9,18.7,27.4,0.0
Lo Prado,2024-03-09,30.7,11.9,20.9,29.4,0.0
Lo Prado,2024-03-10,29.4,13.2,20.5,28.6,0.0
Lo Prado,2024-03-11,28.1,11.6,18.7,27.9,0.0
Lo Prado,2024-03-12,28.8,11.3,19.4,27.6,0.0
Lo Prado,2024-03-13,28.6,11.6,19.6,28.3,0.0
Lo Prado,2024-03-14,29.0,13.1,20.5,27.4,0.0
Lo Prado,2024-03-15,28.9,12.1,19.8,27.3,0.0
Lo Prado,2024-03-16,29.1,12.8,20.2,27.7,0.0
Lo Prado,2024-03-17,30.2,12.8,20.6,28.4,0.0
Lo Prado,2024-03-18,31.8,13.4,21.8,29.8,0.0
Lo Prado,2024-03-19,28.4,13.9,20.4,27.1,0.0
Lo Prado,2024-03-20,22.8,11.9,16.7,21.4,0.7
Lo Prado,2024-03-21,32.2,12.9,21.4,31.7,5.1
Lo Prado,2024-03-22,32.5,15.4,23.3,31.7,0.0
Lo Prado,2024-03-23,30.1,14.7,21.9,29.4,0.0
Lo Prado,2024-03-24,31.7,15.6,22.8,31.4,0.0
Lo Prado,2024-03-25,29.0,14.9,20.9,28.8,0.0
Lo Prado,2024-03-26,30.2,13.4,20.9,30.9,0.0
Lo Prado,2024-03-27,30.3,15.1,22.0,30.5,0.0
Lo Prado,2024-03-28,30.5,14.9,21.6,30.4,0.0
Lo Prado,2024-03-29,31.1,15.7,21.8,31.2,0.0
Lo Prado,2024-03-30,32.2,13.9,22.3,31.8,0.0
Lo Prado,2024-03-31,30.1,16.6,22.0,28.1,0.0
Lo Prado,2024-04-01,27.0,12.9,19.3,25.1,0.0
Lo Prado,2024-04-02,25.5,12.8,17.9,22.5,0.4
Lo Prado,2024-04-03,22.4,12.2,16.5,21.3,0.0
Lo Prado,2024-04-04,27.5,11.7,18.8,27.3,0.0
Lo Prado,2024-04-05,29.4,11.7,19.4,28.2,0.0
Lo Prado,2024-04-06,26.0,9.8,17.5,25.2,0.0
Lo Prado,2024-04-07,29.2,11.2,18.9,28.5,0.0
Lo Prado,2024-04-08,26.1,11.1,17.7,23.9,0.0
Lo Prado,2024-04-09,27.9,11.9,18.6,26.3,0.0
Lo Prado,2024-04-10,28.1,11.9,18.4,26.9,0.0
Lo Prado,2024-04-11,23.0,10.1,15.3,20.6,0.0
Lo Prado,2024-04-12,17.1,11.2,13.7,15.1,0.0
Lo Prado,2024-04-13,20.5,7.9,13.6,18.6,0.0
Lo Prado,2024-04-14,21.9,10.0,15.3,21.1,0.1
Lo Prado,2024-04-15,21.4,11.7,14.6,18.9,15.5
Lo Prado,2024-04-16,24.3,9.2,15.8,23.2,0.0
Lo Prado,2024-04-17,29.5,11.9,19.2,26.9,0.0
Lo Prado,2024-04-18,31.3,16.5,21.5,29.3,0.0
Lo Prado,2024-04-19,25.8,11.8,17.7,23.6,0.0
Lo Prado,2024-04-20,23.1,11.1,16.3,20.9,0.0
Lo Prado,2024-04-21,20.3,12.6,15.5,18.1,0.0
Lo Prado,2024-04-22,22.0,10.5,15.6,20.9,0.0
Lo Prado,2024-04-23,25.5,9.0,15.8,23.7,0.0
Lo Prado,2024-04-24,23.2,9.0,14.4,22.1,0.0
Lo Prado,2024-04-25,23.3,7.9,14.5,20.0,0.0
Lo Prado,2024-04-26,20.6,7.8,13.8,17.9,0.0
Lo Prado,2024-04-27,21.4,7.9,13.1,19.4,0.0
Lo Prado,2024-04-28,18.7,7.8,11.8,15.5,0.0
Lo Prado,2024-04-29,20.1,6.3,12.5,16.8,0.0
Lo Prado,2024-04-30,17.0,7.6,12.1,14.7,8.3
Lo Prado,2024-05-01,16.0,7.5,11.2,13.4,0.2
Lo Prado,2024-05-02,16.0,4.6,9.2,12.6,0.0
Lo Prado,2024-05-03,16.9,3.7,9.4,14.2,0.0
Lo Prado,2024-05-04,19.1,5.3,10.8,15.7,0.0
Lo Prado,2024-05-05,16.9,6.9,10.5,14.8,0.0
Lo Prado,2024-05-06,16.8,5.5,10.2,14.8,0.0
Lo Prado,2024-05-07,10.2,3.1,6.9,9.1,47.5
Lo Prado,2024-05-08,16.4,2.0,8.6,14.0,0.0
Lo Prado,2024-05-09,18.3,4.9,9.9,15.6,0.0
Lo Prado,2024-05-10,14.9,3.7,8.9,12.7,0.0
Lo Prado,2024-05-11,15.1,5.3,9.0,12.0,0.0
Lo Prado,2024-05-12,14.7,3.9,8.5,11.2,0.0
Lo Prado,2024-05-13,15.9,4.4,8.3,13.3,0.0
Lo Prado,2024-05-14,16.6,4.4,9.1,13.3,0.0
Lo Prado,2024-05-15,11.7,3.9,7.0,9.7,2.5
Lo Prado,2024-05-16,15.1,3.4,8.2,12.3,0.0
Lo Prado,2024-05-17,14.6,3.8,8.5,11.6,0.0
Lo Prado,2024-05-18,17.1,4.2,8.6,14.6,0.0
Lo Prado,2024-05-19,17.5,5.2,10.2,15.5,0.0
Lo Prado,2024-05-20,11.6,8.4,9.6,9.6,46.0
Lo Prado,2024-05-21,14.9,7.2,10.1,13.7,6.0
Lo Prado,2024-05-22,10.9,7.4,9.3,9.9,30.0
Lo Prado,2024-05-23,14.2,5.2,9.0,12.4,11.0
Lo Prado,2024-05-24,16.4,5.2,10.0,14.7,0.0
Lo Prado,2024-05-25,15.5,8.6,11.6,13.4,0.2
Lo Prado,2024-05-26,15.1,7.3,9.9,13.7,15.0
Lo Prado,2024-05-27,15.6,7.2,10.5,14.8,0.0
Lo Prado,2024-05-28,19.1,7.9,12.0,17.7,0.0
Lo Prado,2024-05-29,17.9,6.8,11.1,17.5,0.0
Lo Prado,2024-05-30,19.1,7.7,12.7,18.6,0.0
Lo Prado,2024-05-31,16.9,8.9,12.8,15.3,0.0
Lo Prado,2024-06-01,18.2,7.3,11.6,16.5,0.0
Lo Prado,2024-06-02,19.0,9.1,13.1,18.8,0.0
Lo Prado,2024-06-03,17.6,9.5,12.9,15.9,0.0
Lo Prado,2024-06-04,18.7,5.8,11.6,18.0,0.5
Lo Prado,2024-06-05,14.2,10.2,12.4,13.4,0.0
Lo Prado,2024-06-06,16.5,8.6,12.5,16.0,0.0
Lo Prado,2024-06-07,20.9,9.2,13.8,20.5,0.0
Lo Prado,2024-06-08,15.1,7.2,11.6,14.0,3.0
Lo Prado,2024-06-09,14.0,9.6,11.2,13.3,9.5
Lo Prado,2024-06-10,14.9,8.5,11.3,14.4,0.0
Lo Prado,2024-06-11,14.9,8.9,11.3,14.4,0.0
Lo Prado,2024-06-12,13.6,7.8,10.5,12.4,0.0
Lo Prado,2024-06-13,13.2,9.2,10.6,9.9,64.0
Lo Prado,2024-06-14,15.9,8.6,11.1,14.8,14.5
Lo Prado,2024-06-15,14.8,7.1,10.1,13.2,0.0
Lo Prado,2024-06-16,15.4,4.8,9.0,14.4,0.0
Lo Prado,2024-06-17,15.3,5.2,9.3,14.0,2.6
Lo Prado,2024-06-18,12.7,7.3,9.4,12.2,65.5
Lo Prado,2024-06-19,15.9,6.1,10.1,14.5,16.3
Lo Prado,2024-06-20,12.2,6.6,8.9,11.2,0.0
Lo Prado,2024-06-21,9.9,7.0,8.4,8.6,59.4
Lo Prado,2024-06-22,9.9,5.1,7.4,8.1,40.9
Lo Prado,2024-06-23,12.3,6.4,8.7,9.8,3.3
Lo Prado,2024-06-24,9.4,5.0,7.4,8.0,0.5
Lo Prado,2024-06-25,11.8,3.2,6.9,10.1,0.3
Lo Prado,2024-06-26,16.0,1.7,8.5,14.3,0.0
Lo Prado,2024-06-27,16.6,7.7,11.2,15.0,0.0
Lo Prado,2024-06-28,15.4,4.4,9.0,14.6,0.0
Lo Prado,2024-06-29,17.7,6.6,11.7,16.6,0.0
Lo Prado,2024-06-30,19.6,8.2,12.8,18.2,0.0
Lo Prado,2024-07-01,20.2,9.4,13.8,19.5,0.0
Lo Prado,2024-07-02,18.5,8.6,12.7,16.7,0.0
Lo Prado,2024-07-03,17.3,7.8,11.9,15.8,0.0
Lo Prado,2024-07-04,15.8,5.0,8.9,13.7,0.0
Lo Prado,2024-07-05,15.1,4.2,8.3,13.6,0.0
Lo Prado,2024-07-06,14.1,2.8,6.8,11.1,0.0
Lo Prado,2024-07-07,13.9,2.5,6.7,12.2,0.0
Lo Prado,2024-07-08,14.0,2.5,6.7,12.6,0.0
Lo Prado,2024-07-09,11.6,-0.1,5.0,7.8,0.0
Lo Prado,2024-07-10,11.1,1.1,4.7,9.0,0.0
Lo Prado,2024-07-11,12.1,0.1,5.2,9.6,0.0
Lo Prado,2024-07-12,14.8,2.5,7.6,12.5,0.0
Lo Prado,2024-07-13,14.1,-0.2,5.7,12.3,0.0
Lo Prado,2024-07-14,13.0,1.1,6.3,10.2,0.0
Lo Prado,2024-07-15,13.9,-0.2,5.7,11.2,0.0
Lo Prado,2024-07-16,19.9,3.8,10.7,18.0,0.0
Lo Prado,2024-07-17,18.4,4.9,10.7,16.4,0.0
Lo Prado,2024-07-18,13.2,5.4,9.2,10.8,0.0
Lo Prado,2024-07-19,15.7,5.1,8.9,14.1,0.0
Lo Prado,2024-07-20,14.4,4.7,7.9,13.5,0.0
Lo Prado,2024-07-21,14.9,6.8,9.8,12.3,0.0
Lo Prado,2024-07-22,18.5,5.2,10.6,17.0,0.0
Lo Prado,2024-07-23,12.0,5.4,8.0,10.3,0.7
Lo Prado,2024-07-24,17.1,3.5,10.0,16.3,0.0
Lo Prado,2024-07-25,17.7,6.0,11.0,16.2,0.0
Lo Prado,2024-07-26,14.7,2.9,7.9,13.0,0.0
Lo Prado,2024-07-27,17.5,3.6,8.5,15.6,0.0
Lo Prado,2024-07-28,18.4,2.8,9.5,17.0,0.0
Lo Prado,2024-07-29,22.0,8.9,13.8,21.4,0.0
Lo Prado,2024-07-30,17.9,8.4,12.3,17.0,0.0
Lo Prado,2024-07-31,12.6,7.7,9.3,11.2,0.0
Lo Prado,2024-08-01,10.3,8.3,9.0,9.1,0.0
Lo Prado,2024-08-02,14.2,6.8,9.8,12.6,75.2
Lo Prado,2024-08-03,15.9,3.0,9.7,14.2,2.7
Lo Prado,2024-08-04,16.4,5.1,9.9,14.9,0.0
Lo Prado,2024-08-05,10.6,6.6,8.3,9.2,24.8
Lo Prado,2024-08-06,13.1,5.3,8.3,10.6,10.9
Lo Prado,2024-08-07,12.5,0.6,6.1,10.2,0.0
Lo Prado,2024-08-08,14.8,2.6,7.9,12.5,0.0
Lo Prado,2024-08-09,18.6,3.7,10.2,17.6,0.0
Lo Prado,2024-08-10,19.8,5.0,11.1,18.2,0.0
Lo Prado,2024-08-11,20.9,7.3,13.2,19.7,0.0
Lo Prado,2024-08-12,22.8,11.2,15.3,22.8,0.0
Lo Prado,2024-08-13,20.4,9.1,13.6,20.3,0.0
Lo Prado,2024-08-14,15.1,7.8,11.1,14.1,0.0
Lo Prado,2024-08-15,17.5,6.2,10.8,15.7,0.0
Lo Prado,2024-08-16,14.4,7.2,10.2,13.1,0.0
Lo Prado,2024-08-17,16.2,7.2,10.6,14.6,0.0
Lo Prado,2024-08-18,12.6,5.0,8.4,10.0,0.5
Lo Prado,2024-08-19,13.4,4.1,8.5,10.6,0.0
Lo Prado,2024-08-20,11.4,4.0,7.1,8.3,0.0
Lo Prado,2024-08-21,13.2,0.9,6.6,11.3,3.9
Lo Prado,2024-08-22,12.2,3.3,7.2,10.1,3.4
Lo Prado,2024-08-23,11.4,3.3,6.1,9.2,13.0
Lo Prado,2024-08-24,17.7,4.1,9.9,16.3,0.0
Lo Prado,2024-08-25,20.3,6.9,12.6,18.8,0.0
Lo Prado,2024-08-26,17.6,3.8,10.3,16.3,0.0
Lo Prado,2024-08-27,19.4,6.9,11.5,18.2,0.0
Lo Prado,2024-08-28,16.0,5.9,9.9,15.2,0.0
Lo Prado,2024-08-29,12.9,7.7,9.7,10.8,0.0
Lo Prado,2024-08-30,14.5,7.2,9.6,12.8,0.3
Lo Prado,2024-08-31,20.1,6.4,11.6,19.1,0.0
Lo Prado,2024-09-01,23.9,7.1,14.3,24.0,0.0
Lo Prado,2024-09-02,15.9,6.2,10.8,13.4,0.0
Lo Prado,2024-09-03,17.1,7.2,11.2,14.9,0.0
Lo Prado,2024-09-04,19.9,4.9,11.5,19.1,0.0
Lo Prado,2024-09-05,22.9,9.8,14.6,22.3,0.0
Lo Prado,2024-09-06,18.2,4.7,11.2,17.6,0.0
Lo Prado,2024-09-07,17.4,7.9,11.2,17.0,0.0
Lo Prado,2024-09-08,20.2,5.8,11.8,18.9,0.0
Lo Prado,2024-09-09,22.2,7.7,14.0,21.3,0.0
Lo Prado,2024-09-10,18.4,7.2,12.5,16.7,2.6
Lo Prado,2024-09-11,20.0,6.3,12.5,19.1,0.0
Lo Prado,2024-09-12,17.4,6.4,11.1,16.3,0.0
Lo Prado,2024-09-13,19.5,6.1,11.6,18.5,0.0
Lo Prado,2024-09-14,23.7,7.4,14.2,23.1,0.0
Lo Prado,2024-09-15,24.4,9.9,15.6,22.7,0.0
Lo Prado,2024-09-16,25.5,11.1,17.0,24.2,0.0
Lo Prado,2024-09-17,22.0,6.9,13.5,21.2,0.0
Lo Prado,2024-09-18,21.5,7.8,13.1,21.0,0.0
Lo Prado,2024-09-19,18.3,6.2,11.9,16.3,8.1
Lo Prado,2024-09-20,19.2,7.2,12.2,17.1,0.0
Lo Prado,2024-09-21,17.6,7.2,11.3,15.6,0.0
Lo Prado,2024-09-22,14.2,7.6,10.5,11.8,4.4
Lo Prado,2024-09-23,16.5,8.7,12.1,14.1,0.8
Lo Prado,2024-09-24,18.2,6.1,11.3,17.9,0.0
Lo Prado,2024-09-25,19.0,6.9,11.9,18.1,0.0
Lo Prado,2024-09-26,25.2,8.2,15.0,25.1,0.0
Lo Prado,2024-09-27,23.0,7.4,14.8,22.5,0.0
Lo Prado,2024-09-28,25.0,10.2,16.2,24.0,0.0
Lo Prado,2024-09-29,20.0,8.3,13.3,19.5,0.0
Lo Prado,2024-09-30,20.4,9.2,12.7,20.2,0.0
Lo Prado,2024-10-01,18.9,6.2,12.1,17.0,0.0
Lo Prado,2024-10-02,22.4,6.7,13.9,22.0,0.0
Lo Prado,2024-10-03,26.0,7.9,16.1,25.7,0.0
Lo Prado,2024-10-04,26.6,9.1,16.8,26.4,0.0
Lo Prado,2024-10-05,26.5,8.4,17.3,26.1,0.0
Lo Prado,2024-10-06,21.4,13.2,17.2,20.7,0.5
Lo Prado,2024-10-07,23.7,10.2,16.1,23.6,5.9
Lo Prado,2024-10-08,15.9,11.0,12.8,14.5,23.6
Lo Prado,2024-10-09,20.7,8.9,14.1,19.5,0.0
Lo Prado,2024-10-10,20.0,9.9,14.5,20.1,0.0
Lo Prado,2024-10-11,19.1,11.4,14.2,18.2,0.1
Lo Prado,2024-10-12,19.8,9.9,14.5,18.5,0.0
Lo Prado,2024-10-13,24.1,8.8,15.9,24.6,0.0
Lo Prado,2024-10-14,23.0,8.6,15.2,21.6,0.0
Lo Prado,2024-10-15,28.9,10.7,17.9,30.0,0.0
Lo Prado,2024-10-16,19.5,8.9,14.2,18.5,0.0
Lo Prado,2024-10-17,27.2,6.9,16.5,27.8,0.0
Lo Prado,2024-10-18,29.5,9.6,18.5,30.0,0.0
Lo Prado,2024-10-19,23.0,9.6,15.0,22.6,0.0
Lo Prado,2024-10-20,21.8,10.2,14.6,21.5,1.3
Lo Prado,2024-10-21,25.3,8.6,16.7,25.0,0.0
Lo Prado,2024-10-22,24.2,11.2,16.5,23.8,2.6
Lo Prado,2024-10-23,19.4,11.2,14.3,18.9,5.1
Lo Prado,2024-10-24,26.8,8.5,16.8,26.7,0.0
Lo Prado,2024-10-25,25.5,9.6,16.3,24.5,0.0
Lo Prado,2024-10-26,29.9,12.4,19.6,29.9,0.0
Lo Prado,2024-10-27,28.5,9.7,18.4,28.4,0.0
Lo Prado,2024-10-28,33.4,12.1,20.7,33.7,0.0
Lo Prado,2024-10-29,25.8,10.9,17.9,25.8,0.0
Lo Prado,2024-10-30,26.5,11.1,17.3,27.0,0.0
Lo Prado,2024-10-31,27.5,10.4,17.6,27.3,0.0
Lo Prado,2024-11-01,21.7,11.6,15.3,21.0,0.0
Lo Prado,2024-11-02,26.6,8.1,17.1,25.7,0.0
Lo Prado,2024-11-03,25.0,10.2,16.1,24.4,0.0
Lo Prado,2024-11-04,25.0,7.9,16.0,23.5,0.0
Lo Prado,2024-11-05,28.1,9.9,18.8,26.9,0.0
Lo Prado,2024-11-06,28.2,12.8,19.8,27.1,0.0
Lo Prado,2024-11-07,27.1,11.9,19.1,25.2,0.0
Lo Prado,2024-11-08,30.9,13.9,21.5,30.3,0.0
Lo Prado,2024-11-09,28.5,12.8,20.3,28.2,0.0
Lo Prado,2024-11-10,23.4,11.7,17.6,22.8,0.0
Lo Prado,2024-11-11,27.9,10.2,19.0,26.4,0.0
Lo Prado,2024-11-12,32.5,12.8,23.2,31.1,0.0
Lo Prado,2024-11-13,27.8,14.9,21.8,27.6,0.0
Lo Prado,2024-11-14,27.4,13.1,19.3,28.1,0.0
Lo Prado,2024-11-15,26.1,11.4,18.5,26.2,0.0
Lo Prado,2024-11-16,21.8,14.2,17.4,20.0,3.2
Lo Prado,2024-11-17,26.4,10.4,18.1,27.4,0.0
Lo Prado,2024-11-18,26.9,12.5,19.1,27.1,0.0
Lo Prado,2024-11-19,26.5,11.1,17.7,26.6,0.0
Lo Prado,2024-11-20,26.2,12.9,19.1,25.6,0.0
Lo Prado,2024-11-21,28.1,12.9,20.1,28.4,0.0
Lo Prado,2024-11-22,27.5,12.2,19.9,27.4,0.0
Lo Prado,2024-11-23,30.2,13.8,21.7,30.6,0.0
Lo Prado,2024-11-24,28.9,14.6,21.6,29.1,0.0
Lo Prado,2024-11-25,27.4,14.6,21.0,27.2,0.0
Lo Prado,2024-11-26,26.8,13.4,19.8,26.6,0.0
Lo Prado,2024-11-27,25.4,11.4,17.9,25.3,0.0
Lo Prado,2024-11-28,27.0,10.8,18.9,26.1,0.0
Lo Prado,2024-11-29,29.2,13.5,21.5,28.4,0.0
Lo Prado,2024-11-30,26.8,12.3,19.3,25.4,0.0
Lo Prado,2024-12-01,25.5,10.8,17.5,24.6,0.0
Lo Prado,2024-12-02,26.9,12.3,19.7,25.3,0.0
Lo Prado,2024-12-03,27.2,11.8,18.9,27.3,0.0
Lo Prado,2024-12-04,26.0,11.2,17.4,26.1,0.0
Lo Prado,2024-12-05,22.6,10.4,16.1,22.8,0.0
Lo Prado,2024-12-06,26.8,10.8,18.7,26.0,0.0
Lo Prado,2024-12-07,27.4,13.2,20.0,27.4,0.0
Lo Prado,2024-12-08,25.6,11.1,17.9,25.2,0.0
Lo Prado,2024-12-09,30.8,11.3,21.0,30.2,0.0
Lo Prado,2024-12-10,29.2,13.9,21.5,29.4,0.0
Lo Prado,2024-12-11,30.5,13.4,22.1,30.5,0.0
Lo Prado,2024-12-12,28.5,12.1,19.7,28.5,0.0
Lo Prado,2024-12-13,30.7,14.4,22.6,29.9,0.0
Lo Prado,2024-12-14,31.6,14.6,22.4,31.8,0.0
Lo Prado,2024-12-15,28.2,14.5,20.2,28.7,0.0
Lo Prado,2024-12-16,28.5,11.4,19.1,29.3,0.0
Lo Prado,2024-12-17,27.1,12.2,19.1,27.7,0.0
Lo Prado,2024-12-18,29.8,12.8,21.5,30.1,0.0
Lo Prado,2024-12-19,33.6,16.3,24.8,33.1,0.0
Lo Prado,2024-12-20,30.6,16.5,23.2,29.8,0.0
Lo Prado,2024-12-21,33.2,16.4,25.1,32.7,0.0
Lo Prado,2024-12-22,35.0,18.9,26.2,35.4,0.0
Lo Prado,2024-12-23,30.2,18.8,24.5,31.0,0.0
Lo Prado,2024-12-24,31.6,17.2,23.7,32.2,0.0
Lo Prado,2024-12-25,29.6,15.8,21.7,30.9,0.0
Lo Prado,2024-12-26,28.7,13.4,19.8,29.8,0.0
Lo Prado,2024-12-27,29.2,13.9,20.6,31.0,0.0
Lo Prado,2024-12-28,30.2,14.4,21.2,31.5,0.0
Lo Prado,2024-12-29,32.2,14.2,22.2,33.3,0.0
Lo Prado,2024-12-30,31.3,15.5,22.7,32.4,0.0
Lo Prado,2024-12-31,31.7,16.8,23.8,31.5,0.0
Macul,2024-01-01,29.0,12.6,19.6,29.4,0.0
Macul,2024-01-02,29.9,13.2,20.8,30.6,0.0
Macul,2024-01-03,29.5,16.8,21.8,29.8,0.0
Macul,2024-01-04,28.5,15.2,21.1,29.6,0.0
Macul,2024-01-05,26.5,14.9,20.0,27.2,0.0
Macul,2024-01-06,26.8,14.4,19.8,27.0,0.0
Macul,2024-01-07,29.4,13.4,20.9,28.5,0.0
Macul,2024-01-08,29.1,14.1,21.1,28.7,0.0
Macul,2024-01-09,29.0,14.1,20.7,28.6,0.0
Macul,2024-01-10,29.2,14.4,21.1,28.5,0.0
Macul,2024-01-11,29.5,16.5,21.4,28.9,0.0
Macul,2024-01-12,28.0,15.1,20.2,28.0,0.0
Macul,2024-01-13,27.2,12.1,18.9,26.9,0.0
Macul,2024-01-14,32.9,14.6,23.0,32.0,0.0
Macul,2024-01-15,30.0,14.8,22.8,28.6,0.0
Macul,2024-01-16,30.9,11.9,21.1,29.3,0.0
Macul,2024-01-17,29.8,17.1,22.5,30.2,0.0
Macul,2024-01-18,31.6,14.6,22.4,31.1,0.0
Macul,2024-01-19,32.3,19.2,24.6,31.9,0.0
Macul,2024-01-20,30.2,18.7,23.5,30.1,0.0
Macul,2024-01-21,32.0,18.0,23.6,32.1,0.0
Macul,2024-01-22,32.8,18.0,24.2,33.5,0.0
Macul,2024-01-23,30.3,15.3,22.0,31.3,0.0
Macul,2024-01-24,34.0,17.4,24.6,34.4,0.0
Macul,2024-01-25,31.0,17.9,23.6,31.5,0.0
Macul,2024-01-26,30.0,15.6,21.8,29.8,0.0
Macul,2024-01-27,32.7,17.1,23.2,33.8,0.0
Macul,2024-01-28,29.1,17.4,22.4,29.7,0.0
Macul,2024-01-29,31.8,17.1,23.4,32.6,0.0
Macul,2024-01-30,34.3,17.6,25.0,34.8,0.0
Macul,2024-01-31,36.0,20.4,27.4,35.4,0.0
Macul,2024-02-01,34.0,20.9,26.3,33.2,0.0
Macul,2024-02-02,34.7,19.1,26.1,33.5,0.0
Macul,2024-02-03,35.2,20.4,26.8,34.4,0.0
Macul,2024-02-04,30.2,17.9,23.7,30.5,0.0
Macul,2024-02-05,31.8,14.8,22.8,32.1,0.0
Macul,2024-02-06,30.5,17.9,23.4,30.2,0.0
Macul,2024-02-07,33.5,16.6,24.2,33.4,0.0
Macul,2024-02-08,31.8,19.1,24.3,32.7,0.0
Macul,2024-02-09,30.6,16.5,22.4,30.6,0.0
Macul,2024-02-10,32.8,17.3,24.0,33.3,0.0
Macul,2024-02-11,29.4,15.8,21.7,29.1,0.0
Macul,2024-02-12,34.0,16.0,24.1,32.9,0.0
Macul,2024-02-13,30.7,17.0,24.3,30.3,0.0
Macul,2024-02-14,31.2,14.9,21.5,31.5,0.0
Macul,2024-02-15,32.0,15.8,21.9,33.4,0.0
Macul,2024-02-16,29.4,15.2,21.6,30.2,0.0
Macul,2024-02-17,32.5,16.5,23.9,32.1,0.0
Macul,2024-02-18,32.7,19.0,24.7,32.8,0.0
Macul,2024-02-19,28.0,15.4,20.7,28.3,0.0
Macul,2024-02-20,29.0,14.2,20.1,29.9,0.0
Macul,2024-02-21,28.2,13.6,19.7,28.5,0.0
Macul,2024-02-22,18.6,14.1,16.0,17.8,12.9
Macul,2024-02-23,27.8,13.9,20.1,29.1,0.0
Macul,2024-02-24,29.1,15.4,21.5,29.9,0.0
Macul,2024-02-25,29.6,15.8,21.7,30.0,0.0
Macul,2024-02-26,30.4,15.8,22.3,31.2,0.0
Macul,2024-02-27,29.9,17.5,22.7,29.8,0.0
Macul,2024-02-28,31.5,16.1,22.6,31.2,0.0
Macul,2024-02-29,32.0,17.2,23.8,31.7,0.0
Macul,2024-03-01,28.9,17.8,22.5,28.6,0.0
Macul,2024-03-02,30.0,16.4,22.5,29.7,0.0
Macul,2024-03-03,30.2,18.6,23.1,29.6,0.0
Macul,2024-03-04,31.0,17.6,22.9,30.7,0.0
Macul,2024-03-05,29.4,17.6,22.4,28.5,0.0
Macul,2024-03-06,28.6,16.2,21.3,28.4,0.0
Macul,2024-03-07,27.5,13.8,19.5,27.5,0.0
Macul,2024-03-08,27.5,11.6,18.5,26.4,0.0
Macul,2024-03-09,30.0,14.1,21.0,28.8,0.0
Macul,2024-03-10,28.8,15.4,21.0,28.1,0.0
Macul,2024-03-11,27.3,13.1,18.8,27.7,0.0
Macul,2024-03-12,27.8,11.8,19.1,26.7,0.0
Macul,2024-03-13,27.7,12.9,19.7,27.0,0.0
Macul,2024-03-14,28.0,15.6,20.7,26.8,0.0
Macul,2024-03-15,28.0,15.8,20.3,26.6,0.0
Macul,2024-03-16,28.2,13.6,20.1,26.8,0.0
Macul,2024-03-17,29.5,16.3,21.4,27.7,0.0
Macul,2024-03-18,30.8,17.5,22.7,28.9,0.0
Macul,2024-03-19,27.9,15.2,21.4,26.1,0.0
Macul,2024-03-20,21.6,11.8,16.0,20.8,0.9
Macul,2024-03-21,31.0,13.9,21.4,30.1,0.5
Macul,2024-03-22,31.5,19.5,24.0,30.6,0.0
Macul,2024-03-23,29.2,15.3,21.7,28.2,0.0
Macul,2024-03-24,29.9,17.9,22.6,29.8,0.0
Macul,2024-03-25,27.6,15.8,20.8,27.9,0.0
Macul,2024-03-26,29.0,14.4,20.6,29.4,0.0
Macul,2024-03-27,28.8,15.9,21.7,28.9,0.0
Macul,2024-03-28,28.9,17.6,21.8,29.0,0.0
Macul,2024-03-29,29.6,16.5,21.9,29.5,0.0
Macul,2024-03-30,30.9,16.3,22.5,29.9,0.0
Macul,2024-03-31,29.0,17.1,22.0,26.7,0.0
Macul,2024-04-01,26.1,12.9,19.0,24.0,0.0
Macul,2024-04-02,24.3,14.4,18.5,21.8,0.1
Macul,2024-04-03,20.4,12.6,15.9,19.5,0.0
Macul,2024-04-04,26.5,12.9,18.7,26.0,0.0
Macul,2024-04-05,27.9,16.2,20.4,26.8,0.0
Macul,2024-04-06,25.0,11.8,18.0,23.4,0.0
Macul,2024-04-07,28.5,15.8,20.0,26.8,0.0
Macul,2024-04-08,25.1,14.4,18.5,23.2,0.0
Macul,2024-04-09,26.3,14.9,19.0,25.3,0.0
Macul,2024-04-10,26.8,13.9,19.0,25.5,0.0
Macul,2024-04-11,22.0,11.3,15.0,19.8,0.0
Macul,2024-04-12,15.8,10.6,12.8,14.0,0.0
Macul,2024-04-13,18.2,8.2,12.8,16.4,0.8
Macul,2024-04-14,20.0,9.4,14.1,18.2,1.0
Macul,2024-04-15,18.4,10.9,12.9,15.6,7.7
Macul,2024-04-16,22.0,9.4,15.1,20.3,0.0
Macul,2024-04-17,27.0,8.8,17.3,25.0,0.0
Macul,2024-04-18,29.1,12.3,19.1,27.8,0.0
Macul,2024-04-19,23.8,13.9,17.8,21.9,0.0
Macul,2024-04-20,21.2,14.9,17.0,19.6,0.0
Macul,2024-04-21,18.2,12.1,15.1,16.5,0.0
Macul,2024-04-22,20.0,10.7,14.9,18.1,0.0
Macul,2024-04-23,23.9,10.9,16.3,22.0,0.0
Macul,2024-04-24,21.9,11.5,15.3,20.0,0.0
Macul,2024-04-25,21.2,11.4,14.8,17.7,0.0
Macul,2024-04-26,19.0,9.4,13.3,16.4,0.0
Macul,2024-04-27,20.0,8.9,12.7,17.7,0.0
Macul,2024-04-28,17.4,7.9,11.9,14.3,0.0
Macul,2024-04-29,17.9,6.4,11.6,13.6,0.0
Macul,2024-04-30,15.2,6.4,11.2,13.2,21.2
Macul,2024-05-01,14.4,8.2,10.4,11.8,0.9
Macul,2024-05-02,14.4,2.7,8.6,11.7,0.0
Macul,2024-05-03,15.6,6.7,9.8,13.3,0.0
Macul,2024-05-04,17.2,6.3,11.3,14.3,0.0
Macul,2024-05-05,15.4,8.6,11.2,13.5,0.0
Macul,2024-05-06,15.4,6.2,10.4,13.3,0.0
Macul,2024-05-07,10.2,3.7,6.5,8.2,31.1
Macul,2024-05-08,14.2,0.6,6.3,12.9,0.0
Macul,2024-05-09,17.0,4.1,9.1,14.9,0.0
Macul,2024-05-10,13.2,4.6,8.5,11.3,0.0
Macul,2024-05-11,13.4,4.9,8.5,10.8,0.0
Macul,2024-05-12,12.8,3.8,8.2,9.8,0.0
Macul,2024-05-13,13.9,1.5,6.8,11.5,0.0
Macul,2024-05-14,14.9,2.3,8.1,12.3,0.0
Macul,2024-05-15,9.7,2.9,6.0,6.8,2.5
Macul,2024-05-16,13.1,0.7,6.1,10.2,0.0
Macul,2024-05-17,12.9,2.2,6.8,10.2,0.3
Macul,2024-05-18,14.4,1.5,7.0,11.7,0.0
Macul,2024-05-19,17.0,2.4,9.7,14.7,0.0
Macul,2024-05-20,11.2,8.6,9.5,8.8,36.0
Macul,2024-05-21,13.7,7.0,9.6,12.3,3.7
Macul,2024-05-22,10.4,7.0,8.7,9.0,28.2
Macul,2024-05-23,12.1,4.0,7.5,10.1,13.5
Macul,2024-05-24,16.2,2.5,9.0,14.7,0.0
Macul,2024-05-25,15.2,8.4,11.0,13.7,0.1
Macul,2024-05-26,13.6,5.1,8.3,12.0,19.8
Macul,2024-05-27,16.9,3.5,9.9,15.5,0.0
Macul,2024-05-28,19.1,5.8,11.8,17.4,0.0
Macul,2024-05-29,17.8,8.4,13.7,16.7,0.0
Macul,2024-05-30,19.4,8.6,13.6,18.7,0.0
Macul,2024-05-31,17.4,7.4,12.1,15.6,0.0
Macul,2024-06-01,18.2,5.0,11.3,17.1,0.0
Macul,2024-06-02,20.9,11.8,14.7,21.2,0.0
Macul,2024-06-03,19.4,11.4,15.7,16.8,0.0
Macul,2024-06-04,18.6,10.1,13.8,17.4,0.1
Macul,2024-06-05,17.9,9.9,13.9,15.6,0.1
Macul,2024-06-06,16.5,13.3,14.8,15.6,0.0
Macul,2024-06-07,20.1,12.3,16.9,20.4,0.0
Macul,2024-06-08,16.9,8.5,12.5,14.2,3.9
Macul,2024-06-09,13.2,8.3,10.2,12.0,13.5
Macul,2024-06-10,14.1,8.7,11.6,13.4,0.0
Macul,2024-06-11,14.9,10.2,12.8,13.8,0.0
Macul,2024-06-12,13.6,9.1,11.5,11.8,0.0
Macul,2024-06-13,12.6,8.8,10.0,8.9,51.6
Macul,2024-06-14,14.1,5.9,9.5,12.1,16.1
Macul,2024-06-15,13.4,4.0,8.6,11.1,0.0
Macul,2024-06-16,13.8,2.6,7.5,12.5,0.0
Macul,2024-06-17,14.2,3.9,8.3,11.8,0.8
Macul,2024-06-18,11.1,6.8,8.6,9.7,25.7
Macul,2024-06-19,14.6,4.5,8.9,12.7,24.1
Macul,2024-06-20,12.2,7.6,10.0,11.1,0.0
Macul,2024-06-21,8.7,6.8,7.6,6.9,45.7
Macul,2024-06-22,8.9,5.6,7.0,7.2,16.1
Macul,2024-06-23,10.4,5.4,7.1,8.1,0.4
Macul,2024-06-24,7.8,4.1,6.0,6.0,0.0
Macul,2024-06-25,9.9,1.8,5.6,7.7,0.3
Macul,2024-06-26,16.2,0.7,7.8,14.4,0.0
Macul,2024-06-27,15.7,6.1,10.0,14.3,0.0
Macul,2024-06-28,15.1,4.8,9.4,14.2,0.0
Macul,2024-06-29,18.0,4.8,11.2,16.9,0.0
Macul,2024-06-30,18.5,5.7,11.3,16.7,0.0
Macul,2024-07-01,19.5,6.3,11.6,18.0,0.0
Macul,2024-07-02,17.7,5.7,11.0,15.8,0.0
Macul,2024-07-03,16.1,7.4,11.5,14.4,0.0
Macul,2024-07-04,14.4,5.2,9.3,12.9,0.0
Macul,2024-07-05,15.1,2.6,8.0,13.2,0.0
Macul,2024-07-06,13.3,2.4,6.8,10.7,0.0
Macul,2024-07-07,13.2,1.2,6.8,11.1,0.0
Macul,2024-07-08,13.6,1.5,7.1,11.4,0.0
Macul,2024-07-09,10.5,0.8,4.6,7.6,0.0
Macul,2024-07-10,9.5,0.1,4.3,7.1,0.0
Macul,2024-07-11,11.1,-0.4,4.4,8.3,0.0
Macul,2024-07-12,13.9,1.4,6.9,10.5,0.0
Macul,2024-07-13,14.3,0.4,6.5,12.1,0.0
Macul,2024-07-14,13.8,1.8,7.7,11.1,0.0
Macul,2024-07-15,16.4,2.5,8.6,13.1,0.0
Macul,2024-07-16,20.0,6.9,12.8,18.2,0.0
Macul,2024-07-17,18.5,6.1,12.3,16.5,0.0
Macul,2024-07-18,15.1,8.0,11.2,12.9,0.1
Macul,2024-07-19,15.2,7.1,10.8,14.0,0.0
Macul,2024-07-20,14.0,5.9,9.0,13.2,0.0
Macul,2024-07-21,14.0,5.6,9.1,10.8,0.0
Macul,2024-07-22,17.5,7.2,12.2,16.2,0.0
Macul,2024-07-23,10.8,5.6,8.1,9.2,0.3
Macul,2024-07-24,15.8,2.8,9.4,14.8,0.0
Macul,2024-07-25,17.9,4.8,10.3,15.9,0.0
Macul,2024-07-26,13.9,7.3,10.1,12.4,0.0
Macul,2024-07-27,16.1,5.9,10.1,14.3,0.0
Macul,2024-07-28,17.0,8.6,12.1,15.4,0.0
Macul,2024-07-29,22.0,5.8,13.6,21.1,0.0
Macul,2024-07-30,18.0,11.4,14.3,16.4,0.0
Macul,2024-07-31,13.8,8.0,11.0,12.5,0.0
Macul,2024-08-01,12.4,7.9,9.3,9.3,0.0
Macul,2024-08-02,12.0,5.4,8.7,9.3,65.0
Macul,2024-08-03,15.4,2.8,8.8,12.6,6.1
Macul,2024-08-04,15.2,7.0,10.3,13.3,0.0
Macul,2024-08-05,10.6,5.8,8.1,8.6,8.9
Macul,2024-08-06,11.2,4.1,6.9,8.6,10.7
Macul,2024-08-07,10.1,-0.3,5.1,7.7,0.0
Macul,2024-08-08,13.1,-1.0,5.4,10.9,0.0
Macul,2024-08-09,18.4,1.9,9.6,16.4,0.0
Macul,2024-08-10,18.7,4.9,11.0,16.6,0.0
Macul,2024-08-11,20.1,4.8,11.9,18.5,0.0
Macul,2024-08-12,23.0,7.8,14.8,22.0,0.0
Macul,2024-08-13,20.0,8.1,12.7,19.3,0.0
Macul,2024-08-14,14.6,9.0,11.4,14.0,0.0
Macul,2024-08-15,16.2,7.5,11.0,14.9,0.0
Macul,2024-08-16,12.9,7.2,9.7,11.8,0.0
Macul,2024-08-17,14.9,7.4,10.1,13.1,0.0
Macul,2024-08-18,12.6,6.9,9.0,11.0,0.0
Macul,2024-08-19,11.7,4.9,7.9,9.6,0.0
Macul,2024-08-20,9.8,3.7,6.1,7.3,0.2
Macul,2024-08-21,10.9,3.8,6.1,7.5,7.8
Macul,2024-08-22,10.7,0.4,5.7,7.8,0.1
Macul,2024-08-23,9.9,2.0,5.3,7.4,1.8
Macul,2024-08-24,16.9,-0.1,7.7,14.9,0.0
Macul,2024-08-25,19.1,5.8,11.6,17.9,0.0
Macul,2024-08-26,16.5,3.5,10.6,15.0,0.0
Macul,2024-08-27,18.2,3.2,10.5,17.1,0.0
Macul,2024-08-28,15.0,6.4,10.2,14.6,0.0
Macul,2024-08-29,12.3,6.3,8.5,10.1,0.3
Macul,2024-08-30,13.1,6.1,8.6,10.9,1.4
Macul,2024-08-31,18.8,3.6,10.6,18.0,0.0
Macul,2024-09-01,23.2,7.6,14.2,22.4,0.0
Macul,2024-09-02,13.9,6.8,10.6,12.2,0.1
Macul,2024-09-03,15.4,6.8,10.5,13.3,0.0
Macul,2024-09-04,18.7,6.2,12.4,17.5,0.0
Macul,2024-09-05,21.1,6.3,13.4,20.3,0.0
Macul,2024-09-06,17.1,8.7,12.4,16.5,0.0
Macul,2024-09-07,16.0,7.6,10.7,15.7,0.0
Macul,2024-09-08,18.9,6.9,12.4,17.3,0.0
Macul,2024-09-09,20.5,11.1,14.7,19.7,0.0
Macul,2024-09-10,17.3,8.6,12.8,15.8,0.6
Macul,2024-09-11,18.0,5.8,11.7,17.3,0.3
Macul,2024-09-12,16.1,8.1,11.4,15.5,0.0
Macul,2024-09-13,17.5,6.2,11.2,16.6,0.0
Macul,2024-09-14,21.7,4.9,13.5,20.4,0.0
Macul,2024-09-15,22.1,7.4,15.1,21.0,0.0
Macul,2024-09-16,23.8,8.9,15.5,22.1,0.0
Macul,2024-09-17,21.0,7.2,13.6,20.2,0.0
Macul,2024-09-18,21.2,8.2,14.4,20.0,0.0
Macul,2024-09-19,16.3,5.7,10.7,13.5,1.7
Macul,2024-09-20,17.8,5.2,11.5,16.7,0.0
Macul,2024-09-21,16.4,7.8,11.3,15.4,0.0
Macul,2024-09-22,12.8,7.4,10.0,10.8,3.5
Macul,2024-09-23,14.8,8.9,11.2,13.7,0.6
Macul,2024-09-24,16.9,7.7,11.4,16.7,0.0
Macul,2024-09-25,16.8,7.2,11.1,15.5,0.0
Macul,2024-09-26,23.5,4.8,14.3,22.5,0.0
Macul,2024-09-27,21.4,9.0,15.5,20.7,0.0
Macul,2024-09-28,23.2,13.8,17.2,22.7,0.0
Macul,2024-09-29,18.4,9.4,13.5,18.5,0.0
Macul,2024-09-30,18.1,8.1,11.4,17.0,0.0
Macul,2024-10-01,17.1,6.2,11.4,14.5,0.0
Macul,2024-10-02,20.5,7.8,13.6,19.9,0.0
Macul,2024-10-03,24.4,11.1,17.0,24.4,0.0
Macul,2024-10-04,24.5,11.7,16.9,24.3,0.0
Macul,2024-10-05,24.7,9.8,17.9,24.6,0.0
Macul,2024-10-06,21.2,13.2,17.1,20.3,0.4
Macul,2024-10-07,22.3,11.0,15.8,22.5,4.2
Macul,2024-10-08,15.4,9.4,11.8,13.8,5.9
Macul,2024-10-09,18.6,9.1,13.4,17.2,0.0
Macul,2024-10-10,17.7,9.5,13.2,16.9,0.0
Macul,2024-10-11,18.0,10.0,13.0,16.9,0.0
Macul,2024-10-12,18.0,10.4,14.0,17.2,0.0
Macul,2024-10-13,23.1,11.1,16.0,23.6,0.0
Macul,2024-10-14,21.5,10.2,15.6,20.8,0.0
Macul,2024-10-15,27.4,10.3,17.9,27.4,0.0
Macul,2024-10-16,19.2,8.1,13.9,19.2,0.0
Macul,2024-10-17,25.8,7.7,16.5,26.2,0.0
Macul,2024-10-18,28.3,11.2,19.4,28.5,0.0
Macul,2024-10-19,22.0,10.6,15.6,22.7,0.0
Macul,2024-10-20,19.8,8.9,13.1,18.4,0.7
Macul,2024-10-21,23.6,9.2,15.8,23.7,0.0
Macul,2024-10-22,23.1,10.6,16.0,23.4,3.4
Macul,2024-10-23,18.6,9.1,12.7,18.4,8.4
Macul,2024-10-24,25.1,7.4,15.9,24.8,0.0
Macul,2024-10-25,23.3,8.9,15.4,23.1,0.0
Macul,2024-10-26,28.3,9.6,18.6,28.4,0.0
Macul,2024-10-27,27.1,11.8,19.0,27.6,0.0
Macul,2024-10-28,31.5,12.2,20.9,32.1,0.0
Macul,2024-10-29,24.5,12.6,18.6,24.8,0.0
Macul,2024-10-30,25.5,11.4,17.1,26.1,0.0
Macul,2024-10-31,26.2,11.6,17.9,26.7,0.0
Macul,2024-11-01,20.0,11.1,13.9,19.1,0.0
Macul,2024-11-02,25.1,8.5,16.5,24.5,0.0
Macul,2024-11-03,23.4,10.0,15.8,22.6,0.0
Macul,2024-11-04,23.2,9.4,15.5,21.7,0.0
Macul,2024-11-05,26.6,11.4,18.4,25.3,0.0
Macul,2024-11-06,26.5,13.2,19.4,25.6,0.0
Macul,2024-11-07,24.8,13.6,19.4,23.8,0.0
Macul,2024-11-08,29.3,15.3,21.2,28.4,0.0
Macul,2024-11-09,27.5,13.9,20.3,26.9,0.0
Macul,2024-11-10,21.6,11.7,16.5,20.5,0.0
Macul,2024-11-11,25.7,11.5,18.4,24.1,0.0
Macul,2024-11-12,30.8,13.1,22.7,29.7,0.0
Macul,2024-11-13,27.0,15.1,21.7,27.3,0.0
Macul,2024-11-14,26.6,13.9,19.0,27.5,0.0
Macul,2024-11-15,25.1,11.1,17.7,25.2,0.0
Macul,2024-11-16,19.8,12.9,16.0,18.4,1.6
Macul,2024-11-17,25.3,10.1,17.1,26.1,0.0
Macul,2024-11-18,26.0,13.4,18.6,26.6,0.0
Macul,2024-11-19,25.5,11.5,17.2,25.6,0.0
Macul,2024-11-20,25.0,12.6,18.2,24.6,0.0
Macul,2024-11-21,27.4,14.5,19.7,28.0,0.0
Macul,2024-11-22,26.3,12.1,18.9,26.4,0.0
Macul,2024-11-23,29.2,13.9,20.9,29.5,0.0
Macul,2024-11-24,27.7,13.9,20.6,28.0,0.0
Macul,2024-11-25,26.4,15.1,20.1,25.8,0.0
Macul,2024-11-26,26.0,13.1,18.8,25.2,0.0
Macul,2024-11-27,24.7,11.6,17.2,24.0,0.0
Macul,2024-11-28,25.6,10.4,17.9,25.0,0.0
Macul,2024-11-29,28.0,14.3,20.7,27.4,0.0
Macul,2024-11-30,25.9,11.9,19.0,24.9,0.0
Macul,2024-12-01,23.9,9.1,16.2,23.1,0.0
Macul,2024-12-02,25.8,12.4,18.8,25.0,0.0
Macul,2024-12-03,25.8,12.8,18.4,25.9,0.0
Macul,2024-12-04,24.5,11.1,16.8,24.8,0.0
Macul,2024-12-05,22.0,9.4,15.2,21.5,0.0
Macul,2024-12-06,25.5,10.5,17.7,24.4,0.0
Macul,2024-12-07,26.2,13.7,19.3,26.5,0.0
Macul,2024-12-08,24.6,11.6,17.5,24.1,0.0
Macul,2024-12-09,29.5,12.2,20.4,29.1,0.0
Macul,2024-12-10,28.4,15.5,21.2,28.8,0.0
Macul,2024-12-11,29.5,14.7,21.6,29.6,0.0
Macul,2024-12-12,27.1,12.9,19.3,26.9,0.0
Macul,2024-12-13,29.4,15.2,21.7,29.3,0.0
Macul,2024-12-14,30.1,16.2,21.9,30.6,0.0
Macul,2024-12-15,26.9,15.1,19.8,27.7,0.0
Macul,2024-12-16,27.6,13.1,19.2,28.8,0.0
Macul,2024-12-17,26.1,13.1,18.7,26.9,0.0
Macul,2024-12-18,27.9,13.1,20.4,28.2,0.0
Macul,2024-12-19,32.3,16.5,23.9,32.3,0.0
Macul,2024-12-20,29.4,16.4,22.2,28.4,0.0
Macul,2024-12-21,31.8,16.5,23.9,31.8,0.0
Macul,2024-12-22,33.4,19.3,25.3,34.1,0.0
Macul,2024-12-23,29.3,19.3,23.9,30.2,0.0
Macul,2024-12-24,30.2,17.4,23.0,30.9,0.0
Macul,2024-12-25,28.6,15.9,21.4,30.1,0.0
Macul,2024-12-26,27.3,13.6,19.3,28.3,0.0
Macul,2024-12-27,27.9,14.4,20.1,29.6,0.0
Macul,2024-12-28,29.2,14.8,20.7,30.6,0.0
Macul,2024-12-29,30.5,15.1,21.8,32.2,0.0
Macul,2024-12-30,30.0,15.9,22.1,31.6,0.0
Macul,2024-12-31,30.2,16.9,22.8,30.4,0.0
Maipú,2024-01-01,28.0,11.4,19.2,28.0,0.0
Maipú,2024-01-02,30.0,12.0,20.8,30.3,0.0
Maipú,2024-01-03,29.9,15.2,21.5,29.9,0.0
Maipú,2024-01-04,28.6,13.7,20.3,29.1,0.0
Maipú,2024-01-05,26.7,13.5,19.3,27.2,0.0
Maipú,2024-01-06,26.4,13.3,19.3,27.4,0.0
Maipú,2024-01-07,30.0,12.8,21.2,29.5,0.0
Maipú,2024-01-08,29.4,13.2,21.1,29.0,0.0
Maipú,2024-01-09,29.0,13.4,20.6,28.4,0.0
Maipú,2024-01-10,29.1,12.9,20.9,28.9,0.0
Maipú,2024-01-11,29.5,14.9,21.1,29.1,0.0
Maipú,2024-01-12,27.8,13.5,19.6,27.3,0.0
Maipú,2024-01-13,26.5,12.0,18.5,26.8,0.0
Maipú,2024-01-14,33.5,12.6,23.0,32.0,0.0
Maipú,2024-01-15,30.0,14.4,21.8,28.5,0.0
Maipú,2024-01-16,32.0,10.9,21.4,30.9,0.0
Maipú,2024-01-17,29.8,16.5,21.8,29.9,0.0
Maipú,2024-01-18,32.3,13.9,22.6,32.2,0.0
Maipú,2024-01-19,32.5,17.6,24.3,31.8,0.0
Maipú,2024-01-20,30.3,15.8,22.7,30.5,0.0
Maipú,2024-01-21,32.0,14.0,22.7,32.1,0.0
Maipú,2024-01-22,32.2,15.4,23.1,33.1,0.0
Maipú,2024-01-23,29.8,14.2,21.3,30.5,0.0
Maipú,2024-01-24,33.9,16.1,24.2,34.8,0.0
Maipú,2024-01-25,30.6,16.4,22.6,31.2,0.0
Maipú,2024-01-26,30.0,14.8,21.2,30.4,0.0
Maipú,2024-01-27,32.3,15.4,22.9,33.5,0.0
Maipú,2024-01-28,29.7,16.1,21.8,30.4,0.0
Maipú,2024-01-29,31.5,16.7,22.8,32.2,0.0
Maipú,2024-01-30,34.7,16.1,25.0,34.3,0.0
Maipú,2024-01-31,36.5,18.5,27.2,35.8,0.0
Maipú,2024-02-01,34.2,18.9,25.9,33.2,0.0
Maipú,2024-02-02,36.4,16.8,26.3,35.5,0.0
Maipú,2024-02-03,36.1,19.5,26.8,35.8,0.0
Maipú,2024-02-04,30.5,17.2,22.3,30.8,0.0
Maipú,2024-02-05,32.1,14.3,22.7,32.2,0.0
Maipú,2024-02-06,30.7,17.1,23.0,30.5,0.0
Maipú,2024-02-07,34.3,15.8,24.5,35.3,0.0
Maipú,2024-02-08,32.0,17.5,23.9,33.0,0.0
Maipú,2024-02-09,30.2,15.9,21.8,30.5,0.0
Maipú,2024-02-10,32.0,16.2,23.5,31.6,0.0
Maipú,2024-02-11,28.7,13.9,20.8,28.2,0.0
Maipú,2024-02-12,35.0,15.4,24.5,33.9,0.0
Maipú,2024-02-13,30.7,16.2,23.1,30.2,0.0
Maipú,2024-02-14,31.3,13.6,20.9,32.1,0.0
Maipú,2024-02-15,31.4,13.6,21.0,32.5,0.0
Maipú,2024-02-16,28.8,13.9,20.9,29.1,0.0
Maipú,2024-02-17,34.1,15.4,24.2,33.4,0.0
Maipú,2024-02-18,32.7,16.6,23.8,32.4,0.0
Maipú,2024-02-19,28.1,13.9,19.8,28.7,0.0
Maipú,2024-02-20,29.5,14.3,20.1,30.1,0.0
Maipú,2024-02-21,28.6,13.7,19.6,28.5,0.0
Maipú,2024-02-22,18.4,15.4,16.4,17.8,12.7
Maipú,2024-02-23,28.7,13.3,20.4,30.0,0.9
Maipú,2024-02-24,29.6,16.0,21.8,30.7,0.0
Maipú,2024-02-25,30.0,15.4,21.7,30.2,0.0
Maipú,2024-02-26,30.5,14.0,22.1,30.7,0.0
Maipú,2024-02-27,30.1,14.8,21.9,29.7,0.0
Maipú,2024-02-28,32.2,15.1,22.7,31.8,0.0
Maipú,2024-02-29,32.7,15.4,23.3,31.9,0.0
Maipú,2024-03-01,28.6,14.9,21.4,27.9,0.0
Maipú,2024-03-02,30.6,16.5,22.7,29.7,0.0
Maipú,2024-03-03,30.5,16.8,22.4,29.7,0.0
Maipú,2024-03-04,31.5,15.6,22.3,30.8,0.0
Maipú,2024-03-05,29.5,15.6,21.5,28.5,0.0
Maipú,2024-03-06,28.5,14.6,20.8,28.1,0.0
Maipú,2024-03-07,26.8,12.0,18.6,25.8,0.0
Maipú,2024-03-08,26.9,10.4,18.1,26.0,0.0
Maipú,2024-03-09,29.5,12.1,20.4,28.2,0.0
Maipú,2024-03-10,27.8,13.0,19.7,27.1,0.0
Maipú,2024-03-11,26.5,11.8,17.8,26.0,0.0
Maipú,2024-03-12,27.9,10.9,18.9,26.6,0.0
Maipú,2024-03-13,27.9,11.6,19.3,27.3,0.0
Maipú,2024-03-14,27.9,12.0,20.1,26.1,0.0
Maipú,2024-03-15,27.5,12.5,19.3,26.0,0.0
Maipú,2024-03-16,28.2,12.6,19.7,26.5,0.0
Maipú,2024-03-17,29.1,13.6,20.4,27.2,0.0
Maipú,2024-03-18,30.6,15.4,21.8,28.9,0.0
Maipú,2024-03-19,26.8,12.9,19.3,25.5,0.0
Maipú,2024-03-20,22.0,11.1,15.9,20.8,0.7
Maipú,2024-03-21,31.3,11.7,20.7,30.5,0.0
Maipú,2024-03-22,31.3,17.5,23.1,30.4,0.0
Maipú,2024-03-23,29.0,14.3,21.3,28.6,0.0
Maipú,2024-03-24,30.5,16.5,22.5,30.5,0.0
Maipú,2024-03-25,27.3,15.0,20.1,27.3,0.0
Maipú,2024-03-26,29.0,13.5,20.7,29.6,0.0
Maipú,2024-03-27,29.2,14.7,21.7,29.3,0.0
Maipú,2024-03-28,29.0,14.9,20.8,29.4,0.0
Maipú,2024-03-29,29.8,14.6,21.3,30.1,0.0
Maipú,2024-03-30,31.0,14.9,22.0,31.0,0.0
Maipú,2024-03-31,29.1,16.5,21.7,27.5,0.0
Maipú,2024-04-01,25.4,12.1,18.6,23.5,0.0
Maipú,2024-04-02,24.5,12.1,17.3,21.7,0.1
Maipú,2024-04-03,21.0,12.4,15.9,20.4,0.0
Maipú,2024-04-04,26.1,11.5,18.1,25.8,0.0
Maipú,2024-04-05,27.8,14.2,19.6,26.7,0.0
Maipú,2024-04-06,24.5,10.1,17.0,23.8,0.0
Maipú,2024-04-07,27.8,12.8,19.0,26.8,0.0
Maipú,2024-04-08,24.5,10.8,17.0,23.1,0.0
Maipú,2024-04-09,26.0,12.9,18.2,24.9,0.0
Maipú,2024-04-10,26.5,12.1,17.7,25.4,0.0
Maipú,2024-04-11,20.9,9.1,13.8,18.5,0.0
Maipú,2024-04-12,16.1,10.1,12.7,14.8,0.0
Maipú,2024-04-13,19.9,7.7,13.2,18.7,0.0
Maipú,2024-04-14,21.5,9.2,14.6,20.4,0.8
Maipú,2024-04-15,19.6,11.8,14.1,18.7,4.0
Maipú,2024-04-16,23.8,9.1,15.5,22.6,0.0
Maipú,2024-04-17,29.3,11.1,18.7,26.8,0.0
Maipú,2024-04-18,31.0,13.8,20.9,28.9,0.0
Maipú,2024-04-19,24.6,11.4,17.3,23.2,0.0
Maipú,2024-04-20,21.5,11.2,16.1,19.8,0.0
Maipú,2024-04-21,19.2,12.3,14.8,17.2,0.1
Maipú,2024-04-22,20.7,11.1,14.8,19.2,0.1
Maipú,2024-04-23,24.5,9.4,15.3,22.6,0.0
Maipú,2024-04-24,21.9,9.6,13.9,20.6,0.0
Maipú,2024-04-25,22.2,7.6,14.1,19.2,0.0
Maipú,2024-04-26,19.4,7.7,13.1,17.2,0.0
Maipú,2024-04-27,20.2,6.7,12.3,18.4,0.0
Maipú,2024-04-28,17.1,7.3,10.9,14.1,0.0
Maipú,2024-04-29,18.5,5.2,11.5,15.8,0.0
Maipú,2024-04-30,15.1,6.8,10.9,13.2,42.5
Maipú,2024-05-01,14.9,7.5,10.3,12.3,0.0
Maipú,2024-05-02,15.1,4.8,9.1,12.2,0.0
Maipú,2024-05-03,15.8,4.6,8.9,13.4,0.0
Maipú,2024-05-04,18.2,4.4,10.3,15.2,0.0
Maipú,2024-05-05,15.7,7.1,10.2,13.7,0.0
Maipú,2024-05-06,15.4,6.1,9.6,12.6,0.0
Maipú,2024-05-07,9.6,3.0,6.5,7.4,47.7
Maipú,2024-05-08,16.0,1.6,7.6,13.5,0.0
Maipú,2024-05-09,16.6,5.0,8.8,14.7,0.0
Maipú,2024-05-10,13.9,3.2,8.1,12.0,0.0
Maipú,2024-05-11,14.0,4.5,8.3,11.5,0.0
Maipú,2024-05-12,13.7,4.2,7.9,10.7,0.0
Maipú,2024-05-13,14.9,3.9,7.9,12.5,0.0
Maipú,2024-05-14,15.2,4.1,8.0,12.2,0.0
Maipú,2024-05-15,11.4,3.0,6.3,8.6,1.8
Maipú,2024-05-16,14.4,4.2,7.9,11.4,0.0
Maipú,2024-05-17,13.7,5.0,8.0,11.0,0.0
Maipú,2024-05-18,15.8,3.5,8.1,13.4,0.0
Maipú,2024-05-19,16.6,4.2,9.1,14.3,0.0
Maipú,2024-05-20,11.9,7.5,8.9,9.1,48.9
Maipú,2024-05-21,14.3,6.7,9.4,13.3,46.6
Maipú,2024-05-22,10.1,6.6,8.4,8.9,25.5
Maipú,2024-05-23,12.6,5.8,8.2,10.7,6.2
Maipú,2024-05-24,15.2,2.7,8.9,13.9,0.0
Maipú,2024-05-25,14.5,7.7,10.3,12.9,1.1
Maipú,2024-05-26,13.8,6.5,9.0,12.5,7.0
Maipú,2024-05-27,16.0,5.1,9.6,14.4,0.0
Maipú,2024-05-28,18.2,7.1,11.1,16.8,0.0
Maipú,2024-05-29,18.9,6.2,10.8,18.2,0.0
Maipú,2024-05-30,19.3,7.8,13.4,19.0,0.0
Maipú,2024-05-31,16.0,8.8,12.3,14.4,0.0
Maipú,2024-06-01,18.4,7.3,11.6,16.6,0.0
Maipú,2024-06-02,19.5,7.7,12.9,19.2,0.0
Maipú,2024-06-03,15.1,8.6,12.4,13.5,0.0
Maipú,2024-06-04,18.5,5.5,11.0,18.0,0.7
Maipú,2024-06-05,13.6,8.6,11.6,12.5,0.2
Maipú,2024-06-06,16.5,10.7,12.9,15.8,0.0
Maipú,2024-06-07,20.5,11.1,14.6,20.5,0.0
Maipú,2024-06-08,15.2,7.6,11.6,13.9,2.4
Maipú,2024-06-09,13.3,6.8,10.0,12.1,12.1
Maipú,2024-06-10,14.6,8.7,10.9,13.4,2.1
Maipú,2024-06-11,14.9,8.4,11.0,13.5,0.0
Maipú,2024-06-12,13.2,7.8,10.0,11.7,0.0
Maipú,2024-06-13,12.6,8.4,9.9,10.4,59.4
Maipú,2024-06-14,14.5,6.9,10.4,13.6,6.6
Maipú,2024-06-15,14.8,7.2,9.9,13.4,0.4
Maipú,2024-06-16,14.8,5.0,8.7,13.8,0.0
Maipú,2024-06-17,14.6,4.6,8.9,13.4,5.5
Maipú,2024-06-18,10.4,6.5,8.2,8.6,96.3
Maipú,2024-06-19,14.6,5.0,9.2,12.7,19.7
Maipú,2024-06-20,11.5,5.6,8.2,9.7,0.0
Maipú,2024-06-21,9.1,5.8,7.7,7.9,70.4
Maipú,2024-06-22,8.0,4.9,6.2,6.9,37.2
Maipú,2024-06-23,10.7,4.9,7.2,8.1,1.0
Maipú,2024-06-24,9.1,4.2,6.5,7.2,0.0
Maipú,2024-06-25,10.9,2.4,5.7,9.0,0.0
Maipú,2024-06-26,16.1,1.7,8.4,14.9,0.0
Maipú,2024-06-27,15.9,7.5,10.6,15.2,0.0
Maipú,2024-06-28,15.4,4.8,9.1,13.9,0.0
Maipú,2024-06-29,17.9,4.9,10.9,17.4,0.0
Maipú,2024-06-30,18.9,8.0,12.1,17.7,0.0
Maipú,2024-07-01,19.6,7.8,12.4,18.9,0.0
Maipú,2024-07-02,17.7,7.2,11.8,15.9,0.0
Maipú,2024-07-03,17.0,6.1,11.0,15.8,0.0
Maipú,2024-07-04,15.0,3.7,8.0,13.1,0.0
Maipú,2024-07-05,15.8,3.3,8.2,14.4,0.0
Maipú,2024-07-06,13.9,1.8,6.9,10.6,0.0
Maipú,2024-07-07,14.9,1.2,6.3,11.9,0.0
Maipú,2024-07-08,15.1,2.3,6.8,12.5,0.0
Maipú,2024-07-09,10.2,-1.2,4.8,6.6,0.0
Maipú,2024-07-10,10.8,1.1,4.6,8.6,0.0
Maipú,2024-07-11,11.6,0.8,4.9,9.3,0.0
Maipú,2024-07-12,15.6,1.1,6.5,11.9,0.0
Maipú,2024-07-13,14.2,0.6,6.4,11.4,0.0
Maipú,2024-07-14,12.9,-0.2,6.6,9.6,0.0
Maipú,2024-07-15,14.4,0.9,6.1,11.5,0.0
Maipú,2024-07-16,19.4,3.1,10.1,16.7,0.0
Maipú,2024-07-17,18.7,4.5,10.2,15.4,0.0
Maipú,2024-07-18,11.9,3.2,7.6,9.8,0.0
Maipú,2024-07-19,14.6,3.5,8.1,13.1,0.0
Maipú,2024-07-20,14.0,4.2,7.6,12.9,0.0
Maipú,2024-07-21,15.1,5.9,9.3,12.9,0.0
Maipú,2024-07-22,18.2,5.9,9.9,16.9,0.0
Maipú,2024-07-23,11.5,5.2,7.7,10.5,0.0
Maipú,2024-07-24,17.0,2.8,9.9,15.6,0.0
Maipú,2024-07-25,15.7,5.6,10.6,13.9,0.0
Maipú,2024-07-26,14.1,3.8,7.8,12.4,0.0
Maipú,2024-07-27,16.8,4.3,8.6,15.4,0.0
Maipú,2024-07-28,18.0,3.3,10.0,16.6,0.0
Maipú,2024-07-29,22.1,6.6,13.1,21.2,0.0
Maipú,2024-07-30,16.5,8.2,11.9,15.4,0.0
Maipú,2024-07-31,11.4,7.2,8.7,10.3,0.0
Maipú,2024-08-01,9.6,7.1,8.1,7.5,0.3
Maipú,2024-08-02,12.4,6.1,8.6,11.6,85.5
Maipú,2024-08-03,14.9,1.8,8.4,12.9,5.3
Maipú,2024-08-04,15.2,5.3,9.3,13.2,0.0
Maipú,2024-08-05,9.4,5.8,7.2,7.7,20.5
Maipú,2024-08-06,11.6,3.0,7.0,8.9,3.2
Maipú,2024-08-07,10.9,0.3,5.2,8.2,0.0
Maipú,2024-08-08,14.4,-0.4,6.8,12.5,0.0
Maipú,2024-08-09,17.5,1.6,8.9,16.3,0.0
Maipú,2024-08-10,19.1,4.6,10.7,18.9,0.0
Maipú,2024-08-11,20.6,6.4,12.3,20.0,0.0
Maipú,2024-08-12,22.5,10.2,14.8,23.0,0.0
Maipú,2024-08-13,18.9,9.4,13.0,19.5,0.0
Maipú,2024-08-14,14.8,7.4,10.5,14.1,0.0
Maipú,2024-08-15,16.1,6.1,10.1,14.6,0.0
Maipú,2024-08-16,13.8,7.0,9.6,12.3,0.0
Maipú,2024-08-17,15.4,6.2,9.7,14.3,0.0
Maipú,2024-08-18,11.6,5.0,7.9,9.4,0.0
Maipú,2024-08-19,12.2,2.2,7.2,9.5,0.0
Maipú,2024-08-20,9.9,2.8,5.9,6.9,0.0
Maipú,2024-08-21,11.4,2.2,6.0,9.0,3.6
Maipú,2024-08-22,11.3,0.6,6.1,8.9,0.1
Maipú,2024-08-23,10.1,2.4,5.1,7.7,8.0
Maipú,2024-08-24,17.1,0.9,8.7,15.3,0.0
Maipú,2024-08-25,18.5,4.8,10.4,17.4,0.0
Maipú,2024-08-26,16.5,3.0,9.5,15.3,0.0
Maipú,2024-08-27,18.0,5.2,10.5,17.7,0.0
Maipú,2024-08-28,14.8,5.8,9.4,14.0,0.0
Maipú,2024-08-29,12.4,7.2,9.1,10.7,0.1
Maipú,2024-08-30,14.1,6.8,9.4,12.4,0.0
Maipú,2024-08-31,19.9,4.5,11.3,19.3,0.0
Maipú,2024-09-01,23.0,8.0,13.8,23.5,0.0
Maipú,2024-09-02,14.2,5.2,9.6,11.9,0.0
Maipú,2024-09-03,16.1,5.6,10.3,14.5,0.0
Maipú,2024-09-04,19.0,6.2,11.4,18.8,0.0
Maipú,2024-09-05,21.9,8.1,13.4,22.0,0.0
Maipú,2024-09-06,16.5,5.1,10.3,16.1,0.0
Maipú,2024-09-07,16.2,7.3,10.4,15.8,0.0
Maipú,2024-09-08,19.2,5.2,11.6,19.1,0.2
Maipú,2024-09-09,21.2,7.7,13.6,20.9,0.0
Maipú,2024-09-10,16.9,6.6,11.7,15.5,0.1
Maipú,2024-09-11,19.2,5.4,12.0,18.8,0.0
Maipú,2024-09-12,16.3,6.3,10.6,15.2,0.0
Maipú,2024-09-13,18.6,6.7,11.6,18.2,0.0
Maipú,2024-09-14,23.0,6.8,13.8,22.9,0.0
Maipú,2024-09-15,24.0,9.2,15.3,22.5,0.0
Maipú,2024-09-16,25.3,8.4,15.8,23.2,0.0
Maipú,2024-09-17,21.2,6.7,13.2,21.0,0.0
Maipú,2024-09-18,20.7,6.8,12.3,19.3,0.0
Maipú,2024-09-19,17.0,4.8,10.7,15.4,9.5
Maipú,2024-09-20,18.5,6.8,11.9,16.4,0.0
Maipú,2024-09-21,16.6,6.2,10.4,14.6,0.0
Maipú,2024-09-22,13.8,6.8,9.8,10.8,3.7
Maipú,2024-09-23,15.8,8.2,11.6,13.4,1.9
Maipú,2024-09-24,17.7,4.7,11.0,16.8,0.0
Maipú,2024-09-25,18.7,6.2,11.5,18.2,0.0
Maipú,2024-09-26,25.0,5.1,14.8,25.2,0.0
Maipú,2024-09-27,22.1,9.1,14.8,21.4,0.0
Maipú,2024-09-28,25.0,9.2,15.9,24.2,0.0
Maipú,2024-09-29,19.2,7.2,12.6,18.5,0.0
Maipú,2024-09-30,19.6,8.6,12.0,19.6,0.0
Maipú,2024-10-01,18.0,6.2,11.5,16.4,0.0
Maipú,2024-10-02,21.6,7.1,13.6,21.0,0.0
Maipú,2024-10-03,25.4,9.7,16.5,25.4,0.0
Maipú,2024-10-04,25.5,8.9,16.7,25.8,0.0
Maipú,2024-10-05,26.0,8.5,17.3,25.7,0.0
Maipú,2024-10-06,22.5,12.8,16.7,21.3,0.2
Maipú,2024-10-07,22.8,10.7,15.9,22.6,6.4
Maipú,2024-10-08,15.4,10.7,12.6,14.0,12.7
Maipú,2024-10-09,20.2,7.8,13.7,19.4,0.0
Maipú,2024-10-10,18.5,9.9,13.7,17.6,0.0
Maipú,2024-10-11,18.0,10.4,13.5,16.8,0.0
Maipú,2024-10-12,19.1,9.8,14.2,18.0,0.0
Maipú,2024-10-13,23.3,9.6,15.7,23.8,0.0
Maipú,2024-10-14,21.6,9.6,15.2,20.6,0.0
Maipú,2024-10-15,28.4,11.4,18.1,28.6,0.0
Maipú,2024-10-16,18.6,8.5,13.4,17.4,0.0
Maipú,2024-10-17,26.5,6.8,16.5,26.8,0.0
Maipú,2024-10-18,28.8,11.1,19.1,29.3,0.0
Maipú,2024-10-19,21.5,10.1,14.4,21.2,0.0
Maipú,2024-10-20,21.4,9.9,13.8,20.9,0.7
Maipú,2024-10-21,24.8,8.6,16.3,24.6,0.0
Maipú,2024-10-22,23.2,11.4,16.1,22.8,1.9
Maipú,2024-10-23,20.2,10.6,14.0,18.6,1.7
Maipú,2024-10-24,26.5,7.7,16.3,26.1,0.0
Maipú,2024-10-25,25.3,9.6,16.4,24.3,0.0
Maipú,2024-10-26,29.2,12.1,19.6,29.3,0.0
Maipú,2024-10-27,27.6,10.0,18.3,28.0,0.0
Maipú,2024-10-28,32.7,12.4,20.9,33.4,0.0
Maipú,2024-10-29,24.6,11.2,17.3,24.8,0.0
Maipú,2024-10-30,25.5,12.1,17.4,26.0,0.0
Maipú,2024-10-31,26.1,12.0,17.4,26.2,0.0
Maipú,2024-11-01,20.6,11.0,14.3,20.4,0.0
Maipú,2024-11-02,26.0,7.8,16.8,24.9,0.0
Maipú,2024-11-03,23.3,9.1,15.1,22.5,0.0
Maipú,2024-11-04,24.4,8.6,15.8,22.9,0.0
Maipú,2024-11-05,27.2,10.6,18.5,26.5,0.0
Maipú,2024-11-06,27.5,11.6,19.3,26.6,0.0
Maipú,2024-11-07,26.5,11.8,18.9,24.6,1.2
Maipú,2024-11-08,30.1,14.2,21.4,29.8,0.0
Maipú,2024-11-09,27.5,13.4,19.9,27.2,0.0
Maipú,2024-11-10,22.6,11.4,16.7,21.5,0.4
Maipú,2024-11-11,27.5,10.4,18.9,26.3,0.0
Maipú,2024-11-12,31.5,12.4,22.4,30.4,0.0
Maipú,2024-11-13,26.0,13.2,20.1,25.4,0.0
Maipú,2024-11-14,25.4,11.9,17.7,26.2,0.0
Maipú,2024-11-15,24.3,11.1,17.2,24.7,0.0
Maipú,2024-11-16,20.5,12.2,15.8,18.9,5.0
Maipú,2024-11-17,25.0,8.9,16.7,25.1,0.9
Maipú,2024-11-18,25.0,10.7,17.2,25.0,0.0
Maipú,2024-11-19,24.5,9.6,15.9,24.4,0.0
Maipú,2024-11-20,25.0,11.9,17.6,24.5,0.0
Maipú,2024-11-21,26.0,11.8,18.3,26.0,0.0
Maipú,2024-11-22,25.8,10.4,18.4,25.7,0.0
Maipú,2024-11-23,28.9,12.6,20.2,29.0,0.0
Maipú,2024-11-24,27.7,12.8,20.1,27.6,0.0
Maipú,2024-11-25,26.2,12.9,19.3,25.7,0.0
Maipú,2024-11-26,25.4,11.6,18.2,24.8,0.0
Maipú,2024-11-27,23.8,10.0,16.2,23.4,0.0
Maipú,2024-11-28,25.6,9.2,17.5,24.8,0.0
Maipú,2024-11-29,27.6,12.3,19.9,26.8,0.0
Maipú,2024-11-30,24.9,10.6,17.4,23.6,0.0
Maipú,2024-12-01,24.1,10.3,16.4,23.1,0.0
Maipú,2024-12-02,25.6,11.0,18.2,24.3,0.0
Maipú,2024-12-03,25.3,10.4,17.2,25.2,0.0
Maipú,2024-12-04,23.8,10.8,15.9,24.3,0.0
Maipú,2024-12-05,21.5,9.4,14.6,20.3,0.0
Maipú,2024-12-06,25.5,9.5,17.3,24.6,0.0
Maipú,2024-12-07,25.6,12.6,18.5,25.4,0.0
Maipú,2024-12-08,23.8,9.4,16.0,23.2,0.0
Maipú,2024-12-09,29.2,10.6,19.6,28.3,0.0
Maipú,2024-12-10,27.2,12.4,19.8,27.1,0.0
Maipú,2024-12-11,28.5,12.6,20.5,28.8,0.0
Maipú,2024-12-12,26.9,10.1,18.0,26.9,0.0
Maipú,2024-12-13,29.3,14.1,21.4,28.2,0.0
Maipú,2024-12-14,29.9,13.4,21.0,29.6,0.0
Maipú,2024-12-15,26.2,13.4,18.6,26.4,0.0
Maipú,2024-12-16,26.0,11.7,17.7,26.6,0.0
Maipú,2024-12-17,25.3,12.1,17.9,25.3,0.0
Maipú,2024-12-18,28.5,11.4,20.1,28.5,0.0
Maipú,2024-12-19,32.8,16.5,23.8,31.5,0.0
Maipú,2024-12-20,29.8,15.4,21.8,28.5,0.0
Maipú,2024-12-21,32.0,14.8,23.7,31.5,0.0
Maipú,2024-12-22,33.5,18.6,25.0,33.5,0.0
Maipú,2024-12-23,28.8,18.2,23.2,29.2,0.0
Maipú,2024-12-24,30.1,16.5,22.4,30.9,0.0
Maipú,2024-12-25,27.8,14.5,19.9,28.6,0.0
Maipú,2024-12-26,26.8,12.4,18.3,27.9,0.0
Maipú,2024-12-27,27.7,13.4,19.4,28.9,0.0
Maipú,2024-12-28,28.5,13.4,19.8,29.6,0.0
Maipú,2024-12-29,30.2,14.2,21.0,30.9,0.0
Maipú,2024-12-30,29.7,14.1,21.4,30.6,0.0
Maipú,2024-12-31,30.1,15.1,22.2,30.3,0.0
María Pinto,2024-01-01,27.1,12.1,19.0,28.6,0.0
María Pinto,2024-01-02,29.8,13.1,20.5,31.1,0.0
María Pinto,2024-01-03,29.4,12.6,20.5,31.1,0.0
María Pinto,2024-01-04,28.5,13.3,20.1,30.4,0.0
María Pinto,2024-01-05,27.4,13.4,19.4,28.8,0.0
María Pinto,2024-01-06,26.2,14.4,19.1,27.9,0.1
María Pinto,2024-01-07,29.6,13.3,20.8,29.5,0.0
María Pinto,2024-01-08,29.2,14.2,20.6,29.2,0.0
María Pinto,2024-01-09,28.5,11.3,19.4,28.7,0.0
María Pinto,2024-01-10,29.0,12.6,20.3,29.8,0.0
María Pinto,2024-01-11,29.4,13.7,20.4,30.4,0.0
María Pinto,2024-01-12,27.4,12.4,19.0,28.2,0.0
María Pinto,2024-01-13,26.5,12.6,18.4,27.7,0.0
María Pinto,2024-01-14,33.4,11.7,21.9,32.4,0.0
María Pinto,2024-01-15,29.8,14.6,20.6,29.9,0.0
María Pinto,2024-01-16,31.5,11.4,20.9,30.7,0.0
María Pinto,2024-01-17,28.1,16.0,21.0,28.8,0.0
María Pinto,2024-01-18,32.1,12.9,21.2,31.5,0.0
María Pinto,2024-01-19,31.7,16.0,23.0,32.0,0.0
María Pinto,2024-01-20,30.0,14.8,21.7,31.5,0.0
María Pinto,2024-01-21,31.1,13.6,21.4,32.8,0.0
María Pinto,2024-01-22,31.1,12.9,21.4,32.8,0.0
María Pinto,2024-01-23,29.2,14.1,20.7,31.0,0.0
María Pinto,2024-01-24,33.0,12.7,22.4,34.9,0.0
María Pinto,2024-01-25,31.3,14.8,21.6,32.3,0.0
María Pinto,2024-01-26,30.2,15.4,21.1,31.7,0.0
María Pinto,2024-01-27,31.6,14.4,21.8,33.4,0.0
María Pinto,2024-01-28,29.6,15.6,21.2,31.8,0.0
María Pinto,2024-01-29,31.0,13.4,21.4,32.8,0.0
María Pinto,2024-01-30,34.8,14.2,23.5,34.8,0.0
María Pinto,2024-01-31,36.3,15.9,25.5,35.7,0.0
María Pinto,2024-02-01,34.3,17.8,24.8,34.4,0.0
María Pinto,2024-02-02,37.5,14.8,25.1,35.5,0.0
María Pinto,2024-02-03,36.2,18.8,25.7,35.3,0.0
María Pinto,2024-02-04,31.1,16.8,21.7,31.7,0.0
María Pinto,2024-02-05,31.5,13.8,22.0,32.7,0.0
María Pinto,2024-02-06,31.0,16.1,22.5,32.2,0.0
María Pinto,2024-02-07,33.8,14.8,23.5,35.5,0.0
María Pinto,2024-02-08,31.4,17.5,23.4,33.6,0.0
María Pinto,2024-02-09,30.0,14.5,21.0,31.1,0.0
María Pinto,2024-02-10,31.0,13.0,21.4,31.6,0.0
María Pinto,2024-02-11,28.3,13.4,19.6,29.3,0.0
María Pinto,2024-02-12,35.1,14.6,23.3,34.2,0.0
María Pinto,2024-02-13,31.2,16.5,22.7,31.8,0.0
María Pinto,2024-02-14,30.9,13.5,20.4,33.0,0.0
María Pinto,2024-02-15,29.5,14.2,20.5,32.0,0.0
María Pinto,2024-02-16,28.4,14.8,20.4,29.8,0.0
María Pinto,2024-02-17,34.7,14.4,22.7,33.0,0.0
María Pinto,2024-02-18,32.5,17.1,23.8,33.1,0.0
María Pinto,2024-02-19,28.5,13.9,19.8,29.3,0.0
María Pinto,2024-02-20,29.9,15.4,20.5,31.3,0.0
María Pinto,2024-02-21,29.2,14.1,20.1,30.1,0.0
María Pinto,2024-02-22,19.1,16.2,17.9,19.8,7.2
María Pinto,2024-02-23,30.8,14.3,21.4,33.3,0.2
María Pinto,2024-02-24,30.4,17.1,22.5,32.0,0.0
María Pinto,2024-02-25,29.8,15.7,21.6,31.1,0.0
María Pinto,2024-02-26,30.6,13.5,21.3,31.4,0.0
María Pinto,2024-02-27,30.5,15.6,21.6,31.0,0.0
María Pinto,2024-02-28,32.0,14.4,21.8,31.8,0.0
María Pinto,2024-02-29,32.5,15.9,22.7,32.9,0.0
María Pinto,2024-03-01,28.4,13.9,20.7,29.0,0.0
María Pinto,2024-03-02,31.0,14.4,21.1,29.5,0.0
María Pinto,2024-03-03,30.1,15.4,21.6,30.8,0.0
María Pinto,2024-03-04,31.0,14.6,21.0,31.2,0.0
María Pinto,2024-03-05,28.9,13.6,19.6,29.5,0.0
María Pinto,2024-03-06,28.6,11.6,19.1,29.1,0.0
María Pinto,2024-03-07,26.5,10.4,17.2,26.4,0.0
María Pinto,2024-03-08,27.0,11.8,17.8,26.2,0.0
María Pinto,2024-03-09,29.9,11.6,19.3,29.1,0.0
María Pinto,2024-03-10,27.5,13.4,19.1,28.0,0.0
María Pinto,2024-03-11,26.0,12.4,17.4,27.1,0.0
María Pinto,2024-03-12,27.8,10.1,17.8,26.4,0.0
María Pinto,2024-03-13,27.7,12.5,19.0,27.4,0.0
María Pinto,2024-03-14,28.8,12.8,19.4,26.7,0.0
María Pinto,2024-03-15,27.6,13.0,18.4,26.5,0.0
María Pinto,2024-03-16,28.9,12.1,18.2,26.3,0.0
María Pinto,2024-03-17,29.0,12.7,18.9,27.4,0.0
María Pinto,2024-03-18,30.6,13.4,20.3,28.9,0.0
María Pinto,2024-03-19,27.5,12.9,18.5,26.4,0.0
María Pinto,2024-03-20,23.8,12.3,16.8,23.3,0.5
María Pinto,2024-03-21,30.1,12.9,20.2,29.6,0.0
María Pinto,2024-03-22,31.0,15.6,21.8,31.7,0.0
María Pinto,2024-03-23,28.8,14.4,20.4,29.0,0.0
María Pinto,2024-03-24,30.8,14.6,20.8,30.3,0.0
María Pinto,2024-03-25,26.9,14.1,19.4,27.8,0.0
María Pinto,2024-03-26,28.8,12.6,19.3,29.2,0.0
María Pinto,2024-03-27,29.0,15.9,21.1,29.9,0.0
María Pinto,2024-03-28,28.8,14.3,20.5,30.2,0.0
María Pinto,2024-03-29,29.1,12.2,19.6,30.0,0.0
María Pinto,2024-03-30,30.6,14.1,21.1,29.9,0.0
María Pinto,2024-03-31,29.0,14.6,20.8,26.6,0.0
María Pinto,2024-04-01,26.2,13.5,18.2,23.9,0.0
María Pinto,2024-04-02,24.6,10.6,17.6,22.0,0.0
María Pinto,2024-04-03,19.4,14.4,16.7,20.0,0.0
María Pinto,2024-04-04,26.6,12.6,18.2,25.4,0.0
María Pinto,2024-04-05,27.4,12.2,18.5,27.1,0.0
María Pinto,2024-04-06,24.7,9.1,16.1,23.7,0.0
María Pinto,2024-04-07,27.0,12.6,17.7,26.7,0.0
María Pinto,2024-04-08,24.9,11.6,16.8,24.2,0.0
María Pinto,2024-04-09,26.0,11.9,17.3,25.6,0.0
María Pinto,2024-04-10,26.3,10.9,16.7,25.9,0.0
María Pinto,2024-04-11,21.8,8.6,13.4,20.3,0.0
María Pinto,2024-04-12,17.6,10.8,13.4,16.6,0.1
María Pinto,2024-04-13,21.7,10.0,14.0,21.4,2.9
María Pinto,2024-04-14,22.6,11.2,15.6,21.7,1.9
María Pinto,2024-04-15,21.0,12.5,15.5,20.4,1.2
María Pinto,2024-04-16,24.1,11.4,16.3,23.0,0.0
María Pinto,2024-04-17,26.9,11.2,18.8,25.5,0.0
María Pinto,2024-04-18,29.4,13.8,19.4,28.1,0.0
María Pinto,2024-04-19,23.0,11.6,15.9,22.3,0.0
María Pinto,2024-04-20,22.1,11.2,15.7,21.4,0.0
María Pinto,2024-04-21,18.8,12.2,15.1,16.4,0.1
María Pinto,2024-04-22,20.8,11.1,15.6,19.6,0.8
María Pinto,2024-04-23,23.2,9.4,15.5,22.2,0.0
María Pinto,2024-04-24,21.5,9.9,14.0,20.6,0.0
María Pinto,2024-04-25,22.6,8.6,14.0,19.8,0.0
María Pinto,2024-04-26,20.1,9.8,13.7,18.2,0.0
María Pinto,2024-04-27,19.6,8.5,13.1,17.7,0.0
María Pinto,2024-04-28,17.0,6.0,11.1,14.2,0.0
María Pinto,2024-04-29,18.4,5.3,12.0,14.7,0.0
María Pinto,2024-04-30,16.1,9.4,12.7,15.3,37.5
María Pinto,2024-05-01,16.5,9.4,12.0,14.4,0.1
María Pinto,2024-05-02,15.1,5.4,9.9,12.6,0.0
María Pinto,2024-05-03,16.8,5.4,9.8,15.2,0.0
María Pinto,2024-05-04,18.9,4.9,11.5,17.5,0.0
María Pinto,2024-05-05,17.1,7.5,11.1,15.9,0.0
María Pinto,2024-05-06,17.5,6.6,11.0,15.4,0.0
María Pinto,2024-05-07,11.6,4.2,7.8,9.5,37.4
María Pinto,2024-05-08,15.4,2.5,8.8,13.4,0.0
María Pinto,2024-05-09,15.0,4.1,9.2,13.1,0.0
María Pinto,2024-05-10,15.2,4.2,9.4,13.6,0.0
María Pinto,2024-05-11,14.9,2.8,8.4,12.8,0.0
María Pinto,2024-05-12,14.7,3.2,8.7,12.0,0.0
María Pinto,2024-05-13,15.2,3.8,8.8,12.8,0.0
María Pinto,2024-05-14,16.0,3.1,8.8,14.1,0.0
María Pinto,2024-05-15,13.8,3.0,7.8,10.3,0.0
María Pinto,2024-05-16,16.1,5.3,9.0,13.6,0.0
María Pinto,2024-05-17,15.4,3.1,8.7,13.0,0.0
María Pinto,2024-05-18,16.5,4.8,9.4,14.2,0.0
María Pinto,2024-05-19,16.9,4.9,10.3,15.3,0.0
María Pinto,2024-05-20,12.4,7.7,9.0,10.2,31.6
María Pinto,2024-05-21,15.4,7.3,10.7,14.8,4.1
María Pinto,2024-05-22,11.0,8.2,9.8,10.7,6.4
María Pinto,2024-05-23,14.1,7.0,10.0,12.2,2.2
María Pinto,2024-05-24,15.8,5.3,9.9,14.4,0.0
María Pinto,2024-05-25,14.7,7.2,10.3,13.0,0.1
María Pinto,2024-05-26,15.8,7.2,11.1,14.7,21.1
María Pinto,2024-05-27,14.2,6.4,10.0,12.9,0.0
María Pinto,2024-05-28,17.4,7.5,11.1,16.3,0.0
María Pinto,2024-05-29,18.2,6.0,11.1,17.3,0.0
María Pinto,2024-05-30,17.6,9.9,12.8,17.1,0.0
María Pinto,2024-05-31,16.9,8.6,11.9,16.8,0.0
María Pinto,2024-06-01,17.7,6.4,11.7,17.7,0.0
María Pinto,2024-06-02,17.4,8.5,12.6,17.7,0.0
María Pinto,2024-06-03,14.1,8.4,11.7,13.2,0.0
María Pinto,2024-06-04,17.0,7.9,11.4,16.7,0.9
María Pinto,2024-06-05,14.9,8.4,11.7,13.8,0.0
María Pinto,2024-06-06,18.6,7.9,13.6,18.0,0.0
María Pinto,2024-06-07,20.8,8.4,14.4,21.2,0.0
María Pinto,2024-06-08,16.5,8.8,12.7,15.4,2.6
María Pinto,2024-06-09,14.9,8.9,11.7,13.9,8.7
María Pinto,2024-06-10,16.9,10.1,12.6,15.9,0.0
María Pinto,2024-06-11,16.9,9.2,12.1,16.6,0.1
María Pinto,2024-06-12,16.1,8.9,12.0,14.2,5.2
María Pinto,2024-06-13,13.9,10.1,11.8,13.2,63.4
María Pinto,2024-06-14,16.0,8.1,11.6,15.2,14.9
María Pinto,2024-06-15,15.9,6.8,10.9,15.0,0.0
María Pinto,2024-06-16,14.2,6.8,9.5,13.3,0.0
María Pinto,2024-06-17,16.1,6.7,10.3,14.5,8.1
María Pinto,2024-06-18,13.1,8.6,10.8,11.3,72.4
María Pinto,2024-06-19,16.5,7.3,11.1,15.7,3.9
María Pinto,2024-06-20,13.2,7.6,10.2,12.9,0.0
María Pinto,2024-06-21,10.3,7.2,9.4,9.3,83.2
María Pinto,2024-06-22,10.0,6.1,8.5,9.1,31.9
María Pinto,2024-06-23,12.6,5.3,8.6,10.3,0.0
María Pinto,2024-06-24,12.6,5.0,8.0,10.4,0.0
María Pinto,2024-06-25,12.2,3.1,7.3,10.3,0.0
María Pinto,2024-06-26,15.2,0.3,8.2,14.2,0.0
María Pinto,2024-06-27,15.6,5.7,10.4,14.5,0.0
María Pinto,2024-06-28,14.6,5.2,9.8,14.3,0.0
María Pinto,2024-06-29,16.8,5.3,10.2,16.5,0.0
María Pinto,2024-06-30,17.0,4.7,11.2,16.0,0.0
María Pinto,2024-07-01,19.6,6.5,12.1,19.4,0.0
María Pinto,2024-07-02,15.8,4.9,10.4,15.0,0.0
María Pinto,2024-07-03,15.4,6.2,10.3,14.8,0.0
María Pinto,2024-07-04,13.2,3.0,7.6,11.6,0.0
María Pinto,2024-07-05,13.6,1.7,6.4,10.9,0.0
María Pinto,2024-07-06,12.2,2.0,6.3,9.3,0.0
María Pinto,2024-07-07,12.6,0.6,5.7,9.6,0.0
María Pinto,2024-07-08,12.7,-2.2,4.4,10.2,0.0
María Pinto,2024-07-09,11.1,-3.3,2.0,8.0,0.0
María Pinto,2024-07-10,10.7,-0.6,4.2,8.2,0.0
María Pinto,2024-07-11,11.2,-0.6,5.1,9.2,0.0
María Pinto,2024-07-12,15.1,-1.0,5.3,12.2,0.0
María Pinto,2024-07-13,11.1,-0.2,4.5,9.7,0.0
María Pinto,2024-07-14,10.6,-1.6,3.8,8.9,0.0
María Pinto,2024-07-15,12.5,0.4,5.3,10.7,0.0
María Pinto,2024-07-16,16.8,3.3,9.3,15.5,0.0
María Pinto,2024-07-17,14.9,5.4,9.5,13.3,0.4
María Pinto,2024-07-18,11.6,4.6,8.4,10.3,0.0
María Pinto,2024-07-19,14.6,5.1,9.3,13.9,0.0
María Pinto,2024-07-20,14.2,4.6,7.6,13.5,0.0
María Pinto,2024-07-21,16.5,5.2,10.5,14.8,0.0
María Pinto,2024-07-22,17.4,5.7,10.2,16.5,0.0
María Pinto,2024-07-23,12.9,5.3,9.1,11.6,0.0
María Pinto,2024-07-24,17.6,3.7,10.1,16.9,0.0
María Pinto,2024-07-25,16.3,6.8,10.5,15.4,0.0
María Pinto,2024-07-26,12.4,5.5,8.3,11.6,0.0
María Pinto,2024-07-27,14.6,3.4,8.6,13.5,0.0
María Pinto,2024-07-28,14.6,2.7,7.9,13.0,0.0
María Pinto,2024-07-29,19.1,6.4,11.5,18.5,0.0
María Pinto,2024-07-30,16.2,8.3,11.3,16.0,0.0
María Pinto,2024-07-31,11.9,7.7,9.6,10.9,0.0
María Pinto,2024-08-01,12.4,9.2,10.7,10.4,9.4
María Pinto,2024-08-02,13.7,8.9,11.5,11.4,57.6
María Pinto,2024-08-03,17.0,4.1,10.4,15.2,0.7
María Pinto,2024-08-04,17.8,4.6,10.2,16.5,0.0
María Pinto,2024-08-05,10.1,6.4,8.6,8.9,24.0
María Pinto,2024-08-06,12.7,4.0,8.2,10.3,3.2
María Pinto,2024-08-07,11.4,1.0,6.0,9.5,0.0
María Pinto,2024-08-08,15.2,0.6,7.4,13.7,0.0
María Pinto,2024-08-09,16.6,0.2,9.2,15.9,0.0
María Pinto,2024-08-10,17.6,2.2,10.9,17.1,0.0
María Pinto,2024-08-11,18.9,5.2,11.9,18.7,0.0
María Pinto,2024-08-12,20.8,7.4,13.8,21.2,0.0
María Pinto,2024-08-13,17.9,8.1,12.1,18.7,0.0
María Pinto,2024-08-14,14.4,9.5,11.3,14.1,0.2
María Pinto,2024-08-15,17.0,5.6,10.0,16.8,0.0
María Pinto,2024-08-16,13.4,6.6,9.7,12.4,0.0
María Pinto,2024-08-17,15.1,5.7,10.4,14.3,0.0
María Pinto,2024-08-18,12.4,6.7,9.2,11.1,0.0
María Pinto,2024-08-19,13.6,1.6,7.6,11.9,0.0
María Pinto,2024-08-20,12.4,2.5,6.8,10.0,0.0
María Pinto,2024-08-21,13.4,-0.9,5.9,9.9,0.7
María Pinto,2024-08-22,13.4,1.9,7.3,12.3,1.6
María Pinto,2024-08-23,11.9,4.2,7.7,9.8,9.9
María Pinto,2024-08-24,17.9,0.9,9.6,17.1,0.0
María Pinto,2024-08-25,19.4,7.9,11.2,19.3,0.0
María Pinto,2024-08-26,17.0,3.0,10.4,15.8,0.0
María Pinto,2024-08-27,18.0,5.0,10.5,17.9,0.0
María Pinto,2024-08-28,15.9,6.8,9.9,14.8,0.0
María Pinto,2024-08-29,13.9,8.8,10.6,12.7,0.6
María Pinto,2024-08-30,15.9,8.8,11.4,14.2,0.0
María Pinto,2024-08-31,19.6,6.2,12.7,20.0,0.0
María Pinto,2024-09-01,22.5,5.4,12.7,23.3,0.0
María Pinto,2024-09-02,14.1,5.6,9.9,12.7,1.0
María Pinto,2024-09-03,16.5,5.2,10.2,15.5,0.0
María Pinto,2024-09-04,18.0,4.6,11.2,17.5,0.0
María Pinto,2024-09-05,20.2,8.4,13.1,20.9,0.0
María Pinto,2024-09-06,17.2,3.7,9.9,16.5,0.0
María Pinto,2024-09-07,16.4,7.5,11.4,15.3,0.1
María Pinto,2024-09-08,18.5,6.3,11.6,18.7,0.0
María Pinto,2024-09-09,20.9,5.6,12.4,21.1,0.0
María Pinto,2024-09-10,18.3,7.7,12.2,17.5,0.0
María Pinto,2024-09-11,19.0,5.8,11.6,18.5,0.0
María Pinto,2024-09-12,17.8,5.8,10.6,17.3,0.0
María Pinto,2024-09-13,18.6,6.6,12.6,18.0,0.0
María Pinto,2024-09-14,22.1,7.2,13.5,22.1,0.0
María Pinto,2024-09-15,22.6,8.3,15.2,23.0,0.0
María Pinto,2024-09-16,24.9,9.8,15.5,25.4,0.0
María Pinto,2024-09-17,20.9,6.5,12.5,21.6,0.0
María Pinto,2024-09-18,18.8,7.7,11.8,18.0,0.4
María Pinto,2024-09-19,16.0,8.2,12.1,13.2,6.6
María Pinto,2024-09-20,18.0,5.6,11.1,17.2,0.0
María Pinto,2024-09-21,18.0,5.9,11.0,17.1,0.0
María Pinto,2024-09-22,14.9,8.4,11.6,14.0,0.5
María Pinto,2024-09-23,17.8,8.6,12.4,16.9,0.0
María Pinto,2024-09-24,18.3,6.3,11.2,17.9,0.0
María Pinto,2024-09-25,18.9,6.3,12.1,18.6,0.0
María Pinto,2024-09-26,24.8,8.0,14.7,25.0,0.0
María Pinto,2024-09-27,21.6,9.8,14.3,21.9,0.0
María Pinto,2024-09-28,24.3,9.6,15.5,24.1,0.0
María Pinto,2024-09-29,19.8,6.1,12.5,19.5,0.0
María Pinto,2024-09-30,18.9,9.8,13.5,16.8,0.1
María Pinto,2024-10-01,19.1,10.3,13.8,17.9,0.3
María Pinto,2024-10-02,21.5,6.8,14.1,20.3,0.0
María Pinto,2024-10-03,24.1,10.4,16.0,24.8,0.0
María Pinto,2024-10-04,24.0,9.9,15.8,24.9,0.0
María Pinto,2024-10-05,25.1,7.8,15.8,25.8,0.0
María Pinto,2024-10-06,21.1,12.2,15.8,20.2,0.0
María Pinto,2024-10-07,24.0,9.8,15.8,24.8,1.0
María Pinto,2024-10-08,17.0,12.2,14.0,16.4,4.7
María Pinto,2024-10-09,22.0,8.7,15.0,21.7,0.0
María Pinto,2024-10-10,19.0,11.0,14.4,18.2,0.1
María Pinto,2024-10-11,17.8,12.1,14.4,16.6,0.1
María Pinto,2024-10-12,19.9,9.4,14.5,19.2,0.0
María Pinto,2024-10-13,23.6,6.6,14.6,25.0,0.0
María Pinto,2024-10-14,22.2,9.2,14.7,22.0,0.0
María Pinto,2024-10-15,28.1,11.0,17.2,29.3,0.0
María Pinto,2024-10-16,19.0,9.2,13.6,18.3,0.0
María Pinto,2024-10-17,26.1,6.4,15.2,26.2,0.0
María Pinto,2024-10-18,27.3,10.4,17.1,28.6,0.0
María Pinto,2024-10-19,20.4,10.1,14.1,20.4,0.0
María Pinto,2024-10-20,21.3,11.3,15.0,18.8,0.0
María Pinto,2024-10-21,24.4,8.4,15.9,25.1,0.0
María Pinto,2024-10-22,23.0,12.8,15.9,23.5,2.2
María Pinto,2024-10-23,21.7,10.6,15.1,20.5,0.2
María Pinto,2024-10-24,26.0,9.2,15.8,26.2,0.0
María Pinto,2024-10-25,25.4,8.9,16.8,24.7,0.0
María Pinto,2024-10-26,28.8,12.0,18.5,30.1,0.0
María Pinto,2024-10-27,26.5,9.9,16.7,27.5,0.0
María Pinto,2024-10-28,29.7,10.1,18.7,32.2,0.0
María Pinto,2024-10-29,23.1,11.4,16.7,23.7,0.0
María Pinto,2024-10-30,24.2,12.2,16.6,26.2,0.0
María Pinto,2024-10-31,25.0,10.9,16.3,27.0,0.0
María Pinto,2024-11-01,21.0,10.3,14.7,21.2,0.5
María Pinto,2024-11-02,25.3,8.6,15.7,25.0,0.0
María Pinto,2024-11-03,22.8,10.4,14.6,23.2,0.0
María Pinto,2024-11-04,24.4,6.9,15.1,23.1,0.0
María Pinto,2024-11-05,27.3,10.6,17.8,26.0,0.0
María Pinto,2024-11-06,27.2,11.9,18.1,26.2,0.0
María Pinto,2024-11-07,27.2,10.2,17.6,27.6,0.4
María Pinto,2024-11-08,29.9,13.4,20.1,29.6,0.0
María Pinto,2024-11-09,26.9,12.4,18.3,27.7,0.0
María Pinto,2024-11-10,23.1,12.9,17.0,22.1,0.2
María Pinto,2024-11-11,27.2,9.8,18.5,25.3,0.0
María Pinto,2024-11-12,29.6,13.4,20.7,29.6,0.0
María Pinto,2024-11-13,24.9,12.5,18.7,25.3,0.0
María Pinto,2024-11-14,24.2,9.9,16.2,26.1,0.0
María Pinto,2024-11-15,23.2,11.9,16.3,24.4,0.0
María Pinto,2024-11-16,20.5,11.1,15.0,19.6,4.8
María Pinto,2024-11-17,24.1,8.6,15.7,24.7,0.0
María Pinto,2024-11-18,23.5,9.9,16.3,25.1,0.0
María Pinto,2024-11-19,23.5,10.4,15.1,25.2,0.0
María Pinto,2024-11-20,24.6,10.7,16.3,25.0,0.0
María Pinto,2024-11-21,24.4,10.4,16.4,25.7,0.0
María Pinto,2024-11-22,24.7,9.9,16.8,25.0,0.0
María Pinto,2024-11-23,27.5,11.4,18.6,28.5,0.0
María Pinto,2024-11-24,26.7,12.8,18.9,27.3,0.0
María Pinto,2024-11-25,25.7,12.3,18.3,26.2,0.0
María Pinto,2024-11-26,24.5,11.4,17.2,24.8,0.0
María Pinto,2024-11-27,22.8,9.6,15.4,23.5,0.0
María Pinto,2024-11-28,24.5,8.9,16.4,24.4,0.0
María Pinto,2024-11-29,26.9,11.6,18.6,26.8,0.0
María Pinto,2024-11-30,23.0,10.9,16.2,23.3,0.0
María Pinto,2024-12-01,23.2,12.4,16.7,23.1,0.2
María Pinto,2024-12-02,24.7,10.5,17.0,24.1,0.0
María Pinto,2024-12-03,24.5,9.6,16.5,25.8,0.0
María Pinto,2024-12-04,22.8,11.1,15.6,24.6,0.0
María Pinto,2024-12-05,21.8,10.9,15.3,22.3,0.0
María Pinto,2024-12-06,24.7,9.6,16.7,24.9,0.0
María Pinto,2024-12-07,24.9,11.6,17.6,25.9,0.0
María Pinto,2024-12-08,22.9,9.3,15.3,23.1,0.0
María Pinto,2024-12-09,27.6,9.4,17.8,28.4,0.0
María Pinto,2024-12-10,25.7,11.2,17.8,26.9,0.0
María Pinto,2024-12-11,27.5,10.6,18.5,28.1,0.0
María Pinto,2024-12-12,25.6,11.5,17.5,27.1,0.0
María Pinto,2024-12-13,28.3,11.9,19.6,28.3,0.0
María Pinto,2024-12-14,28.8,11.7,19.6,30.2,0.0
María Pinto,2024-12-15,24.7,12.0,17.6,26.2,0.0
María Pinto,2024-12-16,24.5,11.2,16.8,26.2,0.0
María Pinto,2024-12-17,25.0,11.6,17.3,26.3,0.0
María Pinto,2024-12-18,27.4,11.4,19.1,28.4,0.0
María Pinto,2024-12-19,32.5,13.4,22.0,31.4,0.0
María Pinto,2024-12-20,28.8,13.9,20.4,28.1,0.0
María Pinto,2024-12-21,31.0,13.9,21.8,31.5,0.0
María Pinto,2024-12-22,32.3,15.6,23.2,34.2,0.0
María Pinto,2024-12-23,28.1,14.2,21.0,29.3,0.0
María Pinto,2024-12-24,29.2,15.0,21.1,31.2,0.0
María Pinto,2024-12-25,26.7,13.1,18.8,29.1,0.0
María Pinto,2024-12-26,26.2,13.9,18.7,28.3,0.0
María Pinto,2024-12-27,26.3,12.9,19.1,28.7,0.0
María Pinto,2024-12-28,27.1,13.1,19.3,29.2,0.0
María Pinto,2024-12-29,29.4,12.6,20.0,31.4,0.0
María Pinto,2024-12-30,29.2,13.3,20.1,30.8,0.0
María Pinto,2024-12-31,29.3,13.8,20.6,30.8,0.0
Melipilla,2024-01-01,25.8,11.7,18.1,26.7,0.0
Melipilla,2024-01-02,28.9,12.6,19.1,30.0,0.0
Melipilla,2024-01-03,26.3,13.0,19.1,27.9,0.0
Melipilla,2024-01-04,24.9,13.3,18.5,26.3,0.0
Melipilla,2024-01-05,24.8,13.9,18.3,26.0,0.0
Melipilla,2024-01-06,24.7,14.1,18.2,25.9,0.0
Melipilla,2024-01-07,31.2,12.1,21.1,30.1,0.0
Melipilla,2024-01-08,30.1,13.0,21.0,29.5,0.0
Melipilla,2024-01-09,28.2,13.1,19.3,28.8,0.0
Melipilla,2024-01-10,28.5,12.1,19.8,29.2,0.0
Melipilla,2024-01-11,26.9,13.4,18.9,27.8,0.0
Melipilla,2024-01-12,24.8,12.0,17.6,25.0,0.0
Melipilla,2024-01-13,25.1,12.6,17.4,25.2,0.0
Melipilla,2024-01-14,34.5,12.1,22.3,32.6,0.0
Melipilla,2024-01-15,29.0,13.9,20.3,28.9,0.0
Melipilla,2024-01-16,33.3,12.4,21.7,31.7,0.0
Melipilla,2024-01-17,26.3,14.9,19.5,26.9,0.0
Melipilla,2024-01-18,33.2,12.8,22.1,32.0,0.0
Melipilla,2024-01-19,29.4,15.6,21.5,29.5,0.0
Melipilla,2024-01-20,26.8,14.1,19.9,27.5,0.0
Melipilla,2024-01-21,27.4,12.0,19.0,28.4,0.0
Melipilla,2024-01-22,26.1,12.9,19.0,27.0,0.0
Melipilla,2024-01-23,25.5,13.9,18.7,26.7,0.0
Melipilla,2024-01-24,29.3,12.7,19.8,31.2,0.0
Melipilla,2024-01-25,26.4,13.4,19.0,27.7,0.0
Melipilla,2024-01-26,26.8,14.1,19.2,28.3,0.0
Melipilla,2024-01-27,29.6,13.7,19.9,31.8,0.0
Melipilla,2024-01-28,27.0,15.2,19.4,28.3,0.0
Melipilla,2024-01-29,27.7,13.3,19.3,29.3,0.0
Melipilla,2024-01-30,34.1,14.4,21.9,34.0,0.0
Melipilla,2024-01-31,36.9,17.7,25.9,35.8,0.0
Melipilla,2024-02-01,32.4,16.7,23.4,32.8,0.0
Melipilla,2024-02-02,37.5,15.6,25.2,34.3,0.0
Melipilla,2024-02-03,36.8,17.9,26.0,34.4,0.0
Melipilla,2024-02-04,27.3,15.8,20.4,28.6,0.0
Melipilla,2024-02-05,30.1,13.6,20.9,31.0,0.0
Melipilla,2024-02-06,26.8,15.4,20.3,27.4,0.0
Melipilla,2024-02-07,34.0,15.2,22.8,35.5,0.0
Melipilla,2024-02-08,29.7,15.4,22.0,30.0,0.0
Melipilla,2024-02-09,26.8,13.3,19.2,27.1,0.0
Melipilla,2024-02-10,31.2,13.0,20.4,31.2,0.0
Melipilla,2024-02-11,26.9,12.8,18.3,27.6,0.0
Melipilla,2024-02-12,35.9,13.5,23.5,33.9,0.0
Melipilla,2024-02-13,27.6,15.6,20.6,28.6,0.0
Melipilla,2024-02-14,28.2,13.4,19.0,30.7,0.0
Melipilla,2024-02-15,26.6,12.9,18.7,28.1,0.0
Melipilla,2024-02-16,25.8,13.6,18.5,26.9,0.0
Melipilla,2024-02-17,35.6,13.8,23.1,32.5,0.0
Melipilla,2024-02-18,29.3,15.7,21.4,29.4,0.0
Melipilla,2024-02-19,27.6,13.2,18.8,29.2,0.0
Melipilla,2024-02-20,27.6,15.2,19.6,30.1,0.0
Melipilla,2024-02-21,26.7,14.1,19.1,28.3,0.0
Melipilla,2024-02-22,20.8,16.5,18.0,21.1,3.6
Melipilla,2024-02-23,30.7,14.2,21.3,32.4,0.0
Melipilla,2024-02-24,29.1,16.3,21.3,30.2,0.0
Melipilla,2024-02-25,27.1,14.2,20.0,27.8,0.0
Melipilla,2024-02-26,31.2,13.4,20.7,31.0,0.0
Melipilla,2024-02-27,29.6,15.2,20.4,29.8,0.0
Melipilla,2024-02-28,32.9,14.2,21.8,31.7,0.0
Melipilla,2024-02-29,32.6,15.2,22.0,32.8,0.0
Melipilla,2024-03-01,26.0,13.2,19.1,26.0,0.0
Melipilla,2024-03-02,31.7,14.8,21.8,29.6,0.0
Melipilla,2024-03-03,29.0,14.2,20.3,28.3,0.0
Melipilla,2024-03-04,30.0,13.2,19.9,30.2,0.0
Melipilla,2024-03-05,26.1,11.8,17.7,26.4,0.0
Melipilla,2024-03-06,26.9,12.2,18.0,27.0,0.0
Melipilla,2024-03-07,24.9,10.5,16.5,24.0,0.0
Melipilla,2024-03-08,27.2,9.3,17.7,26.2,0.0
Melipilla,2024-03-09,30.6,11.8,19.4,29.1,0.0
Melipilla,2024-03-10,25.8,12.9,18.2,26.3,0.0
Melipilla,2024-03-11,25.1,11.8,16.6,25.4,0.0
Melipilla,2024-03-12,28.8,10.1,18.2,27.3,0.0
Melipilla,2024-03-13,28.9,11.7,18.9,27.8,0.0
Melipilla,2024-03-14,29.2,13.0,19.8,26.5,0.0
Melipilla,2024-03-15,28.2,11.8,18.3,26.1,0.0
Melipilla,2024-03-16,29.4,10.5,18.5,26.8,0.0
Melipilla,2024-03-17,29.9,11.0,18.5,27.7,0.0
Melipilla,2024-03-18,31.3,12.7,19.9,28.9,0.0
Melipilla,2024-03-19,23.6,12.3,17.4,23.6,0.0
Melipilla,2024-03-20,23.0,11.8,16.2,22.1,0.3
Melipilla,2024-03-21,30.4,11.5,20.0,29.4,0.0
Melipilla,2024-03-22,30.1,15.1,21.1,30.4,0.0
Melipilla,2024-03-23,29.0,13.4,19.6,28.8,0.0
Melipilla,2024-03-24,31.2,14.3,20.2,30.6,0.0
Melipilla,2024-03-25,24.2,13.5,17.7,24.5,0.0
Melipilla,2024-03-26,29.7,13.4,19.5,29.8,0.0
Melipilla,2024-03-27,29.5,13.2,20.1,29.9,0.0
Melipilla,2024-03-28,26.1,13.5,18.8,27.1,0.0
Melipilla,2024-03-29,28.5,12.3,18.7,28.9,0.0
Melipilla,2024-03-30,31.0,12.9,20.9,30.2,0.0
Melipilla,2024-03-31,28.8,14.6,20.8,26.0,0.0
Melipilla,2024-04-01,26.6,13.2,18.4,23.5,0.0
Melipilla,2024-04-02,24.6,10.5,16.8,22.9,0.0
Melipilla,2024-04-03,21.6,15.4,17.3,21.7,0.1
Melipilla,2024-04-04,26.7,12.4,18.5,25.5,0.0
Melipilla,2024-04-05,26.7,12.2,17.6,25.8,0.0
Melipilla,2024-04-06,25.2,8.9,16.1,23.9,0.0
Melipilla,2024-04-07,26.8,11.4,17.4,25.4,0.0
Melipilla,2024-04-08,25.0,10.7,15.9,24.1,0.0
Melipilla,2024-04-09,25.9,10.3,16.1,25.4,0.0
Melipilla,2024-04-10,24.6,10.1,15.9,24.4,0.0
Melipilla,2024-04-11,20.9,8.6,12.9,18.5,0.0
Melipilla,2024-04-12,18.5,10.1,13.3,18.0,0.3
Melipilla,2024-04-13,21.1,8.4,13.5,20.7,5.4
Melipilla,2024-04-14,22.5,9.8,15.2,21.1,0.8
Melipilla,2024-04-15,20.6,12.2,15.3,19.9,2.2
Melipilla,2024-04-16,23.8,10.5,16.0,22.6,0.0
Melipilla,2024-04-17,27.7,10.0,18.5,27.0,0.0
Melipilla,2024-04-18,29.2,14.5,19.2,27.8,0.0
Melipilla,2024-04-19,22.6,9.8,15.3,22.1,0.0
Melipilla,2024-04-20,21.1,10.8,14.9,20.3,0.0
Melipilla,2024-04-21,18.8,11.7,15.1,17.4,0.2
Melipilla,2024-04-22,19.5,10.7,14.7,19.0,1.5
Melipilla,2024-04-23,22.7,9.4,14.7,21.6,0.0
Melipilla,2024-04-24,20.3,8.1,13.2,19.2,0.0
Melipilla,2024-04-25,22.0,6.7,13.2,19.6,0.0
Melipilla,2024-04-26,20.3,8.8,13.1,18.8,0.0
Melipilla,2024-04-27,19.5,7.6,12.7,17.4,0.0
Melipilla,2024-04-28,17.3,6.0,10.7,14.1,0.0
Melipilla,2024-04-29,19.0,4.3,11.7,15.7,2.7
Melipilla,2024-04-30,16.3,10.3,12.4,15.5,22.1
Melipilla,2024-05-01,16.0,7.3,10.9,14.4,0.0
Melipilla,2024-05-02,15.4,4.7,9.2,13.1,0.0
Melipilla,2024-05-03,15.9,3.7,9.0,13.8,0.0
Melipilla,2024-05-04,18.7,4.6,10.9,17.2,0.0
Melipilla,2024-05-05,16.8,7.7,11.4,15.7,0.0
Melipilla,2024-05-06,16.3,5.2,10.1,14.4,0.0
Melipilla,2024-05-07,11.3,3.5,7.3,8.8,21.5
Melipilla,2024-05-08,16.2,1.8,8.3,14.2,0.0
Melipilla,2024-05-09,14.9,3.3,8.8,12.9,0.0
Melipilla,2024-05-10,15.0,4.0,9.4,13.3,0.0
Melipilla,2024-05-11,15.4,3.2,8.9,13.2,0.0
Melipilla,2024-05-12,15.4,3.0,8.9,12.8,0.0
Melipilla,2024-05-13,15.0,3.8,8.3,12.5,0.0
Melipilla,2024-05-14,15.0,2.7,8.2,13.1,0.0
Melipilla,2024-05-15,14.1,3.8,7.9,11.4,0.0
Melipilla,2024-05-16,16.0,1.5,7.8,13.6,0.0
Melipilla,2024-05-17,15.3,2.4,8.2,13.2,0.0
Melipilla,2024-05-18,16.1,2.2,8.3,13.8,0.0
Melipilla,2024-05-19,16.2,1.9,9.0,14.4,0.0
Melipilla,2024-05-20,10.7,7.2,9.2,10.3,33.7
Melipilla,2024-05-21,16.6,6.4,10.2,15.7,0.0
Melipilla,2024-05-22,11.5,6.9,9.3,10.4,5.8
Melipilla,2024-05-23,14.7,5.1,9.7,13.1,0.8
Melipilla,2024-05-24,16.2,2.6,8.8,14.6,0.0
Melipilla,2024-05-25,15.9,7.4,10.8,14.4,0.2
Melipilla,2024-05-26,15.7,6.0,10.6,14.9,6.3
Melipilla,2024-05-27,14.9,3.2,8.7,14.3,0.0
Melipilla,2024-05-28,15.7,3.0,9.2,14.1,0.0
Melipilla,2024-05-29,16.8,6.4,10.6,16.1,0.0
Melipilla,2024-05-30,17.7,6.7,12.3,17.8,0.0
Melipilla,2024-05-31,14.0,6.4,10.2,14.1,0.0
Melipilla,2024-06-01,18.0,6.3,11.2,17.6,0.0
Melipilla,2024-06-02,18.0,8.0,12.6,18.3,0.0
Melipilla,2024-06-03,13.7,9.3,11.4,13.1,0.0
Melipilla,2024-06-04,16.5,8.5,11.3,16.0,0.7
Melipilla,2024-06-05,15.2,8.2,11.2,13.8,0.0
Melipilla,2024-06-06,18.1,7.8,13.1,18.3,0.0
Melipilla,2024-06-07,20.9,7.5,13.8,21.6,0.0
Melipilla,2024-06-08,17.2,9.8,12.8,15.3,10.0
Melipilla,2024-06-09,15.8,10.2,12.5,15.0,19.1
Melipilla,2024-06-10,17.2,9.0,12.4,16.6,0.1
Melipilla,2024-06-11,17.0,9.3,12.2,16.2,0.1
Melipilla,2024-06-12,16.4,9.4,12.5,14.6,5.3
Melipilla,2024-06-13,13.8,11.0,12.3,12.7,55.9
Melipilla,2024-06-14,16.5,8.1,12.0,14.9,6.6
Melipilla,2024-06-15,15.7,4.6,9.8,14.7,0.0
Melipilla,2024-06-16,14.0,6.6,9.7,12.7,0.0
Melipilla,2024-06-17,16.3,6.4,10.4,15.0,20.8
Melipilla,2024-06-18,12.3,8.9,10.5,11.3,45.3
Melipilla,2024-06-19,16.0,7.8,11.1,15.3,3.3
Melipilla,2024-06-20,13.3,8.2,10.6,12.3,10.3
Melipilla,2024-06-21,10.3,7.6,9.7,9.2,69.2
Melipilla,2024-06-22,10.1,6.6,8.5,8.8,29.4
Melipilla,2024-06-23,13.0,6.2,8.6,10.6,0.0
Melipilla,2024-06-24,13.0,4.8,7.7,10.8,0.0
Melipilla,2024-06-25,12.2,2.1,6.7,11.0,0.0
Melipilla,2024-06-26,15.2,1.2,8.0,13.9,0.0
Melipilla,2024-06-27,15.7,4.1,9.9,14.5,0.0
Melipilla,2024-06-28,15.6,6.3,9.6,14.6,0.0
Melipilla,2024-06-29,17.2,5.2,10.0,16.4,0.0
Melipilla,2024-06-30,17.0,4.9,11.0,15.8,0.0
Melipilla,2024-07-01,18.3,3.4,10.9,17.7,0.0
Melipilla,2024-07-02,16.8,4.9,10.4,15.9,0.0
Melipilla,2024-07-03,15.9,5.7,9.9,15.0,0.0
Melipilla,2024-07-04,14.2,3.6,7.1,13.0,0.0
Melipilla,2024-07-05,12.5,1.9,6.3,10.4,0.0
Melipilla,2024-07-06,11.5,0.8,5.3,8.3,0.0
Melipilla,2024-07-07,12.1,0.5,5.0,9.1,0.0
Melipilla,2024-07-08,11.7,0.6,4.6,9.0,0.0
Melipilla,2024-07-09,9.2,-1.8,2.6,6.3,0.0
Melipilla,2024-07-10,11.2,0.5,4.8,9.2,0.0
Melipilla,2024-07-11,11.4,-1.1,5.4,9.5,0.0
Melipilla,2024-07-12,13.6,-0.2,4.9,10.9,0.0
Melipilla,2024-07-13,12.0,1.4,6.0,10.4,0.0
Melipilla,2024-07-14,10.8,0.6,5.0,8.9,0.0
Melipilla,2024-07-15,10.4,-0.3,4.4,8.3,0.0
Melipilla,2024-07-16,16.2,0.5,7.9,15.3,0.0
Melipilla,2024-07-17,13.8,3.4,8.7,12.4,0.0
Melipilla,2024-07-18,12.1,5.7,8.5,11.0,0.0
Melipilla,2024-07-19,14.3,4.7,8.5,13.3,0.0
Melipilla,2024-07-20,13.8,4.3,8.0,12.6,0.0
Melipilla,2024-07-21,16.9,4.3,10.5,16.2,0.0
Melipilla,2024-07-22,17.8,5.4,10.1,16.9,0.0
Melipilla,2024-07-23,13.8,5.6,8.9,12.8,0.2
Melipilla,2024-07-24,17.5,4.0,9.8,16.9,0.0
Melipilla,2024-07-25,16.6,5.1,9.9,14.8,0.0
Melipilla,2024-07-26,13.3,6.1,8.5,11.9,0.0
Melipilla,2024-07-27,15.4,3.1,8.2,13.8,0.0
Melipilla,2024-07-28,14.4,1.3,7.5,12.6,0.0
Melipilla,2024-07-29,18.0,3.0,10.3,17.5,0.0
Melipilla,2024-07-30,15.2,6.6,10.1,14.6,0.0
Melipilla,2024-07-31,13.0,8.5,10.7,11.9,0.0
Melipilla,2024-08-01,12.5,9.9,11.2,11.9,7.8
Melipilla,2024-08-02,14.1,8.9,11.6,11.1,59.8
Melipilla,2024-08-03,17.6,4.6,10.2,15.8,1.8
Melipilla,2024-08-04,17.3,5.5,10.6,16.6,0.0
Melipilla,2024-08-05,10.2,7.0,8.9,8.2,20.8
Melipilla,2024-08-06,13.2,4.1,8.6,10.3,3.0
Melipilla,2024-08-07,12.5,1.8,6.5,9.9,0.0
Melipilla,2024-08-08,15.1,0.1,7.1,13.5,0.0
Melipilla,2024-08-09,17.4,-0.1,8.5,16.3,0.0
Melipilla,2024-08-10,18.5,3.5,10.6,17.3,0.0
Melipilla,2024-08-11,19.3,5.2,12.1,19.2,0.0
Melipilla,2024-08-12,20.5,5.9,13.2,20.8,0.0
Melipilla,2024-08-13,16.2,7.9,11.4,16.0,0.0
Melipilla,2024-08-14,15.0,9.7,11.6,14.7,0.0
Melipilla,2024-08-15,16.6,6.8,10.5,15.6,0.0
Melipilla,2024-08-16,14.3,6.6,9.7,13.1,0.0
Melipilla,2024-08-17,15.2,6.3,10.1,13.8,0.0
Melipilla,2024-08-18,12.4,5.6,8.8,10.7,0.0
Melipilla,2024-08-19,13.8,4.5,8.1,11.4,0.0
Melipilla,2024-08-20,12.6,3.8,7.2,10.0,0.0
Melipilla,2024-08-21,12.2,0.3,6.0,10.1,12.5
Melipilla,2024-08-22,13.6,0.6,7.1,12.3,0.0
Melipilla,2024-08-23,12.5,3.1,7.3,10.7,5.1
Melipilla,2024-08-24,18.6,-0.6,9.0,18.3,0.0
Melipilla,2024-08-25,18.2,3.7,9.4,18.3,0.0
Melipilla,2024-08-26,17.3,1.3,9.8,15.3,0.0
Melipilla,2024-08-27,17.5,4.4,10.1,17.0,0.0
Melipilla,2024-08-28,15.1,5.2,9.3,13.6,0.0
Melipilla,2024-08-29,14.5,8.9,10.8,13.1,0.6
Melipilla,2024-08-30,16.3,7.2,11.4,15.2,0.8
Melipilla,2024-08-31,20.0,2.9,11.4,20.1,0.0
Melipilla,2024-09-01,21.1,5.7,12.2,21.6,0.0
Melipilla,2024-09-02,14.3,6.2,9.5,12.2,0.1
Melipilla,2024-09-03,17.4,5.0,10.7,16.4,0.0
Melipilla,2024-09-04,19.1,4.3,10.9,19.0,0.0
Melipilla,2024-09-05,20.2,7.6,12.3,19.8,0.0
Melipilla,2024-09-06,18.1,4.5,10.0,16.6,0.0
Melipilla,2024-09-07,16.9,6.5,11.1,14.7,0.0
Melipilla,2024-09-08,18.6,6.4,11.5,19.0,0.0
Melipilla,2024-09-09,20.8,6.7,13.0,20.6,0.0
Melipilla,2024-09-10,19.0,6.9,12.2,17.2,0.2
Melipilla,2024-09-11,19.7,5.3,11.7,19.0,0.0
Melipilla,2024-09-12,16.7,6.3,10.3,15.7,0.0
Melipilla,2024-09-13,19.3,6.2,12.2,18.2,0.0
Melipilla,2024-09-14,22.1,7.0,13.7,22.0,0.0
Melipilla,2024-09-15,24.1,8.9,15.1,24.4,0.0
Melipilla,2024-09-16,23.9,9.4,14.8,23.6,0.0
Melipilla,2024-09-17,19.9,7.4,12.4,20.2,0.0
Melipilla,2024-09-18,16.6,7.8,12.1,15.7,1.9
Melipilla,2024-09-19,15.5,8.8,11.7,13.0,14.1
Melipilla,2024-09-20,18.0,5.7,10.9,16.7,0.0
Melipilla,2024-09-21,17.0,6.1,10.7,16.0,0.0
Melipilla,2024-09-22,14.5,8.3,11.5,14.0,4.8
Melipilla,2024-09-23,17.8,7.6,12.0,16.5,0.0
Melipilla,2024-09-24,18.8,6.2,11.4,17.4,0.0
Melipilla,2024-09-25,19.4,4.1,11.6,18.6,0.0
Melipilla,2024-09-26,24.2,4.6,13.9,25.0,0.0
Melipilla,2024-09-27,21.5,6.6,13.2,20.9,0.0
Melipilla,2024-09-28,24.4,8.8,15.1,24.5,0.0
Melipilla,2024-09-29,19.8,7.2,12.4,19.6,0.1
Melipilla,2024-09-30,19.2,9.9,13.5,17.6,2.2
Melipilla,2024-10-01,19.6,9.9,14.1,18.5,0.0
Melipilla,2024-10-02,21.7,7.3,14.0,21.4,0.0
Melipilla,2024-10-03,24.5,9.1,15.4,24.6,0.0
Melipilla,2024-10-04,22.4,8.7,14.9,23.3,0.0
Melipilla,2024-10-05,25.2,7.6,15.3,25.8,0.0
Melipilla,2024-10-06,20.8,11.4,15.4,20.4,0.0
Melipilla,2024-10-07,21.9,10.3,14.9,22.7,1.0
Melipilla,2024-10-08,16.8,12.5,14.1,15.3,18.5
Melipilla,2024-10-09,21.6,9.1,14.5,21.7,0.0
Melipilla,2024-10-10,17.2,11.0,13.4,16.3,0.0
Melipilla,2024-10-11,18.2,11.5,14.1,16.9,0.0
Melipilla,2024-10-12,20.3,9.7,14.3,18.8,0.0
Melipilla,2024-10-13,23.5,8.6,14.9,23.8,0.0
Melipilla,2024-10-14,22.3,7.6,14.1,22.2,0.0
Melipilla,2024-10-15,27.6,9.2,16.5,28.6,0.0
Melipilla,2024-10-16,18.2,9.3,13.2,17.2,0.1
Melipilla,2024-10-17,26.7,7.2,15.4,26.3,0.0
Melipilla,2024-10-18,26.5,10.7,16.5,27.7,0.0
Melipilla,2024-10-19,18.5,10.8,13.5,17.7,0.0
Melipilla,2024-10-20,20.7,11.9,15.1,18.6,0.1
Melipilla,2024-10-21,25.5,10.0,16.7,25.4,0.0
Melipilla,2024-10-22,21.2,11.8,15.8,21.0,5.5
Melipilla,2024-10-23,20.2,11.0,14.9,19.5,0.5
Melipilla,2024-10-24,26.5,10.4,16.2,26.6,0.0
Melipilla,2024-10-25,25.7,8.1,16.4,24.6,0.0
Melipilla,2024-10-26,26.9,11.4,17.1,27.7,0.0
Melipilla,2024-10-27,24.9,8.2,15.2,25.6,0.0
Melipilla,2024-10-28,28.0,10.0,16.9,29.6,0.0
Melipilla,2024-10-29,24.0,11.5,15.9,25.0,0.0
Melipilla,2024-10-30,23.1,11.6,16.1,24.1,0.0
Melipilla,2024-10-31,22.3,10.5,14.7,23.1,0.0
Melipilla,2024-11-01,20.2,10.8,14.6,20.5,0.3
Melipilla,2024-11-02,26.5,7.4,16.4,25.9,0.0
Melipilla,2024-11-03,21.8,9.3,14.3,22.1,0.0
Melipilla,2024-11-04,25.5,7.4,15.7,23.7,0.0
Melipilla,2024-11-05,27.7,10.4,18.1,25.9,0.0
Melipilla,2024-11-06,28.4,10.4,18.7,26.9,0.0
Melipilla,2024-11-07,28.1,10.6,18.0,28.2,0.0
Melipilla,2024-11-08,30.8,12.4,20.5,30.4,0.0
Melipilla,2024-11-09,27.8,12.1,18.8,28.3,0.0
Melipilla,2024-11-10,24.5,13.0,17.6,22.9,0.4
Melipilla,2024-11-11,28.0,10.9,19.2,25.0,0.0
Melipilla,2024-11-12,30.8,12.3,21.6,29.7,0.0
Melipilla,2024-11-13,23.3,11.9,17.5,24.4,0.0
Melipilla,2024-11-14,21.7,9.8,15.1,23.0,0.0
Melipilla,2024-11-15,23.7,12.1,16.7,25.0,0.0
Melipilla,2024-11-16,20.9,11.2,15.4,20.0,1.0
Melipilla,2024-11-17,25.7,8.1,16.2,26.1,0.0
Melipilla,2024-11-18,22.2,10.0,15.2,23.0,0.0
Melipilla,2024-11-19,22.8,10.5,14.7,23.7,0.0
Melipilla,2024-11-20,24.9,10.2,16.1,25.9,0.0
Melipilla,2024-11-21,22.5,9.3,15.5,23.2,0.0
Melipilla,2024-11-22,25.0,9.6,16.5,25.3,0.0
Melipilla,2024-11-23,28.8,11.2,19.6,29.0,0.0
Melipilla,2024-11-24,27.5,12.1,19.7,28.2,0.0
Melipilla,2024-11-25,25.7,12.0,18.8,25.8,0.0
Melipilla,2024-11-26,25.9,11.1,17.8,25.7,0.0
Melipilla,2024-11-27,23.2,9.2,15.5,23.3,0.0
Melipilla,2024-11-28,26.0,8.9,16.9,25.7,0.0
Melipilla,2024-11-29,26.2,11.1,18.2,25.9,0.0
Melipilla,2024-11-30,21.5,10.1,15.4,21.9,0.0
Melipilla,2024-12-01,24.3,12.1,17.5,24.0,0.3
Melipilla,2024-12-02,26.4,9.8,17.0,25.6,0.0
Melipilla,2024-12-03,23.0,9.5,15.8,23.7,0.0
Melipilla,2024-12-04,21.4,11.0,15.3,22.3,0.0
Melipilla,2024-12-05,21.5,10.1,15.1,21.4,0.0
Melipilla,2024-12-06,26.1,9.2,17.2,26.1,0.0
Melipilla,2024-12-07,24.2,11.4,17.1,24.3,0.0
Melipilla,2024-12-08,22.8,8.7,14.9,23.3,0.0
Melipilla,2024-12-09,28.2,9.3,17.3,28.5,0.0
Melipilla,2024-12-10,24.2,10.5,16.8,25.0,0.0
Melipilla,2024-12-11,26.1,10.3,17.6,26.7,0.0
Melipilla,2024-12-12,24.0,11.4,17.0,25.6,0.0
Melipilla,2024-12-13,29.3,12.2,19.7,28.8,0.0
Melipilla,2024-12-14,26.9,11.0,17.9,27.9,0.0
Melipilla,2024-12-15,21.9,10.8,16.0,22.5,0.0
Melipilla,2024-12-16,22.4,10.4,15.7,23.3,0.0
Melipilla,2024-12-17,23.5,11.0,16.4,24.3,0.1
Melipilla,2024-12-18,27.9,10.3,18.1,27.9,0.0
Melipilla,2024-12-19,32.6,13.1,22.2,30.6,0.0
Melipilla,2024-12-20,30.1,13.1,21.2,29.3,0.0
Melipilla,2024-12-21,33.0,13.7,22.6,32.8,0.0
Melipilla,2024-12-22,29.9,15.9,21.4,31.4,0.0
Melipilla,2024-12-23,24.9,13.6,19.2,25.8,0.0
Melipilla,2024-12-24,25.8,13.4,18.9,27.3,0.0
Melipilla,2024-12-25,23.6,12.5,17.1,25.0,0.0
Melipilla,2024-12-26,23.8,13.6,17.5,25.6,0.0
Melipilla,2024-12-27,24.1,12.4,17.7,25.6,0.0
Melipilla,2024-12-28,25.9,12.2,17.9,27.3,0.0
Melipilla,2024-12-29,26.9,12.4,18.0,28.7,0.0
Melipilla,2024-12-30,27.1,12.3,18.4,29.1,0.0
Melipilla,2024-12-31,29.1,13.0,19.9,30.9,0.0
Padre Hurtado,2024-01-01,27.2,11.2,18.6,28.1,0.0
Padre Hurtado,2024-01-02,29.4,12.3,20.3,30.3,0.0
Padre Hurtado,2024-01-03,28.4,13.7,20.3,29.2,0.0
Padre Hurtado,2024-01-04,27.5,13.2,19.3,28.5,0.0
Padre Hurtado,2024-01-05,26.1,13.6,18.7,27.0,0.0
Padre Hurtado,2024-01-06,26.1,13.5,18.8,27.0,0.0
Padre Hurtado,2024-01-07,30.1,12.5,21.1,29.5,0.0
Padre Hurtado,2024-01-08,29.5,13.2,20.9,29.0,0.0
Padre Hurtado,2024-01-09,28.8,13.9,20.2,28.5,0.0
Padre Hurtado,2024-01-10,28.9,12.8,20.5,29.3,0.0
Padre Hurtado,2024-01-11,28.8,14.5,20.4,28.8,0.0
Padre Hurtado,2024-01-12,27.1,13.0,18.9,27.0,0.0
Padre Hurtado,2024-01-13,26.2,12.3,18.0,26.3,0.0
Padre Hurtado,2024-01-14,33.6,12.7,22.9,32.5,0.0
Padre Hurtado,2024-01-15,29.8,13.9,21.6,28.9,0.0
Padre Hurtado,2024-01-16,31.8,11.8,21.4,30.6,0.0
Padre Hurtado,2024-01-17,28.7,15.5,21.1,28.9,0.0
Padre Hurtado,2024-01-18,32.2,13.6,22.1,32.2,0.0
Padre Hurtado,2024-01-19,31.4,15.9,23.5,30.9,0.0
Padre Hurtado,2024-01-20,29.1,16.0,21.9,29.5,0.0
Padre Hurtado,2024-01-21,30.7,14.6,21.8,31.0,0.0
Padre Hurtado,2024-01-22,30.3,14.8,22.0,31.1,0.0
Padre Hurtado,2024-01-23,28.2,14.6,20.3,28.8,0.0
Padre Hurtado,2024-01-24,32.3,14.9,22.9,33.5,0.0
Padre Hurtado,2024-01-25,29.4,15.9,21.4,30.0,0.0
Padre Hurtado,2024-01-26,28.9,14.2,20.2,29.7,0.0
Padre Hurtado,2024-01-27,31.3,14.4,21.8,32.7,0.0
Padre Hurtado,2024-01-28,28.9,15.7,20.7,29.6,0.0
Padre Hurtado,2024-01-29,30.6,15.4,21.6,31.8,0.0
Padre Hurtado,2024-01-30,34.0,15.4,24.0,34.2,0.0
Padre Hurtado,2024-01-31,36.1,17.1,26.4,34.8,0.0
Padre Hurtado,2024-02-01,33.6,18.3,25.6,33.2,0.0
Padre Hurtado,2024-02-02,36.7,16.1,26.0,36.2,0.0
Padre Hurtado,2024-02-03,35.7,18.8,26.5,34.9,0.0
Padre Hurtado,2024-02-04,29.7,15.6,21.9,30.0,0.0
Padre Hurtado,2024-02-05,31.3,13.6,22.0,31.9,0.0
Padre Hurtado,2024-02-06,29.4,16.6,22.2,29.8,0.0
Padre Hurtado,2024-02-07,33.8,15.5,23.9,35.0,0.0
Padre Hurtado,2024-02-08,31.2,16.3,23.4,32.5,0.0
Padre Hurtado,2024-02-09,29.5,15.0,21.0,29.9,0.0
Padre Hurtado,2024-02-10,31.4,14.8,22.5,31.4,0.0
Padre Hurtado,2024-02-11,28.0,13.6,20.0,28.2,0.0
Padre Hurtado,2024-02-12,34.6,14.8,24.0,34.1,0.0
Padre Hurtado,2024-02-13,29.9,15.3,21.9,29.8,0.0
Padre Hurtado,2024-02-14,30.2,13.1,20.0,31.4,0.0
Padre Hurtado,2024-02-15,29.5,13.6,20.1,30.8,0.0
Padre Hurtado,2024-02-16,27.7,14.0,20.1,28.3,0.0
Padre Hurtado,2024-02-17,34.2,14.7,23.5,32.8,0.0
Padre Hurtado,2024-02-18,31.7,16.1,23.3,31.8,0.0
Padre Hurtado,2024-02-19,27.9,13.9,19.2,28.3,0.0
Padre Hurtado,2024-02-20,28.9,14.1,19.6,30.0,0.0
Padre Hurtado,2024-02-21,27.8,13.6,19.4,28.6,0.0
Padre Hurtado,2024-02-22,17.9,15.0,16.6,18.1,5.7
Padre Hurtado,2024-02-23,28.9,12.1,20.3,31.2,0.0
Padre Hurtado,2024-02-24,29.6,14.7,21.7,30.7,0.0
Padre Hurtado,2024-02-25,29.0,14.6,21.0,29.6,0.0
Padre Hurtado,2024-02-26,30.5,14.2,21.9,30.9,0.0
Padre Hurtado,2024-02-27,29.7,16.9,22.0,29.4,0.0
Padre Hurtado,2024-02-28,32.2,14.0,22.3,31.8,0.0
Padre Hurtado,2024-02-29,32.3,15.7,23.1,32.4,0.0
Padre Hurtado,2024-03-01,27.8,14.7,20.9,27.0,0.0
Padre Hurtado,2024-03-02,30.9,15.8,22.4,29.2,0.0
Padre Hurtado,2024-03-03,30.0,16.4,22.1,29.5,0.0
Padre Hurtado,2024-03-04,30.7,14.5,21.7,30.0,0.0
Padre Hurtado,2024-03-05,28.6,14.8,20.4,27.8,0.0
Padre Hurtado,2024-03-06,28.0,13.7,20.0,27.8,0.0
Padre Hurtado,2024-03-07,26.5,12.0,18.0,25.3,0.0
Padre Hurtado,2024-03-08,26.9,10.5,18.1,25.4,0.0
Padre Hurtado,2024-03-09,29.8,11.6,20.2,28.3,0.0
Padre Hurtado,2024-03-10,27.7,14.2,19.8,27.2,0.0
Padre Hurtado,2024-03-11,26.4,12.0,17.8,26.0,0.0
Padre Hurtado,2024-03-12,28.3,11.2,18.9,26.3,0.0
Padre Hurtado,2024-03-13,28.2,11.9,19.4,27.0,0.0
Padre Hurtado,2024-03-14,28.2,12.6,19.8,26.1,0.0
Padre Hurtado,2024-03-15,27.6,12.1,19.4,25.4,0.0
Padre Hurtado,2024-03-16,28.5,11.1,19.2,26.3,0.0
Padre Hurtado,2024-03-17,29.5,12.0,20.1,27.3,0.0
Padre Hurtado,2024-03-18,30.7,12.5,21.2,29.1,0.0
Padre Hurtado,2024-03-19,25.9,13.1,19.4,24.6,0.0
Padre Hurtado,2024-03-20,22.6,11.6,16.0,21.3,1.1
Padre Hurtado,2024-03-21,30.9,11.8,20.9,30.9,0.0
Padre Hurtado,2024-03-22,30.7,15.2,22.3,30.1,0.0
Padre Hurtado,2024-03-23,28.9,15.5,21.2,28.5,0.0
Padre Hurtado,2024-03-24,30.4,15.5,21.7,29.7,0.0
Padre Hurtado,2024-03-25,26.3,14.2,19.4,26.3,0.0
Padre Hurtado,2024-03-26,28.5,13.3,20.2,28.8,0.0
Padre Hurtado,2024-03-27,28.9,14.7,21.7,28.9,0.0
Padre Hurtado,2024-03-28,28.3,14.4,20.4,28.5,0.0
Padre Hurtado,2024-03-29,28.9,14.2,20.8,28.9,0.0
Padre Hurtado,2024-03-30,30.2,14.5,22.1,30.2,0.0
Padre Hurtado,2024-03-31,28.2,14.6,21.1,26.8,0.0
Padre Hurtado,2024-04-01,25.8,13.6,19.0,22.9,0.0
Padre Hurtado,2024-04-02,24.1,12.4,17.6,21.5,0.8
Padre Hurtado,2024-04-03,20.9,13.0,16.5,20.9,0.0
Padre Hurtado,2024-04-04,26.1,12.0,18.7,25.7,0.0
Padre Hurtado,2024-04-05,26.9,13.1,19.1,26.3,0.0
Padre Hurtado,2024-04-06,24.5,11.0,17.3,23.0,0.0
Padre Hurtado,2024-04-07,26.2,11.0,18.1,26.3,0.0
Padre Hurtado,2024-04-08,24.5,11.7,17.5,23.0,0.0
Padre Hurtado,2024-04-09,25.4,10.9,17.5,24.2,0.0
Padre Hurtado,2024-04-10,25.7,11.1,17.1,25.1,0.0
Padre Hurtado,2024-04-11,20.9,9.1,13.4,18.1,0.0
Padre Hurtado,2024-04-12,15.6,10.2,12.4,14.7,0.3
Padre Hurtado,2024-04-13,19.9,7.7,13.3,18.7,0.0
Padre Hurtado,2024-04-14,21.3,9.4,14.9,19.8,0.6
Padre Hurtado,2024-04-15,19.6,12.1,14.3,18.7,5.3
Padre Hurtado,2024-04-16,23.4,8.8,15.5,22.3,0.0
Padre Hurtado,2024-04-17,27.9,9.4,17.9,26.1,0.0
Padre Hurtado,2024-04-18,29.8,12.6,19.8,28.0,0.0
Padre Hurtado,2024-04-19,23.4,11.8,17.3,22.7,0.0
Padre Hurtado,2024-04-20,21.1,13.3,16.5,20.3,0.0
Padre Hurtado,2024-04-21,18.7,12.4,14.9,17.0,0.0
Padre Hurtado,2024-04-22,20.4,10.3,14.5,18.9,0.1
Padre Hurtado,2024-04-23,24.0,9.0,15.7,23.2,0.0
Padre Hurtado,2024-04-24,21.6,9.5,14.6,20.4,0.0
Padre Hurtado,2024-04-25,21.9,6.9,14.2,19.6,0.0
Padre Hurtado,2024-04-26,19.4,8.7,13.4,17.8,0.0
Padre Hurtado,2024-04-27,19.7,8.8,13.0,18.3,0.0
Padre Hurtado,2024-04-28,16.7,7.2,11.5,13.8,0.0
Padre Hurtado,2024-04-29,18.0,5.1,11.4,14.0,0.0
Padre Hurtado,2024-04-30,15.3,7.0,10.9,13.9,34.0
Padre Hurtado,2024-05-01,15.3,6.6,10.5,13.1,0.0
Padre Hurtado,2024-05-02,15.0,3.9,9.0,12.7,0.0
Padre Hurtado,2024-05-03,15.8,3.3,9.6,13.5,0.0
Padre Hurtado,2024-05-04,18.1,4.6,10.8,15.7,0.0
Padre Hurtado,2024-05-05,15.6,8.1,10.9,14.5,0.0
Padre Hurtado,2024-05-06,15.8,5.1,9.9,13.4,0.0
Padre Hurtado,2024-05-07,10.0,3.5,6.8,8.2,35.2
Padre Hurtado,2024-05-08,15.0,1.7,7.4,12.9,0.0
Padre Hurtado,2024-05-09,16.0,2.7,8.4,14.5,0.0
Padre Hurtado,2024-05-10,14.0,4.6,9.3,12.4,0.0
Padre Hurtado,2024-05-11,14.1,3.7,8.7,12.4,0.0
Padre Hurtado,2024-05-12,13.9,3.5,8.5,11.5,0.0
Padre Hurtado,2024-05-13,15.0,1.2,7.5,13.0,0.0
Padre Hurtado,2024-05-14,15.1,2.0,7.7,12.5,0.0
Padre Hurtado,2024-05-15,12.5,3.0,6.6,8.9,0.1
Padre Hurtado,2024-05-16,14.8,2.3,7.7,12.6,0.0
Padre Hurtado,2024-05-17,14.4,2.8,7.8,12.3,0.0
Padre Hurtado,2024-05-18,15.6,2.0,7.9,13.6,0.0
Padre Hurtado,2024-05-19,17.7,2.5,9.7,15.6,0.0
Padre Hurtado,2024-05-20,11.7,7.8,9.3,9.2,23.1
Padre Hurtado,2024-05-21,14.5,6.9,9.6,13.8,43.9
Padre Hurtado,2024-05-22,10.4,6.7,8.7,9.7,15.0
Padre Hurtado,2024-05-23,12.9,4.9,8.4,11.7,4.3
Padre Hurtado,2024-05-24,15.8,3.0,9.2,14.2,0.0
Padre Hurtado,2024-05-25,15.0,8.1,10.5,13.9,0.2
Padre Hurtado,2024-05-26,13.9,6.5,9.3,12.8,8.7
Padre Hurtado,2024-05-27,16.7,3.3,9.0,15.5,0.0
Padre Hurtado,2024-05-28,18.7,5.3,10.0,17.2,0.0
Padre Hurtado,2024-05-29,19.2,7.1,11.6,18.3,0.0
Padre Hurtado,2024-05-30,19.5,7.1,12.3,19.8,0.0
Padre Hurtado,2024-05-31,15.8,6.7,10.8,15.1,0.0
Padre Hurtado,2024-06-01,19.3,5.1,11.3,18.0,0.0
Padre Hurtado,2024-06-02,19.9,8.5,12.6,20.0,0.0
Padre Hurtado,2024-06-03,15.4,9.1,12.6,14.1,0.0
Padre Hurtado,2024-06-04,18.8,6.9,11.5,17.9,1.5
Padre Hurtado,2024-06-05,14.3,9.2,11.2,13.6,0.0
Padre Hurtado,2024-06-06,18.1,8.4,13.0,17.7,0.0
Padre Hurtado,2024-06-07,21.3,8.3,13.6,21.2,0.0
Padre Hurtado,2024-06-08,15.9,9.0,11.9,14.8,2.0
Padre Hurtado,2024-06-09,14.0,7.8,10.7,13.2,10.0
Padre Hurtado,2024-06-10,15.8,9.4,11.6,14.9,0.6
Padre Hurtado,2024-06-11,15.6,9.1,11.5,14.7,0.0
Padre Hurtado,2024-06-12,14.8,8.5,10.7,14.2,0.0
Padre Hurtado,2024-06-13,12.6,8.5,10.1,11.8,48.0
Padre Hurtado,2024-06-14,14.4,6.9,10.3,13.3,17.9
Padre Hurtado,2024-06-15,15.3,4.6,9.5,14.4,0.0
Padre Hurtado,2024-06-16,14.6,6.5,9.6,14.0,0.0
Padre Hurtado,2024-06-17,14.8,5.9,9.8,13.3,9.5
Padre Hurtado,2024-06-18,9.9,6.7,8.4,9.2,58.6
Padre Hurtado,2024-06-19,15.1,6.3,9.5,13.9,10.2
Padre Hurtado,2024-06-20,12.0,5.6,8.6,11.4,0.0
Padre Hurtado,2024-06-21,9.1,6.5,8.1,7.0,68.0
Padre Hurtado,2024-06-22,8.4,6.0,7.0,7.1,27.9
Padre Hurtado,2024-06-23,11.1,4.9,7.5,8.9,0.0
Padre Hurtado,2024-06-24,9.9,3.7,6.4,7.8,0.0
Padre Hurtado,2024-06-25,11.5,2.9,6.2,9.9,0.0
Padre Hurtado,2024-06-26,17.0,1.2,7.8,15.6,0.0
Padre Hurtado,2024-06-27,15.3,5.0,9.4,13.8,0.0
Padre Hurtado,2024-06-28,15.3,5.2,8.8,14.4,0.0
Padre Hurtado,2024-06-29,19.3,4.6,10.4,18.3,0.0
Padre Hurtado,2024-06-30,19.3,4.9,10.7,18.3,0.0
Padre Hurtado,2024-07-01,20.8,5.8,11.6,19.8,0.0
Padre Hurtado,2024-07-02,17.3,3.9,10.0,16.1,0.0
Padre Hurtado,2024-07-03,17.3,6.7,10.6,16.2,0.0
Padre Hurtado,2024-07-04,14.0,4.0,7.8,13.0,0.0
Padre Hurtado,2024-07-05,16.6,1.8,7.7,14.7,0.0
Padre Hurtado,2024-07-06,13.3,2.6,7.0,10.5,0.0
Padre Hurtado,2024-07-07,14.8,1.1,6.1,11.5,0.0
Padre Hurtado,2024-07-08,15.0,0.5,6.6,11.8,0.0
Padre Hurtado,2024-07-09,9.2,0.4,5.5,5.9,0.0
Padre Hurtado,2024-07-10,10.5,0.9,4.8,8.1,0.0
Padre Hurtado,2024-07-11,11.2,-0.6,4.5,9.4,0.0
Padre Hurtado,2024-07-12,15.1,0.7,6.4,11.2,0.0
Padre Hurtado,2024-07-13,13.8,0.5,6.0,11.2,0.0
Padre Hurtado,2024-07-14,11.3,2.3,7.0,8.5,0.0
Padre Hurtado,2024-07-15,13.6,-0.6,5.4,10.7,0.0
Padre Hurtado,2024-07-16,19.5,1.0,9.1,16.5,0.0
Padre Hurtado,2024-07-17,18.4,2.7,9.3,15.5,0.1
Padre Hurtado,2024-07-18,11.3,5.1,8.1,9.6,0.4
Padre Hurtado,2024-07-19,14.0,5.0,8.5,12.7,0.0
Padre Hurtado,2024-07-20,13.6,5.1,7.9,12.5,0.0
Padre Hurtado,2024-07-21,15.6,5.2,9.6,13.5,0.0
Padre Hurtado,2024-07-22,18.7,4.8,10.2,17.9,0.0
Padre Hurtado,2024-07-23,12.2,5.4,8.1,11.4,0.3
Padre Hurtado,2024-07-24,17.7,3.7,9.9,16.2,0.0
Padre Hurtado,2024-07-25,15.5,4.4,9.5,14.1,0.0
Padre Hurtado,2024-07-26,13.5,4.9,8.5,12.5,0.0
Padre Hurtado,2024-07-27,16.0,2.5,8.2,14.9,0.0
Padre Hurtado,2024-07-28,18.0,2.2,8.4,16.1,0.0
Padre Hurtado,2024-07-29,22.9,5.5,12.2,22.2,0.0
Padre Hurtado,2024-07-30,16.7,8.7,11.8,15.9,0.0
Padre Hurtado,2024-07-31,11.5,7.5,9.4,10.8,0.0
Padre Hurtado,2024-08-01,10.3,6.8,8.7,9.7,2.6
Padre Hurtado,2024-08-02,11.9,6.4,8.8,10.7,64.0
Padre Hurtado,2024-08-03,15.8,3.0,9.0,14.2,4.7
Padre Hurtado,2024-08-04,15.8,5.3,10.4,14.8,0.0
Padre Hurtado,2024-08-05,9.6,6.4,7.5,8.3,9.8
Padre Hurtado,2024-08-06,11.9,2.7,7.2,9.9,1.4
Padre Hurtado,2024-08-07,11.0,-0.2,5.8,8.8,0.0
Padre Hurtado,2024-08-08,14.9,-0.4,6.9,12.7,0.0
Padre Hurtado,2024-08-09,17.9,1.7,8.7,16.5,0.0
Padre Hurtado,2024-08-10,19.4,4.2,11.1,18.7,0.0
Padre Hurtado,2024-08-11,20.6,4.4,11.4,20.2,0.0
Padre Hurtado,2024-08-12,22.1,7.7,13.7,22.7,0.0
Padre Hurtado,2024-08-13,18.0,8.6,12.6,18.6,0.0
Padre Hurtado,2024-08-14,14.6,9.0,10.9,14.2,0.0
Padre Hurtado,2024-08-15,15.6,7.0,10.6,14.8,0.0
Padre Hurtado,2024-08-16,13.2,7.9,9.9,12.3,0.0
Padre Hurtado,2024-08-17,14.7,6.4,9.8,14.2,0.0
Padre Hurtado,2024-08-18,11.5,6.0,8.5,9.7,0.0
Padre Hurtado,2024-08-19,12.2,2.1,7.0,9.9,0.0
Padre Hurtado,2024-08-20,10.5,2.3,5.8,7.8,0.0
Padre Hurtado,2024-08-21,11.7,1.1,5.4,10.0,15.1
Padre Hurtado,2024-08-22,12.4,0.4,6.0,10.6,0.1
Padre Hurtado,2024-08-23,10.7,1.8,6.1,9.1,7.3
Padre Hurtado,2024-08-24,17.8,0.2,7.9,15.8,0.0
Padre Hurtado,2024-08-25,18.3,3.2,9.8,17.2,0.0
Padre Hurtado,2024-08-26,16.1,1.9,9.3,15.1,0.0
Padre Hurtado,2024-08-27,17.7,2.5,9.9,17.7,0.0
Padre Hurtado,2024-08-28,14.3,6.3,9.6,13.7,0.0
Padre Hurtado,2024-08-29,12.8,7.5,9.3,10.9,1.0
Padre Hurtado,2024-08-30,14.7,6.3,10.0,12.8,0.1
Padre Hurtado,2024-08-31,19.7,4.5,11.3,19.3,0.0
Padre Hurtado,2024-09-01,22.5,5.9,13.0,23.4,0.0
Padre Hurtado,2024-09-02,13.5,5.9,9.7,11.5,0.1
Padre Hurtado,2024-09-03,15.4,5.3,9.9,14.5,0.0
Padre Hurtado,2024-09-04,18.4,3.4,10.5,18.0,0.0
Padre Hurtado,2024-09-05,21.3,6.7,12.7,21.7,0.0
Padre Hurtado,2024-09-06,16.4,6.2,11.1,15.0,0.0
Padre Hurtado,2024-09-07,15.9,8.2,11.1,15.2,0.0
Padre Hurtado,2024-09-08,18.5,5.7,11.7,18.7,0.2
Padre Hurtado,2024-09-09,21.1,8.0,13.9,21.6,0.0
Padre Hurtado,2024-09-10,17.3,7.6,12.0,15.7,0.0
Padre Hurtado,2024-09-11,18.7,6.0,12.0,18.6,0.0
Padre Hurtado,2024-09-12,16.1,7.6,10.9,14.9,0.0
Padre Hurtado,2024-09-13,18.4,5.8,12.0,17.7,0.0
Padre Hurtado,2024-09-14,22.3,6.9,13.9,22.1,0.0
Padre Hurtado,2024-09-15,23.2,7.1,15.1,22.3,0.0
Padre Hurtado,2024-09-16,25.1,10.3,16.0,23.8,0.0
Padre Hurtado,2024-09-17,20.8,7.2,13.3,20.7,0.0
Padre Hurtado,2024-09-18,19.8,7.9,12.1,19.1,0.0
Padre Hurtado,2024-09-19,16.3,6.9,10.8,12.8,4.4
Padre Hurtado,2024-09-20,18.8,5.8,11.7,17.6,0.0
Padre Hurtado,2024-09-21,16.9,7.1,10.8,14.9,0.0
Padre Hurtado,2024-09-22,14.6,7.8,10.7,13.1,1.2
Padre Hurtado,2024-09-23,16.5,8.3,11.8,14.2,0.3
Padre Hurtado,2024-09-24,18.1,6.0,11.4,16.7,0.0
Padre Hurtado,2024-09-25,19.0,5.7,11.7,18.2,0.0
Padre Hurtado,2024-09-26,25.5,5.6,14.8,24.9,0.0
Padre Hurtado,2024-09-27,21.5,7.7,14.9,20.9,0.0
Padre Hurtado,2024-09-28,25.2,10.3,16.7,24.9,0.0
Padre Hurtado,2024-09-29,19.4,7.8,12.7,18.4,0.0
Padre Hurtado,2024-09-30,19.6,8.6,12.4,17.8,0.0
Padre Hurtado,2024-10-01,18.8,7.5,12.6,17.8,0.1
Padre Hurtado,2024-10-02,21.7,6.6,14.2,21.6,0.0
Padre Hurtado,2024-10-03,25.5,8.1,16.4,25.7,0.0
Padre Hurtado,2024-10-04,26.2,11.0,16.8,26.0,0.0
Padre Hurtado,2024-10-05,25.6,9.5,17.6,25.6,0.0
Padre Hurtado,2024-10-06,23.3,12.3,16.6,20.9,0.5
Padre Hurtado,2024-10-07,22.9,11.3,15.9,22.7,8.1
Padre Hurtado,2024-10-08,15.1,10.7,12.5,13.7,15.8
Padre Hurtado,2024-10-09,20.0,8.3,14.1,19.1,0.0
Padre Hurtado,2024-10-10,17.5,11.1,13.6,16.4,0.1
Padre Hurtado,2024-10-11,17.6,10.6,13.5,16.3,0.0
Padre Hurtado,2024-10-12,19.4,9.2,14.3,18.5,0.0
Padre Hurtado,2024-10-13,23.4,9.7,16.0,24.3,0.0
Padre Hurtado,2024-10-14,21.8,9.4,15.5,21.1,0.0
Padre Hurtado,2024-10-15,28.7,9.5,17.8,30.0,0.0
Padre Hurtado,2024-10-16,18.7,8.8,13.2,17.2,0.0
Padre Hurtado,2024-10-17,26.3,6.8,16.5,26.5,0.0
Padre Hurtado,2024-10-18,28.3,9.8,18.9,28.6,0.0
Padre Hurtado,2024-10-19,20.9,10.2,14.2,20.4,0.0
Padre Hurtado,2024-10-20,21.1,9.4,14.1,19.2,0.4
Padre Hurtado,2024-10-21,25.3,8.5,16.5,25.0,0.0
Padre Hurtado,2024-10-22,23.1,11.3,15.9,22.8,4.7
Padre Hurtado,2024-10-23,20.8,9.7,14.2,19.7,2.2
Padre Hurtado,2024-10-24,26.9,7.8,16.3,26.7,0.0
Padre Hurtado,2024-10-25,25.6,10.1,17.2,25.2,0.0
Padre Hurtado,2024-10-26,29.0,10.1,18.9,29.1,0.0
Padre Hurtado,2024-10-27,26.7,9.9,17.6,26.7,0.0
Padre Hurtado,2024-10-28,32.2,13.1,20.5,32.8,0.0
Padre Hurtado,2024-10-29,24.3,11.6,16.8,24.3,0.0
Padre Hurtado,2024-10-30,24.6,12.0,16.8,24.9,0.0
Padre Hurtado,2024-10-31,25.0,11.8,16.7,25.4,0.1
Padre Hurtado,2024-11-01,20.6,10.7,14.1,20.3,0.0
Padre Hurtado,2024-11-02,26.1,7.8,16.9,25.3,0.0
Padre Hurtado,2024-11-03,23.2,9.2,14.9,22.3,0.0
Padre Hurtado,2024-11-04,24.6,7.1,15.6,23.3,0.0
Padre Hurtado,2024-11-05,27.3,9.2,18.3,26.3,0.0
Padre Hurtado,2024-11-06,27.7,12.4,19.3,26.7,0.0
Padre Hurtado,2024-11-07,27.3,11.4,18.8,26.8,1.6
Padre Hurtado,2024-11-08,30.3,12.5,21.2,29.9,0.0
Padre Hurtado,2024-11-09,27.5,13.5,19.8,27.2,0.0
Padre Hurtado,2024-11-10,23.3,11.8,17.0,21.5,0.0
Padre Hurtado,2024-11-11,27.9,9.9,18.8,26.2,0.0
Padre Hurtado,2024-11-12,32.0,12.3,22.2,30.5,0.0
Padre Hurtado,2024-11-13,25.3,12.7,19.6,24.5,0.0
Padre Hurtado,2024-11-14,24.4,11.4,16.9,25.1,0.0
Padre Hurtado,2024-11-15,23.7,10.9,16.6,23.9,0.0
Padre Hurtado,2024-11-16,20.1,11.5,15.2,19.1,4.3
Padre Hurtado,2024-11-17,25.0,8.9,16.4,25.3,0.0
Padre Hurtado,2024-11-18,24.3,11.2,16.8,24.4,0.0
Padre Hurtado,2024-11-19,23.7,9.6,15.3,23.4,0.0
Padre Hurtado,2024-11-20,24.8,11.3,17.0,24.9,0.0
Padre Hurtado,2024-11-21,24.9,11.4,17.5,25.0,0.0
Padre Hurtado,2024-11-22,25.5,10.1,17.5,25.1,0.0
Padre Hurtado,2024-11-23,29.1,11.7,19.8,28.9,0.0
Padre Hurtado,2024-11-24,28.0,12.8,19.9,27.6,0.0
Padre Hurtado,2024-11-25,26.1,13.2,19.0,25.1,0.0
Padre Hurtado,2024-11-26,25.6,11.7,17.8,24.2,0.0
Padre Hurtado,2024-11-27,23.7,9.6,15.8,22.7,0.0
Padre Hurtado,2024-11-28,25.5,9.4,17.1,24.2,0.0
Padre Hurtado,2024-11-29,27.4,12.2,19.5,26.2,0.0
Padre Hurtado,2024-11-30,23.9,10.9,16.9,22.7,0.0
Padre Hurtado,2024-12-01,23.8,10.6,16.4,22.6,0.0
Padre Hurtado,2024-12-02,25.8,10.8,17.7,23.9,0.0
Padre Hurtado,2024-12-03,24.6,10.3,16.7,24.4,0.0
Padre Hurtado,2024-12-04,22.9,10.6,15.4,23.2,0.0
Padre Hurtado,2024-12-05,21.5,9.1,14.4,21.2,0.0
Padre Hurtado,2024-12-06,25.7,9.4,17.1,24.3,0.0
Padre Hurtado,2024-12-07,25.3,12.3,18.0,24.9,0.0
Padre Hurtado,2024-12-08,23.6,9.1,15.5,22.5,0.0
Padre Hurtado,2024-12-09,28.9,9.9,18.9,28.3,0.0
Padre Hurtado,2024-12-10,26.2,12.4,18.8,26.0,0.0
Padre Hurtado,2024-12-11,27.7,12.0,19.6,27.5,0.0
Padre Hurtado,2024-12-12,26.5,10.2,17.4,26.1,0.0
Padre Hurtado,2024-12-13,29.2,13.5,20.6,28.1,0.0
Padre Hurtado,2024-12-14,28.8,13.4,20.1,28.6,0.0
Padre Hurtado,2024-12-15,24.8,12.5,17.4,24.6,0.0
Padre Hurtado,2024-12-16,24.6,11.3,16.6,24.6,0.0
Padre Hurtado,2024-12-17,24.8,11.2,17.1,24.6,0.0
Padre Hurtado,2024-12-18,27.4,10.9,19.3,27.8,0.0
Padre Hurtado,2024-12-19,32.8,15.3,23.2,31.3,0.0
Padre Hurtado,2024-12-20,29.7,15.2,21.3,28.3,0.0
Padre Hurtado,2024-12-21,31.8,14.3,23.0,31.3,0.0
Padre Hurtado,2024-12-22,32.2,17.4,23.9,32.6,0.0
Padre Hurtado,2024-12-23,27.4,17.2,21.8,27.5,0.0
Padre Hurtado,2024-12-24,29.0,15.6,21.1,29.4,0.0
Padre Hurtado,2024-12-25,26.5,13.8,18.7,26.9,0.0
Padre Hurtado,2024-12-26,25.9,12.2,17.4,26.7,0.0
Padre Hurtado,2024-12-27,26.2,13.2,18.5,27.3,0.0
Padre Hurtado,2024-12-28,27.4,13.1,18.9,28.2,0.0
Padre Hurtado,2024-12-29,28.9,13.6,19.9,30.0,0.0
Padre Hurtado,2024-12-30,28.4,13.1,20.3,29.7,0.0
Padre Hurtado,2024-12-31,29.4,14.2,21.2,30.3,0.0
Paine,2024-01-01,31.0,11.1,19.6,30.4,0.0
Paine,2024-01-02,32.4,11.7,20.8,33.0,0.0
Paine,2024-01-03,30.9,13.9,21.5,32.0,0.0
Paine,2024-01-04,29.5,13.1,20.7,30.6,0.0
Paine,2024-01-05,28.0,13.1,19.7,28.8,0.0
Paine,2024-01-06,28.5,13.6,20.1,29.6,0.0
Paine,2024-01-07,31.0,12.4,21.6,31.5,0.0
Paine,2024-01-08,31.5,12.9,21.6,30.9,0.0
Paine,2024-01-09,31.4,14.2,21.2,30.9,0.0
Paine,2024-01-10,31.5,13.1,21.1,30.5,0.0
Paine,2024-01-11,31.5,14.8,21.4,30.5,0.0
Paine,2024-01-12,29.3,12.2,19.7,29.4,0.0
Paine,2024-01-13,29.1,10.9,18.5,28.7,0.0
Paine,2024-01-14,34.6,12.2,23.1,34.0,0.0
Paine,2024-01-15,32.6,14.7,22.6,30.8,0.0
Paine,2024-01-16,32.5,11.4,22.4,32.4,0.0
Paine,2024-01-17,30.2,15.8,22.5,30.7,0.0
Paine,2024-01-18,32.8,12.9,22.9,34.4,0.0
Paine,2024-01-19,34.5,15.9,24.5,34.3,0.0
Paine,2024-01-20,32.2,17.0,23.7,31.6,0.0
Paine,2024-01-21,34.2,15.4,23.2,34.7,0.0
Paine,2024-01-22,34.4,15.7,23.5,35.7,0.0
Paine,2024-01-23,32.7,13.1,21.6,33.5,0.0
Paine,2024-01-24,36.6,16.2,24.6,38.2,0.0
Paine,2024-01-25,32.5,17.0,23.6,33.0,0.0
Paine,2024-01-26,32.1,13.6,21.8,32.2,0.0
Paine,2024-01-27,34.8,14.8,23.1,36.9,0.0
Paine,2024-01-28,30.5,15.1,21.8,31.5,0.0
Paine,2024-01-29,33.7,14.9,22.7,34.7,0.0
Paine,2024-01-30,36.5,15.3,24.7,39.2,0.0
Paine,2024-01-31,38.4,19.7,28.0,39.1,0.0
Paine,2024-02-01,36.5,19.8,26.8,36.4,0.0
Paine,2024-02-02,36.0,16.9,26.5,34.7,0.0
Paine,2024-02-03,36.3,18.0,27.1,37.6,0.0
Paine,2024-02-04,32.0,16.6,23.4,31.2,0.0
Paine,2024-02-05,34.2,12.9,22.8,35.5,0.0
Paine,2024-02-06,32.2,17.4,23.5,33.0,0.0
Paine,2024-02-07,35.0,16.3,24.3,37.4,0.0
Paine,2024-02-08,33.7,18.6,24.7,34.3,0.0
Paine,2024-02-09,32.1,14.8,22.4,32.8,0.0
Paine,2024-02-10,35.0,15.9,24.1,34.7,0.0
Paine,2024-02-11,31.3,13.4,21.1,31.8,0.0
Paine,2024-02-12,35.6,14.9,25.1,37.4,0.0
Paine,2024-02-13,31.5,16.1,24.4,31.7,0.0
Paine,2024-02-14,33.0,12.8,21.0,33.0,0.0
Paine,2024-02-15,33.0,12.8,21.1,34.4,0.0
Paine,2024-02-16,31.1,13.2,20.8,32.8,0.0
Paine,2024-02-17,34.3,15.6,24.1,35.2,0.0
Paine,2024-02-18,34.0,18.0,24.7,33.6,0.0
Paine,2024-02-19,29.9,13.5,20.4,30.2,0.0
Paine,2024-02-20,30.1,12.6,20.0,30.6,0.0
Paine,2024-02-21,30.0,12.4,19.8,29.0,0.0
Paine,2024-02-22,19.8,14.6,16.7,19.1,10.8
Paine,2024-02-23,29.4,12.5,20.9,30.4,0.0
Paine,2024-02-24,30.4,16.1,22.2,32.2,0.2
Paine,2024-02-25,31.3,15.7,21.9,32.1,0.0
Paine,2024-02-26,32.8,14.3,22.6,33.5,0.0
Paine,2024-02-27,32.3,16.4,23.0,32.1,0.0
Paine,2024-02-28,33.1,15.7,23.0,33.8,0.0
Paine,2024-02-29,33.5,17.6,24.0,34.1,0.0
Paine,2024-03-01,30.1,16.2,21.9,30.6,0.0
Paine,2024-03-02,30.4,14.6,22.1,31.5,0.0
Paine,2024-03-03,31.6,15.9,22.7,30.5,0.0
Paine,2024-03-04,32.9,17.0,23.0,31.8,0.0
Paine,2024-03-05,30.6,14.6,21.8,30.3,0.0
Paine,2024-03-06,30.1,14.8,21.0,30.3,0.0
Paine,2024-03-07,28.7,11.4,19.1,27.2,0.0
Paine,2024-03-08,28.9,9.6,18.2,27.5,0.0
Paine,2024-03-09,30.1,10.8,20.2,29.9,0.0
Paine,2024-03-10,29.6,15.1,20.2,29.0,0.0
Paine,2024-03-11,28.7,10.6,18.1,28.1,0.0
Paine,2024-03-12,28.8,9.6,18.8,28.7,0.0
Paine,2024-03-13,29.0,12.6,19.4,29.5,0.0
Paine,2024-03-14,27.6,10.7,18.5,28.4,0.0
Paine,2024-03-15,28.6,11.9,19.2,28.1,0.0
Paine,2024-03-16,28.5,11.3,18.8,27.9,0.0
Paine,2024-03-17,30.2,12.4,20.3,29.5,0.0
Paine,2024-03-18,31.2,13.6,21.1,30.1,0.0
Paine,2024-03-19,28.5,14.0,20.5,26.5,0.0
Paine,2024-03-20,21.8,10.1,15.8,21.0,0.0
Paine,2024-03-21,31.8,11.6,20.9,30.1,0.2
Paine,2024-03-22,33.1,17.3,23.6,32.3,0.0
Paine,2024-03-23,30.2,15.4,21.8,31.4,0.0
Paine,2024-03-24,31.3,14.7,22.3,32.2,0.0
Paine,2024-03-25,28.4,14.4,20.5,28.1,0.0
Paine,2024-03-26,30.0,13.9,20.8,31.4,0.0
Paine,2024-03-27,30.2,14.1,22.6,31.1,0.0
Paine,2024-03-28,30.3,17.0,21.7,29.8,0.0
Paine,2024-03-29,31.1,16.1,22.3,30.8,0.0
Paine,2024-03-30,30.8,14.6,21.8,31.8,0.0
Paine,2024-03-31,29.0,15.4,20.4,27.4,0.0
Paine,2024-04-01,26.0,11.4,18.1,24.2,0.0
Paine,2024-04-02,24.0,14.7,18.0,23.0,0.4
Paine,2024-04-03,18.1,12.4,15.3,17.5,0.0
Paine,2024-04-04,27.5,11.2,18.0,27.5,0.0
Paine,2024-04-05,29.4,12.9,19.9,28.0,0.0
Paine,2024-04-06,26.0,11.9,17.4,26.7,0.0
Paine,2024-04-07,28.5,11.1,18.6,27.0,0.0
Paine,2024-04-08,25.8,12.7,17.6,25.4,0.0
Paine,2024-04-09,26.4,11.4,17.9,25.1,0.0
Paine,2024-04-10,26.7,12.9,18.4,25.7,0.0
Paine,2024-04-11,21.9,9.4,14.1,19.8,0.0
Paine,2024-04-12,14.1,8.4,10.9,13.1,1.4
Paine,2024-04-13,18.8,8.4,13.4,17.7,0.5
Paine,2024-04-14,19.5,10.8,15.3,18.4,0.0
Paine,2024-04-15,15.6,10.7,12.8,14.9,6.8
Paine,2024-04-16,23.1,8.9,15.0,22.6,0.0
Paine,2024-04-17,27.5,8.7,16.9,26.3,0.0
Paine,2024-04-18,29.8,12.9,21.3,29.0,0.0
Paine,2024-04-19,23.0,13.7,17.3,22.1,0.0
Paine,2024-04-20,21.1,12.6,16.2,20.2,0.0
Paine,2024-04-21,18.8,11.2,14.6,17.1,0.2
Paine,2024-04-22,19.9,11.8,15.0,18.5,0.0
Paine,2024-04-23,24.4,8.4,15.2,23.5,0.0
Paine,2024-04-24,22.4,11.6,15.5,20.9,0.0
Paine,2024-04-25,21.6,8.9,14.9,19.5,0.0
Paine,2024-04-26,19.8,8.9,13.8,18.5,0.0
Paine,2024-04-27,19.9,7.0,12.2,19.2,0.0
Paine,2024-04-28,16.7,7.0,10.8,14.0,0.0
Paine,2024-04-29,17.6,6.1,11.4,13.1,0.0
Paine,2024-04-30,15.1,8.1,11.1,14.2,20.2
Paine,2024-05-01,14.9,7.4,10.4,13.7,0.5
Paine,2024-05-02,14.0,3.5,7.9,12.2,0.0
Paine,2024-05-03,15.9,6.5,10.0,13.8,0.0
Paine,2024-05-04,18.0,5.4,11.8,14.8,0.0
Paine,2024-05-05,15.6,7.8,11.5,14.3,0.0
Paine,2024-05-06,16.5,6.5,10.5,13.9,0.0
Paine,2024-05-07,9.4,4.1,7.8,7.6,34.9
Paine,2024-05-08,15.7,1.2,7.0,13.1,0.0
Paine,2024-05-09,15.8,6.9,11.1,13.7,0.0
Paine,2024-05-10,13.9,6.9,9.8,12.5,0.0
Paine,2024-05-11,14.3,7.3,9.6,12.4,0.0
Paine,2024-05-12,14.2,2.5,8.6,12.5,0.0
Paine,2024-05-13,14.5,2.0,8.3,12.2,0.0
Paine,2024-05-14,13.8,6.8,9.6,11.7,0.0
Paine,2024-05-15,11.1,2.0,6.4,8.2,2.1
Paine,2024-05-16,13.2,3.8,7.7,11.1,0.0
Paine,2024-05-17,13.4,4.6,8.3,11.5,0.0
Paine,2024-05-18,14.5,4.8,9.2,12.0,0.0
Paine,2024-05-19,15.9,6.9,11.3,13.2,0.0
Paine,2024-05-20,14.4,7.6,10.0,11.3,31.3
Paine,2024-05-21,14.3,6.8,9.7,13.0,29.1
Paine,2024-05-22,10.6,7.2,8.6,9.5,25.5
Paine,2024-05-23,12.5,3.2,7.9,11.0,5.5
Paine,2024-05-24,16.3,3.2,10.0,14.6,0.0
Paine,2024-05-25,15.4,8.1,11.4,13.8,0.4
Paine,2024-05-26,13.6,4.6,8.6,11.6,7.0
Paine,2024-05-27,15.5,8.7,12.4,14.0,0.0
Paine,2024-05-28,17.6,9.0,13.5,15.8,0.0
Paine,2024-05-29,18.3,7.5,12.7,17.3,0.0
Paine,2024-05-30,17.9,11.8,14.4,17.4,0.0
Paine,2024-05-31,16.5,10.4,14.1,15.0,0.0
Paine,2024-06-01,17.5,8.4,12.1,17.1,0.0
Paine,2024-06-02,19.0,9.6,13.9,17.8,0.0
Paine,2024-06-03,18.9,10.2,14.3,16.6,0.0
Paine,2024-06-04,17.6,6.5,12.3,17.4,0.0
Paine,2024-06-05,15.3,10.1,13.5,14.0,0.0
Paine,2024-06-06,16.8,11.4,13.7,16.6,0.0
Paine,2024-06-07,19.6,8.4,15.1,19.7,0.0
Paine,2024-06-08,16.8,7.2,12.8,15.8,3.3
Paine,2024-06-09,14.2,8.8,10.8,12.5,10.5
Paine,2024-06-10,14.6,9.3,11.8,13.7,0.4
Paine,2024-06-11,14.6,10.2,12.8,14.3,0.2
Paine,2024-06-12,14.2,8.9,11.8,12.6,0.0
Paine,2024-06-13,12.6,9.4,10.5,11.1,66.2
Paine,2024-06-14,14.9,8.2,10.7,13.0,13.1
Paine,2024-06-15,14.3,8.4,11.0,13.1,0.3
Paine,2024-06-16,13.8,6.4,10.1,12.7,0.0
Paine,2024-06-17,13.9,3.8,8.7,11.7,2.9
Paine,2024-06-18,10.2,6.4,8.5,9.2,63.1
Paine,2024-06-19,14.8,6.9,10.6,13.1,1.8
Paine,2024-06-20,12.6,6.3,9.9,10.6,0.0
Paine,2024-06-21,9.9,6.2,8.4,8.5,63.8
Paine,2024-06-22,9.3,5.3,7.2,7.8,45.4
Paine,2024-06-23,11.6,4.3,8.0,9.8,3.2
Paine,2024-06-24,10.4,3.0,7.0,9.1,0.4
Paine,2024-06-25,10.7,1.9,5.5,9.3,0.0
Paine,2024-06-26,16.5,1.7,8.6,14.9,0.0
Paine,2024-06-27,14.9,6.9,11.7,13.0,0.0
Paine,2024-06-28,15.4,4.2,8.2,13.8,0.0
Paine,2024-06-29,17.5,4.8,12.1,16.8,0.0
Paine,2024-06-30,18.5,11.7,14.5,17.6,0.0
Paine,2024-07-01,20.0,12.8,15.8,18.7,0.0
Paine,2024-07-02,18.4,10.5,14.1,17.9,0.0
Paine,2024-07-03,17.2,7.1,12.9,15.8,0.0
Paine,2024-07-04,15.6,4.1,8.9,12.9,0.0
Paine,2024-07-05,16.4,1.8,8.4,14.1,0.0
Paine,2024-07-06,13.6,0.1,7.8,10.2,0.0
Paine,2024-07-07,14.1,1.4,6.8,11.2,0.0
Paine,2024-07-08,15.2,6.3,9.0,12.0,0.0
Paine,2024-07-09,10.1,1.5,6.3,6.7,0.0
Paine,2024-07-10,10.1,1.1,4.7,8.0,0.0
Paine,2024-07-11,11.1,-0.1,5.0,9.4,0.0
Paine,2024-07-12,15.4,1.5,9.1,11.2,0.0
Paine,2024-07-13,14.9,4.2,8.2,11.6,0.0
Paine,2024-07-14,13.4,5.0,8.6,10.1,0.0
Paine,2024-07-15,15.1,5.2,8.4,11.6,0.0
Paine,2024-07-16,19.1,3.8,11.7,15.9,0.0
Paine,2024-07-17,18.2,9.4,12.5,15.2,0.0
Paine,2024-07-18,10.1,4.6,7.8,8.4,3.3
Paine,2024-07-19,13.6,3.8,8.2,12.6,0.0
Paine,2024-07-20,13.2,3.5,8.0,10.9,0.0
Paine,2024-07-21,15.6,4.7,8.8,13.6,0.3
Paine,2024-07-22,17.5,3.5,10.8,16.3,0.2
Paine,2024-07-23,11.9,6.1,8.5,11.2,0.1
Paine,2024-07-24,15.7,2.4,10.5,14.5,0.0
Paine,2024-07-25,16.3,10.1,12.3,13.7,0.0
Paine,2024-07-26,10.6,3.8,7.7,9.0,0.0
Paine,2024-07-27,15.0,2.8,7.5,12.6,0.0
Paine,2024-07-28,17.2,1.9,8.8,15.1,0.0
Paine,2024-07-29,21.2,7.8,15.3,20.4,0.0
Paine,2024-07-30,16.9,8.7,13.9,15.8,0.0
Paine,2024-07-31,12.6,7.2,9.7,11.6,0.0
Paine,2024-08-01,11.1,7.2,9.0,8.9,0.2
Paine,2024-08-02,11.6,7.6,9.3,9.7,64.2
Paine,2024-08-03,15.8,4.0,9.6,12.9,4.7
Paine,2024-08-04,15.1,6.7,10.8,12.6,0.0
Paine,2024-08-05,10.4,5.8,7.6,7.8,16.1
Paine,2024-08-06,12.6,3.4,7.5,10.5,4.6
Paine,2024-08-07,11.3,-0.9,4.8,9.1,0.0
Paine,2024-08-08,15.6,2.1,8.1,13.4,0.0
Paine,2024-08-09,17.9,2.3,11.6,16.7,0.0
Paine,2024-08-10,18.8,6.2,12.7,17.9,0.0
Paine,2024-08-11,20.9,5.2,11.8,20.3,0.0
Paine,2024-08-12,23.0,10.9,17.3,23.3,0.0
Paine,2024-08-13,19.0,9.2,14.3,19.0,0.0
Paine,2024-08-14,14.2,7.2,10.5,14.4,0.2
Paine,2024-08-15,16.7,8.9,11.9,15.7,0.0
Paine,2024-08-16,12.5,6.8,9.4,11.3,0.0
Paine,2024-08-17,15.6,5.7,9.8,15.3,0.0
Paine,2024-08-18,11.5,5.9,8.2,9.6,0.0
Paine,2024-08-19,12.3,4.0,8.0,10.5,0.0
Paine,2024-08-20,11.2,3.2,6.5,9.0,0.2
Paine,2024-08-21,11.9,2.3,6.0,8.8,15.9
Paine,2024-08-22,11.4,1.8,6.3,8.1,0.9
Paine,2024-08-23,10.9,-0.3,5.6,8.4,3.7
Paine,2024-08-24,17.5,-0.6,7.7,15.2,0.0
Paine,2024-08-25,18.8,9.1,13.8,17.6,0.0
Paine,2024-08-26,17.3,5.7,10.7,17.2,0.0
Paine,2024-08-27,18.5,3.1,10.8,17.6,0.0
Paine,2024-08-28,15.2,6.2,9.6,14.9,0.0
Paine,2024-08-29,10.9,6.1,8.1,9.3,0.6
Paine,2024-08-30,13.9,4.9,8.9,12.3,0.0
Paine,2024-08-31,19.3,5.3,12.2,19.3,0.0
Paine,2024-09-01,22.0,9.9,15.7,22.2,0.0
Paine,2024-09-02,15.4,6.3,10.5,14.0,1.0
Paine,2024-09-03,15.3,3.0,8.9,14.0,0.0
Paine,2024-09-04,19.4,2.5,10.4,19.4,0.0
Paine,2024-09-05,21.0,8.9,15.2,20.7,0.0
Paine,2024-09-06,17.6,8.5,12.6,17.1,0.0
Paine,2024-09-07,17.0,6.3,10.8,18.0,0.0
Paine,2024-09-08,18.8,4.4,11.3,20.0,0.0
Paine,2024-09-09,21.5,8.3,14.6,20.8,0.0
Paine,2024-09-10,18.5,8.6,13.2,17.4,0.5
Paine,2024-09-11,18.9,5.9,11.7,19.4,0.0
Paine,2024-09-12,16.8,7.3,11.2,16.2,0.1
Paine,2024-09-13,18.5,5.4,11.1,18.8,0.0
Paine,2024-09-14,22.4,5.4,13.6,23.1,0.0
Paine,2024-09-15,23.9,6.7,14.5,23.0,0.0
Paine,2024-09-16,23.6,8.7,16.5,21.8,0.0
Paine,2024-09-17,21.4,7.8,14.0,20.8,0.0
Paine,2024-09-18,20.5,7.6,14.1,18.2,0.0
Paine,2024-09-19,13.8,5.2,9.8,11.6,5.3
Paine,2024-09-20,17.5,4.6,10.7,16.0,0.0
Paine,2024-09-21,17.4,5.1,10.6,14.7,0.0
Paine,2024-09-22,13.4,6.6,9.9,11.3,5.5
Paine,2024-09-23,16.9,9.1,12.5,15.5,1.3
Paine,2024-09-24,18.4,4.7,10.9,18.9,0.0
Paine,2024-09-25,17.5,4.8,10.4,16.6,0.0
Paine,2024-09-26,23.5,5.4,15.6,23.2,0.0
Paine,2024-09-27,21.0,12.3,16.0,20.9,0.0
Paine,2024-09-28,23.3,10.8,16.2,23.2,0.0
Paine,2024-09-29,18.8,9.6,13.7,17.6,0.0
Paine,2024-09-30,18.8,7.8,12.2,16.1,0.0
Paine,2024-10-01,19.0,7.4,12.7,18.1,0.0
Paine,2024-10-02,20.9,6.2,12.9,21.4,0.0
Paine,2024-10-03,24.1,8.1,15.8,24.9,0.0
Paine,2024-10-04,25.0,12.9,17.8,26.2,0.0
Paine,2024-10-05,25.2,11.2,17.6,27.0,0.0
Paine,2024-10-06,20.7,12.4,16.4,21.1,0.1
Paine,2024-10-07,23.9,9.9,16.3,25.5,0.7
Paine,2024-10-08,16.6,10.6,13.3,16.3,2.3
Paine,2024-10-09,19.5,11.8,15.2,19.1,0.0
Paine,2024-10-10,17.2,10.6,13.6,16.9,0.0
Paine,2024-10-11,18.6,8.9,13.0,18.9,0.0
Paine,2024-10-12,18.4,9.6,13.6,18.5,0.0
Paine,2024-10-13,24.3,7.3,15.7,24.6,0.0
Paine,2024-10-14,22.8,9.8,15.4,22.6,0.0
Paine,2024-10-15,28.0,9.5,17.7,27.6,0.0
Paine,2024-10-16,19.9,6.8,13.9,18.5,0.0
Paine,2024-10-17,26.2,7.1,16.5,27.3,0.0
Paine,2024-10-18,28.8,12.4,19.3,30.6,0.0
Paine,2024-10-19,21.8,8.9,14.1,22.8,0.0
Paine,2024-10-20,20.6,8.6,14.2,19.8,1.3
Paine,2024-10-21,24.4,8.5,16.3,26.4,0.0
Paine,2024-10-22,24.4,11.4,16.7,25.7,3.3
Paine,2024-10-23,20.1,9.9,14.1,20.3,2.5
Paine,2024-10-24,27.2,10.4,17.4,26.1,0.0
Paine,2024-10-25,24.2,8.8,15.7,23.5,0.0
Paine,2024-10-26,29.6,9.6,18.7,29.0,0.0
Paine,2024-10-27,28.0,10.6,18.5,30.2,0.0
Paine,2024-10-28,32.0,12.5,21.0,33.2,0.0
Paine,2024-10-29,25.1,9.8,16.7,25.9,0.0
Paine,2024-10-30,26.5,9.6,16.1,28.5,0.0
Paine,2024-10-31,26.8,10.8,16.7,27.5,0.0
Paine,2024-11-01,20.9,8.9,14.2,20.5,0.0
Paine,2024-11-02,25.9,6.7,16.4,26.1,0.0
Paine,2024-11-03,23.8,10.0,15.2,22.6,0.0
Paine,2024-11-04,23.8,4.9,14.7,24.6,0.0
Paine,2024-11-05,27.0,8.1,17.3,28.9,0.0
Paine,2024-11-06,27.0,10.9,18.6,27.6,0.0
Paine,2024-11-07,25.9,14.1,18.9,26.4,0.0
Paine,2024-11-08,29.8,11.9,20.7,30.4,0.0
Paine,2024-11-09,28.8,13.6,20.3,29.8,0.3
Paine,2024-11-10,20.8,11.1,15.8,20.1,1.3
Paine,2024-11-11,25.8,10.4,17.9,24.6,0.0
Paine,2024-11-12,30.6,11.3,21.4,29.2,0.0
Paine,2024-11-13,25.7,13.1,19.9,26.1,0.0
Paine,2024-11-14,26.2,11.6,17.6,27.9,0.0
Paine,2024-11-15,25.9,9.6,16.7,27.7,0.0
Paine,2024-11-16,20.1,11.6,15.3,19.9,1.7
Paine,2024-11-17,26.5,8.4,16.8,26.5,0.0
Paine,2024-11-18,26.6,11.1,17.6,26.7,0.0
Paine,2024-11-19,26.1,8.9,16.3,25.5,0.0
Paine,2024-11-20,25.8,11.2,17.3,25.7,0.0
Paine,2024-11-21,27.2,12.1,18.2,27.8,0.0
Paine,2024-11-22,27.2,9.5,17.7,29.2,0.0
Paine,2024-11-23,29.8,12.4,20.2,30.8,0.0
Paine,2024-11-24,29.1,12.0,19.9,29.3,0.0
Paine,2024-11-25,27.5,12.6,19.6,26.4,0.0
Paine,2024-11-26,27.5,11.4,18.3,27.2,0.0
Paine,2024-11-27,25.7,8.8,16.1,25.0,0.0
Paine,2024-11-28,27.1,7.8,16.9,27.0,0.0
Paine,2024-11-29,28.8,12.4,19.8,28.3,0.0
Paine,2024-11-30,25.9,9.9,17.8,25.1,0.0
Paine,2024-12-01,24.9,8.6,16.2,24.3,0.0
Paine,2024-12-02,27.1,10.1,18.0,26.5,0.0
Paine,2024-12-03,26.5,10.1,17.4,26.3,0.0
Paine,2024-12-04,25.3,8.9,16.2,25.2,0.0
Paine,2024-12-05,22.8,8.0,14.8,21.3,0.0
Paine,2024-12-06,26.5,8.9,17.2,25.7,0.0
Paine,2024-12-07,26.9,12.2,18.5,26.8,0.0
Paine,2024-12-08,25.9,8.6,16.4,25.2,0.0
Paine,2024-12-09,30.6,9.9,19.3,30.0,0.0
Paine,2024-12-10,28.2,12.2,19.3,28.9,0.0
Paine,2024-12-11,30.6,12.2,20.1,31.1,0.0
Paine,2024-12-12,28.5,9.9,18.2,27.6,0.0
Paine,2024-12-13,30.9,13.0,20.9,30.3,0.0
Paine,2024-12-14,31.2,13.3,20.7,31.3,0.0
Paine,2024-12-15,27.3,11.8,18.4,27.6,0.0
Paine,2024-12-16,28.0,10.4,17.4,28.7,0.0
Paine,2024-12-17,27.2,10.7,17.5,27.4,0.0
Paine,2024-12-18,29.4,10.5,19.6,30.9,0.0
Paine,2024-12-19,32.7,14.6,23.5,34.8,0.0
Paine,2024-12-20,29.6,14.0,21.7,29.6,0.0
Paine,2024-12-21,32.6,13.9,23.2,34.3,0.0
Paine,2024-12-22,34.0,17.2,24.3,34.8,0.0
Paine,2024-12-23,30.1,17.3,22.9,31.5,0.0
Paine,2024-12-24,30.1,15.3,22.0,30.7,0.0
Paine,2024-12-25,28.9,13.2,20.1,29.8,0.0
Paine,2024-12-26,27.4,11.1,18.3,28.3,0.0
Paine,2024-12-27,29.0,11.6,19.3,30.2,0.0
Paine,2024-12-28,30.5,11.9,19.6,31.8,0.0
Paine,2024-12-29,31.9,12.2,20.5,33.0,0.0
Paine,2024-12-30,31.2,12.7,21.0,33.1,0.0
Paine,2024-12-31,31.5,14.6,21.9,32.3,0.0
Pedro Aguirre Cerda,2024-01-01,30.1,12.1,20.4,29.6,0.0
Pedro Aguirre Cerda,2024-01-02,31.5,12.5,21.8,31.8,0.0
Pedro Aguirre Cerda,2024-01-03,31.2,16.5,22.6,31.5,0.0
Pedro Aguirre Cerda,2024-01-04,30.2,15.2,21.7,30.6,0.0
Pedro Aguirre Cerda,2024-01-05,28.0,13.9,20.5,28.1,0.0
Pedro Aguirre Cerda,2024-01-06,27.8,14.1,20.5,28.3,0.0
Pedro Aguirre Cerda,2024-01-07,31.0,14.0,22.1,30.2,0.0
Pedro Aguirre Cerda,2024-01-08,30.7,14.8,22.3,30.0,0.0
Pedro Aguirre Cerda,2024-01-09,30.3,14.4,21.8,29.6,0.0
Pedro Aguirre Cerda,2024-01-10,30.5,13.8,22.0,29.8,0.0
Pedro Aguirre Cerda,2024-01-11,30.9,16.1,22.4,30.4,0.0
Pedro Aguirre Cerda,2024-01-12,29.2,14.8,20.9,28.3,0.0
Pedro Aguirre Cerda,2024-01-13,28.0,12.4,19.6,27.8,0.0
Pedro Aguirre Cerda,2024-01-14,34.7,13.6,23.8,33.0,0.0
Pedro Aguirre Cerda,2024-01-15,31.1,15.6,23.1,29.4,0.0
Pedro Aguirre Cerda,2024-01-16,33.0,11.1,22.1,31.9,0.0
Pedro Aguirre Cerda,2024-01-17,31.2,17.4,22.9,31.4,0.0
Pedro Aguirre Cerda,2024-01-18,33.5,15.4,23.7,32.7,0.0
Pedro Aguirre Cerda,2024-01-19,33.8,18.7,25.4,33.3,0.0
Pedro Aguirre Cerda,2024-01-20,31.9,17.0,24.0,31.9,0.0
Pedro Aguirre Cerda,2024-01-21,33.4,15.6,23.8,33.5,0.0
Pedro Aguirre Cerda,2024-01-22,34.0,17.0,24.1,34.7,0.0
Pedro Aguirre Cerda,2024-01-23,31.6,14.4,22.4,32.2,0.0
Pedro Aguirre Cerda,2024-01-24,35.2,17.3,25.0,36.2,0.0
Pedro Aguirre Cerda,2024-01-25,32.0,17.8,23.7,32.4,0.0
Pedro Aguirre Cerda,2024-01-26,31.4,15.4,22.2,31.4,0.0
Pedro Aguirre Cerda,2024-01-27,34.0,16.7,23.9,35.0,0.0
Pedro Aguirre Cerda,2024-01-28,30.6,17.1,23.0,31.3,0.0
Pedro Aguirre Cerda,2024-01-29,33.1,17.5,24.0,33.5,0.0
Pedro Aguirre Cerda,2024-01-30,36.0,17.2,25.8,35.9,0.0
Pedro Aguirre Cerda,2024-01-31,37.8,20.0,28.1,37.6,0.0
Pedro Aguirre Cerda,2024-02-01,35.2,19.1,26.8,34.5,0.0
Pedro Aguirre Cerda,2024-02-02,36.8,18.3,27.0,35.9,0.0
Pedro Aguirre Cerda,2024-02-03,37.3,20.0,27.6,36.6,0.0
Pedro Aguirre Cerda,2024-02-04,32.0,18.9,23.8,32.1,0.0
Pedro Aguirre Cerda,2024-02-05,33.5,15.1,23.7,33.5,0.0
Pedro Aguirre Cerda,2024-02-06,31.9,18.0,24.2,31.6,0.0
Pedro Aguirre Cerda,2024-02-07,35.6,17.2,25.3,36.1,0.0
Pedro Aguirre Cerda,2024-02-08,33.3,19.1,25.0,34.5,0.0
Pedro Aguirre Cerda,2024-02-09,31.8,16.8,23.0,31.7,0.0
Pedro Aguirre Cerda,2024-02-10,33.8,17.0,24.5,33.5,0.0
Pedro Aguirre Cerda,2024-02-11,30.4,15.1,22.1,29.6,0.0
Pedro Aguirre Cerda,2024-02-12,36.0,16.6,25.4,34.8,0.0
Pedro Aguirre Cerda,2024-02-13,32.0,17.6,24.4,31.2,0.0
Pedro Aguirre Cerda,2024-02-14,32.7,14.5,22.0,33.1,0.0
Pedro Aguirre Cerda,2024-02-15,33.0,14.5,22.1,34.2,0.0
Pedro Aguirre Cerda,2024-02-16,30.5,14.4,22.2,30.7,0.0
Pedro Aguirre Cerda,2024-02-17,34.8,16.9,25.1,33.9,0.0
Pedro Aguirre Cerda,2024-02-18,34.1,17.6,25.0,33.9,0.0
Pedro Aguirre Cerda,2024-02-19,29.5,15.1,21.1,29.7,0.0
Pedro Aguirre Cerda,2024-02-20,30.4,15.6,21.1,31.3,0.0
Pedro Aguirre Cerda,2024-02-21,29.9,14.2,20.6,30.0,0.0
Pedro Aguirre Cerda,2024-02-22,20.2,15.2,17.6,19.1,10.8
Pedro Aguirre Cerda,2024-02-23,29.2,14.4,20.9,31.6,0.2
Pedro Aguirre Cerda,2024-02-24,30.2,16.0,22.5,31.5,0.0
Pedro Aguirre Cerda,2024-02-25,30.8,16.0,22.4,31.5,0.0
Pedro Aguirre Cerda,2024-02-26,31.6,15.2,22.9,32.2,0.0
Pedro Aguirre Cerda,2024-02-27,31.2,16.5,23.2,31.0,0.0
Pedro Aguirre Cerda,2024-02-28,33.2,15.9,23.5,32.9,0.0
Pedro Aguirre Cerda,2024-02-29,34.0,17.0,24.6,33.4,0.0
Pedro Aguirre Cerda,2024-03-01,30.1,16.4,22.8,29.7,0.0
Pedro Aguirre Cerda,2024-03-02,31.8,17.1,23.7,30.9,0.0
Pedro Aguirre Cerda,2024-03-03,31.9,17.3,23.6,30.8,0.0
Pedro Aguirre Cerda,2024-03-04,33.0,16.3,23.4,32.4,0.0
Pedro Aguirre Cerda,2024-03-05,31.0,16.7,22.7,29.9,0.0
Pedro Aguirre Cerda,2024-03-06,30.1,16.0,21.9,29.4,0.0
Pedro Aguirre Cerda,2024-03-07,28.5,12.9,19.9,27.5,0.0
Pedro Aguirre Cerda,2024-03-08,28.6,11.9,19.2,27.5,0.0
Pedro Aguirre Cerda,2024-03-09,31.0,13.1,21.6,29.6,0.0
Pedro Aguirre Cerda,2024-03-10,29.5,14.8,21.0,28.3,0.0
Pedro Aguirre Cerda,2024-03-11,28.0,12.4,19.0,27.8,0.0
Pedro Aguirre Cerda,2024-03-12,29.0,12.4,19.8,27.5,0.0
Pedro Aguirre Cerda,2024-03-13,28.8,12.1,20.2,28.1,0.0
Pedro Aguirre Cerda,2024-03-14,29.2,13.2,21.2,27.5,0.0
Pedro Aguirre Cerda,2024-03-15,29.0,13.6,20.5,27.4,0.0
Pedro Aguirre Cerda,2024-03-16,29.4,13.9,20.9,27.6,0.0
Pedro Aguirre Cerda,2024-03-17,30.4,14.6,21.5,28.2,0.0
Pedro Aguirre Cerda,2024-03-18,32.0,16.1,22.7,29.8,0.0
Pedro Aguirre Cerda,2024-03-19,28.4,14.9,20.6,26.7,0.0
Pedro Aguirre Cerda,2024-03-20,22.6,11.9,16.6,21.4,1.3
Pedro Aguirre Cerda,2024-03-21,32.5,13.0,21.7,31.8,1.5
Pedro Aguirre Cerda,2024-03-22,32.7,18.4,24.2,31.8,0.0
Pedro Aguirre Cerda,2024-03-23,30.2,16.0,22.4,29.4,0.0
Pedro Aguirre Cerda,2024-03-24,31.8,17.3,23.5,31.7,0.0
Pedro Aguirre Cerda,2024-03-25,28.9,16.2,21.3,28.8,0.0
Pedro Aguirre Cerda,2024-03-26,30.5,14.4,21.6,31.0,0.0
Pedro Aguirre Cerda,2024-03-27,30.5,16.2,22.7,30.6,0.0
Pedro Aguirre Cerda,2024-03-28,30.3,15.9,22.0,30.7,0.0
Pedro Aguirre Cerda,2024-03-29,31.0,15.8,22.3,31.4,0.0
Pedro Aguirre Cerda,2024-03-30,32.3,15.5,22.9,31.9,0.0
Pedro Aguirre Cerda,2024-03-31,30.0,17.0,22.5,28.3,0.0
Pedro Aguirre Cerda,2024-04-01,27.1,13.4,19.9,25.0,0.0
Pedro Aguirre Cerda,2024-04-02,25.1,13.8,18.2,22.1,0.0
Pedro Aguirre Cerda,2024-04-03,21.5,13.1,16.7,20.6,0.0
Pedro Aguirre Cerda,2024-04-04,27.5,12.4,19.1,27.0,0.0
Pedro Aguirre Cerda,2024-04-05,29.2,15.4,20.5,28.1,0.0
Pedro Aguirre Cerda,2024-04-06,25.9,11.2,18.2,24.9,0.0
Pedro Aguirre Cerda,2024-04-07,29.2,13.1,20.0,28.5,0.0
Pedro Aguirre Cerda,2024-04-08,25.9,12.2,18.3,24.0,0.0
Pedro Aguirre Cerda,2024-04-09,27.6,13.9,19.3,26.5,0.0
Pedro Aguirre Cerda,2024-04-10,27.9,14.0,18.9,26.9,0.0
Pedro Aguirre Cerda,2024-04-11,22.6,10.4,15.2,20.2,0.0
Pedro Aguirre Cerda,2024-04-12,17.1,11.2,13.8,15.3,0.0
Pedro Aguirre Cerda,2024-04-13,20.5,8.6,13.8,18.8,0.0
Pedro Aguirre Cerda,2024-04-14,22.0,10.4,15.4,20.9,0.1
Pedro Aguirre Cerda,2024-04-15,19.6,12.1,14.4,18.5,7.9
Pedro Aguirre Cerda,2024-04-16,24.0,10.7,16.4,23.0,0.0
Pedro Aguirre Cerda,2024-04-17,29.4,10.3,18.5,27.3,0.0
Pedro Aguirre Cerda,2024-04-18,31.0,13.2,20.4,29.2,0.0
Pedro Aguirre Cerda,2024-04-19,25.4,12.9,18.2,23.2,0.0
Pedro Aguirre Cerda,2024-04-20,22.6,12.9,16.8,20.6,0.0
Pedro Aguirre Cerda,2024-04-21,19.8,12.9,15.5,17.4,0.0
Pedro Aguirre Cerda,2024-04-22,21.7,11.9,15.9,20.1,0.0
Pedro Aguirre Cerda,2024-04-23,25.3,10.9,16.3,23.3,0.0
Pedro Aguirre Cerda,2024-04-24,22.9,10.3,15.0,21.5,0.0
Pedro Aguirre Cerda,2024-04-25,23.0,9.1,15.2,19.3,0.0
Pedro Aguirre Cerda,2024-04-26,20.5,8.6,14.2,17.5,0.0
Pedro Aguirre Cerda,2024-04-27,21.3,8.1,13.5,19.0,0.0
Pedro Aguirre Cerda,2024-04-28,18.4,9.0,12.2,15.0,0.0
Pedro Aguirre Cerda,2024-04-29,20.0,6.9,12.7,16.2,0.0
Pedro Aguirre Cerda,2024-04-30,15.9,7.4,11.9,13.7,34.0
Pedro Aguirre Cerda,2024-05-01,15.6,8.9,11.4,12.9,0.8
Pedro Aguirre Cerda,2024-05-02,15.6,5.3,9.7,12.3,0.0
Pedro Aguirre Cerda,2024-05-03,16.0,5.2,9.6,13.7,0.0
Pedro Aguirre Cerda,2024-05-04,18.4,6.4,11.3,15.3,0.0
Pedro Aguirre Cerda,2024-05-05,16.1,8.1,11.2,14.1,0.0
Pedro Aguirre Cerda,2024-05-06,15.8,6.8,10.4,13.5,0.0
Pedro Aguirre Cerda,2024-05-07,10.6,3.5,7.2,9.3,36.4
Pedro Aguirre Cerda,2024-05-08,16.4,2.8,8.5,13.9,0.0
Pedro Aguirre Cerda,2024-05-09,17.6,4.8,9.8,15.2,0.0
Pedro Aguirre Cerda,2024-05-10,14.6,5.2,9.3,12.2,0.0
Pedro Aguirre Cerda,2024-05-11,14.7,5.6,9.4,11.9,0.0
Pedro Aguirre Cerda,2024-05-12,14.3,5.0,9.0,11.0,0.0
Pedro Aguirre Cerda,2024-05-13,15.6,2.5,8.1,13.0,0.0
Pedro Aguirre Cerda,2024-05-14,15.9,3.5,8.5,13.0,0.0
Pedro Aguirre Cerda,2024-05-15,11.2,4.6,7.2,8.0,1.1
Pedro Aguirre Cerda,2024-05-16,14.6,0.6,7.7,11.7,0.0
Pedro Aguirre Cerda,2024-05-17,14.2,4.1,8.4,11.5,0.2
Pedro Aguirre Cerda,2024-05-18,16.0,1.6,8.1,13.6,0.0
Pedro Aguirre Cerda,2024-05-19,16.9,2.7,9.3,14.5,0.0
Pedro Aguirre Cerda,2024-05-20,11.6,8.8,9.8,10.0,48.0
Pedro Aguirre Cerda,2024-05-21,14.6,7.3,10.1,13.2,13.8
Pedro Aguirre Cerda,2024-05-22,10.9,7.7,9.6,9.8,29.7
Pedro Aguirre Cerda,2024-05-23,13.4,6.8,8.9,11.8,11.0
Pedro Aguirre Cerda,2024-05-24,15.8,2.7,9.3,14.2,0.0
Pedro Aguirre Cerda,2024-05-25,15.4,9.3,11.5,13.6,0.1
Pedro Aguirre Cerda,2024-05-26,14.8,7.5,10.0,13.6,7.4
Pedro Aguirre Cerda,2024-05-27,16.2,3.2,9.9,14.7,0.0
Pedro Aguirre Cerda,2024-05-28,18.6,7.2,11.6,17.0,0.0
Pedro Aguirre Cerda,2024-05-29,18.4,8.1,12.7,18.1,0.0
Pedro Aguirre Cerda,2024-05-30,19.2,10.1,14.2,18.6,0.0
Pedro Aguirre Cerda,2024-05-31,16.9,7.9,12.5,14.7,0.0
Pedro Aguirre Cerda,2024-06-01,18.3,6.0,11.6,16.5,0.0
Pedro Aguirre Cerda,2024-06-02,20.0,9.6,14.2,19.3,0.0
Pedro Aguirre Cerda,2024-06-03,16.4,10.4,13.6,15.5,0.0
Pedro Aguirre Cerda,2024-06-04,18.2,6.6,12.1,17.3,0.4
Pedro Aguirre Cerda,2024-06-05,14.9,9.8,13.0,13.8,0.0
Pedro Aguirre Cerda,2024-06-06,16.1,11.7,13.7,15.8,0.0
Pedro Aguirre Cerda,2024-06-07,20.1,12.2,15.5,20.4,0.0
Pedro Aguirre Cerda,2024-06-08,15.4,8.7,12.4,13.9,3.1
Pedro Aguirre Cerda,2024-06-09,13.6,8.4,10.9,12.8,10.3
Pedro Aguirre Cerda,2024-06-10,14.4,10.1,11.9,13.9,0.0
Pedro Aguirre Cerda,2024-06-11,14.9,9.7,12.1,13.7,0.5
Pedro Aguirre Cerda,2024-06-12,13.1,9.1,11.2,11.9,0.0
Pedro Aguirre Cerda,2024-06-13,13.3,9.6,10.8,10.0,68.8
Pedro Aguirre Cerda,2024-06-14,15.6,8.2,11.2,14.3,16.2
Pedro Aguirre Cerda,2024-06-15,14.8,5.9,9.9,13.1,1.1
Pedro Aguirre Cerda,2024-06-16,15.0,5.1,8.9,13.8,0.0
Pedro Aguirre Cerda,2024-06-17,14.9,5.4,9.3,14.0,3.4
Pedro Aguirre Cerda,2024-06-18,11.8,7.4,9.3,11.0,77.7
Pedro Aguirre Cerda,2024-06-19,15.6,5.9,10.3,13.8,48.5
Pedro Aguirre Cerda,2024-06-20,12.4,7.5,9.9,11.0,0.0
Pedro Aguirre Cerda,2024-06-21,9.9,7.3,8.7,8.7,54.3
Pedro Aguirre Cerda,2024-06-22,9.8,5.8,7.5,7.9,33.3
Pedro Aguirre Cerda,2024-06-23,12.1,6.2,8.4,9.2,2.7
Pedro Aguirre Cerda,2024-06-24,9.2,5.7,7.4,7.7,0.5
Pedro Aguirre Cerda,2024-06-25,11.6,3.8,7.0,9.8,0.1
Pedro Aguirre Cerda,2024-06-26,16.1,2.0,8.9,14.5,0.0
Pedro Aguirre Cerda,2024-06-27,16.1,6.9,11.0,14.5,0.0
Pedro Aguirre Cerda,2024-06-28,15.7,5.2,9.4,14.4,0.0
Pedro Aguirre Cerda,2024-06-29,17.5,5.2,11.3,17.0,0.0
Pedro Aguirre Cerda,2024-06-30,19.0,7.2,12.5,17.6,0.0
Pedro Aguirre Cerda,2024-07-01,19.5,7.3,13.3,18.7,0.0
Pedro Aguirre Cerda,2024-07-02,18.5,6.8,12.4,16.5,0.0
Pedro Aguirre Cerda,2024-07-03,17.0,8.2,11.5,15.3,0.0
Pedro Aguirre Cerda,2024-07-04,15.6,5.8,9.3,13.6,0.0
Pedro Aguirre Cerda,2024-07-05,15.6,3.5,8.7,14.3,0.0
Pedro Aguirre Cerda,2024-07-06,14.2,3.0,7.3,10.9,0.0
Pedro Aguirre Cerda,2024-07-07,14.4,3.7,7.6,12.3,0.0
Pedro Aguirre Cerda,2024-07-08,14.4,2.5,7.4,13.0,0.0
Pedro Aguirre Cerda,2024-07-09,10.7,1.7,5.4,7.4,0.0
Pedro Aguirre Cerda,2024-07-10,11.2,1.9,5.4,8.9,0.0
Pedro Aguirre Cerda,2024-07-11,12.2,1.3,5.2,9.7,0.0
Pedro Aguirre Cerda,2024-07-12,14.9,1.2,6.7,12.2,0.0
Pedro Aguirre Cerda,2024-07-13,14.8,1.0,6.8,12.9,0.0
Pedro Aguirre Cerda,2024-07-14,13.3,3.3,7.6,10.6,0.0
Pedro Aguirre Cerda,2024-07-15,14.1,2.3,6.9,11.6,0.0
Pedro Aguirre Cerda,2024-07-16,19.9,5.9,11.8,17.7,0.0
Pedro Aguirre Cerda,2024-07-17,18.5,7.0,11.6,16.3,0.0
Pedro Aguirre Cerda,2024-07-18,13.1,7.3,9.7,10.7,0.0
Pedro Aguirre Cerda,2024-07-19,15.6,5.8,9.6,14.3,0.0
Pedro Aguirre Cerda,2024-07-20,14.7,4.9,8.5,13.8,0.0
Pedro Aguirre Cerda,2024-07-21,14.8,6.8,9.8,12.0,0.0
Pedro Aguirre Cerda,2024-07-22,18.6,7.0,11.3,17.3,0.0
Pedro Aguirre Cerda,2024-07-23,11.8,5.8,8.2,10.2,0.5
Pedro Aguirre Cerda,2024-07-24,16.7,3.5,10.1,15.3,0.0
Pedro Aguirre Cerda,2024-07-25,17.2,6.8,11.0,15.2,0.0
Pedro Aguirre Cerda,2024-07-26,14.9,6.2,9.1,13.2,0.0
Pedro Aguirre Cerda,2024-07-27,17.4,4.3,9.1,15.6,0.0
Pedro Aguirre Cerda,2024-07-28,18.3,6.2,10.8,16.7,0.0
Pedro Aguirre Cerda,2024-07-29,21.8,7.4,13.5,20.8,0.0
Pedro Aguirre Cerda,2024-07-30,17.2,9.1,12.8,15.9,0.0
Pedro Aguirre Cerda,2024-07-31,12.1,8.4,9.7,10.9,0.0
Pedro Aguirre Cerda,2024-08-01,9.9,8.2,9.1,8.5,0.1
Pedro Aguirre Cerda,2024-08-02,13.5,6.6,9.7,11.9,79.0
Pedro Aguirre Cerda,2024-08-03,15.9,2.7,9.4,13.5,4.9
Pedro Aguirre Cerda,2024-08-04,15.9,5.9,10.4,13.9,0.0
Pedro Aguirre Cerda,2024-08-05,10.5,6.6,8.5,9.2,19.1
Pedro Aguirre Cerda,2024-08-06,12.8,4.7,8.2,9.9,9.5
Pedro Aguirre Cerda,2024-08-07,12.1,0.9,6.4,9.5,0.0
Pedro Aguirre Cerda,2024-08-08,14.6,-0.2,6.6,12.3,0.0
Pedro Aguirre Cerda,2024-08-09,18.5,1.2,9.3,17.0,0.0
Pedro Aguirre Cerda,2024-08-10,19.9,4.3,11.3,18.0,0.0
Pedro Aguirre Cerda,2024-08-11,21.1,4.9,12.7,19.8,0.0
Pedro Aguirre Cerda,2024-08-12,23.1,8.9,14.8,22.8,0.0
Pedro Aguirre Cerda,2024-08-13,20.0,10.0,13.8,20.2,0.0
Pedro Aguirre Cerda,2024-08-14,15.3,8.8,11.3,14.4,0.0
Pedro Aguirre Cerda,2024-08-15,17.0,7.6,11.1,15.3,0.0
Pedro Aguirre Cerda,2024-08-16,14.2,7.7,10.2,13.0,0.0
Pedro Aguirre Cerda,2024-08-17,16.0,6.9,10.5,14.3,0.0
Pedro Aguirre Cerda,2024-08-18,12.4,5.6,8.6,10.1,2.4
Pedro Aguirre Cerda,2024-08-19,12.9,4.0,8.2,10.1,0.0
Pedro Aguirre Cerda,2024-08-20,10.8,4.2,6.8,7.7,0.0
Pedro Aguirre Cerda,2024-08-21,12.4,3.5,6.7,10.5,6.1
Pedro Aguirre Cerda,2024-08-22,9.1,2.2,5.4,6.7,4.5
Pedro Aguirre Cerda,2024-08-23,8.4,2.0,4.6,5.8,12.0
Pedro Aguirre Cerda,2024-08-24,17.4,-0.7,8.4,15.2,0.0
Pedro Aguirre Cerda,2024-08-25,19.8,3.1,10.6,18.1,0.0
Pedro Aguirre Cerda,2024-08-26,17.3,3.1,10.7,16.0,0.0
Pedro Aguirre Cerda,2024-08-27,19.0,4.8,11.2,18.1,0.0
Pedro Aguirre Cerda,2024-08-28,15.8,6.2,10.1,14.9,0.0
Pedro Aguirre Cerda,2024-08-29,13.1,7.9,9.8,11.2,0.0
Pedro Aguirre Cerda,2024-08-30,14.6,6.9,9.8,12.8,0.0
Pedro Aguirre Cerda,2024-08-31,20.4,4.4,11.4,20.0,0.0
Pedro Aguirre Cerda,2024-09-01,23.7,8.1,14.2,23.8,0.0
Pedro Aguirre Cerda,2024-09-02,15.1,6.2,10.5,12.3,0.0
Pedro Aguirre Cerda,2024-09-03,16.9,7.3,11.3,14.3,0.0
Pedro Aguirre Cerda,2024-09-04,19.9,7.0,11.9,18.9,0.0
Pedro Aguirre Cerda,2024-09-05,22.6,8.1,14.1,22.0,0.0
Pedro Aguirre Cerda,2024-09-06,17.8,5.9,11.3,17.1,0.0
Pedro Aguirre Cerda,2024-09-07,17.1,7.8,11.2,16.6,0.0
Pedro Aguirre Cerda,2024-09-08,20.0,6.9,12.3,18.8,0.0
Pedro Aguirre Cerda,2024-09-09,22.0,8.7,14.2,21.1,0.0
Pedro Aguirre Cerda,2024-09-10,18.0,8.1,12.7,16.3,23.7
Pedro Aguirre Cerda,2024-09-11,19.7,6.2,12.6,18.9,0.0
Pedro Aguirre Cerda,2024-09-12,17.1,7.3,11.5,16.1,0.0
Pedro Aguirre Cerda,2024-09-13,19.1,6.7,12.0,18.5,0.0
Pedro Aguirre Cerda,2024-09-14,23.5,6.0,14.1,22.9,0.0
Pedro Aguirre Cerda,2024-09-15,23.8,9.2,15.7,22.6,0.0
Pedro Aguirre Cerda,2024-09-16,25.0,8.4,15.7,24.0,0.0
Pedro Aguirre Cerda,2024-09-17,21.8,6.8,13.5,21.3,0.0
Pedro Aguirre Cerda,2024-09-18,21.3,8.6,13.6,20.7,0.0
Pedro Aguirre Cerda,2024-09-19,17.8,6.4,11.7,16.4,4.1
Pedro Aguirre Cerda,2024-09-20,19.0,8.6,12.6,16.7,0.0
Pedro Aguirre Cerda,2024-09-21,17.1,7.1,11.1,15.2,0.0
Pedro Aguirre Cerda,2024-09-22,13.9,7.6,10.3,11.1,4.0
Pedro Aguirre Cerda,2024-09-23,16.0,9.4,12.1,14.0,0.9
Pedro Aguirre Cerda,2024-09-24,18.0,6.4,11.6,17.9,0.0
Pedro Aguirre Cerda,2024-09-25,18.7,7.4,12.1,17.8,0.0
Pedro Aguirre Cerda,2024-09-26,25.0,4.8,14.3,24.7,0.0
Pedro Aguirre Cerda,2024-09-27,22.5,10.2,15.6,22.2,0.0
Pedro Aguirre Cerda,2024-09-28,24.8,11.2,16.6,23.9,0.0
Pedro Aguirre Cerda,2024-09-29,19.6,9.6,13.7,19.1,0.0
Pedro Aguirre Cerda,2024-09-30,19.9,9.0,12.4,19.1,0.0
Pedro Aguirre Cerda,2024-10-01,18.5,7.4,12.1,16.5,0.0
Pedro Aguirre Cerda,2024-10-02,22.1,7.8,14.2,21.7,0.0
Pedro Aguirre Cerda,2024-10-03,25.6,11.2,17.0,25.6,0.0
Pedro Aguirre Cerda,2024-10-04,26.0,11.1,17.1,25.7,0.0
Pedro Aguirre Cerda,2024-10-05,26.1,9.6,17.8,25.9,0.0
Pedro Aguirre Cerda,2024-10-06,21.0,13.2,17.1,20.8,0.4
Pedro Aguirre Cerda,2024-10-07,23.6,10.6,16.1,23.3,4.1
Pedro Aguirre Cerda,2024-10-08,16.1,10.9,13.0,14.8,9.0
Pedro Aguirre Cerda,2024-10-09,20.5,9.1,14.1,19.7,0.0
Pedro Aguirre Cerda,2024-10-10,19.1,10.4,14.3,18.5,0.0
Pedro Aguirre Cerda,2024-10-11,19.2,11.2,14.2,18.2,0.0
Pedro Aguirre Cerda,2024-10-12,19.5,10.4,14.7,18.6,0.0
Pedro Aguirre Cerda,2024-10-13,24.0,10.1,16.3,24.7,0.0
Pedro Aguirre Cerda,2024-10-14,22.5,10.6,15.7,21.5,0.0
Pedro Aguirre Cerda,2024-10-15,28.5,12.6,18.5,29.2,0.0
Pedro Aguirre Cerda,2024-10-16,19.0,9.2,14.3,18.3,0.0
Pedro Aguirre Cerda,2024-10-17,27.0,7.8,17.0,27.5,0.0
Pedro Aguirre Cerda,2024-10-18,29.3,11.5,19.5,29.9,0.0
Pedro Aguirre Cerda,2024-10-19,22.4,10.9,15.2,22.0,0.0
Pedro Aguirre Cerda,2024-10-20,21.4,10.5,14.5,20.3,0.8
Pedro Aguirre Cerda,2024-10-21,25.4,10.1,17.1,25.1,0.0
Pedro Aguirre Cerda,2024-10-22,24.4,12.2,16.7,24.0,1.9
Pedro Aguirre Cerda,2024-10-23,20.0,11.1,14.4,19.7,6.3
Pedro Aguirre Cerda,2024-10-24,27.0,8.6,16.8,26.7,0.0
Pedro Aguirre Cerda,2024-10-25,25.8,9.9,16.6,24.4,0.0
Pedro Aguirre Cerda,2024-10-26,30.0,10.8,19.8,29.8,0.0
Pedro Aguirre Cerda,2024-10-27,28.8,10.9,19.1,28.4,0.0
Pedro Aguirre Cerda,2024-10-28,33.8,13.4,21.4,33.7,0.0
Pedro Aguirre Cerda,2024-10-29,26.0,12.9,18.6,25.5,0.0
Pedro Aguirre Cerda,2024-10-30,26.6,11.6,17.7,26.8,0.0
Pedro Aguirre Cerda,2024-10-31,27.3,12.5,18.1,27.2,0.0
Pedro Aguirre Cerda,2024-11-01,21.4,12.4,15.2,20.6,0.0
Pedro Aguirre Cerda,2024-11-02,27.0,9.0,17.6,25.5,0.0
Pedro Aguirre Cerda,2024-11-03,24.7,10.6,16.3,23.4,0.0
Pedro Aguirre Cerda,2024-11-04,25.2,9.1,16.6,23.3,0.0
Pedro Aguirre Cerda,2024-11-05,28.4,11.9,19.4,26.7,0.0
Pedro Aguirre Cerda,2024-11-06,28.5,12.7,20.4,27.2,0.0
Pedro Aguirre Cerda,2024-11-07,27.3,13.2,20.0,24.8,0.1
Pedro Aguirre Cerda,2024-11-08,31.2,15.6,22.2,30.3,0.0
Pedro Aguirre Cerda,2024-11-09,28.8,14.6,20.9,28.2,0.0
Pedro Aguirre Cerda,2024-11-10,23.0,11.8,17.5,22.2,0.0
Pedro Aguirre Cerda,2024-11-11,28.0,11.1,19.5,26.5,0.0
Pedro Aguirre Cerda,2024-11-12,32.3,13.6,23.5,31.3,0.0
Pedro Aguirre Cerda,2024-11-13,27.4,15.3,21.8,27.4,0.0
Pedro Aguirre Cerda,2024-11-14,27.2,13.6,19.2,28.1,0.0
Pedro Aguirre Cerda,2024-11-15,26.0,11.9,18.5,26.0,0.0
Pedro Aguirre Cerda,2024-11-16,21.5,13.7,17.1,19.6,3.2
Pedro Aguirre Cerda,2024-11-17,26.1,10.4,17.9,27.1,0.0
Pedro Aguirre Cerda,2024-11-18,26.6,12.9,18.9,26.9,0.0
Pedro Aguirre Cerda,2024-11-19,26.1,11.0,17.6,26.4,0.0
Pedro Aguirre Cerda,2024-11-20,26.2,13.1,19.0,25.3,0.0
Pedro Aguirre Cerda,2024-11-21,27.7,13.9,19.9,28.0,0.0
Pedro Aguirre Cerda,2024-11-22,27.4,12.1,19.8,27.3,0.0
Pedro Aguirre Cerda,2024-11-23,30.4,14.0,21.7,30.8,0.0
Pedro Aguirre Cerda,2024-11-24,29.1,14.5,21.5,29.1,0.0
Pedro Aguirre Cerda,2024-11-25,27.5,14.9,21.0,27.2,0.0
Pedro Aguirre Cerda,2024-11-26,26.9,13.4,19.7,26.2,0.0
Pedro Aguirre Cerda,2024-11-27,25.4,11.5,17.8,24.9,0.0
Pedro Aguirre Cerda,2024-11-28,26.9,10.6,18.8,26.2,0.0
Pedro Aguirre Cerda,2024-11-29,29.1,13.9,21.4,28.4,0.0
Pedro Aguirre Cerda,2024-11-30,26.5,11.9,19.1,25.2,0.0
Pedro Aguirre Cerda,2024-12-01,25.5,10.6,17.4,24.7,0.0
Pedro Aguirre Cerda,2024-12-02,27.0,12.4,19.7,25.9,0.0
Pedro Aguirre Cerda,2024-12-03,26.9,12.4,18.8,27.0,0.0
Pedro Aguirre Cerda,2024-12-04,25.4,11.6,17.3,25.7,0.0
Pedro Aguirre Cerda,2024-12-05,22.7,10.2,16.0,21.9,0.0
Pedro Aguirre Cerda,2024-12-06,26.8,10.9,18.7,25.8,0.0
Pedro Aguirre Cerda,2024-12-07,27.2,13.9,20.1,27.1,0.0
Pedro Aguirre Cerda,2024-12-08,25.4,11.3,17.8,24.8,0.0
Pedro Aguirre Cerda,2024-12-09,30.8,11.6,21.0,30.1,0.0
Pedro Aguirre Cerda,2024-12-10,29.1,14.6,21.5,29.1,0.0
Pedro Aguirre Cerda,2024-12-11,30.4,14.3,22.0,30.5,0.0
Pedro Aguirre Cerda,2024-12-12,28.3,12.2,19.7,28.2,0.0
Pedro Aguirre Cerda,2024-12-13,30.7,15.2,22.7,30.1,0.0
Pedro Aguirre Cerda,2024-12-14,31.4,15.4,22.4,31.9,0.0
Pedro Aguirre Cerda,2024-12-15,27.8,15.0,20.2,28.4,0.0
Pedro Aguirre Cerda,2024-12-16,28.0,12.2,19.2,29.2,0.0
Pedro Aguirre Cerda,2024-12-17,26.9,12.9,19.3,27.4,0.0
Pedro Aguirre Cerda,2024-12-18,29.6,13.3,21.5,30.0,0.0
Pedro Aguirre Cerda,2024-12-19,33.8,16.8,24.9,33.3,0.0
Pedro Aguirre Cerda,2024-12-20,30.9,16.5,23.2,29.7,0.0
Pedro Aguirre Cerda,2024-12-21,33.3,16.4,25.0,32.9,0.0
Pedro Aguirre Cerda,2024-12-22,34.9,19.4,26.3,35.7,0.0
Pedro Aguirre Cerda,2024-12-23,30.3,19.6,24.6,31.2,0.0
Pedro Aguirre Cerda,2024-12-24,31.5,18.1,23.8,32.5,0.0
Pedro Aguirre Cerda,2024-12-25,29.4,15.9,21.6,30.8,0.0
Pedro Aguirre Cerda,2024-12-26,28.5,13.8,19.8,29.7,0.0
Pedro Aguirre Cerda,2024-12-27,29.1,14.1,20.7,31.1,0.0
Pedro Aguirre Cerda,2024-12-28,30.1,14.6,21.3,31.8,0.0
Pedro Aguirre Cerda,2024-12-29,32.0,15.1,22.3,33.4,0.0
Pedro Aguirre Cerda,2024-12-30,31.2,15.7,22.8,32.8,0.0
Pedro Aguirre Cerda,2024-12-31,31.7,17.0,23.8,31.9,0.0
Peñaflor,2024-01-01,27.1,10.8,17.9,27.5,0.0
Peñaflor,2024-01-02,29.4,11.6,19.4,30.1,0.0
Peñaflor,2024-01-03,27.6,12.6,19.4,28.4,0.0
Peñaflor,2024-01-04,26.5,12.4,18.5,27.2,0.0
Peñaflor,2024-01-05,25.2,12.9,18.0,25.7,0.0
Peñaflor,2024-01-06,25.8,12.9,18.0,26.3,0.0
Peñaflor,2024-01-07,29.9,11.3,20.3,28.7,0.0
Peñaflor,2024-01-08,29.5,12.1,20.2,29.0,0.0
Peñaflor,2024-01-09,28.9,12.8,19.5,28.4,0.0
Peñaflor,2024-01-10,29.0,11.7,19.8,29.0,0.0
Peñaflor,2024-01-11,28.5,13.5,19.6,28.3,0.0
Peñaflor,2024-01-12,26.4,11.8,18.1,26.1,0.0
Peñaflor,2024-01-13,26.1,11.7,17.5,25.9,0.0
Peñaflor,2024-01-14,33.3,11.2,21.9,32.1,0.0
Peñaflor,2024-01-15,29.5,12.9,20.6,28.8,0.0
Peñaflor,2024-01-16,31.5,10.6,20.7,30.6,0.0
Peñaflor,2024-01-17,28.0,13.9,20.1,28.0,0.0
Peñaflor,2024-01-18,31.9,12.4,21.2,31.5,0.0
Peñaflor,2024-01-19,30.9,14.1,22.2,29.9,0.0
Peñaflor,2024-01-20,28.5,15.0,20.9,28.2,0.0
Peñaflor,2024-01-21,30.1,13.2,20.7,30.0,0.0
Peñaflor,2024-01-22,29.7,13.5,20.8,30.0,0.0
Peñaflor,2024-01-23,27.7,13.4,19.5,28.0,0.0
Peñaflor,2024-01-24,31.9,13.6,21.6,32.6,0.0
Peñaflor,2024-01-25,28.3,14.6,20.5,28.5,0.0
Peñaflor,2024-01-26,28.6,13.9,19.7,28.7,0.0
Peñaflor,2024-01-27,31.2,13.2,20.8,32.0,0.0
Peñaflor,2024-01-28,28.1,15.0,20.0,28.1,0.0
Peñaflor,2024-01-29,29.9,14.2,20.5,30.6,0.0
Peñaflor,2024-01-30,33.8,14.2,22.8,33.6,0.0
Peñaflor,2024-01-31,36.3,16.1,25.4,34.6,0.0
Peñaflor,2024-02-01,33.3,15.8,24.2,32.9,0.0
Peñaflor,2024-02-02,36.3,14.7,24.9,36.9,0.0
Peñaflor,2024-02-03,35.2,16.5,25.4,34.5,0.0
Peñaflor,2024-02-04,28.9,15.1,20.9,28.9,0.0
Peñaflor,2024-02-05,31.1,12.4,21.2,31.3,0.0
Peñaflor,2024-02-06,28.5,15.1,20.8,28.4,0.0
Peñaflor,2024-02-07,33.4,14.1,22.6,34.2,0.0
Peñaflor,2024-02-08,30.6,15.8,22.5,31.4,0.0
Peñaflor,2024-02-09,29.1,14.1,20.4,29.3,0.0
Peñaflor,2024-02-10,31.5,13.8,21.8,31.2,0.0
Peñaflor,2024-02-11,27.8,12.7,19.2,27.6,0.0
Peñaflor,2024-02-12,34.0,13.3,22.9,33.4,0.0
Peñaflor,2024-02-13,29.0,14.8,21.0,28.5,0.0
Peñaflor,2024-02-14,29.8,12.4,19.4,30.7,0.0
Peñaflor,2024-02-15,29.1,13.1,19.4,30.1,0.0
Peñaflor,2024-02-16,27.3,13.1,19.1,27.4,0.0
Peñaflor,2024-02-17,34.0,13.1,22.2,32.3,0.0
Peñaflor,2024-02-18,30.9,15.0,22.2,30.5,0.0
Peñaflor,2024-02-19,27.6,13.4,18.7,27.5,0.0
Peñaflor,2024-02-20,28.2,14.4,19.3,29.3,0.0
Peñaflor,2024-02-21,27.4,13.1,18.9,27.6,0.0
Peñaflor,2024-02-22,18.2,14.4,16.5,18.5,5.5
Peñaflor,2024-02-23,28.3,11.8,19.6,30.6,0.0
Peñaflor,2024-02-24,29.4,13.9,20.8,30.5,0.0
Peñaflor,2024-02-25,28.2,13.8,19.9,28.5,0.0
Peñaflor,2024-02-26,30.5,12.2,20.9,30.7,0.0
Peñaflor,2024-02-27,29.5,14.2,21.0,28.8,0.0
Peñaflor,2024-02-28,32.0,12.9,21.2,31.3,0.0
Peñaflor,2024-02-29,32.1,14.4,22.1,32.1,0.0
Peñaflor,2024-03-01,27.0,13.4,19.8,25.9,0.0
Peñaflor,2024-03-02,30.5,13.4,21.2,28.9,0.0
Peñaflor,2024-03-03,29.5,13.6,20.8,28.7,0.0
Peñaflor,2024-03-04,30.4,13.6,20.6,29.4,0.0
Peñaflor,2024-03-05,27.7,13.2,19.1,26.6,0.0
Peñaflor,2024-03-06,27.5,12.4,18.9,27.1,0.0
Peñaflor,2024-03-07,26.0,10.6,17.3,24.6,0.0
Peñaflor,2024-03-08,26.8,9.9,17.5,25.1,0.0
Peñaflor,2024-03-09,29.5,10.6,19.3,28.2,0.0
Peñaflor,2024-03-10,27.1,12.2,18.6,26.3,0.0
Peñaflor,2024-03-11,26.0,11.4,17.1,25.2,0.0
Peñaflor,2024-03-12,27.9,9.8,18.0,25.7,0.0
Peñaflor,2024-03-13,27.9,11.6,18.7,26.8,0.0
Peñaflor,2024-03-14,28.1,10.5,18.7,26.0,0.0
Peñaflor,2024-03-15,27.6,10.4,18.3,25.0,0.0
Peñaflor,2024-03-16,28.0,10.1,18.3,25.6,0.0
Peñaflor,2024-03-17,29.2,11.3,19.0,27.0,0.0
Peñaflor,2024-03-18,30.3,11.9,20.3,28.4,0.0
Peñaflor,2024-03-19,25.8,12.6,18.5,24.2,0.0
Peñaflor,2024-03-20,22.0,11.4,15.7,20.2,1.4
Peñaflor,2024-03-21,30.4,10.7,20.0,30.4,0.0
Peñaflor,2024-03-22,30.5,14.5,21.5,29.6,0.0
Peñaflor,2024-03-23,28.6,13.9,20.1,27.8,0.0
Peñaflor,2024-03-24,30.1,13.1,20.4,29.2,0.0
Peñaflor,2024-03-25,25.6,13.4,18.3,25.2,0.0
Peñaflor,2024-03-26,28.3,11.7,19.2,27.9,0.0
Peñaflor,2024-03-27,28.8,13.8,20.3,28.3,0.0
Peñaflor,2024-03-28,27.8,13.4,19.4,27.9,0.0
Peñaflor,2024-03-29,28.7,13.3,19.9,28.3,0.0
Peñaflor,2024-03-30,30.0,13.3,20.9,29.5,0.0
Peñaflor,2024-03-31,28.0,13.4,20.1,26.1,0.0
Peñaflor,2024-04-01,26.0,10.9,18.4,22.9,0.0
Peñaflor,2024-04-02,23.8,11.6,16.9,21.5,1.3
Peñaflor,2024-04-03,19.8,12.6,15.9,19.7,0.0
Peñaflor,2024-04-04,26.0,11.6,17.9,25.3,0.0
Peñaflor,2024-04-05,27.0,11.4,18.2,26.2,0.0
Peñaflor,2024-04-06,24.4,9.6,16.8,22.5,0.0
Peñaflor,2024-04-07,26.5,10.8,17.5,25.7,0.0
Peñaflor,2024-04-08,24.6,9.6,16.7,22.4,0.0
Peñaflor,2024-04-09,25.3,9.9,16.8,23.7,0.0
Peñaflor,2024-04-10,25.3,10.5,16.4,24.6,0.0
Peñaflor,2024-04-11,20.9,8.4,13.0,17.8,0.0
Peñaflor,2024-04-12,15.0,9.3,11.8,14.2,0.3
Peñaflor,2024-04-13,19.5,7.2,12.6,17.8,0.5
Peñaflor,2024-04-14,21.3,8.8,14.2,19.4,1.0
Peñaflor,2024-04-15,18.4,11.6,13.7,17.5,7.7
Peñaflor,2024-04-16,23.2,8.0,14.9,21.9,0.0
Peñaflor,2024-04-17,26.5,7.4,16.9,25.2,0.0
Peñaflor,2024-04-18,28.5,9.7,18.3,26.8,0.0
Peñaflor,2024-04-19,22.6,11.2,16.4,21.7,0.0
Peñaflor,2024-04-20,20.6,10.9,15.4,19.4,0.0
Peñaflor,2024-04-21,18.0,11.4,14.3,16.3,0.2
Peñaflor,2024-04-22,20.1,9.6,13.9,19.0,0.9
Peñaflor,2024-04-23,23.6,8.2,14.7,22.8,0.0
Peñaflor,2024-04-24,21.4,8.1,13.5,19.9,0.0
Peñaflor,2024-04-25,21.2,6.4,13.2,18.7,0.0
Peñaflor,2024-04-26,19.3,7.6,12.7,17.7,0.0
Peñaflor,2024-04-27,19.4,7.7,12.1,17.7,0.0
Peñaflor,2024-04-28,16.2,6.8,10.8,13.3,0.0
Peñaflor,2024-04-29,17.6,5.3,11.3,13.8,0.0
Peñaflor,2024-04-30,15.4,7.0,10.8,13.9,37.4
Peñaflor,2024-05-01,14.8,6.2,9.8,12.9,0.2
Peñaflor,2024-05-02,13.9,3.3,8.1,11.8,0.0
Peñaflor,2024-05-03,15.6,2.8,9.1,13.5,0.0
Peñaflor,2024-05-04,17.3,3.9,10.1,15.5,0.0
Peñaflor,2024-05-05,15.4,7.1,10.2,14.4,0.0
Peñaflor,2024-05-06,15.4,4.9,9.1,13.3,0.0
Peñaflor,2024-05-07,9.6,3.5,6.4,8.1,31.9
Peñaflor,2024-05-08,14.1,0.4,6.6,12.4,0.0
Peñaflor,2024-05-09,15.4,1.5,7.2,14.0,0.0
Peñaflor,2024-05-10,13.7,3.5,8.1,11.8,0.0
Peñaflor,2024-05-11,13.8,2.6,7.4,12.0,0.0
Peñaflor,2024-05-12,13.4,2.3,7.3,10.9,0.0
Peñaflor,2024-05-13,14.4,0.2,6.3,12.6,0.0
Peñaflor,2024-05-14,14.6,-0.2,6.3,12.3,0.0
Peñaflor,2024-05-15,11.7,2.7,5.9,8.3,1.3
Peñaflor,2024-05-16,14.4,0.9,6.7,12.1,0.0
Peñaflor,2024-05-17,14.2,1.8,6.9,12.2,0.1
Peñaflor,2024-05-18,15.4,-0.2,6.6,13.2,0.0
Peñaflor,2024-05-19,16.4,0.6,8.1,14.3,0.0
Peñaflor,2024-05-20,10.2,7.3,8.4,8.0,23.0
Peñaflor,2024-05-21,14.1,6.2,9.2,13.3,38.0
Peñaflor,2024-05-22,9.8,6.2,8.2,8.6,15.1
Peñaflor,2024-05-23,12.7,4.0,7.9,11.4,4.8
Peñaflor,2024-05-24,14.2,1.4,7.6,12.2,0.0
Peñaflor,2024-05-25,14.9,7.0,10.2,13.4,0.5
Peñaflor,2024-05-26,13.4,5.4,8.5,11.7,15.3
Peñaflor,2024-05-27,15.2,0.9,7.4,13.5,0.0
Peñaflor,2024-05-28,18.1,3.2,9.0,17.0,0.0
Peñaflor,2024-05-29,18.1,6.1,10.5,17.1,0.0
Peñaflor,2024-05-30,18.7,5.9,10.9,18.6,0.0
Peñaflor,2024-05-31,15.4,5.4,9.4,14.1,0.0
Peñaflor,2024-06-01,18.0,3.5,10.2,17.3,0.0
Peñaflor,2024-06-02,18.4,8.3,11.6,17.7,0.0
Peñaflor,2024-06-03,15.1,8.8,11.4,13.9,0.0
Peñaflor,2024-06-04,18.2,6.4,10.9,17.8,0.4
Peñaflor,2024-06-05,15.1,8.4,10.9,14.5,0.0
Peñaflor,2024-06-06,17.7,7.7,12.0,17.7,0.0
Peñaflor,2024-06-07,20.1,7.6,12.4,19.3,0.0
Peñaflor,2024-06-08,15.6,8.6,11.3,14.9,2.7
Peñaflor,2024-06-09,13.6,7.3,10.4,12.4,14.7
Peñaflor,2024-06-10,15.8,8.4,11.2,15.2,0.3
Peñaflor,2024-06-11,15.5,8.8,11.1,15.0,0.0
Peñaflor,2024-06-12,13.6,8.7,10.7,12.9,0.0
Peñaflor,2024-06-13,12.0,8.8,9.8,10.7,53.2
Peñaflor,2024-06-14,14.4,6.4,10.0,13.1,18.9
Peñaflor,2024-06-15,14.7,2.8,8.2,13.8,0.0
Peñaflor,2024-06-16,14.2,4.8,8.5,13.5,0.0
Peñaflor,2024-06-17,15.0,4.8,9.2,13.2,7.4
Peñaflor,2024-06-18,9.8,6.6,8.4,8.6,70.0
Peñaflor,2024-06-19,15.4,6.1,9.2,14.6,10.4
Peñaflor,2024-06-20,12.3,5.8,8.6,11.8,0.0
Peñaflor,2024-06-21,8.4,5.8,7.7,6.8,70.5
Peñaflor,2024-06-22,8.4,5.7,6.8,7.0,24.0
Peñaflor,2024-06-23,11.0,4.1,7.2,8.7,0.0
Peñaflor,2024-06-24,10.1,3.7,6.2,7.9,0.1
Peñaflor,2024-06-25,11.2,1.9,5.5,9.5,0.0
Peñaflor,2024-06-26,15.7,0.7,6.6,13.7,0.0
Peñaflor,2024-06-27,14.1,3.5,8.0,12.5,0.0
Peñaflor,2024-06-28,14.4,4.2,8.0,13.8,0.0
Peñaflor,2024-06-29,17.5,2.7,8.5,16.0,0.0
Peñaflor,2024-06-30,18.5,4.2,9.4,17.5,0.0
Peñaflor,2024-07-01,19.5,3.2,9.9,18.8,0.0
Peñaflor,2024-07-02,16.6,2.8,8.6,15.4,0.0
Peñaflor,2024-07-03,16.2,5.1,9.1,14.8,0.0
Peñaflor,2024-07-04,12.6,3.0,6.6,11.4,0.0
Peñaflor,2024-07-05,15.7,-0.4,6.1,13.5,0.0
Peñaflor,2024-07-06,12.9,-0.3,4.7,9.9,0.0
Peñaflor,2024-07-07,14.1,0.5,5.1,10.8,0.0
Peñaflor,2024-07-08,14.5,-0.9,5.0,11.1,0.0
Peñaflor,2024-07-09,9.4,-1.0,2.9,5.9,0.0
Peñaflor,2024-07-10,9.9,-0.3,3.6,7.2,0.0
Peñaflor,2024-07-11,10.9,-2.0,3.4,9.1,0.0
Peñaflor,2024-07-12,14.6,-2.4,4.4,10.5,0.0
Peñaflor,2024-07-13,13.8,-0.6,4.6,10.7,0.0
Peñaflor,2024-07-14,11.1,-1.4,4.0,8.1,0.0
Peñaflor,2024-07-15,13.4,-1.5,3.8,10.3,0.0
Peñaflor,2024-07-16,19.0,0.3,7.3,16.0,0.0
Peñaflor,2024-07-17,16.9,1.6,7.1,13.9,0.0
Peñaflor,2024-07-18,9.9,2.6,6.6,8.6,1.7
Peñaflor,2024-07-19,13.8,3.3,7.3,12.5,0.0
Peñaflor,2024-07-20,13.0,3.7,7.2,11.7,0.0
Peñaflor,2024-07-21,14.9,4.6,8.7,13.2,0.0
Peñaflor,2024-07-22,17.9,3.5,9.0,16.6,0.0
Peñaflor,2024-07-23,12.0,4.0,7.5,10.9,0.8
Peñaflor,2024-07-24,16.6,2.8,8.2,15.0,0.1
Peñaflor,2024-07-25,15.3,2.0,8.2,13.7,0.0
Peñaflor,2024-07-26,12.7,4.4,7.9,11.9,0.0
Peñaflor,2024-07-27,14.8,2.3,7.7,13.5,0.0
Peñaflor,2024-07-28,16.5,1.6,7.4,14.5,0.0
Peñaflor,2024-07-29,21.6,2.2,10.0,21.0,0.0
Peñaflor,2024-07-30,16.5,7.6,11.0,15.6,0.0
Peñaflor,2024-07-31,12.1,7.1,9.4,11.5,0.0
Peñaflor,2024-08-01,10.2,7.2,8.7,9.6,1.6
Peñaflor,2024-08-02,11.0,5.8,8.5,10.0,71.4
Peñaflor,2024-08-03,15.4,2.1,8.1,13.5,18.3
Peñaflor,2024-08-04,15.8,4.9,9.7,14.7,0.0
Peñaflor,2024-08-05,9.2,6.0,7.2,7.8,10.4
Peñaflor,2024-08-06,11.9,2.8,7.1,10.0,2.0
Peñaflor,2024-08-07,10.9,-0.9,5.2,8.5,0.0
Peñaflor,2024-08-08,14.1,-2.1,5.8,12.0,0.0
Peñaflor,2024-08-09,17.5,-1.3,7.1,16.0,0.0
Peñaflor,2024-08-10,18.5,2.7,9.5,17.2,0.0
Peñaflor,2024-08-11,19.5,2.5,10.1,18.9,0.0
Peñaflor,2024-08-12,21.6,4.3,12.0,21.5,0.0
Peñaflor,2024-08-13,18.0,5.6,10.7,18.2,0.0
Peñaflor,2024-08-14,14.0,8.1,10.2,13.4,0.0
Peñaflor,2024-08-15,15.5,6.1,10.0,14.6,0.0
Peñaflor,2024-08-16,12.4,6.8,9.1,11.4,0.0
Peñaflor,2024-08-17,14.3,5.4,9.1,13.4,0.0
Peñaflor,2024-08-18,11.4,4.6,7.6,9.4,0.0
Peñaflor,2024-08-19,12.1,1.9,6.6,9.3,0.0
Peñaflor,2024-08-20,10.5,2.3,5.5,7.6,0.0
Peñaflor,2024-08-21,11.6,-0.5,4.9,9.5,18.9
Peñaflor,2024-08-22,12.2,-1.8,4.9,10.5,3.4
Peñaflor,2024-08-23,10.8,0.8,5.5,8.6,3.2
Peñaflor,2024-08-24,16.6,-1.0,6.4,14.5,0.0
Peñaflor,2024-08-25,18.3,1.7,8.4,16.9,0.0
Peñaflor,2024-08-26,15.8,-0.1,7.9,14.5,0.0
Peñaflor,2024-08-27,17.5,0.6,9.0,17.4,0.0
Peñaflor,2024-08-28,14.3,5.3,8.9,13.7,0.0
Peñaflor,2024-08-29,12.7,6.9,9.1,10.5,1.0
Peñaflor,2024-08-30,14.1,6.2,9.5,12.1,0.2
Peñaflor,2024-08-31,19.0,2.2,10.1,18.4,0.0
Peñaflor,2024-09-01,22.5,4.4,12.0,23.0,0.0
Peñaflor,2024-09-02,13.6,4.9,9.2,11.3,0.1
Peñaflor,2024-09-03,15.3,4.7,9.2,13.6,0.0
Peñaflor,2024-09-04,17.5,2.5,9.7,17.0,0.0
Peñaflor,2024-09-05,20.5,3.8,11.4,20.4,0.0
Peñaflor,2024-09-06,16.5,5.7,10.4,14.7,0.0
Peñaflor,2024-09-07,15.9,7.9,10.7,14.8,0.0
Peñaflor,2024-09-08,18.1,4.6,11.1,17.7,0.1
Peñaflor,2024-09-09,21.0,7.3,13.2,21.2,0.0
Peñaflor,2024-09-10,17.1,6.7,11.4,15.2,0.0
Peñaflor,2024-09-11,18.4,5.5,11.3,17.8,0.0
Peñaflor,2024-09-12,15.9,5.9,10.0,14.4,0.0
Peñaflor,2024-09-13,18.2,5.5,11.3,17.4,0.0
Peñaflor,2024-09-14,21.5,4.2,12.6,20.5,0.0
Peñaflor,2024-09-15,22.0,5.0,14.0,21.4,0.0
Peñaflor,2024-09-16,24.3,6.6,14.3,23.7,0.0
Peñaflor,2024-09-17,20.5,6.4,12.6,20.2,0.0
Peñaflor,2024-09-18,19.5,7.6,11.7,18.5,0.0
Peñaflor,2024-09-19,15.3,6.0,10.0,11.9,10.2
Peñaflor,2024-09-20,17.9,4.8,10.8,17.1,0.0
Peñaflor,2024-09-21,16.6,6.4,10.4,14.8,0.0
Peñaflor,2024-09-22,14.2,7.1,10.2,12.8,1.0
Peñaflor,2024-09-23,16.1,7.2,11.1,13.9,0.4
Peñaflor,2024-09-24,17.5,4.6,10.5,16.5,0.0
Peñaflor,2024-09-25,18.1,5.3,10.8,17.3,0.0
Peñaflor,2024-09-26,24.2,2.0,12.7,24.5,0.0
Peñaflor,2024-09-27,21.0,6.4,13.8,20.2,0.0
Peñaflor,2024-09-28,24.4,9.2,15.6,24.0,0.0
Peñaflor,2024-09-29,18.6,7.1,11.9,17.5,0.0
Peñaflor,2024-09-30,19.0,8.8,12.3,17.3,0.0
Peñaflor,2024-10-01,18.2,7.4,12.0,17.3,0.2
Peñaflor,2024-10-02,21.4,5.9,13.4,21.1,0.0
Peñaflor,2024-10-03,24.8,7.4,15.4,25.1,0.0
Peñaflor,2024-10-04,25.2,8.9,15.4,25.7,0.0
Peñaflor,2024-10-05,25.0,8.1,16.3,24.8,0.0
Peñaflor,2024-10-06,22.3,12.0,15.7,20.2,0.1
Peñaflor,2024-10-07,21.8,10.6,15.0,21.6,6.7
Peñaflor,2024-10-08,14.2,10.6,12.1,12.8,20.0
Peñaflor,2024-10-09,19.6,8.1,13.5,18.2,0.0
Peñaflor,2024-10-10,16.5,10.5,13.0,14.9,0.0
Peñaflor,2024-10-11,17.5,10.2,13.1,16.0,0.0
Peñaflor,2024-10-12,19.0,8.8,13.5,18.2,0.0
Peñaflor,2024-10-13,23.4,7.8,15.0,24.3,0.0
Peñaflor,2024-10-14,21.5,7.7,14.3,20.8,0.0
Peñaflor,2024-10-15,28.1,7.9,16.8,29.7,0.0
Peñaflor,2024-10-16,18.1,8.1,12.7,16.4,0.0
Peñaflor,2024-10-17,26.0,5.8,15.3,26.0,0.0
Peñaflor,2024-10-18,27.9,9.2,17.5,27.9,0.0
Peñaflor,2024-10-19,20.4,9.4,13.4,19.3,0.0
Peñaflor,2024-10-20,20.2,9.1,13.8,18.4,0.2
Peñaflor,2024-10-21,24.5,7.6,15.6,24.4,0.0
Peñaflor,2024-10-22,22.2,10.4,15.1,22.2,3.9
Peñaflor,2024-10-23,20.4,9.1,13.8,19.3,1.2
Peñaflor,2024-10-24,26.6,6.4,15.6,26.2,0.0
Peñaflor,2024-10-25,24.9,9.4,16.0,25.1,0.0
Peñaflor,2024-10-26,28.6,8.1,17.9,28.7,0.0
Peñaflor,2024-10-27,26.3,9.2,16.6,26.1,0.0
Peñaflor,2024-10-28,31.4,10.9,19.0,31.8,0.0
Peñaflor,2024-10-29,24.2,10.6,16.1,23.7,0.0
Peñaflor,2024-10-30,24.5,11.4,16.1,24.4,0.0
Peñaflor,2024-10-31,24.6,10.6,15.8,24.6,0.0
Peñaflor,2024-11-01,20.3,10.1,13.9,19.2,0.0
Peñaflor,2024-11-02,25.8,6.9,16.1,25.0,0.0
Peñaflor,2024-11-03,23.1,8.4,14.3,22.1,0.0
Peñaflor,2024-11-04,24.4,5.4,14.8,22.9,0.0
Peñaflor,2024-11-05,27.0,8.4,17.5,25.8,0.0
Peñaflor,2024-11-06,27.5,10.8,18.4,26.7,0.0
Peñaflor,2024-11-07,26.6,10.2,17.9,26.2,1.8
Peñaflor,2024-11-08,30.1,12.0,20.2,29.4,0.0
Peñaflor,2024-11-09,27.5,11.7,18.8,26.6,0.0
Peñaflor,2024-11-10,22.9,11.6,16.6,21.8,0.2
Peñaflor,2024-11-11,27.1,8.7,17.9,27.2,0.0
Peñaflor,2024-11-12,31.5,11.1,21.5,31.5,0.0
Peñaflor,2024-11-13,24.2,12.6,19.0,23.4,0.0
Peñaflor,2024-11-14,23.9,10.9,16.4,24.0,0.0
Peñaflor,2024-11-15,23.9,10.5,16.0,23.3,0.0
Peñaflor,2024-11-16,19.8,11.2,14.8,18.6,1.2
Peñaflor,2024-11-17,25.0,8.4,15.9,25.5,0.0
Peñaflor,2024-11-18,23.9,10.4,16.3,23.9,0.0
Peñaflor,2024-11-19,23.8,9.8,15.0,23.3,0.0
Peñaflor,2024-11-20,24.9,10.4,16.3,24.5,0.0
Peñaflor,2024-11-21,24.5,10.6,16.7,23.9,0.0
Peñaflor,2024-11-22,25.6,9.3,16.8,24.5,0.0
Peñaflor,2024-11-23,29.2,10.8,19.1,28.8,0.0
Peñaflor,2024-11-24,28.2,12.3,19.4,27.5,0.0
Peñaflor,2024-11-25,26.2,12.7,18.7,25.1,0.0
Peñaflor,2024-11-26,25.9,11.1,17.5,24.2,0.0
Peñaflor,2024-11-27,23.7,9.3,15.5,22.3,0.0
Peñaflor,2024-11-28,25.6,9.1,16.7,24.1,0.0
Peñaflor,2024-11-29,27.3,11.1,18.9,26.2,0.0
Peñaflor,2024-11-30,23.5,10.6,16.4,21.7,0.0
Peñaflor,2024-12-01,23.8,10.4,16.2,22.5,0.0
Peñaflor,2024-12-02,25.8,10.1,17.1,23.5,0.0
Peñaflor,2024-12-03,24.2,9.9,16.3,23.7,0.0
Peñaflor,2024-12-04,22.7,10.4,15.1,22.3,0.0
Peñaflor,2024-12-05,21.5,8.8,14.2,21.4,0.0
Peñaflor,2024-12-06,25.4,8.9,16.7,24.3,0.0
Peñaflor,2024-12-07,25.4,11.6,17.6,24.3,0.0
Peñaflor,2024-12-08,23.5,8.8,15.3,22.2,0.0
Peñaflor,2024-12-09,29.1,9.1,18.2,28.1,0.0
Peñaflor,2024-12-10,25.6,11.6,18.1,24.8,0.0
Peñaflor,2024-12-11,27.5,11.0,18.8,26.7,0.0
Peñaflor,2024-12-12,26.2,10.1,17.0,25.5,0.0
Peñaflor,2024-12-13,29.2,11.8,19.8,28.1,0.0
Peñaflor,2024-12-14,28.5,12.5,19.3,28.2,0.0
Peñaflor,2024-12-15,24.1,11.8,16.9,23.2,0.0
Peñaflor,2024-12-16,24.2,10.4,16.0,24.0,0.0
Peñaflor,2024-12-17,24.6,10.6,16.4,24.1,0.0
Peñaflor,2024-12-18,27.6,9.9,18.5,27.3,0.0
Peñaflor,2024-12-19,32.6,13.9,22.5,31.3,0.0
Peñaflor,2024-12-20,29.5,13.9,20.7,27.6,0.0
Peñaflor,2024-12-21,31.9,13.4,22.2,31.3,0.0
Peñaflor,2024-12-22,31.6,15.9,22.9,32.2,0.0
Peñaflor,2024-12-23,26.5,15.9,20.5,26.2,0.0
Peñaflor,2024-12-24,28.0,14.4,20.1,27.7,0.0
Peñaflor,2024-12-25,25.7,12.9,18.3,25.7,0.0
Peñaflor,2024-12-26,25.3,12.4,17.2,25.6,0.0
Peñaflor,2024-12-27,25.6,12.3,17.9,26.3,0.0
Peñaflor,2024-12-28,27.0,12.2,18.3,27.5,0.0
Peñaflor,2024-12-29,28.6,12.2,18.9,29.4,0.0
Peñaflor,2024-12-30,28.0,12.1,19.3,28.7,0.0
Peñaflor,2024-12-31,29.4,12.7,20.3,30.0,0.1
Peñalolén,2024-01-01,28.3,12.2,19.1,28.9,0.0
Peñalolén,2024-01-02,29.2,13.4,20.4,30.1,0.0
Peñalolén,2024-01-03,28.8,15.8,21.2,29.5,0.0
Peñalolén,2024-01-04,27.5,14.7,20.5,28.9,0.0
Peñalolén,2024-01-05,25.4,15.1,19.4,26.3,0.0
Peñalolén,2024-01-06,26.0,14.2,19.2,26.5,0.0
Peñalolén,2024-01-07,28.5,12.9,20.2,27.8,0.0
Peñalolén,2024-01-08,28.4,14.8,20.4,28.1,0.0
Peñalolén,2024-01-09,28.2,14.5,20.2,27.9,0.0
Peñalolén,2024-01-10,28.5,14.4,20.5,28.2,0.0
Peñalolén,2024-01-11,28.8,16.3,20.8,28.5,0.0
Peñalolén,2024-01-12,27.0,14.7,19.6,27.3,0.0
Peñalolén,2024-01-13,26.4,12.0,18.2,26.3,0.0
Peñalolén,2024-01-14,32.0,14.6,22.6,31.2,0.0
Peñalolén,2024-01-15,29.3,13.7,22.3,28.0,0.0
Peñalolén,2024-01-16,29.9,11.0,20.6,28.5,0.0
Peñalolén,2024-01-17,28.7,16.3,21.8,29.6,0.0
Peñalolén,2024-01-18,30.3,13.9,21.5,30.2,0.0
Peñalolén,2024-01-19,31.6,17.6,23.8,31.5,0.0
Peñalolén,2024-01-20,29.5,18.4,23.1,29.8,0.0
Peñalolén,2024-01-21,31.4,18.4,23.4,31.6,0.0
Peñalolén,2024-01-22,32.2,17.8,23.9,33.0,0.0
Peñalolén,2024-01-23,29.6,15.9,21.8,30.9,0.0
Peñalolén,2024-01-24,33.1,17.2,24.2,33.8,0.0
Peñalolén,2024-01-25,30.1,17.8,23.3,31.2,0.0
Peñalolén,2024-01-26,29.1,15.3,21.4,29.4,0.0
Peñalolén,2024-01-27,31.9,17.1,22.9,32.9,0.0
Peñalolén,2024-01-28,28.3,17.1,21.9,29.2,0.0
Peñalolén,2024-01-29,31.0,16.8,22.8,32.2,0.0
Peñalolén,2024-01-30,33.4,16.3,24.5,34.3,0.0
Peñalolén,2024-01-31,34.9,17.4,26.1,34.5,0.0
Peñalolén,2024-02-01,33.3,18.0,25.2,32.7,0.0
Peñalolén,2024-02-02,33.3,18.1,25.4,32.4,0.0
Peñalolén,2024-02-03,34.2,19.4,26.1,33.7,0.0
Peñalolén,2024-02-04,29.2,17.0,23.3,29.7,0.0
Peñalolén,2024-02-05,31.0,14.5,22.3,31.5,0.0
Peñalolén,2024-02-06,29.7,17.4,22.9,29.7,0.0
Peñalolén,2024-02-07,32.5,16.2,23.7,32.7,0.0
Peñalolén,2024-02-08,30.9,18.4,23.7,32.0,0.0
Peñalolén,2024-02-09,29.6,16.7,21.8,30.3,0.0
Peñalolén,2024-02-10,32.0,16.0,23.4,32.6,0.0
Peñalolén,2024-02-11,28.5,16.2,21.3,28.7,0.0
Peñalolén,2024-02-12,32.8,15.5,23.4,32.3,0.0
Peñalolén,2024-02-13,30.0,16.7,22.8,30.2,0.0
Peñalolén,2024-02-14,30.5,15.5,21.2,31.1,0.0
Peñalolén,2024-02-15,31.5,16.1,21.7,33.2,0.0
Peñalolén,2024-02-16,28.7,15.8,21.3,30.2,0.0
Peñalolén,2024-02-17,30.9,16.0,23.2,31.5,0.0
Peñalolén,2024-02-18,31.9,17.5,23.8,32.3,0.0
Peñalolén,2024-02-19,26.9,16.0,20.3,27.4,0.0
Peñalolén,2024-02-20,27.8,13.3,19.4,29.1,0.0
Peñalolén,2024-02-21,27.2,13.3,18.9,27.7,0.0
Peñalolén,2024-02-22,17.5,12.8,14.6,16.7,12.5
Peñalolén,2024-02-23,26.2,12.2,18.9,27.9,1.1
Peñalolén,2024-02-24,27.9,13.9,20.4,29.1,0.0
Peñalolén,2024-02-25,28.4,14.1,20.5,29.3,0.0
Peñalolén,2024-02-26,29.3,15.4,21.5,30.5,0.0
Peñalolén,2024-02-27,28.8,15.9,21.7,29.2,0.0
Peñalolén,2024-02-28,30.1,16.1,21.8,30.2,0.0
Peñalolén,2024-02-29,30.7,16.1,22.7,31.0,0.0
Peñalolén,2024-03-01,27.6,17.7,21.9,27.7,0.0
Peñalolén,2024-03-02,29.0,16.4,21.8,28.8,0.0
Peñalolén,2024-03-03,29.1,18.0,22.3,28.9,0.0
Peñalolén,2024-03-04,29.9,15.8,22.1,30.0,0.0
Peñalolén,2024-03-05,28.1,15.6,21.1,28.0,0.0
Peñalolén,2024-03-06,27.6,15.6,20.6,27.9,0.0
Peñalolén,2024-03-07,26.4,14.0,19.0,26.6,0.0
Peñalolén,2024-03-08,26.4,11.1,17.8,25.5,0.0
Peñalolén,2024-03-09,28.6,13.0,20.3,27.9,0.0
Peñalolén,2024-03-10,27.7,14.0,20.3,27.3,0.0
Peñalolén,2024-03-11,26.4,13.2,18.3,26.9,0.0
Peñalolén,2024-03-12,26.7,12.3,18.5,25.9,0.0
Peñalolén,2024-03-13,26.9,13.7,19.4,26.6,0.0
Peñalolén,2024-03-14,26.8,15.3,19.9,26.0,0.0
Peñalolén,2024-03-15,26.9,15.4,19.8,25.9,0.0
Peñalolén,2024-03-16,27.2,14.7,19.5,26.2,0.0
Peñalolén,2024-03-17,28.7,15.4,20.6,27.3,0.0
Peñalolén,2024-03-18,29.8,15.0,21.8,28.1,0.0
Peñalolén,2024-03-19,26.5,13.9,20.6,24.9,0.0
Peñalolén,2024-03-20,20.6,10.5,15.0,19.6,1.1
Peñalolén,2024-03-21,30.3,14.3,20.9,29.2,0.2
Peñalolén,2024-03-22,30.6,14.7,22.5,29.8,0.0
Peñalolén,2024-03-23,28.4,16.3,21.4,27.9,0.0
Peñalolén,2024-03-24,29.1,17.8,22.0,29.3,0.0
Peñalolén,2024-03-25,26.9,14.8,20.5,27.5,0.0
Peñalolén,2024-03-26,28.0,14.3,20.3,28.9,0.0
Peñalolén,2024-03-27,28.0,15.8,20.9,28.2,0.0
Peñalolén,2024-03-28,28.1,15.8,20.9,28.5,0.0
Peñalolén,2024-03-29,28.9,15.0,21.5,29.0,0.0
Peñalolén,2024-03-30,29.2,14.4,21.6,29.1,0.0
Peñalolén,2024-03-31,27.9,16.0,21.6,25.9,0.0
Peñalolén,2024-04-01,25.2,14.1,18.8,22.8,0.0
Peñalolén,2024-04-02,23.4,13.7,17.9,20.8,2.3
Peñalolén,2024-04-03,19.3,12.5,15.3,18.6,0.0
Peñalolén,2024-04-04,25.7,13.3,18.2,25.5,0.0
Peñalolén,2024-04-05,27.1,12.0,18.8,26.1,0.0
Peñalolén,2024-04-06,23.9,12.9,17.6,22.9,0.0
Peñalolén,2024-04-07,27.5,11.3,18.5,26.3,0.0
Peñalolén,2024-04-08,24.4,14.8,18.2,22.8,0.0
Peñalolén,2024-04-09,25.4,14.6,18.6,24.7,0.0
Peñalolén,2024-04-10,26.1,12.7,18.3,24.7,0.0
Peñalolén,2024-04-11,21.2,11.1,14.8,19.0,0.0
Peñalolén,2024-04-12,14.7,9.3,12.0,13.1,0.9
Peñalolén,2024-04-13,17.0,8.6,12.2,15.2,4.3
Peñalolén,2024-04-14,18.9,8.3,13.1,16.9,1.1
Peñalolén,2024-04-15,16.7,10.2,12.0,15.2,9.6
Peñalolén,2024-04-16,21.4,8.7,14.6,19.4,0.0
Peñalolén,2024-04-17,26.0,7.8,16.2,24.3,0.0
Peñalolén,2024-04-18,28.8,10.7,18.6,27.2,0.0
Peñalolén,2024-04-19,23.0,12.0,17.2,21.2,0.0
Peñalolén,2024-04-20,20.7,12.6,16.4,18.9,0.0
Peñalolén,2024-04-21,17.0,11.4,14.4,15.1,0.0
Peñalolén,2024-04-22,19.3,10.5,14.2,17.0,0.0
Peñalolén,2024-04-23,23.3,7.6,14.8,21.5,0.0
Peñalolén,2024-04-24,21.0,10.2,14.4,19.5,0.0
Peñalolén,2024-04-25,20.4,8.0,13.9,17.0,0.0
Peñalolén,2024-04-26,18.2,9.4,13.0,15.7,0.0
Peñalolén,2024-04-27,19.0,8.6,12.5,16.9,0.0
Peñalolén,2024-04-28,16.4,7.0,11.1,13.5,0.0
Peñalolén,2024-04-29,16.4,6.5,11.1,12.5,0.0
Peñalolén,2024-04-30,14.4,5.8,10.2,12.1,13.6
Peñalolén,2024-05-01,13.3,5.0,9.2,10.7,0.8
Peñalolén,2024-05-02,13.6,0.8,7.5,10.8,0.0
Peñalolén,2024-05-03,14.9,5.0,9.3,12.5,0.0
Peñalolén,2024-05-04,16.2,6.6,10.9,13.5,0.0
Peñalolén,2024-05-05,14.6,6.2,9.9,12.7,0.0
Peñalolén,2024-05-06,14.5,4.8,9.3,12.4,0.1
Peñalolén,2024-05-07,8.8,3.1,5.8,7.2,29.8
Peñalolén,2024-05-08,13.4,-2.8,4.8,11.7,0.0
Peñalolén,2024-05-09,16.5,0.9,7.7,14.4,0.0
Peñalolén,2024-05-10,12.3,3.7,7.6,10.3,0.0
Peñalolén,2024-05-11,12.7,4.1,7.8,10.2,0.0
Peñalolén,2024-05-12,11.7,2.2,7.4,8.8,0.2
Peñalolén,2024-05-13,13.1,-0.3,5.5,10.6,0.0
Peñalolén,2024-05-14,14.4,0.1,6.7,11.8,0.0
Peñalolén,2024-05-15,8.1,1.7,4.7,5.0,2.5
Peñalolén,2024-05-16,12.2,-2.0,4.9,9.0,0.0
Peñalolén,2024-05-17,12.0,0.4,5.7,9.2,0.2
Peñalolén,2024-05-18,13.4,-1.5,5.6,10.5,0.0
Peñalolén,2024-05-19,16.8,0.2,8.7,14.2,0.0
Peñalolén,2024-05-20,10.1,7.6,8.7,8.0,33.2
Peñalolén,2024-05-21,13.0,6.8,9.1,11.6,7.1
Peñalolén,2024-05-22,9.2,6.3,7.8,8.0,32.2
Peñalolén,2024-05-23,11.2,1.8,6.6,9.1,14.8
Peñalolén,2024-05-24,15.2,-1.5,6.9,14.6,0.0
Peñalolén,2024-05-25,14.7,7.2,9.9,12.8,0.6
Peñalolén,2024-05-26,12.8,1.9,7.1,11.0,12.5
Peñalolén,2024-05-27,16.7,-0.3,7.7,15.4,0.0
Peñalolén,2024-05-28,19.7,4.6,10.7,17.7,0.0
Peñalolén,2024-05-29,17.9,8.4,11.9,16.6,0.0
Peñalolén,2024-05-30,19.2,8.1,12.6,18.3,0.0
Peñalolén,2024-05-31,17.6,6.0,10.7,16.6,0.0
Peñalolén,2024-06-01,18.6,2.3,10.1,17.3,0.0
Peñalolén,2024-06-02,20.6,9.6,13.4,22.0,0.0
Peñalolén,2024-06-03,18.1,11.9,14.4,16.6,0.0
Peñalolén,2024-06-04,18.5,8.7,12.8,17.2,0.5
Peñalolén,2024-06-05,15.8,8.8,12.2,15.4,0.9
Peñalolén,2024-06-06,16.9,7.9,12.6,15.5,0.0
Peñalolén,2024-06-07,19.8,8.6,13.5,20.4,0.0
Peñalolén,2024-06-08,14.8,8.9,11.6,14.0,4.9
Peñalolén,2024-06-09,12.8,7.1,9.5,11.3,24.6
Peñalolén,2024-06-10,14.1,7.3,10.4,12.7,0.0
Peñalolén,2024-06-11,14.7,9.2,11.5,13.4,0.0
Peñalolén,2024-06-12,12.8,9.4,10.7,11.2,0.0
Peñalolén,2024-06-13,11.5,8.1,9.3,8.4,73.7
Peñalolén,2024-06-14,13.0,5.0,8.6,11.4,21.9
Peñalolén,2024-06-15,12.6,1.7,7.0,10.6,2.5
Peñalolén,2024-06-16,13.2,0.8,6.7,11.6,0.0
Peñalolén,2024-06-17,13.5,2.3,7.5,11.5,10.0
Peñalolén,2024-06-18,10.1,5.3,7.7,8.8,36.2
Peñalolén,2024-06-19,13.7,3.7,8.2,11.7,13.5
Peñalolén,2024-06-20,11.7,6.4,8.6,10.3,0.0
Peñalolén,2024-06-21,7.6,5.8,6.6,5.9,46.4
Peñalolén,2024-06-22,7.4,3.8,5.6,5.6,20.6
Peñalolén,2024-06-23,9.6,4.7,6.3,7.3,0.9
Peñalolén,2024-06-24,7.7,4.4,5.7,5.9,0.1
Peñalolén,2024-06-25,9.3,0.7,5.1,6.8,0.3
Peñalolén,2024-06-26,16.3,-1.0,7.0,14.7,0.0
Peñalolén,2024-06-27,15.3,5.9,10.0,13.7,0.0
Peñalolén,2024-06-28,15.0,3.1,8.2,13.9,0.0
Peñalolén,2024-06-29,18.1,2.9,9.3,17.0,0.0
Peñalolén,2024-06-30,18.5,4.5,10.4,16.5,0.0
Peñalolén,2024-07-01,19.8,4.1,10.5,17.7,0.0
Peñalolén,2024-07-02,17.5,4.2,9.9,15.4,0.0
Peñalolén,2024-07-03,16.1,6.6,10.5,13.8,0.0
Peñalolén,2024-07-04,13.9,3.9,8.2,12.4,0.0
Peñalolén,2024-07-05,15.2,0.4,7.2,13.0,0.0
Peñalolén,2024-07-06,12.9,2.4,7.0,10.3,0.0
Peñalolén,2024-07-07,13.2,1.3,7.0,10.9,0.0
Peñalolén,2024-07-08,13.7,0.8,6.6,11.3,0.0
Peñalolén,2024-07-09,10.4,0.6,4.3,7.9,0.0
Peñalolén,2024-07-10,8.9,-1.4,3.3,6.4,0.0
Peñalolén,2024-07-11,10.5,-0.4,4.0,7.9,0.0
Peñalolén,2024-07-12,13.8,-1.6,5.3,10.5,0.0
Peñalolén,2024-07-13,14.3,0.2,6.1,12.5,0.0
Peñalolén,2024-07-14,14.6,1.8,7.1,12.2,0.0
Peñalolén,2024-07-15,17.6,3.5,9.1,15.1,0.0
Peñalolén,2024-07-16,19.7,6.4,12.0,18.1,0.0
Peñalolén,2024-07-17,19.3,6.0,12.3,17.4,0.0
Peñalolén,2024-07-18,15.4,7.6,11.3,13.0,0.1
Peñalolén,2024-07-19,14.7,6.5,10.6,13.6,0.0
Peñalolén,2024-07-20,14.3,4.7,8.4,13.2,0.0
Peñalolén,2024-07-21,13.3,4.4,8.1,10.2,0.0
Peñalolén,2024-07-22,17.0,4.0,10.1,15.4,0.0
Peñalolén,2024-07-23,10.5,5.5,7.7,8.4,0.7
Peñalolén,2024-07-24,15.8,1.2,7.9,14.7,0.1
Peñalolén,2024-07-25,17.6,4.0,10.0,15.5,0.0
Peñalolén,2024-07-26,13.6,2.9,8.4,12.2,0.0
Peñalolén,2024-07-27,15.1,7.8,10.5,13.8,0.0
Peñalolén,2024-07-28,16.5,3.8,10.2,15.1,0.0
Peñalolén,2024-07-29,22.1,4.9,12.2,21.5,0.0
Peñalolén,2024-07-30,17.9,9.7,13.3,16.5,0.0
Peñalolén,2024-07-31,13.4,7.5,10.5,12.5,0.0
Peñalolén,2024-08-01,11.9,6.9,8.5,10.2,0.0
Peñalolén,2024-08-02,10.9,4.6,7.7,8.1,70.6
Peñalolén,2024-08-03,14.9,1.6,7.3,11.8,4.3
Peñalolén,2024-08-04,13.9,4.4,8.3,12.0,0.0
Peñalolén,2024-08-05,8.8,5.1,6.8,7.3,14.5
Peñalolén,2024-08-06,9.9,2.5,5.8,7.5,11.1
Peñalolén,2024-08-07,9.1,-2.0,3.4,6.7,0.0
Peñalolén,2024-08-08,12.6,-4.4,3.3,10.5,0.0
Peñalolén,2024-08-09,18.0,-2.9,7.0,15.9,0.0
Peñalolén,2024-08-10,18.3,3.7,10.1,16.2,0.0
Peñalolén,2024-08-11,19.5,3.3,10.6,18.4,0.0
Peñalolén,2024-08-12,22.7,5.3,13.0,21.5,0.0
Peñalolén,2024-08-13,19.6,7.6,12.2,19.2,0.0
Peñalolén,2024-08-14,14.2,7.7,10.8,13.8,0.0
Peñalolén,2024-08-15,15.7,6.6,10.5,14.5,0.0
Peñalolén,2024-08-16,11.9,5.2,8.5,10.8,0.0
Peñalolén,2024-08-17,14.4,7.1,9.8,12.7,0.0
Peñalolén,2024-08-18,12.3,6.8,8.8,10.6,0.0
Peñalolén,2024-08-19,10.9,4.6,7.7,8.8,0.0
Peñalolén,2024-08-20,8.9,3.2,5.3,6.3,0.2
Peñalolén,2024-08-21,10.1,2.4,5.2,6.6,7.0
Peñalolén,2024-08-22,9.7,-1.0,4.5,6.9,3.8
Peñalolén,2024-08-23,8.7,-1.8,3.7,6.6,9.6
Peñalolén,2024-08-24,15.8,-4.7,5.2,13.8,0.0
Peñalolén,2024-08-25,18.3,1.7,9.9,17.1,0.0
Peñalolén,2024-08-26,15.7,0.4,8.4,14.2,0.0
Peñalolén,2024-08-27,17.9,0.9,9.4,16.7,0.0
Peñalolén,2024-08-28,14.5,3.9,9.6,13.9,0.0
Peñalolén,2024-08-29,11.4,4.0,7.5,9.2,0.3
Peñalolén,2024-08-30,12.0,4.6,7.6,10.0,0.6
Peñalolén,2024-08-31,17.8,1.2,9.4,17.5,0.0
Peñalolén,2024-09-01,22.7,6.6,13.8,21.9,0.0
Peñalolén,2024-09-02,13.3,5.9,10.2,12.0,0.0
Peñalolén,2024-09-03,14.4,3.9,9.0,12.5,0.0
Peñalolén,2024-09-04,17.7,2.7,10.9,17.3,0.0
Peñalolén,2024-09-05,20.4,5.4,12.5,19.3,0.0
Peñalolén,2024-09-06,16.5,9.3,12.4,16.0,0.0
Peñalolén,2024-09-07,15.2,6.9,10.2,15.0,0.0
Peñalolén,2024-09-08,17.9,6.3,11.8,17.1,0.0
Peñalolén,2024-09-09,19.7,11.4,14.6,19.1,0.0
Peñalolén,2024-09-10,16.5,7.7,11.9,15.1,1.2
Peñalolén,2024-09-11,16.7,4.5,11.0,16.0,0.4
Peñalolén,2024-09-12,15.4,6.0,9.9,15.2,0.2
Peñalolén,2024-09-13,16.2,6.0,10.4,15.7,0.0
Peñalolén,2024-09-14,20.4,2.5,11.8,19.4,0.0
Peñalolén,2024-09-15,20.8,5.8,13.3,20.0,0.0
Peñalolén,2024-09-16,22.6,5.5,14.0,21.1,0.0
Peñalolén,2024-09-17,19.9,7.5,13.4,19.5,0.0
Peñalolén,2024-09-18,20.5,7.6,12.5,20.0,0.0
Peñalolén,2024-09-19,14.8,4.9,9.4,13.0,3.7
Peñalolén,2024-09-20,16.8,4.0,10.5,16.1,0.0
Peñalolén,2024-09-21,15.7,7.1,10.8,14.8,0.0
Peñalolén,2024-09-22,12.2,7.1,9.4,10.2,3.7
Peñalolén,2024-09-23,14.3,8.1,10.4,13.8,0.7
Peñalolén,2024-09-24,16.1,5.2,10.5,15.8,0.2
Peñalolén,2024-09-25,15.5,5.7,10.1,14.9,0.0
Peñalolén,2024-09-26,22.4,1.0,12.6,21.8,0.0
Peñalolén,2024-09-27,20.5,7.7,14.2,20.0,0.0
Peñalolén,2024-09-28,22.1,10.6,16.5,21.9,0.0
Peñalolén,2024-09-29,17.1,7.8,11.9,17.3,0.0
Peñalolén,2024-09-30,17.2,7.0,10.6,15.2,0.1
Peñalolén,2024-10-01,15.7,6.0,10.8,13.3,0.0
Peñalolén,2024-10-02,19.5,5.2,12.4,19.1,0.0
Peñalolén,2024-10-03,23.6,8.0,15.5,24.0,0.0
Peñalolén,2024-10-04,23.3,10.6,16.1,23.6,0.0
Peñalolén,2024-10-05,23.7,9.5,16.8,24.0,0.0
Peñalolén,2024-10-06,21.6,12.5,16.2,21.0,0.3
Peñalolén,2024-10-07,20.8,10.4,15.1,21.5,14.7
Peñalolén,2024-10-08,15.1,8.8,11.2,13.7,4.0
Peñalolén,2024-10-09,17.2,8.9,13.0,16.2,0.0
Peñalolén,2024-10-10,16.3,8.1,12.2,15.6,0.6
Peñalolén,2024-10-11,17.0,9.1,12.2,16.1,0.0
Peñalolén,2024-10-12,17.0,10.6,13.4,16.3,0.0
Peñalolén,2024-10-13,21.9,7.5,15.0,22.9,0.0
Peñalolén,2024-10-14,20.4,8.1,14.5,20.0,0.0
Peñalolén,2024-10-15,26.1,8.6,16.7,26.8,0.0
Peñalolén,2024-10-16,18.1,9.1,13.1,18.7,0.0
Peñalolén,2024-10-17,24.3,6.6,15.7,25.5,0.0
Peñalolén,2024-10-18,27.0,10.4,18.2,27.7,0.0
Peñalolén,2024-10-19,20.9,9.7,14.4,22.1,0.0
Peñalolén,2024-10-20,18.3,7.3,11.6,16.5,0.9
Peñalolén,2024-10-21,21.9,7.7,14.6,22.5,0.0
Peñalolén,2024-10-22,22.3,9.4,14.8,22.8,5.4
Peñalolén,2024-10-23,17.6,8.3,11.8,17.4,11.8
Peñalolén,2024-10-24,23.9,5.3,15.0,24.0,0.0
Peñalolén,2024-10-25,21.9,8.1,14.5,22.5,0.0
Peñalolén,2024-10-26,27.1,8.1,17.3,27.9,0.0
Peñalolén,2024-10-27,25.9,10.2,18.3,27.1,0.0
Peñalolén,2024-10-28,30.1,10.6,19.9,31.2,0.0
Peñalolén,2024-10-29,23.3,11.8,17.3,24.3,0.0
Peñalolén,2024-10-30,24.3,10.8,16.6,25.9,0.0
Peñalolén,2024-10-31,24.9,10.7,17.3,26.3,0.0
Peñalolén,2024-11-01,19.1,10.1,13.0,18.2,0.0
Peñalolén,2024-11-02,23.9,9.4,15.9,23.7,0.0
Peñalolén,2024-11-03,22.0,9.1,15.1,21.3,0.0
Peñalolén,2024-11-04,21.9,8.8,14.7,20.9,0.0
Peñalolén,2024-11-05,25.0,7.7,16.9,24.7,0.0
Peñalolén,2024-11-06,25.2,13.6,18.7,24.6,0.0
Peñalolén,2024-11-07,23.5,11.7,18.4,22.7,0.0
Peñalolén,2024-11-08,28.0,12.0,20.0,27.4,0.0
Peñalolén,2024-11-09,26.2,12.4,19.2,26.1,0.0
Peñalolén,2024-11-10,20.1,10.9,15.2,19.5,0.5
Peñalolén,2024-11-11,24.2,9.0,17.2,23.0,0.0
Peñalolén,2024-11-12,29.3,10.8,20.6,28.3,0.0
Peñalolén,2024-11-13,25.9,14.3,20.6,26.1,0.0
Peñalolén,2024-11-14,25.5,13.3,18.2,26.4,0.0
Peñalolén,2024-11-15,23.8,10.4,16.8,24.1,0.0
Peñalolén,2024-11-16,18.5,11.3,14.8,17.2,4.0
Peñalolén,2024-11-17,24.1,8.5,15.8,24.6,3.0
Peñalolén,2024-11-18,24.8,12.8,17.5,25.4,0.0
Peñalolén,2024-11-19,24.6,10.7,16.4,24.5,0.0
Peñalolén,2024-11-20,23.7,12.1,17.3,23.4,0.0
Peñalolén,2024-11-21,26.4,14.0,18.8,26.9,0.0
Peñalolén,2024-11-22,25.2,11.4,18.0,25.4,0.0
Peñalolén,2024-11-23,28.2,13.4,20.0,28.3,0.0
Peñalolén,2024-11-24,26.7,12.8,19.6,26.8,0.0
Peñalolén,2024-11-25,25.4,14.5,19.2,24.7,0.0
Peñalolén,2024-11-26,25.1,12.2,17.9,24.7,0.0
Peñalolén,2024-11-27,23.5,11.1,16.3,22.9,0.0
Peñalolén,2024-11-28,24.8,9.7,17.0,24.0,0.0
Peñalolén,2024-11-29,27.1,13.9,19.9,26.6,0.0
Peñalolén,2024-11-30,24.5,11.0,18.1,23.8,0.0
Peñalolén,2024-12-01,22.9,8.3,15.2,21.8,0.0
Peñalolén,2024-12-02,24.9,11.8,17.9,24.0,0.0
Peñalolén,2024-12-03,24.8,12.4,17.5,24.8,0.0
Peñalolén,2024-12-04,23.6,10.4,15.9,23.7,0.0
Peñalolén,2024-12-05,21.7,8.2,14.2,20.6,0.0
Peñalolén,2024-12-06,24.4,9.8,16.7,23.4,0.0
Peñalolén,2024-12-07,25.3,13.2,18.3,25.4,0.0
Peñalolén,2024-12-08,23.7,11.1,16.6,23.0,0.0
Peñalolén,2024-12-09,28.6,11.7,19.6,28.2,0.0
Peñalolén,2024-12-10,27.4,15.2,20.3,27.8,0.0
Peñalolén,2024-12-11,28.5,14.5,20.8,28.3,0.0
Peñalolén,2024-12-12,26.2,11.9,18.4,25.7,0.0
Peñalolén,2024-12-13,28.7,14.4,20.8,28.6,0.0
Peñalolén,2024-12-14,29.5,15.8,21.2,29.9,0.0
Peñalolén,2024-12-15,25.9,14.7,19.2,26.6,0.0
Peñalolén,2024-12-16,26.8,13.0,18.7,28.0,0.0
Peñalolén,2024-12-17,25.2,12.6,18.0,25.8,0.0
Peñalolén,2024-12-18,27.0,12.5,19.7,27.2,0.0
Peñalolén,2024-12-19,31.4,16.3,23.2,31.7,0.0
Peñalolén,2024-12-20,28.5,15.9,21.3,27.7,0.0
Peñalolén,2024-12-21,30.9,15.7,23.0,30.8,0.0
Peñalolén,2024-12-22,32.5,18.8,24.6,33.4,0.0
Peñalolén,2024-12-23,28.5,19.3,23.3,29.4,0.0
Peñalolén,2024-12-24,29.2,16.9,22.3,29.8,0.0
Peñalolén,2024-12-25,27.9,15.6,20.8,29.2,0.0
Peñalolén,2024-12-26,26.1,13.3,18.7,27.7,0.0
Peñalolén,2024-12-27,26.7,14.1,19.5,28.1,0.0
Peñalolén,2024-12-28,28.2,14.6,20.1,29.5,0.0
Peñalolén,2024-12-29,29.5,14.8,21.1,31.2,0.0
Peñalolén,2024-12-30,28.8,15.4,21.3,30.5,0.0
Peñalolén,2024-12-31,29.1,16.4,21.9,29.2,0.0
Pirque,2024-01-01,28.0,15.5,20.5,29.5,0.0
Pirque,2024-01-02,29.1,16.3,21.6,30.7,0.0
Pirque,2024-01-03,28.3,17.4,22.0,30.4,0.0
Pirque,2024-01-04,27.6,17.4,21.6,29.8,0.0
Pirque,2024-01-05,25.1,17.3,20.7,27.6,0.0
Pirque,2024-01-06,25.7,15.8,20.0,28.1,0.0
Pirque,2024-01-07,27.8,14.7,20.7,28.2,0.0
Pirque,2024-01-08,27.7,16.3,20.9,28.3,0.0
Pirque,2024-01-09,27.8,15.5,20.8,28.4,0.0
Pirque,2024-01-10,27.8,16.1,21.1,28.7,0.0
Pirque,2024-01-11,28.2,16.3,21.4,29.3,0.0
Pirque,2024-01-12,26.8,16.0,20.6,28.1,0.0
Pirque,2024-01-13,26.0,15.1,19.4,27.5,0.0
Pirque,2024-01-14,31.3,14.3,23.3,31.1,0.0
Pirque,2024-01-15,28.8,14.5,22.1,29.2,0.0
Pirque,2024-01-16,29.6,11.9,21.3,28.6,0.0
Pirque,2024-01-17,28.7,16.8,22.7,30.3,0.0
Pirque,2024-01-18,29.8,15.1,22.2,30.7,0.0
Pirque,2024-01-19,31.1,16.3,24.2,32.0,0.0
Pirque,2024-01-20,29.4,20.2,24.2,30.7,0.0
Pirque,2024-01-21,31.3,20.2,24.7,32.4,0.0
Pirque,2024-01-22,32.2,17.9,25.1,33.7,0.0
Pirque,2024-01-23,29.4,18.6,23.3,31.9,0.0
Pirque,2024-01-24,33.0,20.9,25.6,34.1,0.0
Pirque,2024-01-25,30.2,18.7,24.5,32.8,0.0
Pirque,2024-01-26,28.5,18.6,22.9,30.4,0.0
Pirque,2024-01-27,31.5,19.8,24.0,32.9,0.0
Pirque,2024-01-28,28.3,19.4,23.1,31.3,0.0
Pirque,2024-01-29,30.8,19.5,24.5,33.3,0.0
Pirque,2024-01-30,32.7,17.8,25.7,34.9,0.0
Pirque,2024-01-31,34.4,18.9,26.6,34.4,0.0
Pirque,2024-02-01,32.7,18.0,24.9,32.7,0.0
Pirque,2024-02-02,33.2,20.9,26.1,32.6,0.0
Pirque,2024-02-03,33.6,17.4,26.3,33.8,0.0
Pirque,2024-02-04,29.5,18.1,24.0,31.2,0.0
Pirque,2024-02-05,30.9,17.4,23.3,32.5,0.0
Pirque,2024-02-06,29.1,18.9,23.5,30.4,0.0
Pirque,2024-02-07,31.7,18.7,24.3,32.7,0.0
Pirque,2024-02-08,30.8,19.0,23.9,32.8,0.0
Pirque,2024-02-09,29.4,18.1,22.8,31.3,0.0
Pirque,2024-02-10,31.9,18.4,24.6,33.3,0.0
Pirque,2024-02-11,28.5,17.8,22.7,30.2,0.0
Pirque,2024-02-12,32.2,17.2,24.4,32.8,0.0
Pirque,2024-02-13,29.7,18.1,23.4,31.1,0.0
Pirque,2024-02-14,30.1,18.6,23.0,32.1,0.0
Pirque,2024-02-15,31.6,19.6,23.6,33.9,0.0
Pirque,2024-02-16,28.7,18.7,22.8,31.7,0.0
Pirque,2024-02-17,31.1,18.8,24.5,31.7,0.0
Pirque,2024-02-18,31.7,17.9,24.7,32.9,0.0
Pirque,2024-02-19,27.0,17.1,21.8,29.0,0.0
Pirque,2024-02-20,27.9,14.7,20.5,30.0,0.0
Pirque,2024-02-21,27.3,14.7,19.9,28.8,0.0
Pirque,2024-02-22,17.2,13.4,15.1,17.4,7.9
Pirque,2024-02-23,26.1,13.2,20.1,28.3,0.5
Pirque,2024-02-24,27.5,15.2,21.1,29.6,0.0
Pirque,2024-02-25,27.7,15.2,21.4,29.8,0.0
Pirque,2024-02-26,29.4,17.9,22.5,30.7,0.0
Pirque,2024-02-27,28.3,17.2,22.3,29.6,0.0
Pirque,2024-02-28,29.8,17.7,22.8,30.5,0.0
Pirque,2024-02-29,30.3,15.8,23.4,31.3,0.0
Pirque,2024-03-01,27.5,19.2,22.8,28.3,0.0
Pirque,2024-03-02,28.8,18.7,22.7,28.8,0.0
Pirque,2024-03-03,28.8,18.1,22.9,29.7,0.0
Pirque,2024-03-04,29.4,15.5,22.9,30.4,0.0
Pirque,2024-03-05,28.0,14.8,21.4,28.9,0.0
Pirque,2024-03-06,27.4,16.1,21.6,28.6,0.0
Pirque,2024-03-07,26.3,15.0,20.2,27.2,0.0
Pirque,2024-03-08,26.4,14.7,19.1,26.1,0.0
Pirque,2024-03-09,28.6,13.4,21.5,28.7,0.0
Pirque,2024-03-10,27.6,15.7,21.4,28.3,0.0
Pirque,2024-03-11,26.8,14.3,19.9,28.0,0.0
Pirque,2024-03-12,26.4,13.3,19.3,26.8,0.0
Pirque,2024-03-13,26.6,16.4,20.4,27.3,0.0
Pirque,2024-03-14,26.6,17.6,21.1,26.8,0.0
Pirque,2024-03-15,26.7,17.0,21.0,26.9,0.0
Pirque,2024-03-16,26.9,17.0,20.9,27.0,0.0
Pirque,2024-03-17,28.2,14.3,21.4,28.0,0.0
Pirque,2024-03-18,29.1,14.1,21.9,28.8,0.0
Pirque,2024-03-19,26.1,15.7,20.3,25.7,0.0
Pirque,2024-03-20,20.9,13.3,16.6,20.9,0.0
Pirque,2024-03-21,29.7,14.4,21.5,29.5,0.0
Pirque,2024-03-22,30.3,16.5,22.9,30.4,0.0
Pirque,2024-03-23,27.8,19.2,22.5,28.5,0.0
Pirque,2024-03-24,29.0,19.2,23.0,30.0,0.0
Pirque,2024-03-25,26.9,15.7,21.6,28.3,0.0
Pirque,2024-03-26,27.2,17.2,21.3,28.8,0.0
Pirque,2024-03-27,27.3,15.6,21.6,28.2,0.0
Pirque,2024-03-28,28.1,17.2,21.9,29.5,0.0
Pirque,2024-03-29,28.5,16.6,22.3,29.2,0.0
Pirque,2024-03-30,29.1,14.5,22.4,29.4,0.0
Pirque,2024-03-31,27.3,18.2,21.9,25.8,0.0
Pirque,2024-04-01,24.9,16.4,19.8,22.9,0.0
Pirque,2024-04-02,23.5,13.0,18.7,22.0,2.3
Pirque,2024-04-03,19.9,12.9,16.1,18.4,0.0
Pirque,2024-04-04,25.5,15.2,19.6,25.6,0.0
Pirque,2024-04-05,27.5,13.3,19.5,26.4,0.0
Pirque,2024-04-06,24.1,15.6,19.1,24.2,0.0
Pirque,2024-04-07,27.2,11.9,19.2,27.0,0.0
Pirque,2024-04-08,24.1,15.4,19.6,23.8,0.0
Pirque,2024-04-09,25.2,14.8,19.5,24.9,0.0
Pirque,2024-04-10,25.6,13.1,18.6,25.2,0.0
Pirque,2024-04-11,21.9,12.2,16.6,20.2,0.0
Pirque,2024-04-12,17.2,10.4,13.9,16.1,0.0
Pirque,2024-04-13,15.9,10.5,13.0,14.8,2.6
Pirque,2024-04-14,17.3,8.6,13.0,15.8,0.2
Pirque,2024-04-15,16.0,10.5,12.0,14.9,3.0
Pirque,2024-04-16,21.4,8.7,14.6,20.0,0.0
Pirque,2024-04-17,26.6,11.1,18.1,25.3,0.0
Pirque,2024-04-18,29.2,15.0,20.7,27.8,0.0
Pirque,2024-04-19,23.0,13.9,18.6,21.9,0.0
Pirque,2024-04-20,21.3,13.1,17.0,20.0,0.0
Pirque,2024-04-21,17.6,10.9,15.1,15.6,0.0
Pirque,2024-04-22,18.5,10.1,13.5,17.4,0.3
Pirque,2024-04-23,23.3,9.4,15.6,22.0,0.0
Pirque,2024-04-24,21.8,9.8,14.2,20.8,0.0
Pirque,2024-04-25,19.8,8.9,13.3,18.3,0.0
Pirque,2024-04-26,18.0,7.5,12.5,16.9,0.0
Pirque,2024-04-27,18.5,6.0,12.3,17.6,0.0
Pirque,2024-04-28,16.6,7.6,11.5,14.4,0.0
Pirque,2024-04-29,15.2,7.1,11.2,12.7,0.0
Pirque,2024-04-30,14.2,7.3,10.6,12.3,11.9
Pirque,2024-05-01,12.2,5.3,9.3,10.6,1.8
Pirque,2024-05-02,14.3,2.9,8.6,12.0,0.0
Pirque,2024-05-03,15.7,5.5,10.5,14.0,0.0
Pirque,2024-05-04,16.2,7.1,11.2,14.6,0.0
Pirque,2024-05-05,15.2,7.2,10.4,13.1,0.0
Pirque,2024-05-06,14.9,5.8,9.7,13.7,0.0
Pirque,2024-05-07,8.9,2.2,6.0,7.0,29.4
Pirque,2024-05-08,14.5,-3.0,5.5,13.2,0.0
Pirque,2024-05-09,17.7,5.3,9.9,16.6,0.0
Pirque,2024-05-10,12.8,5.3,9.0,11.4,0.0
Pirque,2024-05-11,12.4,4.7,7.9,11.0,0.0
Pirque,2024-05-12,11.7,2.1,7.2,9.4,0.2
Pirque,2024-05-13,13.5,1.9,6.8,11.6,0.0
Pirque,2024-05-14,15.4,2.8,8.4,13.3,0.0
Pirque,2024-05-15,8.7,0.7,6.0,5.9,3.0
Pirque,2024-05-16,12.4,0.8,5.9,10.4,0.0
Pirque,2024-05-17,11.8,1.8,6.1,9.5,0.2
Pirque,2024-05-18,14.1,1.8,7.1,11.6,0.0
Pirque,2024-05-19,18.3,3.1,10.7,16.3,0.0
Pirque,2024-05-20,10.7,7.9,9.5,8.3,29.4
Pirque,2024-05-21,14.1,7.3,9.7,13.1,5.2
Pirque,2024-05-22,10.1,6.3,8.2,9.2,33.9
Pirque,2024-05-23,10.9,2.5,6.2,9.2,15.1
Pirque,2024-05-24,15.1,1.2,8.1,13.6,0.0
Pirque,2024-05-25,15.4,7.0,10.2,13.9,0.5
Pirque,2024-05-26,12.6,2.6,7.3,10.2,19.0
Pirque,2024-05-27,17.8,2.3,9.1,16.3,0.0
Pirque,2024-05-28,21.1,7.7,12.9,19.6,0.0
Pirque,2024-05-29,20.3,10.0,13.5,18.3,0.0
Pirque,2024-05-30,20.5,9.3,14.2,20.1,0.0
Pirque,2024-05-31,18.8,7.6,12.4,17.8,0.0
Pirque,2024-06-01,20.4,5.6,11.6,19.7,0.0
Pirque,2024-06-02,21.4,11.0,14.8,21.2,0.0
Pirque,2024-06-03,19.6,11.8,15.4,18.7,0.0
Pirque,2024-06-04,20.7,9.7,13.6,19.4,0.5
Pirque,2024-06-05,16.9,10.1,13.4,16.7,0.7
Pirque,2024-06-06,18.7,10.5,14.0,17.4,0.0
Pirque,2024-06-07,21.9,11.3,15.5,22.4,0.0
Pirque,2024-06-08,16.0,8.8,12.7,15.0,6.7
Pirque,2024-06-09,14.2,5.7,9.4,12.3,52.0
Pirque,2024-06-10,15.4,8.4,11.1,14.6,0.0
Pirque,2024-06-11,16.0,10.2,12.5,15.2,0.1
Pirque,2024-06-12,15.7,10.3,12.7,13.4,0.0
Pirque,2024-06-13,11.5,7.5,9.0,9.6,52.5
Pirque,2024-06-14,12.9,3.0,7.8,10.6,14.7
Pirque,2024-06-15,12.8,2.2,7.3,11.0,0.0
Pirque,2024-06-16,14.2,2.9,8.4,13.2,0.0
Pirque,2024-06-17,14.2,4.0,8.4,12.1,6.7
Pirque,2024-06-18,9.4,5.0,7.2,8.0,42.0
Pirque,2024-06-19,14.3,4.8,8.8,12.7,12.0
Pirque,2024-06-20,13.6,7.8,9.9,11.5,0.0
Pirque,2024-06-21,8.9,5.2,6.5,7.0,61.8
Pirque,2024-06-22,6.0,3.7,5.0,4.1,32.6
Pirque,2024-06-23,9.3,4.8,6.5,7.6,0.9
Pirque,2024-06-24,9.0,2.9,6.2,7.3,0.0
Pirque,2024-06-25,8.7,1.9,4.8,6.8,0.2
Pirque,2024-06-26,16.8,1.3,8.9,16.1,0.0
Pirque,2024-06-27,15.7,7.2,11.0,14.4,0.0
Pirque,2024-06-28,16.2,4.5,9.1,15.9,0.0
Pirque,2024-06-29,18.2,6.8,11.0,17.9,0.0
Pirque,2024-06-30,19.4,7.1,11.5,18.1,0.0
Pirque,2024-07-01,20.2,6.7,11.4,18.5,0.0
Pirque,2024-07-02,17.6,7.4,11.6,16.6,0.0
Pirque,2024-07-03,17.5,8.0,11.5,15.9,0.0
Pirque,2024-07-04,15.0,5.4,9.4,13.6,0.0
Pirque,2024-07-05,16.6,4.4,9.4,14.8,0.0
Pirque,2024-07-06,14.1,3.9,8.6,11.9,0.0
Pirque,2024-07-07,14.8,3.0,8.6,12.9,0.0
Pirque,2024-07-08,15.0,4.1,8.7,13.0,0.0
Pirque,2024-07-09,12.2,2.5,6.7,9.7,0.0
Pirque,2024-07-10,9.3,2.4,5.5,7.1,0.0
Pirque,2024-07-11,11.0,0.1,5.3,9.1,0.0
Pirque,2024-07-12,15.2,2.6,7.9,12.8,0.0
Pirque,2024-07-13,15.8,1.7,8.2,13.5,0.0
Pirque,2024-07-14,16.9,4.2,10.1,15.1,0.0
Pirque,2024-07-15,19.6,5.5,11.6,18.5,0.0
Pirque,2024-07-16,21.4,8.5,13.6,20.9,0.0
Pirque,2024-07-17,21.8,10.0,14.6,20.7,0.0
Pirque,2024-07-18,16.5,9.2,12.7,13.9,0.1
Pirque,2024-07-19,16.1,7.4,11.5,15.3,0.0
Pirque,2024-07-20,15.5,6.0,10.4,14.3,0.0
Pirque,2024-07-21,13.1,5.5,9.4,11.1,0.0
Pirque,2024-07-22,18.1,5.9,11.5,16.4,0.0
Pirque,2024-07-23,11.0,4.5,7.9,9.6,1.2
Pirque,2024-07-24,17.2,2.6,8.8,15.8,0.0
Pirque,2024-07-25,19.6,7.3,11.4,17.4,0.0
Pirque,2024-07-26,14.6,4.7,9.8,13.7,0.0
Pirque,2024-07-27,16.6,8.8,12.6,16.3,0.0
Pirque,2024-07-28,18.3,4.9,10.9,17.8,0.0
Pirque,2024-07-29,23.7,7.2,13.6,23.9,0.0
Pirque,2024-07-30,19.6,11.1,14.6,19.0,0.0
Pirque,2024-07-31,15.4,9.8,12.7,15.4,0.0
Pirque,2024-08-01,14.6,9.3,11.1,11.9,0.0
Pirque,2024-08-02,10.1,5.0,7.1,7.8,73.1
Pirque,2024-08-03,14.6,1.8,6.8,11.0,15.9
Pirque,2024-08-04,14.2,5.1,8.7,11.6,0.0
Pirque,2024-08-05,9.2,4.4,7.0,8.0,13.2
Pirque,2024-08-06,9.9,1.1,5.1,7.9,9.7
Pirque,2024-08-07,8.8,-0.9,3.3,7.0,0.2
Pirque,2024-08-08,12.8,-2.2,4.4,11.2,0.0
Pirque,2024-08-09,17.5,1.8,8.9,17.1,0.0
Pirque,2024-08-10,18.3,5.8,11.2,17.8,0.0
Pirque,2024-08-11,19.8,7.0,12.3,20.4,0.0
Pirque,2024-08-12,23.1,9.5,14.8,23.3,0.0
Pirque,2024-08-13,20.8,11.1,14.5,21.1,0.0
Pirque,2024-08-14,15.4,9.2,12.2,15.2,0.0
Pirque,2024-08-15,16.4,7.8,11.1,15.7,0.6
Pirque,2024-08-16,13.0,5.6,9.4,12.3,0.0
Pirque,2024-08-17,15.3,7.6,11.0,14.4,0.0
Pirque,2024-08-18,13.3,7.2,9.6,12.0,0.0
Pirque,2024-08-19,12.2,5.2,8.7,10.4,0.0
Pirque,2024-08-20,9.4,4.2,6.4,7.3,0.4
Pirque,2024-08-21,9.5,1.8,4.8,7.5,14.4
Pirque,2024-08-22,9.4,-3.2,3.1,6.8,13.4
Pirque,2024-08-23,6.3,-2.6,1.5,2.9,8.3
Pirque,2024-08-24,16.6,-2.9,5.6,14.9,0.0
Pirque,2024-08-25,19.2,4.4,10.8,18.8,0.0
Pirque,2024-08-26,16.1,2.9,9.5,16.0,0.0
Pirque,2024-08-27,18.7,4.5,11.4,19.2,0.0
Pirque,2024-08-28,15.4,5.1,10.9,15.4,0.0
Pirque,2024-08-29,10.5,4.0,8.4,8.8,0.2
Pirque,2024-08-30,11.9,4.2,7.6,10.3,0.2
Pirque,2024-08-31,18.4,4.1,10.8,18.3,0.0
Pirque,2024-09-01,23.6,8.1,15.8,25.2,0.0
Pirque,2024-09-02,13.9,6.4,10.9,13.1,1.0
Pirque,2024-09-03,15.5,4.4,9.6,15.0,0.0
Pirque,2024-09-04,18.7,3.5,11.7,19.5,0.0
Pirque,2024-09-05,21.5,8.6,14.1,21.6,0.0
Pirque,2024-09-06,17.0,6.6,12.4,18.1,0.0
Pirque,2024-09-07,16.3,7.4,11.9,17.1,0.0
Pirque,2024-09-08,18.6,6.3,12.7,19.2,0.0
Pirque,2024-09-09,20.2,9.3,14.5,20.5,0.0
Pirque,2024-09-10,16.6,8.4,11.8,16.8,1.6
Pirque,2024-09-11,17.0,4.8,11.6,17.8,0.0
Pirque,2024-09-12,16.0,6.9,10.8,16.6,0.0
Pirque,2024-09-13,16.8,6.8,11.3,17.6,0.0
Pirque,2024-09-14,20.4,6.5,13.1,20.8,0.0
Pirque,2024-09-15,21.7,7.9,14.3,21.6,0.0
Pirque,2024-09-16,24.4,8.5,16.7,23.7,0.0
Pirque,2024-09-17,20.6,8.3,14.9,20.2,0.0
Pirque,2024-09-18,22.0,7.7,13.5,20.0,0.0
Pirque,2024-09-19,12.2,5.0,8.6,11.2,4.3
Pirque,2024-09-20,18.2,4.1,11.6,16.2,0.0
Pirque,2024-09-21,16.9,7.3,11.8,16.8,0.0
Pirque,2024-09-22,12.6,7.7,9.6,10.9,5.7
Pirque,2024-09-23,14.8,7.6,10.8,14.3,1.1
Pirque,2024-09-24,16.4,6.4,10.9,17.1,1.4
Pirque,2024-09-25,15.8,5.1,10.3,16.3,0.0
Pirque,2024-09-26,23.0,4.1,13.5,23.2,0.0
Pirque,2024-09-27,21.3,9.9,15.5,21.1,0.0
Pirque,2024-09-28,22.6,11.2,16.8,23.1,0.0
Pirque,2024-09-29,18.1,9.0,13.1,18.7,0.0
Pirque,2024-09-30,15.7,8.9,11.5,16.5,0.7
Pirque,2024-10-01,14.9,6.5,11.0,13.7,0.2
Pirque,2024-10-02,19.7,7.2,13.2,20.7,0.0
Pirque,2024-10-03,23.8,10.4,17.2,25.1,0.0
Pirque,2024-10-04,23.6,11.5,17.5,25.0,0.0
Pirque,2024-10-05,23.7,11.1,18.6,25.8,0.0
Pirque,2024-10-06,23.6,14.2,17.5,23.5,0.4
Pirque,2024-10-07,20.3,11.9,16.3,21.9,4.8
Pirque,2024-10-08,14.8,9.8,11.9,14.0,3.9
Pirque,2024-10-09,16.7,9.9,13.5,16.2,0.0
Pirque,2024-10-10,16.3,10.9,13.3,16.4,1.2
Pirque,2024-10-11,16.7,10.2,13.0,16.8,0.0
Pirque,2024-10-12,17.4,12.2,14.6,16.9,0.0
Pirque,2024-10-13,22.2,8.8,15.8,23.4,0.0
Pirque,2024-10-14,20.5,9.4,15.9,21.1,0.0
Pirque,2024-10-15,26.6,11.3,18.1,27.4,0.0
Pirque,2024-10-16,19.3,11.9,15.0,20.3,0.0
Pirque,2024-10-17,24.4,12.5,18.0,26.5,0.0
Pirque,2024-10-18,26.7,14.1,20.9,28.4,0.0
Pirque,2024-10-19,22.0,10.5,17.5,24.6,0.1
Pirque,2024-10-20,18.0,7.6,11.8,17.6,0.9
Pirque,2024-10-21,21.3,8.0,15.3,23.0,0.0
Pirque,2024-10-22,22.1,9.5,15.4,23.5,10.4
Pirque,2024-10-23,17.0,9.1,11.9,17.9,2.6
Pirque,2024-10-24,23.7,6.8,15.3,23.9,0.0
Pirque,2024-10-25,22.2,7.4,15.0,23.3,0.0
Pirque,2024-10-26,27.2,11.2,19.2,28.4,0.0
Pirque,2024-10-27,25.9,11.6,19.6,28.0,0.0
Pirque,2024-10-28,29.7,14.1,21.5,31.6,0.0
Pirque,2024-10-29,23.5,14.5,19.5,26.4,0.0
Pirque,2024-10-30,24.5,15.1,18.7,27.8,0.0
Pirque,2024-10-31,25.5,11.5,18.9,27.7,0.0
Pirque,2024-11-01,19.3,10.7,14.2,20.5,0.0
Pirque,2024-11-02,23.3,9.1,16.5,24.1,0.0
Pirque,2024-11-03,21.6,9.0,15.5,22.4,0.0
Pirque,2024-11-04,21.5,7.6,14.6,21.9,0.0
Pirque,2024-11-05,24.4,8.6,17.0,25.5,0.0
Pirque,2024-11-06,24.4,14.6,19.1,25.6,0.0
Pirque,2024-11-07,22.9,12.2,18.5,24.0,0.0
Pirque,2024-11-08,27.0,12.4,19.7,27.7,0.0
Pirque,2024-11-09,25.6,13.3,19.4,27.0,0.0
Pirque,2024-11-10,19.1,11.5,15.1,20.1,0.6
Pirque,2024-11-11,24.1,9.3,17.0,23.4,0.0
Pirque,2024-11-12,28.4,11.9,20.7,27.1,0.0
Pirque,2024-11-13,25.4,13.9,20.4,26.6,0.0
Pirque,2024-11-14,24.0,14.0,18.2,26.8,0.0
Pirque,2024-11-15,22.7,11.9,16.9,24.9,0.0
Pirque,2024-11-16,18.2,12.1,14.8,18.1,3.2
Pirque,2024-11-17,23.3,10.3,16.3,25.0,0.0
Pirque,2024-11-18,24.4,13.8,18.0,25.6,0.0
Pirque,2024-11-19,24.1,11.7,16.8,24.9,0.0
Pirque,2024-11-20,22.7,12.9,17.3,23.2,0.0
Pirque,2024-11-21,25.8,14.4,19.2,27.1,0.0
Pirque,2024-11-22,24.4,12.0,17.9,25.4,0.0
Pirque,2024-11-23,27.2,13.6,19.6,28.0,0.0
Pirque,2024-11-24,25.5,13.3,19.1,26.5,0.0
Pirque,2024-11-25,24.6,14.4,18.8,25.2,0.0
Pirque,2024-11-26,24.4,12.7,18.0,24.8,0.0
Pirque,2024-11-27,23.0,12.0,16.5,23.5,0.0
Pirque,2024-11-28,24.4,10.7,17.3,24.3,0.0
Pirque,2024-11-29,26.2,14.1,19.7,26.4,0.0
Pirque,2024-11-30,24.0,12.0,18.3,24.4,0.0
Pirque,2024-12-01,22.2,9.0,15.3,21.5,0.0
Pirque,2024-12-02,24.0,12.3,17.7,24.0,0.0
Pirque,2024-12-03,24.2,12.9,17.6,24.7,0.0
Pirque,2024-12-04,23.3,11.5,16.4,24.2,0.0
Pirque,2024-12-05,20.3,8.9,14.4,20.6,0.0
Pirque,2024-12-06,23.7,10.6,16.9,23.5,0.0
Pirque,2024-12-07,24.6,13.9,18.5,25.2,0.0
Pirque,2024-12-08,23.5,12.1,16.9,23.5,0.0
Pirque,2024-12-09,28.3,12.9,20.2,28.3,0.0
Pirque,2024-12-10,26.2,16.0,20.6,28.0,0.0
Pirque,2024-12-11,27.8,15.7,21.0,28.6,0.0
Pirque,2024-12-12,25.8,12.2,18.3,26.1,0.0
Pirque,2024-12-13,27.5,14.9,20.6,28.0,0.0
Pirque,2024-12-14,28.8,16.2,21.2,29.6,0.0
Pirque,2024-12-15,25.4,15.3,19.5,26.8,0.0
Pirque,2024-12-16,26.7,14.8,19.5,28.5,0.0
Pirque,2024-12-17,24.1,14.1,18.4,25.9,0.0
Pirque,2024-12-18,26.4,12.6,19.3,27.0,0.0
Pirque,2024-12-19,30.5,16.9,23.1,30.8,0.0
Pirque,2024-12-20,27.1,16.2,21.0,27.6,0.0
Pirque,2024-12-21,30.2,16.2,23.1,30.2,0.0
Pirque,2024-12-22,31.2,19.1,24.3,32.4,0.0
Pirque,2024-12-23,27.5,19.2,23.0,29.3,0.0
Pirque,2024-12-24,28.8,17.3,22.4,29.7,0.0
Pirque,2024-12-25,27.6,16.6,21.2,29.8,0.0
Pirque,2024-12-26,26.1,14.5,19.2,27.8,0.0
Pirque,2024-12-27,26.3,15.4,20.1,28.3,0.0
Pirque,2024-12-28,27.3,15.9,20.4,30.0,0.0
Pirque,2024-12-29,28.8,15.9,21.6,31.3,0.0
Pirque,2024-12-30,27.7,16.1,21.2,30.1,0.0
Pirque,2024-12-31,28.5,17.0,21.7,29.1,0.0
Providencia,2024-01-01,29.9,12.2,19.9,30.2,0.0
Providencia,2024-01-02,30.6,12.9,21.0,30.8,0.0
Providencia,2024-01-03,30.2,16.7,22.0,30.1,0.0
Providencia,2024-01-04,29.6,15.2,21.4,30.1,0.0
Providencia,2024-01-05,27.5,14.5,20.3,27.9,0.0
Providencia,2024-01-06,27.3,14.5,20.2,27.7,0.0
Providencia,2024-01-07,29.9,13.5,21.3,29.4,0.0
Providencia,2024-01-08,29.7,14.0,21.5,29.3,0.0
Providencia,2024-01-09,29.6,14.2,21.3,29.3,0.0
Providencia,2024-01-10,29.6,14.2,21.4,29.0,0.0
Providencia,2024-01-11,30.0,16.4,21.8,29.4,0.0
Providencia,2024-01-12,28.9,14.6,20.6,28.7,0.0
Providencia,2024-01-13,27.8,12.1,19.2,27.8,0.0
Providencia,2024-01-14,33.5,14.2,23.1,32.5,0.0
Providencia,2024-01-15,30.5,15.8,23.1,29.5,0.0
Providencia,2024-01-16,31.5,11.8,21.3,30.1,0.0
Providencia,2024-01-17,30.8,16.4,22.6,30.6,0.0
Providencia,2024-01-18,32.3,14.7,22.8,31.7,0.0
Providencia,2024-01-19,33.0,18.6,24.8,32.2,0.0
Providencia,2024-01-20,30.9,18.4,23.8,30.7,0.0
Providencia,2024-01-21,32.8,16.9,23.6,32.4,0.0
Providencia,2024-01-22,33.7,18.0,24.1,34.0,0.0
Providencia,2024-01-23,31.0,15.0,22.2,31.5,0.0
Providencia,2024-01-24,34.8,17.4,24.8,34.8,0.0
Providencia,2024-01-25,31.8,17.5,23.8,32.0,0.0
Providencia,2024-01-26,30.5,15.6,22.1,30.1,0.0
Providencia,2024-01-27,33.5,16.5,23.4,33.8,0.0
Providencia,2024-01-28,30.0,17.4,22.7,30.4,0.0
Providencia,2024-01-29,32.5,16.9,23.5,33.0,0.0
Providencia,2024-01-30,34.5,17.2,24.8,34.8,0.0
Providencia,2024-01-31,36.7,20.8,27.6,36.1,0.0
Providencia,2024-02-01,34.5,21.0,26.6,33.4,0.0
Providencia,2024-02-02,35.5,18.5,26.3,34.1,0.0
Providencia,2024-02-03,35.8,20.0,26.8,34.7,0.0
Providencia,2024-02-04,31.2,18.0,23.9,31.0,0.0
Providencia,2024-02-05,32.7,14.6,23.0,32.4,0.0
Providencia,2024-02-06,31.2,18.0,23.5,30.6,0.0
Providencia,2024-02-07,34.2,16.4,24.5,33.9,0.0
Providencia,2024-02-08,32.6,19.5,24.7,33.4,0.0
Providencia,2024-02-09,31.0,16.5,22.8,30.6,0.0
Providencia,2024-02-10,33.2,17.3,24.3,33.8,0.0
Providencia,2024-02-11,30.1,15.8,22.0,29.7,0.0
Providencia,2024-02-12,34.4,15.8,24.3,33.1,0.0
Providencia,2024-02-13,31.3,16.6,24.5,30.6,0.0
Providencia,2024-02-14,31.7,14.8,21.6,31.7,0.0
Providencia,2024-02-15,32.4,14.9,21.7,33.4,0.0
Providencia,2024-02-16,29.7,14.4,21.4,30.1,0.0
Providencia,2024-02-17,33.5,15.9,24.0,32.3,0.0
Providencia,2024-02-18,33.5,18.2,24.8,33.0,0.0
Providencia,2024-02-19,29.0,15.4,21.0,29.0,0.0
Providencia,2024-02-20,30.0,14.4,20.6,30.6,0.0
Providencia,2024-02-21,29.0,13.6,20.3,29.1,0.0
Providencia,2024-02-22,19.7,14.9,17.0,18.9,8.1
Providencia,2024-02-23,28.9,13.6,20.5,30.4,0.3
Providencia,2024-02-24,29.8,16.0,22.0,30.4,0.0
Providencia,2024-02-25,30.2,16.9,22.1,30.6,0.0
Providencia,2024-02-26,30.9,15.3,22.3,31.7,0.0
Providencia,2024-02-27,30.5,17.2,22.9,30.1,0.0
Providencia,2024-02-28,32.1,15.6,22.8,31.7,0.0
Providencia,2024-02-29,32.7,17.0,24.0,32.0,0.0
Providencia,2024-03-01,29.7,16.4,22.5,29.1,0.0
Providencia,2024-03-02,30.6,15.9,22.7,30.2,0.0
Providencia,2024-03-03,30.9,18.4,23.4,30.1,0.0
Providencia,2024-03-04,31.8,17.5,22.8,30.9,0.0
Providencia,2024-03-05,30.1,17.1,22.4,28.7,0.0
Providencia,2024-03-06,29.1,15.6,21.3,28.7,0.0
Providencia,2024-03-07,28.4,13.3,19.7,28.2,0.0
Providencia,2024-03-08,28.0,11.4,18.6,27.2,0.0
Providencia,2024-03-09,30.5,13.6,21.0,29.2,0.0
Providencia,2024-03-10,29.4,15.5,21.0,28.9,0.0
Providencia,2024-03-11,27.9,12.6,18.7,28.2,0.0
Providencia,2024-03-12,28.1,12.2,19.1,27.2,0.0
Providencia,2024-03-13,27.8,12.6,19.4,27.3,0.0
Providencia,2024-03-14,28.4,14.9,20.6,26.9,0.0
Providencia,2024-03-15,28.6,14.6,20.2,26.9,0.0
Providencia,2024-03-16,28.6,13.6,20.1,27.1,0.0
Providencia,2024-03-17,29.7,15.4,21.2,28.2,0.0
Providencia,2024-03-18,31.1,16.6,22.5,29.5,0.0
Providencia,2024-03-19,28.5,15.4,21.5,26.9,0.0
Providencia,2024-03-20,22.2,12.1,16.3,21.6,0.3
Providencia,2024-03-21,31.4,14.1,21.6,30.7,3.5
Providencia,2024-03-22,32.0,19.4,24.1,31.0,0.0
Providencia,2024-03-23,29.5,14.9,21.7,28.5,0.0
Providencia,2024-03-24,30.6,17.1,22.6,30.1,0.0
Providencia,2024-03-25,28.3,15.4,20.6,28.0,0.0
Providencia,2024-03-26,29.1,13.9,20.4,29.3,0.0
Providencia,2024-03-27,29.1,15.1,21.6,29.1,0.0
Providencia,2024-03-28,29.9,16.4,21.8,29.5,0.0
Providencia,2024-03-29,30.2,17.1,21.9,29.7,0.0
Providencia,2024-03-30,31.6,15.9,22.5,30.2,0.0
Providencia,2024-03-31,29.6,17.2,22.0,27.0,0.0
Providencia,2024-04-01,26.7,13.9,19.2,24.4,0.0
Providencia,2024-04-02,25.0,14.4,18.7,22.5,0.0
Providencia,2024-04-03,21.6,12.9,16.3,20.2,0.0
Providencia,2024-04-04,26.9,13.3,18.8,26.6,0.0
Providencia,2024-04-05,28.6,15.4,20.4,27.3,0.0
Providencia,2024-04-06,25.6,11.1,17.8,23.9,0.0
Providencia,2024-04-07,29.0,14.1,19.8,27.2,0.0
Providencia,2024-04-08,25.5,13.6,18.2,23.3,0.0
Providencia,2024-04-09,26.9,13.9,18.9,25.5,0.0
Providencia,2024-04-10,27.4,13.6,19.1,26.1,0.0
Providencia,2024-04-11,22.8,10.9,15.4,20.4,0.0
Providencia,2024-04-12,16.4,10.9,13.2,14.4,0.0
Providencia,2024-04-13,19.0,7.8,13.1,17.0,0.8
Providencia,2024-04-14,20.7,10.1,14.6,19.3,0.9
Providencia,2024-04-15,20.0,11.5,13.7,17.3,7.2
Providencia,2024-04-16,22.6,9.7,15.4,20.6,0.0
Providencia,2024-04-17,27.5,12.8,19.5,25.1,0.0
Providencia,2024-04-18,29.6,14.4,21.3,28.2,0.0
Providencia,2024-04-19,24.4,14.6,18.1,22.5,0.0
Providencia,2024-04-20,21.9,13.9,16.8,20.4,0.0
Providencia,2024-04-21,18.9,12.6,15.4,17.2,0.0
Providencia,2024-04-22,20.6,10.4,14.9,19.4,0.0
Providencia,2024-04-23,24.4,11.4,16.3,22.6,0.0
Providencia,2024-04-24,22.5,11.9,15.4,20.9,0.0
Providencia,2024-04-25,21.6,11.2,15.0,18.7,0.0
Providencia,2024-04-26,19.5,9.4,13.9,17.0,0.0
Providencia,2024-04-27,20.4,8.5,13.0,18.1,0.0
Providencia,2024-04-28,18.0,9.4,12.1,14.8,0.0
Providencia,2024-04-29,18.4,5.9,11.8,14.2,0.0
Providencia,2024-04-30,16.1,7.2,11.7,14.0,0.2
Providencia,2024-05-01,15.1,8.9,11.0,12.6,0.9
Providencia,2024-05-02,15.1,5.8,9.5,12.2,0.0
Providencia,2024-05-03,16.7,6.4,10.1,14.0,0.0
Providencia,2024-05-04,18.1,5.8,11.4,15.1,0.0
Providencia,2024-05-05,16.2,8.6,11.4,14.1,0.0
Providencia,2024-05-06,16.3,6.7,10.6,14.3,0.0
Providencia,2024-05-07,11.1,3.8,6.9,8.6,29.9
Providencia,2024-05-08,14.6,1.0,8.0,13.1,0.0
Providencia,2024-05-09,17.8,7.6,11.7,15.7,0.0
Providencia,2024-05-10,14.0,6.9,9.9,12.2,0.0
Providencia,2024-05-11,14.1,7.2,9.6,11.4,0.0
Providencia,2024-05-12,13.6,5.0,8.8,10.5,0.0
Providencia,2024-05-13,14.6,5.0,9.0,12.1,0.0
Providencia,2024-05-14,15.8,4.8,9.6,12.8,0.0
Providencia,2024-05-15,10.6,3.3,7.0,8.3,2.5
Providencia,2024-05-16,13.9,1.5,7.1,11.4,0.0
Providencia,2024-05-17,13.6,4.8,8.9,11.3,0.5
Providencia,2024-05-18,15.8,2.8,8.7,12.8,0.0
Providencia,2024-05-19,17.3,4.3,11.0,15.3,0.0
Providencia,2024-05-20,13.4,8.6,9.8,10.5,36.9
Providencia,2024-05-21,13.9,7.0,9.8,12.8,2.5
Providencia,2024-05-22,10.5,7.2,9.2,9.3,27.0
Providencia,2024-05-23,12.9,5.8,8.1,11.0,12.3
Providencia,2024-05-24,16.5,4.1,10.3,14.9,0.0
Providencia,2024-05-25,15.4,9.3,11.7,14.1,0.0
Providencia,2024-05-26,14.1,6.1,9.1,12.5,4.1
Providencia,2024-05-27,16.4,4.2,10.7,15.2,0.0
Providencia,2024-05-28,19.2,8.4,13.7,17.9,0.0
Providencia,2024-05-29,17.4,8.1,13.5,16.1,0.0
Providencia,2024-05-30,19.2,12.9,15.6,18.8,0.0
Providencia,2024-05-31,17.2,11.1,15.0,15.6,0.0
Providencia,2024-06-01,17.6,7.5,12.5,17.0,0.0
Providencia,2024-06-02,20.1,11.6,15.2,20.1,0.0
Providencia,2024-06-03,19.6,11.1,15.3,17.0,0.0
Providencia,2024-06-04,18.9,8.6,13.1,17.6,0.0
Providencia,2024-06-05,17.4,10.6,14.5,15.2,0.0
Providencia,2024-06-06,16.5,12.9,14.7,15.6,0.0
Providencia,2024-06-07,20.7,14.4,17.3,20.4,0.0
Providencia,2024-06-08,18.0,8.1,13.0,15.0,3.9
Providencia,2024-06-09,13.6,8.6,10.8,12.3,11.5
Providencia,2024-06-10,14.8,9.0,11.8,13.6,0.0
Providencia,2024-06-11,14.9,9.2,12.4,14.2,0.0
Providencia,2024-06-12,13.8,8.9,11.8,12.3,0.0
Providencia,2024-06-13,13.4,8.6,10.4,10.6,46.5
Providencia,2024-06-14,14.6,6.3,9.8,12.9,10.2
Providencia,2024-06-15,13.9,6.2,9.9,11.8,0.0
Providencia,2024-06-16,14.3,7.2,9.9,13.2,0.0
Providencia,2024-06-17,14.6,5.7,9.7,13.0,0.3
Providencia,2024-06-18,12.1,6.9,9.1,11.1,42.3
Providencia,2024-06-19,15.3,4.8,9.2,13.6,10.2
Providencia,2024-06-20,12.4,8.4,10.0,11.1,0.0
Providencia,2024-06-21,9.6,7.3,8.0,7.7,47.0
Providencia,2024-06-22,9.6,5.7,7.2,8.1,15.2
Providencia,2024-06-23,10.6,5.7,7.6,8.9,0.0
Providencia,2024-06-24,7.8,4.3,6.5,6.1,0.0
Providencia,2024-06-25,10.2,3.7,6.4,8.3,0.2
Providencia,2024-06-26,15.9,4.1,10.4,14.0,0.0
Providencia,2024-06-27,16.0,7.1,12.1,14.7,0.0
Providencia,2024-06-28,14.8,6.7,10.3,13.9,0.0
Providencia,2024-06-29,17.5,9.6,13.8,16.8,0.0
Providencia,2024-06-30,18.7,9.6,14.3,17.4,0.0
Providencia,2024-07-01,19.8,10.6,14.8,19.0,0.0
Providencia,2024-07-02,17.7,10.4,14.0,16.0,0.0
Providencia,2024-07-03,16.4,10.4,13.6,14.8,0.0
Providencia,2024-07-04,14.7,8.7,10.9,13.1,0.0
Providencia,2024-07-05,14.8,8.6,10.7,13.1,0.0
Providencia,2024-07-06,13.2,4.4,8.8,10.8,0.0
Providencia,2024-07-07,13.2,6.6,8.8,10.7,0.0
Providencia,2024-07-08,13.2,6.1,9.3,11.0,0.0
Providencia,2024-07-09,11.5,0.0,6.8,7.9,0.0
Providencia,2024-07-10,9.9,1.3,4.9,7.3,0.0
Providencia,2024-07-11,11.5,3.3,6.8,8.8,0.0
Providencia,2024-07-12,13.9,5.2,8.9,11.2,0.0
Providencia,2024-07-13,14.1,5.4,9.2,12.0,0.0
Providencia,2024-07-14,13.2,6.8,10.1,10.5,0.0
Providencia,2024-07-15,15.1,6.2,9.8,12.0,0.0
Providencia,2024-07-16,20.4,7.5,13.7,18.5,0.0
Providencia,2024-07-17,18.5,10.2,14.3,16.2,0.0
Providencia,2024-07-18,14.0,7.7,10.6,12.1,0.1
Providencia,2024-07-19,15.6,6.8,10.5,14.1,0.0
Providencia,2024-07-20,13.9,6.0,9.6,13.2,0.0
Providencia,2024-07-21,14.4,5.5,9.6,11.5,0.0
Providencia,2024-07-22,17.9,8.2,12.6,16.2,0.0
Providencia,2024-07-23,10.9,5.9,8.2,9.1,0.2
Providencia,2024-07-24,16.3,6.1,11.3,15.5,0.0
Providencia,2024-07-25,18.4,9.8,13.3,16.4,0.0
Providencia,2024-07-26,13.9,7.5,9.6,12.1,0.0
Providencia,2024-07-27,16.5,5.9,10.0,14.7,0.0
Providencia,2024-07-28,17.1,7.8,12.1,15.6,0.0
Providencia,2024-07-29,21.9,10.7,15.9,21.0,0.0
Providencia,2024-07-30,18.4,10.1,14.7,17.0,0.0
Providencia,2024-07-31,13.1,7.9,10.4,11.8,0.0
Providencia,2024-08-01,11.3,8.1,9.2,8.8,0.0
Providencia,2024-08-02,13.4,6.0,9.2,10.7,57.0
Providencia,2024-08-03,15.6,2.6,9.7,13.4,0.3
Providencia,2024-08-04,16.2,8.2,11.3,14.3,0.0
Providencia,2024-08-05,11.1,6.0,8.6,8.6,8.8
Providencia,2024-08-06,12.1,4.6,7.4,9.7,10.8
Providencia,2024-08-07,10.9,3.7,6.5,8.9,0.0
Providencia,2024-08-08,13.7,0.4,7.6,11.3,0.0
Providencia,2024-08-09,18.6,3.4,11.5,16.9,0.0
Providencia,2024-08-10,19.0,7.8,12.9,16.9,0.0
Providencia,2024-08-11,20.3,7.6,15.0,19.0,0.0
Providencia,2024-08-12,23.0,14.7,18.0,22.3,0.0
Providencia,2024-08-13,20.3,9.8,15.3,19.7,0.0
Providencia,2024-08-14,14.5,9.4,11.4,13.9,0.0
Providencia,2024-08-15,17.2,8.2,11.5,15.5,0.0
Providencia,2024-08-16,13.6,6.9,9.9,12.4,0.0
Providencia,2024-08-17,15.2,8.1,10.4,13.6,0.0
Providencia,2024-08-18,12.9,6.2,8.8,11.3,0.0
Providencia,2024-08-19,12.6,4.9,8.4,10.3,0.0
Providencia,2024-08-20,10.8,4.2,6.8,8.4,0.2
Providencia,2024-08-21,11.9,1.6,6.3,9.2,6.0
Providencia,2024-08-22,11.6,0.9,6.2,9.1,0.0
Providencia,2024-08-23,10.4,3.0,6.0,8.0,2.8
Providencia,2024-08-24,17.0,0.9,9.1,15.5,0.0
Providencia,2024-08-25,19.9,8.6,13.6,18.7,0.0
Providencia,2024-08-26,16.9,5.4,11.3,15.2,0.0
Providencia,2024-08-27,18.7,9.8,12.9,17.8,0.0
Providencia,2024-08-28,15.5,7.2,10.3,15.0,0.0
Providencia,2024-08-29,12.4,6.3,8.8,10.2,0.8
Providencia,2024-08-30,13.8,6.7,9.2,11.7,1.5
Providencia,2024-08-31,19.0,5.5,11.6,18.0,0.0
Providencia,2024-09-01,23.5,11.5,16.5,22.7,0.0
Providencia,2024-09-02,14.6,7.3,10.8,12.4,0.0
Providencia,2024-09-03,15.9,7.8,10.9,14.2,0.0
Providencia,2024-09-04,19.0,7.8,12.5,17.7,0.0
Providencia,2024-09-05,21.6,11.6,16.0,20.7,0.0
Providencia,2024-09-06,17.9,7.7,12.3,16.9,0.0
Providencia,2024-09-07,16.8,7.8,11.3,16.2,0.0
Providencia,2024-09-08,19.2,8.9,12.5,17.6,0.0
Providencia,2024-09-09,21.3,10.6,14.8,20.3,0.0
Providencia,2024-09-10,18.0,8.5,13.1,16.5,0.3
Providencia,2024-09-11,18.8,7.7,12.3,17.9,0.1
Providencia,2024-09-12,16.8,8.6,11.7,15.9,0.0
Providencia,2024-09-13,18.3,6.1,11.3,17.1,0.0
Providencia,2024-09-14,22.5,8.3,14.7,21.0,0.0
Providencia,2024-09-15,22.9,12.4,16.6,21.3,0.0
Providencia,2024-09-16,24.9,9.4,16.4,22.9,0.0
Providencia,2024-09-17,21.8,7.0,13.8,20.7,0.0
Providencia,2024-09-18,21.9,8.6,15.1,20.6,0.0
Providencia,2024-09-19,17.4,5.6,11.1,14.3,1.0
Providencia,2024-09-20,18.5,6.3,12.6,17.0,0.0
Providencia,2024-09-21,16.9,8.1,11.5,15.8,0.0
Providencia,2024-09-22,13.1,7.8,10.3,11.3,3.8
Providencia,2024-09-23,15.6,8.4,11.5,13.7,0.7
Providencia,2024-09-24,17.6,7.6,11.6,17.2,0.0
Providencia,2024-09-25,17.4,7.4,11.5,15.8,0.0
Providencia,2024-09-26,24.4,6.9,15.3,23.1,0.0
Providencia,2024-09-27,22.0,13.1,16.3,21.0,0.0
Providencia,2024-09-28,24.0,12.9,17.2,22.9,0.0
Providencia,2024-09-29,19.4,10.2,14.4,19.2,0.0
Providencia,2024-09-30,18.8,8.6,12.0,18.3,0.0
Providencia,2024-10-01,17.9,6.1,11.9,15.7,0.0
Providencia,2024-10-02,21.2,9.5,14.2,20.6,0.0
Providencia,2024-10-03,25.0,12.6,17.4,24.9,0.0
Providencia,2024-10-04,25.8,12.6,18.4,25.1,0.0
Providencia,2024-10-05,25.4,11.1,18.2,25.1,0.0
Providencia,2024-10-06,21.2,13.4,17.3,20.0,0.3
Providencia,2024-10-07,23.0,11.2,16.1,22.5,3.6
Providencia,2024-10-08,15.6,10.0,12.1,13.9,10.7
Providencia,2024-10-09,19.2,9.2,13.7,17.8,0.5
Providencia,2024-10-10,19.0,10.0,13.8,18.7,0.0
Providencia,2024-10-11,18.2,10.2,13.2,17.3,0.1
Providencia,2024-10-12,18.6,11.0,14.3,17.6,0.0
Providencia,2024-10-13,23.6,11.5,16.3,24.3,0.0
Providencia,2024-10-14,22.4,11.1,15.9,21.5,0.0
Providencia,2024-10-15,28.1,14.6,19.3,28.0,0.0
Providencia,2024-10-16,19.9,8.5,14.2,19.2,0.0
Providencia,2024-10-17,26.6,9.2,16.7,26.7,0.0
Providencia,2024-10-18,29.0,13.4,19.6,29.0,0.0
Providencia,2024-10-19,22.9,10.9,15.6,23.1,0.0
Providencia,2024-10-20,20.9,9.2,13.9,20.4,0.6
Providencia,2024-10-21,24.5,9.6,16.5,24.3,0.0
Providencia,2024-10-22,24.1,11.2,16.2,23.9,2.3
Providencia,2024-10-23,18.8,9.6,13.2,18.4,7.9
Providencia,2024-10-24,26.0,7.9,16.4,25.3,0.0
Providencia,2024-10-25,24.0,8.9,15.6,23.2,0.0
Providencia,2024-10-26,29.2,12.6,20.0,29.0,0.0
Providencia,2024-10-27,27.7,12.1,18.9,27.6,0.0
Providencia,2024-10-28,32.3,15.6,21.6,32.6,0.0
Providencia,2024-10-29,25.4,12.6,18.5,25.2,0.0
Providencia,2024-10-30,26.0,10.9,16.9,26.4,0.0
Providencia,2024-10-31,27.1,11.8,17.8,27.4,0.0
Providencia,2024-11-01,20.5,11.0,14.4,19.9,0.0
Providencia,2024-11-02,25.6,8.4,16.7,25.1,0.0
Providencia,2024-11-03,24.2,10.1,16.1,24.2,0.0
Providencia,2024-11-04,23.9,8.9,15.6,22.6,0.0
Providencia,2024-11-05,27.2,12.1,18.6,25.8,0.0
Providencia,2024-11-06,27.2,13.2,19.4,26.3,0.0
Providencia,2024-11-07,25.5,13.5,19.1,24.5,0.0
Providencia,2024-11-08,30.0,15.2,21.5,29.4,0.0
Providencia,2024-11-09,28.1,15.2,20.6,27.3,0.0
Providencia,2024-11-10,23.0,11.9,17.1,21.8,0.0
Providencia,2024-11-11,26.8,10.7,18.7,24.4,0.0
Providencia,2024-11-12,31.6,15.9,23.4,30.1,0.0
Providencia,2024-11-13,28.0,14.7,22.0,27.9,0.0
Providencia,2024-11-14,27.2,13.6,19.2,28.0,0.0
Providencia,2024-11-15,25.6,10.8,17.9,25.7,0.0
Providencia,2024-11-16,20.4,13.5,16.5,19.1,0.5
Providencia,2024-11-17,26.0,10.6,17.7,27.1,0.0
Providencia,2024-11-18,27.0,13.4,19.1,27.3,0.0
Providencia,2024-11-19,26.3,11.4,17.5,26.4,0.0
Providencia,2024-11-20,25.7,12.6,18.6,25.5,0.0
Providencia,2024-11-21,28.0,14.0,19.9,28.6,0.0
Providencia,2024-11-22,26.9,12.1,19.2,26.9,0.0
Providencia,2024-11-23,29.8,13.5,21.1,30.1,0.0
Providencia,2024-11-24,28.1,14.1,21.0,29.0,0.0
Providencia,2024-11-25,26.9,15.2,20.5,26.6,0.0
Providencia,2024-11-26,26.5,13.1,19.2,25.8,0.0
Providencia,2024-11-27,25.5,11.6,17.6,25.0,0.0
Providencia,2024-11-28,26.3,10.4,18.3,25.7,0.0
Providencia,2024-11-29,28.6,13.8,21.0,28.1,0.0
Providencia,2024-11-30,26.6,12.6,19.4,25.7,0.0
Providencia,2024-12-01,24.5,9.7,16.6,24.1,0.0
Providencia,2024-12-02,26.3,12.3,19.2,25.4,0.0
Providencia,2024-12-03,26.6,12.4,18.8,26.6,0.0
Providencia,2024-12-04,25.2,10.9,17.1,25.4,0.0
Providencia,2024-12-05,22.2,9.4,15.5,22.1,0.0
Providencia,2024-12-06,26.3,10.6,18.1,25.5,0.0
Providencia,2024-12-07,26.8,13.7,19.8,26.9,0.0
Providencia,2024-12-08,25.4,11.4,17.8,25.0,0.0
Providencia,2024-12-09,30.2,11.8,20.6,29.9,0.0
Providencia,2024-12-10,28.8,14.9,21.3,29.1,0.0
Providencia,2024-12-11,30.0,14.1,21.9,30.1,0.0
Providencia,2024-12-12,27.9,13.1,19.7,28.0,0.0
Providencia,2024-12-13,29.8,14.6,21.9,29.5,0.0
Providencia,2024-12-14,30.8,15.6,22.1,30.9,0.0
Providencia,2024-12-15,27.6,14.6,19.9,28.4,0.0
Providencia,2024-12-16,28.5,12.4,19.2,29.1,0.0
Providencia,2024-12-17,26.7,12.3,18.8,27.5,0.0
Providencia,2024-12-18,28.6,12.9,20.7,28.8,0.0
Providencia,2024-12-19,32.6,16.2,24.1,32.2,0.0
Providencia,2024-12-20,29.7,16.1,22.6,29.0,0.0
Providencia,2024-12-21,32.2,16.4,24.3,32.2,0.0
Providencia,2024-12-22,33.9,18.9,25.6,34.2,0.0
Providencia,2024-12-23,29.6,18.9,24.0,30.3,0.0
Providencia,2024-12-24,31.1,17.2,23.3,31.3,0.0
Providencia,2024-12-25,29.3,15.8,21.6,30.5,0.0
Providencia,2024-12-26,28.0,13.3,19.5,28.8,0.0
Providencia,2024-12-27,28.8,14.1,20.3,30.2,0.0
Providencia,2024-12-28,29.8,14.4,20.9,31.0,0.0
Providencia,2024-12-29,31.3,14.6,21.9,32.6,0.0
Providencia,2024-12-30,30.5,15.6,22.2,31.8,0.0
Providencia,2024-12-31,31.0,16.7,23.3,31.1,0.0
Pudahuel,2024-01-01,27.8,11.4,19.0,28.1,0.0
Pudahuel,2024-01-02,29.4,11.8,20.4,29.6,0.0
Pudahuel,2024-01-03,29.4,14.5,21.3,29.4,0.0
Pudahuel,2024-01-04,28.4,13.8,20.2,29.1,0.0
Pudahuel,2024-01-05,26.4,13.2,19.1,26.8,0.0
Pudahuel,2024-01-06,26.0,13.1,19.0,27.1,0.0
Pudahuel,2024-01-07,29.2,12.7,20.6,28.6,0.0
Pudahuel,2024-01-08,28.5,13.3,20.7,28.2,0.0
Pudahuel,2024-01-09,28.3,13.3,20.4,27.7,0.0
Pudahuel,2024-01-10,28.5,12.8,20.5,28.3,0.0
Pudahuel,2024-01-11,29.0,15.1,20.9,28.6,0.0
Pudahuel,2024-01-12,27.5,13.6,19.5,27.2,0.0
Pudahuel,2024-01-13,26.2,11.5,18.3,26.4,0.0
Pudahuel,2024-01-14,32.6,12.7,22.4,30.9,0.0
Pudahuel,2024-01-15,29.4,14.3,21.5,27.9,0.0
Pudahuel,2024-01-16,31.0,11.2,20.9,29.8,0.0
Pudahuel,2024-01-17,29.4,15.1,21.4,29.5,0.0
Pudahuel,2024-01-18,31.5,13.9,22.1,31.1,0.0
Pudahuel,2024-01-19,32.0,17.0,23.9,31.3,0.0
Pudahuel,2024-01-20,29.9,14.9,22.5,30.3,0.0
Pudahuel,2024-01-21,31.6,13.9,22.5,31.9,0.0
Pudahuel,2024-01-22,32.2,15.6,23.2,32.8,0.0
Pudahuel,2024-01-23,29.8,14.5,21.3,30.6,0.0
Pudahuel,2024-01-24,33.7,16.0,24.1,34.1,0.0
Pudahuel,2024-01-25,30.6,16.2,22.7,31.2,0.0
Pudahuel,2024-01-26,29.5,14.6,21.1,30.0,0.0
Pudahuel,2024-01-27,31.9,15.4,22.8,32.9,0.0
Pudahuel,2024-01-28,29.4,16.0,21.8,30.1,0.0
Pudahuel,2024-01-29,31.2,16.5,22.7,32.0,0.0
Pudahuel,2024-01-30,34.0,16.2,24.5,33.7,0.0
Pudahuel,2024-01-31,35.9,18.2,26.6,34.9,0.0
Pudahuel,2024-02-01,34.0,18.0,25.5,32.2,0.0
Pudahuel,2024-02-02,35.8,16.9,26.0,34.6,0.0
Pudahuel,2024-02-03,35.2,18.1,26.1,35.2,0.0
Pudahuel,2024-02-04,30.4,17.0,22.5,30.8,0.0
Pudahuel,2024-02-05,31.5,14.1,22.5,31.4,0.0
Pudahuel,2024-02-06,30.4,17.2,22.9,29.9,0.0
Pudahuel,2024-02-07,33.7,15.8,24.2,33.9,0.0
Pudahuel,2024-02-08,31.4,17.9,23.9,32.5,0.0
Pudahuel,2024-02-09,29.8,15.9,21.7,30.0,0.0
Pudahuel,2024-02-10,31.4,15.5,23.2,31.2,0.0
Pudahuel,2024-02-11,28.5,14.0,20.7,28.2,0.0
Pudahuel,2024-02-12,34.2,15.6,24.1,33.2,0.0
Pudahuel,2024-02-13,30.4,15.9,23.2,30.0,0.0
Pudahuel,2024-02-14,30.9,13.9,20.8,31.6,0.0
Pudahuel,2024-02-15,31.2,13.8,21.0,32.3,0.0
Pudahuel,2024-02-16,28.5,13.6,20.7,29.1,0.0
Pudahuel,2024-02-17,33.2,15.4,23.7,32.7,0.0
Pudahuel,2024-02-18,32.1,17.6,23.9,31.8,0.0
Pudahuel,2024-02-19,27.5,13.9,19.8,28.6,0.0
Pudahuel,2024-02-20,29.1,13.8,19.9,29.8,0.0
Pudahuel,2024-02-21,28.2,13.3,19.5,28.2,0.0
Pudahuel,2024-02-22,17.9,15.1,16.0,17.4,14.2
Pudahuel,2024-02-23,27.6,11.8,19.5,29.3,0.5
Pudahuel,2024-02-24,29.0,15.2,21.2,30.2,0.0
Pudahuel,2024-02-25,29.3,14.6,21.0,29.6,0.0
Pudahuel,2024-02-26,29.8,13.6,21.4,30.1,0.0
Pudahuel,2024-02-27,29.5,14.9,21.6,29.5,0.0
Pudahuel,2024-02-28,31.2,14.2,22.0,30.5,0.0
Pudahuel,2024-02-29,32.0,15.9,22.9,30.7,0.0
Pudahuel,2024-03-01,28.3,14.9,21.1,27.6,0.0
Pudahuel,2024-03-02,29.8,15.4,21.9,28.8,0.0
Pudahuel,2024-03-03,29.9,15.4,21.9,29.3,0.0
Pudahuel,2024-03-04,31.1,15.6,22.0,30.2,0.0
Pudahuel,2024-03-05,29.0,14.9,21.0,27.8,0.0
Pudahuel,2024-03-06,28.2,14.4,20.4,27.5,0.0
Pudahuel,2024-03-07,26.5,12.2,18.6,25.5,0.0
Pudahuel,2024-03-08,26.5,10.6,17.8,25.4,0.0
Pudahuel,2024-03-09,28.8,12.1,19.9,27.5,0.0
Pudahuel,2024-03-10,27.3,13.6,19.5,26.7,0.0
Pudahuel,2024-03-11,26.2,11.6,17.6,26.2,0.0
Pudahuel,2024-03-12,27.0,11.0,18.5,25.9,0.0
Pudahuel,2024-03-13,27.1,11.2,18.9,26.7,0.0
Pudahuel,2024-03-14,27.1,11.9,19.3,25.6,0.0
Pudahuel,2024-03-15,27.0,12.1,19.0,25.5,0.0
Pudahuel,2024-03-16,27.4,11.9,19.0,26.1,0.0
Pudahuel,2024-03-17,28.5,12.7,19.8,26.9,0.0
Pudahuel,2024-03-18,30.1,13.4,21.0,28.4,0.0
Pudahuel,2024-03-19,26.5,13.4,19.2,25.0,0.0
Pudahuel,2024-03-20,21.0,10.8,15.6,19.5,0.9
Pudahuel,2024-03-21,30.4,12.4,20.4,29.6,0.0
Pudahuel,2024-03-22,30.9,15.6,22.4,29.7,0.0
Pudahuel,2024-03-23,28.5,13.6,20.8,27.9,0.0
Pudahuel,2024-03-24,29.7,14.9,21.6,29.5,0.0
Pudahuel,2024-03-25,27.1,14.6,19.8,27.0,0.0
Pudahuel,2024-03-26,28.5,13.3,20.1,28.9,0.0
Pudahuel,2024-03-27,28.6,14.7,21.1,28.5,0.0
Pudahuel,2024-03-28,28.6,15.6,20.8,28.9,0.0
Pudahuel,2024-03-29,29.5,14.5,21.0,29.6,0.0
Pudahuel,2024-03-30,30.3,15.2,21.7,30.1,0.0
Pudahuel,2024-03-31,28.8,15.0,21.1,26.7,0.0
Pudahuel,2024-04-01,24.8,12.1,18.2,22.9,0.0
Pudahuel,2024-04-02,24.0,12.8,17.1,21.3,0.8
Pudahuel,2024-04-03,21.0,11.8,15.5,20.1,0.0
Pudahuel,2024-04-04,25.6,11.3,17.6,25.3,0.0
Pudahuel,2024-04-05,27.4,11.9,18.6,26.4,0.0
Pudahuel,2024-04-06,24.3,9.6,16.6,23.4,0.0
Pudahuel,2024-04-07,27.4,11.1,18.1,26.4,0.0
Pudahuel,2024-04-08,24.3,10.3,16.8,22.6,0.0
Pudahuel,2024-04-09,25.9,11.8,17.7,24.2,0.0
Pudahuel,2024-04-10,26.2,11.4,17.5,24.9,0.0
Pudahuel,2024-04-11,20.8,9.4,13.9,18.5,0.0
Pudahuel,2024-04-12,15.6,9.4,12.4,14.5,0.0
Pudahuel,2024-04-13,19.4,7.8,12.7,17.9,0.0
Pudahuel,2024-04-14,20.9,9.4,14.4,19.5,0.2
Pudahuel,2024-04-15,20.0,11.6,13.9,18.2,3.3
Pudahuel,2024-04-16,23.5,8.5,14.9,22.6,0.0
Pudahuel,2024-04-17,28.6,11.0,19.0,26.3,0.0
Pudahuel,2024-04-18,30.6,14.4,21.0,28.4,0.0
Pudahuel,2024-04-19,24.5,11.2,16.8,22.3,0.0
Pudahuel,2024-04-20,21.5,11.3,15.8,19.6,0.0
Pudahuel,2024-04-21,19.7,12.4,14.8,18.2,1.1
Pudahuel,2024-04-22,20.5,9.4,14.0,19.0,0.8
Pudahuel,2024-04-23,24.0,8.6,14.9,22.2,0.0
Pudahuel,2024-04-24,21.6,8.8,13.6,20.3,0.0
Pudahuel,2024-04-25,21.8,7.2,13.4,18.6,0.0
Pudahuel,2024-04-26,19.0,7.4,12.7,16.6,0.0
Pudahuel,2024-04-27,19.8,6.5,11.9,18.1,0.0
Pudahuel,2024-04-28,16.9,6.8,10.5,13.9,0.0
Pudahuel,2024-04-29,18.9,5.7,11.4,16.0,0.2
Pudahuel,2024-04-30,15.5,7.1,10.9,13.6,19.7
Pudahuel,2024-05-01,14.8,5.4,10.0,11.8,0.0
Pudahuel,2024-05-02,14.9,3.5,8.3,11.9,0.0
Pudahuel,2024-05-03,15.7,3.0,8.6,13.2,0.0
Pudahuel,2024-05-04,18.0,4.8,10.2,14.9,0.0
Pudahuel,2024-05-05,15.7,6.9,10.1,13.5,0.0
Pudahuel,2024-05-06,15.8,4.9,9.4,13.3,0.0
Pudahuel,2024-05-07,9.9,2.0,5.9,7.9,40.0
Pudahuel,2024-05-08,15.6,0.7,7.2,13.1,0.0
Pudahuel,2024-05-09,16.7,3.2,8.8,14.4,0.0
Pudahuel,2024-05-10,13.8,3.3,8.1,11.8,0.0
Pudahuel,2024-05-11,13.6,3.4,7.7,10.9,0.0
Pudahuel,2024-05-12,13.1,3.0,7.2,10.1,0.0
Pudahuel,2024-05-13,14.4,2.8,7.3,11.9,0.0
Pudahuel,2024-05-14,15.1,4.0,8.5,12.1,0.0
Pudahuel,2024-05-15,11.2,3.3,6.2,8.7,1.4
Pudahuel,2024-05-16,13.9,2.7,7.4,10.9,0.0
Pudahuel,2024-05-17,13.2,3.1,7.3,10.3,0.0
Pudahuel,2024-05-18,15.9,2.8,7.7,13.7,0.0
Pudahuel,2024-05-19,17.0,2.6,9.2,14.8,0.2
Pudahuel,2024-05-20,13.0,7.9,9.2,10.8,56.0
Pudahuel,2024-05-21,13.9,6.8,9.3,12.8,22.2
Pudahuel,2024-05-22,10.0,6.3,8.3,9.4,33.4
Pudahuel,2024-05-23,12.8,3.7,7.6,10.7,7.3
Pudahuel,2024-05-24,16.1,3.3,9.3,14.5,0.0
Pudahuel,2024-05-25,13.6,8.4,10.3,11.9,0.0
Pudahuel,2024-05-26,13.7,5.2,8.5,12.3,18.5
Pudahuel,2024-05-27,15.2,4.6,9.5,14.1,0.0
Pudahuel,2024-05-28,18.4,7.1,11.9,16.6,0.0
Pudahuel,2024-05-29,18.0,6.6,10.4,16.7,0.0
Pudahuel,2024-05-30,19.0,7.3,12.3,18.5,0.0
Pudahuel,2024-05-31,16.0,8.0,12.3,14.2,0.0
Pudahuel,2024-06-01,17.8,6.3,11.4,16.2,0.0
Pudahuel,2024-06-02,19.5,8.5,13.0,19.1,0.0
Pudahuel,2024-06-03,17.9,8.3,12.4,15.9,0.0
Pudahuel,2024-06-04,18.7,5.7,11.4,18.0,0.2
Pudahuel,2024-06-05,13.7,9.6,11.4,12.5,0.0
Pudahuel,2024-06-06,16.5,7.7,12.3,15.6,0.0
Pudahuel,2024-06-07,21.4,9.1,14.2,20.5,0.0
Pudahuel,2024-06-08,15.3,7.2,11.5,14.6,2.4
Pudahuel,2024-06-09,13.4,8.2,10.2,12.3,12.1
Pudahuel,2024-06-10,14.4,8.3,10.8,13.4,0.2
Pudahuel,2024-06-11,14.9,8.6,11.1,13.4,0.0
Pudahuel,2024-06-12,13.8,7.8,10.2,12.0,0.0
Pudahuel,2024-06-13,12.2,8.9,10.1,10.1,67.8
Pudahuel,2024-06-14,14.5,7.8,9.9,13.2,8.8
Pudahuel,2024-06-15,14.2,5.7,9.0,12.6,0.1
Pudahuel,2024-06-16,14.4,3.7,8.3,13.4,0.0
Pudahuel,2024-06-17,14.9,5.2,8.9,13.9,12.7
Pudahuel,2024-06-18,11.5,6.8,8.6,10.6,62.9
Pudahuel,2024-06-19,14.1,5.0,8.7,12.3,16.3
Pudahuel,2024-06-20,11.6,5.8,8.2,9.7,0.0
Pudahuel,2024-06-21,9.1,5.6,7.6,7.3,85.2
Pudahuel,2024-06-22,8.0,4.7,6.3,6.7,35.7
Pudahuel,2024-06-23,10.2,5.3,7.2,7.8,1.4
Pudahuel,2024-06-24,8.6,3.8,6.4,6.7,0.2
Pudahuel,2024-06-25,10.6,2.2,5.5,8.6,0.0
Pudahuel,2024-06-26,15.6,1.3,7.6,14.0,0.0
Pudahuel,2024-06-27,15.8,5.7,10.2,15.1,0.0
Pudahuel,2024-06-28,14.8,4.1,8.6,13.7,0.0
Pudahuel,2024-06-29,17.7,5.9,11.0,16.8,0.0
Pudahuel,2024-06-30,19.2,7.2,11.7,17.9,0.0
Pudahuel,2024-07-01,19.9,7.4,12.3,18.9,0.0
Pudahuel,2024-07-02,17.2,7.8,12.0,15.5,0.0
Pudahuel,2024-07-03,17.0,5.9,11.4,15.7,0.0
Pudahuel,2024-07-04,14.8,3.8,7.7,12.8,0.0
Pudahuel,2024-07-05,15.1,2.9,7.6,13.7,0.0
Pudahuel,2024-07-06,13.0,0.9,5.9,9.8,0.0
Pudahuel,2024-07-07,14.0,0.8,6.0,11.2,0.0
Pudahuel,2024-07-08,14.4,1.4,6.5,11.8,0.0
Pudahuel,2024-07-09,10.4,-1.1,4.5,6.7,0.0
Pudahuel,2024-07-10,10.3,0.8,4.2,8.3,0.0
Pudahuel,2024-07-11,11.1,0.3,4.8,8.8,0.0
Pudahuel,2024-07-12,14.9,2.0,7.3,11.2,0.0
Pudahuel,2024-07-13,13.2,1.1,5.9,10.8,0.0
Pudahuel,2024-07-14,12.7,1.4,6.1,9.4,0.0
Pudahuel,2024-07-15,14.8,0.6,5.6,11.8,0.0
Pudahuel,2024-07-16,18.8,2.5,10.2,18.2,0.0
Pudahuel,2024-07-17,18.1,4.9,10.3,16.0,0.0
Pudahuel,2024-07-18,12.2,5.1,8.3,10.1,0.1
Pudahuel,2024-07-19,14.4,5.1,8.5,12.9,0.0
Pudahuel,2024-07-20,13.6,4.4,7.6,12.6,0.0
Pudahuel,2024-07-21,14.5,6.4,9.1,12.5,0.0
Pudahuel,2024-07-22,17.6,4.8,10.0,16.2,0.0
Pudahuel,2024-07-23,10.7,5.2,7.6,9.5,0.7
Pudahuel,2024-07-24,17.0,3.0,9.2,15.7,0.1
Pudahuel,2024-07-25,16.5,5.3,10.4,14.8,0.0
Pudahuel,2024-07-26,13.7,3.0,7.4,11.9,0.0
Pudahuel,2024-07-27,16.4,3.2,8.1,15.0,0.0
Pudahuel,2024-07-28,17.5,2.5,9.4,16.4,0.0
Pudahuel,2024-07-29,21.8,7.7,13.7,21.0,0.0
Pudahuel,2024-07-30,17.0,8.5,11.7,15.7,0.0
Pudahuel,2024-07-31,11.6,7.5,8.9,10.7,0.0
Pudahuel,2024-08-01,10.0,7.1,8.4,8.1,0.3
Pudahuel,2024-08-02,12.6,5.9,8.8,11.7,87.8
Pudahuel,2024-08-03,14.6,3.0,8.3,13.0,0.5
Pudahuel,2024-08-04,15.4,4.7,9.3,13.6,0.0
Pudahuel,2024-08-05,9.2,5.7,7.1,7.1,21.9
Pudahuel,2024-08-06,11.2,2.8,6.8,8.5,5.3
Pudahuel,2024-08-07,10.5,-0.1,4.8,7.8,0.0
Pudahuel,2024-08-08,14.1,0.6,7.0,11.6,0.0
Pudahuel,2024-08-09,17.5,1.5,9.1,16.9,0.0
Pudahuel,2024-08-10,18.6,4.1,10.0,18.3,0.0
Pudahuel,2024-08-11,19.9,5.9,12.6,19.3,0.0
Pudahuel,2024-08-12,22.0,9.6,14.6,22.4,0.0
Pudahuel,2024-08-13,18.9,7.9,12.4,19.2,0.0
Pudahuel,2024-08-14,14.4,7.6,10.4,13.4,0.0
Pudahuel,2024-08-15,16.0,5.7,10.0,14.4,0.0
Pudahuel,2024-08-16,13.3,6.3,9.4,12.1,0.0
Pudahuel,2024-08-17,15.0,6.2,9.7,13.8,0.0
Pudahuel,2024-08-18,11.6,5.2,8.0,9.1,0.0
Pudahuel,2024-08-19,11.9,3.1,7.4,9.6,0.0
Pudahuel,2024-08-20,9.5,2.8,5.9,6.7,0.0
Pudahuel,2024-08-21,11.8,0.5,5.8,9.5,1.2
Pudahuel,2024-08-22,11.3,2.0,6.2,8.8,0.3
Pudahuel,2024-08-23,10.1,1.4,4.8,7.9,6.0
Pudahuel,2024-08-24,17.0,1.7,9.1,15.3,0.0
Pudahuel,2024-08-25,18.8,5.7,11.9,17.8,0.0
Pudahuel,2024-08-26,16.2,3.0,9.0,15.0,0.0
Pudahuel,2024-08-27,17.6,5.4,10.8,16.7,0.0
Pudahuel,2024-08-28,14.6,6.3,9.5,13.8,0.0
Pudahuel,2024-08-29,11.6,6.9,8.6,9.9,1.3
Pudahuel,2024-08-30,13.5,5.1,8.8,11.7,0.0
Pudahuel,2024-08-31,19.4,3.4,10.7,18.6,0.0
Pudahuel,2024-09-01,22.9,7.1,13.7,23.2,0.0
Pudahuel,2024-09-02,14.2,5.7,9.8,12.3,0.0
Pudahuel,2024-09-03,15.9,5.3,10.0,14.1,0.0
Pudahuel,2024-09-04,18.7,3.2,10.7,18.1,0.0
Pudahuel,2024-09-05,21.7,8.1,13.6,21.3,0.0
Pudahuel,2024-09-06,16.6,4.9,10.4,15.9,0.0
Pudahuel,2024-09-07,15.9,6.7,9.9,15.4,0.0
Pudahuel,2024-09-08,18.8,4.7,11.3,18.5,0.0
Pudahuel,2024-09-09,20.9,7.1,13.3,20.1,0.0
Pudahuel,2024-09-10,16.8,6.8,11.4,15.4,0.4
Pudahuel,2024-09-11,18.5,5.1,11.4,18.4,0.0
Pudahuel,2024-09-12,15.9,6.2,10.3,14.9,0.0
Pudahuel,2024-09-13,18.0,5.2,10.9,17.5,0.0
Pudahuel,2024-09-14,22.6,6.0,13.2,22.2,0.0
Pudahuel,2024-09-15,23.8,7.6,14.8,22.3,0.0
Pudahuel,2024-09-16,25.2,10.0,16.3,22.6,0.0
Pudahuel,2024-09-17,20.9,7.2,13.2,20.3,0.0
Pudahuel,2024-09-18,20.8,6.9,12.4,19.4,0.0
Pudahuel,2024-09-19,17.4,5.9,11.0,15.3,7.5
Pudahuel,2024-09-20,18.3,5.3,11.4,16.1,0.0
Pudahuel,2024-09-21,16.4,6.8,10.5,14.6,0.0
Pudahuel,2024-09-22,13.6,6.6,9.9,10.9,5.0
Pudahuel,2024-09-23,15.4,8.0,11.3,12.9,1.7
Pudahuel,2024-09-24,17.1,5.3,10.6,16.2,0.0
Pudahuel,2024-09-25,18.0,5.8,11.1,17.5,0.0
Pudahuel,2024-09-26,24.9,7.2,14.9,24.7,0.0
Pudahuel,2024-09-27,22.1,7.9,14.5,21.1,0.0
Pudahuel,2024-09-28,24.8,9.9,15.9,23.8,0.0
Pudahuel,2024-09-29,18.7,7.7,12.3,18.3,0.0
Pudahuel,2024-09-30,20.1,8.4,12.1,20.6,0.0
Pudahuel,2024-10-01,17.5,5.9,11.3,15.8,0.0
Pudahuel,2024-10-02,21.2,5.6,12.8,20.3,0.0
Pudahuel,2024-10-03,25.2,7.4,15.7,24.7,0.0
Pudahuel,2024-10-04,25.7,9.9,16.6,25.5,0.0
Pudahuel,2024-10-05,25.7,8.4,17.2,25.2,0.0
Pudahuel,2024-10-06,22.5,12.9,16.7,21.0,0.3
Pudahuel,2024-10-07,22.3,10.8,15.7,22.3,11.4
Pudahuel,2024-10-08,15.1,10.2,12.2,14.0,10.5
Pudahuel,2024-10-09,20.0,9.1,13.6,18.6,0.0
Pudahuel,2024-10-10,18.8,9.1,13.3,18.3,0.0
Pudahuel,2024-10-11,17.5,9.9,13.1,16.3,0.0
Pudahuel,2024-10-12,19.0,9.1,13.8,17.7,0.0
Pudahuel,2024-10-13,23.0,8.9,15.3,23.2,0.0
Pudahuel,2024-10-14,21.5,8.4,14.6,20.0,0.0
Pudahuel,2024-10-15,28.2,10.9,17.8,28.2,0.0
Pudahuel,2024-10-16,18.6,8.4,13.3,17.5,0.0
Pudahuel,2024-10-17,26.4,7.4,16.1,26.6,0.0
Pudahuel,2024-10-18,28.5,10.1,18.6,29.0,0.0
Pudahuel,2024-10-19,21.6,9.7,14.4,21.7,0.0
Pudahuel,2024-10-20,22.0,9.4,13.5,21.3,1.0
Pudahuel,2024-10-21,23.8,7.8,15.7,23.6,0.0
Pudahuel,2024-10-22,23.0,11.6,15.9,22.5,2.3
Pudahuel,2024-10-23,19.2,10.4,13.4,17.3,1.2
Pudahuel,2024-10-24,26.0,7.8,16.1,25.5,0.0
Pudahuel,2024-10-25,24.8,8.7,16.0,23.8,0.0
Pudahuel,2024-10-26,29.0,11.6,19.3,28.9,0.0
Pudahuel,2024-10-27,27.4,10.4,18.2,27.5,0.0
Pudahuel,2024-10-28,32.4,12.8,20.8,32.5,0.0
Pudahuel,2024-10-29,24.2,10.8,17.1,24.8,0.0
Pudahuel,2024-10-30,25.1,11.1,17.0,25.8,0.0
Pudahuel,2024-10-31,26.0,11.2,17.1,26.0,0.0
Pudahuel,2024-11-01,20.6,10.6,13.9,20.6,0.0
Pudahuel,2024-11-02,25.4,7.7,16.5,24.3,0.0
Pudahuel,2024-11-03,23.6,8.9,15.2,22.8,0.0
Pudahuel,2024-11-04,23.8,7.1,15.2,22.1,0.0
Pudahuel,2024-11-05,26.8,9.1,17.9,26.0,0.0
Pudahuel,2024-11-06,27.0,11.4,19.0,25.6,0.0
Pudahuel,2024-11-07,25.9,12.1,18.8,24.3,1.2
Pudahuel,2024-11-08,29.9,12.9,20.9,28.9,0.0
Pudahuel,2024-11-09,27.2,13.0,19.7,26.7,0.0
Pudahuel,2024-11-10,22.0,11.2,16.5,21.0,0.1
Pudahuel,2024-11-11,26.9,9.9,18.5,25.6,0.0
Pudahuel,2024-11-12,30.8,12.1,21.9,29.7,0.0
Pudahuel,2024-11-13,26.2,13.0,20.2,25.6,0.0
Pudahuel,2024-11-14,25.1,11.7,17.6,25.7,0.0
Pudahuel,2024-11-15,23.8,10.2,16.8,24.0,0.0
Pudahuel,2024-11-16,20.1,12.1,15.5,18.6,3.9
Pudahuel,2024-11-17,24.4,8.8,16.5,24.4,0.0
Pudahuel,2024-11-18,24.8,10.9,17.2,24.8,0.0
Pudahuel,2024-11-19,24.4,9.5,15.6,24.0,0.0
Pudahuel,2024-11-20,24.4,11.6,17.3,23.5,0.0
Pudahuel,2024-11-21,25.8,11.6,18.2,25.8,0.0
Pudahuel,2024-11-22,25.2,10.3,18.0,24.8,0.0
Pudahuel,2024-11-23,28.0,12.6,19.9,27.9,0.0
Pudahuel,2024-11-24,27.0,12.4,19.8,26.5,0.0
Pudahuel,2024-11-25,25.6,12.6,19.0,24.9,0.0
Pudahuel,2024-11-26,24.6,11.2,17.9,24.4,0.0
Pudahuel,2024-11-27,23.1,9.8,15.9,23.0,0.0
Pudahuel,2024-11-28,24.6,9.0,17.0,23.8,0.0
Pudahuel,2024-11-29,27.2,12.1,19.7,26.1,0.0
Pudahuel,2024-11-30,24.5,10.6,17.5,23.2,0.0
Pudahuel,2024-12-01,23.4,9.9,15.8,22.0,0.0
Pudahuel,2024-12-02,24.8,10.8,17.8,23.2,0.0
Pudahuel,2024-12-03,25.1,10.3,17.1,24.9,0.0
Pudahuel,2024-12-04,24.0,10.1,15.7,24.2,0.0
Pudahuel,2024-12-05,21.0,9.1,14.3,20.2,0.0
Pudahuel,2024-12-06,24.7,9.1,16.8,23.9,0.0
Pudahuel,2024-12-07,25.4,12.3,18.2,25.2,0.0
Pudahuel,2024-12-08,23.4,9.5,15.9,22.8,0.0
Pudahuel,2024-12-09,28.5,10.4,19.3,27.6,0.0
Pudahuel,2024-12-10,27.0,12.4,19.6,26.9,0.0
Pudahuel,2024-12-11,28.2,12.1,20.3,28.0,0.0
Pudahuel,2024-12-12,26.4,9.9,17.7,26.3,0.0
Pudahuel,2024-12-13,28.9,13.2,20.9,27.3,0.0
Pudahuel,2024-12-14,29.7,13.4,20.9,29.0,0.0
Pudahuel,2024-12-15,26.4,13.3,18.7,26.5,0.0
Pudahuel,2024-12-16,26.4,11.1,17.7,26.6,0.0
Pudahuel,2024-12-17,25.1,11.6,17.6,25.3,0.1
Pudahuel,2024-12-18,28.0,11.3,19.8,27.7,0.0
Pudahuel,2024-12-19,32.0,16.0,23.4,30.6,0.0
Pudahuel,2024-12-20,28.8,14.9,21.4,27.3,0.0
Pudahuel,2024-12-21,31.2,14.6,23.3,30.5,0.0
Pudahuel,2024-12-22,33.2,18.4,24.9,32.7,0.0
Pudahuel,2024-12-23,28.5,17.9,22.9,28.8,0.0
Pudahuel,2024-12-24,29.5,16.5,22.1,30.0,0.0
Pudahuel,2024-12-25,27.8,14.8,20.1,28.8,0.0
Pudahuel,2024-12-26,26.6,12.1,18.1,27.3,0.0
Pudahuel,2024-12-27,27.4,13.3,19.2,28.6,0.0
Pudahuel,2024-12-28,28.0,13.3,19.6,29.0,0.0
Pudahuel,2024-12-29,30.0,13.8,20.9,30.4,0.0
Pudahuel,2024-12-30,29.3,14.0,21.2,29.7,0.0
Pudahuel,2024-12-31,29.5,15.1,22.0,29.1,0.0
Puente Alto,2024-01-01,28.5,12.4,19.3,29.1,0.0
Puente Alto,2024-01-02,29.4,13.6,20.5,30.4,0.0
Puente Alto,2024-01-03,29.0,16.0,21.4,29.7,0.0
Puente Alto,2024-01-04,27.6,14.9,20.7,29.1,0.0
Puente Alto,2024-01-05,25.5,15.3,19.6,26.6,0.0
Puente Alto,2024-01-06,26.1,14.4,19.4,26.8,0.0
Puente Alto,2024-01-07,28.7,13.1,20.4,28.1,0.0
Puente Alto,2024-01-08,28.6,14.9,20.6,28.4,0.0
Puente Alto,2024-01-09,28.4,14.7,20.4,28.1,0.0
Puente Alto,2024-01-10,28.6,14.6,20.7,28.4,0.0
Puente Alto,2024-01-11,29.0,16.5,21.0,28.7,0.0
Puente Alto,2024-01-12,27.1,14.9,19.8,27.5,0.0
Puente Alto,2024-01-13,26.5,12.1,18.4,26.6,0.0
Puente Alto,2024-01-14,32.2,14.8,22.8,31.4,0.0
Puente Alto,2024-01-15,29.5,13.9,22.5,28.3,0.0
Puente Alto,2024-01-16,30.0,11.2,20.8,28.7,0.0
Puente Alto,2024-01-17,28.9,16.5,22.0,29.8,0.0
Puente Alto,2024-01-18,30.5,14.1,21.7,30.4,0.0
Puente Alto,2024-01-19,31.8,17.8,24.0,31.8,0.0
Puente Alto,2024-01-20,29.6,18.5,23.2,30.0,0.0
Puente Alto,2024-01-21,31.5,18.6,23.6,31.9,0.0
Puente Alto,2024-01-22,32.4,18.0,24.1,33.2,0.0
Puente Alto,2024-01-23,29.8,16.1,22.0,31.2,0.0
Puente Alto,2024-01-24,33.3,17.4,24.4,34.0,0.0
Puente Alto,2024-01-25,30.3,18.0,23.5,31.4,0.0
Puente Alto,2024-01-26,29.2,15.4,21.6,29.7,0.0
Puente Alto,2024-01-27,32.0,17.3,23.1,33.2,0.0
Puente Alto,2024-01-28,28.5,17.3,22.1,29.5,0.0
Puente Alto,2024-01-29,31.2,17.0,23.0,32.4,0.0
Puente Alto,2024-01-30,33.5,16.5,24.7,34.6,0.0
Puente Alto,2024-01-31,35.0,17.5,26.3,34.7,0.0
Puente Alto,2024-02-01,33.5,18.2,25.4,32.9,0.0
Puente Alto,2024-02-02,33.5,18.2,25.6,32.7,0.0
Puente Alto,2024-02-03,34.3,19.6,26.3,33.9,0.0
Puente Alto,2024-02-04,29.4,17.2,23.5,30.0,0.0
Puente Alto,2024-02-05,31.2,14.6,22.5,31.7,0.0
Puente Alto,2024-02-06,29.9,17.5,23.1,30.0,0.0
Puente Alto,2024-02-07,32.7,16.4,23.9,33.0,0.0
Puente Alto,2024-02-08,31.1,18.6,23.9,32.3,0.0
Puente Alto,2024-02-09,29.8,16.9,22.0,30.5,0.0
Puente Alto,2024-02-10,32.2,16.2,23.6,32.8,0.0
Puente Alto,2024-02-11,28.7,16.4,21.5,28.9,0.0
Puente Alto,2024-02-12,33.0,15.6,23.6,32.6,0.0
Puente Alto,2024-02-13,30.1,16.9,23.0,30.4,0.0
Puente Alto,2024-02-14,30.6,15.6,21.4,31.4,0.0
Puente Alto,2024-02-15,31.6,16.3,21.9,33.4,0.0
Puente Alto,2024-02-16,28.9,15.9,21.5,30.4,0.0
Puente Alto,2024-02-17,31.1,16.2,23.4,31.7,0.0
Puente Alto,2024-02-18,32.0,17.6,24.0,32.6,0.0
Puente Alto,2024-02-19,27.1,16.2,20.5,27.6,0.0
Puente Alto,2024-02-20,28.0,13.5,19.6,29.4,0.0
Puente Alto,2024-02-21,27.4,13.5,19.1,28.0,0.0
Puente Alto,2024-02-22,17.6,13.0,14.8,17.0,12.5
Puente Alto,2024-02-23,26.4,12.4,19.1,28.2,1.1
Puente Alto,2024-02-24,28.0,14.1,20.6,29.3,0.0
Puente Alto,2024-02-25,28.5,14.3,20.7,29.5,0.0
Puente Alto,2024-02-26,29.5,15.6,21.7,30.8,0.0
Puente Alto,2024-02-27,29.0,16.1,21.9,29.5,0.0
Puente Alto,2024-02-28,30.2,16.2,22.0,30.4,0.0
Puente Alto,2024-02-29,30.9,16.2,22.9,31.2,0.0
Puente Alto,2024-03-01,27.8,17.9,22.1,27.9,0.0
Puente Alto,2024-03-02,29.1,16.6,22.0,29.0,0.0
Puente Alto,2024-03-03,29.2,18.2,22.5,29.2,0.0
Puente Alto,2024-03-04,30.1,15.9,22.3,30.3,0.0
Puente Alto,2024-03-05,28.3,15.8,21.3,28.3,0.0
Puente Alto,2024-03-06,27.8,15.8,20.7,28.2,0.0
Puente Alto,2024-03-07,26.5,14.2,19.2,26.9,0.0
Puente Alto,2024-03-08,26.6,11.2,18.0,25.7,0.0
Puente Alto,2024-03-09,28.8,13.1,20.5,28.2,0.0
Puente Alto,2024-03-10,27.9,14.1,20.5,27.5,0.0
Puente Alto,2024-03-11,26.5,13.4,18.5,27.2,0.0
Puente Alto,2024-03-12,26.9,12.4,18.6,26.1,0.0
Puente Alto,2024-03-13,27.0,13.9,19.6,26.9,0.0
Puente Alto,2024-03-14,27.0,15.5,20.1,26.2,0.0
Puente Alto,2024-03-15,27.1,15.6,20.0,26.2,0.0
Puente Alto,2024-03-16,27.4,14.9,19.7,26.4,0.0
Puente Alto,2024-03-17,28.9,15.6,20.8,27.5,0.0
Puente Alto,2024-03-18,30.0,15.1,22.0,28.3,0.0
Puente Alto,2024-03-19,26.6,14.1,20.8,25.2,0.0
Puente Alto,2024-03-20,20.8,10.6,15.2,19.8,1.1
Puente Alto,2024-03-21,30.5,14.5,21.1,29.4,0.2
Puente Alto,2024-03-22,30.8,14.9,22.7,30.0,0.0
Puente Alto,2024-03-23,28.5,16.5,21.6,28.1,0.0
Puente Alto,2024-03-24,29.2,18.0,22.2,29.5,0.0
Puente Alto,2024-03-25,27.1,14.9,20.6,27.8,0.0
Puente Alto,2024-03-26,28.1,14.4,20.5,29.1,0.0
Puente Alto,2024-03-27,28.1,15.9,21.1,28.5,0.0
Puente Alto,2024-03-28,28.2,16.0,21.1,28.8,0.0
Puente Alto,2024-03-29,29.1,15.2,21.7,29.2,0.0
Puente Alto,2024-03-30,29.4,14.6,21.8,29.3,0.0
Puente Alto,2024-03-31,28.0,16.2,21.8,26.1,0.0
Puente Alto,2024-04-01,25.4,14.3,19.0,23.1,0.0
Puente Alto,2024-04-02,23.5,13.9,18.1,21.0,2.3
Puente Alto,2024-04-03,19.5,12.7,15.5,18.9,0.0
Puente Alto,2024-04-04,25.9,13.4,18.4,25.7,0.0
Puente Alto,2024-04-05,27.3,12.2,19.0,26.3,0.0
Puente Alto,2024-04-06,24.0,13.1,17.8,23.1,0.0
Puente Alto,2024-04-07,27.7,11.4,18.7,26.5,0.0
Puente Alto,2024-04-08,24.6,14.9,18.4,23.1,0.0
Puente Alto,2024-04-09,25.6,14.8,18.8,24.9,0.0
Puente Alto,2024-04-10,26.2,12.9,18.5,24.9,0.0
Puente Alto,2024-04-11,21.4,11.2,15.0,19.2,0.0
Puente Alto,2024-04-12,14.9,9.5,12.2,13.3,0.9
Puente Alto,2024-04-13,17.1,8.8,12.4,15.5,4.3
Puente Alto,2024-04-14,19.1,8.4,13.3,17.2,1.1
Puente Alto,2024-04-15,16.9,10.4,12.2,15.4,9.6
Puente Alto,2024-04-16,21.5,8.9,14.8,19.7,0.0
Puente Alto,2024-04-17,26.1,7.9,16.4,24.6,0.0
Puente Alto,2024-04-18,29.0,10.9,18.8,27.4,0.0
Puente Alto,2024-04-19,23.2,12.1,17.4,21.4,0.0
Puente Alto,2024-04-20,20.9,12.8,16.6,19.1,0.0
Puente Alto,2024-04-21,17.1,11.6,14.6,15.4,0.0
Puente Alto,2024-04-22,19.5,10.6,14.4,17.2,0.0
Puente Alto,2024-04-23,23.5,7.8,15.0,21.7,0.0
Puente Alto,2024-04-24,21.2,10.4,14.6,19.7,0.0
Puente Alto,2024-04-25,20.6,8.1,14.1,17.2,0.0
Puente Alto,2024-04-26,18.4,9.6,13.2,15.9,0.0
Puente Alto,2024-04-27,19.2,8.8,12.7,17.1,0.0
Puente Alto,2024-04-28,16.5,7.2,11.3,13.7,0.0
Puente Alto,2024-04-29,16.5,6.7,11.3,12.8,0.0
Puente Alto,2024-04-30,14.6,6.0,10.4,12.4,13.6
Puente Alto,2024-05-01,13.5,5.2,9.4,10.9,0.8
Puente Alto,2024-05-02,13.8,0.9,7.7,11.0,0.0
Puente Alto,2024-05-03,15.1,5.2,9.5,12.8,0.0
Puente Alto,2024-05-04,16.4,6.8,11.0,13.7,0.0
Puente Alto,2024-05-05,14.8,6.4,10.1,12.9,0.0
Puente Alto,2024-05-06,14.6,4.9,9.5,12.7,0.1
Puente Alto,2024-05-07,9.0,3.3,5.9,7.4,29.8
Puente Alto,2024-05-08,13.6,-2.6,5.0,12.0,0.0
Puente Alto,2024-05-09,16.7,1.0,7.9,14.6,0.0
Puente Alto,2024-05-10,12.4,3.9,7.8,10.6,0.0
Puente Alto,2024-05-11,12.9,4.3,8.0,10.5,0.0
Puente Alto,2024-05-12,11.9,2.4,7.6,9.0,0.2
Puente Alto,2024-05-13,13.3,-0.2,5.7,10.8,0.0
Puente Alto,2024-05-14,14.6,0.2,6.9,12.0,0.0
Puente Alto,2024-05-15,8.2,1.9,4.9,5.2,2.5
Puente Alto,2024-05-16,12.4,-1.8,5.1,9.2,0.0
Puente Alto,2024-05-17,12.2,0.6,5.9,9.5,0.2
Puente Alto,2024-05-18,13.6,-1.4,5.8,10.8,0.0
Puente Alto,2024-05-19,17.0,0.4,8.9,14.4,0.0
Puente Alto,2024-05-20,10.2,7.8,8.9,8.2,33.2
Puente Alto,2024-05-21,13.2,6.9,9.3,11.9,7.1
Puente Alto,2024-05-22,9.4,6.4,8.0,8.2,32.2
Puente Alto,2024-05-23,11.4,2.0,6.8,9.3,14.8
Puente Alto,2024-05-24,15.4,-1.3,7.0,14.8,0.0
Puente Alto,2024-05-25,14.9,7.4,10.1,13.1,0.6
Puente Alto,2024-05-26,12.9,2.0,7.3,11.3,12.5
Puente Alto,2024-05-27,16.9,-0.2,7.9,15.6,0.0
Puente Alto,2024-05-28,19.9,4.8,10.9,18.0,0.0
Puente Alto,2024-05-29,18.1,8.6,12.1,16.8,0.0
Puente Alto,2024-05-30,19.4,8.2,12.8,18.5,0.0
Puente Alto,2024-05-31,17.8,6.2,10.9,16.8,0.0
Puente Alto,2024-06-01,18.8,2.5,10.3,17.5,0.0
Puente Alto,2024-06-02,20.8,9.8,13.6,22.2,0.0
Puente Alto,2024-06-03,18.2,12.1,14.6,16.9,0.0
Puente Alto,2024-06-04,18.6,8.9,13.0,17.4,0.5
Puente Alto,2024-06-05,15.9,8.9,12.3,15.7,0.9
Puente Alto,2024-06-06,17.1,8.1,12.8,15.7,0.0
Puente Alto,2024-06-07,20.0,8.8,13.7,20.6,0.0
Puente Alto,2024-06-08,15.0,9.1,11.8,14.2,4.9
Puente Alto,2024-06-09,13.0,7.3,9.7,11.5,24.6
Puente Alto,2024-06-10,14.3,7.4,10.6,12.9,0.0
Puente Alto,2024-06-11,14.9,9.4,11.7,13.7,0.0
Puente Alto,2024-06-12,13.0,9.6,10.9,11.5,0.0
Puente Alto,2024-06-13,11.7,8.3,9.5,8.6,73.7
Puente Alto,2024-06-14,13.2,5.2,8.8,11.7,21.9
Puente Alto,2024-06-15,12.8,1.9,7.2,10.8,2.5
Puente Alto,2024-06-16,13.4,0.9,6.9,11.8,0.0
Puente Alto,2024-06-17,13.7,2.5,7.7,11.7,10.0
Puente Alto,2024-06-18,10.3,5.4,7.9,9.1,36.2
Puente Alto,2024-06-19,13.9,3.8,8.4,11.9,13.5
Puente Alto,2024-06-20,11.9,6.6,8.8,10.5,0.0
Puente Alto,2024-06-21,7.8,5.9,6.8,6.2,46.4
Puente Alto,2024-06-22,7.6,4.0,5.8,5.8,20.6
Puente Alto,2024-06-23,9.8,4.9,6.5,7.6,0.9
Puente Alto,2024-06-24,7.8,4.6,5.9,6.2,0.1
Puente Alto,2024-06-25,9.4,0.9,5.3,7.0,0.3
Puente Alto,2024-06-26,16.5,-0.8,7.2,14.9,0.0
Puente Alto,2024-06-27,15.5,6.1,10.2,13.9,0.0
Puente Alto,2024-06-28,15.2,3.3,8.4,14.2,0.0
Puente Alto,2024-06-29,18.3,3.1,9.5,17.2,0.0
Puente Alto,2024-06-30,18.7,4.7,10.6,16.8,0.0
Puente Alto,2024-07-01,20.0,4.3,10.7,17.9,0.0
Puente Alto,2024-07-02,17.7,4.3,10.1,15.7,0.0
Puente Alto,2024-07-03,16.2,6.8,10.7,14.0,0.0
Puente Alto,2024-07-04,14.1,4.1,8.4,12.6,0.0
Puente Alto,2024-07-05,15.4,0.6,7.4,13.2,0.0
Puente Alto,2024-07-06,13.1,2.6,7.2,10.5,0.0
Puente Alto,2024-07-07,13.4,1.5,7.2,11.1,0.0
Puente Alto,2024-07-08,13.9,0.9,6.8,11.6,0.0
Puente Alto,2024-07-09,10.6,0.8,4.5,8.1,0.0
Puente Alto,2024-07-10,9.1,-1.2,3.5,6.6,0.0
Puente Alto,2024-07-11,10.6,-0.2,4.2,8.1,0.0
Puente Alto,2024-07-12,13.9,-1.4,5.5,10.7,0.0
Puente Alto,2024-07-13,14.4,0.3,6.3,12.7,0.0
Puente Alto,2024-07-14,14.8,2.0,7.3,12.5,0.0
Puente Alto,2024-07-15,17.8,3.7,9.3,15.3,0.0
Puente Alto,2024-07-16,19.9,6.6,12.1,18.3,0.0
Puente Alto,2024-07-17,19.5,6.2,12.5,17.7,0.0
Puente Alto,2024-07-18,15.6,7.8,11.5,13.2,0.1
Puente Alto,2024-07-19,14.9,6.7,10.8,13.8,0.0
Puente Alto,2024-07-20,14.4,4.9,8.6,13.4,0.0
Puente Alto,2024-07-21,13.5,4.6,8.3,10.4,0.0
Puente Alto,2024-07-22,17.2,4.2,10.3,15.6,0.0
Puente Alto,2024-07-23,10.7,5.7,7.9,8.7,0.7
Puente Alto,2024-07-24,15.9,1.4,8.1,14.9,0.1
Puente Alto,2024-07-25,17.8,4.2,10.2,15.7,0.0
Puente Alto,2024-07-26,13.8,3.1,8.6,12.5,0.0
Puente Alto,2024-07-27,15.3,7.9,10.7,14.0,0.0
Puente Alto,2024-07-28,16.6,4.0,10.4,15.3,0.0
Puente Alto,2024-07-29,22.3,5.1,12.4,21.8,0.0
Puente Alto,2024-07-30,18.1,9.9,13.5,16.8,0.0
Puente Alto,2024-07-31,13.6,7.7,10.7,12.7,0.0
Puente Alto,2024-08-01,12.1,7.1,8.7,10.4,0.0
Puente Alto,2024-08-02,11.1,4.8,7.9,8.3,70.6
Puente Alto,2024-08-03,15.1,1.8,7.5,12.0,4.3
Puente Alto,2024-08-04,14.1,4.6,8.5,12.2,0.0
Puente Alto,2024-08-05,8.9,5.2,7.0,7.5,14.5
Puente Alto,2024-08-06,10.1,2.7,6.0,7.7,11.1
Puente Alto,2024-08-07,9.3,-1.9,3.6,6.9,0.0
Puente Alto,2024-08-08,12.8,-4.2,3.5,10.7,0.0
Puente Alto,2024-08-09,18.2,-2.7,7.2,16.1,0.0
Puente Alto,2024-08-10,18.5,3.9,10.3,16.4,0.0
Puente Alto,2024-08-11,19.6,3.5,10.8,18.6,0.0
Puente Alto,2024-08-12,22.9,5.4,13.2,21.8,0.0
Puente Alto,2024-08-13,19.8,7.8,12.4,19.4,0.0
Puente Alto,2024-08-14,14.4,7.9,11.0,14.0,0.0
Puente Alto,2024-08-15,15.9,6.8,10.7,14.7,0.0
Puente Alto,2024-08-16,12.1,5.3,8.7,11.1,0.0
Puente Alto,2024-08-17,14.6,7.2,10.0,12.9,0.0
Puente Alto,2024-08-18,12.4,6.9,9.0,10.8,0.0
Puente Alto,2024-08-19,11.1,4.8,7.9,9.0,0.0
Puente Alto,2024-08-20,9.1,3.4,5.5,6.5,0.2
Puente Alto,2024-08-21,10.3,2.5,5.4,6.8,7.0
Puente Alto,2024-08-22,9.9,-0.8,4.7,7.1,3.8
Puente Alto,2024-08-23,8.9,-1.6,3.9,6.8,9.6
Puente Alto,2024-08-24,16.0,-4.5,5.4,14.0,0.0
Puente Alto,2024-08-25,18.5,1.9,10.1,17.3,0.0
Puente Alto,2024-08-26,15.9,0.6,8.6,14.5,0.0
Puente Alto,2024-08-27,18.0,1.1,9.6,16.9,0.0
Puente Alto,2024-08-28,14.7,4.1,9.8,14.1,0.0
Puente Alto,2024-08-29,11.6,4.2,7.7,9.4,0.3
Puente Alto,2024-08-30,12.1,4.8,7.8,10.2,0.6
Puente Alto,2024-08-31,18.0,1.4,9.6,17.7,0.0
Puente Alto,2024-09-01,22.9,6.8,14.0,22.2,0.0
Puente Alto,2024-09-02,13.5,6.1,10.3,12.3,0.0
Puente Alto,2024-09-03,14.6,4.1,9.2,12.7,0.0
Puente Alto,2024-09-04,17.9,2.8,11.1,17.5,0.0
Puente Alto,2024-09-05,20.6,5.6,12.7,19.5,0.0
Puente Alto,2024-09-06,16.7,9.4,12.5,16.2,0.0
Puente Alto,2024-09-07,15.4,7.1,10.4,15.2,0.0
Puente Alto,2024-09-08,18.1,6.4,12.0,17.4,0.0
Puente Alto,2024-09-09,19.9,11.6,14.8,19.3,0.0
Puente Alto,2024-09-10,16.7,7.8,12.1,15.3,1.2
Puente Alto,2024-09-11,16.9,4.7,11.2,16.2,0.4
Puente Alto,2024-09-12,15.6,6.2,10.1,15.4,0.2
Puente Alto,2024-09-13,16.4,6.2,10.6,15.9,0.0
Puente Alto,2024-09-14,20.5,2.7,12.0,19.6,0.0
Puente Alto,2024-09-15,21.0,6.0,13.5,20.2,0.0
Puente Alto,2024-09-16,22.8,5.7,14.2,21.3,0.0
Puente Alto,2024-09-17,20.1,7.7,13.6,19.7,0.0
Puente Alto,2024-09-18,20.7,7.8,12.7,20.2,0.0
Puente Alto,2024-09-19,15.0,5.1,9.6,13.2,3.7
Puente Alto,2024-09-20,17.0,4.2,10.7,16.3,0.0
Puente Alto,2024-09-21,15.9,7.2,11.0,15.0,0.0
Puente Alto,2024-09-22,12.4,7.2,9.5,10.4,3.7
Puente Alto,2024-09-23,14.5,8.3,10.6,14.0,0.7
Puente Alto,2024-09-24,16.3,5.4,10.7,16.1,0.2
Puente Alto,2024-09-25,15.7,5.8,10.3,15.2,0.0
Puente Alto,2024-09-26,22.6,1.1,12.8,22.1,0.0
Puente Alto,2024-09-27,20.7,7.9,14.4,20.2,0.0
Puente Alto,2024-09-28,22.3,10.8,16.7,22.2,0.0
Puente Alto,2024-09-29,17.2,8.0,12.1,17.6,0.0
Puente Alto,2024-09-30,17.4,7.2,10.8,15.5,0.1
Puente Alto,2024-10-01,15.9,6.2,11.0,13.5,0.0
Puente Alto,2024-10-02,19.7,5.3,12.6,19.4,0.0
Puente Alto,2024-10-03,23.8,8.1,15.7,24.2,0.0
Puente Alto,2024-10-04,23.5,10.8,16.3,23.8,0.0
Puente Alto,2024-10-05,23.9,9.7,17.0,24.3,0.0
Puente Alto,2024-10-06,21.8,12.7,16.4,21.3,0.3
Puente Alto,2024-10-07,21.0,10.6,15.3,21.7,14.7
Puente Alto,2024-10-08,15.2,8.9,11.4,14.0,4.0
Puente Alto,2024-10-09,17.4,9.1,13.2,16.4,0.0
Puente Alto,2024-10-10,16.5,8.3,12.3,15.9,0.6
Puente Alto,2024-10-11,17.1,9.3,12.4,16.3,0.0
Puente Alto,2024-10-12,17.1,10.8,13.6,16.5,0.0
Puente Alto,2024-10-13,22.1,7.7,15.2,23.2,0.0
Puente Alto,2024-10-14,20.5,8.3,14.7,20.2,0.0
Puente Alto,2024-10-15,26.3,8.8,16.8,27.1,0.0
Puente Alto,2024-10-16,18.2,9.2,13.3,18.9,0.0
Puente Alto,2024-10-17,24.5,6.8,15.9,25.8,0.0
Puente Alto,2024-10-18,27.1,10.6,18.4,28.0,0.0
Puente Alto,2024-10-19,21.0,9.9,14.6,22.4,0.0
Puente Alto,2024-10-20,18.5,7.5,11.8,16.8,0.9
Puente Alto,2024-10-21,22.1,7.8,14.7,22.8,0.0
Puente Alto,2024-10-22,22.5,9.6,15.0,23.1,5.4
Puente Alto,2024-10-23,17.8,8.5,12.0,17.7,11.8
Puente Alto,2024-10-24,24.1,5.5,15.2,24.2,0.0
Puente Alto,2024-10-25,22.0,8.3,14.6,22.7,0.0
Puente Alto,2024-10-26,27.2,8.3,17.5,28.1,0.0
Puente Alto,2024-10-27,26.1,10.4,18.5,27.4,0.0
Puente Alto,2024-10-28,30.3,10.8,20.1,31.4,0.0
Puente Alto,2024-10-29,23.5,12.0,17.5,24.6,0.0
Puente Alto,2024-10-30,24.5,11.0,16.8,26.2,0.0
Puente Alto,2024-10-31,25.1,10.9,17.5,26.6,0.0
Puente Alto,2024-11-01,19.2,10.3,13.2,18.5,0.0
Puente Alto,2024-11-02,24.1,9.6,16.1,24.0,0.0
Puente Alto,2024-11-03,22.2,9.3,15.3,21.5,0.0
Puente Alto,2024-11-04,22.1,8.9,14.9,21.1,0.0
Puente Alto,2024-11-05,25.2,7.8,17.1,24.9,0.0
Puente Alto,2024-11-06,25.4,13.8,18.9,24.9,0.0
Puente Alto,2024-11-07,23.6,11.9,18.6,23.0,0.0
Puente Alto,2024-11-08,28.1,12.2,20.1,27.6,0.0
Puente Alto,2024-11-09,26.4,12.6,19.4,26.4,0.0
Puente Alto,2024-11-10,20.2,11.1,15.4,19.8,0.5
Puente Alto,2024-11-11,24.4,9.1,17.4,23.3,0.0
Puente Alto,2024-11-12,29.5,11.0,20.8,28.5,0.0
Puente Alto,2024-11-13,26.0,14.4,20.8,26.4,0.0
Puente Alto,2024-11-14,25.6,13.5,18.4,26.6,0.0
Puente Alto,2024-11-15,24.0,10.6,17.0,24.4,0.0
Puente Alto,2024-11-16,18.7,11.4,15.0,17.5,4.0
Puente Alto,2024-11-17,24.2,8.6,16.0,24.9,3.0
Puente Alto,2024-11-18,25.0,13.0,17.7,25.7,0.0
Puente Alto,2024-11-19,24.8,10.9,16.6,24.7,0.0
Puente Alto,2024-11-20,23.9,12.2,17.5,23.6,0.0
Puente Alto,2024-11-21,26.5,14.2,19.0,27.1,0.0
Puente Alto,2024-11-22,25.4,11.6,18.2,25.6,0.0
Puente Alto,2024-11-23,28.4,13.6,20.2,28.5,0.0
Puente Alto,2024-11-24,26.9,13.0,19.8,27.0,0.0
Puente Alto,2024-11-25,25.5,14.7,19.4,24.9,0.0
Puente Alto,2024-11-26,25.3,12.4,18.1,24.9,0.0
Puente Alto,2024-11-27,23.7,11.2,16.5,23.1,0.0
Puente Alto,2024-11-28,25.0,9.9,17.2,24.2,0.0
Puente Alto,2024-11-29,27.2,14.1,20.1,26.9,0.0
Puente Alto,2024-11-30,24.6,11.1,18.3,24.0,0.0
Puente Alto,2024-12-01,23.1,8.4,15.4,22.0,0.0
Puente Alto,2024-12-02,25.0,12.0,18.1,24.2,0.0
Puente Alto,2024-12-03,25.0,12.6,17.7,25.0,0.0
Puente Alto,2024-12-04,23.8,10.6,16.1,23.9,0.0
Puente Alto,2024-12-05,21.9,8.4,14.4,20.9,0.0
Puente Alto,2024-12-06,24.5,10.0,16.9,23.6,0.0
Puente Alto,2024-12-07,25.5,13.4,18.5,25.6,0.0
Puente Alto,2024-12-08,23.9,11.3,16.8,23.2,0.0
Puente Alto,2024-12-09,28.8,11.9,19.8,28.4,0.0
Puente Alto,2024-12-10,27.6,15.4,20.5,28.1,0.0
Puente Alto,2024-12-11,28.7,14.7,21.0,28.6,0.0
Puente Alto,2024-12-12,26.4,12.1,18.6,25.9,0.0
Puente Alto,2024-12-13,28.9,14.6,21.0,28.9,0.0
Puente Alto,2024-12-14,29.7,16.0,21.4,30.1,0.0
Puente Alto,2024-12-15,26.1,14.9,19.4,26.8,0.0
Puente Alto,2024-12-16,27.0,13.2,18.9,28.2,0.0
Puente Alto,2024-12-17,25.4,12.8,18.2,26.0,0.0
Puente Alto,2024-12-18,27.2,12.7,19.9,27.5,0.0
Puente Alto,2024-12-19,31.6,16.5,23.4,32.0,0.0
Puente Alto,2024-12-20,28.7,16.1,21.5,27.9,0.0
Puente Alto,2024-12-21,31.1,15.9,23.2,31.0,0.0
Puente Alto,2024-12-22,32.7,19.0,24.8,33.6,0.0
Puente Alto,2024-12-23,28.6,19.5,23.5,29.7,0.0
Puente Alto,2024-12-24,29.4,17.1,22.5,30.1,0.0
Puente Alto,2024-12-25,28.0,15.8,21.0,29.5,0.0
Puente Alto,2024-12-26,26.3,13.5,18.9,27.9,0.0
Puente Alto,2024-12-27,26.9,14.3,19.7,28.4,0.0
Puente Alto,2024-12-28,28.4,14.8,20.3,29.8,0.0
Puente Alto,2024-12-29,29.6,15.0,21.3,31.5,0.0
Puente Alto,2024-12-30,29.0,15.6,21.5,30.7,0.0
Puente Alto,2024-12-31,29.2,16.6,22.1,29.4,0.0
Quilicura,2024-01-01,30.0,11.9,20.2,30.3,0.0
Quilicura,2024-01-02,31.0,12.8,21.5,31.0,0.0
Quilicura,2024-01-03,30.7,15.4,22.4,30.5,0.0
Quilicura,2024-01-04,29.8,14.5,21.6,30.4,0.0
Quilicura,2024-01-05,27.9,13.7,20.4,28.2,0.0
Quilicura,2024-01-06,27.5,14.1,20.4,28.6,0.0
Quilicura,2024-01-07,30.1,13.4,21.5,29.7,0.0
Quilicura,2024-01-08,29.6,13.6,21.6,29.7,0.0
Quilicura,2024-01-09,29.9,13.9,21.6,29.5,0.0
Quilicura,2024-01-10,29.6,13.1,21.5,29.7,0.0
Quilicura,2024-01-11,30.2,16.1,22.0,30.2,0.0
Quilicura,2024-01-12,29.0,14.6,20.9,29.0,0.0
Quilicura,2024-01-13,27.9,12.2,19.5,28.1,0.0
Quilicura,2024-01-14,33.5,12.9,23.0,32.2,0.0
Quilicura,2024-01-15,30.7,15.3,22.7,30.2,0.0
Quilicura,2024-01-16,32.0,11.3,21.5,30.8,0.0
Quilicura,2024-01-17,31.1,15.7,22.7,30.9,0.0
Quilicura,2024-01-18,32.4,14.6,23.1,32.1,0.0
Quilicura,2024-01-19,33.7,16.7,24.9,32.6,0.0
Quilicura,2024-01-20,31.5,16.5,24.0,31.5,0.0
Quilicura,2024-01-21,33.3,16.2,23.8,32.9,0.0
Quilicura,2024-01-22,34.2,16.5,24.4,34.1,0.0
Quilicura,2024-01-23,31.5,15.1,22.7,32.2,0.0
Quilicura,2024-01-24,35.2,16.4,25.0,35.1,0.0
Quilicura,2024-01-25,32.0,17.3,24.0,32.3,0.0
Quilicura,2024-01-26,30.9,15.6,22.4,31.0,0.0
Quilicura,2024-01-27,33.8,16.1,24.0,33.9,0.0
Quilicura,2024-01-28,30.8,17.0,23.2,31.5,0.0
Quilicura,2024-01-29,32.9,16.6,23.8,33.7,0.0
Quilicura,2024-01-30,35.2,15.6,25.1,34.8,0.0
Quilicura,2024-01-31,36.7,17.3,26.9,35.9,0.0
Quilicura,2024-02-01,35.2,18.3,26.4,33.3,0.0
Quilicura,2024-02-02,36.0,16.9,26.5,35.0,0.0
Quilicura,2024-02-03,36.2,17.5,26.6,35.9,0.0
Quilicura,2024-02-04,31.6,18.5,24.1,32.0,0.0
Quilicura,2024-02-05,33.0,14.6,23.5,33.0,0.0
Quilicura,2024-02-06,31.8,17.5,24.1,31.0,0.0
Quilicura,2024-02-07,34.7,16.0,24.9,34.4,0.0
Quilicura,2024-02-08,32.8,19.4,25.1,34.0,0.0
Quilicura,2024-02-09,31.0,16.5,22.8,31.6,0.0
Quilicura,2024-02-10,32.8,15.7,24.1,33.6,0.0
Quilicura,2024-02-11,30.4,14.9,22.1,30.0,0.0
Quilicura,2024-02-12,34.7,15.2,24.6,33.9,0.0
Quilicura,2024-02-13,31.8,17.2,24.1,30.8,0.0
Quilicura,2024-02-14,32.1,14.4,22.1,32.4,0.0
Quilicura,2024-02-15,32.8,14.4,22.2,33.5,0.0
Quilicura,2024-02-16,30.3,14.0,21.9,30.9,0.0
Quilicura,2024-02-17,33.7,15.4,24.3,32.9,0.0
Quilicura,2024-02-18,33.8,16.7,24.8,32.9,0.0
Quilicura,2024-02-19,29.0,15.4,21.4,29.6,0.0
Quilicura,2024-02-20,30.0,14.9,21.0,31.1,0.0
Quilicura,2024-02-21,29.2,13.9,20.6,29.8,0.0
Quilicura,2024-02-22,20.0,15.2,17.0,19.8,8.0
Quilicura,2024-02-23,28.2,12.2,20.0,30.1,1.3
Quilicura,2024-02-24,30.0,15.4,21.8,31.1,0.0
Quilicura,2024-02-25,30.5,14.3,21.8,30.7,0.0
Quilicura,2024-02-26,30.9,14.2,22.0,31.8,0.0
Quilicura,2024-02-27,30.9,15.2,22.5,30.9,0.0
Quilicura,2024-02-28,32.2,14.4,22.6,31.7,0.0
Quilicura,2024-02-29,32.9,15.8,23.8,32.0,0.0
Quilicura,2024-03-01,30.1,14.8,22.3,29.6,0.0
Quilicura,2024-03-02,30.9,15.1,22.2,30.4,0.0
Quilicura,2024-03-03,30.9,15.4,22.5,30.4,0.0
Quilicura,2024-03-04,32.2,14.9,22.3,31.3,0.0
Quilicura,2024-03-05,30.4,15.2,21.9,29.0,0.0
Quilicura,2024-03-06,29.5,14.4,21.1,28.9,0.0
Quilicura,2024-03-07,28.0,12.6,19.4,27.7,0.0
Quilicura,2024-03-08,28.0,10.9,18.4,26.9,0.0
Quilicura,2024-03-09,30.1,11.9,20.5,28.9,0.0
Quilicura,2024-03-10,28.9,13.4,20.5,28.7,0.0
Quilicura,2024-03-11,27.9,11.4,18.7,27.8,0.0
Quilicura,2024-03-12,28.3,11.3,19.0,27.3,0.0
Quilicura,2024-03-13,28.2,12.5,19.6,28.0,0.0
Quilicura,2024-03-14,28.4,13.1,20.0,26.9,0.0
Quilicura,2024-03-15,28.8,12.4,19.9,27.1,0.0
Quilicura,2024-03-16,28.9,12.3,19.9,27.5,0.0
Quilicura,2024-03-17,30.0,12.1,20.4,28.2,0.0
Quilicura,2024-03-18,31.2,13.1,21.4,29.4,0.0
Quilicura,2024-03-19,28.0,14.5,20.2,27.0,0.0
Quilicura,2024-03-20,22.2,11.5,16.3,20.8,1.4
Quilicura,2024-03-21,31.4,12.8,21.0,31.0,2.9
Quilicura,2024-03-22,32.0,15.1,22.7,31.2,0.0
Quilicura,2024-03-23,29.9,15.1,21.7,29.1,0.0
Quilicura,2024-03-24,31.5,15.1,22.5,30.7,0.0
Quilicura,2024-03-25,29.1,14.8,21.0,28.6,0.0
Quilicura,2024-03-26,29.9,13.8,20.7,29.9,0.0
Quilicura,2024-03-27,29.9,14.8,21.6,29.7,0.0
Quilicura,2024-03-28,30.3,14.4,21.5,29.9,0.0
Quilicura,2024-03-29,31.0,15.1,21.7,30.6,0.0
Quilicura,2024-03-30,31.5,14.4,22.0,30.7,0.0
Quilicura,2024-03-31,29.8,15.6,21.6,27.5,0.0
Quilicura,2024-04-01,26.5,12.7,19.1,24.7,0.0
Quilicura,2024-04-02,25.5,12.7,17.8,22.6,0.7
Quilicura,2024-04-03,22.5,12.1,16.4,21.1,0.0
Quilicura,2024-04-04,27.0,11.6,18.4,26.9,0.0
Quilicura,2024-04-05,29.0,11.3,18.9,27.9,0.0
Quilicura,2024-04-06,25.8,10.9,17.4,25.0,0.0
Quilicura,2024-04-07,29.1,10.9,18.8,28.0,0.0
Quilicura,2024-04-08,26.1,11.4,18.1,24.0,0.0
Quilicura,2024-04-09,27.8,11.5,18.6,25.9,0.0
Quilicura,2024-04-10,28.0,11.5,18.3,26.5,0.0
Quilicura,2024-04-11,22.6,10.5,15.2,20.4,0.0
Quilicura,2024-04-12,17.2,10.4,13.4,15.1,0.0
Quilicura,2024-04-13,19.9,7.7,13.3,17.4,0.3
Quilicura,2024-04-14,21.5,9.9,14.9,20.3,0.0
Quilicura,2024-04-15,20.2,10.7,14.0,19.1,11.1
Quilicura,2024-04-16,23.8,8.6,14.9,22.1,0.0
Quilicura,2024-04-17,28.5,9.4,18.3,25.7,0.0
Quilicura,2024-04-18,31.1,12.9,20.6,28.6,0.0
Quilicura,2024-04-19,25.4,11.9,17.5,23.2,0.0
Quilicura,2024-04-20,23.0,11.2,16.2,20.9,0.0
Quilicura,2024-04-21,20.0,12.5,15.2,17.8,0.0
Quilicura,2024-04-22,21.7,10.1,14.9,20.4,0.0
Quilicura,2024-04-23,24.9,8.9,15.5,23.3,0.0
Quilicura,2024-04-24,22.8,8.8,14.3,21.8,0.0
Quilicura,2024-04-25,22.7,7.7,14.5,19.4,0.0
Quilicura,2024-04-26,20.1,7.8,13.7,17.7,0.0
Quilicura,2024-04-27,20.8,8.1,13.0,18.7,0.0
Quilicura,2024-04-28,18.1,7.7,11.6,15.1,0.0
Quilicura,2024-04-29,19.5,5.8,11.7,15.8,0.0
Quilicura,2024-04-30,17.3,6.8,11.5,15.3,0.8
Quilicura,2024-05-01,15.6,6.2,10.8,13.1,0.6
Quilicura,2024-05-02,15.8,4.3,8.7,12.3,0.0
Quilicura,2024-05-03,16.7,3.5,9.1,14.3,0.0
Quilicura,2024-05-04,18.5,5.8,10.8,15.0,0.0
Quilicura,2024-05-05,16.6,6.8,10.5,14.5,0.0
Quilicura,2024-05-06,16.7,6.1,9.9,15.0,0.0
Quilicura,2024-05-07,9.6,3.1,6.2,7.5,48.8
Quilicura,2024-05-08,15.4,0.8,7.0,12.9,0.0
Quilicura,2024-05-09,18.0,3.6,8.8,15.7,0.0
Quilicura,2024-05-10,14.4,3.7,8.5,12.4,0.0
Quilicura,2024-05-11,14.6,4.6,8.6,11.6,0.0
Quilicura,2024-05-12,13.9,3.5,7.7,10.3,0.0
Quilicura,2024-05-13,15.4,1.8,7.0,12.6,0.0
Quilicura,2024-05-14,16.5,3.1,8.1,13.4,0.0
Quilicura,2024-05-15,10.7,3.3,6.0,8.0,0.8
Quilicura,2024-05-16,14.6,1.3,6.8,12.1,0.0
Quilicura,2024-05-17,13.9,2.5,7.3,11.1,0.6
Quilicura,2024-05-18,16.9,2.3,7.7,14.2,0.0
Quilicura,2024-05-19,17.9,2.8,9.9,15.6,0.0
Quilicura,2024-05-20,12.4,7.6,9.3,10.2,42.1
Quilicura,2024-05-21,14.4,7.1,9.7,13.3,8.4
Quilicura,2024-05-22,10.1,6.4,8.7,8.9,29.9
Quilicura,2024-05-23,13.4,4.9,8.1,11.7,10.7
Quilicura,2024-05-24,16.2,3.6,9.4,14.1,0.2
Quilicura,2024-05-25,15.0,8.9,11.2,12.9,0.0
Quilicura,2024-05-26,13.9,6.1,9.0,12.9,27.4
Quilicura,2024-05-27,15.6,4.6,9.6,14.2,0.0
Quilicura,2024-05-28,19.1,6.2,10.9,17.4,0.0
Quilicura,2024-05-29,17.5,6.6,10.9,16.5,0.0
Quilicura,2024-05-30,19.0,7.2,12.0,18.0,0.0
Quilicura,2024-05-31,16.5,7.9,11.2,15.2,0.0
Quilicura,2024-06-01,17.8,6.2,11.1,16.2,0.0
Quilicura,2024-06-02,18.8,9.1,13.1,18.1,0.0
Quilicura,2024-06-03,16.8,9.4,13.0,16.1,0.0
Quilicura,2024-06-04,19.4,6.2,11.7,18.0,0.1
Quilicura,2024-06-05,14.1,9.9,11.8,12.6,0.0
Quilicura,2024-06-06,16.6,7.6,12.1,15.7,0.0
Quilicura,2024-06-07,21.0,8.4,13.4,19.8,0.0
Quilicura,2024-06-08,14.8,7.0,11.3,13.7,1.9
Quilicura,2024-06-09,13.5,7.1,10.3,12.4,10.1
Quilicura,2024-06-10,14.8,8.9,11.1,13.9,0.0
Quilicura,2024-06-11,14.7,8.9,11.0,14.4,0.0
Quilicura,2024-06-12,13.2,8.4,10.3,12.1,0.0
Quilicura,2024-06-13,13.1,9.1,10.5,10.1,65.0
Quilicura,2024-06-14,15.2,7.1,10.1,13.6,16.8
Quilicura,2024-06-15,14.3,4.3,8.5,12.4,0.0
Quilicura,2024-06-16,14.9,3.3,8.1,13.8,0.0
Quilicura,2024-06-17,15.1,5.0,8.8,13.3,0.5
Quilicura,2024-06-18,13.2,6.8,9.1,11.6,47.5
Quilicura,2024-06-19,15.1,5.5,9.2,13.8,4.9
Quilicura,2024-06-20,11.8,5.7,8.4,10.6,0.0
Quilicura,2024-06-21,9.1,6.2,7.7,6.9,59.4
Quilicura,2024-06-22,9.1,3.9,6.7,7.5,27.7
Quilicura,2024-06-23,11.4,5.9,8.1,9.6,3.5
Quilicura,2024-06-24,8.8,5.2,7.0,7.1,0.3
Quilicura,2024-06-25,10.9,2.7,6.1,8.7,0.8
Quilicura,2024-06-26,16.5,1.3,7.6,14.0,0.0
Quilicura,2024-06-27,16.2,5.6,9.7,14.6,0.0
Quilicura,2024-06-28,14.7,3.8,8.2,13.7,0.0
Quilicura,2024-06-29,17.1,5.7,10.4,15.8,0.0
Quilicura,2024-06-30,19.5,6.2,10.9,17.7,0.0
Quilicura,2024-07-01,20.2,6.6,11.9,18.7,0.0
Quilicura,2024-07-02,17.8,5.2,10.6,16.1,0.0
Quilicura,2024-07-03,17.1,6.8,11.2,15.2,0.0
Quilicura,2024-07-04,14.9,4.5,8.3,12.7,0.0
Quilicura,2024-07-05,15.0,2.0,7.1,13.2,0.0
Quilicura,2024-07-06,13.4,2.5,6.5,10.7,0.0
Quilicura,2024-07-07,13.5,2.4,6.5,11.4,0.0
Quilicura,2024-07-08,13.8,1.1,6.1,11.6,0.0
Quilicura,2024-07-09,11.4,1.2,4.5,8.1,0.0
Quilicura,2024-07-10,10.6,0.6,4.1,8.1,0.0
Quilicura,2024-07-11,11.8,-1.1,4.2,9.4,0.0
Quilicura,2024-07-12,14.1,1.8,7.0,11.1,0.0
Quilicura,2024-07-13,13.8,-0.5,5.3,11.6,0.0
Quilicura,2024-07-14,12.9,1.1,5.8,10.0,0.0
Quilicura,2024-07-15,14.4,0.7,6.0,11.4,0.0
Quilicura,2024-07-16,19.7,4.1,10.4,18.1,0.0
Quilicura,2024-07-17,18.5,5.1,10.5,16.8,0.0
Quilicura,2024-07-18,13.2,5.9,9.6,10.8,0.0
Quilicura,2024-07-19,15.6,5.3,9.0,13.7,0.0
Quilicura,2024-07-20,14.4,4.8,8.0,13.0,0.0
Quilicura,2024-07-21,14.4,5.9,9.4,12.3,0.0
Quilicura,2024-07-22,18.2,3.7,10.0,16.8,0.0
Quilicura,2024-07-23,11.2,5.2,7.6,9.5,0.4
Quilicura,2024-07-24,17.0,3.7,9.2,15.7,0.0
Quilicura,2024-07-25,18.2,5.2,10.0,17.1,0.0
Quilicura,2024-07-26,14.3,2.8,7.9,12.6,0.0
Quilicura,2024-07-27,16.9,3.8,9.0,14.8,0.0
Quilicura,2024-07-28,18.0,2.6,9.2,16.2,0.0
Quilicura,2024-07-29,22.1,6.2,12.7,21.6,0.0
Quilicura,2024-07-30,18.1,8.8,12.6,17.2,0.0
Quilicura,2024-07-31,13.1,7.8,9.4,12.0,0.0
Quilicura,2024-08-01,9.4,7.6,8.3,8.2,0.1
Quilicura,2024-08-02,13.3,5.9,9.0,11.3,72.5
Quilicura,2024-08-03,14.9,3.2,8.7,13.6,0.8
Quilicura,2024-08-04,15.9,4.9,9.6,14.4,0.0
Quilicura,2024-08-05,10.0,5.8,7.7,8.5,16.3
Quilicura,2024-08-06,12.1,3.8,7.4,9.8,9.4
Quilicura,2024-08-07,11.6,0.4,5.2,9.1,0.0
Quilicura,2024-08-08,14.1,1.2,6.6,11.3,0.0
Quilicura,2024-08-09,18.7,1.6,9.1,17.6,0.0
Quilicura,2024-08-10,19.1,4.0,10.7,17.5,0.0
Quilicura,2024-08-11,20.0,5.4,12.2,19.5,0.0
Quilicura,2024-08-12,22.5,7.8,13.9,22.2,0.0
Quilicura,2024-08-13,20.3,7.9,12.8,20.0,0.0
Quilicura,2024-08-14,14.7,8.9,11.2,13.4,0.0
Quilicura,2024-08-15,17.0,6.2,10.7,15.7,0.0
Quilicura,2024-08-16,13.9,6.8,10.0,12.4,0.0
Quilicura,2024-08-17,15.6,7.6,10.6,14.1,0.0
Quilicura,2024-08-18,12.2,4.9,8.2,9.8,0.0
Quilicura,2024-08-19,12.9,4.2,8.2,10.7,0.0
Quilicura,2024-08-20,10.9,3.3,6.6,8.3,0.0
Quilicura,2024-08-21,12.6,0.3,5.8,10.7,9.6
Quilicura,2024-08-22,11.6,0.7,6.0,10.0,2.0
Quilicura,2024-08-23,10.4,2.2,5.4,8.2,3.3
Quilicura,2024-08-24,17.1,0.4,8.3,15.8,0.0
Quilicura,2024-08-25,19.9,6.4,11.5,19.0,0.0
Quilicura,2024-08-26,17.1,3.5,9.5,15.7,0.0
Quilicura,2024-08-27,19.0,4.3,10.4,17.7,0.0
Quilicura,2024-08-28,15.8,5.7,9.8,14.7,0.0
Quilicura,2024-08-29,12.4,6.7,9.1,10.1,0.2
Quilicura,2024-08-30,13.3,5.3,8.8,11.3,0.9
Quilicura,2024-08-31,19.4,3.7,10.7,18.8,0.0
Quilicura,2024-09-01,23.5,7.2,13.9,23.8,0.0
Quilicura,2024-09-02,15.6,6.9,10.8,13.7,0.0
Quilicura,2024-09-03,16.6,6.4,10.8,14.3,0.0
Quilicura,2024-09-04,19.2,4.1,11.0,18.3,0.0
Quilicura,2024-09-05,22.5,6.8,13.4,21.6,0.0
Quilicura,2024-09-06,18.2,5.6,11.1,17.4,0.0
Quilicura,2024-09-07,17.0,7.5,11.1,16.5,0.0
Quilicura,2024-09-08,19.6,5.2,11.5,18.4,0.0
Quilicura,2024-09-09,21.5,7.6,13.7,20.8,0.0
Quilicura,2024-09-10,18.0,7.2,12.2,16.4,0.6
Quilicura,2024-09-11,19.4,6.8,12.3,18.1,0.0
Quilicura,2024-09-12,17.2,6.3,11.0,16.1,0.0
Quilicura,2024-09-13,18.7,5.0,11.0,17.3,0.0
Quilicura,2024-09-14,23.1,5.7,13.3,21.8,0.0
Quilicura,2024-09-15,23.7,6.8,14.4,21.6,0.0
Quilicura,2024-09-16,25.0,9.6,15.9,23.6,0.0
Quilicura,2024-09-17,21.5,7.2,13.5,20.4,0.0
Quilicura,2024-09-18,21.2,7.7,13.0,20.2,0.0
Quilicura,2024-09-19,17.8,4.8,11.2,15.1,5.4
Quilicura,2024-09-20,18.8,6.0,11.8,16.6,0.0
Quilicura,2024-09-21,17.4,7.7,11.2,15.7,0.0
Quilicura,2024-09-22,13.2,7.3,10.0,11.2,4.6
Quilicura,2024-09-23,16.0,8.3,11.6,14.0,0.6
Quilicura,2024-09-24,17.8,6.0,11.1,17.3,0.0
Quilicura,2024-09-25,18.2,6.5,11.5,16.7,0.0
Quilicura,2024-09-26,24.8,5.4,14.4,24.7,0.0
Quilicura,2024-09-27,22.8,7.4,14.5,22.0,0.0
Quilicura,2024-09-28,24.5,10.9,16.5,23.6,0.0
Quilicura,2024-09-29,19.5,8.3,13.4,19.3,0.0
Quilicura,2024-09-30,20.3,9.1,12.5,19.9,0.1
Quilicura,2024-10-01,18.2,5.4,11.9,17.0,0.0
Quilicura,2024-10-02,21.9,6.3,13.5,21.6,0.0
Quilicura,2024-10-03,25.9,7.8,16.0,25.1,0.0
Quilicura,2024-10-04,26.6,9.8,17.2,26.5,0.0
Quilicura,2024-10-05,26.6,8.8,17.7,26.0,0.0
Quilicura,2024-10-06,22.5,13.1,17.3,21.7,0.2
Quilicura,2024-10-07,23.2,10.3,15.9,22.9,3.9
Quilicura,2024-10-08,16.3,10.4,12.5,14.7,23.7
Quilicura,2024-10-09,20.0,8.7,13.9,18.5,0.2
Quilicura,2024-10-10,20.0,9.4,14.2,20.2,0.0
Quilicura,2024-10-11,18.5,11.1,13.9,17.4,0.0
Quilicura,2024-10-12,19.3,9.9,14.3,18.0,0.0
Quilicura,2024-10-13,23.7,8.5,15.5,24.0,0.0
Quilicura,2024-10-14,22.7,8.4,15.1,21.6,0.0
Quilicura,2024-10-15,28.4,10.2,17.7,29.3,0.0
Quilicura,2024-10-16,19.5,8.6,14.0,18.6,0.0
Quilicura,2024-10-17,27.0,6.7,16.3,27.6,0.0
Quilicura,2024-10-18,29.2,9.4,18.5,29.5,0.0
Quilicura,2024-10-19,23.2,9.5,15.0,23.3,0.0
Quilicura,2024-10-20,21.5,9.6,14.0,19.9,0.7
Quilicura,2024-10-21,24.5,8.5,16.3,24.1,0.0
Quilicura,2024-10-22,24.3,10.6,16.2,23.7,3.3
Quilicura,2024-10-23,18.5,10.5,13.6,17.6,8.8
Quilicura,2024-10-24,26.2,7.8,16.5,26.0,0.0
Quilicura,2024-10-25,24.9,9.0,16.0,23.6,0.0
Quilicura,2024-10-26,29.6,9.5,19.0,29.5,0.0
Quilicura,2024-10-27,28.8,10.4,18.8,28.1,0.0
Quilicura,2024-10-28,33.3,11.9,21.0,33.0,0.0
Quilicura,2024-10-29,25.8,10.7,18.1,25.6,0.0
Quilicura,2024-10-30,26.7,10.9,17.4,27.1,0.0
Quilicura,2024-10-31,27.5,10.0,17.6,27.0,0.0
Quilicura,2024-11-01,22.0,11.4,15.2,21.4,0.0
Quilicura,2024-11-02,26.1,7.9,16.9,25.2,0.0
Quilicura,2024-11-03,25.2,9.9,16.1,25.5,0.0
Quilicura,2024-11-04,24.4,7.6,15.7,22.9,0.0
Quilicura,2024-11-05,27.8,8.5,18.3,26.5,0.0
Quilicura,2024-11-06,27.7,12.1,19.8,26.7,0.0
Quilicura,2024-11-07,26.4,11.2,19.1,25.1,0.3
Quilicura,2024-11-08,30.5,12.9,21.2,29.8,0.0
Quilicura,2024-11-09,28.5,12.6,20.3,28.1,0.0
Quilicura,2024-11-10,23.0,11.3,17.2,22.5,0.1
Quilicura,2024-11-11,27.0,9.9,18.6,25.1,0.0
Quilicura,2024-11-12,30.8,11.4,21.7,29.5,0.0
Quilicura,2024-11-13,27.7,14.4,20.9,27.4,0.0
Quilicura,2024-11-14,26.6,12.1,18.7,27.4,0.0
Quilicura,2024-11-15,25.2,11.1,17.8,25.4,0.0
Quilicura,2024-11-16,20.9,13.1,16.6,19.1,0.3
Quilicura,2024-11-17,25.5,9.6,17.4,26.5,0.0
Quilicura,2024-11-18,26.2,11.4,18.4,26.5,0.0
Quilicura,2024-11-19,25.8,10.6,17.1,25.8,0.0
Quilicura,2024-11-20,25.2,11.9,18.2,24.6,0.0
Quilicura,2024-11-21,27.4,11.6,19.1,28.0,0.0
Quilicura,2024-11-22,26.6,11.4,19.0,26.6,0.0
Quilicura,2024-11-23,29.1,12.4,20.7,29.4,0.0
Quilicura,2024-11-24,27.8,13.4,20.6,28.5,0.0
Quilicura,2024-11-25,26.5,13.8,20.0,26.2,0.0
Quilicura,2024-11-26,26.0,12.4,19.0,26.0,0.0
Quilicura,2024-11-27,24.7,10.7,17.2,24.6,0.0
Quilicura,2024-11-28,25.9,9.7,17.9,25.1,0.0
Quilicura,2024-11-29,28.3,12.4,20.5,27.8,0.0
Quilicura,2024-11-30,26.1,12.1,18.7,25.0,0.0
Quilicura,2024-12-01,24.5,10.3,16.7,23.7,0.0
Quilicura,2024-12-02,25.8,10.8,18.6,24.8,0.0
Quilicura,2024-12-03,26.4,10.9,18.3,26.5,0.0
Quilicura,2024-12-04,25.9,10.4,17.0,25.9,0.0
Quilicura,2024-12-05,23.5,9.4,15.6,24.2,0.0
Quilicura,2024-12-06,25.8,9.6,17.7,25.4,0.0
Quilicura,2024-12-07,27.2,11.8,19.1,27.5,0.0
Quilicura,2024-12-08,25.0,10.6,17.3,24.7,0.0
Quilicura,2024-12-09,30.0,10.0,20.1,29.7,0.0
Quilicura,2024-12-10,29.0,13.2,21.0,28.9,0.0
Quilicura,2024-12-11,30.0,12.8,21.5,29.8,0.0
Quilicura,2024-12-12,28.0,11.6,19.0,27.8,0.0
Quilicura,2024-12-13,29.9,12.9,21.5,29.3,0.0
Quilicura,2024-12-14,31.0,14.2,21.9,31.1,0.0
Quilicura,2024-12-15,28.2,13.8,19.9,28.6,0.0
Quilicura,2024-12-16,28.5,11.1,18.9,29.0,0.0
Quilicura,2024-12-17,27.0,12.2,18.8,27.3,0.0
Quilicura,2024-12-18,28.9,11.9,20.8,28.9,0.0
Quilicura,2024-12-19,32.6,15.0,23.6,32.3,0.0
Quilicura,2024-12-20,29.5,15.0,22.2,29.3,0.0
Quilicura,2024-12-21,32.2,14.9,24.0,31.7,0.0
Quilicura,2024-12-22,34.4,17.3,25.5,34.4,0.0
Quilicura,2024-12-23,29.8,17.6,23.8,29.9,0.0
Quilicura,2024-12-24,30.9,15.6,23.0,30.9,0.0
Quilicura,2024-12-25,29.7,15.1,21.6,30.5,0.0
Quilicura,2024-12-26,28.0,13.2,19.6,28.9,0.0
Quilicura,2024-12-27,28.5,13.5,20.4,30.1,0.0
Quilicura,2024-12-28,30.0,13.9,21.0,30.9,0.0
Quilicura,2024-12-29,31.8,13.6,22.0,32.5,0.0
Quilicura,2024-12-30,30.6,15.0,22.3,31.1,0.0
Quilicura,2024-12-31,30.9,15.9,23.1,30.6,0.0
Quinta Normal,2024-01-01,30.2,12.6,20.2,30.6,0.0
Quinta Normal,2024-01-02,30.9,13.2,21.4,31.2,0.0
Quinta Normal,2024-01-03,30.6,17.0,22.3,30.5,0.0
Quinta Normal,2024-01-04,29.9,15.5,21.7,30.5,0.0
Quinta Normal,2024-01-05,27.9,14.8,20.6,28.3,0.0
Quinta Normal,2024-01-06,27.6,14.8,20.5,28.1,0.0
Quinta Normal,2024-01-07,30.2,13.8,21.6,29.8,0.0
Quinta Normal,2024-01-08,30.0,14.3,21.9,29.7,0.0
Quinta Normal,2024-01-09,29.9,14.6,21.6,29.7,0.0
Quinta Normal,2024-01-10,30.0,14.5,21.7,29.4,0.0
Quinta Normal,2024-01-11,30.3,16.7,22.1,29.8,0.0
Quinta Normal,2024-01-12,29.2,14.9,20.9,29.1,0.0
Quinta Normal,2024-01-13,28.1,12.4,19.6,28.2,0.0
Quinta Normal,2024-01-14,33.8,14.5,23.4,32.9,0.0
Quinta Normal,2024-01-15,30.9,16.1,23.4,29.8,0.0
Quinta Normal,2024-01-16,31.8,12.1,21.7,30.4,0.0
Quinta Normal,2024-01-17,31.1,16.7,22.9,31.0,0.0
Quinta Normal,2024-01-18,32.7,15.0,23.1,32.1,0.0
Quinta Normal,2024-01-19,33.3,18.9,25.1,32.5,0.0
Quinta Normal,2024-01-20,31.2,18.7,24.1,31.1,0.0
Quinta Normal,2024-01-21,33.2,17.2,23.9,32.8,0.0
Quinta Normal,2024-01-22,34.0,18.3,24.4,34.4,0.0
Quinta Normal,2024-01-23,31.3,15.3,22.5,32.0,0.0
Quinta Normal,2024-01-24,35.2,17.7,25.1,35.2,0.0
Quinta Normal,2024-01-25,32.1,17.8,24.1,32.4,0.0
Quinta Normal,2024-01-26,30.8,15.9,22.4,30.5,0.0
Quinta Normal,2024-01-27,33.8,16.9,23.7,34.2,0.0
Quinta Normal,2024-01-28,30.3,17.7,23.0,30.9,0.0
Quinta Normal,2024-01-29,32.8,17.2,23.9,33.4,0.0
Quinta Normal,2024-01-30,34.9,17.5,25.1,35.2,0.0
Quinta Normal,2024-01-31,37.0,21.1,27.9,36.5,0.0
Quinta Normal,2024-02-01,34.9,21.4,26.9,33.8,0.0
Quinta Normal,2024-02-02,35.8,18.9,26.6,34.5,0.0
Quinta Normal,2024-02-03,36.2,20.4,27.1,35.0,0.0
Quinta Normal,2024-02-04,31.6,18.3,24.3,31.4,0.0
Quinta Normal,2024-02-05,33.0,14.9,23.3,32.8,0.0
Quinta Normal,2024-02-06,31.6,18.4,23.9,31.0,0.0
Quinta Normal,2024-02-07,34.6,16.7,24.8,34.3,0.0
Quinta Normal,2024-02-08,32.9,19.8,25.0,33.8,0.0
Quinta Normal,2024-02-09,31.3,16.9,23.1,31.0,0.0
Quinta Normal,2024-02-10,33.5,17.6,24.6,34.2,0.0
Quinta Normal,2024-02-11,30.4,16.1,22.3,30.1,0.0
Quinta Normal,2024-02-12,34.7,16.1,24.6,33.5,0.0
Quinta Normal,2024-02-13,31.6,17.0,24.8,31.0,0.0
Quinta Normal,2024-02-14,32.0,15.1,21.9,32.1,0.0
Quinta Normal,2024-02-15,32.7,15.2,22.0,33.8,0.0
Quinta Normal,2024-02-16,30.0,14.7,21.7,30.6,0.0
Quinta Normal,2024-02-17,33.8,16.3,24.3,32.7,0.0
Quinta Normal,2024-02-18,33.8,18.6,25.1,33.4,0.0
Quinta Normal,2024-02-19,29.3,15.7,21.3,29.4,0.0
Quinta Normal,2024-02-20,30.3,14.7,20.9,31.0,0.0
Quinta Normal,2024-02-21,29.3,14.0,20.6,29.6,0.0
Quinta Normal,2024-02-22,20.0,15.2,17.3,19.3,8.1
Quinta Normal,2024-02-23,29.2,13.9,20.8,30.8,0.3
Quinta Normal,2024-02-24,30.1,16.4,22.3,30.8,0.0
Quinta Normal,2024-02-25,30.6,17.2,22.4,31.0,0.0
Quinta Normal,2024-02-26,31.2,15.6,22.6,32.1,0.0
Quinta Normal,2024-02-27,30.8,17.6,23.2,30.5,0.0
Quinta Normal,2024-02-28,32.4,15.9,23.1,32.1,0.0
Quinta Normal,2024-02-29,33.0,17.3,24.3,32.4,0.0
Quinta Normal,2024-03-01,30.0,16.7,22.8,29.5,0.0
Quinta Normal,2024-03-02,31.0,16.2,23.0,30.6,0.0
Quinta Normal,2024-03-03,31.2,18.7,23.7,30.5,0.0
Quinta Normal,2024-03-04,32.1,17.9,23.2,31.3,0.0
Quinta Normal,2024-03-05,30.4,17.4,22.7,29.1,0.0
Quinta Normal,2024-03-06,29.5,15.9,21.7,29.1,0.0
Quinta Normal,2024-03-07,28.7,13.6,20.0,28.6,0.0
Quinta Normal,2024-03-08,28.3,11.8,18.9,27.5,0.0
Quinta Normal,2024-03-09,30.8,13.9,21.3,29.6,0.0
Quinta Normal,2024-03-10,29.7,15.8,21.3,29.3,0.0
Quinta Normal,2024-03-11,28.2,12.9,19.0,28.6,0.0
Quinta Normal,2024-03-12,28.5,12.5,19.4,27.6,0.0
Quinta Normal,2024-03-13,28.1,12.9,19.7,27.7,0.0
Quinta Normal,2024-03-14,28.7,15.2,20.9,27.2,0.0
Quinta Normal,2024-03-15,28.9,14.9,20.5,27.3,0.0
Quinta Normal,2024-03-16,29.0,14.0,20.4,27.4,0.0
Quinta Normal,2024-03-17,30.0,15.8,21.5,28.5,0.0
Quinta Normal,2024-03-18,31.4,17.0,22.8,29.9,0.0
Quinta Normal,2024-03-19,28.8,15.8,21.8,27.3,0.0
Quinta Normal,2024-03-20,22.6,12.4,16.6,22.0,0.3
Quinta Normal,2024-03-21,31.7,14.4,21.9,31.1,3.5
Quinta Normal,2024-03-22,32.4,19.7,24.4,31.4,0.0
Quinta Normal,2024-03-23,29.8,15.2,22.1,28.9,0.0
Quinta Normal,2024-03-24,30.9,17.4,22.9,30.5,0.0
Quinta Normal,2024-03-25,28.6,15.8,20.9,28.4,0.0
Quinta Normal,2024-03-26,29.5,14.2,20.7,29.7,0.0
Quinta Normal,2024-03-27,29.4,15.4,21.9,29.5,0.0
Quinta Normal,2024-03-28,30.2,16.7,22.1,29.9,0.0
Quinta Normal,2024-03-29,30.6,17.4,22.2,30.1,0.0
Quinta Normal,2024-03-30,31.9,16.2,22.8,30.6,0.0
Quinta Normal,2024-03-31,30.0,17.5,22.3,27.3,0.0
Quinta Normal,2024-04-01,27.0,14.2,19.5,24.8,0.0
Quinta Normal,2024-04-02,25.3,14.8,19.1,22.8,0.0
Quinta Normal,2024-04-03,22.0,13.3,16.6,20.6,0.0
Quinta Normal,2024-04-04,27.2,13.6,19.1,27.0,0.0
Quinta Normal,2024-04-05,28.9,15.7,20.7,27.6,0.0
Quinta Normal,2024-04-06,26.0,11.4,18.1,24.3,0.0
Quinta Normal,2024-04-07,29.3,14.5,20.1,27.6,0.0
Quinta Normal,2024-04-08,25.8,13.9,18.6,23.7,0.0
Quinta Normal,2024-04-09,27.2,14.2,19.3,25.9,0.0
Quinta Normal,2024-04-10,27.7,14.0,19.4,26.4,0.0
Quinta Normal,2024-04-11,23.1,11.3,15.7,20.8,0.0
Quinta Normal,2024-04-12,16.7,11.2,13.5,14.8,0.0
Quinta Normal,2024-04-13,19.3,8.2,13.5,17.4,0.8
Quinta Normal,2024-04-14,21.0,10.4,14.9,19.7,0.9
Quinta Normal,2024-04-15,20.3,11.8,14.0,17.7,7.2
Quinta Normal,2024-04-16,23.0,10.0,15.7,21.0,0.0
Quinta Normal,2024-04-17,27.9,13.1,19.8,25.5,0.0
Quinta Normal,2024-04-18,29.9,14.7,21.7,28.5,0.0
Quinta Normal,2024-04-19,24.7,14.9,18.4,22.9,0.0
Quinta Normal,2024-04-20,22.2,14.3,17.2,20.8,0.0
Quinta Normal,2024-04-21,19.2,12.9,15.7,17.6,0.0
Quinta Normal,2024-04-22,20.9,10.7,15.2,19.8,0.0
Quinta Normal,2024-04-23,24.7,11.7,16.7,23.0,0.0
Quinta Normal,2024-04-24,22.8,12.2,15.7,21.3,0.0
Quinta Normal,2024-04-25,21.9,11.6,15.3,19.0,0.0
Quinta Normal,2024-04-26,19.8,9.7,14.2,17.4,0.0
Quinta Normal,2024-04-27,20.7,8.8,13.3,18.5,0.0
Quinta Normal,2024-04-28,18.3,9.8,12.4,15.1,0.0
Quinta Normal,2024-04-29,18.7,6.2,12.1,14.6,0.0
Quinta Normal,2024-04-30,16.5,7.6,12.0,14.4,0.2
Quinta Normal,2024-05-01,15.4,9.2,11.3,12.9,0.9
Quinta Normal,2024-05-02,15.5,6.2,9.9,12.6,0.0
Quinta Normal,2024-05-03,17.0,6.7,10.5,14.3,0.0
Quinta Normal,2024-05-04,18.4,6.1,11.7,15.5,0.0
Quinta Normal,2024-05-05,16.6,9.0,11.8,14.5,0.0
Quinta Normal,2024-05-06,16.6,7.0,10.9,14.7,0.0
Quinta Normal,2024-05-07,11.5,4.1,7.2,8.9,29.9
Quinta Normal,2024-05-08,14.9,1.4,8.3,13.5,0.0
Quinta Normal,2024-05-09,18.1,7.9,12.0,16.0,0.0
Quinta Normal,2024-05-10,14.3,7.2,10.2,12.5,0.0
Quinta Normal,2024-05-11,14.4,7.5,9.9,11.8,0.0
Quinta Normal,2024-05-12,14.0,5.3,9.1,10.9,0.0
Quinta Normal,2024-05-13,14.9,5.3,9.3,12.4,0.0
Quinta Normal,2024-05-14,16.1,5.1,9.9,13.2,0.0
Quinta Normal,2024-05-15,11.0,3.7,7.3,8.7,2.5
Quinta Normal,2024-05-16,14.3,1.8,7.4,11.8,0.0
Quinta Normal,2024-05-17,13.9,5.2,9.2,11.7,0.5
Quinta Normal,2024-05-18,16.1,3.2,9.0,13.2,0.0
Quinta Normal,2024-05-19,17.6,4.6,11.3,15.7,0.0
Quinta Normal,2024-05-20,13.7,8.9,10.1,10.9,36.9
Quinta Normal,2024-05-21,14.3,7.3,10.1,13.2,2.5
Quinta Normal,2024-05-22,10.8,7.5,9.5,9.7,27.0
Quinta Normal,2024-05-23,13.2,6.1,8.4,11.3,12.3
Quinta Normal,2024-05-24,16.8,4.4,10.6,15.3,0.0
Quinta Normal,2024-05-25,15.8,9.6,12.0,14.5,0.0
Quinta Normal,2024-05-26,14.5,6.4,9.4,12.9,4.1
Quinta Normal,2024-05-27,16.7,4.5,11.0,15.6,0.0
Quinta Normal,2024-05-28,19.6,8.8,14.0,18.3,0.0
Quinta Normal,2024-05-29,17.7,8.4,13.8,16.5,0.0
Quinta Normal,2024-05-30,19.6,13.2,16.0,19.2,0.0
Quinta Normal,2024-05-31,17.6,11.4,15.3,16.0,0.0
Quinta Normal,2024-06-01,18.0,7.8,12.9,17.4,0.0
Quinta Normal,2024-06-02,20.4,11.9,15.5,20.5,0.0
Quinta Normal,2024-06-03,19.9,11.5,15.6,17.4,0.0
Quinta Normal,2024-06-04,19.2,8.9,13.4,18.0,0.0
Quinta Normal,2024-06-05,17.7,10.9,14.8,15.6,0.0
Quinta Normal,2024-06-06,16.8,13.2,15.0,16.0,0.0
Quinta Normal,2024-06-07,21.0,14.8,17.6,20.8,0.0
Quinta Normal,2024-06-08,18.3,8.5,13.3,15.4,3.9
Quinta Normal,2024-06-09,13.9,8.9,11.1,12.7,11.5
Quinta Normal,2024-06-10,15.1,9.3,12.1,14.0,0.0
Quinta Normal,2024-06-11,15.3,9.6,12.7,14.6,0.0
Quinta Normal,2024-06-12,14.1,9.3,12.1,12.7,0.0
Quinta Normal,2024-06-13,13.7,8.9,10.8,11.0,46.5
Quinta Normal,2024-06-14,15.0,6.7,10.1,13.3,10.2
Quinta Normal,2024-06-15,14.2,6.5,10.2,12.2,0.0
Quinta Normal,2024-06-16,14.6,7.5,10.2,13.6,0.0
Quinta Normal,2024-06-17,14.9,6.0,10.0,13.3,0.3
Quinta Normal,2024-06-18,12.4,7.3,9.4,11.5,42.3
Quinta Normal,2024-06-19,15.6,5.1,9.5,14.0,10.2
Quinta Normal,2024-06-20,12.7,8.7,10.3,11.4,0.0
Quinta Normal,2024-06-21,9.9,7.6,8.3,8.1,47.0
Quinta Normal,2024-06-22,9.9,6.0,7.5,8.5,15.2
Quinta Normal,2024-06-23,11.0,6.0,7.9,9.3,0.0
Quinta Normal,2024-06-24,8.2,4.7,6.8,6.5,0.0
Quinta Normal,2024-06-25,10.5,4.0,6.7,8.7,0.2
Quinta Normal,2024-06-26,16.3,4.4,10.8,14.3,0.0
Quinta Normal,2024-06-27,16.3,7.4,12.4,15.1,0.0
Quinta Normal,2024-06-28,15.1,7.0,10.6,14.3,0.0
Quinta Normal,2024-06-29,17.9,10.0,14.1,17.2,0.0
Quinta Normal,2024-06-30,19.0,10.0,14.6,17.8,0.0
Quinta Normal,2024-07-01,20.1,11.0,15.1,19.4,0.0
Quinta Normal,2024-07-02,18.0,10.8,14.3,16.4,0.0
Quinta Normal,2024-07-03,16.7,10.7,13.9,15.2,0.0
Quinta Normal,2024-07-04,15.0,9.0,11.2,13.5,0.0
Quinta Normal,2024-07-05,15.1,9.0,11.0,13.5,0.0
Quinta Normal,2024-07-06,13.5,4.8,9.1,11.2,0.0
Quinta Normal,2024-07-07,13.5,6.9,9.1,11.1,0.0
Quinta Normal,2024-07-08,13.6,6.4,9.6,11.4,0.0
Quinta Normal,2024-07-09,11.8,0.3,7.1,8.3,0.0
Quinta Normal,2024-07-10,10.2,1.6,5.2,7.7,0.0
Quinta Normal,2024-07-11,11.8,3.7,7.1,9.2,0.0
Quinta Normal,2024-07-12,14.2,5.5,9.2,11.6,0.0
Quinta Normal,2024-07-13,14.5,5.8,9.5,12.4,0.0
Quinta Normal,2024-07-14,13.5,7.1,10.4,10.8,0.0
Quinta Normal,2024-07-15,15.5,6.5,10.1,12.4,0.0
Quinta Normal,2024-07-16,20.7,7.8,14.1,18.9,0.0
Quinta Normal,2024-07-17,18.8,10.6,14.6,16.5,0.0
Quinta Normal,2024-07-18,14.3,8.0,10.9,12.4,0.1
Quinta Normal,2024-07-19,16.0,7.1,10.8,14.5,0.0
Quinta Normal,2024-07-20,14.2,6.3,9.9,13.6,0.0
Quinta Normal,2024-07-21,14.7,5.8,9.9,11.9,0.0
Quinta Normal,2024-07-22,18.2,8.6,13.0,16.6,0.0
Quinta Normal,2024-07-23,11.2,6.2,8.5,9.5,0.2
Quinta Normal,2024-07-24,16.6,6.4,11.6,15.9,0.0
Quinta Normal,2024-07-25,18.7,10.1,13.6,16.8,0.0
Quinta Normal,2024-07-26,14.3,7.8,9.9,12.4,0.0
Quinta Normal,2024-07-27,16.8,6.3,10.3,15.1,0.0
Quinta Normal,2024-07-28,17.5,8.1,12.4,16.0,0.0
Quinta Normal,2024-07-29,22.2,11.0,16.2,21.4,0.0
Quinta Normal,2024-07-30,18.7,10.4,15.0,17.4,0.0
Quinta Normal,2024-07-31,13.4,8.2,10.7,12.2,0.0
Quinta Normal,2024-08-01,11.6,8.4,9.5,9.2,0.0
Quinta Normal,2024-08-02,13.8,6.3,9.5,11.1,57.0
Quinta Normal,2024-08-03,16.0,2.9,10.0,13.8,0.3
Quinta Normal,2024-08-04,16.5,8.5,11.6,14.7,0.0
Quinta Normal,2024-08-05,11.5,6.3,8.9,9.0,8.8
Quinta Normal,2024-08-06,12.5,4.9,7.7,10.1,10.8
Quinta Normal,2024-08-07,11.2,4.0,6.8,9.3,0.0
Quinta Normal,2024-08-08,14.0,0.8,7.9,11.7,0.0
Quinta Normal,2024-08-09,18.9,3.7,11.8,17.3,0.0
Quinta Normal,2024-08-10,19.3,8.1,13.3,17.2,0.0
Quinta Normal,2024-08-11,20.6,7.9,15.3,19.3,0.0
Quinta Normal,2024-08-12,23.3,15.0,18.3,22.7,0.0
Quinta Normal,2024-08-13,20.6,10.1,15.7,20.1,0.0
Quinta Normal,2024-08-14,14.8,9.7,11.8,14.3,0.0
Quinta Normal,2024-08-15,17.5,8.6,11.8,15.9,0.0
Quinta Normal,2024-08-16,13.9,7.3,10.2,12.8,0.0
Quinta Normal,2024-08-17,15.5,8.4,10.7,14.0,0.0
Quinta Normal,2024-08-18,13.2,6.6,9.2,11.7,0.0
Quinta Normal,2024-08-19,12.9,5.2,8.8,10.7,0.0
Quinta Normal,2024-08-20,11.1,4.5,7.1,8.7,0.2
Quinta Normal,2024-08-21,12.3,2.0,6.6,9.6,6.0
Quinta Normal,2024-08-22,11.9,1.2,6.5,9.5,0.0
Quinta Normal,2024-08-23,10.8,3.3,6.3,8.3,2.8
Quinta Normal,2024-08-24,17.4,1.3,9.4,15.9,0.0
Quinta Normal,2024-08-25,20.2,9.0,13.9,19.1,0.0
Quinta Normal,2024-08-26,17.2,5.8,11.6,15.6,0.0
Quinta Normal,2024-08-27,19.0,10.1,13.2,18.2,0.0
Quinta Normal,2024-08-28,15.8,7.5,10.6,15.4,0.0
Quinta Normal,2024-08-29,12.7,6.6,9.1,10.5,0.8
Quinta Normal,2024-08-30,14.1,7.0,9.5,12.1,1.5
Quinta Normal,2024-08-31,19.3,5.8,11.9,18.4,0.0
Quinta Normal,2024-09-01,23.9,11.8,16.8,23.1,0.0
Quinta Normal,2024-09-02,14.9,7.6,11.2,12.8,0.0
Quinta Normal,2024-09-03,16.2,8.2,11.2,14.6,0.0
Quinta Normal,2024-09-04,19.3,8.1,12.8,18.1,0.0
Quinta Normal,2024-09-05,22.0,12.0,16.3,21.1,0.0
Quinta Normal,2024-09-06,18.2,8.0,12.6,17.3,0.0
Quinta Normal,2024-09-07,17.1,8.1,11.6,16.6,0.0
Quinta Normal,2024-09-08,19.6,9.2,12.8,17.9,0.0
Quinta Normal,2024-09-09,21.6,10.9,15.1,20.7,0.0
Quinta Normal,2024-09-10,18.3,8.8,13.4,16.9,0.3
Quinta Normal,2024-09-11,19.1,8.0,12.6,18.3,0.1
Quinta Normal,2024-09-12,17.1,8.9,12.0,16.3,0.0
Quinta Normal,2024-09-13,18.6,6.4,11.6,17.5,0.0
Quinta Normal,2024-09-14,22.8,8.6,15.1,21.4,0.0
Quinta Normal,2024-09-15,23.2,12.7,16.9,21.7,0.0
Quinta Normal,2024-09-16,25.2,9.7,16.7,23.3,0.0
Quinta Normal,2024-09-17,22.1,7.3,14.1,21.1,0.0
Quinta Normal,2024-09-18,22.2,9.0,15.4,21.0,0.0
Quinta Normal,2024-09-19,17.7,5.9,11.4,14.6,1.0
Quinta Normal,2024-09-20,18.9,6.7,12.9,17.4,0.0
Quinta Normal,2024-09-21,17.2,8.5,11.8,16.2,0.0
Quinta Normal,2024-09-22,13.4,8.2,10.6,11.6,3.8
Quinta Normal,2024-09-23,15.9,8.8,11.8,14.1,0.7
Quinta Normal,2024-09-24,17.9,7.9,11.9,17.6,0.0
Quinta Normal,2024-09-25,17.7,7.7,11.8,16.2,0.0
Quinta Normal,2024-09-26,24.7,7.2,15.6,23.5,0.0
Quinta Normal,2024-09-27,22.4,13.4,16.7,21.4,0.0
Quinta Normal,2024-09-28,24.3,13.3,17.5,23.3,0.0
Quinta Normal,2024-09-29,19.7,10.5,14.7,19.6,0.0
Quinta Normal,2024-09-30,19.1,8.9,12.3,18.7,0.0
Quinta Normal,2024-10-01,18.2,6.4,12.2,16.1,0.0
Quinta Normal,2024-10-02,21.6,9.8,14.5,21.0,0.0
Quinta Normal,2024-10-03,25.4,12.9,17.7,25.3,0.0
Quinta Normal,2024-10-04,26.1,12.9,18.7,25.5,0.0
Quinta Normal,2024-10-05,25.7,11.4,18.5,25.5,0.0
Quinta Normal,2024-10-06,21.6,13.7,17.6,20.4,0.3
Quinta Normal,2024-10-07,23.3,11.6,16.4,22.9,3.6
Quinta Normal,2024-10-08,15.9,10.3,12.4,14.3,10.7
Quinta Normal,2024-10-09,19.6,9.5,14.0,18.2,0.5
Quinta Normal,2024-10-10,19.4,10.3,14.1,19.1,0.0
Quinta Normal,2024-10-11,18.5,10.6,13.6,17.7,0.1
Quinta Normal,2024-10-12,18.9,11.3,14.6,18.1,0.0
Quinta Normal,2024-10-13,24.0,11.8,16.6,24.7,0.0
Quinta Normal,2024-10-14,22.7,11.5,16.3,21.9,0.0
Quinta Normal,2024-10-15,28.4,14.9,19.6,28.4,0.0
Quinta Normal,2024-10-16,20.2,8.8,14.5,19.6,0.0
Quinta Normal,2024-10-17,27.0,9.5,17.0,27.1,0.0
Quinta Normal,2024-10-18,29.3,13.8,19.9,29.4,0.0
Quinta Normal,2024-10-19,23.2,11.2,15.9,23.5,0.0
Quinta Normal,2024-10-20,21.2,9.5,14.2,20.8,0.6
Quinta Normal,2024-10-21,24.8,9.9,16.8,24.6,0.0
Quinta Normal,2024-10-22,24.5,11.6,16.5,24.3,2.3
Quinta Normal,2024-10-23,19.1,9.9,13.5,18.8,7.9
Quinta Normal,2024-10-24,26.3,8.3,16.7,25.7,0.0
Quinta Normal,2024-10-25,24.3,9.2,15.9,23.6,0.0
Quinta Normal,2024-10-26,29.5,13.0,20.3,29.4,0.0
Quinta Normal,2024-10-27,28.0,12.4,19.2,28.0,0.0
Quinta Normal,2024-10-28,32.7,15.9,22.0,33.0,0.0
Quinta Normal,2024-10-29,25.7,12.9,18.8,25.6,0.0
Quinta Normal,2024-10-30,26.4,11.2,17.2,26.9,0.0
Quinta Normal,2024-10-31,27.5,12.1,18.1,27.8,0.0
Quinta Normal,2024-11-01,20.9,11.3,14.7,20.3,0.0
Quinta Normal,2024-11-02,26.0,8.8,17.0,25.5,0.0
Quinta Normal,2024-11-03,24.5,10.4,16.4,24.6,0.0
Quinta Normal,2024-11-04,24.2,9.2,15.9,22.9,0.0
Quinta Normal,2024-11-05,27.5,12.4,18.9,26.1,0.0
Quinta Normal,2024-11-06,27.5,13.6,19.8,26.7,0.0
Quinta Normal,2024-11-07,25.8,13.8,19.5,24.9,0.0
Quinta Normal,2024-11-08,30.3,15.5,21.8,29.7,0.0
Quinta Normal,2024-11-09,28.4,15.6,20.9,27.7,0.0
Quinta Normal,2024-11-10,23.3,12.2,17.5,22.2,0.0
Quinta Normal,2024-11-11,27.1,11.0,19.0,24.8,0.0
Quinta Normal,2024-11-12,31.9,16.2,23.7,30.4,0.0
Quinta Normal,2024-11-13,28.4,15.0,22.3,28.3,0.0
Quinta Normal,2024-11-14,27.6,13.9,19.5,28.4,0.0
Quinta Normal,2024-11-15,25.9,11.1,18.2,26.1,0.0
Quinta Normal,2024-11-16,20.7,13.8,16.8,19.5,0.5
Quinta Normal,2024-11-17,26.3,10.9,18.0,27.5,0.0
Quinta Normal,2024-11-18,27.4,13.8,19.4,27.6,0.0
Quinta Normal,2024-11-19,26.6,11.8,17.8,26.8,0.0
Quinta Normal,2024-11-20,26.0,12.9,18.9,25.9,0.0
Quinta Normal,2024-11-21,28.3,14.3,20.2,29.0,0.0
Quinta Normal,2024-11-22,27.2,12.4,19.5,27.3,0.0
Quinta Normal,2024-11-23,30.1,13.8,21.4,30.5,0.0
Quinta Normal,2024-11-24,28.5,14.4,21.3,29.4,0.0
Quinta Normal,2024-11-25,27.2,15.6,20.8,26.9,0.0
Quinta Normal,2024-11-26,26.8,13.4,19.5,26.2,0.0
Quinta Normal,2024-11-27,25.8,11.9,17.9,25.3,0.0
Quinta Normal,2024-11-28,26.6,10.7,18.6,26.1,0.0
Quinta Normal,2024-11-29,29.0,14.1,21.3,28.5,0.0
Quinta Normal,2024-11-30,26.9,13.0,19.7,26.0,0.0
Quinta Normal,2024-12-01,24.8,10.0,16.9,24.5,0.0
Quinta Normal,2024-12-02,26.6,12.6,19.5,25.8,0.0
Quinta Normal,2024-12-03,27.0,12.7,19.1,27.0,0.0
Quinta Normal,2024-12-04,25.5,11.2,17.5,25.8,0.0
Quinta Normal,2024-12-05,22.5,9.7,15.8,22.5,0.0
Quinta Normal,2024-12-06,26.6,10.9,18.4,25.9,0.0
Quinta Normal,2024-12-07,27.1,14.0,20.1,27.3,0.0
Quinta Normal,2024-12-08,25.7,11.8,18.1,25.4,0.0
Quinta Normal,2024-12-09,30.6,12.1,20.9,30.3,0.0
Quinta Normal,2024-12-10,29.1,15.2,21.7,29.5,0.0
Quinta Normal,2024-12-11,30.4,14.4,22.2,30.5,0.0
Quinta Normal,2024-12-12,28.2,13.4,20.0,28.4,0.0
Quinta Normal,2024-12-13,30.1,15.0,22.3,29.9,0.0
Quinta Normal,2024-12-14,31.1,16.0,22.4,31.3,0.0
Quinta Normal,2024-12-15,28.0,14.9,20.3,28.8,0.0
Quinta Normal,2024-12-16,28.8,12.7,19.5,29.5,0.0
Quinta Normal,2024-12-17,27.0,12.6,19.1,27.9,0.0
Quinta Normal,2024-12-18,29.0,13.2,21.1,29.2,0.0
Quinta Normal,2024-12-19,32.9,16.5,24.4,32.5,0.0
Quinta Normal,2024-12-20,30.0,16.5,22.9,29.4,0.0
Quinta Normal,2024-12-21,32.5,16.7,24.6,32.6,0.0
Quinta Normal,2024-12-22,34.2,19.2,25.9,34.5,0.0
Quinta Normal,2024-12-23,30.0,19.2,24.3,30.7,0.0
Quinta Normal,2024-12-24,31.5,17.6,23.7,31.7,0.0
Quinta Normal,2024-12-25,29.6,16.1,21.9,30.9,0.0
Quinta Normal,2024-12-26,28.3,13.6,19.8,29.2,0.0
Quinta Normal,2024-12-27,29.1,14.4,20.6,30.6,0.0
Quinta Normal,2024-12-28,30.1,14.8,21.2,31.5,0.0
Quinta Normal,2024-12-29,31.6,14.9,22.2,33.0,0.0
Quinta Normal,2024-12-30,30.8,15.9,22.5,32.3,0.0
Quinta Normal,2024-12-31,31.4,17.0,23.6,31.5,0.0
Recoleta,2024-01-01,29.9,12.2,19.9,30.2,0.0
Recoleta,2024-01-02,30.6,12.9,21.0,30.8,0.0
Recoleta,2024-01-03,30.2,16.7,22.0,30.1,0.0
Recoleta,2024-01-04,29.6,15.2,21.4,30.1,0.0
Recoleta,2024-01-05,27.5,14.5,20.3,27.9,0.0
Recoleta,2024-01-06,27.3,14.5,20.2,27.7,0.0
Recoleta,2024-01-07,29.9,13.5,21.3,29.4,0.0
Recoleta,2024-01-08,29.7,14.0,21.5,29.3,0.0
Recoleta,2024-01-09,29.6,14.2,21.3,29.3,0.0
Recoleta,2024-01-10,29.6,14.2,21.4,29.0,0.0
Recoleta,2024-01-11,30.0,16.4,21.8,29.4,0.0
Recoleta,2024-01-12,28.9,14.6,20.6,28.7,0.0
Recoleta,2024-01-13,27.8,12.1,19.2,27.8,0.0
Recoleta,2024-01-14,33.5,14.2,23.1,32.5,0.0
Recoleta,2024-01-15,30.5,15.8,23.1,29.5,0.0
Recoleta,2024-01-16,31.5,11.8,21.3,30.1,0.0
Recoleta,2024-01-17,30.8,16.4,22.6,30.6,0.0
Recoleta,2024-01-18,32.3,14.7,22.8,31.7,0.0
Recoleta,2024-01-19,33.0,18.6,24.8,32.2,0.0
Recoleta,2024-01-20,30.9,18.4,23.8,30.7,0.0
Recoleta,2024-01-21,32.8,16.9,23.6,32.4,0.0
Recoleta,2024-01-22,33.7,18.0,24.1,34.0,0.0
Recoleta,2024-01-23,31.0,15.0,22.2,31.5,0.0
Recoleta,2024-01-24,34.8,17.4,24.8,34.8,0.0
Recoleta,2024-01-25,31.8,17.5,23.8,32.0,0.0
Recoleta,2024-01-26,30.5,15.6,22.1,30.1,0.0
Recoleta,2024-01-27,33.5,16.5,23.4,33.8,0.0
Recoleta,2024-01-28,30.0,17.4,22.7,30.4,0.0
Recoleta,2024-01-29,32.5,16.9,23.5,33.0,0.0
Recoleta,2024-01-30,34.5,17.2,24.8,34.8,0.0
Recoleta,2024-01-31,36.7,20.8,27.6,36.1,0.0
Recoleta,2024-02-01,34.5,21.0,26.6,33.4,0.0
Recoleta,2024-02-02,35.5,18.5,26.3,34.1,0.0
Recoleta,2024-02-03,35.8,20.0,26.8,34.7,0.0
Recoleta,2024-02-04,31.2,18.0,23.9,31.0,0.0
Recoleta,2024-02-05,32.7,14.6,23.0,32.4,0.0
Recoleta,2024-02-06,31.2,18.0,23.5,30.6,0.0
Recoleta,2024-02-07,34.2,16.4,24.5,33.9,0.0
Recoleta,2024-02-08,32.6,19.5,24.7,33.4,0.0
Recoleta,2024-02-09,31.0,16.5,22.8,30.6,0.0
Recoleta,2024-02-10,33.2,17.3,24.3,33.8,0.0
Recoleta,2024-02-11,30.1,15.8,22.0,29.7,0.0
Recoleta,2024-02-12,34.4,15.8,24.3,33.1,0.0
Recoleta,2024-02-13,31.3,16.6,24.5,30.6,0.0
Recoleta,2024-02-14,31.7,14.8,21.6,31.7,0.0
Recoleta,2024-02-15,32.4,14.9,21.7,33.4,0.0
Recoleta,2024-02-16,29.7,14.4,21.4,30.1,0.0
Recoleta,2024-02-17,33.5,15.9,24.0,32.3,0.0
Recoleta,2024-02-18,33.5,18.2,24.8,33.0,0.0
Recoleta,2024-02-19,29.0,15.4,21.0,29.0,0.0
Recoleta,2024-02-20,30.0,14.4,20.6,30.6,0.0
Recoleta,2024-02-21,29.0,13.6,20.3,29.1,0.0
Recoleta,2024-02-22,19.7,14.9,17.0,18.9,8.1
Recoleta,2024-02-23,28.9,13.6,20.5,30.4,0.3
Recoleta,2024-02-24,29.8,16.0,22.0,30.4,0.0
Recoleta,2024-02-25,30.2,16.9,22.1,30.6,0.0
Recoleta,2024-02-26,30.9,15.3,22.3,31.7,0.0
Recoleta,2024-02-27,30.5,17.2,22.9,30.1,0.0
Recoleta,2024-02-28,32.1,15.6,22.8,31.7,0.0
Recoleta,2024-02-29,32.7,17.0,24.0,32.0,0.0
Recoleta,2024-03-01,29.7,16.4,22.5,29.1,0.0
Recoleta,2024-03-02,30.6,15.9,22.7,30.2,0.0
Recoleta,2024-03-03,30.9,18.4,23.4,30.1,0.0
Recoleta,2024-03-04,31.8,17.5,22.8,30.9,0.0
Recoleta,2024-03-05,30.1,17.1,22.4,28.7,0.0
Recoleta,2024-03-06,29.1,15.6,21.3,28.7,0.0
Recoleta,2024-03-07,28.4,13.3,19.7,28.2,0.0
Recoleta,2024-03-08,28.0,11.4,18.6,27.2,0.0
Recoleta,2024-03-09,30.5,13.6,21.0,29.2,0.0
Recoleta,2024-03-10,29.4,15.5,21.0,28.9,0.0
Recoleta,2024-03-11,27.9,12.6,18.7,28.2,0.0
Recoleta,2024-03-12,28.1,12.2,19.1,27.2,0.0
Recoleta,2024-03-13,27.8,12.6,19.4,27.3,0.0
Recoleta,2024-03-14,28.4,14.9,20.6,26.9,0.0
Recoleta,2024-03-15,28.6,14.6,20.2,26.9,0.0
Recoleta,2024-03-16,28.6,13.6,20.1,27.1,0.0
Recoleta,2024-03-17,29.7,15.4,21.2,28.2,0.0
Recoleta,2024-03-18,31.1,16.6,22.5,29.5,0.0
Recoleta,2024-03-19,28.5,15.4,21.5,26.9,0.0
Recoleta,2024-03-20,22.2,12.1,16.3,21.6,0.3
Recoleta,2024-03-21,31.4,14.1,21.6,30.7,3.5
Recoleta,2024-03-22,32.0,19.4,24.1,31.0,0.0
Recoleta,2024-03-23,29.5,14.9,21.7,28.5,0.0
Recoleta,2024-03-24,30.6,17.1,22.6,30.1,0.0
Recoleta,2024-03-25,28.3,15.4,20.6,28.0,0.0
Recoleta,2024-03-26,29.1,13.9,20.4,29.3,0.0
Recoleta,2024-03-27,29.1,15.1,21.6,29.1,0.0
Recoleta,2024-03-28,29.9,16.4,21.8,29.5,0.0
Recoleta,2024-03-29,30.2,17.1,21.9,29.7,0.0
Recoleta,2024-03-30,31.6,15.9,22.5,30.2,0.0
Recoleta,2024-03-31,29.6,17.2,22.0,27.0,0.0
Recoleta,2024-04-01,26.7,13.9,19.2,24.4,0.0
Recoleta,2024-04-02,25.0,14.4,18.7,22.5,0.0
Recoleta,2024-04-03,21.6,12.9,16.3,20.2,0.0
Recoleta,2024-04-04,26.9,13.3,18.8,26.6,0.0
Recoleta,2024-04-05,28.6,15.4,20.4,27.3,0.0
Recoleta,2024-04-06,25.6,11.1,17.8,23.9,0.0
Recoleta,2024-04-07,29.0,14.1,19.8,27.2,0.0
Recoleta,2024-04-08,25.5,13.6,18.2,23.3,0.0
Recoleta,2024-04-09,26.9,13.9,18.9,25.5,0.0
Recoleta,2024-04-10,27.4,13.6,19.1,26.1,0.0
Recoleta,2024-04-11,22.8,10.9,15.4,20.4,0.0
Recoleta,2024-04-12,16.4,10.9,13.2,14.4,0.0
Recoleta,2024-04-13,19.0,7.8,13.1,17.0,0.8
Recoleta,2024-04-14,20.7,10.1,14.6,19.3,0.9
Recoleta,2024-04-15,20.0,11.5,13.7,17.3,7.2
Recoleta,2024-04-16,22.6,9.7,15.4,20.6,0.0
Recoleta,2024-04-17,27.5,12.8,19.5,25.1,0.0
Recoleta,2024-04-18,29.6,14.4,21.3,28.2,0.0
Recoleta,2024-04-19,24.4,14.6,18.1,22.5,0.0
Recoleta,2024-04-20,21.9,13.9,16.8,20.4,0.0
Recoleta,2024-04-21,18.9,12.6,15.4,17.2,0.0
Recoleta,2024-04-22,20.6,10.4,14.9,19.4,0.0
Recoleta,2024-04-23,24.4,11.4,16.3,22.6,0.0
Recoleta,2024-04-24,22.5,11.9,15.4,20.9,0.0
Recoleta,2024-04-25,21.6,11.2,15.0,18.7,0.0
Recoleta,2024-04-26,19.5,9.4,13.9,17.0,0.0
Recoleta,2024-04-27,20.4,8.5,13.0,18.1,0.0
Recoleta,2024-04-28,18.0,9.4,12.1,14.8,0.0
Recoleta,2024-04-29,18.4,5.9,11.8,14.2,0.0
Recoleta,2024-04-30,16.1,7.2,11.7,14.0,0.2
Recoleta,2024-05-01,15.1,8.9,11.0,12.6,0.9
Recoleta,2024-05-02,15.1,5.8,9.5,12.2,0.0
Recoleta,2024-05-03,16.7,6.4,10.1,14.0,0.0
Recoleta,2024-05-04,18.1,5.8,11.4,15.1,0.0
Recoleta,2024-05-05,16.2,8.6,11.4,14.1,0.0
Recoleta,2024-05-06,16.3,6.7,10.6,14.3,0.0
Recoleta,2024-05-07,11.1,3.8,6.9,8.6,29.9
Recoleta,2024-05-08,14.6,1.0,8.0,13.1,0.0
Recoleta,2024-05-09,17.8,7.6,11.7,15.7,0.0
Recoleta,2024-05-10,14.0,6.9,9.9,12.2,0.0
Recoleta,2024-05-11,14.1,7.2,9.6,11.4,0.0
Recoleta,2024-05-12,13.6,5.0,8.8,10.5,0.0
Recoleta,2024-05-13,14.6,5.0,9.0,12.1,0.0
Recoleta,2024-05-14,15.8,4.8,9.6,12.8,0.0
Recoleta,2024-05-15,10.6,3.3,7.0,8.3,2.5
Recoleta,2024-05-16,13.9,1.5,7.1,11.4,0.0
Recoleta,2024-05-17,13.6,4.8,8.9,11.3,0.5
Recoleta,2024-05-18,15.8,2.8,8.7,12.8,0.0
Recoleta,2024-05-19,17.3,4.3,11.0,15.3,0.0
Recoleta,2024-05-20,13.4,8.6,9.8,10.5,36.9
Recoleta,2024-05-21,13.9,7.0,9.8,12.8,2.5
Recoleta,2024-05-22,10.5,7.2,9.2,9.3,27.0
Recoleta,2024-05-23,12.9,5.8,8.1,11.0,12.3
Recoleta,2024-05-24,16.5,4.1,10.3,14.9,0.0
Recoleta,2024-05-25,15.4,9.3,11.7,14.1,0.0
Recoleta,2024-05-26,14.1,6.1,9.1,12.5,4.1
Recoleta,2024-05-27,16.4,4.2,10.7,15.2,0.0
Recoleta,2024-05-28,19.2,8.4,13.7,17.9,0.0
Recoleta,2024-05-29,17.4,8.1,13.5,16.1,0.0
Recoleta,2024-05-30,19.2,12.9,15.6,18.8,0.0
Recoleta,2024-05-31,17.2,11.1,15.0,15.6,0.0
Recoleta,2024-06-01,17.6,7.5,12.5,17.0,0.0
Recoleta,2024-06-02,20.1,11.6,15.2,20.1,0.0
Recoleta,2024-06-03,19.6,11.1,15.3,17.0,0.0
Recoleta,2024-06-04,18.9,8.6,13.1,17.6,0.0
Recoleta,2024-06-05,17.4,10.6,14.5,15.2,0.0
Recoleta,2024-06-06,16.5,12.9,14.7,15.6,0.0
Recoleta,2024-06-07,20.7,14.4,17.3,20.4,0.0
Recoleta,2024-06-08,18.0,8.1,13.0,15.0,3.9
Recoleta,2024-06-09,13.6,8.6,10.8,12.3,11.5
Recoleta,2024-06-10,14.8,9.0,11.8,13.6,0.0
Recoleta,2024-06-11,14.9,9.2,12.4,14.2,0.0
Recoleta,2024-06-12,13.8,8.9,11.8,12.3,0.0
Recoleta,2024-06-13,13.4,8.6,10.4,10.6,46.5
Recoleta,2024-06-14,14.6,6.3,9.8,12.9,10.2
Recoleta,2024-06-15,13.9,6.2,9.9,11.8,0.0
Recoleta,2024-06-16,14.3,7.2,9.9,13.2,0.0
Recoleta,2024-06-17,14.6,5.7,9.7,13.0,0.3
Recoleta,2024-06-18,12.1,6.9,9.1,11.1,42.3
Recoleta,2024-06-19,15.3,4.8,9.2,13.6,10.2
Recoleta,2024-06-20,12.4,8.4,10.0,11.1,0.0
Recoleta,2024-06-21,9.6,7.3,8.0,7.7,47.0
Recoleta,2024-06-22,9.6,5.7,7.2,8.1,15.2
Recoleta,2024-06-23,10.6,5.7,7.6,8.9,0.0
Recoleta,2024-06-24,7.8,4.3,6.5,6.1,0.0
Recoleta,2024-06-25,10.2,3.7,6.4,8.3,0.2
Recoleta,2024-06-26,15.9,4.1,10.4,14.0,0.0
Recoleta,2024-06-27,16.0,7.1,12.1,14.7,0.0
Recoleta,2024-06-28,14.8,6.7,10.3,13.9,0.0
Recoleta,2024-06-29,17.5,9.6,13.8,16.8,0.0
Recoleta,2024-06-30,18.7,9.6,14.3,17.4,0.0
Recoleta,2024-07-01,19.8,10.6,14.8,19.0,0.0
Recoleta,2024-07-02,17.7,10.4,14.0,16.0,0.0
Recoleta,2024-07-03,16.4,10.4,13.6,14.8,0.0
Recoleta,2024-07-04,14.7,8.7,10.9,13.1,0.0
Recoleta,2024-07-05,14.8,8.6,10.7,13.1,0.0
Recoleta,2024-07-06,13.2,4.4,8.8,10.8,0.0
Recoleta,2024-07-07,13.2,6.6,8.8,10.7,0.0
Recoleta,2024-07-08,13.2,6.1,9.3,11.0,0.0
Recoleta,2024-07-09,11.5,0.0,6.8,7.9,0.0
Recoleta,2024-07-10,9.9,1.3,4.9,7.3,0.0
Recoleta,2024-07-11,11.5,3.3,6.8,8.8,0.0
Recoleta,2024-07-12,13.9,5.2,8.9,11.2,0.0
Recoleta,2024-07-13,14.1,5.4,9.2,12.0,0.0
Recoleta,2024-07-14,13.2,6.8,10.1,10.5,0.0
Recoleta,2024-07-15,15.1,6.2,9.8,12.0,0.0
Recoleta,2024-07-16,20.4,7.5,13.7,18.5,0.0
Recoleta,2024-07-17,18.5,10.2,14.3,16.2,0.0
Recoleta,2024-07-18,14.0,7.7,10.6,12.1,0.1
Recoleta,2024-07-19,15.6,6.8,10.5,14.1,0.0
Recoleta,2024-07-20,13.9,6.0,9.6,13.2,0.0
Recoleta,2024-07-21,14.4,5.5,9.6,11.5,0.0
Recoleta,2024-07-22,17.9,8.2,12.6,16.2,0.0
Recoleta,2024-07-23,10.9,5.9,8.2,9.1,0.2
Recoleta,2024-07-24,16.3,6.1,11.3,15.5,0.0
Recoleta,2024-07-25,18.4,9.8,13.3,16.4,0.0
Recoleta,2024-07-26,13.9,7.5,9.6,12.1,0.0
Recoleta,2024-07-27,16.5,5.9,10.0,14.7,0.0
Recoleta,2024-07-28,17.1,7.8,12.1,15.6,0.0
Recoleta,2024-07-29,21.9,10.7,15.9,21.0,0.0
Recoleta,2024-07-30,18.4,10.1,14.7,17.0,0.0
Recoleta,2024-07-31,13.1,7.9,10.4,11.8,0.0
Recoleta,2024-08-01,11.3,8.1,9.2,8.8,0.0
Recoleta,2024-08-02,13.4,6.0,9.2,10.7,57.0
Recoleta,2024-08-03,15.6,2.6,9.7,13.4,0.3
Recoleta,2024-08-04,16.2,8.2,11.3,14.3,0.0
Recoleta,2024-08-05,11.1,6.0,8.6,8.6,8.8
Recoleta,2024-08-06,12.1,4.6,7.4,9.7,10.8
Recoleta,2024-08-07,10.9,3.7,6.5,8.9,0.0
Recoleta,2024-08-08,13.7,0.4,7.6,11.3,0.0
Recoleta,2024-08-09,18.6,3.4,11.5,16.9,0.0
Recoleta,2024-08-10,19.0,7.8,12.9,16.9,0.0
Recoleta,2024-08-11,20.3,7.6,15.0,19.0,0.0
Recoleta,2024-08-12,23.0,14.7,18.0,22.3,0.0
Recoleta,2024-08-13,20.3,9.8,15.3,19.7,0.0
Recoleta,2024-08-14,14.5,9.4,11.4,13.9,0.0
Recoleta,2024-08-15,17.2,8.2,11.5,15.5,0.0
Recoleta,2024-08-16,13.6,6.9,9.9,12.4,0.0
Recoleta,2024-08-17,15.2,8.1,10.4,13.6,0.0
Recoleta,2024-08-18,12.9,6.2,8.8,11.3,0.0
Recoleta,2024-08-19,12.6,4.9,8.4,10.3,0.0
Recoleta,2024-08-20,10.8,4.2,6.8,8.4,0.2
Recoleta,2024-08-21,11.9,1.6,6.3,9.2,6.0
Recoleta,2024-08-22,11.6,0.9,6.2,9.1,0.0
Recoleta,2024-08-23,10.4,3.0,6.0,8.0,2.8
Recoleta,2024-08-24,17.0,0.9,9.1,15.5,0.0
Recoleta,2024-08-25,19.9,8.6,13.6,18.7,0.0
Recoleta,2024-08-26,16.9,5.4,11.3,15.2,0.0
Recoleta,2024-08-27,18.7,9.8,12.9,17.8,0.0
Recoleta,2024-08-28,15.5,7.2,10.3,15.0,0.0
Recoleta,2024-08-29,12.4,6.3,8.8,10.2,0.8
Recoleta,2024-08-30,13.8,6.7,9.2,11.7,1.5
Recoleta,2024-08-31,19.0,5.5,11.6,18.0,0.0
Recoleta,2024-09-01,23.5,11.5,16.5,22.7,0.0
Recoleta,2024-09-02,14.6,7.3,10.8,12.4,0.0
Recoleta,2024-09-03,15.9,7.8,10.9,14.2,0.0
Recoleta,2024-09-04,19.0,7.8,12.5,17.7,0.0
Recoleta,2024-09-05,21.6,11.6,16.0,20.7,0.0
Recoleta,2024-09-06,17.9,7.7,12.3,16.9,0.0
Recoleta,2024-09-07,16.8,7.8,11.3,16.2,0.0
Recoleta,2024-09-08,19.2,8.9,12.5,17.6,0.0
Recoleta,2024-09-09,21.3,10.6,14.8,20.3,0.0
Recoleta,2024-09-10,18.0,8.5,13.1,16.5,0.3
Recoleta,2024-09-11,18.8,7.7,12.3,17.9,0.1
Recoleta,2024-09-12,16.8,8.6,11.7,15.9,0.0
Recoleta,2024-09-13,18.3,6.1,11.3,17.1,0.0
Recoleta,2024-09-14,22.5,8.3,14.7,21.0,0.0
Recoleta,2024-09-15,22.9,12.4,16.6,21.3,0.0
Recoleta,2024-09-16,24.9,9.4,16.4,22.9,0.0
Recoleta,2024-09-17,21.8,7.0,13.8,20.7,0.0
Recoleta,2024-09-18,21.9,8.6,15.1,20.6,0.0
Recoleta,2024-09-19,17.4,5.6,11.1,14.3,1.0
Recoleta,2024-09-20,18.5,6.3,12.6,17.0,0.0
Recoleta,2024-09-21,16.9,8.1,11.5,15.8,0.0
Recoleta,2024-09-22,13.1,7.8,10.3,11.3,3.8
Recoleta,2024-09-23,15.6,8.4,11.5,13.7,0.7
Recoleta,2024-09-24,17.6,7.6,11.6,17.2,0.0
Recoleta,2024-09-25,17.4,7.4,11.5,15.8,0.0
Recoleta,2024-09-26,24.4,6.9,15.3,23.1,0.0
Recoleta,2024-09-27,22.0,13.1,16.3,21.0,0.0
Recoleta,2024-09-28,24.0,12.9,17.2,22.9,0.0
Recoleta,2024-09-29,19.4,10.2,14.4,19.2,0.0
Recoleta,2024-09-30,18.8,8.6,12.0,18.3,0.0
Recoleta,2024-10-01,17.9,6.1,11.9,15.7,0.0
Recoleta,2024-10-02,21.2,9.5,14.2,20.6,0.0
Recoleta,2024-10-03,25.0,12.6,17.4,24.9,0.0
Recoleta,2024-10-04,25.8,12.6,18.4,25.1,0.0
Recoleta,2024-10-05,25.4,11.1,18.2,25.1,0.0
Recoleta,2024-10-06,21.2,13.4,17.3,20.0,0.3
Recoleta,2024-10-07,23.0,11.2,16.1,22.5,3.6
Recoleta,2024-10-08,15.6,10.0,12.1,13.9,10.7
Recoleta,2024-10-09,19.2,9.2,13.7,17.8,0.5
Recoleta,2024-10-10,19.0,10.0,13.8,18.7,0.0
Recoleta,2024-10-11,18.2,10.2,13.2,17.3,0.1
Recoleta,2024-10-12,18.6,11.0,14.3,17.6,0.0
Recoleta,2024-10-13,23.6,11.5,16.3,24.3,0.0
Recoleta,2024-10-14,22.4,11.1,15.9,21.5,0.0
Recoleta,2024-10-15,28.1,14.6,19.3,28.0,0.0
Recoleta,2024-10-16,19.9,8.5,14.2,19.2,0.0
Recoleta,2024-10-17,26.6,9.2,16.7,26.7,0.0
Recoleta,2024-10-18,29.0,13.4,19.6,29.0,0.0
Recoleta,2024-10-19,22.9,10.9,15.6,23.1,0.0
Recoleta,2024-10-20,20.9,9.2,13.9,20.4,0.6
Recoleta,2024-10-21,24.5,9.6,16.5,24.3,0.0
Recoleta,2024-10-22,24.1,11.2,16.2,23.9,2.3
Recoleta,2024-10-23,18.8,9.6,13.2,18.4,7.9
Recoleta,2024-10-24,26.0,7.9,16.4,25.3,0.0
Recoleta,2024-10-25,24.0,8.9,15.6,23.2,0.0
Recoleta,2024-10-26,29.2,12.6,20.0,29.0,0.0
Recoleta,2024-10-27,27.7,12.1,18.9,27.6,0.0
Recoleta,2024-10-28,32.3,15.6,21.6,32.6,0.0
Recoleta,2024-10-29,25.4,12.6,18.5,25.2,0.0
Recoleta,2024-10-30,26.0,10.9,16.9,26.4,0.0
Recoleta,2024-10-31,27.1,11.8,17.8,27.4,0.0
Recoleta,2024-11-01,20.5,11.0,14.4,19.9,0.0
Recoleta,2024-11-02,25.6,8.4,16.7,25.1,0.0
Recoleta,2024-11-03,24.2,10.1,16.1,24.2,0.0
Recoleta,2024-11-04,23.9,8.9,15.6,22.6,0.0
Recoleta,2024-11-05,27.2,12.1,18.6,25.8,0.0
Recoleta,2024-11-06,27.2,13.2,19.4,26.3,0.0
Recoleta,2024-11-07,25.5,13.5,19.1,24.5,0.0
Recoleta,2024-11-08,30.0,15.2,21.5,29.4,0.0
Recoleta,2024-11-09,28.1,15.2,20.6,27.3,0.0
Recoleta,2024-11-10,23.0,11.9,17.1,21.8,0.0
Recoleta,2024-11-11,26.8,10.7,18.7,24.4,0.0
Recoleta,2024-11-12,31.6,15.9,23.4,30.1,0.0
Recoleta,2024-11-13,28.0,14.7,22.0,27.9,0.0
Recoleta,2024-11-14,27.2,13.6,19.2,28.0,0.0
Recoleta,2024-11-15,25.6,10.8,17.9,25.7,0.0
Recoleta,2024-11-16,20.4,13.5,16.5,19.1,0.5
Recoleta,2024-11-17,26.0,10.6,17.7,27.1,0.0
Recoleta,2024-11-18,27.0,13.4,19.1,27.3,0.0
Recoleta,2024-11-19,26.3,11.4,17.5,26.4,0.0
Recoleta,2024-11-20,25.7,12.6,18.6,25.5,0.0
Recoleta,2024-11-21,28.0,14.0,19.9,28.6,0.0
Recoleta,2024-11-22,26.9,12.1,19.2,26.9,0.0
Recoleta,2024-11-23,29.8,13.5,21.1,30.1,0.0
Recoleta,2024-11-24,28.1,14.1,21.0,29.0,0.0
Recoleta,2024-11-25,26.9,15.2,20.5,26.6,0.0
Recoleta,2024-11-26,26.5,13.1,19.2,25.8,0.0
Recoleta,2024-11-27,25.5,11.6,17.6,25.0,0.0
Recoleta,2024-11-28,26.3,10.4,18.3,25.7,0.0
Recoleta,2024-11-29,28.6,13.8,21.0,28.1,0.0
Recoleta,2024-11-30,26.6,12.6,19.4,25.7,0.0
Recoleta,2024-12-01,24.5,9.7,16.6,24.1,0.0
Recoleta,2024-12-02,26.3,12.3,19.2,25.4,0.0
Recoleta,2024-12-03,26.6,12.4,18.8,26.6,0.0
Recoleta,2024-12-04,25.2,10.9,17.1,25.4,0.0
Recoleta,2024-12-05,22.2,9.4,15.5,22.1,0.0
Recoleta,2024-12-06,26.3,10.6,18.1,25.5,0.0
Recoleta,2024-12-07,26.8,13.7,19.8,26.9,0.0
Recoleta,2024-12-08,25.4,11.4,17.8,25.0,0.0
Recoleta,2024-12-09,30.2,11.8,20.6,29.9,0.0
Recoleta,2024-12-10,28.8,14.9,21.3,29.1,0.0
Recoleta,2024-12-11,30.0,14.1,21.9,30.1,0.0
Recoleta,2024-12-12,27.9,13.1,19.7,28.0,0.0
Recoleta,2024-12-13,29.8,14.6,21.9,29.5,0.0
Recoleta,2024-12-14,30.8,15.6,22.1,30.9,0.0
Recoleta,2024-12-15,27.6,14.6,19.9,28.4,0.0
Recoleta,2024-12-16,28.5,12.4,19.2,29.1,0.0
Recoleta,2024-12-17,26.7,12.3,18.8,27.5,0.0
Recoleta,2024-12-18,28.6,12.9,20.7,28.8,0.0
Recoleta,2024-12-19,32.6,16.2,24.1,32.2,0.0
Recoleta,2024-12-20,29.7,16.1,22.6,29.0,0.0
Recoleta,2024-12-21,32.2,16.4,24.3,32.2,0.0
Recoleta,2024-12-22,33.9,18.9,25.6,34.2,0.0
Recoleta,2024-12-23,29.6,18.9,24.0,30.3,0.0
Recoleta,2024-12-24,31.1,17.2,23.3,31.3,0.0
Recoleta,2024-12-25,29.3,15.8,21.6,30.5,0.0
Recoleta,2024-12-26,28.0,13.3,19.5,28.8,0.0
Recoleta,2024-12-27,28.8,14.1,20.3,30.2,0.0
Recoleta,2024-12-28,29.8,14.4,20.9,31.0,0.0
Recoleta,2024-12-29,31.3,14.6,21.9,32.6,0.0
Recoleta,2024-12-30,30.5,15.6,22.2,31.8,0.0
Recoleta,2024-12-31,31.0,16.7,23.3,31.1,0.0
Renca,2024-01-01,30.1,12.0,20.3,30.1,0.0
Renca,2024-01-02,31.3,12.4,21.6,31.6,0.0
Renca,2024-01-03,31.2,15.4,22.5,31.3,0.0
Renca,2024-01-04,30.3,14.4,21.6,30.9,0.0
Renca,2024-01-05,28.2,13.8,20.5,28.5,0.0
Renca,2024-01-06,27.8,14.0,20.5,28.7,0.0
Renca,2024-01-07,31.0,13.6,22.0,30.3,0.0
Renca,2024-01-08,30.4,13.8,22.1,29.9,0.0
Renca,2024-01-09,30.2,14.2,21.8,29.7,0.0
Renca,2024-01-10,30.2,13.2,21.8,29.8,0.0
Renca,2024-01-11,30.8,16.0,22.2,30.5,0.0
Renca,2024-01-12,29.4,14.1,21.0,28.9,0.0
Renca,2024-01-13,28.0,12.2,19.7,28.1,0.0
Renca,2024-01-14,34.3,12.7,23.4,32.8,0.0
Renca,2024-01-15,30.9,15.5,22.8,29.8,0.0
Renca,2024-01-16,32.7,11.0,21.8,31.9,0.0
Renca,2024-01-17,31.3,16.4,22.8,31.3,0.0
Renca,2024-01-18,33.3,14.5,23.4,33.0,0.0
Renca,2024-01-19,33.8,18.0,25.1,33.0,0.0
Renca,2024-01-20,31.8,15.8,23.8,31.9,0.0
Renca,2024-01-21,33.4,14.6,23.5,33.3,0.0
Renca,2024-01-22,34.2,15.8,23.9,34.5,0.0
Renca,2024-01-23,31.6,14.4,22.4,32.4,0.0
Renca,2024-01-24,35.5,16.2,24.9,35.9,0.0
Renca,2024-01-25,32.1,17.3,23.7,32.5,0.0
Renca,2024-01-26,31.2,15.4,22.3,31.4,0.0
Renca,2024-01-27,34.0,16.3,23.8,34.4,0.0
Renca,2024-01-28,31.0,16.9,23.1,31.7,0.0
Renca,2024-01-29,33.2,16.6,23.8,33.9,0.0
Renca,2024-01-30,35.7,15.8,25.2,35.6,0.0
Renca,2024-01-31,37.5,18.5,27.2,37.4,0.0
Renca,2024-02-01,35.4,18.1,26.4,34.2,0.0
Renca,2024-02-02,36.9,17.2,26.8,36.0,0.0
Renca,2024-02-03,36.9,17.9,27.1,36.6,0.0
Renca,2024-02-04,32.1,18.7,23.8,32.4,0.0
Renca,2024-02-05,33.5,14.8,23.6,33.4,0.0
Renca,2024-02-06,32.0,17.6,24.0,31.4,0.0
Renca,2024-02-07,35.4,16.2,25.1,35.6,0.0
Renca,2024-02-08,33.2,19.3,25.1,34.3,0.0
Renca,2024-02-09,31.2,16.7,23.0,31.6,0.0
Renca,2024-02-10,33.3,16.0,24.3,33.7,0.0
Renca,2024-02-11,30.6,14.8,22.1,30.0,0.0
Renca,2024-02-12,35.7,15.6,25.0,34.7,0.0
Renca,2024-02-13,32.0,17.0,24.1,31.5,0.0
Renca,2024-02-14,32.5,14.2,21.9,32.9,0.0
Renca,2024-02-15,32.9,14.2,21.9,33.9,0.0
Renca,2024-02-16,30.4,14.0,21.9,30.6,0.0
Renca,2024-02-17,34.7,15.8,24.7,33.7,0.0
Renca,2024-02-18,34.0,16.6,24.8,33.6,0.0
Renca,2024-02-19,29.5,14.9,21.2,30.0,0.0
Renca,2024-02-20,30.5,15.3,21.2,31.4,0.0
Renca,2024-02-21,29.8,14.1,20.8,30.0,0.0
Renca,2024-02-22,20.5,15.3,17.7,19.7,8.0
Renca,2024-02-23,29.5,12.9,20.5,31.4,2.2
Renca,2024-02-24,30.6,15.7,22.2,31.6,0.0
Renca,2024-02-25,31.0,15.0,22.1,31.4,0.0
Renca,2024-02-26,31.5,14.5,22.5,32.3,0.0
Renca,2024-02-27,31.2,14.9,22.8,31.2,0.0
Renca,2024-02-28,33.1,14.6,23.0,32.7,0.0
Renca,2024-02-29,33.7,16.0,24.1,32.8,0.0
Renca,2024-03-01,30.2,15.1,22.3,29.9,0.0
Renca,2024-03-02,31.5,15.4,22.8,31.0,0.0
Renca,2024-03-03,31.7,16.7,23.1,31.0,0.0
Renca,2024-03-04,32.8,14.9,22.4,32.0,0.0
Renca,2024-03-05,30.8,15.4,22.0,29.5,0.0
Renca,2024-03-06,30.0,14.9,21.4,29.2,0.0
Renca,2024-03-07,28.5,12.4,19.5,27.8,0.0
Renca,2024-03-08,28.5,10.9,18.7,27.4,0.0
Renca,2024-03-09,30.7,11.9,20.9,29.4,0.0
Renca,2024-03-10,29.4,13.2,20.5,28.6,0.0
Renca,2024-03-11,28.1,11.6,18.7,27.9,0.0
Renca,2024-03-12,28.8,11.3,19.4,27.6,0.0
Renca,2024-03-13,28.6,11.6,19.6,28.3,0.0
Renca,2024-03-14,29.0,13.1,20.5,27.4,0.0
Renca,2024-03-15,28.9,12.1,19.8,27.3,0.0
Renca,2024-03-16,29.1,12.8,20.2,27.7,0.0
Renca,2024-03-17,30.2,12.8,20.6,28.4,0.0
Renca,2024-03-18,31.8,13.4,21.8,29.8,0.0
Renca,2024-03-19,28.4,13.9,20.4,27.1,0.0
Renca,2024-03-20,22.8,11.9,16.7,21.4,0.7
Renca,2024-03-21,32.2,12.9,21.4,31.7,5.1
Renca,2024-03-22,32.5,15.4,23.3,31.7,0.0
Renca,2024-03-23,30.1,14.7,21.9,29.4,0.0
Renca,2024-03-24,31.7,15.6,22.8,31.4,0.0
Renca,2024-03-25,29.0,14.9,20.9,28.8,0.0
Renca,2024-03-26,30.2,13.4,20.9,30.9,0.0
Renca,2024-03-27,30.3,15.1,22.0,30.5,0.0
Renca,2024-03-28,30.5,14.9,21.6,30.4,0.0
Renca,2024-03-29,31.1,15.7,21.8,31.2,0.0
Renca,2024-03-30,32.2,13.9,22.3,31.8,0.0
Renca,2024-03-31,30.1,16.6,22.0,28.1,0.0
Renca,2024-04-01,27.0,12.9,19.3,25.1,0.0
Renca,2024-04-02,25.5,12.8,17.9,22.5,0.4
Renca,2024-04-03,22.4,12.2,16.5,21.3,0.0
Renca,2024-04-04,27.5,11.7,18.8,27.3,0.0
Renca,2024-04-05,29.4,11.7,19.4,28.2,0.0
Renca,2024-04-06,26.0,9.8,17.5,25.2,0.0
Renca,2024-04-07,29.2,11.2,18.9,28.5,0.0
Renca,2024-04-08,26.1,11.1,17.7,23.9,0.0
Renca,2024-04-09,27.9,11.9,18.6,26.3,0.0
Renca,2024-04-10,28.1,11.9,18.4,26.9,0.0
Renca,2024-04-11,23.0,10.1,15.3,20.6,0.0
Renca,2024-04-12,17.1,11.2,13.7,15.1,0.0
Renca,2024-04-13,20.5,7.9,13.6,18.6,0.0
Renca,2024-04-14,21.9,10.0,15.3,21.1,0.1
Renca,2024-04-15,21.4,11.7,14.6,18.9,15.5
Renca,2024-04-16,24.3,9.2,15.8,23.2,0.0
Renca,2024-04-17,29.5,11.9,19.2,26.9,0.0
Renca,2024-04-18,31.3,16.5,21.5,29.3,0.0
Renca,2024-04-19,25.8,11.8,17.7,23.6,0.0
Renca,2024-04-20,23.1,11.1,16.3,20.9,0.0
Renca,2024-04-21,20.3,12.6,15.5,18.1,0.0
Renca,2024-04-22,22.0,10.5,15.6,20.9,0.0
Renca,2024-04-23,25.5,9.0,15.8,23.7,0.0
Renca,2024-04-24,23.2,9.0,14.4,22.1,0.0
Renca,2024-04-25,23.3,7.9,14.5,20.0,0.0
Renca,2024-04-26,20.6,7.8,13.8,17.9,0.0
Renca,2024-04-27,21.4,7.9,13.1,19.4,0.0
Renca,2024-04-28,18.7,7.8,11.8,15.5,0.0
Renca,2024-04-29,20.1,6.3,12.5,16.8,0.0
Renca,2024-04-30,17.0,7.6,12.1,14.7,8.3
Renca,2024-05-01,16.0,7.5,11.2,13.4,0.2
Renca,2024-05-02,16.0,4.6,9.2,12.6,0.0
Renca,2024-05-03,16.9,3.7,9.4,14.2,0.0
Renca,2024-05-04,19.1,5.3,10.8,15.7,0.0
Renca,2024-05-05,16.9,6.9,10.5,14.8,0.0
Renca,2024-05-06,16.8,5.5,10.2,14.8,0.0
Renca,2024-05-07,10.2,3.1,6.9,9.1,47.5
Renca,2024-05-08,16.4,2.0,8.6,14.0,0.0
Renca,2024-05-09,18.3,4.9,9.9,15.6,0.0
Renca,2024-05-10,14.9,3.7,8.9,12.7,0.0
Renca,2024-05-11,15.1,5.3,9.0,12.0,0.0
Renca,2024-05-12,14.7,3.9,8.5,11.2,0.0
Renca,2024-05-13,15.9,4.4,8.3,13.3,0.0
Renca,2024-05-14,16.6,4.4,9.1,13.3,0.0
Renca,2024-05-15,11.7,3.9,7.0,9.7,2.5
Renca,2024-05-16,15.1,3.4,8.2,12.3,0.0
Renca,2024-05-17,14.6,3.8,8.5,11.6,0.0
Renca,2024-05-18,17.1,4.2,8.6,14.6,0.0
Renca,2024-05-19,17.5,5.2,10.2,15.5,0.0
Renca,2024-05-20,11.6,8.4,9.6,9.6,46.0
Renca,2024-05-21,14.9,7.2,10.1,13.7,6.0
Renca,2024-05-22,10.9,7.4,9.3,9.9,30.0
Renca,2024-05-23,14.2,5.2,9.0,12.4,11.0
Renca,2024-05-24,16.4,5.2,10.0,14.7,0.0
Renca,2024-05-25,15.5,8.6,11.6,13.4,0.2
Renca,2024-05-26,15.1,7.3,9.9,13.7,15.0
Renca,2024-05-27,15.6,7.2,10.5,14.8,0.0
Renca,2024-05-28,19.1,7.9,12.0,17.7,0.0
Renca,2024-05-29,17.9,6.8,11.1,17.5,0.0
Renca,2024-05-30,19.1,7.7,12.7,18.6,0.0
Renca,2024-05-31,16.9,8.9,12.8,15.3,0.0
Renca,2024-06-01,18.2,7.3,11.6,16.5,0.0
Renca,2024-06-02,19.0,9.1,13.1,18.8,0.0
Renca,2024-06-03,17.6,9.5,12.9,15.9,0.0
Renca,2024-06-04,18.7,5.8,11.6,18.0,0.5
Renca,2024-06-05,14.2,10.2,12.4,13.4,0.0
Renca,2024-06-06,16.5,8.6,12.5,16.0,0.0
Renca,2024-06-07,20.9,9.2,13.8,20.5,0.0
Renca,2024-06-08,15.1,7.2,11.6,14.0,3.0
Renca,2024-06-09,14.0,9.6,11.2,13.3,9.5
Renca,2024-06-10,14.9,8.5,11.3,14.4,0.0
Renca,2024-06-11,14.9,8.9,11.3,14.4,0.0
Renca,2024-06-12,13.6,7.8,10.5,12.4,0.0
Renca,2024-06-13,13.2,9.2,10.6,9.9,64.0
Renca,2024-06-14,15.9,8.6,11.1,14.8,14.5
Renca,2024-06-15,14.8,7.1,10.1,13.2,0.0
Renca,2024-06-16,15.4,4.8,9.0,14.4,0.0
Renca,2024-06-17,15.3,5.2,9.3,14.0,2.6
Renca,2024-06-18,12.7,7.3,9.4,12.2,65.5
Renca,2024-06-19,15.9,6.1,10.1,14.5,16.3
Renca,2024-06-20,12.2,6.6,8.9,11.2,0.0
Renca,2024-06-21,9.9,7.0,8.4,8.6,59.4
Renca,2024-06-22,9.9,5.1,7.4,8.1,40.9
Renca,2024-06-23,12.3,6.4,8.7,9.8,3.3
Renca,2024-06-24,9.4,5.0,7.4,8.0,0.5
Renca,2024-06-25,11.8,3.2,6.9,10.1,0.3
Renca,2024-06-26,16.0,1.7,8.5,14.3,0.0
Renca,2024-06-27,16.6,7.7,11.2,15.0,0.0
Renca,2024-06-28,15.4,4.4,9.0,14.6,0.0
Renca,2024-06-29,17.7,6.6,11.7,16.6,0.0
Renca,2024-06-30,19.6,8.2,12.8,18.2,0.0
Renca,2024-07-01,20.2,9.4,13.8,19.5,0.0
Renca,2024-07-02,18.5,8.6,12.7,16.7,0.0
Renca,2024-07-03,17.3,7.8,11.9,15.8,0.0
Renca,2024-07-04,15.8,5.0,8.9,13.7,0.0
Renca,2024-07-05,15.1,4.2,8.3,13.6,0.0
Renca,2024-07-06,14.1,2.8,6.8,11.1,0.0
Renca,2024-07-07,13.9,2.5,6.7,12.2,0.0
Renca,2024-07-08,14.0,2.5,6.7,12.6,0.0
Renca,2024-07-09,11.6,-0.1,5.0,7.8,0.0
Renca,2024-07-10,11.1,1.1,4.7,9.0,0.0
Renca,2024-07-11,12.1,0.1,5.2,9.6,0.0
Renca,2024-07-12,14.8,2.5,7.6,12.5,0.0
Renca,2024-07-13,14.1,-0.2,5.7,12.3,0.0
Renca,2024-07-14,13.0,1.1,6.3,10.2,0.0
Renca,2024-07-15,13.9,-0.2,5.7,11.2,0.0
Renca,2024-07-16,19.9,3.8,10.7,18.0,0.0
Renca,2024-07-17,18.4,4.9,10.7,16.4,0.0
Renca,2024-07-18,13.2,5.4,9.2,10.8,0.0
Renca,2024-07-19,15.7,5.1,8.9,14.1,0.0
Renca,2024-07-20,14.4,4.7,7.9,13.5,0.0
Renca,2024-07-21,14.9,6.8,9.8,12.3,0.0
Renca,2024-07-22,18.5,5.2,10.6,17.0,0.0
Renca,2024-07-23,12.0,5.4,8.0,10.3,0.7
Renca,2024-07-24,17.1,3.5,10.0,16.3,0.0
Renca,2024-07-25,17.7,6.0,11.0,16.2,0.0
Renca,2024-07-26,14.7,2.9,7.9,13.0,0.0
Renca,2024-07-27,17.5,3.6,8.5,15.6,0.0
Renca,2024-07-28,18.4,2.8,9.5,17.0,0.0
Renca,2024-07-29,22.0,8.9,13.8,21.4,0.0
Renca,2024-07-30,17.9,8.4,12.3,17.0,0.0
Renca,2024-07-31,12.6,7.7,9.3,11.2,0.0
Renca,2024-08-01,10.3,8.3,9.0,9.1,0.0
Renca,2024-08-02,14.2,6.8,9.8,12.6,75.2
Renca,2024-08-03,15.9,3.0,9.7,14.2,2.7
Renca,2024-08-04,16.4,5.1,9.9,14.9,0.0
Renca,2024-08-05,10.6,6.6,8.3,9.2,24.8
Renca,2024-08-06,13.1,5.3,8.3,10.6,10.9
Renca,2024-08-07,12.5,0.6,6.1,10.2,0.0
Renca,2024-08-08,14.8,2.6,7.9,12.5,0.0
Renca,2024-08-09,18.6,3.7,10.2,17.6,0.0
Renca,2024-08-10,19.8,5.0,11.1,18.2,0.0
Renca,2024-08-11,20.9,7.3,13.2,19.7,0.0
Renca,2024-08-12,22.8,11.2,15.3,22.8,0.0
Renca,2024-08-13,20.4,9.1,13.6,20.3,0.0
Renca,2024-08-14,15.1,7.8,11.1,14.1,0.0
Renca,2024-08-15,17.5,6.2,10.8,15.7,0.0
Renca,2024-08-16,14.4,7.2,10.2,13.1,0.0
Renca,2024-08-17,16.2,7.2,10.6,14.6,0.0
Renca,2024-08-18,12.6,5.0,8.4,10.0,0.5
Renca,2024-08-19,13.4,4.1,8.5,10.6,0.0
Renca,2024-08-20,11.4,4.0,7.1,8.3,0.0
Renca,2024-08-21,13.2,0.9,6.6,11.3,3.9
Renca,2024-08-22,12.2,3.3,7.2,10.1,3.4
Renca,2024-08-23,11.4,3.3,6.1,9.2,13.0
Renca,2024-08-24,17.7,4.1,9.9,16.3,0.0
Renca,2024-08-25,20.3,6.9,12.6,18.8,0.0
Renca,2024-08-26,17.6,3.8,10.3,16.3,0.0
Renca,2024-08-27,19.4,6.9,11.5,18.2,0.0
Renca,2024-08-28,16.0,5.9,9.9,15.2,0.0
Renca,2024-08-29,12.9,7.7,9.7,10.8,0.0
Renca,2024-08-30,14.5,7.2,9.6,12.8,0.3
Renca,2024-08-31,20.1,6.4,11.6,19.1,0.0
Renca,2024-09-01,23.9,7.1,14.3,24.0,0.0
Renca,2024-09-02,15.9,6.2,10.8,13.4,0.0
Renca,2024-09-03,17.1,7.2,11.2,14.9,0.0
Renca,2024-09-04,19.9,4.9,11.5,19.1,0.0
Renca,2024-09-05,22.9,9.8,14.6,22.3,0.0
Renca,2024-09-06,18.2,4.7,11.2,17.6,0.0
Renca,2024-09-07,17.4,7.9,11.2,17.0,0.0
Renca,2024-09-08,20.2,5.8,11.8,18.9,0.0
Renca,2024-09-09,22.2,7.7,14.0,21.3,0.0
Renca,2024-09-10,18.4,7.2,12.5,16.7,2.6
Renca,2024-09-11,20.0,6.3,12.5,19.1,0.0
Renca,2024-09-12,17.4,6.4,11.1,16.3,0.0
Renca,2024-09-13,19.5,6.1,11.6,18.5,0.0
Renca,2024-09-14,23.7,7.4,14.2,23.1,0.0
Renca,2024-09-15,24.4,9.9,15.6,22.7,0.0
Renca,2024-09-16,25.5,11.1,17.0,24.2,0.0
Renca,2024-09-17,22.0,6.9,13.5,21.2,0.0
Renca,2024-09-18,21.5,7.8,13.1,21.0,0.0
Renca,2024-09-19,18.3,6.2,11.9,16.3,8.1
Renca,2024-09-20,19.2,7.2,12.2,17.1,0.0
Renca,2024-09-21,17.6,7.2,11.3,15.6,0.0
Renca,2024-09-22,14.2,7.6,10.5,11.8,4.4
Renca,2024-09-23,16.5,8.7,12.1,14.1,0.8
Renca,2024-09-24,18.2,6.1,11.3,17.9,0.0
Renca,2024-09-25,19.0,6.9,11.9,18.1,0.0
Renca,2024-09-26,25.2,8.2,15.0,25.1,0.0
Renca,2024-09-27,23.0,7.4,14.8,22.5,0.0
Renca,2024-09-28,25.0,10.2,16.2,24.0,0.0
Renca,2024-09-29,20.0,8.3,13.3,19.5,0.0
Renca,2024-09-30,20.4,9.2,12.7,20.2,0.0
Renca,2024-10-01,18.9,6.2,12.1,17.0,0.0
Renca,2024-10-02,22.4,6.7,13.9,22.0,0.0
Renca,2024-10-03,26.0,7.9,16.1,25.7,0.0
Renca,2024-10-04,26.6,9.1,16.8,26.4,0.0
Renca,2024-10-05,26.5,8.4,17.3,26.1,0.0
Renca,2024-10-06,21.4,13.2,17.2,20.7,0.5
Renca,2024-10-07,23.7,10.2,16.1,23.6,5.9
Renca,2024-10-08,15.9,11.0,12.8,14.5,23.6
Renca,2024-10-09,20.7,8.9,14.1,19.5,0.0
Renca,2024-10-10,20.0,9.9,14.5,20.1,0.0
Renca,2024-10-11,19.1,11.4,14.2,18.2,0.1
Renca,2024-10-12,19.8,9.9,14.5,18.5,0.0
Renca,2024-10-13,24.1,8.8,15.9,24.6,0.0
Renca,2024-10-14,23.0,8.6,15.2,21.6,0.0
Renca,2024-10-15,28.9,10.7,17.9,30.0,0.0
Renca,2024-10-16,19.5,8.9,14.2,18.5,0.0
Renca,2024-10-17,27.2,6.9,16.5,27.8,0.0
Renca,2024-10-18,29.5,9.6,18.5,30.0,0.0
Renca,2024-10-19,23.0,9.6,15.0,22.6,0.0
Renca,2024-10-20,21.8,10.2,14.6,21.5,1.3
Renca,2024-10-21,25.3,8.6,16.7,25.0,0.0
Renca,2024-10-22,24.2,11.2,16.5,23.8,2.6
Renca,2024-10-23,19.4,11.2,14.3,18.9,5.1
Renca,2024-10-24,26.8,8.5,16.8,26.7,0.0
Renca,2024-10-25,25.5,9.6,16.3,24.5,0.0
Renca,2024-10-26,29.9,12.4,19.6,29.9,0.0
Renca,2024-10-27,28.5,9.7,18.4,28.4,0.0
Renca,2024-10-28,33.4,12.1,20.7,33.7,0.0
Renca,2024-10-29,25.8,10.9,17.9,25.8,0.0
Renca,2024-10-30,26.5,11.1,17.3,27.0,0.0
Renca,2024-10-31,27.5,10.4,17.6,27.3,0.0
Renca,2024-11-01,21.7,11.6,15.3,21.0,0.0
Renca,2024-11-02,26.6,8.1,17.1,25.7,0.0
Renca,2024-11-03,25.0,10.2,16.1,24.4,0.0
Renca,2024-11-04,25.0,7.9,16.0,23.5,0.0
Renca,2024-11-05,28.1,9.9,18.8,26.9,0.0
Renca,2024-11-06,28.2,12.8,19.8,27.1,0.0
Renca,2024-11-07,27.1,11.9,19.1,25.2,0.0
Renca,2024-11-08,30.9,13.9,21.5,30.3,0.0
Renca,2024-11-09,28.5,12.8,20.3,28.2,0.0
Renca,2024-11-10,23.4,11.7,17.6,22.8,0.0
Renca,2024-11-11,27.9,10.2,19.0,26.4,0.0
Renca,2024-11-12,32.5,12.8,23.2,31.1,0.0
Renca,2024-11-13,27.8,14.9,21.8,27.6,0.0
Renca,2024-11-14,27.4,13.1,19.3,28.1,0.0
Renca,2024-11-15,26.1,11.4,18.5,26.2,0.0
Renca,2024-11-16,21.8,14.2,17.4,20.0,3.2
Renca,2024-11-17,26.4,10.4,18.1,27.4,0.0
Renca,2024-11-18,26.9,12.5,19.1,27.1,0.0
Renca,2024-11-19,26.5,11.1,17.7,26.6,0.0
Renca,2024-11-20,26.2,12.9,19.1,25.6,0.0
Renca,2024-11-21,28.1,12.9,20.1,28.4,0.0
Renca,2024-11-22,27.5,12.2,19.9,27.4,0.0
Renca,2024-11-23,30.2,13.8,21.7,30.6,0.0
Renca,2024-11-24,28.9,14.6,21.6,29.1,0.0
Renca,2024-11-25,27.4,14.6,21.0,27.2,0.0
Renca,2024-11-26,26.8,13.4,19.8,26.6,0.0
Renca,2024-11-27,25.4,11.4,17.9,25.3,0.0
Renca,2024-11-28,27.0,10.8,18.9,26.1,0.0
Renca,2024-11-29,29.2,13.5,21.5,28.4,0.0
Renca,2024-11-30,26.8,12.3,19.3,25.4,0.0
Renca,2024-12-01,25.5,10.8,17.5,24.6,0.0
Renca,2024-12-02,26.9,12.3,19.7,25.3,0.0
Renca,2024-12-03,27.2,11.8,18.9,27.3,0.0
Renca,2024-12-04,26.0,11.2,17.4,26.1,0.0
Renca,2024-12-05,22.6,10.4,16.1,22.8,0.0
Renca,2024-12-06,26.8,10.8,18.7,26.0,0.0
Renca,2024-12-07,27.4,13.2,20.0,27.4,0.0
Renca,2024-12-08,25.6,11.1,17.9,25.2,0.0
Renca,2024-12-09,30.8,11.3,21.0,30.2,0.0
Renca,2024-12-10,29.2,13.9,21.5,29.4,0.0
Renca,2024-12-11,30.5,13.4,22.1,30.5,0.0
Renca,2024-12-12,28.5,12.1,19.7,28.5,0.0
Renca,2024-12-13,30.7,14.4,22.6,29.9,0.0
Renca,2024-12-14,31.6,14.6,22.4,31.8,0.0
Renca,2024-12-15,28.2,14.5,20.2,28.7,0.0
Renca,2024-12-16,28.5,11.4,19.1,29.3,0.0
Renca,2024-12-17,27.1,12.2,19.1,27.7,0.0
Renca,2024-12-18,29.8,12.8,21.5,30.1,0.0
Renca,2024-12-19,33.6,16.3,24.8,33.1,0.0
Renca,2024-12-20,30.6,16.5,23.2,29.8,0.0
Renca,2024-12-21,33.2,16.4,25.1,32.7,0.0
Renca,2024-12-22,35.0,18.9,26.2,35.4,0.0
Renca,2024-12-23,30.2,18.8,24.5,31.0,0.0
Renca,2024-12-24,31.6,17.2,23.7,32.2,0.0
Renca,2024-12-25,29.6,15.8,21.7,30.9,0.0
Renca,2024-12-26,28.7,13.4,19.8,29.8,0.0
Renca,2024-12-27,29.2,13.9,20.6,31.0,0.0
Renca,2024-12-28,30.2,14.4,21.2,31.5,0.0
Renca,2024-12-29,32.2,14.2,22.2,33.3,0.0
Renca,2024-12-30,31.3,15.5,22.7,32.4,0.0
Renca,2024-12-31,31.7,16.8,23.8,31.5,0.0
San Bernardo,2024-01-01,28.9,10.6,18.7,29.2,0.0
San Bernardo,2024-01-02,30.1,11.2,20.0,30.3,0.0
San Bernardo,2024-01-03,29.5,13.4,20.8,30.0,0.0
San Bernardo,2024-01-04,28.1,12.9,19.9,28.9,0.0
San Bernardo,2024-01-05,25.9,12.9,18.8,26.6,0.0
San Bernardo,2024-01-06,26.4,13.2,18.9,27.2,0.0
San Bernardo,2024-01-07,29.5,11.9,20.5,28.8,0.0
San Bernardo,2024-01-08,29.5,13.6,20.5,29.7,0.0
San Bernardo,2024-01-09,29.3,12.2,20.0,28.6,0.0
San Bernardo,2024-01-10,29.5,12.5,20.2,28.9,0.0
San Bernardo,2024-01-11,29.5,14.7,20.7,29.4,0.0
San Bernardo,2024-01-12,27.5,12.9,19.2,27.5,0.0
San Bernardo,2024-01-13,27.0,10.6,17.9,26.8,0.0
San Bernardo,2024-01-14,33.0,11.6,22.1,31.5,0.0
San Bernardo,2024-01-15,30.2,13.6,22.1,29.2,0.0
San Bernardo,2024-01-16,31.5,9.9,21.0,29.9,0.0
San Bernardo,2024-01-17,29.8,14.4,21.4,30.2,0.0
San Bernardo,2024-01-18,31.6,13.6,21.8,31.0,0.0
San Bernardo,2024-01-19,32.4,16.1,23.5,32.0,0.0
San Bernardo,2024-01-20,30.4,15.6,22.4,30.5,0.0
San Bernardo,2024-01-21,32.2,15.8,22.6,32.9,0.0
San Bernardo,2024-01-22,32.8,16.2,23.2,33.6,0.0
San Bernardo,2024-01-23,30.1,13.6,21.1,30.9,0.0
San Bernardo,2024-01-24,33.8,15.6,23.6,34.5,0.0
San Bernardo,2024-01-25,30.1,17.2,22.6,31.3,0.0
San Bernardo,2024-01-26,29.8,14.1,20.9,30.5,0.0
San Bernardo,2024-01-27,33.0,15.5,22.6,33.9,0.0
San Bernardo,2024-01-28,29.2,16.0,21.5,29.6,0.0
San Bernardo,2024-01-29,31.5,15.4,22.2,32.3,0.0
San Bernardo,2024-01-30,34.2,15.9,23.9,34.4,0.0
San Bernardo,2024-01-31,36.2,16.6,26.2,35.3,0.0
San Bernardo,2024-02-01,34.1,16.9,25.0,33.6,0.0
San Bernardo,2024-02-02,34.4,15.9,25.5,33.6,0.0
San Bernardo,2024-02-03,35.4,19.1,26.3,34.5,0.0
San Bernardo,2024-02-04,30.4,17.0,22.8,30.3,0.0
San Bernardo,2024-02-05,32.2,12.9,22.1,32.0,0.0
San Bernardo,2024-02-06,30.3,16.3,22.6,30.4,0.0
San Bernardo,2024-02-07,33.8,14.9,23.6,33.8,0.0
San Bernardo,2024-02-08,32.0,17.5,24.0,33.4,0.0
San Bernardo,2024-02-09,30.4,15.1,21.7,31.0,0.0
San Bernardo,2024-02-10,32.4,15.1,23.0,32.9,0.0
San Bernardo,2024-02-11,29.0,13.6,20.5,28.8,0.0
San Bernardo,2024-02-12,34.1,14.4,23.5,33.3,0.0
San Bernardo,2024-02-13,30.4,16.4,22.7,30.2,0.0
San Bernardo,2024-02-14,31.3,13.4,20.6,32.1,0.0
San Bernardo,2024-02-15,31.9,13.1,20.7,33.7,0.0
San Bernardo,2024-02-16,29.0,13.6,20.5,29.8,0.0
San Bernardo,2024-02-17,32.7,14.9,23.1,32.5,0.0
San Bernardo,2024-02-18,32.7,16.2,23.5,32.9,0.0
San Bernardo,2024-02-19,28.1,14.4,20.0,28.6,0.0
San Bernardo,2024-02-20,29.2,13.5,19.6,30.5,0.0
San Bernardo,2024-02-21,28.2,12.4,19.1,29.0,0.0
San Bernardo,2024-02-22,18.5,12.3,15.4,17.9,12.0
San Bernardo,2024-02-23,28.3,11.9,19.4,30.3,2.2
San Bernardo,2024-02-24,29.1,13.9,21.1,31.0,0.0
San Bernardo,2024-02-25,29.5,13.4,20.7,30.1,0.0
San Bernardo,2024-02-26,31.0,13.6,21.6,31.4,0.0
San Bernardo,2024-02-27,30.0,15.4,21.9,29.8,0.0
San Bernardo,2024-02-28,31.8,14.4,22.0,31.0,0.0
San Bernardo,2024-02-29,32.6,15.2,22.9,32.0,0.0
San Bernardo,2024-03-01,28.4,15.5,21.3,28.2,0.0
San Bernardo,2024-03-02,30.4,15.3,22.2,29.4,0.0
San Bernardo,2024-03-03,30.5,16.7,22.4,29.4,0.0
San Bernardo,2024-03-04,31.7,15.0,22.2,30.6,0.0
San Bernardo,2024-03-05,29.3,14.7,20.9,28.5,0.0
San Bernardo,2024-03-06,28.9,14.2,20.3,28.6,0.0
San Bernardo,2024-03-07,27.3,12.6,18.6,26.7,0.0
San Bernardo,2024-03-08,27.4,9.9,17.6,26.3,0.0
San Bernardo,2024-03-09,29.6,11.9,20.2,28.2,0.0
San Bernardo,2024-03-10,28.1,14.8,19.9,27.5,0.0
San Bernardo,2024-03-11,27.1,11.0,17.7,27.2,0.0
San Bernardo,2024-03-12,27.6,10.2,18.2,26.3,0.0
San Bernardo,2024-03-13,27.8,11.2,19.2,27.0,0.0
San Bernardo,2024-03-14,27.9,12.0,19.5,26.2,0.0
San Bernardo,2024-03-15,27.9,13.9,19.5,26.4,0.0
San Bernardo,2024-03-16,28.0,12.4,19.3,26.2,0.0
San Bernardo,2024-03-17,29.3,13.3,20.2,27.3,0.0
San Bernardo,2024-03-18,30.7,14.2,21.7,28.8,0.0
San Bernardo,2024-03-19,26.6,13.6,20.3,25.3,0.0
San Bernardo,2024-03-20,20.8,10.6,15.0,20.2,0.1
San Bernardo,2024-03-21,31.0,12.1,20.2,30.5,0.3
San Bernardo,2024-03-22,31.4,15.1,22.5,30.9,0.0
San Bernardo,2024-03-23,29.2,13.9,21.0,28.7,0.0
San Bernardo,2024-03-24,30.8,15.2,21.8,30.2,0.0
San Bernardo,2024-03-25,28.0,14.6,20.1,27.8,0.0
San Bernardo,2024-03-26,29.0,12.9,20.1,29.0,0.0
San Bernardo,2024-03-27,29.3,14.6,21.2,29.0,0.0
San Bernardo,2024-03-28,29.4,13.9,20.8,29.9,0.0
San Bernardo,2024-03-29,30.1,14.4,21.4,30.0,0.0
San Bernardo,2024-03-30,30.1,14.5,21.6,29.6,0.0
San Bernardo,2024-03-31,28.6,14.8,21.4,26.7,0.0
San Bernardo,2024-04-01,26.0,11.5,18.3,23.0,0.0
San Bernardo,2024-04-02,23.5,13.4,17.0,20.7,4.4
San Bernardo,2024-04-03,19.1,12.3,15.2,18.7,0.0
San Bernardo,2024-04-04,26.4,12.0,17.9,26.1,0.0
San Bernardo,2024-04-05,28.1,11.4,18.8,27.6,0.0
San Bernardo,2024-04-06,24.6,9.6,17.2,23.7,0.0
San Bernardo,2024-04-07,28.0,10.9,18.4,26.9,0.0
San Bernardo,2024-04-08,25.0,11.8,17.4,23.4,0.0
San Bernardo,2024-04-09,26.4,12.4,18.2,24.8,0.0
San Bernardo,2024-04-10,27.0,12.0,18.2,25.9,0.0
San Bernardo,2024-04-11,21.5,10.2,14.1,18.9,0.0
San Bernardo,2024-04-12,14.6,9.1,11.4,13.0,0.0
San Bernardo,2024-04-13,18.4,7.3,12.5,16.3,0.3
San Bernardo,2024-04-14,20.6,8.9,14.1,18.5,0.3
San Bernardo,2024-04-15,18.2,11.2,13.1,17.2,6.8
San Bernardo,2024-04-16,23.1,9.1,15.2,21.7,0.0
San Bernardo,2024-04-17,27.6,7.8,17.1,25.3,0.0
San Bernardo,2024-04-18,30.2,9.8,18.9,27.9,0.0
San Bernardo,2024-04-19,23.6,12.6,17.3,21.7,0.0
San Bernardo,2024-04-20,21.5,12.4,16.3,19.9,0.0
San Bernardo,2024-04-21,17.9,10.6,14.4,16.2,0.0
San Bernardo,2024-04-22,20.2,9.6,13.9,18.5,0.0
San Bernardo,2024-04-23,24.3,7.4,15.0,22.9,0.0
San Bernardo,2024-04-24,21.6,9.3,14.6,20.5,0.0
San Bernardo,2024-04-25,21.5,6.8,13.9,17.9,0.0
San Bernardo,2024-04-26,19.0,8.8,13.1,16.8,0.0
San Bernardo,2024-04-27,19.6,7.8,12.6,17.5,0.0
San Bernardo,2024-04-28,16.4,7.7,11.1,13.3,0.0
San Bernardo,2024-04-29,16.9,6.2,11.2,13.3,0.0
San Bernardo,2024-04-30,14.6,6.2,10.4,12.4,33.8
San Bernardo,2024-05-01,14.1,5.0,9.6,11.7,1.4
San Bernardo,2024-05-02,13.4,1.1,7.1,10.6,0.0
San Bernardo,2024-05-03,15.2,4.2,8.7,13.3,0.0
San Bernardo,2024-05-04,16.8,4.8,10.0,14.6,0.0
San Bernardo,2024-05-05,15.1,6.4,10.0,13.8,0.0
San Bernardo,2024-05-06,14.8,4.4,9.2,13.3,0.0
San Bernardo,2024-05-07,9.1,3.5,6.0,7.6,25.9
San Bernardo,2024-05-08,13.9,-1.4,5.8,12.1,0.0
San Bernardo,2024-05-09,16.7,1.2,7.7,14.6,0.0
San Bernardo,2024-05-10,13.1,4.9,8.5,11.2,0.0
San Bernardo,2024-05-11,13.6,3.6,8.5,11.0,0.0
San Bernardo,2024-05-12,12.8,3.2,8.2,9.8,0.5
San Bernardo,2024-05-13,13.9,-0.8,5.6,11.2,0.0
San Bernardo,2024-05-14,14.8,-0.7,6.9,12.5,0.0
San Bernardo,2024-05-15,8.9,1.8,5.5,6.4,1.4
San Bernardo,2024-05-16,12.9,-1.9,5.4,10.1,0.0
San Bernardo,2024-05-17,12.8,0.4,6.2,10.4,0.2
San Bernardo,2024-05-18,13.9,-2.1,5.4,11.6,0.0
San Bernardo,2024-05-19,14.7,-0.8,7.2,12.7,0.0
San Bernardo,2024-05-20,9.1,7.2,8.3,7.9,31.2
San Bernardo,2024-05-21,12.9,6.7,9.3,11.8,29.4
San Bernardo,2024-05-22,9.4,6.6,8.0,7.9,38.6
San Bernardo,2024-05-23,11.6,2.5,7.1,9.8,12.5
San Bernardo,2024-05-24,14.8,-1.4,6.8,13.6,0.0
San Bernardo,2024-05-25,14.4,7.2,10.0,12.1,1.4
San Bernardo,2024-05-26,13.1,2.2,7.9,11.6,10.0
San Bernardo,2024-05-27,14.9,-1.2,6.7,13.7,0.0
San Bernardo,2024-05-28,17.5,2.5,9.1,15.7,0.0
San Bernardo,2024-05-29,16.9,8.6,11.7,15.7,0.0
San Bernardo,2024-05-30,18.1,7.6,11.9,16.7,0.0
San Bernardo,2024-05-31,15.8,4.6,9.9,15.1,0.0
San Bernardo,2024-06-01,16.5,0.9,9.3,14.8,0.0
San Bernardo,2024-06-02,19.1,9.2,12.6,19.4,0.0
San Bernardo,2024-06-03,16.4,10.9,12.8,15.1,0.0
San Bernardo,2024-06-04,17.6,6.8,11.5,16.2,0.6
San Bernardo,2024-06-05,13.6,7.8,10.9,13.3,0.2
San Bernardo,2024-06-06,15.8,7.3,11.9,15.3,0.0
San Bernardo,2024-06-07,19.2,8.6,13.0,19.6,0.0
San Bernardo,2024-06-08,14.9,9.1,11.2,13.9,4.1
San Bernardo,2024-06-09,12.4,7.3,9.8,11.3,13.1
San Bernardo,2024-06-10,13.6,8.4,10.6,12.8,0.0
San Bernardo,2024-06-11,14.4,8.9,10.9,13.2,0.0
San Bernardo,2024-06-12,12.1,9.1,10.7,11.1,0.0
San Bernardo,2024-06-13,12.4,8.6,9.9,10.1,68.6
San Bernardo,2024-06-14,13.9,4.7,9.1,12.3,14.3
San Bernardo,2024-06-15,13.2,1.0,7.1,11.9,1.2
San Bernardo,2024-06-16,13.4,0.2,6.8,12.1,0.0
San Bernardo,2024-06-17,13.7,3.6,8.0,12.4,8.4
San Bernardo,2024-06-18,10.6,5.7,8.1,9.8,48.4
San Bernardo,2024-06-19,14.1,5.2,8.9,12.5,21.9
San Bernardo,2024-06-20,10.9,6.4,8.7,9.5,0.0
San Bernardo,2024-06-21,9.4,6.2,7.8,7.8,56.1
San Bernardo,2024-06-22,7.9,4.2,6.2,6.4,29.2
San Bernardo,2024-06-23,10.4,5.2,7.0,8.2,3.9
San Bernardo,2024-06-24,8.4,4.5,6.2,6.1,0.1
San Bernardo,2024-06-25,9.7,1.6,5.4,7.6,0.5
San Bernardo,2024-06-26,14.9,-0.8,6.4,12.6,0.0
San Bernardo,2024-06-27,14.8,4.5,9.1,13.4,0.0
San Bernardo,2024-06-28,14.0,3.7,7.7,12.5,0.0
San Bernardo,2024-06-29,16.5,2.4,8.1,14.8,0.0
San Bernardo,2024-06-30,16.9,2.8,9.0,15.3,0.0
San Bernardo,2024-07-01,18.2,2.6,9.2,16.7,0.0
San Bernardo,2024-07-02,16.6,2.8,8.8,14.8,0.0
San Bernardo,2024-07-03,15.1,6.1,10.0,13.2,0.0
San Bernardo,2024-07-04,13.9,4.4,8.1,12.2,0.0
San Bernardo,2024-07-05,14.8,0.3,6.9,12.5,0.0
San Bernardo,2024-07-06,12.6,1.7,6.2,9.5,0.0
San Bernardo,2024-07-07,13.4,1.5,6.3,10.1,0.0
San Bernardo,2024-07-08,13.8,0.1,6.3,11.4,0.0
San Bernardo,2024-07-09,10.2,0.3,4.0,7.5,0.0
San Bernardo,2024-07-10,9.6,-0.8,3.5,7.1,0.0
San Bernardo,2024-07-11,10.9,-1.2,3.7,8.5,0.0
San Bernardo,2024-07-12,14.4,-3.0,5.2,10.5,0.0
San Bernardo,2024-07-13,14.2,-0.3,5.6,11.6,0.0
San Bernardo,2024-07-14,13.0,0.3,5.7,10.3,0.0
San Bernardo,2024-07-15,14.6,1.9,6.5,12.1,0.0
San Bernardo,2024-07-16,17.9,4.8,10.3,15.6,0.0
San Bernardo,2024-07-17,17.4,4.0,9.9,15.1,0.0
San Bernardo,2024-07-18,11.4,6.2,8.7,9.6,0.0
San Bernardo,2024-07-19,14.0,5.1,9.3,12.9,0.3
San Bernardo,2024-07-20,14.1,3.8,7.6,12.9,0.0
San Bernardo,2024-07-21,13.6,4.2,8.7,10.9,0.0
San Bernardo,2024-07-22,17.0,3.9,9.7,15.5,0.0
San Bernardo,2024-07-23,10.2,4.1,7.3,8.7,0.3
San Bernardo,2024-07-24,15.3,0.2,7.5,14.1,0.0
San Bernardo,2024-07-25,16.6,2.2,8.8,14.7,0.0
San Bernardo,2024-07-26,12.8,3.8,7.6,10.9,0.0
San Bernardo,2024-07-27,14.6,4.3,8.7,13.0,0.0
San Bernardo,2024-07-28,15.9,3.2,9.1,13.8,0.0
San Bernardo,2024-07-29,20.7,1.8,10.7,19.9,0.0
San Bernardo,2024-07-30,16.6,7.2,11.7,15.7,0.0
San Bernardo,2024-07-31,11.9,7.7,9.6,11.2,0.0
San Bernardo,2024-08-01,9.7,6.2,7.3,8.1,0.1
San Bernardo,2024-08-02,12.4,5.3,8.4,10.3,83.3
San Bernardo,2024-08-03,14.9,2.3,7.5,12.6,10.6
San Bernardo,2024-08-04,14.2,4.4,8.7,12.5,0.0
San Bernardo,2024-08-05,8.6,5.6,6.7,7.2,12.5
San Bernardo,2024-08-06,11.4,3.8,6.7,8.7,5.9
San Bernardo,2024-08-07,10.4,-1.2,4.4,7.5,0.6
San Bernardo,2024-08-08,13.8,-4.5,4.3,11.7,0.0
San Bernardo,2024-08-09,17.2,-3.8,6.8,15.9,0.0
San Bernardo,2024-08-10,18.1,2.5,9.9,16.8,0.0
San Bernardo,2024-08-11,19.4,3.2,10.4,18.4,0.0
San Bernardo,2024-08-12,22.1,3.5,12.0,21.6,0.0
San Bernardo,2024-08-13,19.2,6.3,11.2,19.2,0.0
San Bernardo,2024-08-14,13.8,7.8,10.2,13.4,0.0
San Bernardo,2024-08-15,16.5,6.4,10.8,15.2,0.0
San Bernardo,2024-08-16,11.9,6.8,8.8,10.6,0.0
San Bernardo,2024-08-17,14.7,6.6,9.4,13.2,0.0
San Bernardo,2024-08-18,11.6,5.8,8.1,10.0,1.6
San Bernardo,2024-08-19,11.9,4.4,7.5,9.3,0.0
San Bernardo,2024-08-20,9.9,2.5,5.4,7.2,0.0
San Bernardo,2024-08-21,10.9,2.8,5.3,9.4,16.2
San Bernardo,2024-08-22,9.3,-3.0,2.7,6.5,8.7
San Bernardo,2024-08-23,8.5,-3.0,3.1,6.3,10.2
San Bernardo,2024-08-24,15.2,-5.9,4.0,13.2,0.0
San Bernardo,2024-08-25,18.4,-0.9,8.6,17.2,0.0
San Bernardo,2024-08-26,15.8,0.3,8.4,14.2,0.0
San Bernardo,2024-08-27,17.4,0.1,8.6,16.6,0.0
San Bernardo,2024-08-28,14.8,5.0,9.3,14.2,0.0
San Bernardo,2024-08-29,11.9,5.4,8.2,10.0,0.3
San Bernardo,2024-08-30,13.3,5.3,8.6,11.3,0.5
San Bernardo,2024-08-31,18.5,-0.4,9.2,18.1,0.0
San Bernardo,2024-09-01,22.7,4.5,12.2,22.4,0.0
San Bernardo,2024-09-02,13.8,5.2,9.5,11.6,0.4
San Bernardo,2024-09-03,14.5,3.5,8.5,12.4,0.0
San Bernardo,2024-09-04,17.6,2.3,9.9,16.8,0.0
San Bernardo,2024-09-05,20.5,3.6,11.5,19.7,0.0
San Bernardo,2024-09-06,16.5,7.8,11.4,15.8,0.0
San Bernardo,2024-09-07,15.9,6.6,10.3,15.5,0.0
San Bernardo,2024-09-08,18.2,6.9,11.5,18.0,0.0
San Bernardo,2024-09-09,20.4,8.9,13.6,19.9,0.0
San Bernardo,2024-09-10,17.0,6.8,11.7,15.6,28.5
San Bernardo,2024-09-11,17.2,5.2,11.1,16.6,2.4
San Bernardo,2024-09-12,15.8,5.6,10.0,15.4,0.0
San Bernardo,2024-09-13,17.0,5.2,10.3,16.6,0.0
San Bernardo,2024-09-14,20.9,1.6,11.8,20.7,0.0
San Bernardo,2024-09-15,21.2,4.4,13.0,21.0,0.0
San Bernardo,2024-09-16,22.9,3.2,13.4,21.8,0.0
San Bernardo,2024-09-17,20.2,6.2,12.8,20.6,0.0
San Bernardo,2024-09-18,19.9,6.7,11.5,20.0,0.0
San Bernardo,2024-09-19,14.3,5.3,9.4,12.7,3.7
San Bernardo,2024-09-20,17.0,3.3,9.9,15.7,0.0
San Bernardo,2024-09-21,16.0,6.3,10.2,14.7,0.0
San Bernardo,2024-09-22,12.1,6.2,9.0,10.3,4.7
San Bernardo,2024-09-23,14.9,7.4,10.7,14.2,2.2
San Bernardo,2024-09-24,16.8,5.3,10.5,17.0,0.0
San Bernardo,2024-09-25,16.3,5.7,10.0,15.5,0.0
San Bernardo,2024-09-26,22.8,-1.1,11.5,22.8,0.0
San Bernardo,2024-09-27,20.8,7.1,13.6,20.7,0.0
San Bernardo,2024-09-28,22.8,9.9,15.9,22.2,0.0
San Bernardo,2024-09-29,17.3,7.0,12.1,17.4,0.0
San Bernardo,2024-09-30,17.7,7.4,10.9,16.8,0.0
San Bernardo,2024-10-01,16.4,6.8,11.2,14.2,0.0
San Bernardo,2024-10-02,20.4,5.1,12.4,19.9,0.0
San Bernardo,2024-10-03,24.2,9.1,15.4,24.5,0.0
San Bernardo,2024-10-04,23.9,9.6,15.6,24.4,0.0
San Bernardo,2024-10-05,24.2,9.1,16.6,25.0,0.0
San Bernardo,2024-10-06,20.1,11.4,15.2,20.1,0.3
San Bernardo,2024-10-07,21.4,9.6,14.5,22.1,2.9
San Bernardo,2024-10-08,15.6,9.7,12.0,15.0,5.2
San Bernardo,2024-10-09,18.8,8.1,13.3,18.1,0.0
San Bernardo,2024-10-10,16.4,8.6,12.6,15.9,0.0
San Bernardo,2024-10-11,17.1,8.9,12.0,16.5,0.0
San Bernardo,2024-10-12,17.6,9.6,13.2,17.2,0.0
San Bernardo,2024-10-13,22.8,7.9,15.1,23.8,0.0
San Bernardo,2024-10-14,20.9,7.8,14.2,21.0,0.0
San Bernardo,2024-10-15,26.5,7.6,16.0,27.6,0.0
San Bernardo,2024-10-16,17.3,8.1,12.7,17.8,0.0
San Bernardo,2024-10-17,24.5,5.9,14.9,25.8,0.0
San Bernardo,2024-10-18,27.0,9.2,17.2,28.1,0.0
San Bernardo,2024-10-19,20.1,8.2,13.8,20.9,0.0
San Bernardo,2024-10-20,18.8,7.7,12.4,18.1,0.5
San Bernardo,2024-10-21,22.5,7.4,14.8,22.8,0.0
San Bernardo,2024-10-22,22.3,10.1,14.9,22.8,3.3
San Bernardo,2024-10-23,18.3,8.9,12.6,18.3,2.8
San Bernardo,2024-10-24,24.8,6.0,15.0,24.5,0.0
San Bernardo,2024-10-25,22.6,7.8,14.4,22.3,0.0
San Bernardo,2024-10-26,27.8,7.4,17.3,28.8,0.0
San Bernardo,2024-10-27,25.8,9.4,17.1,26.7,0.0
San Bernardo,2024-10-28,30.1,9.2,18.5,31.7,0.0
San Bernardo,2024-10-29,23.5,11.4,16.7,24.4,0.0
San Bernardo,2024-10-30,24.1,9.9,15.6,25.5,0.0
San Bernardo,2024-10-31,24.5,11.1,16.4,26.2,0.0
San Bernardo,2024-11-01,19.5,9.4,13.0,19.1,0.2
San Bernardo,2024-11-02,24.6,7.1,15.6,23.9,0.0
San Bernardo,2024-11-03,22.3,8.6,14.8,22.2,0.0
San Bernardo,2024-11-04,22.8,7.3,14.4,21.3,0.0
San Bernardo,2024-11-05,25.8,7.6,16.8,25.0,0.0
San Bernardo,2024-11-06,26.1,12.2,18.4,25.3,0.0
San Bernardo,2024-11-07,24.8,10.9,18.3,23.3,0.3
San Bernardo,2024-11-08,29.0,11.9,19.8,28.3,0.0
San Bernardo,2024-11-09,27.0,12.2,19.0,26.8,0.0
San Bernardo,2024-11-10,20.8,10.9,15.5,20.7,0.8
San Bernardo,2024-11-11,25.0,8.6,17.2,23.5,0.0
San Bernardo,2024-11-12,30.2,10.5,20.7,28.7,0.0
San Bernardo,2024-11-13,25.4,13.9,19.7,25.5,0.0
San Bernardo,2024-11-14,25.4,11.4,17.4,26.1,0.0
San Bernardo,2024-11-15,24.0,9.6,16.2,24.0,0.0
San Bernardo,2024-11-16,19.1,11.1,14.6,17.9,2.7
San Bernardo,2024-11-17,24.7,8.0,15.7,25.3,0.0
San Bernardo,2024-11-18,25.1,10.6,16.9,25.2,0.0
San Bernardo,2024-11-19,24.9,9.5,15.6,24.6,0.0
San Bernardo,2024-11-20,24.2,11.2,16.7,23.4,0.0
San Bernardo,2024-11-21,26.3,11.4,17.7,26.5,0.0
San Bernardo,2024-11-22,25.5,9.9,17.2,25.5,0.0
San Bernardo,2024-11-23,29.0,11.6,19.5,28.9,0.0
San Bernardo,2024-11-24,28.0,11.4,19.5,27.3,0.0
San Bernardo,2024-11-25,26.3,12.6,19.0,25.7,0.0
San Bernardo,2024-11-26,26.0,10.8,17.6,25.4,0.0
San Bernardo,2024-11-27,24.1,9.3,15.9,23.4,0.0
San Bernardo,2024-11-28,25.6,8.0,16.6,24.7,0.0
San Bernardo,2024-11-29,28.0,11.9,19.4,27.4,0.0
San Bernardo,2024-11-30,24.5,10.3,17.4,23.5,0.0
San Bernardo,2024-12-01,23.9,8.6,15.6,22.7,0.0
San Bernardo,2024-12-02,25.9,10.8,17.7,24.7,0.0
San Bernardo,2024-12-03,25.4,10.4,17.0,25.4,0.0
San Bernardo,2024-12-04,23.9,9.4,15.5,24.0,0.0
San Bernardo,2024-12-05,22.1,7.6,14.1,21.8,0.0
San Bernardo,2024-12-06,25.2,8.4,16.5,24.4,0.0
San Bernardo,2024-12-07,25.9,12.3,18.3,25.6,0.0
San Bernardo,2024-12-08,24.3,9.4,16.1,23.4,0.0
San Bernardo,2024-12-09,29.5,9.3,18.8,28.2,0.0
San Bernardo,2024-12-10,27.4,12.9,19.3,26.7,0.0
San Bernardo,2024-12-11,28.8,12.0,19.9,27.7,0.0
San Bernardo,2024-12-12,27.0,10.5,17.7,26.3,0.0
San Bernardo,2024-12-13,29.6,12.5,20.4,28.5,0.0
San Bernardo,2024-12-14,30.1,13.1,20.4,30.0,0.0
San Bernardo,2024-12-15,26.2,12.8,18.6,26.2,0.0
San Bernardo,2024-12-16,26.5,10.6,17.6,27.3,0.0
San Bernardo,2024-12-17,25.3,10.4,17.2,25.6,0.0
San Bernardo,2024-12-18,28.1,10.9,19.5,27.6,0.0
San Bernardo,2024-12-19,32.4,14.7,23.0,31.9,0.0
San Bernardo,2024-12-20,29.5,14.6,21.1,27.9,0.0
San Bernardo,2024-12-21,31.9,14.0,22.7,31.2,0.0
San Bernardo,2024-12-22,33.3,16.9,24.2,33.3,0.0
San Bernardo,2024-12-23,28.3,17.4,22.3,28.3,0.0
San Bernardo,2024-12-24,29.6,15.6,21.8,29.9,0.0
San Bernardo,2024-12-25,27.9,13.8,20.1,28.9,0.0
San Bernardo,2024-12-26,26.8,12.2,18.2,27.9,0.0
San Bernardo,2024-12-27,27.4,12.4,18.9,28.9,0.0
San Bernardo,2024-12-28,28.7,12.4,19.6,29.8,0.0
San Bernardo,2024-12-29,30.1,12.4,20.4,31.1,0.0
San Bernardo,2024-12-30,29.1,13.6,20.7,30.3,0.0
San Bernardo,2024-12-31,29.9,14.6,21.5,29.6,0.0
San Joaquín,2024-01-01,29.7,13.2,20.3,30.3,0.0
San Joaquín,2024-01-02,30.5,13.9,21.5,31.5,0.0
San Joaquín,2024-01-03,30.2,17.4,22.5,30.7,0.0
San Joaquín,2024-01-04,29.2,15.9,21.8,30.5,0.0
San Joaquín,2024-01-05,27.2,15.6,20.7,28.1,0.0
San Joaquín,2024-01-06,27.5,15.1,20.5,28.0,0.0
San Joaquín,2024-01-07,30.0,14.0,21.6,29.4,0.0
San Joaquín,2024-01-08,29.8,14.7,21.8,29.6,0.0
San Joaquín,2024-01-09,29.6,14.7,21.4,29.4,0.0
San Joaquín,2024-01-10,29.9,15.1,21.8,29.4,0.0
San Joaquín,2024-01-11,30.1,17.2,22.1,29.8,0.0
San Joaquín,2024-01-12,28.6,15.8,20.9,28.9,0.0
San Joaquín,2024-01-13,27.9,12.8,19.5,27.8,0.0
San Joaquín,2024-01-14,33.6,15.3,23.7,32.8,0.0
San Joaquín,2024-01-15,30.6,15.5,23.5,29.4,0.0
San Joaquín,2024-01-16,31.6,12.5,21.8,30.2,0.0
San Joaquín,2024-01-17,30.4,17.8,23.2,31.1,0.0
San Joaquín,2024-01-18,32.3,15.3,23.1,32.0,0.0
San Joaquín,2024-01-19,33.0,19.9,25.3,32.8,0.0
San Joaquín,2024-01-20,30.9,19.4,24.2,31.0,0.0
San Joaquín,2024-01-21,32.7,18.6,24.3,33.0,0.0
San Joaquín,2024-01-22,33.5,18.7,24.9,34.4,0.0
San Joaquín,2024-01-23,31.0,16.0,22.7,32.2,0.0
San Joaquín,2024-01-24,34.7,18.0,25.3,35.4,0.0
San Joaquín,2024-01-25,31.7,18.6,24.3,32.5,0.0
San Joaquín,2024-01-26,30.6,16.3,22.5,30.7,0.0
San Joaquín,2024-01-27,33.4,17.8,23.9,34.7,0.0
San Joaquín,2024-01-28,29.8,18.1,23.1,30.6,0.0
San Joaquín,2024-01-29,32.5,17.8,24.1,33.5,0.0
San Joaquín,2024-01-30,35.0,18.3,25.7,35.7,0.0
San Joaquín,2024-01-31,36.7,21.0,28.1,36.3,0.0
San Joaquín,2024-02-01,34.6,21.6,27.0,34.0,0.0
San Joaquín,2024-02-02,35.3,19.8,26.8,34.4,0.0
San Joaquín,2024-02-03,35.9,21.1,27.5,35.2,0.0
San Joaquín,2024-02-04,30.9,18.5,24.4,31.4,0.0
San Joaquín,2024-02-05,32.5,15.5,23.5,33.0,0.0
San Joaquín,2024-02-06,31.1,18.6,24.1,31.1,0.0
San Joaquín,2024-02-07,34.2,17.3,24.8,34.3,0.0
San Joaquín,2024-02-08,32.5,19.8,25.0,33.6,0.0
San Joaquín,2024-02-09,31.3,17.2,23.1,31.5,0.0
San Joaquín,2024-02-10,33.5,18.0,24.7,34.2,0.0
San Joaquín,2024-02-11,30.1,16.4,22.4,30.0,0.0
San Joaquín,2024-02-12,34.6,16.7,24.8,33.7,0.0
San Joaquín,2024-02-13,31.4,17.6,25.0,31.2,0.0
San Joaquín,2024-02-14,31.9,15.6,22.2,32.4,0.0
San Joaquín,2024-02-15,32.6,16.5,22.6,34.3,0.0
San Joaquín,2024-02-16,30.0,15.9,22.3,31.2,0.0
San Joaquín,2024-02-17,33.1,17.1,24.6,32.9,0.0
San Joaquín,2024-02-18,33.4,19.7,25.4,33.7,0.0
San Joaquín,2024-02-19,28.7,16.1,21.4,29.2,0.0
San Joaquín,2024-02-20,29.7,14.9,20.8,30.8,0.0
San Joaquín,2024-02-21,28.9,14.3,20.4,29.4,0.0
San Joaquín,2024-02-22,19.3,14.7,16.7,18.8,12.9
San Joaquín,2024-02-23,28.4,14.6,20.8,30.0,0.0
San Joaquín,2024-02-24,29.8,16.0,22.2,30.8,0.0
San Joaquín,2024-02-25,30.3,16.5,22.4,30.9,0.0
San Joaquín,2024-02-26,31.0,16.4,23.0,32.1,0.0
San Joaquín,2024-02-27,30.6,18.2,23.4,30.6,0.0
San Joaquín,2024-02-28,32.1,16.8,23.3,32.1,0.0
San Joaquín,2024-02-29,32.7,17.9,24.5,32.6,0.0
San Joaquín,2024-03-01,29.5,18.4,23.2,29.5,0.0
San Joaquín,2024-03-02,30.7,17.0,23.2,30.6,0.0
San Joaquín,2024-03-03,30.9,19.3,23.8,30.5,0.0
San Joaquín,2024-03-04,31.7,18.3,23.6,31.6,0.0
San Joaquín,2024-03-05,30.1,18.3,23.1,29.4,0.0
San Joaquín,2024-03-06,29.3,16.9,22.0,29.3,0.0
San Joaquín,2024-03-07,28.2,14.5,20.2,28.4,0.0
San Joaquín,2024-03-08,28.1,12.2,19.2,27.3,0.0
San Joaquín,2024-03-09,30.6,14.8,21.7,29.6,0.0
San Joaquín,2024-03-10,29.5,16.1,21.7,29.0,0.0
San Joaquín,2024-03-11,28.0,13.8,19.5,28.6,0.0
San Joaquín,2024-03-12,28.4,12.5,19.8,27.5,0.0
San Joaquín,2024-03-13,28.4,13.6,20.4,27.9,0.0
San Joaquín,2024-03-14,28.6,16.2,21.4,27.7,0.0
San Joaquín,2024-03-15,28.7,16.5,21.0,27.5,0.0
San Joaquín,2024-03-16,28.9,14.3,20.8,27.6,0.0
San Joaquín,2024-03-17,30.2,17.0,22.1,28.5,0.0
San Joaquín,2024-03-18,31.4,18.2,23.4,29.8,0.0
San Joaquín,2024-03-19,28.5,15.9,22.1,26.9,0.0
San Joaquín,2024-03-20,22.3,12.4,16.7,21.7,0.9
San Joaquín,2024-03-21,31.7,14.6,22.1,31.0,0.5
San Joaquín,2024-03-22,32.2,20.2,24.7,31.5,0.0
San Joaquín,2024-03-23,29.9,16.0,22.4,29.1,0.0
San Joaquín,2024-03-24,30.6,18.6,23.3,30.7,0.0
San Joaquín,2024-03-25,28.3,16.4,21.5,28.8,0.0
San Joaquín,2024-03-26,29.7,15.1,21.3,30.3,0.0
San Joaquín,2024-03-27,29.4,16.6,22.4,29.9,0.0
San Joaquín,2024-03-28,29.5,18.3,22.5,29.9,0.0
San Joaquín,2024-03-29,30.3,17.2,22.6,30.4,0.0
San Joaquín,2024-03-30,31.5,17.0,23.2,30.8,0.0
San Joaquín,2024-03-31,29.7,17.8,22.7,27.5,0.0
San Joaquín,2024-04-01,26.8,13.5,19.7,24.8,0.0
San Joaquín,2024-04-02,25.0,15.0,19.2,22.6,0.1
San Joaquín,2024-04-03,21.0,13.3,16.6,20.4,0.0
San Joaquín,2024-04-04,27.1,13.5,19.4,26.9,0.0
San Joaquín,2024-04-05,28.5,16.9,21.1,27.6,0.0
San Joaquín,2024-04-06,25.6,12.4,18.7,24.3,0.0
San Joaquín,2024-04-07,29.1,16.4,20.7,27.6,0.0
San Joaquín,2024-04-08,25.8,15.1,19.2,24.0,0.0
San Joaquín,2024-04-09,27.0,15.5,19.7,26.2,0.0
San Joaquín,2024-04-10,27.5,14.5,19.7,26.4,0.0
San Joaquín,2024-04-11,22.6,12.0,15.7,20.6,0.0
San Joaquín,2024-04-12,16.5,11.3,13.5,14.8,0.0
San Joaquín,2024-04-13,18.9,8.9,13.5,17.3,0.8
San Joaquín,2024-04-14,20.7,10.1,14.8,19.1,1.0
San Joaquín,2024-04-15,19.0,11.6,13.6,16.5,7.7
San Joaquín,2024-04-16,22.6,10.0,15.8,21.2,0.0
San Joaquín,2024-04-17,27.7,9.5,18.0,25.8,0.0
San Joaquín,2024-04-18,29.8,13.0,19.8,28.6,0.0
San Joaquín,2024-04-19,24.5,14.5,18.5,22.8,0.0
San Joaquín,2024-04-20,21.9,15.5,17.7,20.5,0.0
San Joaquín,2024-04-21,18.9,12.8,15.8,17.3,0.0
San Joaquín,2024-04-22,20.7,11.4,15.6,19.0,0.0
San Joaquín,2024-04-23,24.6,11.5,17.0,22.8,0.0
San Joaquín,2024-04-24,22.5,12.2,16.0,20.9,0.0
San Joaquín,2024-04-25,21.9,12.1,15.5,18.5,0.0
San Joaquín,2024-04-26,19.7,10.1,14.0,17.2,0.0
San Joaquín,2024-04-27,20.7,9.6,13.4,18.6,0.0
San Joaquín,2024-04-28,18.1,8.6,12.6,15.1,0.0
San Joaquín,2024-04-29,18.6,7.1,12.3,14.4,0.0
San Joaquín,2024-04-30,15.9,7.1,11.9,14.1,21.2
San Joaquín,2024-05-01,15.1,8.9,11.1,12.7,0.9
San Joaquín,2024-05-02,15.1,3.4,9.3,12.5,0.0
San Joaquín,2024-05-03,16.3,7.4,10.5,14.2,0.0
San Joaquín,2024-05-04,17.9,7.0,12.0,15.1,0.0
San Joaquín,2024-05-05,16.1,9.3,11.9,14.3,0.0
San Joaquín,2024-05-06,16.1,6.9,11.1,14.2,0.0
San Joaquín,2024-05-07,10.9,4.3,7.2,9.1,31.1
San Joaquín,2024-05-08,14.9,1.2,7.0,13.8,0.0
San Joaquín,2024-05-09,17.7,4.7,9.8,15.7,0.0
San Joaquín,2024-05-10,13.9,5.3,9.2,12.2,0.0
San Joaquín,2024-05-11,14.1,5.6,9.2,11.7,0.0
San Joaquín,2024-05-12,13.5,4.4,8.9,10.6,0.0
San Joaquín,2024-05-13,14.6,2.2,7.5,12.3,0.0
San Joaquín,2024-05-14,15.6,3.0,8.8,13.1,0.0
San Joaquín,2024-05-15,10.4,3.6,6.7,7.6,2.5
San Joaquín,2024-05-16,13.8,1.4,6.8,11.0,0.0
San Joaquín,2024-05-17,13.5,2.8,7.5,11.1,0.3
San Joaquín,2024-05-18,15.1,2.2,7.6,12.5,0.0
San Joaquín,2024-05-19,17.7,3.1,10.4,15.6,0.0
San Joaquín,2024-05-20,11.9,9.3,10.2,9.6,36.0
San Joaquín,2024-05-21,14.4,7.7,10.3,13.1,3.7
San Joaquín,2024-05-22,11.0,7.7,9.4,9.8,28.2
San Joaquín,2024-05-23,12.8,4.7,8.2,11.0,13.5
San Joaquín,2024-05-24,16.9,3.2,9.7,15.5,0.0
San Joaquín,2024-05-25,15.9,9.1,11.7,14.5,0.1
San Joaquín,2024-05-26,14.3,5.8,9.0,12.9,19.8
San Joaquín,2024-05-27,17.6,4.2,10.6,16.3,0.0
San Joaquín,2024-05-28,19.8,6.5,12.5,18.3,0.0
San Joaquín,2024-05-29,18.5,9.1,14.4,17.6,0.0
San Joaquín,2024-05-30,20.0,9.3,14.3,19.6,0.0
San Joaquín,2024-05-31,18.0,8.1,12.8,16.4,0.0
San Joaquín,2024-06-01,18.9,5.7,12.0,18.0,0.0
San Joaquín,2024-06-02,21.5,12.4,15.4,22.1,0.0
San Joaquín,2024-06-03,20.1,12.0,16.4,17.6,0.0
San Joaquín,2024-06-04,19.3,10.8,14.5,18.2,0.1
San Joaquín,2024-06-05,18.6,10.5,14.6,16.4,0.1
San Joaquín,2024-06-06,17.2,14.0,15.5,16.5,0.0
San Joaquín,2024-06-07,20.8,13.0,17.6,21.4,0.0
San Joaquín,2024-06-08,17.6,9.2,13.2,15.1,3.9
San Joaquín,2024-06-09,13.9,9.0,10.9,12.9,13.5
San Joaquín,2024-06-10,14.7,9.4,12.3,14.3,0.0
San Joaquín,2024-06-11,15.6,10.9,13.5,14.7,0.0
San Joaquín,2024-06-12,14.3,9.8,12.2,12.7,0.0
San Joaquín,2024-06-13,13.2,9.4,10.7,9.8,51.6
San Joaquín,2024-06-14,14.7,6.6,10.2,13.0,16.1
San Joaquín,2024-06-15,14.0,4.6,9.3,12.0,0.0
San Joaquín,2024-06-16,14.4,3.3,8.2,13.3,0.0
San Joaquín,2024-06-17,14.9,4.6,9.0,12.6,0.8
San Joaquín,2024-06-18,11.8,7.5,9.3,10.5,25.7
San Joaquín,2024-06-19,15.3,5.2,9.6,13.5,24.1
San Joaquín,2024-06-20,12.9,8.2,10.7,12.0,0.0
San Joaquín,2024-06-21,9.4,7.5,8.3,7.7,45.7
San Joaquín,2024-06-22,9.6,6.3,7.7,8.1,16.1
San Joaquín,2024-06-23,11.1,6.1,7.8,8.9,0.4
San Joaquín,2024-06-24,8.4,4.7,6.7,6.8,0.0
San Joaquín,2024-06-25,10.6,2.5,6.3,8.6,0.3
San Joaquín,2024-06-26,16.9,1.4,8.4,15.2,0.0
San Joaquín,2024-06-27,16.4,6.7,10.7,15.2,0.0
San Joaquín,2024-06-28,15.8,5.5,10.1,15.1,0.0
San Joaquín,2024-06-29,18.6,5.5,11.9,17.8,0.0
San Joaquín,2024-06-30,19.1,6.4,12.0,17.6,0.0
San Joaquín,2024-07-01,20.2,7.0,12.3,18.9,0.0
San Joaquín,2024-07-02,18.4,6.4,11.7,16.6,0.0
San Joaquín,2024-07-03,16.8,8.1,12.2,15.2,0.0
San Joaquín,2024-07-04,15.1,5.8,10.0,13.7,0.0
San Joaquín,2024-07-05,15.8,3.3,8.7,14.1,0.0
San Joaquín,2024-07-06,14.0,3.1,7.5,11.6,0.0
San Joaquín,2024-07-07,13.9,1.9,7.4,11.9,0.0
San Joaquín,2024-07-08,14.2,2.1,7.8,12.2,0.0
San Joaquín,2024-07-09,11.2,1.5,5.3,8.4,0.0
San Joaquín,2024-07-10,10.2,0.7,5.0,7.9,0.0
San Joaquín,2024-07-11,11.7,0.3,5.1,9.2,0.0
San Joaquín,2024-07-12,14.5,2.1,7.5,11.3,0.0
San Joaquín,2024-07-13,15.0,1.1,7.2,13.0,0.0
San Joaquín,2024-07-14,14.5,2.5,8.4,11.9,0.0
San Joaquín,2024-07-15,17.0,3.2,9.3,13.9,0.0
San Joaquín,2024-07-16,20.7,7.6,13.5,19.1,0.0
San Joaquín,2024-07-17,19.2,6.7,13.0,17.4,0.0
San Joaquín,2024-07-18,15.8,8.7,11.9,13.7,0.1
San Joaquín,2024-07-19,15.9,7.7,11.5,14.9,0.0
San Joaquín,2024-07-20,14.7,6.6,9.7,14.1,0.0
San Joaquín,2024-07-21,14.7,6.2,9.8,11.6,0.0
San Joaquín,2024-07-22,18.2,7.8,12.9,17.0,0.0
San Joaquín,2024-07-23,11.5,6.3,8.8,10.0,0.3
San Joaquín,2024-07-24,16.5,3.5,10.1,15.7,0.0
San Joaquín,2024-07-25,18.5,5.5,11.0,16.7,0.0
San Joaquín,2024-07-26,14.6,8.0,10.8,13.3,0.0
San Joaquín,2024-07-27,16.8,6.6,10.8,15.1,0.0
San Joaquín,2024-07-28,17.6,9.3,12.8,16.3,0.0
San Joaquín,2024-07-29,22.7,6.5,14.2,22.0,0.0
San Joaquín,2024-07-30,18.7,12.1,15.0,17.3,0.0
San Joaquín,2024-07-31,14.4,8.7,11.7,13.3,0.0
San Joaquín,2024-08-01,13.1,8.6,10.0,10.1,0.0
San Joaquín,2024-08-02,12.7,6.1,9.4,10.2,65.0
San Joaquín,2024-08-03,16.1,3.4,9.5,13.4,6.1
San Joaquín,2024-08-04,15.9,7.7,11.0,14.1,0.0
San Joaquín,2024-08-05,11.2,6.5,8.8,9.5,8.9
San Joaquín,2024-08-06,11.9,4.7,7.5,9.5,10.7
San Joaquín,2024-08-07,10.7,0.4,5.8,8.5,0.0
San Joaquín,2024-08-08,13.8,-0.4,6.1,11.7,0.0
San Joaquín,2024-08-09,19.1,2.6,10.3,17.2,0.0
San Joaquín,2024-08-10,19.4,5.6,11.7,17.4,0.0
San Joaquín,2024-08-11,20.8,5.5,12.6,19.4,0.0
San Joaquín,2024-08-12,23.6,8.4,15.5,22.9,0.0
San Joaquín,2024-08-13,20.6,8.8,13.4,20.2,0.0
San Joaquín,2024-08-14,15.2,9.7,12.1,14.9,0.0
San Joaquín,2024-08-15,16.9,8.2,11.7,15.8,0.0
San Joaquín,2024-08-16,13.6,7.8,10.4,12.7,0.0
San Joaquín,2024-08-17,15.6,8.1,10.8,14.0,0.0
San Joaquín,2024-08-18,13.3,7.6,9.7,11.8,0.0
San Joaquín,2024-08-19,12.4,5.6,8.6,10.4,0.0
San Joaquín,2024-08-20,10.5,4.3,6.8,8.1,0.2
San Joaquín,2024-08-21,11.6,4.5,6.8,8.3,7.8
San Joaquín,2024-08-22,11.4,1.1,6.4,8.6,0.1
San Joaquín,2024-08-23,10.6,2.7,6.0,8.2,1.8
San Joaquín,2024-08-24,17.5,0.6,8.4,15.7,0.0
San Joaquín,2024-08-25,19.8,6.5,12.3,18.8,0.0
San Joaquín,2024-08-26,17.2,4.2,11.3,15.8,0.0
San Joaquín,2024-08-27,18.9,3.9,11.2,18.0,0.0
San Joaquín,2024-08-28,15.7,7.1,10.9,15.5,0.0
San Joaquín,2024-08-29,13.0,7.0,9.1,11.0,0.3
San Joaquín,2024-08-30,13.7,6.8,9.3,11.8,1.4
San Joaquín,2024-08-31,19.4,4.3,11.3,18.9,0.0
San Joaquín,2024-09-01,23.9,8.2,14.9,23.2,0.0
San Joaquín,2024-09-02,14.6,7.4,11.3,13.1,0.1
San Joaquín,2024-09-03,16.1,7.5,11.2,14.1,0.0
San Joaquín,2024-09-04,19.4,6.9,13.1,18.4,0.0
San Joaquín,2024-09-05,21.8,7.0,14.1,21.2,0.0
San Joaquín,2024-09-06,17.8,9.4,13.1,17.4,0.0
San Joaquín,2024-09-07,16.7,8.2,11.4,16.6,0.0
San Joaquín,2024-09-08,19.5,7.6,13.1,18.2,0.0
San Joaquín,2024-09-09,21.2,11.7,15.4,20.5,0.0
San Joaquín,2024-09-10,18.0,9.3,13.5,16.6,0.6
San Joaquín,2024-09-11,18.7,6.5,12.4,18.2,0.3
San Joaquín,2024-09-12,16.8,8.8,12.1,16.4,0.0
San Joaquín,2024-09-13,18.2,6.9,11.9,17.4,0.0
San Joaquín,2024-09-14,22.4,5.6,14.2,21.3,0.0
San Joaquín,2024-09-15,22.8,8.1,15.8,21.8,0.0
San Joaquín,2024-09-16,24.5,9.5,16.1,22.9,0.0
San Joaquín,2024-09-17,21.6,7.9,14.3,21.1,0.0
San Joaquín,2024-09-18,21.9,8.9,15.1,20.9,0.0
San Joaquín,2024-09-19,17.0,6.4,11.4,14.3,1.7
San Joaquín,2024-09-20,18.4,5.9,12.2,17.6,0.0
San Joaquín,2024-09-21,17.0,8.4,12.0,16.3,0.0
San Joaquín,2024-09-22,13.5,8.1,10.7,11.6,3.5
San Joaquín,2024-09-23,15.5,9.6,11.9,14.6,0.6
San Joaquín,2024-09-24,17.6,8.3,12.1,17.6,0.0
San Joaquín,2024-09-25,17.4,7.9,11.8,16.4,0.0
San Joaquín,2024-09-26,24.2,5.5,14.9,23.3,0.0
San Joaquín,2024-09-27,22.0,9.7,16.2,21.6,0.0
San Joaquín,2024-09-28,23.9,14.5,17.9,23.6,0.0
San Joaquín,2024-09-29,19.0,10.1,14.2,19.4,0.0
San Joaquín,2024-09-30,18.8,8.7,12.1,17.9,0.0
San Joaquín,2024-10-01,17.8,6.8,12.1,15.4,0.0
San Joaquín,2024-10-02,21.2,8.4,14.3,20.8,0.0
San Joaquín,2024-10-03,25.0,11.7,17.7,25.3,0.0
San Joaquín,2024-10-04,25.2,12.4,17.6,25.2,0.0
San Joaquín,2024-10-05,25.4,10.4,18.6,25.5,0.0
San Joaquín,2024-10-06,21.9,13.9,17.8,21.1,0.4
San Joaquín,2024-10-07,23.0,11.7,16.5,23.4,4.2
San Joaquín,2024-10-08,16.1,10.1,12.5,14.7,5.9
San Joaquín,2024-10-09,19.3,9.8,14.1,18.1,0.0
San Joaquín,2024-10-10,18.4,10.2,13.9,17.8,0.0
San Joaquín,2024-10-11,18.7,10.7,13.7,17.8,0.0
San Joaquín,2024-10-12,18.7,11.0,14.7,18.1,0.0
San Joaquín,2024-10-13,23.8,11.8,16.7,24.5,0.0
San Joaquín,2024-10-14,22.2,10.9,16.3,21.7,0.0
San Joaquín,2024-10-15,28.0,11.0,18.6,28.3,0.0
San Joaquín,2024-10-16,19.9,8.8,14.6,20.1,0.0
San Joaquín,2024-10-17,26.5,8.3,17.2,27.1,0.0
San Joaquín,2024-10-18,29.0,11.9,20.1,29.4,0.0
San Joaquín,2024-10-19,22.7,11.3,16.3,23.6,0.0
San Joaquín,2024-10-20,20.5,9.6,13.8,19.2,0.7
San Joaquín,2024-10-21,24.3,9.9,16.5,24.5,0.0
San Joaquín,2024-10-22,23.8,11.2,16.7,24.3,3.4
San Joaquín,2024-10-23,19.3,9.8,13.4,19.3,8.4
San Joaquín,2024-10-24,25.8,8.1,16.6,25.6,0.0
San Joaquín,2024-10-25,24.0,9.6,16.1,24.0,0.0
San Joaquín,2024-10-26,29.0,10.2,19.3,29.3,0.0
San Joaquín,2024-10-27,27.8,12.4,19.7,28.5,0.0
San Joaquín,2024-10-28,32.2,12.9,21.6,32.9,0.0
San Joaquín,2024-10-29,25.2,13.2,19.3,25.7,0.0
San Joaquín,2024-10-30,26.1,12.0,17.8,27.1,0.0
San Joaquín,2024-10-31,26.9,12.3,18.6,27.6,0.0
San Joaquín,2024-11-01,20.7,11.7,14.6,20.0,0.0
San Joaquín,2024-11-02,25.8,9.2,17.2,25.3,0.0
San Joaquín,2024-11-03,24.1,10.7,16.5,23.5,0.0
San Joaquín,2024-11-04,23.9,10.1,16.2,22.5,0.0
San Joaquín,2024-11-05,27.3,12.1,19.1,26.2,0.0
San Joaquín,2024-11-06,27.1,13.9,20.0,26.4,0.0
San Joaquín,2024-11-07,25.5,14.2,20.1,24.6,0.0
San Joaquín,2024-11-08,30.0,16.0,21.9,29.3,0.0
San Joaquín,2024-11-09,28.1,14.6,21.0,27.8,0.0
San Joaquín,2024-11-10,22.3,12.4,17.2,21.4,0.0
San Joaquín,2024-11-11,26.4,12.2,19.1,24.9,0.0
San Joaquín,2024-11-12,31.5,13.7,23.4,30.5,0.0
San Joaquín,2024-11-13,27.7,15.7,22.4,28.1,0.0
San Joaquín,2024-11-14,27.3,14.6,19.7,28.4,0.0
San Joaquín,2024-11-15,25.8,11.7,18.4,26.1,0.0
San Joaquín,2024-11-16,20.4,13.6,16.7,19.3,1.6
San Joaquín,2024-11-17,26.0,10.8,17.8,26.9,0.0
San Joaquín,2024-11-18,26.7,14.0,19.3,27.5,0.0
San Joaquín,2024-11-19,26.2,12.2,17.9,26.4,0.0
San Joaquín,2024-11-20,25.7,13.3,18.9,25.5,0.0
San Joaquín,2024-11-21,28.0,15.2,20.4,28.9,0.0
San Joaquín,2024-11-22,27.0,12.7,19.6,27.3,0.0
San Joaquín,2024-11-23,29.9,14.6,21.6,30.3,0.0
San Joaquín,2024-11-24,28.4,14.5,21.3,28.9,0.0
San Joaquín,2024-11-25,27.0,15.7,20.8,26.6,0.0
San Joaquín,2024-11-26,26.6,13.7,19.5,26.1,0.0
San Joaquín,2024-11-27,25.4,12.3,17.9,24.9,0.0
San Joaquín,2024-11-28,26.3,11.1,18.6,25.8,0.0
San Joaquín,2024-11-29,28.7,15.0,21.4,28.3,0.0
San Joaquín,2024-11-30,26.5,12.6,19.7,25.8,0.0
San Joaquín,2024-12-01,24.5,9.8,16.9,23.9,0.0
San Joaquín,2024-12-02,26.4,13.1,19.5,25.8,0.0
San Joaquín,2024-12-03,26.5,13.4,19.1,26.8,0.0
San Joaquín,2024-12-04,25.2,11.8,17.5,25.7,0.0
San Joaquín,2024-12-05,22.6,10.0,15.9,22.3,0.0
San Joaquín,2024-12-06,26.2,11.2,18.4,25.2,0.0
San Joaquín,2024-12-07,26.9,14.4,20.0,27.3,0.0
San Joaquín,2024-12-08,25.3,12.3,18.2,24.9,0.0
San Joaquín,2024-12-09,30.2,12.9,21.1,29.9,0.0
San Joaquín,2024-12-10,29.0,16.2,21.8,29.6,0.0
San Joaquín,2024-12-11,30.2,15.4,22.3,30.5,0.0
San Joaquín,2024-12-12,27.8,13.5,20.0,27.7,0.0
San Joaquín,2024-12-13,30.0,15.9,22.4,30.1,0.0
San Joaquín,2024-12-14,30.8,16.9,22.6,31.4,0.0
San Joaquín,2024-12-15,27.5,15.8,20.5,28.6,0.0
San Joaquín,2024-12-16,28.3,13.7,19.9,29.6,0.0
San Joaquín,2024-12-17,26.8,13.8,19.4,27.8,0.0
San Joaquín,2024-12-18,28.5,13.7,21.1,29.1,0.0
San Joaquín,2024-12-19,33.0,17.1,24.6,33.2,0.0
San Joaquín,2024-12-20,30.0,17.1,22.9,29.2,0.0
San Joaquín,2024-12-21,32.5,17.2,24.6,32.6,0.0
San Joaquín,2024-12-22,34.1,20.0,26.0,35.0,0.0
San Joaquín,2024-12-23,30.0,20.0,24.6,31.1,0.0
San Joaquín,2024-12-24,30.9,18.1,23.7,31.8,0.0
San Joaquín,2024-12-25,29.3,16.6,22.1,31.0,0.0
San Joaquín,2024-12-26,28.0,14.3,20.0,29.2,0.0
San Joaquín,2024-12-27,28.5,15.1,20.8,30.5,0.0
San Joaquín,2024-12-28,29.9,15.4,21.4,31.5,0.0
San Joaquín,2024-12-29,31.2,15.8,22.5,33.1,0.0
San Joaquín,2024-12-30,30.6,16.6,22.8,32.5,0.0
San Joaquín,2024-12-31,30.9,17.6,23.5,31.2,0.0
San José de Maipo,2024-01-01,12.5,6.6,9.7,11.6,0.2
San José de Maipo,2024-01-02,14.1,6.2,10.3,13.3,0.0
San José de Maipo,2024-01-03,14.5,8.4,11.2,13.8,0.0
San José de Maipo,2024-01-04,15.1,9.1,11.9,14.8,0.0
San José de Maipo,2024-01-05,14.1,6.8,10.6,13.7,0.0
San José de Maipo,2024-01-06,11.6,6.2,8.9,10.4,0.8
San José de Maipo,2024-01-07,11.4,4.2,7.6,10.3,0.2
San José de Maipo,2024-01-08,11.4,4.1,7.8,10.2,0.7
San José de Maipo,2024-01-09,12.9,4.8,8.7,12.0,0.0
San José de Maipo,2024-01-10,12.0,4.7,8.6,10.3,0.1
San José de Maipo,2024-01-11,12.8,7.1,9.5,10.9,0.0
San José de Maipo,2024-01-12,12.9,6.7,9.5,11.0,0.0
San José de Maipo,2024-01-13,12.0,5.6,8.6,10.7,0.0
San José de Maipo,2024-01-14,14.4,5.4,10.3,13.1,0.0
San José de Maipo,2024-01-15,14.2,6.7,10.6,12.8,0.0
San José de Maipo,2024-01-16,15.1,3.1,10.1,13.6,0.0
San José de Maipo,2024-01-17,18.5,10.8,14.3,17.7,0.0
San José de Maipo,2024-01-18,15.3,9.3,12.2,14.6,0.0
San José de Maipo,2024-01-19,17.8,9.9,13.9,16.5,0.0
San José de Maipo,2024-01-20,16.4,11.1,13.4,15.1,0.0
San José de Maipo,2024-01-21,17.0,8.5,13.0,15.5,0.0
San José de Maipo,2024-01-22,18.2,7.3,13.2,16.7,0.0
San José de Maipo,2024-01-23,16.0,8.2,12.6,15.4,0.7
San José de Maipo,2024-01-24,18.5,8.4,13.8,17.4,0.0
San José de Maipo,2024-01-25,18.8,10.2,15.1,18.7,0.0
San José de Maipo,2024-01-26,17.8,12.5,14.5,17.7,0.0
San José de Maipo,2024-01-27,18.9,10.6,14.4,18.5,1.2
San José de Maipo,2024-01-28,15.4,9.7,12.9,14.5,0.7
San José de Maipo,2024-01-29,16.8,9.6,13.3,15.2,0.0
San José de Maipo,2024-01-30,18.1,9.0,13.5,15.8,0.0
San José de Maipo,2024-01-31,17.5,9.0,13.2,15.6,0.0
San José de Maipo,2024-02-01,18.4,8.2,13.7,17.2,0.0
San José de Maipo,2024-02-02,18.9,11.8,14.7,18.0,0.0
San José de Maipo,2024-02-03,19.8,12.2,15.6,18.2,0.0
San José de Maipo,2024-02-04,19.1,10.0,14.6,18.1,0.0
San José de Maipo,2024-02-05,18.0,11.9,14.6,16.7,0.0
San José de Maipo,2024-02-06,18.0,12.5,14.7,17.6,0.0
San José de Maipo,2024-02-07,18.3,12.4,14.7,17.4,0.0
San José de Maipo,2024-02-08,15.6,8.9,12.3,15.4,0.2
San José de Maipo,2024-02-09,11.6,8.0,9.7,10.6,7.6
San José de Maipo,2024-02-10,13.4,8.4,10.7,12.1,0.0
San José de Maipo,2024-02-11,14.6,8.6,11.4,13.4,0.1
San José de Maipo,2024-02-12,16.7,7.8,11.9,14.5,0.0
San José de Maipo,2024-02-13,19.0,7.3,14.0,17.9,0.0
San José de Maipo,2024-02-14,17.5,12.9,15.1,16.9,0.0
San José de Maipo,2024-02-15,19.0,11.7,15.3,18.0,0.0
San José de Maipo,2024-02-16,19.5,12.7,15.7,18.5,0.0
San José de Maipo,2024-02-17,18.7,12.2,14.7,17.5,0.0
San José de Maipo,2024-02-18,20.4,9.8,15.5,18.6,0.0
San José de Maipo,2024-02-19,19.3,11.9,16.0,18.8,0.0
San José de Maipo,2024-02-20,14.6,9.0,11.7,14.3,0.0
San José de Maipo,2024-02-21,12.6,6.2,9.0,11.2,0.2
San José de Maipo,2024-02-22,6.2,2.9,4.4,4.2,10.3
San José de Maipo,2024-02-23,9.6,2.2,6.1,9.0,1.4
San José de Maipo,2024-02-24,11.1,4.4,8.1,10.8,2.9
San José de Maipo,2024-02-25,12.8,5.4,9.1,11.8,0.7
San José de Maipo,2024-02-26,12.3,4.7,8.9,11.6,0.2
San José de Maipo,2024-02-27,14.0,5.7,10.0,13.4,0.0
San José de Maipo,2024-02-28,15.5,6.9,11.1,14.2,0.0
San José de Maipo,2024-02-29,17.4,9.6,13.0,15.9,0.0
San José de Maipo,2024-03-01,16.9,10.9,13.7,15.3,0.0
San José de Maipo,2024-03-02,16.0,8.1,12.1,14.7,0.0
San José de Maipo,2024-03-03,14.6,9.6,11.5,13.1,0.0
San José de Maipo,2024-03-04,14.8,8.2,11.2,12.6,0.0
San José de Maipo,2024-03-05,15.4,6.8,11.4,13.4,0.0
San José de Maipo,2024-03-06,13.6,6.3,10.1,12.0,0.0
San José de Maipo,2024-03-07,12.2,4.2,8.4,9.6,0.0
San José de Maipo,2024-03-08,10.9,4.7,7.9,8.4,0.0
San José de Maipo,2024-03-09,16.1,5.9,11.1,13.7,0.0
San José de Maipo,2024-03-10,15.0,8.9,11.8,13.8,0.0
San José de Maipo,2024-03-11,15.5,5.9,10.5,13.6,0.0
San José de Maipo,2024-03-12,13.8,6.6,10.3,12.1,0.0
San José de Maipo,2024-03-13,14.0,9.4,11.1,11.5,0.0
San José de Maipo,2024-03-14,16.3,8.4,12.1,13.6,0.0
San José de Maipo,2024-03-15,15.3,8.2,11.4,13.1,0.0
San José de Maipo,2024-03-16,14.4,6.1,10.3,11.7,0.0
San José de Maipo,2024-03-17,14.4,7.2,10.5,11.7,0.0
San José de Maipo,2024-03-18,14.5,7.4,10.7,11.9,0.0
San José de Maipo,2024-03-19,12.7,6.9,9.1,10.2,0.0
San José de Maipo,2024-03-20,9.1,4.0,6.4,5.3,0.2
San José de Maipo,2024-03-21,13.1,6.3,9.4,10.4,0.1
San José de Maipo,2024-03-22,15.9,8.0,11.8,13.9,0.0
San José de Maipo,2024-03-23,15.4,8.2,11.8,13.5,0.0
San José de Maipo,2024-03-24,19.1,11.5,14.7,17.1,0.0
San José de Maipo,2024-03-25,18.1,11.9,14.8,16.3,0.0
San José de Maipo,2024-03-26,15.9,9.4,12.7,13.8,0.0
San José de Maipo,2024-03-27,14.9,5.5,10.4,12.8,0.0
San José de Maipo,2024-03-28,16.4,8.1,12.3,14.2,0.0
San José de Maipo,2024-03-29,15.9,10.2,12.7,13.8,0.0
San José de Maipo,2024-03-30,15.3,7.1,11.3,12.7,0.0
San José de Maipo,2024-03-31,12.4,5.9,8.8,9.2,0.0
San José de Maipo,2024-04-01,9.1,6.4,7.8,5.6,0.0
San José de Maipo,2024-04-02,9.9,4.3,6.7,6.8,0.9
San José de Maipo,2024-04-03,5.3,3.1,4.2,2.3,0.5
San José de Maipo,2024-04-04,9.8,4.0,6.5,7.3,0.0
San José de Maipo,2024-04-05,11.2,4.7,7.7,8.9,0.0
San José de Maipo,2024-04-06,11.0,1.4,6.4,8.3,0.0
San José de Maipo,2024-04-07,14.5,4.8,10.4,11.3,0.0
San José de Maipo,2024-04-08,13.2,6.7,10.2,10.4,0.0
San José de Maipo,2024-04-09,12.3,7.1,9.3,9.6,0.0
San José de Maipo,2024-04-10,10.5,4.8,7.4,6.7,0.0
San José de Maipo,2024-04-11,7.5,3.2,5.1,3.6,0.0
San José de Maipo,2024-04-12,5.3,2.2,3.4,2.0,2.3
San José de Maipo,2024-04-13,4.0,-0.3,1.7,0.7,5.8
San José de Maipo,2024-04-14,5.1,-1.4,1.3,2.7,3.1
San José de Maipo,2024-04-15,-0.3,-3.1,-1.9,-3.0,11.4
San José de Maipo,2024-04-16,4.8,-5.8,-1.5,-0.4,0.0
San José de Maipo,2024-04-17,11.4,5.2,8.6,8.8,0.0
San José de Maipo,2024-04-18,13.6,6.6,10.1,10.9,0.0
San José de Maipo,2024-04-19,10.2,5.9,8.5,7.0,0.0
San José de Maipo,2024-04-20,7.8,5.1,6.4,3.8,0.0
San José de Maipo,2024-04-21,5.8,0.7,4.0,2.3,0.2
San José de Maipo,2024-04-22,1.5,-1.2,0.5,-2.3,0.7
San José de Maipo,2024-04-23,5.8,0.8,3.1,2.4,0.0
San José de Maipo,2024-04-24,6.6,1.5,4.2,3.4,0.2
San José de Maipo,2024-04-25,6.3,0.9,3.0,3.1,0.0
San José de Maipo,2024-04-26,4.1,-0.4,1.5,0.8,0.1
San José de Maipo,2024-04-27,3.3,-3.0,0.2,-0.3,0.0
San José de Maipo,2024-04-28,3.5,-1.6,0.8,-1.3,0.0
San José de Maipo,2024-04-29,0.2,-5.2,-2.3,-4.4,3.6
San José de Maipo,2024-04-30,-2.0,-5.4,-3.8,-6.5,4.1
San José de Maipo,2024-05-01,-2.2,-9.2,-5.1,-6.6,13.3
San José de Maipo,2024-05-02,-0.9,-12.5,-4.4,-4.8,0.0
San José de Maipo,2024-05-03,-1.1,-7.2,-3.9,-5.5,0.0
San José de Maipo,2024-05-04,-0.2,-3.2,-1.7,-3.9,0.7
San José de Maipo,2024-05-05,0.6,-4.8,-1.1,-3.7,0.0
San José de Maipo,2024-05-06,-2.7,-5.4,-4.0,-6.8,2.6
San José de Maipo,2024-05-07,-3.7,-10.4,-6.7,-7.9,39.6
San José de Maipo,2024-05-08,3.5,-14.7,-4.3,-1.5,0.0
San José de Maipo,2024-05-09,4.1,-1.5,1.9,-0.8,0.0
San José de Maipo,2024-05-10,1.2,-2.8,-1.1,-3.4,0.0
San José de Maipo,2024-05-11,-1.6,-4.8,-3.3,-6.2,0.1
San José de Maipo,2024-05-12,-4.7,-7.6,-6.4,-8.9,1.7
San José de Maipo,2024-05-13,-1.5,-6.1,-3.9,-6.7,0.0
San José de Maipo,2024-05-14,2.2,-1.0,0.2,-2.3,0.0
San José de Maipo,2024-05-15,2.3,-10.9,-3.0,-2.5,3.8
San José de Maipo,2024-05-16,-4.4,-12.8,-6.5,-8.9,0.0
San José de Maipo,2024-05-17,-3.7,-13.4,-6.0,-8.3,0.4
San José de Maipo,2024-05-18,-2.0,-8.6,-5.6,-7.1,0.0
San José de Maipo,2024-05-19,2.3,-2.8,-0.6,-2.2,0.1
San José de Maipo,2024-05-20,-1.8,-3.8,-3.1,-5.9,63.6
San José de Maipo,2024-05-21,-2.3,-4.0,-3.1,-5.9,16.4
San José de Maipo,2024-05-22,-2.9,-5.4,-3.9,-6.2,50.8
San José de Maipo,2024-05-23,-4.8,-15.9,-8.3,-8.2,18.0
San José de Maipo,2024-05-24,-0.6,-13.6,-3.4,-5.2,5.6
San José de Maipo,2024-05-25,-0.6,-4.7,-2.1,-4.4,4.3
San José de Maipo,2024-05-26,-3.1,-11.1,-6.7,-7.1,7.3
San José de Maipo,2024-05-27,2.7,-6.7,-1.4,-1.7,0.0
San José de Maipo,2024-05-28,4.8,-0.2,2.6,0.5,0.0
San José de Maipo,2024-05-29,4.3,-1.4,2.4,0.2,0.0
San José de Maipo,2024-05-30,6.3,3.0,5.0,1.6,0.0
San José de Maipo,2024-05-31,5.1,-2.3,2.1,0.4,0.0
San José de Maipo,2024-06-01,3.7,-9.9,-1.5,-1.0,0.0
San José de Maipo,2024-06-02,7.8,-0.4,2.7,3.8,1.2
San José de Maipo,2024-06-03,8.6,1.6,5.2,4.4,0.4
San José de Maipo,2024-06-04,6.3,0.6,2.9,2.3,3.2
San José de Maipo,2024-06-05,3.0,0.6,1.5,-0.4,2.4
San José de Maipo,2024-06-06,4.7,0.8,2.6,0.8,0.8
San José de Maipo,2024-06-07,6.8,3.6,5.4,2.7,0.0
San José de Maipo,2024-06-08,5.8,-4.1,1.4,1.7,2.4
San José de Maipo,2024-06-09,-3.0,-5.8,-4.6,-6.6,34.4
San José de Maipo,2024-06-10,-0.5,-3.8,-1.8,-4.2,12.0
San José de Maipo,2024-06-11,3.3,-1.5,0.8,-0.4,9.6
San José de Maipo,2024-06-12,4.7,-3.0,2.3,0.2,0.1
San José de Maipo,2024-06-13,-1.9,-5.8,-4.4,-7.0,95.3
San José de Maipo,2024-06-14,-5.8,-7.8,-6.6,-9.4,46.8
San José de Maipo,2024-06-15,-2.0,-10.8,-4.6,-6.6,0.0
San José de Maipo,2024-06-16,0.2,-4.3,-1.7,-4.4,0.0
San José de Maipo,2024-06-17,-0.4,-6.6,-3.8,-5.1,13.1
San José de Maipo,2024-06-18,-5.7,-7.2,-6.4,-9.5,64.9
San José de Maipo,2024-06-19,-1.0,-7.2,-5.8,-5.7,8.5
San José de Maipo,2024-06-20,0.8,-4.3,-2.0,-3.8,0.7
San José de Maipo,2024-06-21,-5.1,-7.2,-6.0,-9.2,91.3
San José de Maipo,2024-06-22,-6.7,-8.1,-7.5,-10.8,27.0
San José de Maipo,2024-06-23,-4.0,-7.8,-6.1,-8.6,1.6
San José de Maipo,2024-06-24,-4.4,-7.0,-6.2,-9.0,18.8
San José de Maipo,2024-06-25,-4.2,-10.4,-7.4,-9.1,2.2
San José de Maipo,2024-06-26,3.3,-3.8,0.1,-0.7,0.0
San José de Maipo,2024-06-27,4.4,-3.2,0.7,0.7,8.3
San José de Maipo,2024-06-28,0.9,-10.6,-6.0,-4.1,0.0
San José de Maipo,2024-06-29,1.8,-7.0,-1.1,-3.0,0.0
San José de Maipo,2024-06-30,2.0,-7.1,-1.0,-2.5,0.0
San José de Maipo,2024-07-01,2.3,-6.3,0.7,-2.6,0.0
San José de Maipo,2024-07-02,3.3,0.8,1.8,-1.3,0.0
San José de Maipo,2024-07-03,3.0,-2.2,0.6,-1.8,0.0
San José de Maipo,2024-07-04,0.4,-3.5,-1.3,-3.9,0.0
San José de Maipo,2024-07-05,0.5,-4.8,-1.6,-3.5,0.0
San José de Maipo,2024-07-06,-0.7,-8.0,-3.2,-5.6,0.0
San José de Maipo,2024-07-07,-1.7,-8.8,-4.7,-5.3,0.0
San José de Maipo,2024-07-08,-1.7,-6.2,-3.6,-5.7,0.0
San José de Maipo,2024-07-09,-2.6,-7.2,-4.4,-7.5,0.0
San José de Maipo,2024-07-10,-6.3,-9.9,-7.7,-10.2,0.0
San José de Maipo,2024-07-11,-4.6,-8.3,-6.1,-8.2,0.0
San José de Maipo,2024-07-12,-0.6,-7.2,-3.6,-4.4,0.0
San José de Maipo,2024-07-13,1.1,-3.2,-0.9,-2.8,0.0
San José de Maipo,2024-07-14,4.2,0.6,2.0,0.1,0.0
San José de Maipo,2024-07-15,5.7,1.6,3.3,1.4,0.0
San José de Maipo,2024-07-16,5.2,1.4,4.1,1.2,0.0
San José de Maipo,2024-07-17,9.1,5.2,6.7,4.3,0.0
San José de Maipo,2024-07-18,5.4,-0.1,2.3,1.0,3.7
San José de Maipo,2024-07-19,3.3,-4.1,0.6,0.2,0.2
San José de Maipo,2024-07-20,4.4,0.6,2.4,0.0,0.0
San José de Maipo,2024-07-21,2.5,-1.1,0.9,-1.3,0.0
San José de Maipo,2024-07-22,5.8,-2.4,1.7,1.4,0.0
San José de Maipo,2024-07-23,3.7,-8.2,-2.5,-1.5,0.0
San José de Maipo,2024-07-24,0.9,-9.8,-3.8,-3.9,0.0
San José de Maipo,2024-07-25,3.2,-0.4,1.6,-1.5,0.0
San José de Maipo,2024-07-26,2.2,-2.8,-0.3,-2.0,0.0
San José de Maipo,2024-07-27,3.7,0.2,1.5,-0.6,0.0
San José de Maipo,2024-07-28,3.3,-2.5,1.7,-0.4,0.0
San José de Maipo,2024-07-29,5.9,1.5,3.8,2.0,0.0
San José de Maipo,2024-07-30,6.2,0.6,3.7,1.7,0.3
San José de Maipo,2024-07-31,4.4,-1.3,1.4,0.6,4.9
San José de Maipo,2024-08-01,2.4,-2.2,0.5,-1.7,3.9
San José de Maipo,2024-08-02,-3.3,-8.6,-6.2,-6.5,71.2
San José de Maipo,2024-08-03,-2.5,-10.2,-7.1,-7.2,8.5
San José de Maipo,2024-08-04,-2.8,-6.1,-4.2,-7.3,0.5
San José de Maipo,2024-08-05,-2.9,-8.3,-5.9,-7.2,11.6
San José de Maipo,2024-08-06,-7.8,-10.4,-8.9,-11.2,13.6
San José de Maipo,2024-08-07,-7.8,-13.5,-9.4,-11.7,0.0
San José de Maipo,2024-08-08,-4.9,-11.9,-8.5,-10.1,0.0
San José de Maipo,2024-08-09,3.0,-4.7,0.1,-0.3,0.0
San José de Maipo,2024-08-10,2.0,-6.0,-0.3,-1.4,0.0
San José de Maipo,2024-08-11,3.3,-3.6,1.6,0.5,0.0
San José de Maipo,2024-08-12,6.8,3.2,4.9,3.3,0.0
San José de Maipo,2024-08-13,6.8,4.3,5.4,3.8,0.0
San José de Maipo,2024-08-14,4.8,-0.8,2.1,0.4,0.0
San José de Maipo,2024-08-15,-0.3,-3.5,-1.8,-4.0,5.0
San José de Maipo,2024-08-16,0.8,-1.5,-0.4,-3.3,0.0
San José de Maipo,2024-08-17,0.6,-2.0,-0.8,-3.9,0.5
San José de Maipo,2024-08-18,-0.2,-5.4,-3.2,-4.4,2.8
San José de Maipo,2024-08-19,-2.8,-4.5,-3.7,-5.8,0.2
San José de Maipo,2024-08-20,-3.8,-8.4,-5.7,-7.4,7.5
San José de Maipo,2024-08-21,-8.4,-12.1,-10.7,-12.3,6.4
San José de Maipo,2024-08-22,-9.5,-13.5,-11.4,-13.4,5.4
San José de Maipo,2024-08-23,-11.1,-19.0,-13.5,-15.6,4.4
San José de Maipo,2024-08-24,0.1,-20.0,-9.8,-4.3,0.0
San José de Maipo,2024-08-25,3.2,-0.9,1.1,0.6,0.1
San José de Maipo,2024-08-26,-0.5,-6.8,-2.6,-3.3,0.5
San José de Maipo,2024-08-27,3.0,-0.9,1.5,0.4,0.0
San José de Maipo,2024-08-28,1.2,-3.4,-0.3,-1.5,0.0
San José de Maipo,2024-08-29,0.1,-5.8,-3.0,-1.9,0.0
San José de Maipo,2024-08-30,-4.1,-7.3,-5.4,-7.9,0.0
San José de Maipo,2024-08-31,4.9,-9.0,-1.6,0.7,0.0
San José de Maipo,2024-09-01,7.4,3.8,5.3,5.4,0.0
San José de Maipo,2024-09-02,4.7,-4.7,0.1,1.1,2.8
San José de Maipo,2024-09-03,1.1,-11.6,-3.6,-2.5,0.0
San José de Maipo,2024-09-04,4.1,-7.8,-2.1,-0.8,0.0
San José de Maipo,2024-09-05,4.9,2.2,3.6,2.7,0.0
San José de Maipo,2024-09-06,3.3,-2.8,0.2,-0.7,0.3
San José de Maipo,2024-09-07,1.9,-2.7,0.2,-2.2,0.0
San José de Maipo,2024-09-08,2.5,-0.6,1.4,-0.4,0.1
San José de Maipo,2024-09-09,1.9,-0.8,0.6,-1.8,4.9
San José de Maipo,2024-09-10,0.7,-4.4,-1.4,-2.7,11.8
San José de Maipo,2024-09-11,1.0,-6.2,-2.2,-1.3,0.1
San José de Maipo,2024-09-12,1.5,-3.7,-0.3,-1.1,0.0
San José de Maipo,2024-09-13,-0.8,-8.3,-3.5,-2.7,0.0
San José de Maipo,2024-09-14,1.5,-3.5,-0.7,0.1,0.0
San José de Maipo,2024-09-15,2.1,-2.8,-0.1,-0.2,0.0
San José de Maipo,2024-09-16,6.2,-2.2,3.3,2.5,0.0
San José de Maipo,2024-09-17,3.0,-4.6,0.1,-0.2,0.0
San José de Maipo,2024-09-18,3.2,-4.7,1.1,-0.6,2.2
San José de Maipo,2024-09-19,-4.9,-8.6,-6.7,-8.5,12.2
San José de Maipo,2024-09-20,2.0,-6.5,-0.8,-2.6,0.0
San José de Maipo,2024-09-21,1.3,-2.6,-0.1,-0.6,0.1
San José de Maipo,2024-09-22,-2.9,-5.7,-4.9,-6.9,37.1
San José de Maipo,2024-09-23,-1.9,-5.3,-3.7,-5.5,23.6
San José de Maipo,2024-09-24,-2.0,-4.7,-3.1,-4.2,7.3
San José de Maipo,2024-09-25,-1.4,-10.4,-3.6,-2.6,0.3
San José de Maipo,2024-09-26,5.6,-8.6,0.9,1.3,0.0
San José de Maipo,2024-09-27,5.7,-0.2,2.9,1.1,0.0
San José de Maipo,2024-09-28,5.8,1.8,4.1,1.5,0.0
San José de Maipo,2024-09-29,6.2,2.0,4.2,2.9,0.0
San José de Maipo,2024-09-30,2.0,-3.0,-1.1,-1.3,5.8
San José de Maipo,2024-10-01,-0.6,-4.0,-2.8,-4.8,4.1
San José de Maipo,2024-10-02,1.8,-2.2,0.4,0.8,0.0
San José de Maipo,2024-10-03,7.4,1.4,3.4,3.2,0.0
San José de Maipo,2024-10-04,9.1,3.5,6.6,4.6,0.0
San José de Maipo,2024-10-05,10.4,4.1,7.4,6.5,0.0
San José de Maipo,2024-10-06,8.9,2.3,5.0,4.6,4.2
San José de Maipo,2024-10-07,3.2,0.7,1.9,2.4,6.3
San José de Maipo,2024-10-08,2.0,-0.9,-0.1,-1.2,10.2
San José de Maipo,2024-10-09,3.2,-0.4,0.7,-0.6,0.9
San José de Maipo,2024-10-10,3.3,-0.6,2.2,2.5,0.0
San José de Maipo,2024-10-11,3.7,-1.3,1.1,-0.5,3.0
San José de Maipo,2024-10-12,2.6,-0.8,1.2,-1.5,1.5
San José de Maipo,2024-10-13,3.1,-0.9,2.1,2.3,0.0
San José de Maipo,2024-10-14,5.4,-1.0,1.7,1.8,0.0
San José de Maipo,2024-10-15,9.1,4.8,6.4,4.8,0.0
San José de Maipo,2024-10-16,8.6,-2.7,4.0,4.5,0.0
San José de Maipo,2024-10-17,7.8,2.4,5.1,5.0,0.0
San José de Maipo,2024-10-18,10.3,2.2,6.3,5.9,0.0
San José de Maipo,2024-10-19,11.4,5.2,9.4,9.6,0.0
San José de Maipo,2024-10-20,5.1,0.3,2.1,3.6,0.1
San José de Maipo,2024-10-21,6.3,-2.2,1.9,6.0,0.0
San José de Maipo,2024-10-22,5.5,-3.7,1.1,5.3,6.0
San José de Maipo,2024-10-23,0.1,-6.0,-2.2,-2.1,6.9
San José de Maipo,2024-10-24,3.2,-7.2,-0.8,3.1,0.1
San José de Maipo,2024-10-25,5.2,-4.0,0.1,3.7,0.5
San José de Maipo,2024-10-26,8.1,-1.9,3.8,6.8,0.0
San José de Maipo,2024-10-27,9.6,1.1,6.0,9.5,0.4
San José de Maipo,2024-10-28,13.1,0.2,7.2,13.2,0.0
San José de Maipo,2024-10-29,13.8,3.8,10.3,13.7,0.0
San José de Maipo,2024-10-30,11.7,3.2,7.1,11.6,0.0
San José de Maipo,2024-10-31,10.6,1.7,6.6,9.7,0.3
San José de Maipo,2024-11-01,7.2,0.1,4.5,6.2,0.4
San José de Maipo,2024-11-02,5.9,-1.4,2.5,4.8,0.3
San José de Maipo,2024-11-03,5.4,-2.0,2.5,2.3,2.2
San José de Maipo,2024-11-04,5.1,-3.3,1.1,3.9,0.1
San José de Maipo,2024-11-05,9.1,-0.2,5.1,8.8,0.0
San José de Maipo,2024-11-06,8.4,2.8,5.4,7.4,0.0
San José de Maipo,2024-11-07,7.9,3.2,5.7,5.4,0.0
San José de Maipo,2024-11-08,9.7,1.5,6.0,8.9,0.6
San José de Maipo,2024-11-09,11.1,3.3,6.5,9.7,1.7
San José de Maipo,2024-11-10,2.8,-1.2,0.3,0.3,22.4
San José de Maipo,2024-11-11,6.0,-4.6,1.7,3.8,0.0
San José de Maipo,2024-11-12,7.4,2.0,4.3,6.4,0.0
San José de Maipo,2024-11-13,7.2,1.2,4.4,8.8,0.0
San José de Maipo,2024-11-14,6.8,1.3,4.2,7.9,0.0
San José de Maipo,2024-11-15,6.7,0.8,4.2,7.6,0.3
San José de Maipo,2024-11-16,4.4,1.1,2.6,1.7,1.9
San José de Maipo,2024-11-17,3.8,0.9,2.1,2.4,13.1
San José de Maipo,2024-11-18,5.2,-0.1,2.7,5.8,5.6
San José de Maipo,2024-11-19,5.9,1.3,3.9,5.6,0.8
San José de Maipo,2024-11-20,6.3,2.6,4.5,4.6,1.6
San José de Maipo,2024-11-21,8.9,1.4,5.8,8.7,0.6
San José de Maipo,2024-11-22,10.5,3.8,7.6,11.8,0.0
San José de Maipo,2024-11-23,11.1,3.8,7.9,12.1,0.3
San José de Maipo,2024-11-24,6.0,3.5,4.8,4.5,4.8
San José de Maipo,2024-11-25,7.5,2.7,4.7,5.9,4.7
San José de Maipo,2024-11-26,7.8,2.7,5.1,7.2,0.8
San José de Maipo,2024-11-27,5.8,1.4,3.6,3.5,1.7
San José de Maipo,2024-11-28,6.8,2.0,4.6,6.8,0.7
San José de Maipo,2024-11-29,8.1,1.9,5.6,7.7,0.9
San José de Maipo,2024-11-30,8.1,1.4,4.8,7.2,1.6
San José de Maipo,2024-12-01,3.8,-2.0,1.0,3.0,1.1
San José de Maipo,2024-12-02,7.2,0.1,4.0,6.3,0.6
San José de Maipo,2024-12-03,6.0,0.8,3.0,4.9,12.2
San José de Maipo,2024-12-04,6.6,-0.6,3.4,5.6,0.3
San José de Maipo,2024-12-05,3.0,-0.9,1.0,1.0,7.5
San José de Maipo,2024-12-06,5.1,-2.1,2.4,3.9,1.0
San José de Maipo,2024-12-07,6.7,2.4,4.4,5.8,0.7
San José de Maipo,2024-12-08,6.5,1.1,3.7,6.1,0.4
San José de Maipo,2024-12-09,9.4,-0.2,5.4,9.6,0.0
San José de Maipo,2024-12-10,12.2,3.2,8.6,12.6,0.0
San José de Maipo,2024-12-11,11.9,3.8,8.4,12.4,0.0
San José de Maipo,2024-12-12,6.9,3.2,4.9,6.1,2.5
San José de Maipo,2024-12-13,10.1,3.4,6.8,9.9,0.0
San José de Maipo,2024-12-14,11.9,2.6,7.5,11.5,0.0
San José de Maipo,2024-12-15,11.2,3.0,7.6,12.0,0.6
San José de Maipo,2024-12-16,12.0,1.7,7.3,11.6,0.6
San José de Maipo,2024-12-17,10.4,3.2,6.6,9.3,2.2
San José de Maipo,2024-12-18,9.0,1.1,5.7,8.7,0.1
San José de Maipo,2024-12-19,13.1,3.3,8.2,12.8,0.2
San José de Maipo,2024-12-20,9.2,3.5,6.6,6.7,0.0
San José de Maipo,2024-12-21,12.9,4.0,8.7,12.8,0.0
San José de Maipo,2024-12-22,15.9,6.2,11.3,15.3,0.0
San José de Maipo,2024-12-23,12.5,5.3,9.4,11.3,0.0
San José de Maipo,2024-12-24,15.1,4.8,10.4,14.5,0.0
San José de Maipo,2024-12-25,16.9,6.0,11.5,16.2,0.0
San José de Maipo,2024-12-26,13.3,8.0,10.4,11.8,0.4
San José de Maipo,2024-12-27,11.8,5.6,8.7,11.2,4.7
San José de Maipo,2024-12-28,12.6,5.1,9.2,12.6,0.2
San José de Maipo,2024-12-29,13.6,6.6,9.9,12.9,0.2
San José de Maipo,2024-12-30,11.9,4.9,8.6,11.8,0.4
San José de Maipo,2024-12-31,10.8,5.2,8.3,10.5,0.6
San Miguel,2024-01-01,29.8,13.3,20.4,30.3,0.0
San Miguel,2024-01-02,30.6,14.0,21.5,31.6,0.0
San Miguel,2024-01-03,30.3,17.5,22.5,30.8,0.0
San Miguel,2024-01-04,29.3,16.0,21.8,30.5,0.0
San Miguel,2024-01-05,27.3,15.7,20.7,28.2,0.0
San Miguel,2024-01-06,27.6,15.2,20.6,28.0,0.0
San Miguel,2024-01-07,30.1,14.1,21.7,29.5,0.0
San Miguel,2024-01-08,29.9,14.8,21.8,29.7,0.0
San Miguel,2024-01-09,29.7,14.8,21.5,29.5,0.0
San Miguel,2024-01-10,30.0,15.2,21.8,29.5,0.0
San Miguel,2024-01-11,30.2,17.3,22.1,29.8,0.0
San Miguel,2024-01-12,28.7,15.9,20.9,28.9,0.0
San Miguel,2024-01-13,28.0,12.9,19.6,27.9,0.0
San Miguel,2024-01-14,33.7,15.4,23.8,32.9,0.0
San Miguel,2024-01-15,30.7,15.6,23.5,29.5,0.0
San Miguel,2024-01-16,31.7,12.6,21.9,30.2,0.0
San Miguel,2024-01-17,30.5,17.9,23.2,31.2,0.0
San Miguel,2024-01-18,32.4,15.4,23.2,32.0,0.0
San Miguel,2024-01-19,33.1,20.0,25.4,32.9,0.0
San Miguel,2024-01-20,31.0,19.5,24.3,31.1,0.0
San Miguel,2024-01-21,32.8,18.7,24.4,33.0,0.0
San Miguel,2024-01-22,33.6,18.8,24.9,34.5,0.0
San Miguel,2024-01-23,31.1,16.1,22.8,32.3,0.0
San Miguel,2024-01-24,34.8,18.1,25.4,35.4,0.0
San Miguel,2024-01-25,31.8,18.7,24.3,32.5,0.0
San Miguel,2024-01-26,30.7,16.4,22.6,30.8,0.0
San Miguel,2024-01-27,33.5,17.9,24.0,34.7,0.0
San Miguel,2024-01-28,29.9,18.2,23.1,30.7,0.0
San Miguel,2024-01-29,32.6,17.9,24.2,33.6,0.0
San Miguel,2024-01-30,35.1,18.4,25.8,35.8,0.0
San Miguel,2024-01-31,36.8,21.1,28.1,36.3,0.0
San Miguel,2024-02-01,34.7,21.7,27.1,34.1,0.0
San Miguel,2024-02-02,35.4,19.9,26.8,34.5,0.0
San Miguel,2024-02-03,36.0,21.2,27.5,35.3,0.0
San Miguel,2024-02-04,31.0,18.6,24.5,31.5,0.0
San Miguel,2024-02-05,32.6,15.6,23.5,33.0,0.0
San Miguel,2024-02-06,31.2,18.7,24.1,31.2,0.0
San Miguel,2024-02-07,34.3,17.4,24.9,34.4,0.0
San Miguel,2024-02-08,32.6,19.9,25.1,33.7,0.0
San Miguel,2024-02-09,31.4,17.3,23.1,31.6,0.0
San Miguel,2024-02-10,33.6,18.1,24.8,34.3,0.0
San Miguel,2024-02-11,30.2,16.5,22.5,30.1,0.0
San Miguel,2024-02-12,34.7,16.8,24.9,33.8,0.0
San Miguel,2024-02-13,31.5,17.7,25.0,31.2,0.0
San Miguel,2024-02-14,32.0,15.7,22.3,32.5,0.0
San Miguel,2024-02-15,32.7,16.6,22.6,34.4,0.0
San Miguel,2024-02-16,30.1,16.0,22.4,31.3,0.0
San Miguel,2024-02-17,33.2,17.2,24.6,33.0,0.0
San Miguel,2024-02-18,33.5,19.8,25.5,33.8,0.0
San Miguel,2024-02-19,28.8,16.2,21.5,29.3,0.0
San Miguel,2024-02-20,29.8,15.0,20.9,30.9,0.0
San Miguel,2024-02-21,29.0,14.4,20.4,29.5,0.0
San Miguel,2024-02-22,19.4,14.8,16.8,18.9,12.9
San Miguel,2024-02-23,28.5,14.7,20.8,30.1,0.0
San Miguel,2024-02-24,29.9,16.1,22.3,30.9,0.0
San Miguel,2024-02-25,30.4,16.6,22.5,31.0,0.0
San Miguel,2024-02-26,31.1,16.5,23.1,32.2,0.0
San Miguel,2024-02-27,30.7,18.3,23.5,30.7,0.0
San Miguel,2024-02-28,32.2,16.9,23.4,32.2,0.0
San Miguel,2024-02-29,32.8,18.0,24.6,32.7,0.0
San Miguel,2024-03-01,29.6,18.5,23.3,29.6,0.0
San Miguel,2024-03-02,30.8,17.1,23.3,30.7,0.0
San Miguel,2024-03-03,31.0,19.4,23.9,30.5,0.0
San Miguel,2024-03-04,31.8,18.4,23.6,31.6,0.0
San Miguel,2024-03-05,30.2,18.4,23.1,29.5,0.0
San Miguel,2024-03-06,29.4,17.0,22.0,29.4,0.0
San Miguel,2024-03-07,28.3,14.6,20.2,28.5,0.0
San Miguel,2024-03-08,28.2,12.3,19.2,27.3,0.0
San Miguel,2024-03-09,30.7,14.9,21.7,29.7,0.0
San Miguel,2024-03-10,29.6,16.2,21.7,29.1,0.0
San Miguel,2024-03-11,28.1,13.9,19.5,28.7,0.0
San Miguel,2024-03-12,28.5,12.6,19.8,27.6,0.0
San Miguel,2024-03-13,28.5,13.7,20.4,28.0,0.0
San Miguel,2024-03-14,28.7,16.3,21.4,27.7,0.0
San Miguel,2024-03-15,28.8,16.6,21.1,27.5,0.0
San Miguel,2024-03-16,29.0,14.4,20.9,27.7,0.0
San Miguel,2024-03-17,30.3,17.1,22.1,28.6,0.0
San Miguel,2024-03-18,31.5,18.3,23.5,29.8,0.0
San Miguel,2024-03-19,28.6,16.0,22.1,27.0,0.0
San Miguel,2024-03-20,22.4,12.5,16.7,21.8,0.9
San Miguel,2024-03-21,31.8,14.7,22.1,31.0,0.5
San Miguel,2024-03-22,32.3,20.3,24.7,31.6,0.0
San Miguel,2024-03-23,30.0,16.1,22.5,29.1,0.0
San Miguel,2024-03-24,30.7,18.7,23.3,30.8,0.0
San Miguel,2024-03-25,28.4,16.5,21.5,28.9,0.0
San Miguel,2024-03-26,29.8,15.2,21.4,30.4,0.0
San Miguel,2024-03-27,29.5,16.7,22.4,29.9,0.0
San Miguel,2024-03-28,29.6,18.4,22.5,30.0,0.0
San Miguel,2024-03-29,30.4,17.3,22.7,30.5,0.0
San Miguel,2024-03-30,31.6,17.1,23.3,30.9,0.0
San Miguel,2024-03-31,29.8,17.9,22.8,27.6,0.0
San Miguel,2024-04-01,26.9,13.6,19.7,24.9,0.0
San Miguel,2024-04-02,25.1,15.1,19.3,22.7,0.1
San Miguel,2024-04-03,21.1,13.4,16.6,20.5,0.0
San Miguel,2024-04-04,27.2,13.6,19.5,27.0,0.0
San Miguel,2024-04-05,28.6,17.0,21.1,27.7,0.0
San Miguel,2024-04-06,25.7,12.5,18.7,24.3,0.0
San Miguel,2024-04-07,29.2,16.5,20.8,27.7,0.0
San Miguel,2024-04-08,25.9,15.2,19.2,24.1,0.0
San Miguel,2024-04-09,27.1,15.6,19.8,26.2,0.0
San Miguel,2024-04-10,27.6,14.6,19.8,26.4,0.0
San Miguel,2024-04-11,22.7,12.1,15.8,20.7,0.0
San Miguel,2024-04-12,16.6,11.4,13.5,14.9,0.0
San Miguel,2024-04-13,19.0,9.0,13.6,17.3,0.8
San Miguel,2024-04-14,20.8,10.2,14.9,19.2,1.0
San Miguel,2024-04-15,19.1,11.7,13.6,16.6,7.7
San Miguel,2024-04-16,22.7,10.1,15.8,21.2,0.0
San Miguel,2024-04-17,27.8,9.6,18.1,25.9,0.0
San Miguel,2024-04-18,29.9,13.1,19.8,28.7,0.0
San Miguel,2024-04-19,24.6,14.6,18.5,22.9,0.0
San Miguel,2024-04-20,22.0,15.6,17.8,20.6,0.0
San Miguel,2024-04-21,19.0,12.9,15.9,17.4,0.0
San Miguel,2024-04-22,20.8,11.5,15.6,19.0,0.0
San Miguel,2024-04-23,24.7,11.6,17.0,22.9,0.0
San Miguel,2024-04-24,22.6,12.3,16.1,21.0,0.0
San Miguel,2024-04-25,22.0,12.2,15.5,18.6,0.0
San Miguel,2024-04-26,19.8,10.2,14.1,17.3,0.0
San Miguel,2024-04-27,20.8,9.7,13.5,18.6,0.0
San Miguel,2024-04-28,18.2,8.7,12.7,15.2,0.0
San Miguel,2024-04-29,18.7,7.2,12.3,14.5,0.0
San Miguel,2024-04-30,16.0,7.2,11.9,14.2,21.2
San Miguel,2024-05-01,15.2,9.0,11.2,12.8,0.9
San Miguel,2024-05-02,15.2,3.5,9.4,12.6,0.0
San Miguel,2024-05-03,16.4,7.5,10.6,14.3,0.0
San Miguel,2024-05-04,18.0,7.1,12.0,15.2,0.0
San Miguel,2024-05-05,16.2,9.4,12.0,14.4,0.0
San Miguel,2024-05-06,16.2,7.0,11.2,14.3,0.0
San Miguel,2024-05-07,11.0,4.4,7.3,9.1,31.1
San Miguel,2024-05-08,15.0,1.3,7.1,13.8,0.0
San Miguel,2024-05-09,17.8,4.8,9.9,15.8,0.0
San Miguel,2024-05-10,14.0,5.4,9.3,12.3,0.0
San Miguel,2024-05-11,14.2,5.7,9.2,11.8,0.0
San Miguel,2024-05-12,13.6,4.5,8.9,10.7,0.0
San Miguel,2024-05-13,14.7,2.3,7.5,12.4,0.0
San Miguel,2024-05-14,15.7,3.1,8.9,13.1,0.0
San Miguel,2024-05-15,10.5,3.7,6.8,7.7,2.5
San Miguel,2024-05-16,13.9,1.5,6.8,11.1,0.0
San Miguel,2024-05-17,13.6,2.9,7.6,11.1,0.3
San Miguel,2024-05-18,15.2,2.3,7.7,12.6,0.0
San Miguel,2024-05-19,17.8,3.2,10.5,15.6,0.0
San Miguel,2024-05-20,12.0,9.4,10.2,9.7,36.0
San Miguel,2024-05-21,14.5,7.8,10.4,13.2,3.7
San Miguel,2024-05-22,11.1,7.8,9.5,9.9,28.2
San Miguel,2024-05-23,12.9,4.8,8.3,11.0,13.5
San Miguel,2024-05-24,17.0,3.3,9.8,15.6,0.0
San Miguel,2024-05-25,16.0,9.2,11.7,14.6,0.1
San Miguel,2024-05-26,14.4,5.9,9.0,13.0,19.8
San Miguel,2024-05-27,17.7,4.3,10.7,16.4,0.0
San Miguel,2024-05-28,19.9,6.6,12.5,18.3,0.0
San Miguel,2024-05-29,18.6,9.2,14.4,17.7,0.0
San Miguel,2024-05-30,20.1,9.4,14.4,19.7,0.0
San Miguel,2024-05-31,18.1,8.2,12.8,16.5,0.0
San Miguel,2024-06-01,19.0,5.8,12.1,18.1,0.0
San Miguel,2024-06-02,21.6,12.5,15.5,22.2,0.0
San Miguel,2024-06-03,20.2,12.1,16.4,17.7,0.0
San Miguel,2024-06-04,19.4,10.9,14.6,18.3,0.1
San Miguel,2024-06-05,18.7,10.6,14.7,16.5,0.1
San Miguel,2024-06-06,17.3,14.1,15.6,16.6,0.0
San Miguel,2024-06-07,20.9,13.1,17.6,21.4,0.0
San Miguel,2024-06-08,17.7,9.3,13.3,15.2,3.9
San Miguel,2024-06-09,14.0,9.1,11.0,13.0,13.5
San Miguel,2024-06-10,14.8,9.5,12.4,14.4,0.0
San Miguel,2024-06-11,15.7,11.0,13.6,14.8,0.0
San Miguel,2024-06-12,14.4,9.9,12.3,12.8,0.0
San Miguel,2024-06-13,13.3,9.5,10.8,9.9,51.6
San Miguel,2024-06-14,14.8,6.7,10.3,13.0,16.1
San Miguel,2024-06-15,14.1,4.7,9.3,12.1,0.0
San Miguel,2024-06-16,14.5,3.4,8.3,13.4,0.0
San Miguel,2024-06-17,15.0,4.7,9.1,12.7,0.8
San Miguel,2024-06-18,11.9,7.6,9.4,10.6,25.7
San Miguel,2024-06-19,15.4,5.3,9.6,13.6,24.1
San Miguel,2024-06-20,13.0,8.3,10.7,12.1,0.0
San Miguel,2024-06-21,9.5,7.6,8.4,7.8,45.7
San Miguel,2024-06-22,9.7,6.4,7.7,8.1,16.1
San Miguel,2024-06-23,11.2,6.2,7.8,9.0,0.4
San Miguel,2024-06-24,8.5,4.8,6.8,6.9,0.0
San Miguel,2024-06-25,10.7,2.6,6.4,8.6,0.3
San Miguel,2024-06-26,17.0,1.5,8.5,15.3,0.0
San Miguel,2024-06-27,16.5,6.8,10.8,15.2,0.0
San Miguel,2024-06-28,15.9,5.6,10.1,15.2,0.0
San Miguel,2024-06-29,18.7,5.6,12.0,17.8,0.0
San Miguel,2024-06-30,19.2,6.5,12.0,17.7,0.0
San Miguel,2024-07-01,20.3,7.1,12.4,19.0,0.0
San Miguel,2024-07-02,18.5,6.5,11.7,16.7,0.0
San Miguel,2024-07-03,16.9,8.2,12.3,15.3,0.0
San Miguel,2024-07-04,15.2,5.9,10.0,13.8,0.0
San Miguel,2024-07-05,15.9,3.4,8.7,14.1,0.0
San Miguel,2024-07-06,14.1,3.2,7.6,11.6,0.0
San Miguel,2024-07-07,14.0,2.0,7.5,12.0,0.0
San Miguel,2024-07-08,14.3,2.2,7.8,12.2,0.0
San Miguel,2024-07-09,11.3,1.6,5.4,8.5,0.0
San Miguel,2024-07-10,10.3,0.8,5.0,8.0,0.0
San Miguel,2024-07-11,11.8,0.4,5.2,9.2,0.0
San Miguel,2024-07-12,14.6,2.2,7.6,11.4,0.0
San Miguel,2024-07-13,15.1,1.2,7.3,13.0,0.0
San Miguel,2024-07-14,14.6,2.6,8.5,12.0,0.0
San Miguel,2024-07-15,17.1,3.3,9.4,13.9,0.0
San Miguel,2024-07-16,20.8,7.7,13.6,19.1,0.0
San Miguel,2024-07-17,19.3,6.8,13.1,17.4,0.0
San Miguel,2024-07-18,15.9,8.8,12.0,13.7,0.1
San Miguel,2024-07-19,16.0,7.8,11.6,15.0,0.0
San Miguel,2024-07-20,14.8,6.7,9.7,14.2,0.0
San Miguel,2024-07-21,14.8,6.3,9.9,11.7,0.0
San Miguel,2024-07-22,18.3,7.9,13.0,17.1,0.0
San Miguel,2024-07-23,11.6,6.4,8.9,10.1,0.3
San Miguel,2024-07-24,16.6,3.6,10.1,15.8,0.0
San Miguel,2024-07-25,18.6,5.6,11.1,16.8,0.0
San Miguel,2024-07-26,14.7,8.1,10.9,13.4,0.0
San Miguel,2024-07-27,16.9,6.7,10.9,15.2,0.0
San Miguel,2024-07-28,17.7,9.4,12.9,16.3,0.0
San Miguel,2024-07-29,22.8,6.6,14.3,22.0,0.0
San Miguel,2024-07-30,18.8,12.2,15.0,17.4,0.0
San Miguel,2024-07-31,14.5,8.8,11.8,13.4,0.0
San Miguel,2024-08-01,13.2,8.7,10.1,10.2,0.0
San Miguel,2024-08-02,12.8,6.2,9.4,10.3,65.0
San Miguel,2024-08-03,16.2,3.5,9.6,13.5,6.1
San Miguel,2024-08-04,16.0,7.8,11.1,14.2,0.0
San Miguel,2024-08-05,11.3,6.6,8.9,9.6,8.9
San Miguel,2024-08-06,12.0,4.8,7.6,9.6,10.7
San Miguel,2024-08-07,10.8,0.5,5.9,8.6,0.0
San Miguel,2024-08-08,13.9,-0.3,6.1,11.8,0.0
San Miguel,2024-08-09,19.2,2.7,10.3,17.2,0.0
San Miguel,2024-08-10,19.5,5.7,11.7,17.5,0.0
San Miguel,2024-08-11,20.9,5.6,12.7,19.4,0.0
San Miguel,2024-08-12,23.7,8.5,15.6,23.0,0.0
San Miguel,2024-08-13,20.7,8.9,13.4,20.3,0.0
San Miguel,2024-08-14,15.3,9.8,12.1,15.0,0.0
San Miguel,2024-08-15,17.0,8.3,11.7,15.8,0.0
San Miguel,2024-08-16,13.7,7.9,10.5,12.7,0.0
San Miguel,2024-08-17,15.7,8.2,10.8,14.1,0.0
San Miguel,2024-08-18,13.4,7.7,9.7,11.9,0.0
San Miguel,2024-08-19,12.5,5.7,8.7,10.5,0.0
San Miguel,2024-08-20,10.6,4.4,6.9,8.2,0.2
San Miguel,2024-08-21,11.7,4.6,6.8,8.3,7.8
San Miguel,2024-08-22,11.5,1.2,6.4,8.7,0.1
San Miguel,2024-08-23,10.7,2.8,6.0,8.3,1.8
San Miguel,2024-08-24,17.6,0.7,8.5,15.8,0.0
San Miguel,2024-08-25,19.9,6.6,12.3,18.9,0.0
San Miguel,2024-08-26,17.3,4.3,11.4,15.9,0.0
San Miguel,2024-08-27,19.0,4.0,11.3,18.0,0.0
San Miguel,2024-08-28,15.8,7.2,11.0,15.5,0.0
San Miguel,2024-08-29,13.1,7.1,9.2,11.1,0.3
San Miguel,2024-08-30,13.8,6.9,9.3,11.8,1.4
San Miguel,2024-08-31,19.5,4.4,11.3,19.0,0.0
San Miguel,2024-09-01,24.0,8.3,15.0,23.3,0.0
San Miguel,2024-09-02,14.7,7.5,11.4,13.1,0.1
San Miguel,2024-09-03,16.2,7.6,11.3,14.2,0.0
San Miguel,2024-09-04,19.5,7.0,13.2,18.5,0.0
San Miguel,2024-09-05,21.9,7.1,14.2,21.2,0.0
San Miguel,2024-09-06,17.9,9.5,13.2,17.5,0.0
San Miguel,2024-09-07,16.8,8.3,11.5,16.7,0.0
San Miguel,2024-09-08,19.6,7.7,13.2,18.3,0.0
San Miguel,2024-09-09,21.3,11.8,15.5,20.6,0.0
San Miguel,2024-09-10,18.1,9.4,13.5,16.7,0.6
San Miguel,2024-09-11,18.8,6.6,12.5,18.2,0.3
San Miguel,2024-09-12,16.9,8.9,12.1,16.4,0.0
San Miguel,2024-09-13,18.3,7.0,11.9,17.5,0.0
San Miguel,2024-09-14,22.5,5.7,14.3,21.3,0.0
San Miguel,2024-09-15,22.9,8.2,15.9,21.9,0.0
San Miguel,2024-09-16,24.6,9.6,16.2,23.0,0.0
San Miguel,2024-09-17,21.7,8.0,14.4,21.2,0.0
San Miguel,2024-09-18,22.0,9.0,15.2,21.0,0.0
San Miguel,2024-09-19,17.1,6.5,11.5,14.4,1.7
San Miguel,2024-09-20,18.5,6.0,12.3,17.7,0.0
San Miguel,2024-09-21,17.1,8.5,12.1,16.4,0.0
San Miguel,2024-09-22,13.6,8.2,10.8,11.7,3.5
San Miguel,2024-09-23,15.6,9.7,12.0,14.7,0.6
San Miguel,2024-09-24,17.7,8.4,12.1,17.7,0.0
San Miguel,2024-09-25,17.5,8.0,11.8,16.5,0.0
San Miguel,2024-09-26,24.3,5.6,15.0,23.4,0.0
San Miguel,2024-09-27,22.1,9.8,16.2,21.6,0.0
San Miguel,2024-09-28,24.0,14.6,18.0,23.7,0.0
San Miguel,2024-09-29,19.1,10.2,14.3,19.5,0.0
San Miguel,2024-09-30,18.9,8.8,12.2,17.9,0.0
San Miguel,2024-10-01,17.9,6.9,12.2,15.4,0.0
San Miguel,2024-10-02,21.3,8.5,14.4,20.9,0.0
San Miguel,2024-10-03,25.1,11.8,17.8,25.4,0.0
San Miguel,2024-10-04,25.3,12.5,17.7,25.3,0.0
San Miguel,2024-10-05,25.5,10.5,18.6,25.6,0.0
San Miguel,2024-10-06,22.0,14.0,17.8,21.2,0.4
San Miguel,2024-10-07,23.1,11.8,16.6,23.5,4.2
San Miguel,2024-10-08,16.2,10.2,12.5,14.8,5.9
San Miguel,2024-10-09,19.4,9.9,14.2,18.2,0.0
San Miguel,2024-10-10,18.5,10.3,13.9,17.9,0.0
San Miguel,2024-10-11,18.8,10.8,13.8,17.9,0.0
San Miguel,2024-10-12,18.8,11.1,14.8,18.2,0.0
San Miguel,2024-10-13,23.9,11.9,16.7,24.6,0.0
San Miguel,2024-10-14,22.3,11.0,16.3,21.8,0.0
San Miguel,2024-10-15,28.1,11.1,18.6,28.4,0.0
San Miguel,2024-10-16,20.0,8.9,14.7,20.2,0.0
San Miguel,2024-10-17,26.6,8.4,17.3,27.2,0.0
San Miguel,2024-10-18,29.1,12.0,20.2,29.5,0.0
San Miguel,2024-10-19,22.8,11.4,16.4,23.7,0.0
San Miguel,2024-10-20,20.6,9.7,13.9,19.3,0.7
San Miguel,2024-10-21,24.4,10.0,16.5,24.6,0.0
San Miguel,2024-10-22,23.9,11.3,16.8,24.4,3.4
San Miguel,2024-10-23,19.4,9.9,13.5,19.4,8.4
San Miguel,2024-10-24,25.9,8.2,16.7,25.7,0.0
San Miguel,2024-10-25,24.1,9.7,16.2,24.0,0.0
San Miguel,2024-10-26,29.1,10.3,19.4,29.3,0.0
San Miguel,2024-10-27,27.9,12.5,19.7,28.5,0.0
San Miguel,2024-10-28,32.3,13.0,21.6,33.0,0.0
San Miguel,2024-10-29,25.3,13.3,19.4,25.8,0.0
San Miguel,2024-10-30,26.2,12.1,17.8,27.1,0.0
San Miguel,2024-10-31,27.0,12.4,18.7,27.7,0.0
San Miguel,2024-11-01,20.8,11.8,14.7,20.0,0.0
San Miguel,2024-11-02,25.9,9.3,17.2,25.4,0.0
San Miguel,2024-11-03,24.2,10.8,16.6,23.5,0.0
San Miguel,2024-11-04,24.0,10.2,16.3,22.6,0.0
San Miguel,2024-11-05,27.4,12.2,19.1,26.2,0.0
San Miguel,2024-11-06,27.2,14.0,20.1,26.5,0.0
San Miguel,2024-11-07,25.6,14.3,20.1,24.7,0.0
San Miguel,2024-11-08,30.1,16.1,22.0,29.4,0.0
San Miguel,2024-11-09,28.2,14.7,21.0,27.9,0.0
San Miguel,2024-11-10,22.4,12.5,17.2,21.5,0.0
San Miguel,2024-11-11,26.5,12.3,19.2,24.9,0.0
San Miguel,2024-11-12,31.6,13.8,23.5,30.6,0.0
San Miguel,2024-11-13,27.8,15.8,22.4,28.2,0.0
San Miguel,2024-11-14,27.4,14.7,19.7,28.5,0.0
San Miguel,2024-11-15,25.9,11.8,18.4,26.2,0.0
San Miguel,2024-11-16,20.5,13.7,16.7,19.3,1.6
San Miguel,2024-11-17,26.1,10.9,17.8,27.0,0.0
San Miguel,2024-11-18,26.8,14.1,19.3,27.6,0.0
San Miguel,2024-11-19,26.3,12.3,18.0,26.5,0.0
San Miguel,2024-11-20,25.8,13.4,19.0,25.6,0.0
San Miguel,2024-11-21,28.1,15.3,20.4,29.0,0.0
San Miguel,2024-11-22,27.1,12.8,19.7,27.4,0.0
San Miguel,2024-11-23,30.0,14.7,21.6,30.4,0.0
San Miguel,2024-11-24,28.5,14.6,21.4,28.9,0.0
San Miguel,2024-11-25,27.1,15.8,20.9,26.7,0.0
San Miguel,2024-11-26,26.7,13.8,19.6,26.1,0.0
San Miguel,2024-11-27,25.5,12.4,18.0,24.9,0.0
San Miguel,2024-11-28,26.4,11.2,18.7,25.9,0.0
San Miguel,2024-11-29,28.8,15.1,21.4,28.3,0.0
San Miguel,2024-11-30,26.6,12.7,19.7,25.8,0.0
San Miguel,2024-12-01,24.6,9.9,16.9,24.0,0.0
San Miguel,2024-12-02,26.5,13.2,19.6,25.9,0.0
San Miguel,2024-12-03,26.6,13.5,19.1,26.8,0.0
San Miguel,2024-12-04,25.3,11.9,17.6,25.8,0.0
San Miguel,2024-12-05,22.7,10.1,15.9,22.4,0.0
San Miguel,2024-12-06,26.3,11.3,18.5,25.3,0.0
San Miguel,2024-12-07,27.0,14.5,20.0,27.4,0.0
San Miguel,2024-12-08,25.4,12.4,18.2,25.0,0.0
San Miguel,2024-12-09,30.3,13.0,21.2,30.0,0.0
San Miguel,2024-12-10,29.1,16.3,21.9,29.7,0.0
San Miguel,2024-12-11,30.3,15.5,22.3,30.5,0.0
San Miguel,2024-12-12,27.9,13.6,20.1,27.8,0.0
San Miguel,2024-12-13,30.1,16.0,22.5,30.2,0.0
San Miguel,2024-12-14,30.9,17.0,22.6,31.5,0.0
San Miguel,2024-12-15,27.6,15.9,20.6,28.7,0.0
San Miguel,2024-12-16,28.4,13.8,20.0,29.7,0.0
San Miguel,2024-12-17,26.9,13.9,19.5,27.9,0.0
San Miguel,2024-12-18,28.6,13.8,21.2,29.2,0.0
San Miguel,2024-12-19,33.1,17.2,24.6,33.3,0.0
San Miguel,2024-12-20,30.1,17.2,23.0,29.3,0.0
San Miguel,2024-12-21,32.6,17.3,24.7,32.7,0.0
San Miguel,2024-12-22,34.2,20.1,26.1,35.1,0.0
San Miguel,2024-12-23,30.1,20.1,24.7,31.2,0.0
San Miguel,2024-12-24,31.0,18.2,23.8,31.8,0.0
San Miguel,2024-12-25,29.4,16.7,22.2,31.1,0.0
San Miguel,2024-12-26,28.1,14.4,20.1,29.3,0.0
San Miguel,2024-12-27,28.6,15.2,20.9,30.6,0.0
San Miguel,2024-12-28,30.0,15.5,21.5,31.6,0.0
San Miguel,2024-12-29,31.3,15.9,22.5,33.2,0.0
San Miguel,2024-12-30,30.7,16.7,22.8,32.6,0.0
San Miguel,2024-12-31,31.0,17.7,23.6,31.3,0.0
San Pedro,2024-01-01,25.1,11.6,18.3,26.3,0.0
San Pedro,2024-01-02,30.3,13.4,20.9,30.2,0.0
San Pedro,2024-01-03,24.9,13.0,18.7,26.0,0.0
San Pedro,2024-01-04,22.8,13.4,17.7,23.3,0.0
San Pedro,2024-01-05,22.2,13.9,17.4,22.4,0.0
San Pedro,2024-01-06,24.7,13.9,18.8,24.9,0.0
San Pedro,2024-01-07,30.0,13.9,20.9,29.4,0.0
San Pedro,2024-01-08,29.9,15.4,21.2,29.9,0.0
San Pedro,2024-01-09,29.0,13.0,20.5,29.8,0.0
San Pedro,2024-01-10,30.3,12.5,20.4,29.8,0.0
San Pedro,2024-01-11,25.6,13.4,18.8,26.6,0.0
San Pedro,2024-01-12,23.8,12.3,17.0,24.5,0.0
San Pedro,2024-01-13,24.3,13.8,18.4,24.4,0.0
San Pedro,2024-01-14,33.1,12.0,21.9,30.6,0.0
San Pedro,2024-01-15,30.5,14.3,21.0,31.2,0.0
San Pedro,2024-01-16,31.9,11.6,21.1,30.2,0.0
San Pedro,2024-01-17,24.9,12.9,19.6,25.1,0.0
San Pedro,2024-01-18,32.6,13.4,22.2,30.9,0.0
San Pedro,2024-01-19,30.5,15.4,22.5,31.3,0.0
San Pedro,2024-01-20,26.2,12.1,18.6,26.8,0.0
San Pedro,2024-01-21,25.2,11.6,18.2,26.6,0.0
San Pedro,2024-01-22,24.5,14.2,18.6,25.6,0.0
San Pedro,2024-01-23,23.7,14.4,18.1,24.5,0.0
San Pedro,2024-01-24,28.3,12.2,19.0,30.1,0.0
San Pedro,2024-01-25,22.7,13.4,17.5,23.4,0.0
San Pedro,2024-01-26,25.3,14.7,18.6,27.0,0.0
San Pedro,2024-01-27,28.3,14.3,19.8,30.6,0.0
San Pedro,2024-01-28,24.4,15.4,18.5,25.5,0.0
San Pedro,2024-01-29,26.2,13.1,19.0,28.0,0.0
San Pedro,2024-01-30,36.1,14.1,23.5,36.2,0.0
San Pedro,2024-01-31,36.8,15.5,25.4,35.5,0.0
San Pedro,2024-02-01,35.0,17.7,25.2,34.8,0.0
San Pedro,2024-02-02,35.9,15.9,24.8,33.7,0.0
San Pedro,2024-02-03,35.0,20.4,26.1,32.7,0.0
San Pedro,2024-02-04,23.4,13.6,18.6,24.0,0.0
San Pedro,2024-02-05,30.3,13.8,21.1,31.3,0.0
San Pedro,2024-02-06,25.4,13.3,19.2,26.3,0.0
San Pedro,2024-02-07,35.0,15.7,24.3,36.5,0.0
San Pedro,2024-02-08,30.2,14.8,21.2,29.9,0.0
San Pedro,2024-02-09,25.3,13.1,18.8,25.6,0.0
San Pedro,2024-02-10,32.2,13.2,21.3,32.7,0.0
San Pedro,2024-02-11,27.9,12.8,19.8,29.5,0.0
San Pedro,2024-02-12,34.8,16.4,24.1,32.0,0.0
San Pedro,2024-02-13,23.2,16.4,19.2,23.5,0.0
San Pedro,2024-02-14,25.6,13.8,18.4,27.4,0.0
San Pedro,2024-02-15,24.8,13.2,18.2,25.8,0.0
San Pedro,2024-02-16,27.0,14.2,19.8,26.5,0.0
San Pedro,2024-02-17,34.4,15.2,23.4,31.7,0.0
San Pedro,2024-02-18,27.4,15.7,21.1,27.0,0.0
San Pedro,2024-02-19,22.5,14.5,17.7,22.5,0.0
San Pedro,2024-02-20,24.0,14.9,18.5,25.0,0.0
San Pedro,2024-02-21,23.3,12.8,17.7,23.9,0.0
San Pedro,2024-02-22,22.7,14.6,18.2,22.4,0.4
San Pedro,2024-02-23,29.3,14.3,21.2,30.4,0.0
San Pedro,2024-02-24,28.1,14.1,20.4,28.8,0.0
San Pedro,2024-02-25,25.9,13.6,19.2,26.7,0.0
San Pedro,2024-02-26,32.1,14.9,22.0,31.8,0.0
San Pedro,2024-02-27,30.0,13.8,21.5,30.6,0.0
San Pedro,2024-02-28,33.0,13.2,22.1,32.0,0.0
San Pedro,2024-02-29,32.8,14.7,23.2,32.9,0.0
San Pedro,2024-03-01,25.0,14.1,19.0,24.9,0.0
San Pedro,2024-03-02,30.8,14.9,22.3,27.9,0.0
San Pedro,2024-03-03,28.0,14.4,20.4,26.6,0.0
San Pedro,2024-03-04,29.1,12.2,19.6,29.4,0.0
San Pedro,2024-03-05,25.0,10.6,16.8,25.3,0.0
San Pedro,2024-03-06,27.3,11.9,18.3,26.5,0.0
San Pedro,2024-03-07,25.2,11.2,17.0,23.8,0.0
San Pedro,2024-03-08,26.8,10.5,18.1,26.0,0.0
San Pedro,2024-03-09,30.1,13.9,20.2,28.1,0.0
San Pedro,2024-03-10,24.0,12.3,17.8,24.1,0.0
San Pedro,2024-03-11,23.9,11.4,16.5,23.8,0.0
San Pedro,2024-03-12,28.2,11.1,18.6,27.7,0.0
San Pedro,2024-03-13,28.4,13.0,19.2,27.5,0.0
San Pedro,2024-03-14,27.8,13.4,19.3,24.7,0.0
San Pedro,2024-03-15,28.5,12.4,18.8,26.0,0.0
San Pedro,2024-03-16,28.5,12.3,18.8,24.6,0.0
San Pedro,2024-03-17,30.1,12.4,19.8,27.9,0.0
San Pedro,2024-03-18,30.4,13.1,20.2,26.5,0.0
San Pedro,2024-03-19,21.2,10.9,15.2,20.6,0.0
San Pedro,2024-03-20,19.7,12.3,15.8,18.5,0.4
San Pedro,2024-03-21,29.6,12.4,20.3,29.2,0.0
San Pedro,2024-03-22,30.9,14.3,21.7,31.6,0.0
San Pedro,2024-03-23,30.2,13.7,20.7,30.4,0.0
San Pedro,2024-03-24,30.9,15.8,21.7,29.6,0.0
San Pedro,2024-03-25,23.0,13.0,17.5,23.4,0.0
San Pedro,2024-03-26,29.5,12.6,20.0,28.6,0.0
San Pedro,2024-03-27,30.1,15.4,21.9,29.8,0.0
San Pedro,2024-03-28,23.8,13.5,18.3,24.7,0.0
San Pedro,2024-03-29,28.4,11.6,19.1,28.3,0.0
San Pedro,2024-03-30,28.8,14.9,21.0,25.3,0.0
San Pedro,2024-03-31,27.7,13.9,20.1,23.2,0.0
San Pedro,2024-04-01,25.7,12.9,18.1,21.6,0.0
San Pedro,2024-04-02,24.7,10.9,16.5,23.4,1.8
San Pedro,2024-04-03,23.9,15.4,18.3,24.2,0.6
San Pedro,2024-04-04,25.8,11.7,18.2,23.1,0.0
San Pedro,2024-04-05,26.9,12.5,18.6,26.1,0.0
San Pedro,2024-04-06,24.7,11.1,16.8,23.0,0.0
San Pedro,2024-04-07,26.1,11.4,17.7,23.7,0.0
San Pedro,2024-04-08,25.5,10.3,16.8,24.5,0.0
San Pedro,2024-04-09,26.1,12.8,17.9,25.7,0.0
San Pedro,2024-04-10,23.1,10.2,15.3,22.5,0.0
San Pedro,2024-04-11,19.7,9.0,12.8,19.0,0.0
San Pedro,2024-04-12,19.1,10.1,13.4,18.9,0.0
San Pedro,2024-04-13,21.4,10.3,14.1,20.4,1.3
San Pedro,2024-04-14,22.2,10.1,15.2,21.4,0.2
San Pedro,2024-04-15,20.5,11.8,14.9,20.0,0.0
San Pedro,2024-04-16,23.3,10.7,15.9,22.4,0.0
San Pedro,2024-04-17,25.8,11.3,17.8,22.2,0.0
San Pedro,2024-04-18,29.1,12.9,19.4,26.9,0.0
San Pedro,2024-04-19,22.3,11.9,16.6,21.0,0.0
San Pedro,2024-04-20,21.5,12.0,15.5,20.9,0.0
San Pedro,2024-04-21,17.7,12.0,14.5,14.6,0.9
San Pedro,2024-04-22,20.7,12.1,15.7,19.2,2.3
San Pedro,2024-04-23,21.9,9.5,14.6,19.3,0.0
San Pedro,2024-04-24,19.8,7.5,13.0,18.1,0.0
San Pedro,2024-04-25,21.4,5.9,13.1,20.2,0.0
San Pedro,2024-04-26,20.6,10.9,14.6,18.2,0.0
San Pedro,2024-04-27,18.5,9.2,13.3,14.5,0.0
San Pedro,2024-04-28,17.4,7.6,11.4,14.5,0.0
San Pedro,2024-04-29,16.7,5.7,11.5,12.7,10.1
San Pedro,2024-04-30,16.5,11.3,12.9,15.1,11.6
San Pedro,2024-05-01,15.3,7.5,11.3,13.1,0.1
San Pedro,2024-05-02,14.4,6.4,9.5,10.8,0.0
San Pedro,2024-05-03,15.5,3.8,9.0,13.9,0.0
San Pedro,2024-05-04,17.7,5.7,11.2,16.3,0.0
San Pedro,2024-05-05,17.7,9.3,12.8,16.8,0.0
San Pedro,2024-05-06,15.5,5.5,9.8,13.2,0.0
San Pedro,2024-05-07,11.3,4.8,8.6,9.1,25.4
San Pedro,2024-05-08,15.0,3.4,8.7,10.4,0.0
San Pedro,2024-05-09,14.3,4.5,8.4,11.6,0.0
San Pedro,2024-05-10,15.4,4.6,9.4,13.4,0.0
San Pedro,2024-05-11,15.3,4.7,9.1,12.5,0.0
San Pedro,2024-05-12,14.8,5.2,9.4,11.1,0.0
San Pedro,2024-05-13,14.9,4.5,8.8,12.1,0.0
San Pedro,2024-05-14,15.4,3.2,7.6,13.7,0.0
San Pedro,2024-05-15,13.1,6.0,8.8,10.0,0.0
San Pedro,2024-05-16,16.0,3.0,8.9,14.2,0.0
San Pedro,2024-05-17,15.0,3.2,8.5,13.3,0.0
San Pedro,2024-05-18,16.0,4.9,8.9,14.1,0.0
San Pedro,2024-05-19,16.0,3.0,9.4,14.2,0.0
San Pedro,2024-05-20,11.4,7.9,9.7,10.8,17.2
San Pedro,2024-05-21,15.3,7.8,10.5,11.9,0.0
San Pedro,2024-05-22,12.0,7.7,9.6,10.9,2.2
San Pedro,2024-05-23,14.2,5.4,9.6,11.8,0.6
San Pedro,2024-05-24,14.2,4.8,8.7,11.9,0.0
San Pedro,2024-05-25,14.4,7.5,10.1,11.6,0.1
San Pedro,2024-05-26,14.9,7.5,10.3,13.1,11.2
San Pedro,2024-05-27,14.0,4.8,9.1,12.1,0.0
San Pedro,2024-05-28,15.1,3.5,8.8,13.8,0.0
San Pedro,2024-05-29,17.8,8.0,11.6,16.6,2.1
San Pedro,2024-05-30,17.4,7.6,12.0,16.8,0.0
San Pedro,2024-05-31,15.3,9.1,11.7,15.5,0.0
San Pedro,2024-06-01,17.0,8.4,12.0,15.3,0.0
San Pedro,2024-06-02,15.3,7.5,10.2,13.6,0.0
San Pedro,2024-06-03,13.5,7.7,10.4,12.8,0.2
San Pedro,2024-06-04,16.0,8.9,11.1,14.9,0.4
San Pedro,2024-06-05,15.8,8.0,11.7,14.4,0.0
San Pedro,2024-06-06,19.2,9.4,14.1,19.6,0.0
San Pedro,2024-06-07,19.9,11.5,14.3,20.6,0.0
San Pedro,2024-06-08,17.0,11.0,13.1,12.9,17.4
San Pedro,2024-06-09,15.8,11.0,12.8,14.4,17.6
San Pedro,2024-06-10,17.4,8.6,12.7,15.2,0.0
San Pedro,2024-06-11,16.4,9.4,12.5,15.3,0.1
San Pedro,2024-06-12,16.1,11.0,13.2,11.4,11.1
San Pedro,2024-06-13,13.3,11.0,12.3,10.2,53.2
San Pedro,2024-06-14,15.8,8.6,11.6,13.3,54.3
San Pedro,2024-06-15,15.9,7.1,10.3,15.3,0.0
San Pedro,2024-06-16,14.0,7.1,10.1,13.2,0.0
San Pedro,2024-06-17,14.3,7.0,10.2,11.4,13.4
San Pedro,2024-06-18,12.5,9.4,11.2,10.2,41.8
San Pedro,2024-06-19,15.0,8.1,10.7,13.4,0.1
San Pedro,2024-06-20,13.5,9.5,11.4,11.2,11.4
San Pedro,2024-06-21,11.5,9.0,10.2,10.1,88.4
San Pedro,2024-06-22,10.8,6.9,9.8,9.2,9.8
San Pedro,2024-06-23,12.5,5.3,8.2,9.8,0.0
San Pedro,2024-06-24,12.2,5.9,8.1,8.6,0.0
San Pedro,2024-06-25,12.7,2.3,7.0,10.2,0.0
San Pedro,2024-06-26,14.0,4.0,8.4,10.7,0.0
San Pedro,2024-06-27,14.9,6.0,10.1,12.3,0.0
San Pedro,2024-06-28,13.2,6.9,9.3,8.7,0.0
San Pedro,2024-06-29,15.3,4.6,9.0,13.4,0.0
San Pedro,2024-06-30,15.1,4.4,9.2,12.8,0.0
San Pedro,2024-07-01,16.7,4.3,9.5,15.0,0.0
San Pedro,2024-07-02,15.7,7.1,10.7,13.2,0.0
San Pedro,2024-07-03,14.5,8.5,10.7,10.9,0.0
San Pedro,2024-07-04,12.0,4.6,7.8,6.3,0.0
San Pedro,2024-07-05,11.1,0.2,4.8,7.1,0.0
San Pedro,2024-07-06,10.5,2.1,5.2,6.5,0.0
San Pedro,2024-07-07,10.9,1.7,5.6,7.3,0.0
San Pedro,2024-07-08,9.6,0.3,4.1,6.5,0.0
San Pedro,2024-07-09,9.1,-1.0,3.1,7.2,0.0
San Pedro,2024-07-10,10.8,1.5,5.5,7.4,0.0
San Pedro,2024-07-11,11.8,-1.0,4.7,10.3,0.0
San Pedro,2024-07-12,12.5,-1.1,5.1,10.4,0.0
San Pedro,2024-07-13,10.7,3.9,6.2,8.3,0.0
San Pedro,2024-07-14,10.5,0.6,4.8,7.8,0.0
San Pedro,2024-07-15,9.7,0.1,4.0,7.0,0.0
San Pedro,2024-07-16,14.7,1.7,7.2,10.8,0.0
San Pedro,2024-07-17,13.8,3.0,7.9,11.2,0.0
San Pedro,2024-07-18,11.4,7.6,9.5,8.0,0.1
San Pedro,2024-07-19,13.8,4.1,8.0,12.7,0.0
San Pedro,2024-07-20,13.6,3.8,8.0,12.4,0.0
San Pedro,2024-07-21,16.6,5.1,10.3,15.2,0.0
San Pedro,2024-07-22,16.3,4.7,9.7,14.5,0.0
San Pedro,2024-07-23,13.8,7.5,10.2,12.6,0.3
San Pedro,2024-07-24,16.4,5.1,9.8,15.4,0.0
San Pedro,2024-07-25,16.5,7.0,10.5,15.0,0.0
San Pedro,2024-07-26,14.1,5.7,9.0,11.2,0.0
San Pedro,2024-07-27,13.0,3.9,8.1,7.3,0.0
San Pedro,2024-07-28,13.0,1.3,6.5,8.7,0.0
San Pedro,2024-07-29,16.6,3.0,8.7,14.8,0.0
San Pedro,2024-07-30,14.4,7.0,10.2,14.0,0.0
San Pedro,2024-07-31,13.0,9.2,10.9,9.1,0.0
San Pedro,2024-08-01,13.2,11.0,11.9,8.0,13.4
San Pedro,2024-08-02,12.8,9.6,11.3,8.0,61.4
San Pedro,2024-08-03,16.5,6.7,10.9,15.3,0.4
San Pedro,2024-08-04,14.8,6.5,10.0,12.7,0.0
San Pedro,2024-08-05,10.0,7.5,9.0,7.2,14.1
San Pedro,2024-08-06,12.5,5.0,8.2,8.8,0.1
San Pedro,2024-08-07,11.5,2.9,6.9,8.1,0.0
San Pedro,2024-08-08,14.1,2.6,7.7,11.4,0.0
San Pedro,2024-08-09,15.2,2.3,8.0,12.8,0.0
San Pedro,2024-08-10,16.7,5.5,11.1,13.8,0.0
San Pedro,2024-08-11,16.9,7.5,11.6,13.3,0.0
San Pedro,2024-08-12,18.6,7.4,12.0,17.2,0.0
San Pedro,2024-08-13,15.7,7.3,10.8,15.4,0.0
San Pedro,2024-08-14,14.9,9.6,11.7,13.4,0.0
San Pedro,2024-08-15,17.1,6.9,11.0,16.4,0.0
San Pedro,2024-08-16,13.1,6.6,9.7,9.3,0.0
San Pedro,2024-08-17,14.2,6.3,9.9,10.4,0.0
San Pedro,2024-08-18,10.9,6.4,8.5,8.4,0.0
San Pedro,2024-08-19,13.7,4.4,8.3,11.7,0.0
San Pedro,2024-08-20,12.3,2.8,7.3,10.7,0.0
San Pedro,2024-08-21,10.7,1.9,6.0,6.8,13.3
San Pedro,2024-08-22,12.9,2.3,7.8,11.0,0.1
San Pedro,2024-08-23,12.0,5.6,8.0,10.6,9.2
San Pedro,2024-08-24,16.7,2.8,9.1,14.1,0.0
San Pedro,2024-08-25,17.0,2.6,8.9,17.0,0.0
San Pedro,2024-08-26,17.1,5.3,10.4,15.0,0.0
San Pedro,2024-08-27,17.3,6.6,10.9,15.9,0.0
San Pedro,2024-08-28,14.0,6.6,9.7,13.0,0.0
San Pedro,2024-08-29,13.6,8.0,10.5,12.2,0.2
San Pedro,2024-08-30,15.8,7.1,11.0,14.1,0.2
San Pedro,2024-08-31,19.2,4.7,11.7,18.6,0.0
San Pedro,2024-09-01,21.0,7.1,12.8,22.6,0.0
San Pedro,2024-09-02,13.7,6.8,9.9,11.1,0.2
San Pedro,2024-09-03,15.7,5.0,10.1,12.2,0.0
San Pedro,2024-09-04,17.3,5.3,10.7,13.7,0.0
San Pedro,2024-09-05,20.0,6.0,11.7,18.9,0.0
San Pedro,2024-09-06,18.2,6.3,11.4,17.4,0.0
San Pedro,2024-09-07,16.3,8.1,11.3,13.5,0.0
San Pedro,2024-09-08,17.8,6.4,11.6,15.8,0.0
San Pedro,2024-09-09,20.6,7.1,13.3,20.5,0.0
San Pedro,2024-09-10,18.7,6.9,12.4,18.7,0.3
San Pedro,2024-09-11,18.3,7.0,12.2,15.1,0.0
San Pedro,2024-09-12,17.7,7.0,11.0,16.9,0.0
San Pedro,2024-09-13,18.5,6.8,12.3,15.8,0.0
San Pedro,2024-09-14,21.5,6.7,13.3,18.7,0.0
San Pedro,2024-09-15,21.6,8.1,14.6,18.7,0.0
San Pedro,2024-09-16,22.8,8.2,13.7,22.0,0.0
San Pedro,2024-09-17,18.1,7.0,11.9,18.8,0.0
San Pedro,2024-09-18,13.9,7.2,10.7,11.5,4.8
San Pedro,2024-09-19,14.0,7.0,11.1,11.6,14.7
San Pedro,2024-09-20,18.2,5.9,11.3,18.0,0.0
San Pedro,2024-09-21,16.0,6.9,10.7,15.5,0.0
San Pedro,2024-09-22,14.6,9.4,11.6,14.3,2.7
San Pedro,2024-09-23,17.6,8.8,12.4,17.4,0.0
San Pedro,2024-09-24,18.7,6.6,11.5,17.6,0.0
San Pedro,2024-09-25,17.5,6.8,11.8,14.1,0.0
San Pedro,2024-09-26,22.8,6.5,14.0,23.3,0.0
San Pedro,2024-09-27,22.0,7.1,14.0,21.8,0.0
San Pedro,2024-09-28,23.0,10.0,15.3,21.7,0.0
San Pedro,2024-09-29,16.2,10.4,12.1,14.5,0.3
San Pedro,2024-09-30,15.2,10.4,12.2,11.1,0.4
San Pedro,2024-10-01,19.4,11.2,14.1,17.4,0.0
San Pedro,2024-10-02,19.9,7.3,13.2,17.0,0.0
San Pedro,2024-10-03,23.9,7.3,15.0,24.3,0.0
San Pedro,2024-10-04,22.0,9.1,14.2,22.6,0.0
San Pedro,2024-10-05,24.7,7.1,15.4,26.2,0.0
San Pedro,2024-10-06,22.0,11.5,15.2,21.2,0.0
San Pedro,2024-10-07,20.1,10.2,14.2,21.0,1.1
San Pedro,2024-10-08,16.4,12.5,14.1,15.9,13.8
San Pedro,2024-10-09,21.2,9.0,14.7,21.8,1.3
San Pedro,2024-10-10,15.2,10.5,12.6,14.1,0.1
San Pedro,2024-10-11,18.5,11.2,14.0,17.2,0.0
San Pedro,2024-10-12,20.4,10.4,14.9,18.5,0.0
San Pedro,2024-10-13,23.2,8.7,15.0,24.1,0.0
San Pedro,2024-10-14,22.5,7.8,14.1,23.3,0.0
San Pedro,2024-10-15,26.5,10.1,16.1,28.1,0.0
San Pedro,2024-10-16,17.1,9.7,12.8,16.5,0.1
San Pedro,2024-10-17,26.5,8.9,16.2,25.5,0.0
San Pedro,2024-10-18,26.5,11.0,16.8,28.8,0.0
San Pedro,2024-10-19,15.9,11.1,12.8,14.3,0.0
San Pedro,2024-10-20,18.3,10.9,14.1,16.4,0.0
San Pedro,2024-10-21,26.0,9.1,16.8,25.6,0.0
San Pedro,2024-10-22,18.6,10.7,14.1,18.4,3.1
San Pedro,2024-10-23,19.3,9.6,14.2,18.8,0.2
San Pedro,2024-10-24,26.3,10.7,16.0,26.9,0.0
San Pedro,2024-10-25,23.7,9.8,16.3,19.6,0.0
San Pedro,2024-10-26,26.2,9.1,15.7,28.3,0.0
San Pedro,2024-10-27,24.4,7.9,14.7,26.3,0.0
San Pedro,2024-10-28,27.2,11.0,16.6,30.0,0.0
San Pedro,2024-10-29,19.1,11.7,14.7,18.2,0.0
San Pedro,2024-10-30,22.4,11.4,15.9,23.5,0.0
San Pedro,2024-10-31,21.5,11.1,14.7,22.7,0.5
San Pedro,2024-11-01,19.1,10.5,14.2,18.9,0.1
San Pedro,2024-11-02,26.2,9.2,16.8,26.1,0.0
San Pedro,2024-11-03,20.3,9.3,14.4,19.7,0.0
San Pedro,2024-11-04,24.9,8.2,15.7,23.7,0.0
San Pedro,2024-11-05,27.1,10.7,17.7,24.2,0.0
San Pedro,2024-11-06,27.6,12.6,19.0,25.8,0.0
San Pedro,2024-11-07,27.6,11.5,18.8,26.9,0.0
San Pedro,2024-11-08,30.7,13.3,20.9,30.5,0.0
San Pedro,2024-11-09,28.5,12.8,19.3,29.6,0.2
San Pedro,2024-11-10,24.3,13.2,16.7,23.4,0.6
San Pedro,2024-11-11,26.2,11.5,18.7,22.3,0.0
San Pedro,2024-11-12,29.4,12.4,20.8,25.2,0.0
San Pedro,2024-11-13,21.3,12.2,17.2,21.1,0.0
San Pedro,2024-11-14,21.2,11.1,15.3,22.1,0.0
San Pedro,2024-11-15,25.5,13.2,17.9,26.4,0.0
San Pedro,2024-11-16,23.7,11.9,16.6,23.2,0.0
San Pedro,2024-11-17,26.3,9.6,17.2,25.9,0.0
San Pedro,2024-11-18,21.4,9.9,15.6,21.6,0.0
San Pedro,2024-11-19,22.7,10.9,15.8,24.0,0.0
San Pedro,2024-11-20,25.4,11.9,18.0,25.0,0.0
San Pedro,2024-11-21,23.4,10.5,17.0,23.4,0.0
San Pedro,2024-11-22,27.6,11.3,18.3,26.7,0.0
San Pedro,2024-11-23,30.1,12.9,20.2,30.1,0.0
San Pedro,2024-11-24,28.4,12.9,20.3,28.9,0.0
San Pedro,2024-11-25,27.0,13.5,19.5,26.9,0.0
San Pedro,2024-11-26,26.4,12.4,18.2,26.5,0.0
San Pedro,2024-11-27,24.6,10.3,16.4,25.0,0.0
San Pedro,2024-11-28,27.3,9.6,17.6,26.4,0.0
San Pedro,2024-11-29,27.8,13.0,20.0,26.9,0.0
San Pedro,2024-11-30,23.0,10.1,16.4,23.0,0.0
San Pedro,2024-12-01,25.3,12.4,17.4,24.7,0.0
San Pedro,2024-12-02,27.0,11.9,18.4,26.1,0.0
San Pedro,2024-12-03,21.7,10.3,15.6,21.9,0.0
San Pedro,2024-12-04,21.0,11.9,15.9,20.9,0.0
San Pedro,2024-12-05,21.1,11.3,15.7,20.5,0.0
San Pedro,2024-12-06,26.6,10.7,17.9,26.8,0.0
San Pedro,2024-12-07,24.8,11.7,18.3,23.5,0.0
San Pedro,2024-12-08,22.5,10.5,15.9,22.7,0.0
San Pedro,2024-12-09,30.1,9.7,19.0,30.4,0.0
San Pedro,2024-12-10,26.5,11.5,18.8,26.5,0.0
San Pedro,2024-12-11,28.2,11.1,19.1,27.9,0.0
San Pedro,2024-12-12,25.5,11.0,17.4,24.4,0.0
San Pedro,2024-12-13,31.2,13.2,21.1,30.6,0.0
San Pedro,2024-12-14,27.3,11.6,18.0,28.4,0.0
San Pedro,2024-12-15,21.1,11.9,15.9,20.8,0.0
San Pedro,2024-12-16,23.0,11.4,16.4,23.6,0.0
San Pedro,2024-12-17,25.8,12.1,17.9,26.0,0.0
San Pedro,2024-12-18,30.8,11.1,20.3,30.4,0.0
San Pedro,2024-12-19,32.2,16.6,22.9,28.3,0.0
San Pedro,2024-12-20,30.3,16.3,21.7,29.4,0.0
San Pedro,2024-12-21,32.6,15.7,23.4,31.5,0.0
San Pedro,2024-12-22,30.3,15.3,22.1,31.4,0.0
San Pedro,2024-12-23,25.9,13.2,19.6,25.9,0.0
San Pedro,2024-12-24,23.7,14.6,19.5,24.4,0.0
San Pedro,2024-12-25,22.5,13.4,17.0,22.8,0.0
San Pedro,2024-12-26,22.1,14.1,17.1,22.4,0.0
San Pedro,2024-12-27,22.8,12.6,17.5,23.3,0.0
San Pedro,2024-12-28,25.1,12.7,18.1,26.5,0.0
San Pedro,2024-12-29,27.7,12.8,18.4,30.3,0.0
San Pedro,2024-12-30,29.6,12.6,20.1,29.1,0.0
San Pedro,2024-12-31,31.8,15.4,22.7,33.5,0.0
San Ramón,2024-01-01,29.0,12.6,19.6,29.4,0.0
San Ramón,2024-01-02,29.9,13.2,20.8,30.6,0.0
San Ramón,2024-01-03,29.5,16.8,21.8,29.8,0.0
San Ramón,2024-01-04,28.5,15.2,21.1,29.6,0.0
San Ramón,2024-01-05,26.5,14.9,20.0,27.2,0.0
San Ramón,2024-01-06,26.8,14.4,19.8,27.0,0.0
San Ramón,2024-01-07,29.4,13.4,20.9,28.5,0.0
San Ramón,2024-01-08,29.1,14.1,21.1,28.7,0.0
San Ramón,2024-01-09,29.0,14.1,20.7,28.6,0.0
San Ramón,2024-01-10,29.2,14.4,21.1,28.5,0.0
San Ramón,2024-01-11,29.5,16.5,21.4,28.9,0.0
San Ramón,2024-01-12,28.0,15.1,20.2,28.0,0.0
San Ramón,2024-01-13,27.2,12.1,18.9,26.9,0.0
San Ramón,2024-01-14,32.9,14.6,23.0,32.0,0.0
San Ramón,2024-01-15,30.0,14.8,22.8,28.6,0.0
San Ramón,2024-01-16,30.9,11.9,21.1,29.3,0.0
San Ramón,2024-01-17,29.8,17.1,22.5,30.2,0.0
San Ramón,2024-01-18,31.6,14.6,22.4,31.1,0.0
San Ramón,2024-01-19,32.3,19.2,24.6,31.9,0.0
San Ramón,2024-01-20,30.2,18.7,23.5,30.1,0.0
San Ramón,2024-01-21,32.0,18.0,23.6,32.1,0.0
San Ramón,2024-01-22,32.8,18.0,24.2,33.5,0.0
San Ramón,2024-01-23,30.3,15.3,22.0,31.3,0.0
San Ramón,2024-01-24,34.0,17.4,24.6,34.4,0.0
San Ramón,2024-01-25,31.0,17.9,23.6,31.5,0.0
San Ramón,2024-01-26,30.0,15.6,21.8,29.8,0.0
San Ramón,2024-01-27,32.7,17.1,23.2,33.8,0.0
San Ramón,2024-01-28,29.1,17.4,22.4,29.7,0.0
San Ramón,2024-01-29,31.8,17.1,23.4,32.6,0.0
San Ramón,2024-01-30,34.3,17.6,25.0,34.8,0.0
San Ramón,2024-01-31,36.0,20.4,27.4,35.4,0.0
San Ramón,2024-02-01,34.0,20.9,26.3,33.2,0.0
San Ramón,2024-02-02,34.7,19.1,26.1,33.5,0.0
San Ramón,2024-02-03,35.2,20.4,26.8,34.4,0.0
San Ramón,2024-02-04,30.2,17.9,23.7,30.5,0.0
San Ramón,2024-02-05,31.8,14.8,22.8,32.1,0.0
San Ramón,2024-02-06,30.5,17.9,23.4,30.2,0.0
San Ramón,2024-02-07,33.5,16.6,24.2,33.4,0.0
San Ramón,2024-02-08,31.8,19.1,24.3,32.7,0.0
San Ramón,2024-02-09,30.6,16.5,22.4,30.6,0.0
San Ramón,2024-02-10,32.8,17.3,24.0,33.3,0.0
San Ramón,2024-02-11,29.4,15.8,21.7,29.1,0.0
San Ramón,2024-02-12,34.0,16.0,24.1,32.9,0.0
San Ramón,2024-02-13,30.7,17.0,24.3,30.3,0.0
San Ramón,2024-02-14,31.2,14.9,21.5,31.5,0.0
San Ramón,2024-02-15,32.0,15.8,21.9,33.4,0.0
San Ramón,2024-02-16,29.4,15.2,21.6,30.2,0.0
San Ramón,2024-02-17,32.5,16.5,23.9,32.1,0.0
San Ramón,2024-02-18,32.7,19.0,24.7,32.8,0.0
San Ramón,2024-02-19,28.0,15.4,20.7,28.3,0.0
San Ramón,2024-02-20,29.0,14.2,20.1,29.9,0.0
San Ramón,2024-02-21,28.2,13.6,19.7,28.5,0.0
San Ramón,2024-02-22,18.6,14.1,16.0,17.8,12.9
San Ramón,2024-02-23,27.8,13.9,20.1,29.1,0.0
San Ramón,2024-02-24,29.1,15.4,21.5,29.9,0.0
San Ramón,2024-02-25,29.6,15.8,21.7,30.0,0.0
San Ramón,2024-02-26,30.4,15.8,22.3,31.2,0.0
San Ramón,2024-02-27,29.9,17.5,22.7,29.8,0.0
San Ramón,2024-02-28,31.5,16.1,22.6,31.2,0.0
San Ramón,2024-02-29,32.0,17.2,23.8,31.7,0.0
San Ramón,2024-03-01,28.9,17.8,22.5,28.6,0.0
San Ramón,2024-03-02,30.0,16.4,22.5,29.7,0.0
San Ramón,2024-03-03,30.2,18.6,23.1,29.6,0.0
San Ramón,2024-03-04,31.0,17.6,22.9,30.7,0.0
San Ramón,2024-03-05,29.4,17.6,22.4,28.5,0.0
San Ramón,2024-03-06,28.6,16.2,21.3,28.4,0.0
San Ramón,2024-03-07,27.5,13.8,19.5,27.5,0.0
San Ramón,2024-03-08,27.5,11.6,18.5,26.4,0.0
San Ramón,2024-03-09,30.0,14.1,21.0,28.8,0.0
San Ramón,2024-03-10,28.8,15.4,21.0,28.1,0.0
San Ramón,2024-03-11,27.3,13.1,18.8,27.7,0.0
San Ramón,2024-03-12,27.8,11.8,19.1,26.7,0.0
San Ramón,2024-03-13,27.7,12.9,19.7,27.0,0.0
San Ramón,2024-03-14,28.0,15.6,20.7,26.8,0.0
San Ramón,2024-03-15,28.0,15.8,20.3,26.6,0.0
San Ramón,2024-03-16,28.2,13.6,20.1,26.8,0.0
San Ramón,2024-03-17,29.5,16.3,21.4,27.7,0.0
San Ramón,2024-03-18,30.8,17.5,22.7,28.9,0.0
San Ramón,2024-03-19,27.9,15.2,21.4,26.1,0.0
San Ramón,2024-03-20,21.6,11.8,16.0,20.8,0.9
San Ramón,2024-03-21,31.0,13.9,21.4,30.1,0.5
San Ramón,2024-03-22,31.5,19.5,24.0,30.6,0.0
San Ramón,2024-03-23,29.2,15.3,21.7,28.2,0.0
San Ramón,2024-03-24,29.9,17.9,22.6,29.8,0.0
San Ramón,2024-03-25,27.6,15.8,20.8,27.9,0.0
San Ramón,2024-03-26,29.0,14.4,20.6,29.4,0.0
San Ramón,2024-03-27,28.8,15.9,21.7,28.9,0.0
San Ramón,2024-03-28,28.9,17.6,21.8,29.0,0.0
San Ramón,2024-03-29,29.6,16.5,21.9,29.5,0.0
San Ramón,2024-03-30,30.9,16.3,22.5,29.9,0.0
San Ramón,2024-03-31,29.0,17.1,22.0,26.7,0.0
San Ramón,2024-04-01,26.1,12.9,19.0,24.0,0.0
San Ramón,2024-04-02,24.3,14.4,18.5,21.8,0.1
San Ramón,2024-04-03,20.4,12.6,15.9,19.5,0.0
San Ramón,2024-04-04,26.5,12.9,18.7,26.0,0.0
San Ramón,2024-04-05,27.9,16.2,20.4,26.8,0.0
San Ramón,2024-04-06,25.0,11.8,18.0,23.4,0.0
San Ramón,2024-04-07,28.5,15.8,20.0,26.8,0.0
San Ramón,2024-04-08,25.1,14.4,18.5,23.2,0.0
San Ramón,2024-04-09,26.3,14.9,19.0,25.3,0.0
San Ramón,2024-04-10,26.8,13.9,19.0,25.5,0.0
San Ramón,2024-04-11,22.0,11.3,15.0,19.8,0.0
San Ramón,2024-04-12,15.8,10.6,12.8,14.0,0.0
San Ramón,2024-04-13,18.2,8.2,12.8,16.4,0.8
San Ramón,2024-04-14,20.0,9.4,14.1,18.2,1.0
San Ramón,2024-04-15,18.4,10.9,12.9,15.6,7.7
San Ramón,2024-04-16,22.0,9.4,15.1,20.3,0.0
San Ramón,2024-04-17,27.0,8.8,17.3,25.0,0.0
San Ramón,2024-04-18,29.1,12.3,19.1,27.8,0.0
San Ramón,2024-04-19,23.8,13.9,17.8,21.9,0.0
San Ramón,2024-04-20,21.2,14.9,17.0,19.6,0.0
San Ramón,2024-04-21,18.2,12.1,15.1,16.5,0.0
San Ramón,2024-04-22,20.0,10.7,14.9,18.1,0.0
San Ramón,2024-04-23,23.9,10.9,16.3,22.0,0.0
San Ramón,2024-04-24,21.9,11.5,15.3,20.0,0.0
San Ramón,2024-04-25,21.2,11.4,14.8,17.7,0.0
San Ramón,2024-04-26,19.0,9.4,13.3,16.4,0.0
San Ramón,2024-04-27,20.0,8.9,12.7,17.7,0.0
San Ramón,2024-04-28,17.4,7.9,11.9,14.3,0.0
San Ramón,2024-04-29,17.9,6.4,11.6,13.6,0.0
San Ramón,2024-04-30,15.2,6.4,11.2,13.2,21.2
San Ramón,2024-05-01,14.4,8.2,10.4,11.8,0.9
San Ramón,2024-05-02,14.4,2.7,8.6,11.7,0.0
San Ramón,2024-05-03,15.6,6.7,9.8,13.3,0.0
San Ramón,2024-05-04,17.2,6.3,11.3,14.3,0.0
San Ramón,2024-05-05,15.4,8.6,11.2,13.5,0.0
San Ramón,2024-05-06,15.4,6.2,10.4,13.3,0.0
San Ramón,2024-05-07,10.2,3.7,6.5,8.2,31.1
San Ramón,2024-05-08,14.2,0.6,6.3,12.9,0.0
San Ramón,2024-05-09,17.0,4.1,9.1,14.9,0.0
San Ramón,2024-05-10,13.2,4.6,8.5,11.3,0.0
San Ramón,2024-05-11,13.4,4.9,8.5,10.8,0.0
San Ramón,2024-05-12,12.8,3.8,8.2,9.8,0.0
San Ramón,2024-05-13,13.9,1.5,6.8,11.5,0.0
San Ramón,2024-05-14,14.9,2.3,8.1,12.3,0.0
San Ramón,2024-05-15,9.7,2.9,6.0,6.8,2.5
San Ramón,2024-05-16,13.1,0.7,6.1,10.2,0.0
San Ramón,2024-05-17,12.9,2.2,6.8,10.2,0.3
San Ramón,2024-05-18,14.4,1.5,7.0,11.7,0.0
San Ramón,2024-05-19,17.0,2.4,9.7,14.7,0.0
San Ramón,2024-05-20,11.2,8.6,9.5,8.8,36.0
San Ramón,2024-05-21,13.7,7.0,9.6,12.3,3.7
San Ramón,2024-05-22,10.4,7.0,8.7,9.0,28.2
San Ramón,2024-05-23,12.1,4.0,7.5,10.1,13.5
San Ramón,2024-05-24,16.2,2.5,9.0,14.7,0.0
San Ramón,2024-05-25,15.2,8.4,11.0,13.7,0.1
San Ramón,2024-05-26,13.6,5.1,8.3,12.0,19.8
San Ramón,2024-05-27,16.9,3.5,9.9,15.5,0.0
San Ramón,2024-05-28,19.1,5.8,11.8,17.4,0.0
San Ramón,2024-05-29,17.8,8.4,13.7,16.7,0.0
San Ramón,2024-05-30,19.4,8.6,13.6,18.7,0.0
San Ramón,2024-05-31,17.4,7.4,12.1,15.6,0.0
San Ramón,2024-06-01,18.2,5.0,11.3,17.1,0.0
San Ramón,2024-06-02,20.9,11.8,14.7,21.2,0.0
San Ramón,2024-06-03,19.4,11.4,15.7,16.8,0.0
San Ramón,2024-06-04,18.6,10.1,13.8,17.4,0.1
San Ramón,2024-06-05,17.9,9.9,13.9,15.6,0.1
San Ramón,2024-06-06,16.5,13.3,14.8,15.6,0.0
San Ramón,2024-06-07,20.1,12.3,16.9,20.4,0.0
San Ramón,2024-06-08,16.9,8.5,12.5,14.2,3.9
San Ramón,2024-06-09,13.2,8.3,10.2,12.0,13.5
San Ramón,2024-06-10,14.1,8.7,11.6,13.4,0.0
San Ramón,2024-06-11,14.9,10.2,12.8,13.8,0.0
San Ramón,2024-06-12,13.6,9.1,11.5,11.8,0.0
San Ramón,2024-06-13,12.6,8.8,10.0,8.9,51.6
San Ramón,2024-06-14,14.1,5.9,9.5,12.1,16.1
San Ramón,2024-06-15,13.4,4.0,8.6,11.1,0.0
San Ramón,2024-06-16,13.8,2.6,7.5,12.5,0.0
San Ramón,2024-06-17,14.2,3.9,8.3,11.8,0.8
San Ramón,2024-06-18,11.1,6.8,8.6,9.7,25.7
San Ramón,2024-06-19,14.6,4.5,8.9,12.7,24.1
San Ramón,2024-06-20,12.2,7.6,10.0,11.1,0.0
San Ramón,2024-06-21,8.7,6.8,7.6,6.9,45.7
San Ramón,2024-06-22,8.9,5.6,7.0,7.2,16.1
San Ramón,2024-06-23,10.4,5.4,7.1,8.1,0.4
San Ramón,2024-06-24,7.8,4.1,6.0,6.0,0.0
San Ramón,2024-06-25,9.9,1.8,5.6,7.7,0.3
San Ramón,2024-06-26,16.2,0.7,7.8,14.4,0.0
San Ramón,2024-06-27,15.7,6.1,10.0,14.3,0.0
San Ramón,2024-06-28,15.1,4.8,9.4,14.2,0.0
San Ramón,2024-06-29,18.0,4.8,11.2,16.9,0.0
San Ramón,2024-06-30,18.5,5.7,11.3,16.7,0.0
San Ramón,2024-07-01,19.5,6.3,11.6,18.0,0.0
San Ramón,2024-07-02,17.7,5.7,11.0,15.8,0.0
San Ramón,2024-07-03,16.1,7.4,11.5,14.4,0.0
San Ramón,2024-07-04,14.4,5.2,9.3,12.9,0.0
San Ramón,2024-07-05,15.1,2.6,8.0,13.2,0.0
San Ramón,2024-07-06,13.3,2.4,6.8,10.7,0.0
San Ramón,2024-07-07,13.2,1.2,6.8,11.1,0.0
San Ramón,2024-07-08,13.6,1.5,7.1,11.4,0.0
San Ramón,2024-07-09,10.5,0.8,4.6,7.6,0.0
San Ramón,2024-07-10,9.5,0.1,4.3,7.1,0.0
San Ramón,2024-07-11,11.1,-0.4,4.4,8.3,0.0
San Ramón,2024-07-12,13.9,1.4,6.9,10.5,0.0
San Ramón,2024-07-13,14.3,0.4,6.5,12.1,0.0
San Ramón,2024-07-14,13.8,1.8,7.7,11.1,0.0
San Ramón,2024-07-15,16.4,2.5,8.6,13.1,0.0
San Ramón,2024-07-16,20.0,6.9,12.8,18.2,0.0
San Ramón,2024-07-17,18.5,6.1,12.3,16.5,0.0
San Ramón,2024-07-18,15.1,8.0,11.2,12.9,0.1
San Ramón,2024-07-19,15.2,7.1,10.8,14.0,0.0
San Ramón,2024-07-20,14.0,5.9,9.0,13.2,0.0
San Ramón,2024-07-21,14.0,5.6,9.1,10.8,0.0
San Ramón,2024-07-22,17.5,7.2,12.2,16.2,0.0
San Ramón,2024-07-23,10.8,5.6,8.1,9.2,0.3
San Ramón,2024-07-24,15.8,2.8,9.4,14.8,0.0
San Ramón,2024-07-25,17.9,4.8,10.3,15.9,0.0
San Ramón,2024-07-26,13.9,7.3,10.1,12.4,0.0
San Ramón,2024-07-27,16.1,5.9,10.1,14.3,0.0
San Ramón,2024-07-28,17.0,8.6,12.1,15.4,0.0
San Ramón,2024-07-29,22.0,5.8,13.6,21.1,0.0
San Ramón,2024-07-30,18.0,11.4,14.3,16.4,0.0
San Ramón,2024-07-31,13.8,8.0,11.0,12.5,0.0
San Ramón,2024-08-01,12.4,7.9,9.3,9.3,0.0
San Ramón,2024-08-02,12.0,5.4,8.7,9.3,65.0
San Ramón,2024-08-03,15.4,2.8,8.8,12.6,6.1
San Ramón,2024-08-04,15.2,7.0,10.3,13.3,0.0
San Ramón,2024-08-05,10.6,5.8,8.1,8.6,8.9
San Ramón,2024-08-06,11.2,4.1,6.9,8.6,10.7
San Ramón,2024-08-07,10.1,-0.3,5.1,7.7,0.0
San Ramón,2024-08-08,13.1,-1.0,5.4,10.9,0.0
San Ramón,2024-08-09,18.4,1.9,9.6,16.4,0.0
San Ramón,2024-08-10,18.7,4.9,11.0,16.6,0.0
San Ramón,2024-08-11,20.1,4.8,11.9,18.5,0.0
San Ramón,2024-08-12,23.0,7.8,14.8,22.0,0.0
San Ramón,2024-08-13,20.0,8.1,12.7,19.3,0.0
San Ramón,2024-08-14,14.6,9.0,11.4,14.0,0.0
San Ramón,2024-08-15,16.2,7.5,11.0,14.9,0.0
San Ramón,2024-08-16,12.9,7.2,9.7,11.8,0.0
San Ramón,2024-08-17,14.9,7.4,10.1,13.1,0.0
San Ramón,2024-08-18,12.6,6.9,9.0,11.0,0.0
San Ramón,2024-08-19,11.7,4.9,7.9,9.6,0.0
San Ramón,2024-08-20,9.8,3.7,6.1,7.3,0.2
San Ramón,2024-08-21,10.9,3.8,6.1,7.5,7.8
San Ramón,2024-08-22,10.7,0.4,5.7,7.8,0.1
San Ramón,2024-08-23,9.9,2.0,5.3,7.4,1.8
San Ramón,2024-08-24,16.9,-0.1,7.7,14.9,0.0
San Ramón,2024-08-25,19.1,5.8,11.6,17.9,0.0
San Ramón,2024-08-26,16.5,3.5,10.6,15.0,0.0
San Ramón,2024-08-27,18.2,3.2,10.5,17.1,0.0
San Ramón,2024-08-28,15.0,6.4,10.2,14.6,0.0
San Ramón,2024-08-29,12.3,6.3,8.5,10.1,0.3
San Ramón,2024-08-30,13.1,6.1,8.6,10.9,1.4
San Ramón,2024-08-31,18.8,3.6,10.6,18.0,0.0
San Ramón,2024-09-01,23.2,7.6,14.2,22.4,0.0
San Ramón,2024-09-02,13.9,6.8,10.6,12.2,0.1
San Ramón,2024-09-03,15.4,6.8,10.5,13.3,0.0
San Ramón,2024-09-04,18.7,6.2,12.4,17.5,0.0
San Ramón,2024-09-05,21.1,6.3,13.4,20.3,0.0
San Ramón,2024-09-06,17.1,8.7,12.4,16.5,0.0
San Ramón,2024-09-07,16.0,7.6,10.7,15.7,0.0
San Ramón,2024-09-08,18.9,6.9,12.4,17.3,0.0
San Ramón,2024-09-09,20.5,11.1,14.7,19.7,0.0
San Ramón,2024-09-10,17.3,8.6,12.8,15.8,0.6
San Ramón,2024-09-11,18.0,5.8,11.7,17.3,0.3
San Ramón,2024-09-12,16.1,8.1,11.4,15.5,0.0
San Ramón,2024-09-13,17.5,6.2,11.2,16.6,0.0
San Ramón,2024-09-14,21.7,4.9,13.5,20.4,0.0
San Ramón,2024-09-15,22.1,7.4,15.1,21.0,0.0
San Ramón,2024-09-16,23.8,8.9,15.5,22.1,0.0
San Ramón,2024-09-17,21.0,7.2,13.6,20.2,0.0
San Ramón,2024-09-18,21.2,8.2,14.4,20.0,0.0
San Ramón,2024-09-19,16.3,5.7,10.7,13.5,1.7
San Ramón,2024-09-20,17.8,5.2,11.5,16.7,0.0
San Ramón,2024-09-21,16.4,7.8,11.3,15.4,0.0
San Ramón,2024-09-22,12.8,7.4,10.0,10.8,3.5
San Ramón,2024-09-23,14.8,8.9,11.2,13.7,0.6
San Ramón,2024-09-24,16.9,7.7,11.4,16.7,0.0
San Ramón,2024-09-25,16.8,7.2,11.1,15.5,0.0
San Ramón,2024-09-26,23.5,4.8,14.3,22.5,0.0
San Ramón,2024-09-27,21.4,9.0,15.5,20.7,0.0
San Ramón,2024-09-28,23.2,13.8,17.2,22.7,0.0
San Ramón,2024-09-29,18.4,9.4,13.5,18.5,0.0
San Ramón,2024-09-30,18.1,8.1,11.4,17.0,0.0
San Ramón,2024-10-01,17.1,6.2,11.4,14.5,0.0
San Ramón,2024-10-02,20.5,7.8,13.6,19.9,0.0
San Ramón,2024-10-03,24.4,11.1,17.0,24.4,0.0
San Ramón,2024-10-04,24.5,11.7,16.9,24.3,0.0
San Ramón,2024-10-05,24.7,9.8,17.9,24.6,0.0
San Ramón,2024-10-06,21.2,13.2,17.1,20.3,0.4
San Ramón,2024-10-07,22.3,11.0,15.8,22.5,4.2
San Ramón,2024-10-08,15.4,9.4,11.8,13.8,5.9
San Ramón,2024-10-09,18.6,9.1,13.4,17.2,0.0
San Ramón,2024-10-10,17.7,9.5,13.2,16.9,0.0
San Ramón,2024-10-11,18.0,10.0,13.0,16.9,0.0
San Ramón,2024-10-12,18.0,10.4,14.0,17.2,0.0
San Ramón,2024-10-13,23.1,11.1,16.0,23.6,0.0
San Ramón,2024-10-14,21.5,10.2,15.6,20.8,0.0
San Ramón,2024-10-15,27.4,10.3,17.9,27.4,0.0
San Ramón,2024-10-16,19.2,8.1,13.9,19.2,0.0
San Ramón,2024-10-17,25.8,7.7,16.5,26.2,0.0
San Ramón,2024-10-18,28.3,11.2,19.4,28.5,0.0
San Ramón,2024-10-19,22.0,10.6,15.6,22.7,0.0
San Ramón,2024-10-20,19.8,8.9,13.1,18.4,0.7
San Ramón,2024-10-21,23.6,9.2,15.8,23.7,0.0
San Ramón,2024-10-22,23.1,10.6,16.0,23.4,3.4
San Ramón,2024-10-23,18.6,9.1,12.7,18.4,8.4
San Ramón,2024-10-24,25.1,7.4,15.9,24.8,0.0
San Ramón,2024-10-25,23.3,8.9,15.4,23.1,0.0
San Ramón,2024-10-26,28.3,9.6,18.6,28.4,0.0
San Ramón,2024-10-27,27.1,11.8,19.0,27.6,0.0
San Ramón,2024-10-28,31.5,12.2,20.9,32.1,0.0
San Ramón,2024-10-29,24.5,12.6,18.6,24.8,0.0
San Ramón,2024-10-30,25.5,11.4,17.1,26.1,0.0
San Ramón,2024-10-31,26.2,11.6,17.9,26.7,0.0
San Ramón,2024-11-01,20.0,11.1,13.9,19.1,0.0
San Ramón,2024-11-02,25.1,8.5,16.5,24.5,0.0
San Ramón,2024-11-03,23.4,10.0,15.8,22.6,0.0
San Ramón,2024-11-04,23.2,9.4,15.5,21.7,0.0
San Ramón,2024-11-05,26.6,11.4,18.4,25.3,0.0
San Ramón,2024-11-06,26.5,13.2,19.4,25.6,0.0
San Ramón,2024-11-07,24.8,13.6,19.4,23.8,0.0
San Ramón,2024-11-08,29.3,15.3,21.2,28.4,0.0
San Ramón,2024-11-09,27.5,13.9,20.3,26.9,0.0
San Ramón,2024-11-10,21.6,11.7,16.5,20.5,0.0
San Ramón,2024-11-11,25.7,11.5,18.4,24.1,0.0
San Ramón,2024-11-12,30.8,13.1,22.7,29.7,0.0
San Ramón,2024-11-13,27.0,15.1,21.7,27.3,0.0
San Ramón,2024-11-14,26.6,13.9,19.0,27.5,0.0
San Ramón,2024-11-15,25.1,11.1,17.7,25.2,0.0
San Ramón,2024-11-16,19.8,12.9,16.0,18.4,1.6
San Ramón,2024-11-17,25.3,10.1,17.1,26.1,0.0
San Ramón,2024-11-18,26.0,13.4,18.6,26.6,0.0
San Ramón,2024-11-19,25.5,11.5,17.2,25.6,0.0
San Ramón,2024-11-20,25.0,12.6,18.2,24.6,0.0
San Ramón,2024-11-21,27.4,14.5,19.7,28.0,0.0
San Ramón,2024-11-22,26.3,12.1,18.9,26.4,0.0
San Ramón,2024-11-23,29.2,13.9,20.9,29.5,0.0
San Ramón,2024-11-24,27.7,13.9,20.6,28.0,0.0
San Ramón,2024-11-25,26.4,15.1,20.1,25.8,0.0
San Ramón,2024-11-26,26.0,13.1,18.8,25.2,0.0
San Ramón,2024-11-27,24.7,11.6,17.2,24.0,0.0
San Ramón,2024-11-28,25.6,10.4,17.9,25.0,0.0
San Ramón,2024-11-29,28.0,14.3,20.7,27.4,0.0
San Ramón,2024-11-30,25.9,11.9,19.0,24.9,0.0
San Ramón,2024-12-01,23.9,9.1,16.2,23.1,0.0
San Ramón,2024-12-02,25.8,12.4,18.8,25.0,0.0
San Ramón,2024-12-03,25.8,12.8,18.4,25.9,0.0
San Ramón,2024-12-04,24.5,11.1,16.8,24.8,0.0
San Ramón,2024-12-05,22.0,9.4,15.2,21.5,0.0
San Ramón,2024-12-06,25.5,10.5,17.7,24.4,0.0
San Ramón,2024-12-07,26.2,13.7,19.3,26.5,0.0
San Ramón,2024-12-08,24.6,11.6,17.5,24.1,0.0
San Ramón,2024-12-09,29.5,12.2,20.4,29.1,0.0
San Ramón,2024-12-10,28.4,15.5,21.2,28.8,0.0
San Ramón,2024-12-11,29.5,14.7,21.6,29.6,0.0
San Ramón,2024-12-12,27.1,12.9,19.3,26.9,0.0
San Ramón,2024-12-13,29.4,15.2,21.7,29.3,0.0
San Ramón,2024-12-14,30.1,16.2,21.9,30.6,0.0
San Ramón,2024-12-15,26.9,15.1,19.8,27.7,0.0
San Ramón,2024-12-16,27.6,13.1,19.2,28.8,0.0
San Ramón,2024-12-17,26.1,13.1,18.7,26.9,0.0
San Ramón,2024-12-18,27.9,13.1,20.4,28.2,0.0
San Ramón,2024-12-19,32.3,16.5,23.9,32.3,0.0
San Ramón,2024-12-20,29.4,16.4,22.2,28.4,0.0
San Ramón,2024-12-21,31.8,16.5,23.9,31.8,0.0
San Ramón,2024-12-22,33.4,19.3,25.3,34.1,0.0
San Ramón,2024-12-23,29.3,19.3,23.9,30.2,0.0
San Ramón,2024-12-24,30.2,17.4,23.0,30.9,0.0
San Ramón,2024-12-25,28.6,15.9,21.4,30.1,0.0
San Ramón,2024-12-26,27.3,13.6,19.3,28.3,0.0
San Ramón,2024-12-27,27.9,14.4,20.1,29.6,0.0
San Ramón,2024-12-28,29.2,14.8,20.7,30.6,0.0
San Ramón,2024-12-29,30.5,15.1,21.8,32.2,0.0
San Ramón,2024-12-30,30.0,15.9,22.1,31.6,0.0
San Ramón,2024-12-31,30.2,16.9,22.8,30.4,0.0
Santiago,2024-01-01,29.9,12.2,19.9,30.2,0.0
Santiago,2024-01-02,30.6,12.9,21.0,30.8,0.0
Santiago,2024-01-03,30.2,16.7,22.0,30.1,0.0
Santiago,2024-01-04,29.6,15.2,21.4,30.1,0.0
Santiago,2024-01-05,27.5,14.5,20.3,27.9,0.0
Santiago,2024-01-06,27.3,14.5,20.2,27.7,0.0
Santiago,2024-01-07,29.9,13.5,21.3,29.4,0.0
Santiago,2024-01-08,29.7,14.0,21.5,29.3,0.0
Santiago,2024-01-09,29.6,14.2,21.3,29.3,0.0
Santiago,2024-01-10,29.6,14.2,21.4,29.0,0.0
Santiago,2024-01-11,30.0,16.4,21.8,29.4,0.0
Santiago,2024-01-12,28.9,14.6,20.6,28.7,0.0
Santiago,2024-01-13,27.8,12.1,19.2,27.8,0.0
Santiago,2024-01-14,33.5,14.2,23.1,32.5,0.0
Santiago,2024-01-15,30.5,15.8,23.1,29.5,0.0
Santiago,2024-01-16,31.5,11.8,21.3,30.1,0.0
Santiago,2024-01-17,30.8,16.4,22.6,30.6,0.0
Santiago,2024-01-18,32.3,14.7,22.8,31.7,0.0
Santiago,2024-01-19,33.0,18.6,24.8,32.2,0.0
Santiago,2024-01-20,30.9,18.4,23.8,30.7,0.0
Santiago,2024-01-21,32.8,16.9,23.6,32.4,0.0
Santiago,2024-01-22,33.7,18.0,24.1,34.0,0.0
Santiago,2024-01-23,31.0,15.0,22.2,31.5,0.0
Santiago,2024-01-24,34.8,17.4,24.8,34.8,0.0
Santiago,2024-01-25,31.8,17.5,23.8,32.0,0.0
Santiago,2024-01-26,30.5,15.6,22.1,30.1,0.0
Santiago,2024-01-27,33.5,16.5,23.4,33.8,0.0
Santiago,2024-01-28,30.0,17.4,22.7,30.4,0.0
Santiago,2024-01-29,32.5,16.9,23.5,33.0,0.0
Santiago,2024-01-30,34.5,17.2,24.8,34.8,0.0
Santiago,2024-01-31,36.7,20.8,27.6,36.1,0.0
Santiago,2024-02-01,34.5,21.0,26.6,33.4,0.0
Santiago,2024-02-02,35.5,18.5,26.3,34.1,0.0
Santiago,2024-02-03,35.8,20.0,26.8,34.7,0.0
Santiago,2024-02-04,31.2,18.0,23.9,31.0,0.0
Santiago,2024-02-05,32.7,14.6,23.0,32.4,0.0
Santiago,2024-02-06,31.2,18.0,23.5,30.6,0.0
Santiago,2024-02-07,34.2,16.4,24.5,33.9,0.0
Santiago,2024-02-08,32.6,19.5,24.7,33.4,0.0
Santiago,2024-02-09,31.0,16.5,22.8,30.6,0.0
Santiago,2024-02-10,33.2,17.3,24.3,33.8,0.0
Santiago,2024-02-11,30.1,15.8,22.0,29.7,0.0
Santiago,2024-02-12,34.4,15.8,24.3,33.1,0.0
Santiago,2024-02-13,31.3,16.6,24.5,30.6,0.0
Santiago,2024-02-14,31.7,14.8,21.6,31.7,0.0
Santiago,2024-02-15,32.4,14.9,21.7,33.4,0.0
Santiago,2024-02-16,29.7,14.4,21.4,30.1,0.0
Santiago,2024-02-17,33.5,15.9,24.0,32.3,0.0
Santiago,2024-02-18,33.5,18.2,24.8,33.0,0.0
Santiago,2024-02-19,29.0,15.4,21.0,29.0,0.0
Santiago,2024-02-20,30.0,14.4,20.6,30.6,0.0
Santiago,2024-02-21,29.0,13.6,20.3,29.1,0.0
Santiago,2024-02-22,19.7,14.9,17.0,18.9,8.1
Santiago,2024-02-23,28.9,13.6,20.5,30.4,0.3
Santiago,2024-02-24,29.8,16.0,22.0,30.4,0.0
Santiago,2024-02-25,30.2,16.9,22.1,30.6,0.0
Santiago,2024-02-26,30.9,15.3,22.3,31.7,0.0
Santiago,2024-02-27,30.5,17.2,22.9,30.1,0.0
Santiago,2024-02-28,32.1,15.6,22.8,31.7,0.0
Santiago,2024-02-29,32.7,17.0,24.0,32.0,0.0
Santiago,2024-03-01,29.7,16.4,22.5,29.1,0.0
Santiago,2024-03-02,30.6,15.9,22.7,30.2,0.0
Santiago,2024-03-03,30.9,18.4,23.4,30.1,0.0
Santiago,2024-03-04,31.8,17.5,22.8,30.9,0.0
Santiago,2024-03-05,30.1,17.1,22.4,28.7,0.0
Santiago,2024-03-06,29.1,15.6,21.3,28.7,0.0
Santiago,2024-03-07,28.4,13.3,19.7,28.2,0.0
Santiago,2024-03-08,28.0,11.4,18.6,27.2,0.0
Santiago,2024-03-09,30.5,13.6,21.0,29.2,0.0
Santiago,2024-03-10,29.4,15.5,21.0,28.9,0.0
Santiago,2024-03-11,27.9,12.6,18.7,28.2,0.0
Santiago,2024-03-12,28.1,12.2,19.1,27.2,0.0
Santiago,2024-03-13,27.8,12.6,19.4,27.3,0.0
Santiago,2024-03-14,28.4,14.9,20.6,26.9,0.0
Santiago,2024-03-15,28.6,14.6,20.2,26.9,0.0
Santiago,2024-03-16,28.6,13.6,20.1,27.1,0.0
Santiago,2024-03-17,29.7,15.4,21.2,28.2,0.0
Santiago,2024-03-18,31.1,16.6,22.5,29.5,0.0
Santiago,2024-03-19,28.5,15.4,21.5,26.9,0.0
Santiago,2024-03-20,22.2,12.1,16.3,21.6,0.3
Santiago,2024-03-21,31.4,14.1,21.6,30.7,3.5
Santiago,2024-03-22,32.0,19.4,24.1,31.0,0.0
Santiago,2024-03-23,29.5,14.9,21.7,28.5,0.0
Santiago,2024-03-24,30.6,17.1,22.6,30.1,0.0
Santiago,2024-03-25,28.3,15.4,20.6,28.0,0.0
Santiago,2024-03-26,29.1,13.9,20.4,29.3,0.0
Santiago,2024-03-27,29.1,15.1,21.6,29.1,0.0
Santiago,2024-03-28,29.9,16.4,21.8,29.5,0.0
Santiago,2024-03-29,30.2,17.1,21.9,29.7,0.0
Santiago,2024-03-30,31.6,15.9,22.5,30.2,0.0
Santiago,2024-03-31,29.6,17.2,22.0,27.0,0.0
Santiago,2024-04-01,26.7,13.9,19.2,24.4,0.0
Santiago,2024-04-02,25.0,14.4,18.7,22.5,0.0
Santiago,2024-04-03,21.6,12.9,16.3,20.2,0.0
Santiago,2024-04-04,26.9,13.3,18.8,26.6,0.0
Santiago,2024-04-05,28.6,15.4,20.4,27.3,0.0
Santiago,2024-04-06,25.6,11.1,17.8,23.9,0.0
Santiago,2024-04-07,29.0,14.1,19.8,27.2,0.0
Santiago,2024-04-08,25.5,13.6,18.2,23.3,0.0
Santiago,2024-04-09,26.9,13.9,18.9,25.5,0.0
Santiago,2024-04-10,27.4,13.6,19.1,26.1,0.0
Santiago,2024-04-11,22.8,10.9,15.4,20.4,0.0
Santiago,2024-04-12,16.4,10.9,13.2,14.4,0.0
Santiago,2024-04-13,19.0,7.8,13.1,17.0,0.8
Santiago,2024-04-14,20.7,10.1,14.6,19.3,0.9
Santiago,2024-04-15,20.0,11.5,13.7,17.3,7.2
Santiago,2024-04-16,22.6,9.7,15.4,20.6,0.0
Santiago,2024-04-17,27.5,12.8,19.5,25.1,0.0
Santiago,2024-04-18,29.6,14.4,21.3,28.2,0.0
Santiago,2024-04-19,24.4,14.6,18.1,22.5,0.0
Santiago,2024-04-20,21.9,13.9,16.8,20.4,0.0
Santiago,2024-04-21,18.9,12.6,15.4,17.2,0.0
Santiago,2024-04-22,20.6,10.4,14.9,19.4,0.0
Santiago,2024-04-23,24.4,11.4,16.3,22.6,0.0
Santiago,2024-04-24,22.5,11.9,15.4,20.9,0.0
Santiago,2024-04-25,21.6,11.2,15.0,18.7,0.0
Santiago,2024-04-26,19.5,9.4,13.9,17.0,0.0
Santiago,2024-04-27,20.4,8.5,13.0,18.1,0.0
Santiago,2024-04-28,18.0,9.4,12.1,14.8,0.0
Santiago,2024-04-29,18.4,5.9,11.8,14.2,0.0
Santiago,2024-04-30,16.1,7.2,11.7,14.0,0.2
Santiago,2024-05-01,15.1,8.9,11.0,12.6,0.9
Santiago,2024-05-02,15.1,5.8,9.5,12.2,0.0
Santiago,2024-05-03,16.7,6.4,10.1,14.0,0.0
Santiago,2024-05-04,18.1,5.8,11.4,15.1,0.0
Santiago,2024-05-05,16.2,8.6,11.4,14.1,0.0
Santiago,2024-05-06,16.3,6.7,10.6,14.3,0.0
Santiago,2024-05-07,11.1,3.8,6.9,8.6,29.9
Santiago,2024-05-08,14.6,1.0,8.0,13.1,0.0
Santiago,2024-05-09,17.8,7.6,11.7,15.7,0.0
Santiago,2024-05-10,14.0,6.9,9.9,12.2,0.0
Santiago,2024-05-11,14.1,7.2,9.6,11.4,0.0
Santiago,2024-05-12,13.6,5.0,8.8,10.5,0.0
Santiago,2024-05-13,14.6,5.0,9.0,12.1,0.0
Santiago,2024-05-14,15.8,4.8,9.6,12.8,0.0
Santiago,2024-05-15,10.6,3.3,7.0,8.3,2.5
Santiago,2024-05-16,13.9,1.5,7.1,11.4,0.0
Santiago,2024-05-17,13.6,4.8,8.9,11.3,0.5
Santiago,2024-05-18,15.8,2.8,8.7,12.8,0.0
Santiago,2024-05-19,17.3,4.3,11.0,15.3,0.0
Santiago,2024-05-20,13.4,8.6,9.8,10.5,36.9
Santiago,2024-05-21,13.9,7.0,9.8,12.8,2.5
Santiago,2024-05-22,10.5,7.2,9.2,9.3,27.0
Santiago,2024-05-23,12.9,5.8,8.1,11.0,12.3
Santiago,2024-05-24,16.5,4.1,10.3,14.9,0.0
Santiago,2024-05-25,15.4,9.3,11.7,14.1,0.0
Santiago,2024-05-26,14.1,6.1,9.1,12.5,4.1
Santiago,2024-05-27,16.4,4.2,10.7,15.2,0.0
Santiago,2024-05-28,19.2,8.4,13.7,17.9,0.0
Santiago,2024-05-29,17.4,8.1,13.5,16.1,0.0
Santiago,2024-05-30,19.2,12.9,15.6,18.8,0.0
Santiago,2024-05-31,17.2,11.1,15.0,15.6,0.0
Santiago,2024-06-01,17.6,7.5,12.5,17.0,0.0
Santiago,2024-06-02,20.1,11.6,15.2,20.1,0.0
Santiago,2024-06-03,19.6,11.1,15.3,17.0,0.0
Santiago,2024-06-04,18.9,8.6,13.1,17.6,0.0
Santiago,2024-06-05,17.4,10.6,14.5,15.2,0.0
Santiago,2024-06-06,16.5,12.9,14.7,15.6,0.0
Santiago,2024-06-07,20.7,14.4,17.3,20.4,0.0
Santiago,2024-06-08,18.0,8.1,13.0,15.0,3.9
Santiago,2024-06-09,13.6,8.6,10.8,12.3,11.5
Santiago,2024-06-10,14.8,9.0,11.8,13.6,0.0
Santiago,2024-06-11,14.9,9.2,12.4,14.2,0.0
Santiago,2024-06-12,13.8,8.9,11.8,12.3,0.0
Santiago,2024-06-13,13.4,8.6,10.4,10.6,46.5
Santiago,2024-06-14,14.6,6.3,9.8,12.9,10.2
Santiago,2024-06-15,13.9,6.2,9.9,11.8,0.0
Santiago,2024-06-16,14.3,7.2,9.9,13.2,0.0
Santiago,2024-06-17,14.6,5.7,9.7,13.0,0.3
Santiago,2024-06-18,12.1,6.9,9.1,11.1,42.3
Santiago,2024-06-19,15.3,4.8,9.2,13.6,10.2
Santiago,2024-06-20,12.4,8.4,10.0,11.1,0.0
Santiago,2024-06-21,9.6,7.3,8.0,7.7,47.0
Santiago,2024-06-22,9.6,5.7,7.2,8.1,15.2
Santiago,2024-06-23,10.6,5.7,7.6,8.9,0.0
Santiago,2024-06-24,7.8,4.3,6.5,6.1,0.0
Santiago,2024-06-25,10.2,3.7,6.4,8.3,0.2
Santiago,2024-06-26,15.9,4.1,10.4,14.0,0.0
Santiago,2024-06-27,16.0,7.1,12.1,14.7,0.0
Santiago,2024-06-28,14.8,6.7,10.3,13.9,0.0
Santiago,2024-06-29,17.5,9.6,13.8,16.8,0.0
Santiago,2024-06-30,18.7,9.6,14.3,17.4,0.0
Santiago,2024-07-01,19.8,10.6,14.8,19.0,0.0
Santiago,2024-07-02,17.7,10.4,14.0,16.0,0.0
Santiago,2024-07-03,16.4,10.4,13.6,14.8,0.0
Santiago,2024-07-04,14.7,8.7,10.9,13.1,0.0
Santiago,2024-07-05,14.8,8.6,10.7,13.1,0.0
Santiago,2024-07-06,13.2,4.4,8.8,10.8,0.0
Santiago,2024-07-07,13.2,6.6,8.8,10.7,0.0
Santiago,2024-07-08,13.2,6.1,9.3,11.0,0.0
Santiago,2024-07-09,11.5,0.0,6.8,7.9,0.0
Santiago,2024-07-10,9.9,1.3,4.9,7.3,0.0
Santiago,2024-07-11,11.5,3.3,6.8,8.8,0.0
Santiago,2024-07-12,13.9,5.2,8.9,11.2,0.0
Santiago,2024-07-13,14.1,5.4,9.2,12.0,0.0
Santiago,2024-07-14,13.2,6.8,10.1,10.5,0.0
Santiago,2024-07-15,15.1,6.2,9.8,12.0,0.0
Santiago,2024-07-16,20.4,7.5,13.7,18.5,0.0
Santiago,2024-07-17,18.5,10.2,14.3,16.2,0.0
Santiago,2024-07-18,14.0,7.7,10.6,12.1,0.1
Santiago,2024-07-19,15.6,6.8,10.5,14.1,0.0
Santiago,2024-07-20,13.9,6.0,9.6,13.2,0.0
Santiago,2024-07-21,14.4,5.5,9.6,11.5,0.0
Santiago,2024-07-22,17.9,8.2,12.6,16.2,0.0
Santiago,2024-07-23,10.9,5.9,8.2,9.1,0.2
Santiago,2024-07-24,16.3,6.1,11.3,15.5,0.0
Santiago,2024-07-25,18.4,9.8,13.3,16.4,0.0
Santiago,2024-07-26,13.9,7.5,9.6,12.1,0.0
Santiago,2024-07-27,16.5,5.9,10.0,14.7,0.0
Santiago,2024-07-28,17.1,7.8,12.1,15.6,0.0
Santiago,2024-07-29,21.9,10.7,15.9,21.0,0.0
Santiago,2024-07-30,18.4,10.1,14.7,17.0,0.0
Santiago,2024-07-31,13.1,7.9,10.4,11.8,0.0
Santiago,2024-08-01,11.3,8.1,9.2,8.8,0.0
Santiago,2024-08-02,13.4,6.0,9.2,10.7,57.0
Santiago,2024-08-03,15.6,2.6,9.7,13.4,0.3
Santiago,2024-08-04,16.2,8.2,11.3,14.3,0.0
Santiago,2024-08-05,11.1,6.0,8.6,8.6,8.8
Santiago,2024-08-06,12.1,4.6,7.4,9.7,10.8
Santiago,2024-08-07,10.9,3.7,6.5,8.9,0.0
Santiago,2024-08-08,13.7,0.4,7.6,11.3,0.0
Santiago,2024-08-09,18.6,3.4,11.5,16.9,0.0
Santiago,2024-08-10,19.0,7.8,12.9,16.9,0.0
Santiago,2024-08-11,20.3,7.6,15.0,19.0,0.0
Santiago,2024-08-12,23.0,14.7,18.0,22.3,0.0
Santiago,2024-08-13,20.3,9.8,15.3,19.7,0.0
Santiago,2024-08-14,14.5,9.4,11.4,13.9,0.0
Santiago,2024-08-15,17.2,8.2,11.5,15.5,0.0
Santiago,2024-08-16,13.6,6.9,9.9,12.4,0.0
Santiago,2024-08-17,15.2,8.1,10.4,13.6,0.0
Santiago,2024-08-18,12.9,6.2,8.8,11.3,0.0
Santiago,2024-08-19,12.6,4.9,8.4,10.3,0.0
Santiago,2024-08-20,10.8,4.2,6.8,8.4,0.2
Santiago,2024-08-21,11.9,1.6,6.3,9.2,6.0
Santiago,2024-08-22,11.6,0.9,6.2,9.1,0.0
Santiago,2024-08-23,10.4,3.0,6.0,8.0,2.8
Santiago,2024-08-24,17.0,0.9,9.1,15.5,0.0
Santiago,2024-08-25,19.9,8.6,13.6,18.7,0.0
Santiago,2024-08-26,16.9,5.4,11.3,15.2,0.0
Santiago,2024-08-27,18.7,9.8,12.9,17.8,0.0
Santiago,2024-08-28,15.5,7.2,10.3,15.0,0.0
Santiago,2024-08-29,12.4,6.3,8.8,10.2,0.8
Santiago,2024-08-30,13.8,6.7,9.2,11.7,1.5
Santiago,2024-08-31,19.0,5.5,11.6,18.0,0.0
Santiago,2024-09-01,23.5,11.5,16.5,22.7,0.0
Santiago,2024-09-02,14.6,7.3,10.8,12.4,0.0
Santiago,2024-09-03,15.9,7.8,10.9,14.2,0.0
Santiago,2024-09-04,19.0,7.8,12.5,17.7,0.0
Santiago,2024-09-05,21.6,11.6,16.0,20.7,0.0
Santiago,2024-09-06,17.9,7.7,12.3,16.9,0.0
Santiago,2024-09-07,16.8,7.8,11.3,16.2,0.0
Santiago,2024-09-08,19.2,8.9,12.5,17.6,0.0
Santiago,2024-09-09,21.3,10.6,14.8,20.3,0.0
Santiago,2024-09-10,18.0,8.5,13.1,16.5,0.3
Santiago,2024-09-11,18.8,7.7,12.3,17.9,0.1
Santiago,2024-09-12,16.8,8.6,11.7,15.9,0.0
Santiago,2024-09-13,18.3,6.1,11.3,17.1,0.0
Santiago,2024-09-14,22.5,8.3,14.7,21.0,0.0
Santiago,2024-09-15,22.9,12.4,16.6,21.3,0.0
Santiago,2024-09-16,24.9,9.4,16.4,22.9,0.0
Santiago,2024-09-17,21.8,7.0,13.8,20.7,0.0
Santiago,2024-09-18,21.9,8.6,15.1,20.6,0.0
Santiago,2024-09-19,17.4,5.6,11.1,14.3,1.0
Santiago,2024-09-20,18.5,6.3,12.6,17.0,0.0
Santiago,2024-09-21,16.9,8.1,11.5,15.8,0.0
Santiago,2024-09-22,13.1,7.8,10.3,11.3,3.8
Santiago,2024-09-23,15.6,8.4,11.5,13.7,0.7
Santiago,2024-09-24,17.6,7.6,11.6,17.2,0.0
Santiago,2024-09-25,17.4,7.4,11.5,15.8,0.0
Santiago,2024-09-26,24.4,6.9,15.3,23.1,0.0
Santiago,2024-09-27,22.0,13.1,16.3,21.0,0.0
Santiago,2024-09-28,24.0,12.9,17.2,22.9,0.0
Santiago,2024-09-29,19.4,10.2,14.4,19.2,0.0
Santiago,2024-09-30,18.8,8.6,12.0,18.3,0.0
Santiago,2024-10-01,17.9,6.1,11.9,15.7,0.0
Santiago,2024-10-02,21.2,9.5,14.2,20.6,0.0
Santiago,2024-10-03,25.0,12.6,17.4,24.9,0.0
Santiago,2024-10-04,25.8,12.6,18.4,25.1,0.0
Santiago,2024-10-05,25.4,11.1,18.2,25.1,0.0
Santiago,2024-10-06,21.2,13.4,17.3,20.0,0.3
Santiago,2024-10-07,23.0,11.2,16.1,22.5,3.6
Santiago,2024-10-08,15.6,10.0,12.1,13.9,10.7
Santiago,2024-10-09,19.2,9.2,13.7,17.8,0.5
Santiago,2024-10-10,19.0,10.0,13.8,18.7,0.0
Santiago,2024-10-11,18.2,10.2,13.2,17.3,0.1
Santiago,2024-10-12,18.6,11.0,14.3,17.6,0.0
Santiago,2024-10-13,23.6,11.5,16.3,24.3,0.0
Santiago,2024-10-14,22.4,11.1,15.9,21.5,0.0
Santiago,2024-10-15,28.1,14.6,19.3,28.0,0.0
Santiago,2024-10-16,19.9,8.5,14.2,19.2,0.0
Santiago,2024-10-17,26.6,9.2,16.7,26.7,0.0
Santiago,2024-10-18,29.0,13.4,19.6,29.0,0.0
Santiago,2024-10-19,22.9,10.9,15.6,23.1,0.0
Santiago,2024-10-20,20.9,9.2,13.9,20.4,0.6
Santiago,2024-10-21,24.5,9.6,16.5,24.3,0.0
Santiago,2024-10-22,24.1,11.2,16.2,23.9,2.3
Santiago,2024-10-23,18.8,9.6,13.2,18.4,7.9
Santiago,2024-10-24,26.0,7.9,16.4,25.3,0.0
Santiago,2024-10-25,24.0,8.9,15.6,23.2,0.0
Santiago,2024-10-26,29.2,12.6,20.0,29.0,0.0
Santiago,2024-10-27,27.7,12.1,18.9,27.6,0.0
Santiago,2024-10-28,32.3,15.6,21.6,32.6,0.0
Santiago,2024-10-29,25.4,12.6,18.5,25.2,0.0
Santiago,2024-10-30,26.0,10.9,16.9,26.4,0.0
Santiago,2024-10-31,27.1,11.8,17.8,27.4,0.0
Santiago,2024-11-01,20.5,11.0,14.4,19.9,0.0
Santiago,2024-11-02,25.6,8.4,16.7,25.1,0.0
Santiago,2024-11-03,24.2,10.1,16.1,24.2,0.0
Santiago,2024-11-04,23.9,8.9,15.6,22.6,0.0
Santiago,2024-11-05,27.2,12.1,18.6,25.8,0.0
Santiago,2024-11-06,27.2,13.2,19.4,26.3,0.0
Santiago,2024-11-07,25.5,13.5,19.1,24.5,0.0
Santiago,2024-11-08,30.0,15.2,21.5,29.4,0.0
Santiago,2024-11-09,28.1,15.2,20.6,27.3,0.0
Santiago,2024-11-10,23.0,11.9,17.1,21.8,0.0
Santiago,2024-11-11,26.8,10.7,18.7,24.4,0.0
Santiago,2024-11-12,31.6,15.9,23.4,30.1,0.0
Santiago,2024-11-13,28.0,14.7,22.0,27.9,0.0
Santiago,2024-11-14,27.2,13.6,19.2,28.0,0.0
Santiago,2024-11-15,25.6,10.8,17.9,25.7,0.0
Santiago,2024-11-16,20.4,13.5,16.5,19.1,0.5
Santiago,2024-11-17,26.0,10.6,17.7,27.1,0.0
Santiago,2024-11-18,27.0,13.4,19.1,27.3,0.0
Santiago,2024-11-19,26.3,11.4,17.5,26.4,0.0
Santiago,2024-11-20,25.7,12.6,18.6,25.5,0.0
Santiago,2024-11-21,28.0,14.0,19.9,28.6,0.0
Santiago,2024-11-22,26.9,12.1,19.2,26.9,0.0
Santiago,2024-11-23,29.8,13.5,21.1,30.1,0.0
Santiago,2024-11-24,28.1,14.1,21.0,29.0,0.0
Santiago,2024-11-25,26.9,15.2,20.5,26.6,0.0
Santiago,2024-11-26,26.5,13.1,19.2,25.8,0.0
Santiago,2024-11-27,25.5,11.6,17.6,25.0,0.0
Santiago,2024-11-28,26.3,10.4,18.3,25.7,0.0
Santiago,2024-11-29,28.6,13.8,21.0,28.1,0.0
Santiago,2024-11-30,26.6,12.6,19.4,25.7,0.0
Santiago,2024-12-01,24.5,9.7,16.6,24.1,0.0
Santiago,2024-12-02,26.3,12.3,19.2,25.4,0.0
Santiago,2024-12-03,26.6,12.4,18.8,26.6,0.0
Santiago,2024-12-04,25.2,10.9,17.1,25.4,0.0
Santiago,2024-12-05,22.2,9.4,15.5,22.1,0.0
Santiago,2024-12-06,26.3,10.6,18.1,25.5,0.0
Santiago,2024-12-07,26.8,13.7,19.8,26.9,0.0
Santiago,2024-12-08,25.4,11.4,17.8,25.0,0.0
Santiago,2024-12-09,30.2,11.8,20.6,29.9,0.0
Santiago,2024-12-10,28.8,14.9,21.3,29.1,0.0
Santiago,2024-12-11,30.0,14.1,21.9,30.1,0.0
Santiago,2024-12-12,27.9,13.1,19.7,28.0,0.0
Santiago,2024-12-13,29.8,14.6,21.9,29.5,0.0
Santiago,2024-12-14,30.8,15.6,22.1,30.9,0.0
Santiago,2024-12-15,27.6,14.6,19.9,28.4,0.0
Santiago,2024-12-16,28.5,12.4,19.2,29.1,0.0
Santiago,2024-12-17,26.7,12.3,18.8,27.5,0.0
Santiago,2024-12-18,28.6,12.9,20.7,28.8,0.0
Santiago,2024-12-19,32.6,16.2,24.1,32.2,0.0
Santiago,2024-12-20,29.7,16.1,22.6,29.0,0.0
Santiago,2024-12-21,32.2,16.4,24.3,32.2,0.0
Santiago,2024-12-22,33.9,18.9,25.6,34.2,0.0
Santiago,2024-12-23,29.6,18.9,24.0,30.3,0.0
Santiago,2024-12-24,31.1,17.2,23.3,31.3,0.0
Santiago,2024-12-25,29.3,15.8,21.6,30.5,0.0
Santiago,2024-12-26,28.0,13.3,19.5,28.8,0.0
Santiago,2024-12-27,28.8,14.1,20.3,30.2,0.0
Santiago,2024-12-28,29.8,14.4,20.9,31.0,0.0
Santiago,2024-12-29,31.3,14.6,21.9,32.6,0.0
Santiago,2024-12-30,30.5,15.6,22.2,31.8,0.0
Santiago,2024-12-31,31.0,16.7,23.3,31.1,0.0
Talagante,2024-01-01,28.4,10.7,18.2,28.3,0.0
Talagante,2024-01-02,30.3,11.4,19.5,31.3,0.0
Talagante,2024-01-03,28.4,11.8,19.5,29.4,0.0
Talagante,2024-01-04,27.0,12.1,18.9,27.6,0.0
Talagante,2024-01-05,25.9,12.6,18.4,26.6,0.0
Talagante,2024-01-06,26.6,12.6,18.5,27.1,0.0
Talagante,2024-01-07,30.9,11.4,20.7,29.8,0.0
Talagante,2024-01-08,30.5,12.2,20.7,30.1,0.0
Talagante,2024-01-09,29.9,11.9,19.9,29.3,0.0
Talagante,2024-01-10,30.5,11.4,20.0,30.1,0.0
Talagante,2024-01-11,29.4,13.2,19.8,29.4,0.0
Talagante,2024-01-12,27.2,11.9,18.6,26.9,0.0
Talagante,2024-01-13,27.2,11.4,17.9,27.0,0.0
Talagante,2024-01-14,34.2,10.7,22.1,33.3,0.0
Talagante,2024-01-15,30.7,13.1,20.9,29.7,0.0
Talagante,2024-01-16,32.0,10.8,21.1,31.8,0.0
Talagante,2024-01-17,28.2,13.4,20.3,28.5,0.0
Talagante,2024-01-18,32.8,12.0,21.5,32.6,0.0
Talagante,2024-01-19,31.6,13.6,22.3,30.7,0.0
Talagante,2024-01-20,29.4,14.9,21.3,28.7,0.0
Talagante,2024-01-21,31.0,12.4,20.7,30.7,0.0
Talagante,2024-01-22,30.6,12.9,21.0,31.1,0.0
Talagante,2024-01-23,28.8,12.8,19.7,29.2,0.0
Talagante,2024-01-24,33.2,12.9,21.7,33.9,0.0
Talagante,2024-01-25,29.0,14.6,20.8,29.2,0.0
Talagante,2024-01-26,29.5,13.6,20.2,29.2,0.0
Talagante,2024-01-27,32.2,12.6,20.8,32.9,0.0
Talagante,2024-01-28,28.8,14.6,20.3,28.6,0.0
Talagante,2024-01-29,30.6,13.4,20.7,31.4,0.0
Talagante,2024-01-30,35.2,13.1,22.4,34.6,0.0
Talagante,2024-01-31,37.7,14.4,25.4,35.9,0.0
Talagante,2024-02-01,34.5,15.6,24.0,34.1,0.0
Talagante,2024-02-02,37.2,14.0,25.1,36.8,0.0
Talagante,2024-02-03,36.4,16.8,25.5,35.3,0.0
Talagante,2024-02-04,29.6,15.1,21.1,29.6,0.0
Talagante,2024-02-05,32.0,12.2,21.4,32.4,0.0
Talagante,2024-02-06,29.0,14.7,21.1,29.0,0.0
Talagante,2024-02-07,34.1,13.4,22.5,35.0,0.0
Talagante,2024-02-08,31.3,16.0,22.8,32.0,0.0
Talagante,2024-02-09,30.0,14.1,21.0,30.5,0.0
Talagante,2024-02-10,32.8,13.1,22.0,32.7,0.0
Talagante,2024-02-11,28.8,11.9,19.4,28.6,0.0
Talagante,2024-02-12,35.0,12.6,23.0,34.3,0.0
Talagante,2024-02-13,29.4,15.1,21.2,29.0,0.0
Talagante,2024-02-14,30.5,12.2,19.6,31.2,0.0
Talagante,2024-02-15,30.0,12.7,19.5,30.9,0.0
Talagante,2024-02-16,28.2,12.8,19.2,28.7,0.0
Talagante,2024-02-17,34.8,12.4,22.3,33.6,0.0
Talagante,2024-02-18,31.2,14.1,22.2,30.7,0.0
Talagante,2024-02-19,28.2,13.2,19.2,28.1,0.0
Talagante,2024-02-20,28.8,14.2,19.8,29.7,0.0
Talagante,2024-02-21,28.0,12.9,19.3,28.1,0.0
Talagante,2024-02-22,19.7,14.9,17.5,19.5,4.8
Talagante,2024-02-23,28.6,11.5,19.9,30.9,0.0
Talagante,2024-02-24,30.3,13.4,21.0,31.5,0.0
Talagante,2024-02-25,29.1,13.1,20.2,29.3,0.0
Talagante,2024-02-26,32.0,12.0,21.1,31.9,0.0
Talagante,2024-02-27,30.7,13.4,20.9,30.0,0.0
Talagante,2024-02-28,32.5,12.2,21.1,31.9,0.0
Talagante,2024-02-29,33.0,13.6,21.9,32.9,0.0
Talagante,2024-03-01,27.8,12.6,19.7,26.7,0.0
Talagante,2024-03-02,31.1,12.9,21.1,30.0,0.0
Talagante,2024-03-03,30.3,14.2,21.0,29.4,0.0
Talagante,2024-03-04,31.2,12.5,20.3,30.0,0.0
Talagante,2024-03-05,28.1,12.3,18.9,27.1,0.0
Talagante,2024-03-06,28.5,11.6,18.9,28.2,0.0
Talagante,2024-03-07,27.0,10.7,17.7,25.4,0.0
Talagante,2024-03-08,27.8,9.5,17.7,25.8,0.0
Talagante,2024-03-09,30.3,10.1,19.2,29.3,0.0
Talagante,2024-03-10,27.9,11.9,18.7,27.2,0.0
Talagante,2024-03-11,26.9,11.1,17.2,26.0,0.0
Talagante,2024-03-12,28.5,9.4,18.1,26.6,0.0
Talagante,2024-03-13,28.8,11.6,18.9,27.8,0.0
Talagante,2024-03-14,29.2,10.4,19.0,27.6,0.0
Talagante,2024-03-15,28.6,9.9,18.2,26.4,0.0
Talagante,2024-03-16,28.8,9.6,18.2,26.7,0.0
Talagante,2024-03-17,29.9,10.2,18.9,27.9,0.0
Talagante,2024-03-18,31.0,11.8,20.3,28.9,0.0
Talagante,2024-03-19,26.5,12.4,19.0,24.8,0.0
Talagante,2024-03-20,22.0,11.6,16.1,20.0,0.9
Talagante,2024-03-21,30.7,10.9,20.1,30.9,0.0
Talagante,2024-03-22,31.5,14.7,21.7,30.8,0.0
Talagante,2024-03-23,29.8,12.9,20.1,28.7,0.0
Talagante,2024-03-24,30.4,12.8,20.3,30.1,0.0
Talagante,2024-03-25,26.1,12.7,18.3,25.8,0.0
Talagante,2024-03-26,29.0,11.3,19.1,28.7,0.0
Talagante,2024-03-27,29.4,13.0,20.2,29.2,0.0
Talagante,2024-03-28,28.4,12.4,19.5,28.5,0.0
Talagante,2024-03-29,29.5,12.2,19.7,28.8,0.0
Talagante,2024-03-30,30.9,12.4,20.7,30.3,0.0
Talagante,2024-03-31,29.2,13.2,20.6,26.8,0.0
Talagante,2024-04-01,26.8,10.9,18.5,24.0,0.0
Talagante,2024-04-02,24.4,11.1,17.2,22.2,1.3
Talagante,2024-04-03,19.2,12.9,15.9,19.6,0.0
Talagante,2024-04-04,27.0,11.9,18.2,26.2,0.0
Talagante,2024-04-05,27.9,11.2,18.4,26.9,0.0
Talagante,2024-04-06,25.5,9.1,16.6,23.9,0.0
Talagante,2024-04-07,27.2,9.5,17.5,26.5,0.0
Talagante,2024-04-08,25.8,9.3,16.6,23.9,0.0
Talagante,2024-04-09,26.2,10.5,17.1,24.6,0.0
Talagante,2024-04-10,26.0,11.0,16.9,25.2,0.0
Talagante,2024-04-11,21.8,8.4,13.4,18.8,0.0
Talagante,2024-04-12,15.3,9.2,11.7,14.7,0.4
Talagante,2024-04-13,20.1,7.6,13.1,18.2,0.0
Talagante,2024-04-14,21.6,9.9,14.7,20.1,3.4
Talagante,2024-04-15,17.6,11.4,13.6,17.1,8.9
Talagante,2024-04-16,24.0,9.9,15.9,22.3,0.0
Talagante,2024-04-17,26.8,6.4,17.2,26.1,0.0
Talagante,2024-04-18,28.5,8.4,18.0,26.9,0.0
Talagante,2024-04-19,23.0,11.1,16.2,21.7,0.0
Talagante,2024-04-20,21.1,10.8,15.1,20.1,0.0
Talagante,2024-04-21,18.8,11.8,14.8,16.4,0.2
Talagante,2024-04-22,20.1,9.9,14.3,19.3,0.7
Talagante,2024-04-23,24.4,7.7,14.7,23.4,0.0
Talagante,2024-04-24,21.8,8.7,13.7,20.2,0.0
Talagante,2024-04-25,21.8,6.5,13.4,19.1,0.0
Talagante,2024-04-26,20.1,7.7,13.1,18.6,0.0
Talagante,2024-04-27,20.4,6.6,12.5,18.4,0.0
Talagante,2024-04-28,17.0,7.1,11.1,13.8,0.0
Talagante,2024-04-29,18.2,6.2,11.8,15.0,0.0
Talagante,2024-04-30,16.4,8.3,11.7,14.9,30.9
Talagante,2024-05-01,15.4,7.8,10.6,13.8,0.5
Talagante,2024-05-02,14.3,3.6,8.4,12.3,0.0
Talagante,2024-05-03,16.2,3.7,9.5,14.3,0.0
Talagante,2024-05-04,17.9,4.3,10.2,15.9,0.0
Talagante,2024-05-05,16.0,6.7,10.2,15.2,0.0
Talagante,2024-05-06,16.3,4.9,9.6,14.1,0.0
Talagante,2024-05-07,10.1,4.1,6.9,8.6,30.2
Talagante,2024-05-08,15.1,0.6,7.1,13.2,0.0
Talagante,2024-05-09,15.8,0.6,7.0,14.0,0.0
Talagante,2024-05-10,14.5,3.5,8.6,12.3,0.0
Talagante,2024-05-11,14.6,1.9,7.8,13.0,0.0
Talagante,2024-05-12,14.2,2.8,8.1,11.6,0.0
Talagante,2024-05-13,14.9,-0.8,6.3,13.0,0.0
Talagante,2024-05-14,14.9,-1.0,6.2,12.6,0.0
Talagante,2024-05-15,12.2,2.8,6.7,9.3,1.0
Talagante,2024-05-16,15.1,0.2,7.3,12.6,0.0
Talagante,2024-05-17,14.7,0.4,7.0,13.0,0.1
Talagante,2024-05-18,16.1,-1.0,6.5,14.2,0.0
Talagante,2024-05-19,15.5,-1.0,7.0,13.2,0.0
Talagante,2024-05-20,11.3,6.9,8.6,8.5,26.6
Talagante,2024-05-21,14.8,6.4,9.7,14.0,15.9
Talagante,2024-05-22,10.2,6.9,8.6,8.7,14.8
Talagante,2024-05-23,13.6,3.3,8.7,11.8,4.8
Talagante,2024-05-24,14.2,0.8,6.9,12.2,0.0
Talagante,2024-05-25,15.4,7.2,10.6,13.6,0.5
Talagante,2024-05-26,13.9,5.3,9.1,12.2,9.9
Talagante,2024-05-27,14.2,0.3,7.1,12.8,0.0
Talagante,2024-05-28,18.0,1.7,8.5,16.9,0.0
Talagante,2024-05-29,18.0,5.6,10.3,16.9,0.0
Talagante,2024-05-30,18.4,4.1,10.3,18.3,0.0
Talagante,2024-05-31,16.0,3.5,9.2,14.5,0.0
Talagante,2024-06-01,17.6,2.0,9.7,17.1,0.0
Talagante,2024-06-02,17.3,7.6,11.0,16.7,0.0
Talagante,2024-06-03,15.2,8.8,11.1,14.0,0.0
Talagante,2024-06-04,18.2,6.0,10.9,18.0,0.2
Talagante,2024-06-05,15.8,8.0,11.0,15.0,0.3
Talagante,2024-06-06,17.6,6.4,11.6,17.7,0.0
Talagante,2024-06-07,19.8,6.8,12.5,19.5,0.0
Talagante,2024-06-08,16.6,8.0,11.5,15.7,2.6
Talagante,2024-06-09,14.4,8.2,11.1,13.7,14.3
Talagante,2024-06-10,16.3,8.3,11.4,16.0,0.0
Talagante,2024-06-11,16.1,8.1,11.1,15.7,0.1
Talagante,2024-06-12,14.1,7.8,11.0,13.0,0.0
Talagante,2024-06-13,12.6,9.1,10.6,11.8,57.4
Talagante,2024-06-14,15.1,6.4,10.4,14.2,32.6
Talagante,2024-06-15,14.9,2.0,8.4,14.3,0.0
Talagante,2024-06-16,14.7,3.8,8.3,14.0,0.0
Talagante,2024-06-17,15.6,4.2,9.2,14.5,9.9
Talagante,2024-06-18,11.1,7.1,9.1,9.9,61.5
Talagante,2024-06-19,16.4,6.4,9.9,15.8,11.7
Talagante,2024-06-20,13.4,6.2,9.2,12.0,0.0
Talagante,2024-06-21,9.9,5.9,8.3,8.7,72.2
Talagante,2024-06-22,9.2,5.2,7.5,7.7,24.5
Talagante,2024-06-23,11.9,5.3,8.2,9.6,0.0
Talagante,2024-06-24,11.1,3.5,6.8,9.1,0.1
Talagante,2024-06-25,11.8,2.0,6.3,10.2,0.0
Talagante,2024-06-26,15.2,-0.6,6.1,13.0,0.0
Talagante,2024-06-27,13.9,1.9,7.4,12.5,0.0
Talagante,2024-06-28,14.9,4.2,8.3,14.2,0.0
Talagante,2024-06-29,16.4,1.6,7.9,14.8,0.0
Talagante,2024-06-30,18.5,2.4,8.8,17.7,0.0
Talagante,2024-07-01,19.2,1.1,8.8,18.5,0.0
Talagante,2024-07-02,16.8,1.0,7.9,15.6,0.0
Talagante,2024-07-03,16.2,3.5,8.6,14.8,0.0
Talagante,2024-07-04,13.4,3.2,6.9,11.9,0.0
Talagante,2024-07-05,15.9,-2.1,5.4,12.9,0.0
Talagante,2024-07-06,13.2,-1.6,4.0,10.4,0.0
Talagante,2024-07-07,13.8,-0.9,4.2,10.7,0.0
Talagante,2024-07-08,14.4,-2.7,3.8,11.3,0.0
Talagante,2024-07-09,10.4,-2.1,3.2,6.7,0.0
Talagante,2024-07-10,10.0,-1.3,3.6,7.7,0.0
Talagante,2024-07-11,11.0,-3.2,3.2,9.3,0.0
Talagante,2024-07-12,15.0,-3.5,3.6,10.9,0.0
Talagante,2024-07-13,13.9,-2.3,3.8,10.7,0.0
Talagante,2024-07-14,11.4,-3.3,2.6,8.3,0.0
Talagante,2024-07-15,13.6,-3.3,2.5,10.2,0.0
Talagante,2024-07-16,18.6,-0.6,6.1,16.2,0.0
Talagante,2024-07-17,16.8,-0.5,5.6,13.5,0.0
Talagante,2024-07-18,9.8,2.2,5.7,8.5,4.2
Talagante,2024-07-19,13.9,2.5,7.0,13.0,0.0
Talagante,2024-07-20,12.9,2.5,6.7,11.7,0.0
Talagante,2024-07-21,15.7,4.7,9.2,14.6,0.0
Talagante,2024-07-22,17.4,3.3,9.1,16.2,0.0
Talagante,2024-07-23,12.5,3.2,7.9,11.8,1.2
Talagante,2024-07-24,16.2,1.6,8.2,15.0,0.0
Talagante,2024-07-25,15.6,0.3,7.7,14.1,0.0
Talagante,2024-07-26,12.6,3.7,7.2,12.0,0.0
Talagante,2024-07-27,14.9,1.5,7.3,13.7,0.0
Talagante,2024-07-28,16.3,3.2,8.0,14.2,0.0
Talagante,2024-07-29,20.4,0.1,9.2,19.3,0.0
Talagante,2024-07-30,16.9,5.9,10.5,16.1,0.0
Talagante,2024-07-31,13.1,7.2,9.8,12.6,0.0
Talagante,2024-08-01,11.6,8.2,9.5,10.7,1.5
Talagante,2024-08-02,11.9,6.8,9.5,10.7,66.8
Talagante,2024-08-03,16.4,2.3,9.1,14.1,22.8
Talagante,2024-08-04,16.5,4.9,10.1,15.5,0.0
Talagante,2024-08-05,10.1,6.2,7.6,8.1,13.5
Talagante,2024-08-06,13.1,4.2,8.3,11.1,1.9
Talagante,2024-08-07,12.0,-1.0,5.8,9.6,0.0
Talagante,2024-08-08,14.6,-2.5,6.0,13.0,0.0
Talagante,2024-08-09,17.5,-3.2,6.3,15.8,0.0
Talagante,2024-08-10,18.5,0.6,9.1,16.9,0.0
Talagante,2024-08-11,19.4,1.9,10.1,19.0,0.0
Talagante,2024-08-12,21.6,2.9,11.3,21.9,0.0
Talagante,2024-08-13,18.5,3.8,10.2,18.7,0.0
Talagante,2024-08-14,14.4,7.4,10.1,14.1,0.0
Talagante,2024-08-15,16.3,5.8,10.2,15.5,0.0
Talagante,2024-08-16,12.9,6.6,9.2,11.9,0.0
Talagante,2024-08-17,15.1,5.8,9.6,13.8,0.0
Talagante,2024-08-18,12.0,4.8,8.1,10.0,0.0
Talagante,2024-08-19,13.0,2.1,7.3,10.2,0.0
Talagante,2024-08-20,11.8,2.8,6.2,9.0,0.0
Talagante,2024-08-21,12.2,0.8,5.5,9.9,15.7
Talagante,2024-08-22,12.8,-0.9,5.6,11.1,5.9
Talagante,2024-08-23,11.8,1.4,6.4,9.5,4.9
Talagante,2024-08-24,17.0,-2.5,6.2,15.4,0.0
Talagante,2024-08-25,19.1,1.0,8.6,18.0,0.0
Talagante,2024-08-26,16.9,-0.3,8.5,15.6,0.0
Talagante,2024-08-27,18.0,-0.1,8.8,17.8,0.0
Talagante,2024-08-28,14.9,4.9,9.1,14.4,0.0
Talagante,2024-08-29,12.9,7.4,9.5,10.8,0.4
Talagante,2024-08-30,14.6,7.2,10.0,12.9,0.0
Talagante,2024-08-31,19.2,1.0,10.1,19.4,0.0
Talagante,2024-09-01,23.0,3.2,11.7,23.5,0.0
Talagante,2024-09-02,14.6,5.2,9.8,12.6,0.2
Talagante,2024-09-03,15.9,3.6,9.5,14.5,0.0
Talagante,2024-09-04,17.9,2.0,10.0,17.5,0.0
Talagante,2024-09-05,20.8,2.2,10.8,20.3,0.0
Talagante,2024-09-06,17.5,6.1,10.7,15.8,0.0
Talagante,2024-09-07,16.9,7.9,11.2,15.8,0.0
Talagante,2024-09-08,18.8,5.9,11.5,18.0,0.2
Talagante,2024-09-09,21.5,6.8,13.4,21.8,0.0
Talagante,2024-09-10,18.1,5.8,11.7,16.4,0.5
Talagante,2024-09-11,19.1,5.2,11.8,18.9,0.1
Talagante,2024-09-12,16.8,5.4,10.3,15.5,0.0
Talagante,2024-09-13,18.9,5.7,11.5,18.6,0.0
Talagante,2024-09-14,21.8,2.8,12.2,21.0,0.0
Talagante,2024-09-15,22.9,3.8,13.9,22.9,0.0
Talagante,2024-09-16,24.3,4.4,13.4,23.5,0.0
Talagante,2024-09-17,21.1,5.9,12.9,20.9,0.0
Talagante,2024-09-18,20.1,7.7,11.9,18.7,0.0
Talagante,2024-09-19,15.4,6.2,10.6,12.8,9.3
Talagante,2024-09-20,18.1,4.2,10.9,17.5,0.0
Talagante,2024-09-21,17.5,6.5,11.0,15.3,0.0
Talagante,2024-09-22,14.8,7.3,10.5,13.8,1.0
Talagante,2024-09-23,16.8,7.7,11.6,14.8,0.4
Talagante,2024-09-24,18.4,4.7,10.9,17.7,0.0
Talagante,2024-09-25,18.6,4.6,10.8,17.7,0.0
Talagante,2024-09-26,24.5,1.2,12.2,24.4,0.0
Talagante,2024-09-27,21.9,5.2,13.6,21.1,0.0
Talagante,2024-09-28,24.8,8.6,15.6,24.4,0.0
Talagante,2024-09-29,18.9,7.4,12.5,17.9,0.0
Talagante,2024-09-30,19.4,9.6,13.0,17.3,0.0
Talagante,2024-10-01,19.0,7.1,12.5,17.4,0.0
Talagante,2024-10-02,22.0,5.5,13.8,21.5,0.0
Talagante,2024-10-03,25.2,8.1,15.4,25.8,0.0
Talagante,2024-10-04,25.0,8.6,15.4,26.4,0.0
Talagante,2024-10-05,25.5,6.5,16.0,25.6,0.0
Talagante,2024-10-06,21.4,12.4,16.0,20.2,0.0
Talagante,2024-10-07,22.7,10.3,15.2,23.3,8.4
Talagante,2024-10-08,15.1,11.1,12.7,13.8,22.0
Talagante,2024-10-09,20.8,9.4,14.3,19.8,0.0
Talagante,2024-10-10,17.0,10.4,13.4,15.6,0.0
Talagante,2024-10-11,18.2,10.7,13.6,17.1,0.0
Talagante,2024-10-12,19.6,8.9,14.0,19.0,0.0
Talagante,2024-10-13,24.2,8.8,15.5,25.0,0.0
Talagante,2024-10-14,22.8,7.9,14.4,21.8,0.0
Talagante,2024-10-15,28.6,7.2,16.5,29.9,0.0
Talagante,2024-10-16,18.9,8.4,13.2,17.0,0.0
Talagante,2024-10-17,26.4,4.7,15.1,26.8,0.0
Talagante,2024-10-18,28.5,7.9,17.1,29.0,0.0
Talagante,2024-10-19,20.8,8.8,13.4,20.1,0.0
Talagante,2024-10-20,20.9,10.0,14.6,19.1,0.2
Talagante,2024-10-21,24.9,7.8,15.9,25.3,0.0
Talagante,2024-10-22,22.4,9.4,15.2,22.4,4.3
Talagante,2024-10-23,20.5,10.0,14.3,19.4,2.1
Talagante,2024-10-24,27.2,6.4,16.0,27.1,0.0
Talagante,2024-10-25,25.6,9.5,16.2,25.8,0.0
Talagante,2024-10-26,29.0,7.4,17.9,29.3,0.0
Talagante,2024-10-27,27.1,8.4,16.4,27.2,0.0
Talagante,2024-10-28,31.1,9.7,18.3,32.1,0.0
Talagante,2024-10-29,24.8,9.9,16.1,24.7,0.0
Talagante,2024-10-30,25.4,10.6,16.0,25.3,0.0
Talagante,2024-10-31,25.6,9.9,15.8,25.1,0.0
Talagante,2024-11-01,20.9,10.2,14.7,19.7,0.0
Talagante,2024-11-02,26.3,6.5,16.2,26.0,0.0
Talagante,2024-11-03,23.9,8.6,14.8,23.1,0.0
Talagante,2024-11-04,25.0,5.4,15.0,23.7,0.0
Talagante,2024-11-05,27.9,7.3,17.4,26.9,0.0
Talagante,2024-11-06,28.0,10.2,18.4,27.9,0.0
Talagante,2024-11-07,26.9,9.6,18.0,27.3,1.2
Talagante,2024-11-08,30.5,11.7,20.2,30.2,0.0
Talagante,2024-11-09,28.5,11.2,18.9,27.9,0.1
Talagante,2024-11-10,22.6,12.3,17.0,22.6,0.4
Talagante,2024-11-11,27.5,9.1,18.2,27.9,0.0
Talagante,2024-11-12,32.1,10.2,21.6,32.1,0.0
Talagante,2024-11-13,24.3,13.6,19.2,23.4,0.0
Talagante,2024-11-14,24.7,10.8,16.8,24.6,0.0
Talagante,2024-11-15,25.1,10.1,16.5,24.6,0.0
Talagante,2024-11-16,21.3,11.9,15.7,19.4,0.3
Talagante,2024-11-17,26.5,8.8,16.8,26.6,0.0
Talagante,2024-11-18,25.5,10.2,17.0,25.1,0.0
Talagante,2024-11-19,25.4,10.0,15.7,24.7,0.0
Talagante,2024-11-20,25.9,10.4,16.8,25.1,0.0
Talagante,2024-11-21,26.0,10.4,17.2,25.2,0.0
Talagante,2024-11-22,27.0,9.2,17.1,25.9,0.0
Talagante,2024-11-23,30.1,10.5,19.6,30.0,0.0
Talagante,2024-11-24,29.2,12.2,20.1,28.6,0.0
Talagante,2024-11-25,27.5,12.5,19.5,26.5,0.0
Talagante,2024-11-26,27.3,11.1,18.3,25.6,0.0
Talagante,2024-11-27,24.9,9.1,16.2,23.8,0.0
Talagante,2024-11-28,27.0,9.0,17.3,25.4,0.0
Talagante,2024-11-29,28.8,10.8,19.3,27.6,0.0
Talagante,2024-11-30,24.5,11.3,17.1,22.4,0.0
Talagante,2024-12-01,25.1,10.9,17.1,23.7,0.0
Talagante,2024-12-02,27.1,10.4,17.8,25.0,0.0
Talagante,2024-12-03,25.4,9.8,16.9,24.8,0.0
Talagante,2024-12-04,24.2,10.8,16.1,23.4,0.0
Talagante,2024-12-05,22.5,9.6,15.1,21.9,0.0
Talagante,2024-12-06,26.5,9.1,17.3,25.5,0.0
Talagante,2024-12-07,26.4,11.8,18.3,25.6,0.0
Talagante,2024-12-08,24.9,9.1,16.1,23.3,0.0
Talagante,2024-12-09,30.4,8.8,18.5,29.0,0.0
Talagante,2024-12-10,26.7,10.9,18.3,25.9,0.0
Talagante,2024-12-11,29.0,10.4,19.1,28.0,0.0
Talagante,2024-12-12,27.2,10.4,17.7,26.4,0.0
Talagante,2024-12-13,30.4,10.9,20.0,29.3,0.0
Talagante,2024-12-14,29.8,11.8,19.5,29.5,0.0
Talagante,2024-12-15,25.2,11.2,17.4,24.1,0.0
Talagante,2024-12-16,25.7,9.9,16.4,25.4,0.0
Talagante,2024-12-17,25.8,10.1,16.7,25.3,0.0
Talagante,2024-12-18,29.0,9.6,18.7,28.4,0.0
Talagante,2024-12-19,33.7,12.9,22.8,33.0,0.0
Talagante,2024-12-20,30.6,13.7,21.4,28.6,0.0
Talagante,2024-12-21,33.2,13.0,22.7,33.1,0.0
Talagante,2024-12-22,32.5,15.0,22.8,33.3,0.0
Talagante,2024-12-23,27.6,15.1,20.6,27.1,0.0
Talagante,2024-12-24,28.5,13.3,20.3,27.7,0.0
Talagante,2024-12-25,26.7,12.5,19.0,26.5,0.0
Talagante,2024-12-26,26.0,12.4,17.8,26.6,0.0
Talagante,2024-12-27,26.7,11.6,18.3,27.0,0.0
Talagante,2024-12-28,28.1,11.6,18.5,28.4,0.0
Talagante,2024-12-29,29.9,11.4,19.1,30.6,0.0
Talagante,2024-12-30,29.5,11.7,19.6,29.4,0.0
Talagante,2024-12-31,30.7,12.4,20.6,30.9,0.0
Tiltil,2024-01-01,31.0,12.9,21.3,32.5,0.0
Tiltil,2024-01-02,31.6,13.8,22.3,32.2,0.0
Tiltil,2024-01-03,31.5,16.5,23.2,31.6,0.0
Tiltil,2024-01-04,30.8,16.1,23.0,32.2,0.0
Tiltil,2024-01-05,29.0,16.1,21.9,30.9,0.0
Tiltil,2024-01-06,29.2,14.9,21.2,30.4,0.0
Tiltil,2024-01-07,29.8,12.9,20.9,29.3,0.0
Tiltil,2024-01-08,30.6,14.2,21.7,31.4,0.0
Tiltil,2024-01-09,30.7,14.6,21.9,30.9,0.0
Tiltil,2024-01-10,30.8,14.1,22.0,30.9,0.0
Tiltil,2024-01-11,31.0,16.7,22.8,31.3,0.0
Tiltil,2024-01-12,30.1,15.4,21.7,31.3,0.0
Tiltil,2024-01-13,29.3,13.3,20.3,30.1,0.0
Tiltil,2024-01-14,33.7,14.1,23.3,32.5,0.0
Tiltil,2024-01-15,32.3,16.7,23.9,33.2,0.0
Tiltil,2024-01-16,30.1,12.6,21.2,27.4,0.0
Tiltil,2024-01-17,32.5,17.5,23.7,32.7,0.0
Tiltil,2024-01-18,31.0,14.4,22.8,30.2,0.0
Tiltil,2024-01-19,34.7,17.1,25.6,34.0,0.0
Tiltil,2024-01-20,32.5,18.6,25.0,32.3,0.0
Tiltil,2024-01-21,34.1,18.0,25.2,34.4,0.0
Tiltil,2024-01-22,35.8,17.6,26.2,36.2,0.0
Tiltil,2024-01-23,33.3,16.3,24.4,34.2,0.0
Tiltil,2024-01-24,36.0,18.0,26.3,36.7,0.0
Tiltil,2024-01-25,34.1,19.5,25.9,36.3,0.0
Tiltil,2024-01-26,31.5,18.5,24.3,31.8,0.0
Tiltil,2024-01-27,35.0,18.0,25.1,35.3,0.0
Tiltil,2024-01-28,31.8,18.5,24.6,34.4,0.0
Tiltil,2024-01-29,34.0,17.5,25.3,36.2,0.0
Tiltil,2024-01-30,36.3,18.0,26.3,35.2,0.0
Tiltil,2024-01-31,36.5,19.8,27.8,34.5,0.0
Tiltil,2024-02-01,35.5,19.3,27.1,34.4,0.0
Tiltil,2024-02-02,34.1,17.9,25.7,32.6,0.0
Tiltil,2024-02-03,35.8,17.8,26.2,33.1,0.0
Tiltil,2024-02-04,33.0,18.5,25.3,33.7,0.0
Tiltil,2024-02-05,33.8,15.5,24.2,33.5,0.0
Tiltil,2024-02-06,32.8,18.3,24.9,33.4,0.0
Tiltil,2024-02-07,34.7,16.5,25.1,33.5,0.0
Tiltil,2024-02-08,33.0,18.9,25.4,35.6,1.0
Tiltil,2024-02-09,32.0,17.0,23.7,32.5,0.0
Tiltil,2024-02-10,35.0,16.7,24.9,35.2,0.0
Tiltil,2024-02-11,31.6,17.5,23.7,32.5,0.0
Tiltil,2024-02-12,33.8,14.9,24.3,32.4,0.0
Tiltil,2024-02-13,33.2,18.2,25.8,33.2,0.0
Tiltil,2024-02-14,33.3,17.0,23.8,33.3,0.0
Tiltil,2024-02-15,34.6,17.0,24.2,35.3,0.0
Tiltil,2024-02-16,33.0,16.9,23.6,33.7,0.0
Tiltil,2024-02-17,32.9,15.9,24.1,31.6,0.0
Tiltil,2024-02-18,35.5,18.4,26.2,35.4,0.0
Tiltil,2024-02-19,30.5,17.2,22.8,31.6,0.0
Tiltil,2024-02-20,31.0,13.9,21.8,32.1,0.0
Tiltil,2024-02-21,29.7,14.7,21.4,31.1,0.0
Tiltil,2024-02-22,19.8,12.9,16.5,19.9,4.4
Tiltil,2024-02-23,25.1,12.9,19.2,26.5,13.0
Tiltil,2024-02-24,28.6,15.9,21.8,28.8,0.7
Tiltil,2024-02-25,30.4,15.9,22.4,31.6,0.0
Tiltil,2024-02-26,31.2,15.4,22.4,31.7,0.0
Tiltil,2024-02-27,31.0,16.6,23.3,31.3,0.0
Tiltil,2024-02-28,31.6,15.4,22.9,30.3,0.0
Tiltil,2024-02-29,32.8,16.9,24.3,31.8,0.0
Tiltil,2024-03-01,32.0,16.6,23.4,31.2,0.0
Tiltil,2024-03-02,31.0,16.2,22.5,29.3,0.0
Tiltil,2024-03-03,31.5,16.2,23.3,31.3,0.0
Tiltil,2024-03-04,32.7,16.3,23.6,31.3,0.0
Tiltil,2024-03-05,31.9,17.3,23.5,30.6,0.0
Tiltil,2024-03-06,30.4,16.0,22.1,30.0,0.0
Tiltil,2024-03-07,29.9,14.5,21.0,30.5,0.0
Tiltil,2024-03-08,29.4,12.6,19.5,28.9,0.0
Tiltil,2024-03-09,31.4,13.4,21.6,29.9,0.0
Tiltil,2024-03-10,30.5,16.0,21.8,31.5,0.0
Tiltil,2024-03-11,29.7,13.6,20.2,30.4,0.0
Tiltil,2024-03-12,28.0,12.6,19.3,26.3,0.0
Tiltil,2024-03-13,28.3,13.1,19.8,27.2,0.0
Tiltil,2024-03-14,29.2,13.8,20.7,27.4,0.0
Tiltil,2024-03-15,29.9,13.8,21.0,28.4,0.0
Tiltil,2024-03-16,29.6,13.1,20.3,27.9,0.0
Tiltil,2024-03-17,30.8,13.8,21.5,28.5,0.0
Tiltil,2024-03-18,31.7,14.8,22.4,30.0,0.0
Tiltil,2024-03-19,29.6,16.1,21.8,28.8,0.0
Tiltil,2024-03-20,22.8,12.8,16.9,22.6,0.7
Tiltil,2024-03-21,30.7,13.1,20.8,29.9,1.0
Tiltil,2024-03-22,32.3,16.5,23.5,32.2,0.0
Tiltil,2024-03-23,29.6,15.8,22.1,28.3,0.0
Tiltil,2024-03-24,31.5,15.7,22.7,29.9,0.0
Tiltil,2024-03-25,30.5,15.9,21.9,30.2,0.0
Tiltil,2024-03-26,29.5,14.6,20.9,28.5,0.0
Tiltil,2024-03-27,29.5,14.9,21.7,28.3,0.0
Tiltil,2024-03-28,31.1,15.8,22.4,30.8,0.0
Tiltil,2024-03-29,31.2,16.5,22.6,29.8,0.0
Tiltil,2024-03-30,31.1,15.8,22.7,29.7,0.0
Tiltil,2024-03-31,30.0,17.4,22.4,28.1,0.0
Tiltil,2024-04-01,26.8,14.1,19.6,24.9,0.0
Tiltil,2024-04-02,26.9,14.5,18.9,24.9,0.0
Tiltil,2024-04-03,24.1,11.9,16.3,22.4,0.0
Tiltil,2024-04-04,27.3,11.6,18.4,26.2,0.0
Tiltil,2024-04-05,30.0,13.9,20.5,28.6,0.0
Tiltil,2024-04-06,26.3,13.1,18.3,25.5,0.0
Tiltil,2024-04-07,30.6,13.8,20.4,29.0,0.0
Tiltil,2024-04-08,26.6,12.4,19.0,24.8,0.0
Tiltil,2024-04-09,27.2,12.8,19.0,24.8,0.0
Tiltil,2024-04-10,28.2,13.6,19.5,27.2,0.0
Tiltil,2024-04-11,23.6,12.5,16.7,21.7,0.0
Tiltil,2024-04-12,17.1,11.0,13.7,15.3,0.0
Tiltil,2024-04-13,18.7,8.7,13.4,16.5,0.0
Tiltil,2024-04-14,18.8,8.9,13.6,16.5,1.2
Tiltil,2024-04-15,15.6,10.6,12.3,15.1,29.7
Tiltil,2024-04-16,21.5,7.7,13.5,21.0,0.0
Tiltil,2024-04-17,24.3,11.3,17.1,23.0,0.0
Tiltil,2024-04-18,29.7,16.0,22.4,28.8,0.0
Tiltil,2024-04-19,23.1,12.5,17.7,21.9,0.0
Tiltil,2024-04-20,21.4,13.2,16.5,20.9,0.0
Tiltil,2024-04-21,17.2,12.4,14.6,15.7,0.0
Tiltil,2024-04-22,19.5,8.4,13.6,18.9,0.0
Tiltil,2024-04-23,23.5,8.9,15.0,23.2,0.0
Tiltil,2024-04-24,23.0,9.7,15.1,22.6,0.0
Tiltil,2024-04-25,20.2,8.1,13.7,18.0,0.0
Tiltil,2024-04-26,18.4,8.6,13.3,16.3,0.0
Tiltil,2024-04-27,18.2,7.2,12.3,16.4,0.0
Tiltil,2024-04-28,18.8,7.4,11.9,16.2,0.0
Tiltil,2024-04-29,15.4,6.8,10.4,11.9,0.0
Tiltil,2024-04-30,17.3,6.9,11.3,15.0,2.0
Tiltil,2024-05-01,15.4,5.2,10.1,13.0,1.5
Tiltil,2024-05-02,15.4,4.1,8.9,12.5,0.0
Tiltil,2024-05-03,18.0,4.5,10.5,15.9,0.0
Tiltil,2024-05-04,17.4,5.8,11.2,14.9,0.0
Tiltil,2024-05-05,16.8,7.4,11.4,14.7,0.0
Tiltil,2024-05-06,16.9,6.0,10.2,14.6,0.0
Tiltil,2024-05-07,9.1,2.2,6.1,6.4,41.4
Tiltil,2024-05-08,13.4,0.6,6.8,10.7,0.0
Tiltil,2024-05-09,20.0,6.7,12.3,18.3,0.0
Tiltil,2024-05-10,13.8,4.2,8.6,11.8,0.0
Tiltil,2024-05-11,13.6,3.0,7.7,11.0,0.0
Tiltil,2024-05-12,12.1,2.8,7.0,9.1,0.0
Tiltil,2024-05-13,13.6,3.2,7.4,10.7,0.0
Tiltil,2024-05-14,16.4,5.1,10.1,14.0,0.0
Tiltil,2024-05-15,9.4,4.4,6.4,6.3,0.2
Tiltil,2024-05-16,12.8,2.2,7.1,10.2,0.0
Tiltil,2024-05-17,12.3,4.2,7.6,10.3,0.0
Tiltil,2024-05-18,15.6,2.5,7.9,12.8,0.0
Tiltil,2024-05-19,17.4,4.8,10.0,15.5,0.0
Tiltil,2024-05-20,14.1,8.2,10.2,11.7,52.3
Tiltil,2024-05-21,13.3,6.8,9.7,12.3,6.5
Tiltil,2024-05-22,10.6,5.4,8.5,9.5,29.9
Tiltil,2024-05-23,12.4,4.2,7.0,10.2,14.8
Tiltil,2024-05-24,15.8,4.2,10.1,14.3,0.0
Tiltil,2024-05-25,16.2,7.9,11.6,15.1,0.2
Tiltil,2024-05-26,13.5,5.2,8.4,11.5,8.3
Tiltil,2024-05-27,16.3,5.7,9.9,13.8,0.0
Tiltil,2024-05-28,21.4,8.1,12.7,19.6,0.0
Tiltil,2024-05-29,18.0,8.3,12.3,16.3,0.0
Tiltil,2024-05-30,20.0,9.1,13.5,18.8,0.0
Tiltil,2024-05-31,20.1,7.8,12.8,18.6,0.0
Tiltil,2024-06-01,19.2,7.2,11.8,17.8,0.0
Tiltil,2024-06-02,21.1,9.9,14.9,20.1,0.0
Tiltil,2024-06-03,19.0,12.1,14.9,17.4,0.0
Tiltil,2024-06-04,21.3,9.0,14.1,19.8,0.2
Tiltil,2024-06-05,17.6,11.6,13.4,17.3,0.0
Tiltil,2024-06-06,16.5,10.0,12.4,15.5,0.0
Tiltil,2024-06-07,20.2,9.9,14.4,19.6,0.0
Tiltil,2024-06-08,15.6,9.4,11.7,14.0,1.6
Tiltil,2024-06-09,12.6,7.1,9.6,11.4,13.0
Tiltil,2024-06-10,14.6,8.6,10.6,12.8,0.0
Tiltil,2024-06-11,16.1,9.1,11.5,15.1,0.0
Tiltil,2024-06-12,13.6,7.9,10.3,11.4,0.0
Tiltil,2024-06-13,9.4,7.6,8.4,7.9,68.0
Tiltil,2024-06-14,13.1,5.0,8.9,10.6,14.0
Tiltil,2024-06-15,13.6,5.1,8.6,11.9,0.0
Tiltil,2024-06-16,14.2,4.4,8.7,13.0,0.0
Tiltil,2024-06-17,15.4,4.8,8.6,12.3,4.0
Tiltil,2024-06-18,10.9,5.8,8.3,8.6,18.6
Tiltil,2024-06-19,14.8,4.6,9.1,13.2,0.6
Tiltil,2024-06-20,13.6,7.0,9.4,11.5,0.0
Tiltil,2024-06-21,8.1,4.4,6.4,6.6,62.5
Tiltil,2024-06-22,8.4,4.1,6.1,6.8,31.2
Tiltil,2024-06-23,10.4,4.6,6.8,8.5,2.1
Tiltil,2024-06-24,8.6,4.7,6.3,6.4,0.3
Tiltil,2024-06-25,8.6,2.4,5.1,6.3,0.1
Tiltil,2024-06-26,15.5,2.2,8.4,12.4,0.0
Tiltil,2024-06-27,17.1,8.0,12.8,15.6,0.0
Tiltil,2024-06-28,14.9,4.6,8.8,13.5,0.0
Tiltil,2024-06-29,17.0,8.1,12.7,15.7,0.0
Tiltil,2024-06-30,18.4,8.4,12.0,16.3,0.0
Tiltil,2024-07-01,18.8,8.6,13.1,17.3,0.0
Tiltil,2024-07-02,17.7,8.2,11.5,15.5,0.0
Tiltil,2024-07-03,16.3,7.2,11.8,14.0,0.0
Tiltil,2024-07-04,13.0,5.3,8.6,10.8,0.0
Tiltil,2024-07-05,15.1,5.8,10.0,12.7,0.0
Tiltil,2024-07-06,14.4,5.0,8.7,12.0,0.0
Tiltil,2024-07-07,13.6,4.0,8.6,11.2,0.0
Tiltil,2024-07-08,13.9,3.9,8.8,11.5,0.0
Tiltil,2024-07-09,13.5,2.5,7.3,11.5,0.0
Tiltil,2024-07-10,8.6,0.8,4.0,6.0,0.0
Tiltil,2024-07-11,11.4,0.8,4.9,9.0,0.0
Tiltil,2024-07-12,14.5,4.2,8.9,11.5,0.0
Tiltil,2024-07-13,16.2,2.0,7.7,13.7,0.0
Tiltil,2024-07-14,16.2,6.9,10.8,13.6,0.0
Tiltil,2024-07-15,19.0,4.9,10.4,16.6,0.0
Tiltil,2024-07-16,21.6,5.8,12.2,19.8,0.0
Tiltil,2024-07-17,20.7,8.9,13.6,18.2,0.0
Tiltil,2024-07-18,13.4,7.3,10.6,11.2,0.0
Tiltil,2024-07-19,16.9,7.3,11.0,15.5,0.0
Tiltil,2024-07-20,14.0,6.9,10.2,12.5,0.0
Tiltil,2024-07-21,11.8,6.2,8.1,10.1,0.0
Tiltil,2024-07-22,16.6,5.8,10.3,14.1,0.0
Tiltil,2024-07-23,10.1,5.2,7.0,8.5,0.1
Tiltil,2024-07-24,15.4,4.5,8.8,13.2,0.0
Tiltil,2024-07-25,21.5,7.4,13.1,18.8,0.0
Tiltil,2024-07-26,14.9,6.2,9.6,13.5,0.0
Tiltil,2024-07-27,15.6,5.4,9.9,13.8,0.0
Tiltil,2024-07-28,17.0,6.2,11.0,14.8,0.0
Tiltil,2024-07-29,22.5,10.7,15.8,21.5,0.0
Tiltil,2024-07-30,20.2,11.6,14.5,19.0,0.0
Tiltil,2024-07-31,15.3,9.4,11.7,13.3,0.0
Tiltil,2024-08-01,10.1,7.2,8.8,7.9,0.1
Tiltil,2024-08-02,10.8,3.8,7.5,8.2,70.0
Tiltil,2024-08-03,12.5,2.7,7.2,10.3,1.0
Tiltil,2024-08-04,15.9,5.2,9.4,13.8,0.0
Tiltil,2024-08-05,9.4,3.7,6.2,6.6,19.3
Tiltil,2024-08-06,9.5,3.2,5.8,6.9,4.1
Tiltil,2024-08-07,9.5,-0.2,4.8,7.2,0.9
Tiltil,2024-08-08,11.9,0.6,5.7,9.0,0.0
Tiltil,2024-08-09,19.1,2.8,10.2,16.7,0.0
Tiltil,2024-08-10,18.3,6.2,11.9,16.4,0.0
Tiltil,2024-08-11,19.6,7.4,12.8,18.1,0.0
Tiltil,2024-08-12,22.5,9.9,15.8,22.0,0.0
Tiltil,2024-08-13,21.8,10.5,14.6,21.4,0.0
Tiltil,2024-08-14,14.9,8.8,11.5,14.4,0.0
Tiltil,2024-08-15,17.1,7.2,11.2,16.1,0.0
Tiltil,2024-08-16,12.1,6.0,8.5,10.8,0.0
Tiltil,2024-08-17,15.6,6.8,10.2,14.5,0.0
Tiltil,2024-08-18,14.1,6.1,9.2,12.1,0.0
Tiltil,2024-08-19,13.6,5.3,8.9,12.6,0.0
Tiltil,2024-08-20,10.9,4.5,6.8,9.0,0.1
Tiltil,2024-08-21,9.7,0.2,5.2,6.4,0.9
Tiltil,2024-08-22,11.3,0.1,5.5,9.4,1.3
Tiltil,2024-08-23,9.4,1.3,4.8,6.9,6.9
Tiltil,2024-08-24,15.0,2.9,8.3,12.8,0.0
Tiltil,2024-08-25,20.8,6.9,13.0,20.2,0.0
Tiltil,2024-08-26,17.2,4.8,9.9,16.1,0.0
Tiltil,2024-08-27,19.8,7.3,13.0,19.8,0.0
Tiltil,2024-08-28,16.4,6.1,10.3,15.4,0.0
Tiltil,2024-08-29,11.7,6.1,8.6,9.6,0.7
Tiltil,2024-08-30,11.1,5.2,7.1,8.8,0.0
Tiltil,2024-08-31,18.6,5.2,11.0,16.7,0.0
Tiltil,2024-09-01,25.0,8.8,16.2,25.2,0.0
Tiltil,2024-09-02,17.2,6.8,10.8,16.6,0.4
Tiltil,2024-09-03,14.9,5.8,9.9,13.4,0.0
Tiltil,2024-09-04,19.2,5.5,11.0,17.7,0.0
Tiltil,2024-09-05,22.2,8.6,15.4,21.0,0.0
Tiltil,2024-09-06,19.5,9.4,13.2,19.2,0.0
Tiltil,2024-09-07,16.5,6.8,10.7,15.4,0.0
Tiltil,2024-09-08,18.8,6.4,12.5,18.0,0.0
Tiltil,2024-09-09,21.9,8.4,14.4,21.9,0.0
Tiltil,2024-09-10,18.6,8.2,13.2,18.8,0.2
Tiltil,2024-09-11,18.0,5.8,11.7,16.7,0.0
Tiltil,2024-09-12,18.5,7.7,12.1,17.9,0.3
Tiltil,2024-09-13,17.5,5.1,10.8,15.7,0.0
Tiltil,2024-09-14,22.7,8.2,14.8,19.9,0.0
Tiltil,2024-09-15,22.5,9.0,15.1,19.8,0.0
Tiltil,2024-09-16,27.8,12.2,19.0,25.4,0.0
Tiltil,2024-09-17,23.0,8.6,15.1,22.1,0.0
Tiltil,2024-09-18,23.5,7.5,14.8,20.4,0.0
Tiltil,2024-09-19,15.6,5.0,10.1,12.0,3.3
Tiltil,2024-09-20,20.0,5.7,13.0,17.9,0.0
Tiltil,2024-09-21,19.6,8.6,13.4,18.7,0.0
Tiltil,2024-09-22,12.3,7.2,9.6,9.4,2.9
Tiltil,2024-09-23,16.6,8.4,11.5,16.2,1.2
Tiltil,2024-09-24,18.8,5.5,11.6,18.4,0.1
Tiltil,2024-09-25,16.1,6.3,10.6,14.5,0.0
Tiltil,2024-09-26,25.8,7.3,16.1,24.2,0.0
Tiltil,2024-09-27,23.5,9.8,16.7,22.7,0.0
Tiltil,2024-09-28,25.5,10.9,17.6,24.7,0.0
Tiltil,2024-09-29,22.0,10.0,15.5,21.7,0.0
Tiltil,2024-09-30,17.4,9.0,12.1,16.4,0.0
Tiltil,2024-10-01,18.9,5.8,11.9,18.2,0.4
Tiltil,2024-10-02,22.2,7.9,13.9,21.2,0.0
Tiltil,2024-10-03,27.3,10.8,18.0,27.0,0.0
Tiltil,2024-10-04,28.4,13.8,19.5,28.5,0.0
Tiltil,2024-10-05,27.6,11.1,19.2,26.7,0.0
Tiltil,2024-10-06,22.9,14.4,18.0,21.8,0.0
Tiltil,2024-10-07,23.3,13.6,17.0,23.2,13.3
Tiltil,2024-10-08,14.4,9.4,11.5,13.3,19.6
Tiltil,2024-10-09,19.2,8.1,13.2,18.3,0.0
Tiltil,2024-10-10,20.2,8.3,13.8,20.4,0.1
Tiltil,2024-10-11,18.2,9.7,13.0,18.2,0.5
Tiltil,2024-10-12,18.9,9.4,14.1,18.5,0.0
Tiltil,2024-10-13,24.0,9.2,16.0,25.3,0.0
Tiltil,2024-10-14,23.1,10.1,15.5,23.0,0.0
Tiltil,2024-10-15,28.6,11.1,18.9,29.8,0.0
Tiltil,2024-10-16,23.0,9.6,15.5,24.2,0.0
Tiltil,2024-10-17,27.5,8.3,17.2,27.6,0.0
Tiltil,2024-10-18,30.5,11.9,20.7,30.0,0.0
Tiltil,2024-10-19,27.4,11.6,18.2,29.1,0.0
Tiltil,2024-10-20,20.4,9.6,14.0,20.3,0.0
Tiltil,2024-10-21,24.5,7.7,15.9,23.1,0.0
Tiltil,2024-10-22,24.9,11.4,16.0,25.2,7.3
Tiltil,2024-10-23,18.4,9.9,13.0,16.3,2.3
Tiltil,2024-10-24,27.2,7.8,17.1,27.0,0.0
Tiltil,2024-10-25,23.8,7.7,15.8,22.0,0.0
Tiltil,2024-10-26,31.4,12.6,21.3,31.3,0.0
Tiltil,2024-10-27,30.5,12.9,20.9,29.4,0.0
Tiltil,2024-10-28,34.7,14.6,23.5,33.9,0.0
Tiltil,2024-10-29,28.1,15.4,21.3,29.5,0.0
Tiltil,2024-10-30,29.4,12.0,19.6,29.7,0.0
Tiltil,2024-10-31,30.5,13.7,20.5,31.0,0.0
Tiltil,2024-11-01,22.7,11.1,15.7,22.5,0.0
Tiltil,2024-11-02,26.7,8.6,17.1,25.2,0.0
Tiltil,2024-11-03,26.2,9.3,17.4,24.2,0.0
Tiltil,2024-11-04,25.0,8.2,15.5,22.9,0.0
Tiltil,2024-11-05,28.4,10.8,18.8,26.0,0.0
Tiltil,2024-11-06,28.4,12.1,19.9,26.8,0.0
Tiltil,2024-11-07,26.9,13.4,20.0,25.0,0.0
Tiltil,2024-11-08,30.5,13.9,21.7,29.0,0.0
Tiltil,2024-11-09,30.2,14.4,21.2,30.5,0.0
Tiltil,2024-11-10,22.9,11.7,17.3,22.5,4.8
Tiltil,2024-11-11,25.8,10.4,18.0,23.4,0.0
Tiltil,2024-11-12,29.5,12.9,21.3,27.8,0.0
Tiltil,2024-11-13,28.4,15.1,22.0,30.2,0.0
Tiltil,2024-11-14,27.8,13.2,19.8,29.0,0.0
Tiltil,2024-11-15,26.6,11.6,18.7,27.1,0.0
Tiltil,2024-11-16,21.0,12.8,16.4,19.6,1.9
Tiltil,2024-11-17,25.5,9.4,17.0,25.2,0.0
Tiltil,2024-11-18,27.4,13.1,19.4,27.3,0.0
Tiltil,2024-11-19,27.1,10.9,18.2,27.3,0.0
Tiltil,2024-11-20,25.1,12.5,18.5,23.6,0.0
Tiltil,2024-11-21,28.9,14.2,20.3,30.7,0.0
Tiltil,2024-11-22,27.4,11.9,19.5,27.1,0.0
Tiltil,2024-11-23,29.5,12.8,20.8,28.9,0.0
Tiltil,2024-11-24,28.6,13.9,20.6,28.7,0.0
Tiltil,2024-11-25,27.5,14.6,20.7,28.2,0.0
Tiltil,2024-11-26,27.4,11.8,19.3,27.5,0.0
Tiltil,2024-11-27,26.1,11.7,18.4,26.7,0.0
Tiltil,2024-11-28,26.6,9.9,18.5,26.4,0.0
Tiltil,2024-11-29,28.8,13.6,21.0,29.3,0.0
Tiltil,2024-11-30,27.9,13.9,20.2,28.3,0.0
Tiltil,2024-12-01,24.4,9.4,16.3,22.5,0.0
Tiltil,2024-12-02,27.1,11.5,19.1,27.4,0.0
Tiltil,2024-12-03,26.9,12.9,19.3,28.1,0.0
Tiltil,2024-12-04,26.6,11.0,18.0,27.2,0.0
Tiltil,2024-12-05,23.4,9.8,15.9,22.6,0.0
Tiltil,2024-12-06,27.0,9.9,18.0,26.6,0.0
Tiltil,2024-12-07,27.9,13.4,19.9,27.6,0.0
Tiltil,2024-12-08,25.8,11.8,18.3,26.0,0.0
Tiltil,2024-12-09,30.5,12.0,20.7,30.0,0.0
Tiltil,2024-12-10,30.4,15.6,22.2,30.7,0.0
Tiltil,2024-12-11,31.3,14.6,22.5,31.1,0.0
Tiltil,2024-12-12,28.5,13.9,20.2,27.4,0.0
Tiltil,2024-12-13,29.9,14.4,21.8,29.6,0.0
Tiltil,2024-12-14,31.1,15.5,22.7,32.2,0.0
Tiltil,2024-12-15,29.5,15.4,21.3,31.1,0.0
Tiltil,2024-12-16,30.2,13.5,20.8,32.3,0.0
Tiltil,2024-12-17,28.0,13.2,19.9,28.7,0.0
Tiltil,2024-12-18,29.0,12.9,20.7,27.8,0.0
Tiltil,2024-12-19,31.8,15.5,23.5,30.1,0.0
Tiltil,2024-12-20,30.2,15.0,22.5,30.1,0.0
Tiltil,2024-12-21,31.3,14.8,23.5,30.0,0.0
Tiltil,2024-12-22,34.2,18.2,25.8,34.4,0.0
Tiltil,2024-12-23,31.5,18.5,24.7,32.2,0.0
Tiltil,2024-12-24,31.5,17.0,24.1,32.2,0.0
Tiltil,2024-12-25,31.4,16.1,22.9,33.2,0.0
Tiltil,2024-12-26,29.0,14.1,21.1,30.3,0.0
Tiltil,2024-12-27,29.7,14.8,21.7,31.5,0.0
Tiltil,2024-12-28,30.9,15.0,22.0,32.0,0.0
Tiltil,2024-12-29,32.0,14.6,22.9,33.7,0.0
Tiltil,2024-12-30,30.8,15.5,22.7,31.4,0.0
Tiltil,2024-12-31,30.6,16.5,23.2,30.6,0.0
Vitacura,2024-01-01,28.5,15.6,20.8,28.6,0.0
Vitacura,2024-01-02,29.4,16.2,21.9,29.4,0.0
Vitacura,2024-01-03,28.7,17.8,22.3,29.2,0.0
Vitacura,2024-01-04,28.5,17.5,22.3,29.1,0.0
Vitacura,2024-01-05,26.1,17.6,21.1,27.0,0.0
Vitacura,2024-01-06,25.8,16.2,20.4,26.6,0.0
Vitacura,2024-01-07,27.6,14.5,20.5,27.9,0.0
Vitacura,2024-01-08,27.8,16.3,21.1,27.9,0.0
Vitacura,2024-01-09,28.1,15.2,21.0,28.0,0.0
Vitacura,2024-01-10,27.9,16.2,21.3,27.9,0.0
Vitacura,2024-01-11,28.4,18.1,21.9,28.3,0.0
Vitacura,2024-01-12,27.7,16.9,21.0,27.6,0.0
Vitacura,2024-01-13,26.6,14.4,19.6,27.1,0.0
Vitacura,2024-01-14,31.5,16.1,23.5,30.9,0.0
Vitacura,2024-01-15,29.4,15.9,23.6,28.8,0.0
Vitacura,2024-01-16,29.3,14.5,21.4,28.1,0.0
Vitacura,2024-01-17,29.8,18.0,23.2,30.1,0.0
Vitacura,2024-01-18,30.1,16.4,22.7,30.0,0.0
Vitacura,2024-01-19,31.9,20.0,25.4,31.8,0.0
Vitacura,2024-01-20,29.7,21.3,24.7,29.8,0.0
Vitacura,2024-01-21,32.0,20.8,25.2,32.2,0.0
Vitacura,2024-01-22,33.2,21.1,26.2,33.7,0.0
Vitacura,2024-01-23,30.5,19.2,24.0,31.4,0.0
Vitacura,2024-01-24,33.8,20.9,26.3,34.3,0.0
Vitacura,2024-01-25,31.5,20.3,25.3,32.7,0.0
Vitacura,2024-01-26,28.8,18.6,23.5,30.0,0.0
Vitacura,2024-01-27,32.2,19.9,24.6,33.0,0.0
Vitacura,2024-01-28,29.1,20.1,23.8,30.4,0.0
Vitacura,2024-01-29,31.4,19.7,25.0,32.4,0.0
Vitacura,2024-01-30,33.1,20.4,26.4,33.8,0.0
Vitacura,2024-01-31,35.0,24.0,28.5,34.2,0.0
Vitacura,2024-02-01,33.0,22.0,26.9,32.4,0.0
Vitacura,2024-02-02,33.1,20.8,26.4,32.5,0.0
Vitacura,2024-02-03,34.0,22.1,27.1,33.3,0.0
Vitacura,2024-02-04,30.5,18.8,24.9,30.6,0.0
Vitacura,2024-02-05,31.4,17.4,23.8,31.8,0.0
Vitacura,2024-02-06,29.9,20.3,24.0,30.4,0.0
Vitacura,2024-02-07,32.5,18.5,24.8,32.2,0.0
Vitacura,2024-02-08,31.4,20.4,24.6,32.0,0.0
Vitacura,2024-02-09,29.9,18.8,23.4,30.5,0.0
Vitacura,2024-02-10,32.0,18.6,24.8,32.7,0.0
Vitacura,2024-02-11,28.8,18.7,23.1,29.1,0.0
Vitacura,2024-02-12,32.3,17.1,24.8,31.8,0.0
Vitacura,2024-02-13,30.5,19.2,25.8,30.7,0.0
Vitacura,2024-02-14,30.8,18.5,23.4,31.5,0.0
Vitacura,2024-02-15,32.5,19.6,24.0,33.5,0.0
Vitacura,2024-02-16,29.6,19.0,23.1,31.0,0.0
Vitacura,2024-02-17,31.5,18.6,24.5,31.6,0.0
Vitacura,2024-02-18,32.9,21.2,26.2,33.1,0.0
Vitacura,2024-02-19,27.9,18.6,22.3,28.9,0.0
Vitacura,2024-02-20,28.5,15.5,21.3,29.7,0.0
Vitacura,2024-02-21,27.7,15.3,20.7,28.4,0.0
Vitacura,2024-02-22,17.8,14.1,15.6,17.8,17.8
Vitacura,2024-02-23,25.3,14.3,19.8,27.3,0.0
Vitacura,2024-02-24,27.1,18.2,21.5,29.0,0.0
Vitacura,2024-02-25,27.9,18.4,22.2,28.9,0.0
Vitacura,2024-02-26,28.8,17.8,22.4,29.6,0.0
Vitacura,2024-02-27,28.3,18.8,22.8,28.9,0.0
Vitacura,2024-02-28,29.6,18.3,22.9,29.7,0.0
Vitacura,2024-02-29,30.5,20.4,24.3,30.4,0.0
Vitacura,2024-03-01,28.4,19.5,23.1,28.2,0.0
Vitacura,2024-03-02,28.7,18.8,22.7,28.6,0.0
Vitacura,2024-03-03,29.3,20.5,23.7,29.0,0.0
Vitacura,2024-03-04,30.4,20.5,23.9,29.6,0.0
Vitacura,2024-03-05,29.2,19.7,23.6,28.4,0.0
Vitacura,2024-03-06,27.9,18.2,22.3,27.8,0.0
Vitacura,2024-03-07,27.5,16.4,20.8,27.1,0.0
Vitacura,2024-03-08,26.8,13.7,19.4,25.7,0.0
Vitacura,2024-03-09,29.3,16.5,22.2,28.4,0.0
Vitacura,2024-03-10,28.1,16.5,22.1,28.2,0.0
Vitacura,2024-03-11,27.2,15.0,20.2,27.3,0.0
Vitacura,2024-03-12,26.7,14.2,19.5,26.1,0.0
Vitacura,2024-03-13,26.5,16.1,20.2,26.5,0.0
Vitacura,2024-03-14,27.2,17.9,21.4,26.2,0.0
Vitacura,2024-03-15,27.5,16.8,21.5,26.2,0.0
Vitacura,2024-03-16,27.4,17.0,21.0,26.4,0.0
Vitacura,2024-03-17,28.5,18.5,22.2,27.1,0.0
Vitacura,2024-03-18,29.6,18.9,23.5,28.2,0.0
Vitacura,2024-03-19,27.1,17.5,22.4,26.1,0.0
Vitacura,2024-03-20,21.7,13.3,16.9,21.4,1.3
Vitacura,2024-03-21,29.4,14.9,21.7,28.7,0.4
Vitacura,2024-03-22,30.9,20.5,24.9,29.8,0.0
Vitacura,2024-03-23,27.9,18.1,22.3,27.9,0.0
Vitacura,2024-03-24,29.6,19.8,23.4,29.6,0.0
Vitacura,2024-03-25,27.7,17.1,22.0,28.2,0.0
Vitacura,2024-03-26,27.6,16.8,21.4,28.3,0.0
Vitacura,2024-03-27,27.6,17.0,22.0,27.8,0.0
Vitacura,2024-03-28,29.1,19.8,22.9,29.2,0.0
Vitacura,2024-03-29,29.3,20.1,23.2,28.7,0.0
Vitacura,2024-03-30,30.0,17.9,23.8,29.6,0.0
Vitacura,2024-03-31,28.3,18.7,22.8,26.5,0.0
Vitacura,2024-04-01,25.4,16.4,20.0,23.6,0.0
Vitacura,2024-04-02,24.2,15.4,19.4,22.3,0.4
Vitacura,2024-04-03,21.6,13.8,16.7,19.2,0.0
Vitacura,2024-04-04,25.8,15.2,19.6,24.9,0.0
Vitacura,2024-04-05,27.6,16.8,21.7,26.1,0.0
Vitacura,2024-04-06,24.5,14.6,18.9,23.3,0.0
Vitacura,2024-04-07,28.1,18.4,21.6,26.4,0.0
Vitacura,2024-04-08,24.5,17.2,19.6,22.8,0.0
Vitacura,2024-04-09,25.5,17.3,20.1,24.1,0.0
Vitacura,2024-04-10,26.5,15.7,20.3,25.2,0.0
Vitacura,2024-04-11,21.9,13.3,16.7,19.7,0.0
Vitacura,2024-04-12,17.6,12.2,14.6,15.3,0.0
Vitacura,2024-04-13,17.0,11.1,13.6,15.7,1.7
Vitacura,2024-04-14,18.6,9.0,13.5,17.6,2.0
Vitacura,2024-04-15,17.3,10.9,12.9,15.6,14.9
Vitacura,2024-04-16,21.0,9.0,14.7,19.4,0.0
Vitacura,2024-04-17,26.0,13.4,20.9,24.2,0.0
Vitacura,2024-04-18,28.8,16.7,22.3,27.6,0.0
Vitacura,2024-04-19,23.2,16.6,19.5,21.7,0.0
Vitacura,2024-04-20,21.2,15.4,18.6,19.8,0.0
Vitacura,2024-04-21,17.9,11.7,15.8,16.9,0.0
Vitacura,2024-04-22,18.2,11.2,13.7,16.9,0.0
Vitacura,2024-04-23,22.7,11.0,16.5,21.1,0.0
Vitacura,2024-04-24,20.8,11.1,16.1,19.9,0.0
Vitacura,2024-04-25,18.9,9.9,14.0,16.7,0.0
Vitacura,2024-04-26,16.9,8.1,12.6,15.1,0.0
Vitacura,2024-04-27,18.4,8.1,12.3,16.4,0.0
Vitacura,2024-04-28,16.7,9.9,12.6,13.9,0.0
Vitacura,2024-04-29,15.4,7.3,11.0,12.4,0.0
Vitacura,2024-04-30,14.8,7.3,11.1,12.4,0.0
Vitacura,2024-05-01,12.6,6.1,9.9,10.4,5.0
Vitacura,2024-05-02,14.6,4.6,9.6,11.2,0.0
Vitacura,2024-05-03,16.3,6.7,10.9,13.7,0.0
Vitacura,2024-05-04,16.3,7.0,11.4,13.5,0.0
Vitacura,2024-05-05,15.7,8.6,11.5,12.9,0.0
Vitacura,2024-05-06,15.2,6.6,10.2,13.1,0.0
Vitacura,2024-05-07,10.5,0.5,6.6,8.8,32.9
Vitacura,2024-05-08,14.1,-0.1,7.4,12.1,0.0
Vitacura,2024-05-09,17.8,9.3,13.8,15.7,0.0
Vitacura,2024-05-10,12.6,6.5,10.0,10.7,0.0
Vitacura,2024-05-11,11.9,5.8,8.5,9.9,6.3
Vitacura,2024-05-12,11.1,4.7,7.2,8.9,10.7
Vitacura,2024-05-13,12.8,4.1,7.7,10.0,0.0
Vitacura,2024-05-14,15.1,5.7,10.0,12.2,0.0
Vitacura,2024-05-15,11.3,2.7,6.9,6.9,2.5
Vitacura,2024-05-16,12.2,2.2,6.8,9.6,0.0
Vitacura,2024-05-17,11.2,4.6,8.5,9.0,4.7
Vitacura,2024-05-18,14.5,3.5,8.0,11.8,0.6
Vitacura,2024-05-19,18.0,5.0,11.2,15.5,0.0
Vitacura,2024-05-20,13.7,8.4,10.5,11.8,44.4
Vitacura,2024-05-21,13.1,6.7,9.7,12.0,2.8
Vitacura,2024-05-22,10.5,5.8,8.5,9.6,36.1
Vitacura,2024-05-23,10.9,4.0,7.1,8.7,15.1
Vitacura,2024-05-24,16.3,6.0,11.4,15.7,0.0
Vitacura,2024-05-25,15.3,7.8,12.0,13.9,1.8
Vitacura,2024-05-26,12.7,5.7,8.3,10.0,12.0
Vitacura,2024-05-27,17.7,6.0,11.9,15.9,0.0
Vitacura,2024-05-28,20.6,10.6,15.1,18.9,0.0
Vitacura,2024-05-29,18.7,11.2,16.0,16.8,0.0
Vitacura,2024-05-30,20.9,14.7,18.5,19.6,0.0
Vitacura,2024-05-31,20.7,12.3,16.3,17.6,0.0
Vitacura,2024-06-01,20.3,9.4,15.2,18.2,0.0
Vitacura,2024-06-02,22.1,14.4,17.8,21.8,0.0
Vitacura,2024-06-03,22.3,13.4,18.4,19.4,0.0
Vitacura,2024-06-04,20.8,11.7,16.0,19.4,1.0
Vitacura,2024-06-05,19.0,11.7,14.9,18.0,0.0
Vitacura,2024-06-06,17.8,12.3,15.5,16.0,0.0
Vitacura,2024-06-07,22.1,17.1,20.0,21.9,0.0
Vitacura,2024-06-08,21.6,9.9,14.8,18.7,2.3
Vitacura,2024-06-09,13.2,8.1,10.4,11.5,12.8
Vitacura,2024-06-10,15.5,9.1,12.1,14.0,0.0
Vitacura,2024-06-11,15.9,10.3,12.7,14.5,0.0
Vitacura,2024-06-12,14.9,10.4,12.2,12.4,0.0
Vitacura,2024-06-13,12.4,8.7,10.2,9.6,45.4
Vitacura,2024-06-14,12.6,7.3,9.4,11.1,9.8
Vitacura,2024-06-15,13.6,5.7,9.8,11.1,0.2
Vitacura,2024-06-16,14.6,8.0,11.4,12.6,0.0
Vitacura,2024-06-17,14.2,8.0,10.8,12.7,1.2
Vitacura,2024-06-18,11.4,6.7,9.1,10.6,33.0
Vitacura,2024-06-19,13.7,4.3,8.7,11.9,2.2
Vitacura,2024-06-20,13.1,8.2,10.1,10.8,0.0
Vitacura,2024-06-21,8.5,6.3,7.4,6.5,48.8
Vitacura,2024-06-22,11.2,3.2,7.1,8.5,45.2
Vitacura,2024-06-23,5.0,3.0,3.8,2.1,1.8
Vitacura,2024-06-24,8.2,3.3,5.7,5.3,0.4
Vitacura,2024-06-25,8.1,2.1,5.1,6.0,2.2
Vitacura,2024-06-26,17.9,8.8,13.9,14.7,0.0
Vitacura,2024-06-27,18.7,8.7,15.0,15.9,0.0
Vitacura,2024-06-28,15.7,8.3,12.1,14.4,0.0
Vitacura,2024-06-29,19.4,8.8,14.5,17.2,0.0
Vitacura,2024-06-30,19.4,10.5,14.5,17.5,0.0
Vitacura,2024-07-01,19.9,9.9,14.3,18.4,0.0
Vitacura,2024-07-02,17.7,12.5,15.4,15.8,0.0
Vitacura,2024-07-03,17.1,13.4,15.5,15.4,0.0
Vitacura,2024-07-04,14.0,8.8,12.5,12.3,0.0
Vitacura,2024-07-05,16.3,8.6,13.2,14.4,0.0
Vitacura,2024-07-06,14.7,9.3,12.6,11.5,0.0
Vitacura,2024-07-07,14.3,7.7,11.5,12.1,0.0
Vitacura,2024-07-08,14.6,6.9,11.5,12.1,0.0
Vitacura,2024-07-09,13.4,3.3,10.2,10.0,0.0
Vitacura,2024-07-10,9.4,3.1,6.1,6.9,0.0
Vitacura,2024-07-11,11.5,6.1,8.9,9.5,0.0
Vitacura,2024-07-12,15.3,5.1,10.1,12.2,0.0
Vitacura,2024-07-13,16.2,11.5,13.5,13.9,0.0
Vitacura,2024-07-14,16.5,12.5,15.1,14.4,0.0
Vitacura,2024-07-15,19.2,13.2,16.2,16.8,0.0
Vitacura,2024-07-16,22.5,12.9,17.2,20.9,0.0
Vitacura,2024-07-17,21.9,15.4,19.0,18.9,0.0
Vitacura,2024-07-18,17.5,9.5,14.0,15.1,0.2
Vitacura,2024-07-19,17.1,12.3,14.3,15.6,0.0
Vitacura,2024-07-20,15.5,7.8,13.5,13.5,0.0
Vitacura,2024-07-21,13.3,6.4,9.9,11.6,0.0
Vitacura,2024-07-22,18.3,11.1,14.8,16.4,0.0
Vitacura,2024-07-23,12.3,7.0,9.2,10.6,0.0
Vitacura,2024-07-24,16.9,6.5,12.6,15.4,0.0
Vitacura,2024-07-25,20.0,11.4,15.8,17.4,0.0
Vitacura,2024-07-26,14.7,9.5,12.3,12.7,0.0
Vitacura,2024-07-27,16.7,10.2,13.3,15.0,0.0
Vitacura,2024-07-28,18.5,12.1,15.3,17.0,0.0
Vitacura,2024-07-29,23.8,10.5,17.1,22.3,0.0
Vitacura,2024-07-30,21.7,12.2,17.1,18.4,0.0
Vitacura,2024-07-31,15.8,9.7,13.1,14.4,0.0
Vitacura,2024-08-01,11.8,8.7,10.4,9.8,0.0
Vitacura,2024-08-02,11.6,4.7,8.4,9.7,57.4
Vitacura,2024-08-03,14.3,3.7,8.7,11.3,4.5
Vitacura,2024-08-04,15.1,7.8,11.1,12.8,0.0
Vitacura,2024-08-05,9.5,5.0,7.7,6.9,21.8
Vitacura,2024-08-06,9.5,3.0,5.4,7.2,12.2
Vitacura,2024-08-07,8.2,2.9,5.3,6.2,0.1
Vitacura,2024-08-08,13.1,1.8,7.5,11.3,0.0
Vitacura,2024-08-09,18.7,4.9,12.8,17.3,0.0
Vitacura,2024-08-10,18.6,11.0,15.7,18.1,0.0
Vitacura,2024-08-11,20.2,13.0,16.5,20.2,0.0
Vitacura,2024-08-12,23.2,13.0,17.9,23.1,0.0
Vitacura,2024-08-13,20.5,12.1,16.8,20.9,0.0
Vitacura,2024-08-14,14.9,10.8,13.1,14.8,0.0
Vitacura,2024-08-15,16.1,8.5,12.2,14.8,0.0
Vitacura,2024-08-16,13.3,7.0,10.1,11.7,0.0
Vitacura,2024-08-17,15.0,9.2,11.2,13.4,0.0
Vitacura,2024-08-18,13.5,8.5,10.8,11.4,0.0
Vitacura,2024-08-19,12.6,6.4,9.3,10.3,0.0
Vitacura,2024-08-20,9.3,4.8,6.7,7.2,0.3
Vitacura,2024-08-21,10.3,2.8,5.6,7.4,10.6
Vitacura,2024-08-22,10.1,0.9,5.4,7.7,2.5
Vitacura,2024-08-23,6.6,0.0,3.9,3.9,7.6
Vitacura,2024-08-24,16.1,-1.3,7.6,14.1,0.0
Vitacura,2024-08-25,19.2,8.3,13.7,18.0,0.0
Vitacura,2024-08-26,16.0,6.6,11.3,15.1,0.0
Vitacura,2024-08-27,18.7,8.7,13.7,18.2,0.0
Vitacura,2024-08-28,15.3,9.0,12.1,14.8,0.0
Vitacura,2024-08-29,11.4,6.3,8.8,9.7,0.3
Vitacura,2024-08-30,12.5,5.9,8.4,10.8,0.3
Vitacura,2024-08-31,18.2,6.6,12.5,18.0,0.0
Vitacura,2024-09-01,24.3,13.2,19.2,24.3,0.0
Vitacura,2024-09-02,16.1,8.6,11.4,14.8,0.1
Vitacura,2024-09-03,15.0,8.6,11.2,13.5,0.0
Vitacura,2024-09-04,18.9,10.2,14.9,18.3,0.0
Vitacura,2024-09-05,21.7,13.7,18.4,20.3,0.0
Vitacura,2024-09-06,17.5,10.9,13.5,16.8,0.0
Vitacura,2024-09-07,16.6,8.7,11.4,15.4,0.0
Vitacura,2024-09-08,18.6,9.2,14.0,17.3,0.0
Vitacura,2024-09-09,20.8,11.3,15.8,19.5,0.0
Vitacura,2024-09-10,17.2,9.6,13.3,16.2,8.4
Vitacura,2024-09-11,17.6,6.4,12.1,17.0,8.7
Vitacura,2024-09-12,16.4,8.7,12.7,16.2,0.1
Vitacura,2024-09-13,17.0,6.8,11.7,16.2,0.0
Vitacura,2024-09-14,21.3,8.8,15.6,20.1,0.0
Vitacura,2024-09-15,21.8,12.4,17.7,20.4,0.0
Vitacura,2024-09-16,25.6,11.7,18.2,23.4,0.0
Vitacura,2024-09-17,21.1,9.6,15.6,20.5,0.0
Vitacura,2024-09-18,22.3,9.7,15.4,20.7,0.0
Vitacura,2024-09-19,15.9,6.0,10.3,12.9,3.6
Vitacura,2024-09-20,19.1,7.4,13.4,16.0,0.0
Vitacura,2024-09-21,17.0,8.3,12.6,15.9,0.0
Vitacura,2024-09-22,11.8,7.9,9.9,9.2,4.5
Vitacura,2024-09-23,14.5,9.1,11.3,12.7,1.4
Vitacura,2024-09-24,17.2,7.9,11.8,17.5,0.0
Vitacura,2024-09-25,16.0,8.4,11.8,14.4,0.0
Vitacura,2024-09-26,23.9,8.5,16.6,22.7,0.0
Vitacura,2024-09-27,21.8,14.5,18.6,20.5,0.0
Vitacura,2024-09-28,23.5,14.4,18.6,22.7,0.0
Vitacura,2024-09-29,19.3,11.4,15.6,18.7,0.0
Vitacura,2024-09-30,16.6,9.3,11.9,16.3,0.5
Vitacura,2024-10-01,15.5,7.0,11.2,14.8,0.1
Vitacura,2024-10-02,20.2,8.4,13.7,19.3,0.0
Vitacura,2024-10-03,24.8,12.2,18.3,24.2,0.0
Vitacura,2024-10-04,25.4,16.6,20.4,24.9,0.0
Vitacura,2024-10-05,24.9,16.3,20.2,24.9,0.0
Vitacura,2024-10-06,23.2,15.4,18.6,22.2,1.1
Vitacura,2024-10-07,21.6,12.6,17.2,21.6,7.7
Vitacura,2024-10-08,15.7,10.8,12.7,14.8,4.7
Vitacura,2024-10-09,17.3,10.1,14.1,16.3,0.0
Vitacura,2024-10-10,18.0,10.9,14.1,18.6,0.6
Vitacura,2024-10-11,16.9,10.7,13.1,16.2,0.1
Vitacura,2024-10-12,17.9,11.0,14.6,16.6,0.0
Vitacura,2024-10-13,22.9,10.7,16.3,23.1,0.0
Vitacura,2024-10-14,21.5,13.5,16.8,20.2,0.0
Vitacura,2024-10-15,27.3,13.7,19.8,26.5,0.0
Vitacura,2024-10-16,20.3,10.2,15.2,20.0,0.0
Vitacura,2024-10-17,25.9,12.3,18.5,25.7,0.0
Vitacura,2024-10-18,28.4,18.0,22.0,28.2,0.0
Vitacura,2024-10-19,24.2,11.5,18.5,24.7,0.0
Vitacura,2024-10-20,19.1,8.1,12.6,18.2,0.5
Vitacura,2024-10-21,22.8,9.4,15.9,22.7,0.0
Vitacura,2024-10-22,23.4,10.7,17.0,23.6,3.6
Vitacura,2024-10-23,17.3,10.2,12.9,16.9,2.3
Vitacura,2024-10-24,24.2,9.6,16.7,23.6,0.0
Vitacura,2024-10-25,21.6,9.8,15.7,22.2,0.0
Vitacura,2024-10-26,28.1,15.8,21.3,28.1,0.0
Vitacura,2024-10-27,26.7,16.1,20.9,27.1,0.0
Vitacura,2024-10-28,31.0,18.0,23.4,30.9,0.0
Vitacura,2024-10-29,25.0,15.7,21.1,26.1,0.0
Vitacura,2024-10-30,25.9,14.5,19.1,26.8,0.0
Vitacura,2024-10-31,26.9,12.4,19.9,27.4,0.0
Vitacura,2024-11-01,19.4,11.4,14.5,18.9,0.0
Vitacura,2024-11-02,24.2,9.7,16.9,23.7,0.0
Vitacura,2024-11-03,22.9,8.9,16.3,23.2,0.0
Vitacura,2024-11-04,22.3,9.6,15.3,21.3,0.0
Vitacura,2024-11-05,25.8,13.5,18.9,24.3,0.0
Vitacura,2024-11-06,25.7,15.5,19.9,25.2,0.0
Vitacura,2024-11-07,24.5,16.9,19.9,22.6,1.1
Vitacura,2024-11-08,28.7,17.0,22.0,27.6,0.0
Vitacura,2024-11-09,27.3,16.9,21.2,27.0,0.0
Vitacura,2024-11-10,21.4,12.5,16.4,19.6,0.5
Vitacura,2024-11-11,25.1,13.0,18.8,23.7,0.0
Vitacura,2024-11-12,30.3,18.3,23.7,28.8,0.0
Vitacura,2024-11-13,28.5,15.1,22.3,28.4,0.0
Vitacura,2024-11-14,26.2,14.3,19.6,27.0,0.0
Vitacura,2024-11-15,24.2,12.7,18.1,24.5,0.0
Vitacura,2024-11-16,18.6,12.5,15.6,18.0,11.0
Vitacura,2024-11-17,24.1,10.7,16.8,24.5,5.4
Vitacura,2024-11-18,25.6,13.7,18.8,25.6,0.0
Vitacura,2024-11-19,25.2,12.1,17.6,24.8,0.0
Vitacura,2024-11-20,24.2,13.2,18.2,24.5,0.0
Vitacura,2024-11-21,27.2,15.1,20.0,27.1,0.0
Vitacura,2024-11-22,25.1,12.6,18.7,25.3,0.0
Vitacura,2024-11-23,28.1,13.8,20.3,28.4,0.0
Vitacura,2024-11-24,26.6,13.6,19.9,27.2,0.0
Vitacura,2024-11-25,25.3,14.1,19.4,24.9,0.0
Vitacura,2024-11-26,25.2,12.7,18.7,24.8,0.0
Vitacura,2024-11-27,24.3,12.4,17.6,23.6,0.0
Vitacura,2024-11-28,25.0,10.8,18.0,24.4,0.0
Vitacura,2024-11-29,27.1,14.7,20.5,26.7,0.0
Vitacura,2024-11-30,25.5,13.4,19.3,24.8,0.0
Vitacura,2024-12-01,22.7,9.7,15.8,21.9,0.0
Vitacura,2024-12-02,24.8,12.9,18.5,24.2,0.0
Vitacura,2024-12-03,25.5,13.3,18.8,24.5,0.0
Vitacura,2024-12-04,24.0,12.0,17.4,23.8,0.0
Vitacura,2024-12-05,21.4,9.8,14.9,21.5,0.0
Vitacura,2024-12-06,24.6,10.7,17.4,23.9,0.0
Vitacura,2024-12-07,25.6,14.5,19.3,25.4,0.0
Vitacura,2024-12-08,24.1,12.4,17.6,23.3,0.0
Vitacura,2024-12-09,29.2,13.6,20.9,28.4,0.0
Vitacura,2024-12-10,27.9,16.8,21.7,27.8,0.0
Vitacura,2024-12-11,29.0,15.8,22.0,28.9,0.0
Vitacura,2024-12-12,26.5,13.2,19.3,26.6,0.0
Vitacura,2024-12-13,28.1,15.6,21.6,27.7,0.0
Vitacura,2024-12-14,29.9,16.7,22.3,29.6,0.0
Vitacura,2024-12-15,27.3,16.1,20.7,27.9,0.0
Vitacura,2024-12-16,28.4,15.4,20.7,28.7,0.0
Vitacura,2024-12-17,25.9,15.0,19.6,26.2,0.0
Vitacura,2024-12-18,27.5,13.2,20.4,27.0,0.0
Vitacura,2024-12-19,30.8,17.4,23.7,30.6,0.0
Vitacura,2024-12-20,28.6,16.5,22.0,27.9,0.0
Vitacura,2024-12-21,30.2,16.3,23.5,30.2,0.0
Vitacura,2024-12-22,32.7,19.7,25.4,32.6,0.0
Vitacura,2024-12-23,28.9,19.8,24.0,29.6,0.0
Vitacura,2024-12-24,30.3,18.0,23.5,30.9,0.0
Vitacura,2024-12-25,29.3,17.3,22.5,30.2,0.0
Vitacura,2024-12-26,26.6,15.3,20.4,26.9,0.0
Vitacura,2024-12-27,28.1,16.0,21.3,29.4,0.0
Vitacura,2024-12-28,29.1,15.9,21.6,30.1,0.0
Vitacura,2024-12-29,30.3,16.6,22.7,31.1,0.0
Vitacura,2024-12-30,29.1,16.5,22.2,29.7,0.0
Vitacura,2024-12-31,29.6,17.1,22.7,29.6,0.0
Ñuñoa,2024-01-01,29.0,12.6,19.6,29.4,0.0
Ñuñoa,2024-01-02,29.9,13.2,20.8,30.6,0.0
Ñuñoa,2024-01-03,29.5,16.8,21.8,29.8,0.0
Ñuñoa,2024-01-04,28.5,15.2,21.1,29.6,0.0
Ñuñoa,2024-01-05,26.5,14.9,20.0,27.2,0.0
Ñuñoa,2024-01-06,26.8,14.4,19.8,27.0,0.0
Ñuñoa,2024-01-07,29.4,13.4,20.9,28.5,0.0
Ñuñoa,2024-01-08,29.1,14.1,21.1,28.7,0.0
Ñuñoa,2024-01-09,29.0,14.1,20.7,28.6,0.0
Ñuñoa,2024-01-10,29.2,14.4,21.1,28.5,0.0
Ñuñoa,2024-01-11,29.5,16.5,21.4,28.9,0.0
Ñuñoa,2024-01-12,28.0,15.1,20.2,28.0,0.0
Ñuñoa,2024-01-13,27.2,12.1,18.9,26.9,0.0
Ñuñoa,2024-01-14,32.9,14.6,23.0,32.0,0.0
Ñuñoa,2024-01-15,30.0,14.8,22.8,28.6,0.0
Ñuñoa,2024-01-16,30.9,11.9,21.1,29.3,0.0
Ñuñoa,2024-01-17,29.8,17.1,22.5,30.2,0.0
Ñuñoa,2024-01-18,31.6,14.6,22.4,31.1,0.0
Ñuñoa,2024-01-19,32.3,19.2,24.6,31.9,0.0
Ñuñoa,2024-01-20,30.2,18.7,23.5,30.1,0.0
Ñuñoa,2024-01-21,32.0,18.0,23.6,32.1,0.0
Ñuñoa,2024-01-22,32.8,18.0,24.2,33.5,0.0
Ñuñoa,2024-01-23,30.3,15.3,22.0,31.3,0.0
Ñuñoa,2024-01-24,34.0,17.4,24.6,34.4,0.0
Ñuñoa,2024-01-25,31.0,17.9,23.6,31.5,0.0
Ñuñoa,2024-01-26,30.0,15.6,21.8,29.8,0.0
Ñuñoa,2024-01-27,32.7,17.1,23.2,33.8,0.0
Ñuñoa,2024-01-28,29.1,17.4,22.4,29.7,0.0
Ñuñoa,2024-01-29,31.8,17.1,23.4,32.6,0.0
Ñuñoa,2024-01-30,34.3,17.6,25.0,34.8,0.0
Ñuñoa,2024-01-31,36.0,20.4,27.4,35.4,0.0
Ñuñoa,2024-02-01,34.0,20.9,26.3,33.2,0.0
Ñuñoa,2024-02-02,34.7,19.1,26.1,33.5,0.0
Ñuñoa,2024-02-03,35.2,20.4,26.8,34.4,0.0
Ñuñoa,2024-02-04,30.2,17.9,23.7,30.5,0.0
Ñuñoa,2024-02-05,31.8,14.8,22.8,32.1,0.0
Ñuñoa,2024-02-06,30.5,17.9,23.4,30.2,0.0
Ñuñoa,2024-02-07,33.5,16.6,24.2,33.4,0.0
Ñuñoa,2024-02-08,31.8,19.1,24.3,32.7,0.0
Ñuñoa,2024-02-09,30.6,16.5,22.4,30.6,0.0
Ñuñoa,2024-02-10,32.8,17.3,24.0,33.3,0.0
Ñuñoa,2024-02-11,29.4,15.8,21.7,29.1,0.0
Ñuñoa,2024-02-12,34.0,16.0,24.1,32.9,0.0
Ñuñoa,2024-02-13,30.7,17.0,24.3,30.3,0.0
Ñuñoa,2024-02-14,31.2,14.9,21.5,31.5,0.0
Ñuñoa,2024-02-15,32.0,15.8,21.9,33.4,0.0
Ñuñoa,2024-02-16,29.4,15.2,21.6,30.2,0.0
Ñuñoa,2024-02-17,32.5,16.5,23.9,32.1,0.0
Ñuñoa,2024-02-18,32.7,19.0,24.7,32.8,0.0
Ñuñoa,2024-02-19,28.0,15.4,20.7,28.3,0.0
Ñuñoa,2024-02-20,29.0,14.2,20.1,29.9,0.0
Ñuñoa,2024-02-21,28.2,13.6,19.7,28.5,0.0
Ñuñoa,2024-02-22,18.6,14.1,16.0,17.8,12.9
Ñuñoa,2024-02-23,27.8,13.9,20.1,29.1,0.0
Ñuñoa,2024-02-24,29.1,15.4,21.5,29.9,0.0
Ñuñoa,2024-02-25,29.6,15.8,21.7,30.0,0.0
Ñuñoa,2024-02-26,30.4,15.8,22.3,31.2,0.0
Ñuñoa,2024-02-27,29.9,17.5,22.7,29.8,0.0
Ñuñoa,2024-02-28,31.5,16.1,22.6,31.2,0.0
Ñuñoa,2024-02-29,32.0,17.2,23.8,31.7,0.0
Ñuñoa,2024-03-01,28.9,17.8,22.5,28.6,0.0
Ñuñoa,2024-03-02,30.0,16.4,22.5,29.7,0.0
Ñuñoa,2024-03-03,30.2,18.6,23.1,29.6,0.0
Ñuñoa,2024-03-04,31.0,17.6,22.9,30.7,0.0
Ñuñoa,2024-03-05,29.4,17.6,22.4,28.5,0.0
Ñuñoa,2024-03-06,28.6,16.2,21.3,28.4,0.0
Ñuñoa,2024-03-07,27.5,13.8,19.5,27.5,0.0
Ñuñoa,2024-03-08,27.5,11.6,18.5,26.4,0.0
Ñuñoa,2024-03-09,30.0,14.1,21.0,28.8,0.0
Ñuñoa,2024-03-10,28.8,15.4,21.0,28.1,0.0
Ñuñoa,2024-03-11,27.3,13.1,18.8,27.7,0.0
Ñuñoa,2024-03-12,27.8,11.8,19.1,26.7,0.0
Ñuñoa,2024-03-13,27.7,12.9,19.7,27.0,0.0
Ñuñoa,2024-03-14,28.0,15.6,20.7,26.8,0.0
Ñuñoa,2024-03-15,28.0,15.8,20.3,26.6,0.0
Ñuñoa,2024-03-16,28.2,13.6,20.1,26.8,0.0
Ñuñoa,2024-03-17,29.5,16.3,21.4,27.7,0.0
Ñuñoa,2024-03-18,30.8,17.5,22.7,28.9,0.0
Ñuñoa,2024-03-19,27.9,15.2,21.4,26.1,0.0
Ñuñoa,2024-03-20,21.6,11.8,16.0,20.8,0.9
Ñuñoa,2024-03-21,31.0,13.9,21.4,30.1,0.5
Ñuñoa,2024-03-22,31.5,19.5,24.0,30.6,0.0
Ñuñoa,2024-03-23,29.2,15.3,21.7,28.2,0.0
Ñuñoa,2024-03-24,29.9,17.9,22.6,29.8,0.0
Ñuñoa,2024-03-25,27.6,15.8,20.8,27.9,0.0
Ñuñoa,2024-03-26,29.0,14.4,20.6,29.4,0.0
Ñuñoa,2024-03-27,28.8,15.9,21.7,28.9,0.0
Ñuñoa,2024-03-28,28.9,17.6,21.8,29.0,0.0
Ñuñoa,2024-03-29,29.6,16.5,21.9,29.5,0.0
Ñuñoa,2024-03-30,30.9,16.3,22.5,29.9,0.0
Ñuñoa,2024-03-31,29.0,17.1,22.0,26.7,0.0
Ñuñoa,2024-04-01,26.1,12.9,19.0,24.0,0.0
Ñuñoa,2024-04-02,24.3,14.4,18.5,21.8,0.1
Ñuñoa,2024-04-03,20.4,12.6,15.9,19.5,0.0
Ñuñoa,2024-04-04,26.5,12.9,18.7,26.0,0.0
Ñuñoa,2024-04-05,27.9,16.2,20.4,26.8,0.0
Ñuñoa,2024-04-06,25.0,11.8,18.0,23.4,0.0
Ñuñoa,2024-04-07,28.5,15.8,20.0,26.8,0.0
Ñuñoa,2024-04-08,25.1,14.4,18.5,23.2,0.0
Ñuñoa,2024-04-09,26.3,14.9,19.0,25.3,0.0
Ñuñoa,2024-04-10,26.8,13.9,19.0,25.5,0.0
Ñuñoa,2024-04-11,22.0,11.3,15.0,19.8,0.0
Ñuñoa,2024-04-12,15.8,10.6,12.8,14.0,0.0
Ñuñoa,2024-04-13,18.2,8.2,12.8,16.4,0.8
Ñuñoa,2024-04-14,20.0,9.4,14.1,18.2,1.0
Ñuñoa,2024-04-15,18.4,10.9,12.9,15.6,7.7
Ñuñoa,2024-04-16,22.0,9.4,15.1,20.3,0.0
Ñuñoa,2024-04-17,27.0,8.8,17.3,25.0,0.0
Ñuñoa,2024-04-18,29.1,12.3,19.1,27.8,0.0
Ñuñoa,2024-04-19,23.8,13.9,17.8,21.9,0.0
Ñuñoa,2024-04-20,21.2,14.9,17.0,19.6,0.0
Ñuñoa,2024-04-21,18.2,12.1,15.1,16.5,0.0
Ñuñoa,2024-04-22,20.0,10.7,14.9,18.1,0.0
Ñuñoa,2024-04-23,23.9,10.9,16.3,22.0,0.0
Ñuñoa,2024-04-24,21.9,11.5,15.3,20.0,0.0
Ñuñoa,2024-04-25,21.2,11.4,14.8,17.7,0.0
Ñuñoa,2024-04-26,19.0,9.4,13.3,16.4,0.0
Ñuñoa,2024-04-27,20.0,8.9,12.7,17.7,0.0
Ñuñoa,2024-04-28,17.4,7.9,11.9,14.3,0.0
Ñuñoa,2024-04-29,17.9,6.4,11.6,13.6,0.0
Ñuñoa,2024-04-30,15.2,6.4,11.2,13.2,21.2
Ñuñoa,2024-05-01,14.4,8.2,10.4,11.8,0.9
Ñuñoa,2024-05-02,14.4,2.7,8.6,11.7,0.0
Ñuñoa,2024-05-03,15.6,6.7,9.8,13.3,0.0
Ñuñoa,2024-05-04,17.2,6.3,11.3,14.3,0.0
Ñuñoa,2024-05-05,15.4,8.6,11.2,13.5,0.0
Ñuñoa,2024-05-06,15.4,6.2,10.4,13.3,0.0
Ñuñoa,2024-05-07,10.2,3.7,6.5,8.2,31.1
Ñuñoa,2024-05-08,14.2,0.6,6.3,12.9,0.0
Ñuñoa,2024-05-09,17.0,4.1,9.1,14.9,0.0
Ñuñoa,2024-05-10,13.2,4.6,8.5,11.3,0.0
Ñuñoa,2024-05-11,13.4,4.9,8.5,10.8,0.0
Ñuñoa,2024-05-12,12.8,3.8,8.2,9.8,0.0
Ñuñoa,2024-05-13,13.9,1.5,6.8,11.5,0.0
Ñuñoa,2024-05-14,14.9,2.3,8.1,12.3,0.0
Ñuñoa,2024-05-15,9.7,2.9,6.0,6.8,2.5
Ñuñoa,2024-05-16,13.1,0.7,6.1,10.2,0.0
Ñuñoa,2024-05-17,12.9,2.2,6.8,10.2,0.3
Ñuñoa,2024-05-18,14.4,1.5,7.0,11.7,0.0
Ñuñoa,2024-05-19,17.0,2.4,9.7,14.7,0.0
Ñuñoa,2024-05-20,11.2,8.6,9.5,8.8,36.0
Ñuñoa,2024-05-21,13.7,7.0,9.6,12.3,3.7
Ñuñoa,2024-05-22,10.4,7.0,8.7,9.0,28.2
Ñuñoa,2024-05-23,12.1,4.0,7.5,10.1,13.5
Ñuñoa,2024-05-24,16.2,2.5,9.0,14.7,0.0
Ñuñoa,2024-05-25,15.2,8.4,11.0,13.7,0.1
Ñuñoa,2024-05-26,13.6,5.1,8.3,12.0,19.8
Ñuñoa,2024-05-27,16.9,3.5,9.9,15.5,0.0
Ñuñoa,2024-05-28,19.1,5.8,11.8,17.4,0.0
Ñuñoa,2024-05-29,17.8,8.4,13.7,16.7,0.0
Ñuñoa,2024-05-30,19.4,8.6,13.6,18.7,0.0
Ñuñoa,2024-05-31,17.4,7.4,12.1,15.6,0.0
Ñuñoa,2024-06-01,18.2,5.0,11.3,17.1,0.0
Ñuñoa,2024-06-02,20.9,11.8,14.7,21.2,0.0
Ñuñoa,2024-06-03,19.4,11.4,15.7,16.8,0.0
Ñuñoa,2024-06-04,18.6,10.1,13.8,17.4,0.1
Ñuñoa,2024-06-05,17.9,9.9,13.9,15.6,0.1
Ñuñoa,2024-06-06,16.5,13.3,14.8,15.6,0.0
Ñuñoa,2024-06-07,20.1,12.3,16.9,20.4,0.0
Ñuñoa,2024-06-08,16.9,8.5,12.5,14.2,3.9
Ñuñoa,2024-06-09,13.2,8.3,10.2,12.0,13.5
Ñuñoa,2024-06-10,14.1,8.7,11.6,13.4,0.0
Ñuñoa,2024-06-11,14.9,10.2,12.8,13.8,0.0
Ñuñoa,2024-06-12,13.6,9.1,11.5,11.8,0.0
Ñuñoa,2024-06-13,12.6,8.8,10.0,8.9,51.6
Ñuñoa,2024-06-14,14.1,5.9,9.5,12.1,16.1
Ñuñoa,2024-06-15,13.4,4.0,8.6,11.1,0.0
Ñuñoa,2024-06-16,13.8,2.6,7.5,12.5,0.0
Ñuñoa,2024-06-17,14.2,3.9,8.3,11.8,0.8
Ñuñoa,2024-06-18,11.1,6.8,8.6,9.7,25.7
Ñuñoa,2024-06-19,14.6,4.5,8.9,12.7,24.1
Ñuñoa,2024-06-20,12.2,7.6,10.0,11.1,0.0
Ñuñoa,2024-06-21,8.7,6.8,7.6,6.9,45.7
Ñuñoa,2024-06-22,8.9,5.6,7.0,7.2,16.1
Ñuñoa,2024-06-23,10.4,5.4,7.1,8.1,0.4
Ñuñoa,2024-06-24,7.8,4.1,6.0,6.0,0.0
Ñuñoa,2024-06-25,9.9,1.8,5.6,7.7,0.3
Ñuñoa,2024-06-26,16.2,0.7,7.8,14.4,0.0
Ñuñoa,2024-06-27,15.7,6.1,10.0,14.3,0.0
Ñuñoa,2024-06-28,15.1,4.8,9.4,14.2,0.0
Ñuñoa,2024-06-29,18.0,4.8,11.2,16.9,0.0
Ñuñoa,2024-06-30,18.5,5.7,11.3,16.7,0.0
Ñuñoa,2024-07-01,19.5,6.3,11.6,18.0,0.0
Ñuñoa,2024-07-02,17.7,5.7,11.0,15.8,0.0
Ñuñoa,2024-07-03,16.1,7.4,11.5,14.4,0.0
Ñuñoa,2024-07-04,14.4,5.2,9.3,12.9,0.0
Ñuñoa,2024-07-05,15.1,2.6,8.0,13.2,0.0
Ñuñoa,2024-07-06,13.3,2.4,6.8,10.7,0.0
Ñuñoa,2024-07-07,13.2,1.2,6.8,11.1,0.0
Ñuñoa,2024-07-08,13.6,1.5,7.1,11.4,0.0
Ñuñoa,2024-07-09,10.5,0.8,4.6,7.6,0.0
Ñuñoa,2024-07-10,9.5,0.1,4.3,7.1,0.0
Ñuñoa,2024-07-11,11.1,-0.4,4.4,8.3,0.0
Ñuñoa,2024-07-12,13.9,1.4,6.9,10.5,0.0
Ñuñoa,2024-07-13,14.3,0.4,6.5,12.1,0.0
Ñuñoa,2024-07-14,13.8,1.8,7.7,11.1,0.0
Ñuñoa,2024-07-15,16.4,2.5,8.6,13.1,0.0
Ñuñoa,2024-07-16,20.0,6.9,12.8,18.2,0.0
Ñuñoa,2024-07-17,18.5,6.1,12.3,16.5,0.0
Ñuñoa,2024-07-18,15.1,8.0,11.2,12.9,0.1
Ñuñoa,2024-07-19,15.2,7.1,10.8,14.0,0.0
Ñuñoa,2024-07-20,14.0,5.9,9.0,13.2,0.0
Ñuñoa,2024-07-21,14.0,5.6,9.1,10.8,0.0
Ñuñoa,2024-07-22,17.5,7.2,12.2,16.2,0.0
Ñuñoa,2024-07-23,10.8,5.6,8.1,9.2,0.3
Ñuñoa,2024-07-24,15.8,2.8,9.4,14.8,0.0
Ñuñoa,2024-07-25,17.9,4.8,10.3,15.9,0.0
Ñuñoa,2024-07-26,13.9,7.3,10.1,12.4,0.0
Ñuñoa,2024-07-27,16.1,5.9,10.1,14.3,0.0
Ñuñoa,2024-07-28,17.0,8.6,12.1,15.4,0.0
Ñuñoa,2024-07-29,22.0,5.8,13.6,21.1,0.0
Ñuñoa,2024-07-30,18.0,11.4,14.3,16.4,0.0
Ñuñoa,2024-07-31,13.8,8.0,11.0,12.5,0.0
Ñuñoa,2024-08-01,12.4,7.9,9.3,9.3,0.0
Ñuñoa,2024-08-02,12.0,5.4,8.7,9.3,65.0
Ñuñoa,2024-08-03,15.4,2.8,8.8,12.6,6.1
Ñuñoa,2024-08-04,15.2,7.0,10.3,13.3,0.0
Ñuñoa,2024-08-05,10.6,5.8,8.1,8.6,8.9
Ñuñoa,2024-08-06,11.2,4.1,6.9,8.6,10.7
Ñuñoa,2024-08-07,10.1,-0.3,5.1,7.7,0.0
Ñuñoa,2024-08-08,13.1,-1.0,5.4,10.9,0.0
Ñuñoa,2024-08-09,18.4,1.9,9.6,16.4,0.0
Ñuñoa,2024-08-10,18.7,4.9,11.0,16.6,0.0
Ñuñoa,2024-08-11,20.1,4.8,11.9,18.5,0.0
Ñuñoa,2024-08-12,23.0,7.8,14.8,22.0,0.0
Ñuñoa,2024-08-13,20.0,8.1,12.7,19.3,0.0
Ñuñoa,2024-08-14,14.6,9.0,11.4,14.0,0.0
Ñuñoa,2024-08-15,16.2,7.5,11.0,14.9,0.0
Ñuñoa,2024-08-16,12.9,7.2,9.7,11.8,0.0
Ñuñoa,2024-08-17,14.9,7.4,10.1,13.1,0.0
Ñuñoa,2024-08-18,12.6,6.9,9.0,11.0,0.0
Ñuñoa,2024-08-19,11.7,4.9,7.9,9.6,0.0
Ñuñoa,2024-08-20,9.8,3.7,6.1,7.3,0.2
Ñuñoa,2024-08-21,10.9,3.8,6.1,7.5,7.8
Ñuñoa,2024-08-22,10.7,0.4,5.7,7.8,0.1
Ñuñoa,2024-08-23,9.9,2.0,5.3,7.4,1.8
Ñuñoa,2024-08-24,16.9,-0.1,7.7,14.9,0.0
Ñuñoa,2024-08-25,19.1,5.8,11.6,17.9,0.0
Ñuñoa,2024-08-26,16.5,3.5,10.6,15.0,0.0
Ñuñoa,2024-08-27,18.2,3.2,10.5,17.1,0.0
Ñuñoa,2024-08-28,15.0,6.4,10.2,14.6,0.0
Ñuñoa,2024-08-29,12.3,6.3,8.5,10.1,0.3
Ñuñoa,2024-08-30,13.1,6.1,8.6,10.9,1.4
Ñuñoa,2024-08-31,18.8,3.6,10.6,18.0,0.0
Ñuñoa,2024-09-01,23.2,7.6,14.2,22.4,0.0
Ñuñoa,2024-09-02,13.9,6.8,10.6,12.2,0.1
Ñuñoa,2024-09-03,15.4,6.8,10.5,13.3,0.0
Ñuñoa,2024-09-04,18.7,6.2,12.4,17.5,0.0
Ñuñoa,2024-09-05,21.1,6.3,13.4,20.3,0.0
Ñuñoa,2024-09-06,17.1,8.7,12.4,16.5,0.0
Ñuñoa,2024-09-07,16.0,7.6,10.7,15.7,0.0
Ñuñoa,2024-09-08,18.9,6.9,12.4,17.3,0.0
Ñuñoa,2024-09-09,20.5,11.1,14.7,19.7,0.0
Ñuñoa,2024-09-10,17.3,8.6,12.8,15.8,0.6
Ñuñoa,2024-09-11,18.0,5.8,11.7,17.3,0.3
Ñuñoa,2024-09-12,16.1,8.1,11.4,15.5,0.0
Ñuñoa,2024-09-13,17.5,6.2,11.2,16.6,0.0
Ñuñoa,2024-09-14,21.7,4.9,13.5,20.4,0.0
Ñuñoa,2024-09-15,22.1,7.4,15.1,21.0,0.0
Ñuñoa,2024-09-16,23.8,8.9,15.5,22.1,0.0
Ñuñoa,2024-09-17,21.0,7.2,13.6,20.2,0.0
Ñuñoa,2024-09-18,21.2,8.2,14.4,20.0,0.0
Ñuñoa,2024-09-19,16.3,5.7,10.7,13.5,1.7
Ñuñoa,2024-09-20,17.8,5.2,11.5,16.7,0.0
Ñuñoa,2024-09-21,16.4,7.8,11.3,15.4,0.0
Ñuñoa,2024-09-22,12.8,7.4,10.0,10.8,3.5
Ñuñoa,2024-09-23,14.8,8.9,11.2,13.7,0.6
Ñuñoa,2024-09-24,16.9,7.7,11.4,16.7,0.0
Ñuñoa,2024-09-25,16.8,7.2,11.1,15.5,0.0
Ñuñoa,2024-09-26,23.5,4.8,14.3,22.5,0.0
Ñuñoa,2024-09-27,21.4,9.0,15.5,20.7,0.0
Ñuñoa,2024-09-28,23.2,13.8,17.2,22.7,0.0
Ñuñoa,2024-09-29,18.4,9.4,13.5,18.5,0.0
Ñuñoa,2024-09-30,18.1,8.1,11.4,17.0,0.0
Ñuñoa,2024-10-01,17.1,6.2,11.4,14.5,0.0
Ñuñoa,2024-10-02,20.5,7.8,13.6,19.9,0.0
Ñuñoa,2024-10-03,24.4,11.1,17.0,24.4,0.0
Ñuñoa,2024-10-04,24.5,11.7,16.9,24.3,0.0
Ñuñoa,2024-10-05,24.7,9.8,17.9,24.6,0.0
Ñuñoa,2024-10-06,21.2,13.2,17.1,20.3,0.4
Ñuñoa,2024-10-07,22.3,11.0,15.8,22.5,4.2
Ñuñoa,2024-10-08,15.4,9.4,11.8,13.8,5.9
Ñuñoa,2024-10-09,18.6,9.1,13.4,17.2,0.0
Ñuñoa,2024-10-10,17.7,9.5,13.2,16.9,0.0
Ñuñoa,2024-10-11,18.0,10.0,13.0,16.9,0.0
Ñuñoa,2024-10-12,18.0,10.4,14.0,17.2,0.0
Ñuñoa,2024-10-13,23.1,11.1,16.0,23.6,0.0
Ñuñoa,2024-10-14,21.5,10.2,15.6,20.8,0.0
Ñuñoa,2024-10-15,27.4,10.3,17.9,27.4,0.0
Ñuñoa,2024-10-16,19.2,8.1,13.9,19.2,0.0
Ñuñoa,2024-10-17,25.8,7.7,16.5,26.2,0.0
Ñuñoa,2024-10-18,28.3,11.2,19.4,28.5,0.0
Ñuñoa,2024-10-19,22.0,10.6,15.6,22.7,0.0
Ñuñoa,2024-10-20,19.8,8.9,13.1,18.4,0.7
Ñuñoa,2024-10-21,23.6,9.2,15.8,23.7,0.0
Ñuñoa,2024-10-22,23.1,10.6,16.0,23.4,3.4
Ñuñoa,2024-10-23,18.6,9.1,12.7,18.4,8.4
Ñuñoa,2024-10-24,25.1,7.4,15.9,24.8,0.0
Ñuñoa,2024-10-25,23.3,8.9,15.4,23.1,0.0
Ñuñoa,2024-10-26,28.3,9.6,18.6,28.4,0.0
Ñuñoa,2024-10-27,27.1,11.8,19.0,27.6,0.0
Ñuñoa,2024-10-28,31.5,12.2,20.9,32.1,0.0
Ñuñoa,2024-10-29,24.5,12.6,18.6,24.8,0.0
Ñuñoa,2024-10-30,25.5,11.4,17.1,26.1,0.0
Ñuñoa,2024-10-31,26.2,11.6,17.9,26.7,0.0
Ñuñoa,2024-11-01,20.0,11.1,13.9,19.1,0.0
Ñuñoa,2024-11-02,25.1,8.5,16.5,24.5,0.0
Ñuñoa,2024-11-03,23.4,10.0,15.8,22.6,0.0
Ñuñoa,2024-11-04,23.2,9.4,15.5,21.7,0.0
Ñuñoa,2024-11-05,26.6,11.4,18.4,25.3,0.0
Ñuñoa,2024-11-06,26.5,13.2,19.4,25.6,0.0
Ñuñoa,2024-11-07,24.8,13.6,19.4,23.8,0.0
Ñuñoa,2024-11-08,29.3,15.3,21.2,28.4,0.0
Ñuñoa,2024-11-09,27.5,13.9,20.3,26.9,0.0
Ñuñoa,2024-11-10,21.6,11.7,16.5,20.5,0.0
Ñuñoa,2024-11-11,25.7,11.5,18.4,24.1,0.0
Ñuñoa,2024-11-12,30.8,13.1,22.7,29.7,0.0
Ñuñoa,2024-11-13,27.0,15.1,21.7,27.3,0.0
Ñuñoa,2024-11-14,26.6,13.9,19.0,27.5,0.0
Ñuñoa,2024-11-15,25.1,11.1,17.7,25.2,0.0
Ñuñoa,2024-11-16,19.8,12.9,16.0,18.4,1.6
Ñuñoa,2024-11-17,25.3,10.1,17.1,26.1,0.0
Ñuñoa,2024-11-18,26.0,13.4,18.6,26.6,0.0
Ñuñoa,2024-11-19,25.5,11.5,17.2,25.6,0.0
Ñuñoa,2024-11-20,25.0,12.6,18.2,24.6,0.0
Ñuñoa,2024-11-21,27.4,14.5,19.7,28.0,0.0
Ñuñoa,2024-11-22,26.3,12.1,18.9,26.4,0.0
Ñuñoa,2024-11-23,29.2,13.9,20.9,29.5,0.0
Ñuñoa,2024-11-24,27.7,13.9,20.6,28.0,0.0
Ñuñoa,2024-11-25,26.4,15.1,20.1,25.8,0.0
Ñuñoa,2024-11-26,26.0,13.1,18.8,25.2,0.0
Ñuñoa,2024-11-27,24.7,11.6,17.2,24.0,0.0
Ñuñoa,2024-11-28,25.6,10.4,17.9,25.0,0.0
Ñuñoa,2024-11-29,28.0,14.3,20.7,27.4,0.0
Ñuñoa,2024-11-30,25.9,11.9,19.0,24.9,0.0
Ñuñoa,2024-12-01,23.9,9.1,16.2,23.1,0.0
Ñuñoa,2024-12-02,25.8,12.4,18.8,25.0,0.0
Ñuñoa,2024-12-03,25.8,12.8,18.4,25.9,0.0
Ñuñoa,2024-12-04,24.5,11.1,16.8,24.8,0.0
Ñuñoa,2024-12-05,22.0,9.4,15.2,21.5,0.0
Ñuñoa,2024-12-06,25.5,10.5,17.7,24.4,0.0
Ñuñoa,2024-12-07,26.2,13.7,19.3,26.5,0.0
Ñuñoa,2024-12-08,24.6,11.6,17.5,24.1,0.0
Ñuñoa,2024-12-09,29.5,12.2,20.4,29.1,0.0
Ñuñoa,2024-12-10,28.4,15.5,21.2,28.8,0.0
Ñuñoa,2024-12-11,29.5,14.7,21.6,29.6,0.0
Ñuñoa,2024-12-12,27.1,12.9,19.3,26.9,0.0
Ñuñoa,2024-12-13,29.4,15.2,21.7,29.3,0.0
Ñuñoa,2024-12-14,30.1,16.2,21.9,30.6,0.0
Ñuñoa,2024-12-15,26.9,15.1,19.8,27.7,0.0
Ñuñoa,2024-12-16,27.6,13.1,19.2,28.8,0.0
Ñuñoa,2024-12-17,26.1,13.1,18.7,26.9,0.0
Ñuñoa,2024-12-18,27.9,13.1,20.4,28.2,0.0
Ñuñoa,2024-12-19,32.3,16.5,23.9,32.3,0.0
Ñuñoa,2024-12-20,29.4,16.4,22.2,28.4,0.0
Ñuñoa,2024-12-21,31.8,16.5,23.9,31.8,0.0
Ñuñoa,2024-12-22,33.4,19.3,25.3,34.1,0.0
Ñuñoa,2024-12-23,29.3,19.3,23.9,30.2,0.0
Ñuñoa,2024-12-24,30.2,17.4,23.0,30.9,0.0
Ñuñoa,2024-12-25,28.6,15.9,21.4,30.1,0.0
Ñuñoa,2024-12-26,27.3,13.6,19.3,28.3,0.0
Ñuñoa,2024-12-27,27.9,14.4,20.1,29.6,0.0
Ñuñoa,2024-12-28,29.2,14.8,20.7,30.6,0.0
Ñuñoa,2024-12-29,30.5,15.1,21.8,32.2,0.0
Ñuñoa,2024-12-30,30.0,15.9,22.1,31.6,0.0
Ñuñoa,2024-12-31,30.2,16.9,22.8,30.4,0.0
