{"type": "FeatureCollection", "crs": {"type": "name", "properties": {"name": "urn:ogc:def:crs:OGC:1.3:CRS84"}}, "features": [{"type": "Feature", "properties": {"name": "san_juan (19 departamentos, disuelto)", "source_study": "san_juan_departamentos", "n_source_polygons": 19}, "geometry": {"type": "Polygon", "coordinates": [[[-68.30103707, -32.13916667], [-68.30106338, -32.13919026], [-68.31279584, -32.13919017], [-68.46120763, -32.13918909], [-68.46120864, -32.2380521], [-68.51156083, -32.26337843], [-68.51292561, -32.26406489], [-68.51397734, -32.26459389], [-68.60553304, -32.30834313], [-68.66565486, -32.33707191], [-68.66566155, -32.33707193], [-68.66571306, -32.33709717], [-68.68784129, -32.33718013], [-68.69295855, -32.33719931], [-68.70179376, -32.33723244], [-68.78950801, -32.33756128], [-68.8061005, -32.33762348], [-68.86178131, -32.33783223], [-68.87975767, -32.33789963], [-68.91718542, -32.33803994], [-68.91726987, -32.33804026], [-68.91761309, -32.33804155], [-68.91761309, -32.33793951], [-68.91761382, -32.33793952], [-68.91761511, -32.13317649], [-68.91761521, -32.11733239], [-68.91761522, -32.11617289], [-68.91761523, -32.11494281], [-68.91761523, -32.11479141], [-68.91761523, -32.11472914], [-68.91761523, -32.11467504], [-68.91761523, -32.11464643], [-68.91785126, -32.11461172], [-68.92124444, -32.11411283], [-68.94446081, -32.1106994], [-68.95141887, -32.10967638], [-68.95278745, -32.10947516], [-68.95507517, -32.1091388], [-68.9554321, -32.10908632], [-68.95577761, -32.10903553], [-68.95678972, -32.10888672], [-68.96000407, -32.10937177], [-68.96505407, -32.11013382], [-68.96785568, -32.11055658], [-68.96806793, -32.11058861], [-68.96915331, -32.1107524], [-68.96990225, -32.11086541], [-68.97010411, -32.11089587], [-68.97802595, -32.11209128], [-68.97815492, -32.11211075], [-68.98139855, -32.11260021], [-68.98388933, -32.11297607], [-68.98778404, -32.11396251], [-68.98926999, -32.1149212], [-68.9905141, -32.11537094], [-68.9924251, -32.11606177], [-68.99320192, -32.1163426], [-68.99619763, -32.11742555], [-68.99688982, -32.11767578], [-68.99808252, -32.11792918], [-68.99936303, -32.11792918], [-69.00034301, -32.11792918], [-69.00177069, -32.11792918], [-69.00296042, -32.11745329], [-69.00557782, -32.11709637], [-69.0070055, -32.11721534], [-69.00814567, -32.117152], [-69.01124057, -32.11663646], [-69.01209632, -32.11605063], [-69.01314909, -32.11593746], [-69.01402949, -32.11515224], [-69.01510025, -32.11460497], [-69.01638516, -32.11381974], [-69.01717038, -32.11317729], [-69.01720898, -32.11166905], [-69.01738453, -32.1087277], [-69.01764627, -32.10770453], [-69.01819355, -32.10720484], [-69.01942149, -32.10625245], [-69.01971696, -32.10571289], [-69.02076044, -32.10466142], [-69.02079754, -32.10462404], [-69.02153498, -32.10388095], [-69.02223405, -32.10317652], [-69.02223405, -32.10270063], [-69.02320979, -32.10115571], [-69.02357113, -32.09951918], [-69.0236901, -32.09890052], [-69.02407082, -32.09773459], [-69.02495122, -32.09713972], [-69.02523675, -32.09694937], [-69.02552229, -32.09671142], [-69.02585541, -32.09549789], [-69.02597439, -32.09530754], [-69.02616474, -32.09490303], [-69.02637889, -32.09445093], [-69.02659305, -32.09376089], [-69.02687858, -32.09299946], [-69.02714032, -32.09261875], [-69.02752104, -32.09202388], [-69.02859179, -32.09204768], [-69.02994809, -32.09197629], [-69.03123299, -32.09188111], [-69.03194683, -32.09164317], [-69.03306991, -32.09136564], [-69.03347928, -32.09114701], [-69.03442147, -32.09064379], [-69.03552296, -32.0906098], [-69.03684852, -32.0910721], [-69.037372, -32.09095312], [-69.03808584, -32.09012031], [-69.03818102, -32.08978719], [-69.03883074, -32.08866611], [-69.03889486, -32.08793121], [-69.03906142, -32.08724117], [-69.03922798, -32.08659871], [-69.03951352, -32.08614661], [-69.03984664, -32.08607523], [-69.04056048, -32.08586108], [-69.04141709, -32.08555175], [-69.04289235, -32.08550416], [-69.04374589, -32.08535343], [-69.04448659, -32.08564693], [-69.04584289, -32.0853376], [-69.04822235, -32.08476653], [-69.0488886, -32.08471894], [-69.05012592, -32.08462376], [-69.05048283, -32.08426684], [-69.05079537, -32.08364683], [-69.05212466, -32.08162564], [-69.05281471, -32.08093559], [-69.05409961, -32.07976966], [-69.0550514, -32.07919859], [-69.05626034, -32.07914397], [-69.0573311, -32.07866807], [-69.05899672, -32.0767645], [-69.06030543, -32.07605067], [-69.06053136, -32.07594639], [-69.0620946, -32.07598631], [-69.06452165, -32.07546283], [-69.06516411, -32.07420172], [-69.06616348, -32.07310717], [-69.06709398, -32.07027709], [-69.06777295, -32.06860121], [-69.06723424, -32.06713472], [-69.06751978, -32.06615914], [-69.06790049, -32.0649932], [-69.06856979, -32.06473578], [-69.06975647, -32.06427937], [-69.0709462, -32.06327999], [-69.0713983, -32.06289928], [-69.07208834, -32.06258995], [-69.07338947, -32.06241088], [-69.07368258, -32.06180473], [-69.07382535, -32.06144781], [-69.07396811, -32.06063879], [-69.0744678, -32.06056741], [-69.07518164, -32.05956803], [-69.07554737, -32.05876078], [-69.07569211, -32.05863832], [-69.07612443, -32.0582725], [-69.07877463, -32.0570696], [-69.08003574, -32.0566413], [-69.08183955, -32.05582525], [-69.08235506, -32.05550612], [-69.0827311, -32.05527333], [-69.08433798, -32.0542786], [-69.08558597, -32.05303061], [-69.08548471, -32.05228688], [-69.08562747, -32.05154925], [-69.08595268, -32.0510029], [-69.08622234, -32.05054988], [-69.0863889, -32.05031193], [-69.08653167, -32.04969327], [-69.08653167, -32.04924117], [-69.08617475, -32.04847975], [-69.08546197, -32.04477962], [-69.08588921, -32.04376841], [-69.08650787, -32.04310216], [-69.08682232, -32.04184488], [-69.08731231, -32.04119156], [-69.08826409, -32.03976389], [-69.08843065, -32.03951405], [-69.08979153, -32.03841463], [-69.09067193, -32.03739146], [-69.09148095, -32.036749], [-69.09205202, -32.03624932], [-69.09293242, -32.03432195], [-69.09421733, -32.03222803], [-69.0943601, -32.0318949], [-69.09526429, -32.0314428], [-69.09590674, -32.03149039], [-69.09733442, -32.03122865], [-69.09852415, -32.0310145], [-69.09969009, -32.03091932], [-69.10217377, -32.0304058], [-69.10259303, -32.03080035], [-69.10306892, -32.0310383], [-69.10340205, -32.03072897], [-69.10452039, -32.02956303], [-69.10590048, -32.02830192], [-69.10666191, -32.027945], [-69.10825615, -32.02692183], [-69.10920335, -32.02536815], [-69.11063102, -32.02465431], [-69.11081875, -32.02448102], [-69.11291989, -32.02330505], [-69.11431919, -32.0220369], [-69.11560868, -32.02125871], [-69.11613216, -32.0208542], [-69.11644149, -32.02054487], [-69.11662562, -32.01940065], [-69.11669865, -32.01828439], [-69.11613216, -32.01440586], [-69.11546591, -32.01228814], [-69.11475208, -32.01024181], [-69.11325302, -32.00790994], [-69.11275333, -32.00691056], [-69.11360993, -32.00662503], [-69.11432377, -32.00607775], [-69.11498938, -32.00533342], [-69.1150665, -32.00521345], [-69.11556948, -32.00443103], [-69.11640263, -32.00386931], [-69.11736489, -32.00204972], [-69.11746015, -32.00186959], [-69.11784473, -32.00164525], [-69.11809317, -32.00155757], [-69.11942317, -32.00108816], [-69.11989681, -32.00166035], [-69.12146317, -32.00254393], [-69.12296057, -32.00295396], [-69.12403518, -32.00290724], [-69.12487267, -32.00287082], [-69.12569695, -32.00283498], [-69.12644548, -32.00190745], [-69.12720677, -32.00096412], [-69.1277774, -32.00025703], [-69.12781571, -32.00020957], [-69.12801235, -31.9999659], [-69.12843333, -31.99944425], [-69.12916826, -31.99944347], [-69.12947354, -31.99944314], [-69.13130349, -31.99944118], [-69.13318826, -31.99943916], [-69.13381675, -31.99943849], [-69.13511008, -31.9994371], [-69.1357742, -31.99943639], [-69.13622906, -31.99943591], [-69.13709754, -31.99943498], [-69.14433284, -31.99942723], [-69.14649935, -31.99942491], [-69.14714063, -31.99942422], [-69.14918737, -31.99942203], [-69.14931319, -31.9994219], [-69.15250388, -31.99941848], [-69.15513739, -31.99941566], [-69.15631285, -31.9994144], [-69.15641039, -31.9994143], [-69.16881364, -31.99940102], [-69.17065087, -31.99939905], [-69.17071425, -31.99939898], [-69.1770169, -31.99939224], [-69.18029675, -31.99938872], [-69.18399374, -31.99938477], [-69.18426722, -31.9994525], [-69.18843289, -32.00048429], [-69.19472791, -32.00204348], [-69.19704808, -32.00261816], [-69.19735636, -32.00269451], [-69.19830523, -32.00292954], [-69.21100114, -32.00939941], [-69.21139192, -32.00929994], [-69.21771381, -32.00769074], [-69.21778912, -32.00771822], [-69.21778916, -32.00771824], [-69.22374549, -32.00989182], [-69.22802995, -32.0111084], [-69.23358415, -32.01312256], [-69.238738, -32.01453339], [-69.24141321, -32.01526571], [-69.24321956, -32.01576018], [-69.24450945, -32.01611328], [-69.2482737, -32.0203134], [-69.25030779, -32.02258301], [-69.26101253, -32.03161387], [-69.26244063, -32.03316088], [-69.26261268, -32.03415875], [-69.26282002, -32.03536133], [-69.26282586, -32.03539517], [-69.26363036, -32.03887159], [-69.26505115, -32.0415299], [-69.26507526, -32.04157501], [-69.26510833, -32.04163688], [-69.26520035, -32.04180905], [-69.26520036, -32.04180908], [-69.26557295, -32.0444745], [-69.26599382, -32.04748535], [-69.26607981, -32.0477454], [-69.26653684, -32.04912747], [-69.26677698, -32.04985365], [-69.26696161, -32.05041197], [-69.2674375, -32.05291041], [-69.26739763, -32.05560303], [-69.2695782, -32.05723845], [-69.26984848, -32.05744117], [-69.27005789, -32.05759822], [-69.27103105, -32.05832809], [-69.27175812, -32.0588734], [-69.2741115, -32.06152344], [-69.27642824, -32.06884225], [-69.27642845, -32.0688429], [-69.27663174, -32.06948511], [-69.27679704, -32.07000732], [-69.27695043, -32.07011997], [-69.27761254, -32.07060621], [-69.28070189, -32.07287494], [-69.28383081, -32.07165971], [-69.28778337, -32.07080078], [-69.29109591, -32.07102162], [-69.29419199, -32.07122802], [-69.29829241, -32.07336021], [-69.2983601, -32.07339541], [-69.30027103, -32.07438909], [-69.30560564, -32.07910156], [-69.30564294, -32.07915129], [-69.30605871, -32.07970566], [-69.3075373, -32.08167711], [-69.30952529, -32.08432777], [-69.30971236, -32.0845772], [-69.3110988, -32.08642578], [-69.31113409, -32.08647906], [-69.31374991, -32.09042843], [-69.31420047, -32.0911087], [-69.3243344, -32.08833496], [-69.33171963, -32.08631357], [-69.34491228, -32.08270264], [-69.35010039, -32.07940668], [-69.35640948, -32.07652176], [-69.36288952, -32.07355866], [-69.36438249, -32.07287598], [-69.36505923, -32.07262784], [-69.3698632, -32.07086638], [-69.37170671, -32.07019043], [-69.37265754, -32.06962858], [-69.37360836, -32.06906673], [-69.37463339, -32.06846103], [-69.37476235, -32.06838482], [-69.37562479, -32.0678752], [-69.37629467, -32.06747936], [-69.37650285, -32.06735634], [-69.3770778, -32.0670166], [-69.37738011, -32.06646036], [-69.37796905, -32.06537672], [-69.37808251, -32.06516794], [-69.37815239, -32.06503936], [-69.37824037, -32.06487748], [-69.3782818, -32.06480125], [-69.37838513, -32.06461112], [-69.37860361, -32.06420912], [-69.37860363, -32.06420908], [-69.37860368, -32.06420907], [-69.37874908, -32.06420907], [-69.37874925, -32.06420907], [-69.37930116, -32.06420905], [-69.37990877, -32.06420903], [-69.38062219, -32.064209], [-69.38107771, -32.06420898], [-69.38110613, -32.06420898], [-69.38218701, -32.06403439], [-69.38313879, -32.06462925], [-69.38322177, -32.06478012], [-69.38338675, -32.06508008], [-69.38496036, -32.06716751], [-69.3865308, -32.0698563], [-69.38679254, -32.07026081], [-69.38659121, -32.07077727], [-69.38649304, -32.07102911], [-69.38624527, -32.07166469], [-69.3865308, -32.07240232], [-69.38715742, -32.07337834], [-69.38742182, -32.07379018], [-69.38837361, -32.07492042], [-69.38898165, -32.07663776], [-69.39040933, -32.07794647], [-69.39193218, -32.07797026], [-69.39326468, -32.07763714], [-69.39440682, -32.07773231], [-69.39654834, -32.07642361], [-69.39778565, -32.07568598], [-69.39890272, -32.07432556], [-69.3994381, -32.07337377], [-69.40044937, -32.07307634], [-69.40110372, -32.07283839], [-69.40187705, -32.07265993], [-69.4029478, -32.07254096], [-69.40348318, -32.07260045], [-69.40485137, -32.07265993], [-69.40548563, -32.07273922], [-69.40566858, -32.07276209], [-69.40627905, -32.07283839], [-69.40657648, -32.07295737], [-69.40699289, -32.07295737], [-69.40727548, -32.07282892], [-69.40764724, -32.07265993], [-69.4078257, -32.07200558], [-69.40806365, -32.07081585], [-69.40818262, -32.0705779], [-69.40923086, -32.0689759], [-69.41014567, -32.06831742], [-69.41056208, -32.06819844], [-69.41115694, -32.06778204], [-69.41163284, -32.06760358], [-69.41165451, -32.06759831], [-69.41383384, -32.0670682], [-69.41448819, -32.06659231], [-69.41573741, -32.06653282], [-69.41668919, -32.06694923], [-69.41728406, -32.06718717], [-69.42074582, -32.06798552], [-69.42077898, -32.06799316], [-69.4215111, -32.06805933], [-69.4237086, -32.06825793], [-69.42635623, -32.06970618], [-69.42636795, -32.06971465], [-69.42846752, -32.07123226], [-69.43001417, -32.07337377], [-69.43107917, -32.07417252], [-69.43147882, -32.07587634], [-69.431574, -32.07659017], [-69.43347757, -32.07697089], [-69.43654707, -32.07668535], [-69.4387147, -32.07638201], [-69.44075872, -32.07678053], [-69.44382823, -32.07739919], [-69.44618389, -32.07666156], [-69.44877802, -32.07554677], [-69.449748, -32.07540663], [-69.45226213, -32.07432556], [-69.45351135, -32.07450402], [-69.45476057, -32.07468248], [-69.457278, -32.07672119], [-69.45728461, -32.07672901], [-69.45987641, -32.07979832], [-69.46106614, -32.08193983], [-69.46296971, -32.08467621], [-69.46534917, -32.08741259], [-69.46655464, -32.08840534], [-69.46737171, -32.08907821], [-69.46826152, -32.0892477], [-69.46987014, -32.08955411], [-69.47129782, -32.09062486], [-69.47129782, -32.09144665], [-69.47129782, -32.09157958], [-69.47129782, -32.09217151], [-69.47129782, -32.09300432], [-69.47153577, -32.09419406], [-69.47213063, -32.09550276], [-69.47316698, -32.09731528], [-69.47326826, -32.0983778], [-69.47343934, -32.098834], [-69.47415317, -32.10002373], [-69.47498598, -32.10133244], [-69.47510145, -32.10175582], [-69.4753429, -32.10264114], [-69.47526091, -32.10447746], [-69.47557024, -32.10597652], [-69.47617572, -32.10716212], [-69.47629898, -32.10871734], [-69.47678348, -32.11114747], [-69.47759278, -32.11123513], [-69.47949635, -32.11083062], [-69.48113817, -32.11054508], [-69.48294891, -32.11071333], [-69.48431352, -32.11151656], [-69.48474177, -32.11180207], [-69.48700226, -32.1129918], [-69.48953275, -32.1133811], [-69.49009556, -32.11346769], [-69.49116632, -32.11370564], [-69.49151526, -32.11384521], [-69.49235605, -32.11418153], [-69.49473551, -32.11441947], [-69.49723394, -32.11418153], [-69.49949443, -32.11418153], [-69.50092211, -32.11358666], [-69.50189598, -32.11345681], [-69.50190061, -32.1134562], [-69.5019467, -32.11345005], [-69.5027067, -32.11334872], [-69.5030768, -32.11337719], [-69.50425335, -32.11346769], [-69.50464715, -32.11357509], [-69.50556206, -32.11382461], [-69.50603795, -32.11453845], [-69.50614631, -32.11675548], [-69.50602734, -32.11837351], [-69.50499761, -32.12046502], [-69.50473284, -32.12100281], [-69.50524211, -32.12275172], [-69.50603795, -32.12369937], [-69.5075846, -32.12536499], [-69.50851673, -32.12586213], [-69.5093692, -32.12631678], [-69.50985755, -32.12686618], [-69.51168095, -32.12913607], [-69.51230911, -32.13019943], [-69.51307054, -32.13110363], [-69.51475996, -32.13172229], [-69.51773428, -32.13245992], [-69.52069188, -32.13280224], [-69.52090958, -32.1328603], [-69.52200203, -32.13309439], [-69.52272543, -32.13359279], [-69.52332602, -32.13400657], [-69.52354017, -32.13441108], [-69.52413824, -32.13608568], [-69.52437298, -32.13674295], [-69.52519261, -32.13785716], [-69.52840488, -32.13976073], [-69.53114126, -32.14095046], [-69.53328278, -32.14142636], [-69.53431121, -32.14142636], [-69.5349484, -32.14142636], [-69.53538988, -32.1413591], [-69.53607993, -32.140907], [-69.53646053, -32.14051372], [-69.53679377, -32.14016937], [-69.53729379, -32.140049], [-69.53807868, -32.13986004], [-69.53879251, -32.13990763], [-69.54033916, -32.13990763], [-69.54193266, -32.1403108], [-69.54231412, -32.14040732], [-69.54355231, -32.14064697], [-69.54452702, -32.14083562], [-69.54534944, -32.14104601], [-69.54581167, -32.14116425], [-69.54657335, -32.1413591], [-69.54762031, -32.14133531], [-69.54848834, -32.14124851], [-69.54948954, -32.14114839], [-69.54976183, -32.14112116], [-69.54984851, -32.14111466], [-69.54991129, -32.14110995], [-69.55043636, -32.14107057], [-69.55193461, -32.1409582], [-69.55347127, -32.14086888], [-69.55418206, -32.14083714], [-69.55496016, -32.14080241], [-69.55529166, -32.14078727], [-69.55566791, -32.14075717], [-69.55647191, -32.14069285], [-69.55728533, -32.14047275], [-69.55849445, -32.14014558], [-69.55966039, -32.1395983], [-69.5604932, -32.13883687], [-69.56064658, -32.13833306], [-69.56088453, -32.13559668], [-69.56076773, -32.13448709], [-69.56070173, -32.13386014], [-69.56064658, -32.13333619], [-69.56069628, -32.13169599], [-69.56101668, -32.13138916], [-69.56127842, -32.13150813], [-69.56234918, -32.13224577], [-69.56370547, -32.13248371], [-69.56549007, -32.13241233], [-69.56767917, -32.13269786], [-69.56983552, -32.13292393], [-69.5706297, -32.13300719], [-69.57218696, -32.13333619], [-69.57492335, -32.13405003], [-69.57623205, -32.13583462], [-69.57896843, -32.13678641], [-69.58122892, -32.13654846], [-69.5839653, -32.13619154], [-69.58493026, -32.13614808], [-69.58581066, -32.13643362], [-69.58560879, -32.13736984], [-69.58591055, -32.13775208], [-69.58661968, -32.13767094], [-69.58716696, -32.13769473], [-69.58799977, -32.13752817], [-69.58885637, -32.13798027], [-69.58978436, -32.1387417], [-69.58983195, -32.13907482], [-69.59066476, -32.14000281], [-69.59253136, -32.14011765], [-69.5949002, -32.14055009], [-69.5962327, -32.140907], [-69.59694654, -32.14285816], [-69.5984456, -32.14483312], [-69.59930221, -32.14604664], [-69.59937359, -32.14733155], [-69.59937359, -32.14892579], [-69.59894529, -32.15009172], [-69.59865681, -32.15060625], [-69.59828183, -32.15127508], [-69.59820766, -32.1515194], [-69.5979935, -32.15235221], [-69.59919385, -32.15320469], [-69.6002646, -32.15391853], [-69.59931282, -32.15475134], [-69.59840048, -32.15538997], [-69.59812309, -32.15558415], [-69.59788514, -32.15617901], [-69.59752822, -32.15724977], [-69.59657644, -32.15879642], [-69.59610055, -32.16117588], [-69.5958626, -32.16236561], [-69.5958626, -32.16348809], [-69.59504297, -32.16570099], [-69.59501918, -32.16646242], [-69.59687046, -32.16870553], [-69.59746203, -32.16962575], [-69.59749788, -32.16968152], [-69.59776617, -32.17009886], [-69.59812309, -32.17188346], [-69.59824206, -32.17271627], [-69.60030158, -32.17512365], [-69.60191961, -32.17681307], [-69.60240612, -32.17783211], [-69.60311996, -32.1796167], [-69.60311996, -32.17997362], [-69.60323893, -32.18104438], [-69.6038338, -32.18175822], [-69.60466661, -32.18259103], [-69.60573736, -32.18389973], [-69.60609428, -32.18568433], [-69.60585634, -32.18675509], [-69.60657017, -32.18746893], [-69.6064512, -32.18961044], [-69.6064512, -32.19032428], [-69.60657017, -32.19091914], [-69.60657017, -32.19210887], [-69.60665824, -32.1937822], [-69.60774929, -32.19532528], [-69.60824898, -32.19727644], [-69.60906861, -32.20019904], [-69.60966347, -32.2012698], [-69.60984837, -32.20191693], [-69.60990142, -32.20210261], [-69.60977, -32.20235535], [-69.60835477, -32.20507694], [-69.60621326, -32.20614769], [-69.6051425, -32.20721845], [-69.60364286, -32.20841817], [-69.6033579, -32.20864613], [-69.6031846, -32.20968597], [-69.60339488, -32.21062521], [-69.6041801, -32.21117249], [-69.60539363, -32.21188633], [-69.60629782, -32.21279052], [-69.60827278, -32.21393266], [-69.61089018, -32.21497963], [-69.61374554, -32.21645489], [-69.61491147, -32.22016685], [-69.61553013, -32.22159453], [-69.61579187, -32.22337912], [-69.61572049, -32.22473542], [-69.61569669, -32.22566341], [-69.61549315, -32.22637311], [-69.6156729, -32.22825702], [-69.61702304, -32.23010442], [-69.61739672, -32.23113203], [-69.61763018, -32.23183239], [-69.61763467, -32.23184587], [-69.61763467, -32.23195525], [-69.61763467, -32.23212675], [-69.61763467, -32.23315458], [-69.61763467, -32.23374944], [-69.61787262, -32.23600993], [-69.61801958, -32.23641408], [-69.61805436, -32.23650971], [-69.61859964, -32.23701343], [-69.62005111, -32.23756071], [-69.62298846, -32.23850836], [-69.62560586, -32.23910323], [-69.62721785, -32.24139881], [-69.6284744, -32.24398526], [-69.6289027, -32.24477048], [-69.62916444, -32.24503222], [-69.62928342, -32.24631713], [-69.62917505, -32.24695545], [-69.62949757, -32.24841105], [-69.63060273, -32.24909696], [-69.63112461, -32.25109749], [-69.63187703, -32.2535031], [-69.6315677, -32.25504975], [-69.63095965, -32.25654881], [-69.63095965, -32.25825789], [-69.63095965, -32.25928294], [-69.63095965, -32.25933419], [-69.63095965, -32.26004248], [-69.63030658, -32.26159327], [-69.63030658, -32.26209295], [-69.63078248, -32.26273541], [-69.63278122, -32.2636634], [-69.63323332, -32.26368719], [-69.63485135, -32.26330648], [-69.63573176, -32.26299715], [-69.63750317, -32.26277886], [-69.63767229, -32.26288294], [-69.63838017, -32.26331856], [-69.63932474, -32.26430585], [-69.64010996, -32.26575732], [-69.64103795, -32.26647116], [-69.64277496, -32.26758951], [-69.64393284, -32.26788775], [-69.6443454, -32.26799402], [-69.64526473, -32.26867923], [-69.64553521, -32.26888082], [-69.64652023, -32.26914568], [-69.64725786, -32.26943121], [-69.64823344, -32.26964536], [-69.6499325, -32.2690876], [-69.65082815, -32.26896546], [-69.65125536, -32.26914568], [-69.65204058, -32.26952639], [-69.65261165, -32.27043058], [-69.65296857, -32.2712634], [-69.65346826, -32.27200103], [-69.65423536, -32.27287007], [-69.65491973, -32.27404737], [-69.65587151, -32.27495156], [-69.65734678, -32.27645062], [-69.65827477, -32.27725964], [-69.65939349, -32.27806491], [-69.65963216, -32.27872125], [-69.65968903, -32.27875601], [-69.65974178, -32.27878825], [-69.66177367, -32.28002996], [-69.66284443, -32.28240942], [-69.66403416, -32.28348017], [-69.66424415, -32.28393949], [-69.66512288, -32.28586157], [-69.66626896, -32.28616143], [-69.66665157, -32.28657347], [-69.6673654, -32.28704937], [-69.67129151, -32.28835807], [-69.6722433, -32.28883396], [-69.67343303, -32.28907191], [-69.6744282, -32.28984593], [-69.67450379, -32.28990472], [-69.67474173, -32.2908565], [-69.67545557, -32.29276007], [-69.67652633, -32.29466364], [-69.67676427, -32.29609132], [-69.67724017, -32.29668618], [-69.67807298, -32.29811386], [-69.67831092, -32.2988277], [-69.67859148, -32.29968262], [-69.67978204, -32.30297573], [-69.68039579, -32.30429765], [-69.68176492, -32.30507664], [-69.68381911, -32.30564586], [-69.68523497, -32.30611529], [-69.6870054, -32.30684707], [-69.6882565, -32.3074136], [-69.68877016, -32.30790858], [-69.68955482, -32.30866471], [-69.69241111, -32.30925485], [-69.69370943, -32.30960894], [-69.69577233, -32.30955983], [-69.69627585, -32.30965425], [-69.70079683, -32.30965425], [-69.70460397, -32.30989219], [-69.70650754, -32.30989219], [-69.70912494, -32.30989219], [-69.71102851, -32.31084398], [-69.71245619, -32.31179576], [-69.71412181, -32.3125096], [-69.71816689, -32.31274755], [-69.72149814, -32.31417522], [-69.7238776, -32.31655468], [-69.72459144, -32.31798236], [-69.72554322, -32.32059977], [-69.7257188, -32.32254488], [-69.72593125, -32.32448055], [-69.72636874, -32.32634639], [-69.72649501, -32.32654842], [-69.72768474, -32.32916582], [-69.72887447, -32.33083145], [-69.72935036, -32.33344885], [-69.72982625, -32.33582832], [-69.73054009, -32.33963545], [-69.73077804, -32.34153902], [-69.73054009, -32.34391848], [-69.73029831, -32.34560768], [-69.72963735, -32.34751974], [-69.72923605, -32.34879445], [-69.72852788, -32.351037], [-69.7273778, -32.35259157], [-69.72720885, -32.35343633], [-69.72698161, -32.35468611], [-69.72673295, -32.35605373], [-69.72673295, -32.35860364], [-69.72722957, -32.36222612], [-69.72767808, -32.36496438], [-69.72829182, -32.36661678], [-69.72857509, -32.36772625], [-69.73032192, -32.3695675], [-69.73112451, -32.37112548], [-69.7310537, -32.37225855], [-69.73089608, -32.37436999], [-69.73101598, -32.37508942], [-69.73149188, -32.3765171], [-69.7331575, -32.3791345], [-69.7331575, -32.38341754], [-69.7331575, -32.38484521], [-69.73339545, -32.38793851], [-69.7331575, -32.39055592], [-69.7306524, -32.39218179], [-69.72958831, -32.39388716], [-69.72792268, -32.39555279], [-69.72651671, -32.39597458], [-69.72314577, -32.39602952], [-69.72102126, -32.39584068], [-69.71981737, -32.39621837], [-69.71868429, -32.39685573], [-69.71672502, -32.39822486], [-69.7149084, -32.40057004], [-69.71417054, -32.40124083], [-69.7112957, -32.40259192], [-69.70912494, -32.40316706], [-69.70724439, -32.40334616], [-69.70612604, -32.40280437], [-69.70518181, -32.4029224], [-69.70419037, -32.40320567], [-69.70317629, -32.40459474], [-69.70151067, -32.40602241], [-69.70015379, -32.40771436], [-69.69961086, -32.40795042], [-69.69899711, -32.40844614], [-69.69831254, -32.40934316], [-69.69746274, -32.40967364], [-69.69727389, -32.41024018], [-69.69666014, -32.41083032], [-69.69628245, -32.41139686], [-69.69642409, -32.41186897], [-69.69655081, -32.41320878], [-69.69508612, -32.41702742], [-69.69211044, -32.42010229], [-69.69151693, -32.42071559], [-69.69137663, -32.42097055], [-69.6906264, -32.42233396], [-69.69036571, -32.4228077], [-69.69026821, -32.42298489], [-69.68921159, -32.43017578], [-69.68903236, -32.43663432], [-69.6890185, -32.43713387], [-69.6895053, -32.4380727], [-69.69068412, -32.44034614], [-69.69413434, -32.44284457], [-69.69619854, -32.4431542], [-69.69832375, -32.44347299], [-69.69889326, -32.44355841], [-69.6993748, -32.44401998], [-69.69951644, -32.44427964], [-69.69949283, -32.44529469], [-69.69876105, -32.44626252], [-69.69776961, -32.44774969], [-69.69680178, -32.44954372], [-69.69635327, -32.45077122], [-69.69607, -32.45157381], [-69.69571591, -32.45270689], [-69.69555067, -32.45386357], [-69.69562149, -32.45502025], [-69.69576312, -32.45553958], [-69.69573952, -32.45655462], [-69.69557428, -32.45681429], [-69.69531462, -32.4572628], [-69.69555067, -32.45818342], [-69.69585755, -32.45863193], [-69.69615688, -32.45985772], [-69.69652055, -32.46097144], [-69.69710867, -32.46277256], [-69.69615688, -32.46586586], [-69.69972607, -32.46943505], [-69.7009158, -32.47276629], [-69.70229995, -32.47484251], [-69.7022311, -32.47654868], [-69.70194783, -32.47801224], [-69.70227831, -32.4786968], [-69.70286845, -32.48001872], [-69.7037375, -32.48090391], [-69.70454852, -32.48262733], [-69.70456941, -32.48367791], [-69.70389013, -32.48668614], [-69.70412808, -32.49013636], [-69.70423339, -32.49255857], [-69.70424705, -32.49287274], [-69.70496089, -32.49644193], [-69.7055595, -32.49746336], [-69.7059372, -32.49746336], [-69.7067634, -32.49710927], [-69.70855743, -32.49675519], [-69.71011541, -32.49670798], [-69.71174421, -32.496826], [-69.71415199, -32.49708567], [-69.71467132, -32.49689682], [-69.71552112, -32.49689682], [-69.71632372, -32.49739254], [-69.7166542, -32.49755778], [-69.71778727, -32.49777023], [-69.71991179, -32.49746336], [-69.72146977, -32.49755778], [-69.72347626, -32.4976286], [-69.72432606, -32.49772302], [-69.72548003, -32.49754058], [-69.72593608, -32.49746847], [-69.7269368, -32.49814435], [-69.72770168, -32.49864365], [-69.72840985, -32.49923379], [-69.72928327, -32.49956427], [-69.73091206, -32.49998917], [-69.73162023, -32.50029605], [-69.73254086, -32.50079177], [-69.73324903, -32.50124028], [-69.73433489, -32.50166518], [-69.73494268, -32.5016583], [-69.73520758, -32.50184735], [-69.73617614, -32.50253859], [-69.73721479, -32.50343561], [-69.7380646, -32.50440345], [-69.73856032, -32.50475753], [-69.73863114, -32.50577258], [-69.73863114, -32.50615027], [-69.73874771, -32.50744503], [-69.73924488, -32.508322], [-69.74000027, -32.50903017], [-69.7401183, -32.50921901], [-69.74068483, -32.50973834], [-69.74252608, -32.51016324], [-69.74363555, -32.51042291], [-69.74528795, -32.51042291], [-69.74594891, -32.51035209], [-69.74779016, -32.51030488], [-69.74856915, -32.51023406], [-69.75057564, -32.50995079], [-69.75262934, -32.50950228], [-69.75430534, -32.50959671], [-69.75491909, -32.51004522], [-69.75572169, -32.51091863], [-69.75609938, -32.51141435], [-69.75718524, -32.51174483], [-69.75886125, -32.51238218], [-69.76013596, -32.51330281], [-69.76096216, -32.51401098], [-69.76223687, -32.51540372], [-69.76348797, -32.51630073], [-69.76419614, -32.516584], [-69.76480989, -32.5169853], [-69.76556528, -32.51757544], [-69.76674724, -32.51853064], [-69.7681447, -32.52132555], [-69.76882287, -32.52628596], [-69.76920633, -32.52904055], [-69.76923438, -32.52907661], [-69.77041267, -32.53059155], [-69.77153753, -32.53268311], [-69.77274142, -32.53355653], [-69.77503118, -32.53440633], [-69.77614526, -32.53445697], [-69.77710848, -32.53450075], [-69.77831237, -32.53561022], [-69.77817365, -32.53588767], [-69.77798189, -32.53627118], [-69.77850122, -32.53745147], [-69.77887891, -32.5391983], [-69.77909136, -32.54054382], [-69.77869006, -32.54146445], [-69.77864285, -32.54200738], [-69.77876088, -32.54240868], [-69.78079097, -32.54276276], [-69.78331679, -32.54273916], [-69.78444986, -32.54297521], [-69.78655077, -32.54436795], [-69.78777827, -32.54528857], [-69.78890176, -32.54538233], [-69.78999721, -32.54590232], [-69.79193288, -32.5466105], [-69.79322723, -32.54710319], [-69.79397794, -32.54676954], [-69.7958563, -32.54593472], [-69.79764089, -32.5455778], [-69.79905938, -32.54573541], [-69.79984204, -32.54580829], [-69.80262628, -32.54606756], [-69.80496325, -32.54545381], [-69.80597829, -32.54498293], [-69.80696973, -32.54436795], [-69.80899983, -32.54413189], [-69.81112434, -32.54436795], [-69.81246987, -32.54517055], [-69.81395222, -32.54586206], [-69.8152489, -32.54581575], [-69.81593131, -32.54548819], [-69.81707384, -32.54493977], [-69.81723954, -32.54486024], [-69.81731997, -32.54482163], [-69.81822323, -32.54438807], [-69.81976988, -32.54403115], [-69.8208975, -32.54403115], [-69.82095011, -32.54403115], [-69.82155447, -32.54403115], [-69.82238729, -32.54438807], [-69.82333907, -32.54510191], [-69.82488207, -32.54602771], [-69.82592305, -32.54748803], [-69.8278136, -32.54941958], [-69.82857388, -32.5504557], [-69.82917378, -32.55120557], [-69.82952567, -32.55164542], [-69.83023951, -32.55390591], [-69.83057104, -32.55496683], [-69.8307154, -32.5561664], [-69.83035848, -32.55842689], [-69.83000156, -32.55937867], [-69.82919643, -32.56058636], [-69.8289367, -32.56085661], [-69.82738415, -32.56247197], [-69.82738415, -32.56270992], [-69.82821696, -32.56354273], [-69.83100037, -32.56589638], [-69.83239311, -32.56738354], [-69.8331721, -32.56780844], [-69.83537556, -32.56800669], [-69.83809173, -32.56865857], [-69.84011427, -32.56901549], [-69.8426127, -32.56961035], [-69.84356449, -32.56996728], [-69.84384565, -32.57001262], [-69.84686344, -32.57049936], [-69.84900612, -32.56958799], [-69.84939417, -32.56937241], [-69.85070287, -32.56818268], [-69.85161411, -32.56727144], [-69.85300091, -32.56660455], [-69.85422841, -32.56573114], [-69.85592802, -32.5647397], [-69.85722634, -32.56422037], [-69.85809975, -32.56344138], [-69.8583361, -32.56281942], [-69.85854826, -32.5622611], [-69.86029508, -32.56148211], [-69.8611921, -32.56131687], [-69.8628055, -32.56120505], [-69.86357628, -32.56115163], [-69.86545553, -32.56152019], [-69.86783499, -32.56247197], [-69.86985541, -32.5631109], [-69.87153141, -32.56299287], [-69.87370314, -32.56259095], [-69.87750366, -32.56296927], [-69.87896722, -32.562686], [-69.88120976, -32.56275682], [-69.88378279, -32.56275682], [-69.88560043, -32.56181259], [-69.88705709, -32.56033169], [-69.88867103, -32.56001537], [-69.89127225, -32.56018163], [-69.89228085, -32.56096278], [-69.8932959, -32.56200143], [-69.8945234, -32.56256797], [-69.8965771, -32.56296927], [-69.89832392, -32.56282763], [-69.89950421, -32.56254437], [-69.9007081, -32.56197783], [-69.90150436, -32.5610443], [-69.90221942, -32.55997171], [-69.90311588, -32.55926317], [-69.90365882, -32.55864942], [-69.90400018, -32.55689805], [-69.90400891, -32.55685328], [-69.90420175, -32.55586394], [-69.90429617, -32.55482529], [-69.90502795, -32.55395188], [-69.90627256, -32.55382347], [-69.90800227, -32.553645], [-69.90897677, -32.55329419], [-69.9097727, -32.55300765], [-69.91083496, -32.55227587], [-69.91232212, -32.55182736], [-69.91343159, -32.55135525], [-69.91498957, -32.55081232], [-69.91633509, -32.55069429], [-69.91704327, -32.55036381], [-69.91792264, -32.54902802], [-69.91875545, -32.54783829], [-69.91935835, -32.54760641], [-69.92096182, -32.54734227], [-69.92176441, -32.5462328], [-69.92298027, -32.54481586], [-69.92417652, -32.54420404], [-69.9258482, -32.5433529], [-69.92717013, -32.54276276], [-69.92837402, -32.54243228], [-69.93016805, -32.54181853], [-69.93130113, -32.54231425], [-69.93316598, -32.54304603], [-69.93503083, -32.54337651], [-69.93703732, -32.54380141], [-69.93977559, -32.54408468], [-69.94171126, -32.5437932], [-69.9420509, -32.5437294], [-69.9435525, -32.54344733], [-69.94459116, -32.54318766], [-69.94597259, -32.54155249], [-69.94704638, -32.54092008], [-69.94716418, -32.5408507], [-69.94772101, -32.54084527], [-69.94784907, -32.54085319], [-69.9484084, -32.54088777], [-69.94933591, -32.54094512], [-69.9505162, -32.54160608], [-69.95162567, -32.54269194], [-69.95205707, -32.54334735], [-69.95285316, -32.5445568], [-69.95373059, -32.5444159], [-69.95495028, -32.54422003], [-69.95507116, -32.54420062], [-69.95608715, -32.54403747], [-69.95717732, -32.54450704], [-69.95836625, -32.54501915], [-69.9591795, -32.54609117], [-69.96017094, -32.54649247], [-69.96149286, -32.5466341], [-69.96399507, -32.54672852], [-69.96432555, -32.5462092], [-69.96480012, -32.54557675], [-69.96500867, -32.54547248], [-69.96598775, -32.54498293], [-69.96717748, -32.54403115], [-69.96860516, -32.54319834], [-69.97072745, -32.54114491], [-69.97133645, -32.53967041], [-69.97244592, -32.53948156], [-69.97407472, -32.53884421], [-69.97586875, -32.53801801], [-69.97726149, -32.5367433], [-69.97846538, -32.53577546], [-69.97860702, -32.5354922], [-69.97872505, -32.53502008], [-69.97961606, -32.53402564], [-69.97969288, -32.53277754], [-69.97983452, -32.53249427], [-69.98070793, -32.53214018], [-69.98252501, -32.53153898], [-69.9843096, -32.53106309], [-69.98561831, -32.53106309], [-69.98696005, -32.53115254], [-69.98816734, -32.53093629], [-69.98915804, -32.53106769], [-69.99002031, -32.53118206], [-69.99201174, -32.53120652], [-69.99406877, -32.53107792], [-69.99699588, -32.53077105], [-69.99983514, -32.53023126], [-70.00083366, -32.53005633], [-70.00134236, -32.52978684], [-70.0017966, -32.52951735], [-70.00275043, -32.52892157], [-70.00355828, -32.52909504], [-70.00403039, -32.52942552], [-70.00478578, -32.53053499], [-70.00535231, -32.53121956], [-70.00606049, -32.5317861], [-70.00643964, -32.53187098], [-70.00764207, -32.53214018], [-70.00804337, -32.53270672], [-70.00832664, -32.53348571], [-70.0085863, -32.53414667], [-70.00929447, -32.53516172], [-70.00895374, -32.53641622], [-70.00842106, -32.53832488], [-70.01049836, -32.54052022], [-70.01257567, -32.54160608], [-70.01383916, -32.54200892], [-70.01417184, -32.54224655], [-70.01445576, -32.54246738], [-70.01478552, -32.54272386], [-70.01611653, -32.54365978], [-70.01677749, -32.54432074], [-70.01698994, -32.54479285], [-70.01698577, -32.54515963], [-70.01698029, -32.54564166], [-70.01696633, -32.54687016], [-70.01675388, -32.54774357], [-70.01741484, -32.54923073], [-70.01772172, -32.54953761], [-70.0188336, -32.55043275], [-70.01940665, -32.55116953], [-70.01962441, -32.55166727], [-70.01963495, -32.55169136], [-70.02023946, -32.5530731], [-70.0209533, -32.55426283], [-70.02119762, -32.55464289], [-70.02202406, -32.55592846], [-70.02309482, -32.55771305], [-70.02447296, -32.55843697], [-70.02544079, -32.55886187], [-70.02621978, -32.55893269], [-70.02645584, -32.55987692], [-70.02603094, -32.56072672], [-70.0258106, -32.56098594], [-70.02522834, -32.56167095], [-70.02503949, -32.56221389], [-70.02442575, -32.56285124], [-70.0242369, -32.56334696], [-70.02522834, -32.56429119], [-70.02595017, -32.56502746], [-70.02640863, -32.56549508], [-70.02659747, -32.56787926], [-70.0267155, -32.56830416], [-70.02749449, -32.56851662], [-70.02730565, -32.56953166], [-70.02645584, -32.57064113], [-70.02617257, -32.57118406], [-70.0258312, -32.57210879], [-70.02571222, -32.57341749], [-70.02547428, -32.57413133], [-70.02547428, -32.57484517], [-70.02534488, -32.57521179], [-70.02498866, -32.57727343], [-70.02545904, -32.57810966], [-70.0258312, -32.57877128], [-70.02719928, -32.5791133], [-70.02725887, -32.5791282], [-70.02809169, -32.57936615], [-70.03047115, -32.57984204], [-70.03249369, -32.58019896], [-70.03285206, -32.58032927], [-70.03380239, -32.58067485], [-70.03382601, -32.58067928], [-70.03570596, -32.58103177], [-70.03677672, -32.58174561], [-70.03903721, -32.58269739], [-70.03939446, -32.58291175], [-70.04022694, -32.58341123], [-70.04063499, -32.5838873], [-70.04116989, -32.58451135], [-70.04135106, -32.58525308], [-70.04187038, -32.5861737], [-70.04188776, -32.58620516], [-70.0423661, -32.58707072], [-70.04198841, -32.58813298], [-70.04177359, -32.58840434], [-70.0415399, -32.58869952], [-70.04056915, -32.59001876], [-70.04040683, -32.59032831], [-70.04035962, -32.59131975], [-70.04057207, -32.59271249], [-70.04125663, -32.59372754], [-70.04168925, -32.59413185], [-70.04177359, -32.59435675], [-70.04248742, -32.59483264], [-70.04320126, -32.59542751], [-70.04397129, -32.59658383], [-70.04423096, -32.5976933], [-70.04423096, -32.59887359], [-70.04413653, -32.59920407], [-70.04385561, -32.5997234], [-70.04385561, -32.60024592], [-70.04385561, -32.60113821], [-70.04409356, -32.60209], [-70.04439099, -32.60280384], [-70.04552124, -32.60452895], [-70.0456997, -32.6051833], [-70.04671097, -32.60589714], [-70.04680472, -32.60593464], [-70.0479007, -32.60637303], [-70.04861454, -32.60714635], [-70.0492656, -32.60776124], [-70.04968529, -32.60815762], [-70.05039913, -32.60863351], [-70.05129143, -32.60946633], [-70.05200527, -32.61023965], [-70.05248116, -32.61113195], [-70.05281747, -32.61180457], [-70.05398012, -32.61275376], [-70.05518402, -32.61346193], [-70.05652683, -32.61422544], [-70.05741854, -32.61452268], [-70.05872725, -32.61535549], [-70.059798, -32.61648574], [-70.06063081, -32.61731855], [-70.06164208, -32.61898417], [-70.06181723, -32.6199063], [-70.0621334, -32.62124279], [-70.06224213, -32.62188918], [-70.06253141, -32.62255815], [-70.06261982, -32.62276259], [-70.06276601, -32.62314267], [-70.06289376, -32.62348525], [-70.06304472, -32.62391927], [-70.06348617, -32.6241595], [-70.06396206, -32.62451642], [-70.06431263, -32.62480856], [-70.0646759, -32.62511128], [-70.06544922, -32.62552769], [-70.06616306, -32.62582512], [-70.06663895, -32.62588461], [-70.06759074, -32.62594409], [-70.06830458, -32.62606307], [-70.06967277, -32.62600358], [-70.070105, -32.62605161], [-70.0712789, -32.62618204], [-70.0721712, -32.6263605], [-70.0734799, -32.62624153], [-70.07508604, -32.62594409], [-70.07574039, -32.62564666], [-70.07698961, -32.62451642], [-70.07770345, -32.62392155], [-70.07823882, -32.62374309], [-70.07930958, -32.62302925], [-70.08008806, -32.62236129], [-70.0810559, -32.6223849], [-70.08162956, -32.62255336], [-70.08216494, -32.62267233], [-70.08335467, -32.62279131], [-70.08346617, -32.6228006], [-70.08478234, -32.62291028], [-70.08549618, -32.62302925], [-70.08644797, -32.62302925], [-70.08757821, -32.62302925], [-70.08830542, -32.62279787], [-70.08832088, -32.62279295], [-70.08888691, -32.62261285], [-70.0893628, -32.62249388], [-70.08960075, -32.62243439], [-70.08961617, -32.62241787], [-70.09043356, -32.62154209], [-70.09073099, -32.62088774], [-70.09108791, -32.62005493], [-70.09123711, -32.61948479], [-70.0913112, -32.61920166], [-70.09130229, -32.61872033], [-70.09129337, -32.618239], [-70.09124813, -32.61579709], [-70.09120689, -32.6135709], [-70.09068294, -32.61137983], [-70.09055254, -32.61083452], [-70.09041141, -32.6098], [-70.09059262, -32.60949617], [-70.09068704, -32.60916569], [-70.09101649, -32.60869349], [-70.09119549, -32.60645601], [-70.09120689, -32.60631354], [-70.09137084, -32.60496091], [-70.09163127, -32.60314623], [-70.09156045, -32.60269772], [-70.09126637, -32.60220897], [-70.0917729, -32.6013994], [-70.09222141, -32.6009981], [-70.09400275, -32.60006746], [-70.09497976, -32.5993739], [-70.09542905, -32.59905496], [-70.09781125, -32.59764762], [-70.0982263, -32.59685518], [-70.0984842, -32.59571043], [-70.09851335, -32.59558105], [-70.09888065, -32.59340497], [-70.10054627, -32.59245318], [-70.101736, -32.59090653], [-70.10363957, -32.59031167], [-70.1049118, -32.59068273], [-70.10649492, -32.59114448], [-70.10696892, -32.59123928], [-70.10768465, -32.59138242], [-70.10936938, -32.59082085], [-70.10946925, -32.59078756], [-70.11010282, -32.59044965], [-70.111915, -32.58927633], [-70.11297002, -32.58715309], [-70.11416929, -32.58500146], [-70.11462194, -32.58418935], [-70.11690547, -32.58258602], [-70.11805826, -32.58118632], [-70.11821096, -32.58100091], [-70.11841024, -32.58075895], [-70.11874248, -32.58035555], [-70.11970103, -32.57801403], [-70.12129603, -32.57722023], [-70.12275205, -32.57687764], [-70.12279423, -32.57686771], [-70.12382088, -32.57648789], [-70.12421892, -32.57634063], [-70.12429529, -32.57631238], [-70.1243294, -32.57629976], [-70.12443882, -32.57625928], [-70.12470047, -32.57616248], [-70.12496968, -32.57606288], [-70.12500766, -32.57600401], [-70.1251704, -32.57575176], [-70.12605165, -32.57438583], [-70.12615486, -32.57422585], [-70.12615658, -32.57422318], [-70.12615941, -32.5742188], [-70.12620141, -32.5741537], [-70.12616541, -32.57402172], [-70.12619888, -32.57348634], [-70.12635594, -32.57314805], [-70.12663387, -32.57254943], [-70.12658368, -32.57226501], [-70.12653349, -32.57198059], [-70.12648272, -32.57158713], [-70.12639964, -32.57094329], [-70.12634945, -32.57069233], [-70.12629926, -32.57044137], [-70.12623234, -32.56973869], [-70.1264331, -32.56893562], [-70.12696848, -32.56793179], [-70.12730309, -32.5670618], [-70.12743694, -32.56612488], [-70.12787193, -32.56538874], [-70.12798823, -32.56515614], [-70.12820655, -32.56471951], [-70.12813962, -32.56314684], [-70.12803924, -32.56241069], [-70.12777155, -32.5615407], [-70.12770463, -32.56135667], [-70.12763771, -32.56117263], [-70.12753732, -32.56040302], [-70.12713579, -32.55980072], [-70.12586346, -32.55852965], [-70.12580059, -32.5584176], [-70.12573772, -32.55830556], [-70.12557003, -32.55823472], [-70.12539581, -32.55816112], [-70.12524523, -32.55797709], [-70.12509466, -32.55779305], [-70.12512812, -32.55705691], [-70.12542927, -32.55658845], [-70.12586426, -32.5562873], [-70.1258994, -32.55626271], [-70.12590418, -32.55625936], [-70.12611531, -32.55611157], [-70.12619888, -32.55605307], [-70.12653349, -32.55605307], [-70.12676772, -32.55545077], [-70.12703541, -32.55484847], [-70.12753732, -32.55411232], [-70.1276879, -32.55387809], [-70.12783847, -32.55364387], [-70.12793886, -32.55270695], [-70.12780501, -32.55183696], [-70.12770463, -32.55116774], [-70.12737002, -32.55053198], [-70.12696848, -32.54996314], [-70.12696848, -32.54912661], [-70.12670079, -32.54885892], [-70.12636618, -32.54862469], [-70.12575251, -32.54856085], [-70.12557101, -32.54854197], [-70.12540642, -32.54845968], [-70.12524184, -32.54837738], [-70.1249182, -32.54809999], [-70.12488932, -32.54792734], [-70.12486043, -32.5477547], [-70.12486043, -32.54705202], [-70.12479351, -32.54658356], [-70.12465966, -32.54641625], [-70.12452582, -32.54624895], [-70.12445495, -32.54618596], [-70.12422467, -32.54598126], [-70.12412428, -32.54581395], [-70.1240239, -32.54564665], [-70.12350858, -32.54468042], [-70.12349855, -32.54466161], [-70.12348852, -32.54464281], [-70.12332122, -32.54407397], [-70.12343445, -32.54379089], [-70.12348337, -32.54366859], [-70.1235889, -32.54340475], [-70.12362237, -32.54276899], [-70.12368929, -32.5420663], [-70.12375621, -32.54166477], [-70.12385659, -32.54143054], [-70.12407097, -32.54109366], [-70.12409082, -32.54106247], [-70.12419121, -32.54082824], [-70.12429159, -32.54059401], [-70.1240239, -32.54012555], [-70.12389005, -32.54000844], [-70.12375621, -32.53989133], [-70.12338814, -32.53928902], [-70.12365583, -32.53825173], [-70.12368929, -32.53744866], [-70.12345506, -32.53661213], [-70.12335953, -32.53641284], [-70.12326401, -32.53621356], [-70.12325429, -32.53557483], [-70.12338814, -32.5351733], [-70.12348705, -32.53506121], [-70.12389006, -32.53460446], [-70.12400717, -32.53447062], [-70.12412428, -32.53433677], [-70.1246262, -32.53356716], [-70.12519, -32.53263569], [-70.12520903, -32.53260956], [-70.12522805, -32.53258342], [-70.12589961, -32.53133007], [-70.12664892, -32.53017729], [-70.12682543, -32.53003186], [-70.12700194, -32.52988644], [-70.12737002, -32.5293176], [-70.12787193, -32.52868183], [-70.12789487, -32.52863596], [-70.12791781, -32.52859009], [-70.12820655, -32.52801261], [-70.128675, -32.52730993], [-70.12931076, -32.52643994], [-70.12945576, -32.52626272], [-70.12961192, -32.52607186], [-70.12967317, -32.52598705], [-70.13004691, -32.52546956], [-70.13004691, -32.52520008], [-70.13004691, -32.52502739], [-70.13004691, -32.5248338], [-70.1298796, -32.52389689], [-70.13011216, -32.52317015], [-70.13012973, -32.52311525], [-70.13014729, -32.52306036], [-70.13028114, -32.52239113], [-70.13021422, -32.52152114], [-70.13001345, -32.52071808], [-70.13005799, -32.52059188], [-70.13012497, -32.52040211], [-70.13021422, -32.52014924], [-70.13034119, -32.51978053], [-70.13049548, -32.51933248], [-70.13182114, -32.51783239], [-70.13385172, -32.51553463], [-70.13439686, -32.51546467], [-70.13454744, -32.51534756], [-70.13469801, -32.51523044], [-70.13476494, -32.51436045], [-70.13463109, -32.51352392], [-70.13416263, -32.51265393], [-70.1340922, -32.51255708], [-70.13404993, -32.51249896], [-70.13389495, -32.51228586], [-70.13369418, -32.5118174], [-70.13366072, -32.51124856], [-70.13367954, -32.5111921], [-70.1337116, -32.5110959], [-70.13379456, -32.51084703], [-70.13402879, -32.51031165], [-70.13428083, -32.51016463], [-70.13439948, -32.51009542], [-70.13443032, -32.51007742], [-70.13466455, -32.50991012], [-70.13486532, -32.50947512], [-70.13543416, -32.5088059], [-70.13620377, -32.50786899], [-70.13637107, -32.506999], [-70.13627069, -32.50592824], [-70.13680607, -32.50465671], [-70.13710722, -32.50365288], [-70.13747529, -32.50284981], [-70.13797721, -32.50238135], [-70.13847913, -32.50197982], [-70.13904797, -32.50154482], [-70.13948296, -32.50117675], [-70.13982126, -32.50094117], [-70.13991475, -32.50032369], [-70.14017724, -32.50009889], [-70.1401804, -32.50009618], [-70.14018355, -32.50009132], [-70.14018669, -32.50008645], [-70.14054847, -32.49952734], [-70.14101693, -32.4989585], [-70.14107939, -32.49890229], [-70.14114928, -32.49883938], [-70.14135154, -32.49865735], [-70.14125116, -32.49818889], [-70.14103284, -32.49803134], [-70.14094742, -32.49796969], [-70.14087083, -32.49778588], [-70.1405876, -32.4976038], [-70.1401804, -32.49688391], [-70.13967848, -32.49614776], [-70.13900926, -32.49541162], [-70.13803888, -32.4944747], [-70.13790632, -32.49437227], [-70.13777376, -32.49426983], [-70.13730274, -32.49390586], [-70.13718562, -32.49382221], [-70.13706851, -32.49373856], [-70.13686774, -32.49320318], [-70.13673034, -32.49269426], [-70.13662838, -32.49260686], [-70.13652643, -32.49251947], [-70.13579699, -32.49219934], [-70.13522815, -32.49183127], [-70.13519468, -32.49154685], [-70.13516122, -32.49126243], [-70.13546237, -32.49049282], [-70.13575752, -32.48969641], [-70.13582012, -32.48943821], [-70.13588271, -32.48918001], [-70.13588923, -32.48913109], [-70.1359439, -32.48872112], [-70.13600428, -32.48861987], [-70.13606467, -32.48851861], [-70.13611699, -32.48829189], [-70.13620976, -32.48788992], [-70.13626544, -32.48764862], [-70.13636583, -32.48734747], [-70.13649979, -32.48729389], [-70.13670044, -32.48721363], [-70.13726928, -32.48707978], [-70.13756638, -32.48707978], [-70.13772156, -32.48707978], [-70.13800542, -32.48707978], [-70.13894234, -32.48694594], [-70.13971194, -32.48657787], [-70.13987925, -32.48646075], [-70.14004655, -32.48634364], [-70.14028664, -32.48590711], [-70.14041463, -32.48567442], [-70.14053174, -32.48557403], [-70.14064886, -32.48547365], [-70.14090629, -32.4849512], [-70.14134411, -32.48403748], [-70.14172482, -32.48310474], [-70.14218585, -32.48204357], [-70.142201, -32.48185159], [-70.14230332, -32.48170619], [-70.14240564, -32.48156079], [-70.14339468, -32.4809227], [-70.14363428, -32.48092284], [-70.14398945, -32.48076673], [-70.14412882, -32.48065524], [-70.14449928, -32.48006854], [-70.14501086, -32.47859328], [-70.14507035, -32.47779616], [-70.14509414, -32.47702283], [-70.14509414, -32.47652315], [-70.14512983, -32.47605915], [-70.14515363, -32.47566654], [-70.14516553, -32.47533342], [-70.14529996, -32.47513415], [-70.14550904, -32.4746875], [-70.14566563, -32.47449039], [-70.14640418, -32.47433108], [-70.14700648, -32.47366186], [-70.1476757, -32.47279186], [-70.14807723, -32.47202226], [-70.1482009, -32.47184631], [-70.14832456, -32.47167036], [-70.14878406, -32.47118303], [-70.14881894, -32.47114603], [-70.14881961, -32.47114259], [-70.1488301, -32.4710886], [-70.14894375, -32.47099621], [-70.14908107, -32.47088458], [-70.1493153, -32.47065035], [-70.1493153, -32.4705165], [-70.1493153, -32.47038266], [-70.14918145, -32.46967998], [-70.14913099, -32.46954541], [-70.14913045, -32.46954396], [-70.14908107, -32.46941229], [-70.148713, -32.46877652], [-70.14851223, -32.46827461], [-70.14844531, -32.46804038], [-70.14837839, -32.46780615], [-70.14847252, -32.46733547], [-70.14847877, -32.46730423], [-70.14860433, -32.46717867], [-70.14867954, -32.46710347], [-70.14874646, -32.46666847], [-70.14867592, -32.46612769], [-70.14866429, -32.46603849], [-70.14864607, -32.46589886], [-70.14874646, -32.46566464], [-70.14908107, -32.46536348], [-70.1493406, -32.46528563], [-70.14944996, -32.46525282], [-70.14975029, -32.46516272], [-70.15011837, -32.46486157], [-70.15028567, -32.46469426], [-70.15045298, -32.46452696], [-70.15074238, -32.46417325], [-70.15075413, -32.46415888], [-70.15095489, -32.46402504], [-70.15115566, -32.46389119], [-70.15243922, -32.46332499], [-70.15266508, -32.4632497], [-70.15289094, -32.46317441], [-70.15302587, -32.46303462], [-70.15329718, -32.46275351], [-70.1535816, -32.46270332], [-70.15386602, -32.46265313], [-70.15523793, -32.46248582], [-70.15537861, -32.46249625], [-70.1555193, -32.46250667], [-70.15614138, -32.46255275], [-70.15644253, -32.46256948], [-70.15674368, -32.46258621], [-70.15754675, -32.46268659], [-70.15862401, -32.4628211], [-70.1587135, -32.46280403], [-70.15880299, -32.46278697], [-70.15982794, -32.46259156], [-70.16019018, -32.46221814], [-70.16039094, -32.46206756], [-70.16059171, -32.46191698], [-70.16079978, -32.46181843], [-70.16122747, -32.46161583], [-70.1614617, -32.46141507], [-70.16169593, -32.4612143], [-70.16174426, -32.46116194], [-70.16209746, -32.4607793], [-70.16226477, -32.46069565], [-70.16243208, -32.460612], [-70.16255717, -32.46052218], [-70.16273765, -32.46035735], [-70.16276972, -32.46033063], [-70.16283361, -32.46027739], [-70.16303438, -32.45967509], [-70.16300092, -32.45913971], [-70.16298129, -32.45886495], [-70.1629755, -32.45878381], [-70.16296746, -32.45867125], [-70.16299959, -32.45804425], [-70.16381336, -32.45725903], [-70.16497513, -32.45661339], [-70.16528387, -32.45590274], [-70.16559796, -32.45548871], [-70.16673467, -32.45487675], [-70.16689036, -32.45475869], [-70.16800401, -32.45442761], [-70.16915512, -32.45393428], [-70.17227955, -32.45316687], [-70.17413546, -32.45261908], [-70.17717569, -32.45209396], [-70.17772035, -32.45203193], [-70.17986614, -32.45132799], [-70.18019635, -32.45113403], [-70.18121674, -32.45053467], [-70.18172127, -32.45030029], [-70.18217854, -32.45008786], [-70.18254224, -32.45003827], [-70.18351261, -32.44956981], [-70.18408145, -32.44950289], [-70.18418013, -32.44954449], [-70.18498088, -32.44988206], [-70.18510985, -32.44988672], [-70.18905206, -32.44985413], [-70.18950216, -32.44980404], [-70.18972831, -32.44980404], [-70.18995445, -32.44980404], [-70.190506, -32.44980404], [-70.19137599, -32.44987096], [-70.19270609, -32.45000806], [-70.19274097, -32.44998834], [-70.19277584, -32.44996863], [-70.19371202, -32.44943949], [-70.19380848, -32.44930169], [-70.19407347, -32.4492846], [-70.19432057, -32.44926866], [-70.1945548, -32.44883367], [-70.19468864, -32.4486329], [-70.19482249, -32.44843213], [-70.19482581, -32.44842494], [-70.19502326, -32.44799714], [-70.19520729, -32.44784656], [-70.19539133, -32.44769599], [-70.19585979, -32.44746176], [-70.19626132, -32.44689292], [-70.19639516, -32.44664196], [-70.19652901, -32.446391], [-70.19676324, -32.44552101], [-70.19723169, -32.44491871], [-70.19749938, -32.44455064], [-70.19750104, -32.44454691], [-70.19763323, -32.44424949], [-70.19813514, -32.44384795], [-70.19890475, -32.44324565], [-70.19907206, -32.44306161], [-70.19923936, -32.44287758], [-70.19936627, -32.44228564], [-70.20005665, -32.4417925], [-70.20028955, -32.44173661], [-70.20052245, -32.44168071], [-70.20118011, -32.4413049], [-70.20251856, -32.4411376], [-70.20267643, -32.44114613], [-70.20283431, -32.44115467], [-70.20375662, -32.44120452], [-70.20390766, -32.44122856], [-70.20527499, -32.44121766], [-70.20563662, -32.44122196], [-70.20649328, -32.44115103], [-70.20675978, -32.44119862], [-70.20690254, -32.44128428], [-70.20717677, -32.44147363], [-70.20778129, -32.44160064], [-70.20795142, -32.44155852], [-70.20890964, -32.44086991], [-70.20934674, -32.4407507], [-70.21078176, -32.44009859], [-70.21151961, -32.43979915], [-70.21228922, -32.43936416], [-70.21274583, -32.43900902], [-70.21289152, -32.4388957], [-70.21343592, -32.43856906], [-70.21347012, -32.43826544], [-70.21352728, -32.43775802], [-70.21396228, -32.43678765], [-70.21433035, -32.43608496], [-70.21444746, -32.435834], [-70.21456458, -32.43558304], [-70.2150665, -32.43461267], [-70.21533419, -32.4338096], [-70.21580264, -32.43317384], [-70.21640494, -32.43230385], [-70.21640494, -32.43160116], [-70.21694032, -32.43093194], [-70.21727493, -32.4301958], [-70.21760955, -32.42966042], [-70.21762407, -32.42938448], [-70.21763418, -32.42919244], [-70.21764301, -32.42902465], [-70.21801108, -32.42858966], [-70.21837915, -32.42845581], [-70.21869698, -32.42850471], [-70.21924914, -32.42858966], [-70.21948513, -32.42890632], [-70.21995151, -32.42904909], [-70.22023515, -32.4290776], [-70.2203199, -32.42912504], [-70.22105605, -32.42925888], [-70.22157006, -32.42937637], [-70.22238808, -32.42942029], [-70.22281638, -32.42959161], [-70.22300312, -32.42975289], [-70.22303025, -32.4297608], [-70.22323102, -32.42992811], [-70.22343179, -32.43009541], [-70.22430178, -32.43022926], [-70.22509878, -32.43031], [-70.22571639, -32.43062854], [-70.22591853, -32.43061616], [-70.22612067, -32.43060378], [-70.22689373, -32.43055644], [-70.22734687, -32.43034352], [-70.22804943, -32.43032964], [-70.22828798, -32.43032964], [-70.22850172, -32.43032964], [-70.22855135, -32.43032964], [-70.22918711, -32.43046348], [-70.22995672, -32.43086502], [-70.23017422, -32.43103232], [-70.23039171, -32.43119963], [-70.23149337, -32.43129681], [-70.2318681, -32.43137679], [-70.23201878, -32.43137715], [-70.23247481, -32.43137825], [-70.23266707, -32.43136694], [-70.23313553, -32.43109925], [-70.23330283, -32.43094867], [-70.23347014, -32.4307981], [-70.23413936, -32.43046348], [-70.23477513, -32.42999503], [-70.23497589, -32.42994484], [-70.23517666, -32.42989465], [-70.23535214, -32.42981743], [-70.23540849, -32.42965823], [-70.23556077, -32.42958209], [-70.2356845, -32.42956306], [-70.23601319, -32.42952657], [-70.23664895, -32.42929234], [-70.23662677, -32.42912523], [-70.23655063, -32.42889681], [-70.23644593, -32.42848754], [-70.23641738, -32.42806875], [-70.23641738, -32.42780225], [-70.23631431, -32.42748763], [-70.23625442, -32.42669389], [-70.2360557, -32.42629844], [-70.23594149, -32.42576544], [-70.23592245, -32.42538472], [-70.23595046, -32.42526533], [-70.23599859, -32.42463281], [-70.23613184, -32.42426162], [-70.23618895, -32.42390946], [-70.23631268, -32.42350971], [-70.23639834, -32.42323369], [-70.23634124, -32.42257696], [-70.23630316, -32.42153], [-70.23626509, -32.42096844], [-70.23630316, -32.42049255], [-70.2364269, -32.41987389], [-70.23662677, -32.41943607], [-70.23684568, -32.4189697], [-70.23735965, -32.41820827], [-70.23751193, -32.4179037], [-70.23760711, -32.4176372], [-70.23759759, -32.41745636], [-70.23755, -32.41735166], [-70.23743579, -32.41721841], [-70.23723591, -32.41708516], [-70.23695038, -32.41698998], [-70.23676954, -32.41692336], [-70.23638883, -32.41622856], [-70.23597973, -32.41487058], [-70.23592677, -32.41478585], [-70.23564512, -32.4143352], [-70.23549415, -32.41413463], [-70.23546559, -32.41394427], [-70.23550367, -32.4137444], [-70.23561788, -32.41349693], [-70.23577017, -32.4133161], [-70.23598508, -32.41316636], [-70.23627978, -32.41267031], [-70.23634025, -32.41237382], [-70.2363222, -32.41181228], [-70.23641472, -32.411491], [-70.23664101, -32.41111265], [-70.23675293, -32.41050767], [-70.23672195, -32.40994678], [-70.23670291, -32.40953751], [-70.23670291, -32.40928053], [-70.23670291, -32.40917583], [-70.23676954, -32.40907114], [-70.23767373, -32.40834778], [-70.23805445, -32.40787189], [-70.23833103, -32.40707413], [-70.2384873, -32.40657295], [-70.23869506, -32.40545845], [-70.23867185, -32.40506694], [-70.2385897, -32.40483223], [-70.23832201, -32.40422993], [-70.23782009, -32.40322609], [-70.2373741, -32.40265523], [-70.23651869, -32.40186926], [-70.23643053, -32.40181501], [-70.23603336, -32.40145952], [-70.23547709, -32.40096165], [-70.23542443, -32.40091451], [-70.23535394, -32.40078635], [-70.23497067, -32.40039086], [-70.2349326, -32.40020051], [-70.23496115, -32.39991497], [-70.23500874, -32.39956281], [-70.23505633, -32.39919162], [-70.2350944, -32.39905837], [-70.23537743, -32.39870883], [-70.23544435, -32.39827384], [-70.23537743, -32.39790577], [-70.23484205, -32.39753769], [-70.23462204, -32.39734519], [-70.23412358, -32.39710721], [-70.23363745, -32.39660078], [-70.23347014, -32.39646694], [-70.23330283, -32.39633309], [-70.23266707, -32.39596502], [-70.23253323, -32.39571406], [-70.23239938, -32.3954631], [-70.23239938, -32.39489426], [-70.23246071, -32.39391295], [-70.2323723, -32.39279562], [-70.23230567, -32.39229118], [-70.23198964, -32.39147433], [-70.23176362, -32.39121353], [-70.23156285, -32.39106296], [-70.23136209, -32.39091238], [-70.23052556, -32.39067815], [-70.23002364, -32.39044393], [-70.22994055, -32.39044393], [-70.22973518, -32.39044393], [-70.22948826, -32.39044393], [-70.22898394, -32.39044472], [-70.22842512, -32.39042843], [-70.2282502, -32.39034354], [-70.22751405, -32.39010931], [-70.22725482, -32.39008339], [-70.22714635, -32.39007254], [-70.22684483, -32.39004239], [-70.2261756, -32.39017624], [-70.2255733, -32.39034354], [-70.22538953, -32.39049669], [-70.22501476, -32.39073049], [-70.22493886, -32.39077784], [-70.22476754, -32.39082543], [-70.22451056, -32.39073977], [-70.22437243, -32.39069373], [-70.22419647, -32.39063507], [-70.22392997, -32.39050182], [-70.22359684, -32.39045423], [-70.22326372, -32.39042568], [-70.22318917, -32.39041636], [-70.22303529, -32.39039713], [-70.22279734, -32.39031147], [-70.22262602, -32.39021629], [-70.22254507, -32.3901122], [-70.22249277, -32.39004497], [-70.22238808, -32.38983557], [-70.22160186, -32.38831188], [-70.22163257, -32.38735486], [-70.22163041, -32.38668432], [-70.22041689, -32.38501394], [-70.21968877, -32.38388608], [-70.21806122, -32.38260117], [-70.21756153, -32.38251551], [-70.2174616, -32.38242985], [-70.2173331, -32.38220142], [-70.21743304, -32.38198727], [-70.21786135, -32.38180167], [-70.21819218, -32.38153964], [-70.21833952, -32.3814496], [-70.21890836, -32.38138268], [-70.21924297, -32.38091422], [-70.21937681, -32.38079711], [-70.21951066, -32.38067999], [-70.22017988, -32.38011115], [-70.22078218, -32.37940847], [-70.22098295, -32.37877271], [-70.22118372, -32.37807002], [-70.22145141, -32.37743426], [-70.22155179, -32.3771833], [-70.22165217, -32.37693234], [-70.22173224, -32.3768456], [-70.22205371, -32.37649735], [-70.22252216, -32.37606235], [-70.223091, -32.37559389], [-70.22345908, -32.37509198], [-70.22364311, -32.37489121], [-70.22382715, -32.37469044], [-70.22426214, -32.37418852], [-70.22439599, -32.37393757], [-70.22452983, -32.37368661], [-70.2246433, -32.37336001], [-70.22497693, -32.37272249], [-70.22558386, -32.37219759], [-70.2257679, -32.37211393], [-70.22613597, -32.37184624], [-70.22660443, -32.37141125], [-70.22670481, -32.37038135], [-70.22672758, -32.37014769], [-70.22693057, -32.36932398], [-70.22759434, -32.36840139], [-70.22818266, -32.36685773], [-70.22827368, -32.36676575], [-70.22844479, -32.36659284], [-70.22864556, -32.36599054], [-70.22866229, -32.36570612], [-70.22867902, -32.3654217], [-70.22901363, -32.36488632], [-70.22918259, -32.36448503], [-70.22918094, -32.36368172], [-70.22887979, -32.3631798], [-70.22844479, -32.3625775], [-70.22835217, -32.36242931], [-70.22827748, -32.36230981], [-70.22825716, -32.36206596], [-70.2283625, -32.36180056], [-70.2286121, -32.36157366], [-70.22879723, -32.36141701], [-70.22879941, -32.36141517], [-70.22904709, -32.36120559], [-70.22909492, -32.36103023], [-70.22922182, -32.36068834], [-70.22908055, -32.36030214], [-70.22892998, -32.36015156], [-70.2287794, -32.36000099], [-70.22845155, -32.35964333], [-70.22841133, -32.35959945], [-70.2284059, -32.35955964], [-70.22831095, -32.35886331], [-70.2286121, -32.35822755], [-70.22876267, -32.35801005], [-70.22891325, -32.35779255], [-70.22898017, -32.35685564], [-70.22887979, -32.35595219], [-70.22867902, -32.35491489], [-70.22855831, -32.3544493], [-70.22809642, -32.35362933], [-70.22757173, -32.35283139], [-70.22676272, -32.35224842], [-70.22610242, -32.35195099], [-70.22555756, -32.35150012], [-70.22467921, -32.35113519], [-70.22461442, -32.35110827], [-70.22459506, -32.35110437], [-70.22401444, -32.3509873], [-70.22385382, -32.35089807], [-70.22366942, -32.35072556], [-70.22350285, -32.3505709], [-70.22329465, -32.3501188], [-70.22319352, -32.34982732], [-70.22305076, -32.34939901], [-70.22287825, -32.34888743], [-70.22268194, -32.34859], [-70.22205406, -32.3479691], [-70.22155179, -32.34755343], [-70.22101641, -32.34721882], [-70.22092924, -32.34714037], [-70.2205083, -32.34681492], [-70.22023704, -32.34640089], [-70.22008714, -32.34610108], [-70.21984443, -32.34543721], [-70.21977835, -32.34464231], [-70.21974489, -32.34377232], [-70.22014642, -32.34280195], [-70.22048103, -32.34230003], [-70.22073199, -32.34218292], [-70.22098295, -32.3420658], [-70.22138448, -32.34173119], [-70.22151833, -32.34156388], [-70.22158658, -32.34147857], [-70.22159995, -32.34127474], [-70.22135102, -32.34069389], [-70.2208491, -32.33989083], [-70.22058141, -32.33888699], [-70.2202468, -32.33815085], [-70.21984527, -32.33728085], [-70.21930989, -32.33644433], [-70.21857374, -32.3357751], [-70.21833952, -32.33554087], [-70.21823913, -32.33510588], [-70.21813875, -32.33440319], [-70.21812021, -32.33415554], [-70.21810167, -32.33390788], [-70.21815017, -32.33323514], [-70.2181669, -32.33298419], [-70.21818363, -32.33273322], [-70.21848478, -32.33226477], [-70.21895324, -32.33152862], [-70.21945516, -32.33065863], [-70.21965592, -32.32988902], [-70.22025822, -32.32915288], [-70.22089399, -32.32828289], [-70.22156321, -32.32737944], [-70.22193128, -32.3268106], [-70.22199821, -32.32617483], [-70.22209859, -32.32550561], [-70.22236628, -32.32500369], [-70.22253358, -32.3247862], [-70.22270089, -32.3245687], [-70.22350396, -32.32443485], [-70.22417318, -32.32426755], [-70.2246751, -32.32359832], [-70.22517702, -32.32276179], [-70.22537778, -32.32261122], [-70.22557855, -32.32246064], [-70.22641508, -32.32215949], [-70.22711776, -32.32209257], [-70.22733526, -32.32199219], [-70.22755276, -32.3218918], [-70.22802122, -32.3217245], [-70.22855659, -32.32118912], [-70.22912543, -32.32088797], [-70.22949351, -32.32038605], [-70.22972773, -32.32020202], [-70.22996196, -32.32001798], [-70.23066465, -32.31995106], [-70.2311331, -32.31975029], [-70.23126695, -32.31966664], [-70.23140079, -32.31958298], [-70.23183579, -32.31911453], [-70.23259274, -32.31853438], [-70.23337833, -32.31834039], [-70.23384471, -32.31822617], [-70.23453951, -32.31813099], [-70.23502404, -32.31782025], [-70.23540875, -32.31773196], [-70.23662074, -32.3176757], [-70.23772495, -32.31757531], [-70.23849456, -32.31734109], [-70.23939801, -32.31734109], [-70.240268, -32.31714032], [-70.24110453, -32.31687263], [-70.24123838, -32.31673878], [-70.24137222, -32.31660494], [-70.24157479, -32.31626999], [-70.24190632, -32.31604659], [-70.24213475, -32.31598948], [-70.24228703, -32.31585623], [-70.24240125, -32.31563732], [-70.24260112, -32.31547551], [-70.24261172, -32.31545693], [-70.24277759, -32.31516611], [-70.24289471, -32.3149988], [-70.24301182, -32.3148315], [-70.24326556, -32.31464119], [-70.24327951, -32.31463073], [-70.24336316, -32.31454708], [-70.24344681, -32.31446342], [-70.24378143, -32.31402843], [-70.24386508, -32.31387785], [-70.24394873, -32.31372728], [-70.24439798, -32.31288943], [-70.24501949, -32.31225499], [-70.24555487, -32.31181999], [-70.24568871, -32.31168615], [-70.24582256, -32.3115523], [-70.24605679, -32.31118423], [-70.24610237, -32.31049076], [-70.2461051, -32.31048658], [-70.24610783, -32.31048241], [-70.24673662, -32.30946823], [-70.24739523, -32.30894233], [-70.24789715, -32.30827311], [-70.24823176, -32.30760388], [-70.24839907, -32.30653313], [-70.24845272, -32.30626486], [-70.24845964, -32.30623025], [-70.24849945, -32.30603121], [-70.24893445, -32.30556275], [-70.24911848, -32.30542891], [-70.24930252, -32.30529506], [-70.24945712, -32.30525529], [-70.25004988, -32.30503915], [-70.25096761, -32.30486525], [-70.25147532, -32.30485241], [-70.25169542, -32.30480482], [-70.25200409, -32.30466883], [-70.25216581, -32.30463819], [-70.2530947, -32.30449528], [-70.25354289, -32.30450422], [-70.25359927, -32.30456445], [-70.25374176, -32.30459067], [-70.25425477, -32.30459238], [-70.25453919, -32.30454219], [-70.25482361, -32.304492], [-70.25495687, -32.30443369], [-70.2559551, -32.30405522], [-70.25728999, -32.30384985], [-70.25795385, -32.30330582], [-70.25799274, -32.30321508], [-70.2580771, -32.30301825], [-70.25828156, -32.30290685], [-70.25850434, -32.30278548], [-70.25852693, -32.30265434], [-70.25870056, -32.30200539], [-70.2587648, -32.30169844], [-70.25884332, -32.30133438], [-70.2589687, -32.30079107], [-70.25897181, -32.30077758], [-70.25905747, -32.30038497], [-70.25912172, -32.30006375], [-70.259136, -32.29984246], [-70.25917883, -32.29969969], [-70.25925735, -32.2996283], [-70.259343, -32.29953606], [-70.25935015, -32.29952837], [-70.25945722, -32.29943557], [-70.2594444, -32.29919609], [-70.25963238, -32.29896994], [-70.25972848, -32.29872887], [-70.26015945, -32.29827728], [-70.2601782, -32.29804358], [-70.26022817, -32.29787226], [-70.26042804, -32.29765097], [-70.26100778, -32.29670597], [-70.26118123, -32.29629401], [-70.26131508, -32.29609324], [-70.26144892, -32.29589248], [-70.26178354, -32.29539056], [-70.26193411, -32.29518979], [-70.26199744, -32.29510535], [-70.26205016, -32.29441934], [-70.26201776, -32.29388481], [-70.26201776, -32.29318212], [-70.26199369, -32.29296555], [-70.26207929, -32.29218319], [-70.2624741, -32.29164539], [-70.2629907, -32.29140696], [-70.26382196, -32.29115035], [-70.2641289, -32.29102479], [-70.26489542, -32.29094022], [-70.26513294, -32.29098476], [-70.26579888, -32.29137522], [-70.26623869, -32.29164759], [-70.26836116, -32.29229494], [-70.26861923, -32.29238719], [-70.26963656, -32.29292536], [-70.27012911, -32.29318234], [-70.27039323, -32.29333939], [-70.27062165, -32.29348216], [-70.27095002, -32.29366062], [-70.27107137, -32.29370345], [-70.27114276, -32.29371772], [-70.27135343, -32.29368404], [-70.27160439, -32.29360039], [-70.27185535, -32.29351673], [-70.27262495, -32.29318212], [-70.27279831, -32.29309544], [-70.27297167, -32.29300876], [-70.27349495, -32.29274713], [-70.27361727, -32.29267373], [-70.27399811, -32.29263983], [-70.27430506, -32.29266124], [-70.27467626, -32.29269693], [-70.27503416, -32.2926802], [-70.27593761, -32.29261328], [-70.27744336, -32.29224521], [-70.27764646, -32.29218503], [-70.27784957, -32.29212485], [-70.27834681, -32.29197752], [-70.27967312, -32.29164291], [-70.2802541, -32.29164291], [-70.28115755, -32.29177675], [-70.28184731, -32.2920781], [-70.28260111, -32.29217502], [-70.28323215, -32.29234559], [-70.28339945, -32.29242924], [-70.28356676, -32.2925129], [-70.284206, -32.29258272], [-70.28442729, -32.29251134], [-70.28481905, -32.29214823], [-70.28491952, -32.29206322], [-70.28513943, -32.29187714], [-70.28518064, -32.29185524], [-70.28545682, -32.29170855], [-70.28605484, -32.29159762], [-70.28634751, -32.2914263], [-70.28650456, -32.29126926], [-70.28698283, -32.29098372], [-70.28753248, -32.290534], [-70.28798363, -32.29020408], [-70.28851901, -32.28980254], [-70.28892054, -32.28933409], [-70.2891715, -32.2892337], [-70.28942246, -32.28913332], [-70.28992438, -32.28876525], [-70.29017534, -32.28859794], [-70.2904263, -32.28843063], [-70.29116244, -32.28796218], [-70.29199897, -32.28766103], [-70.29263473, -32.28746026], [-70.29276858, -32.28734315], [-70.29290242, -32.28722603], [-70.29317011, -32.28628912], [-70.2932705, -32.28528528], [-70.29326416, -32.28518068], [-70.29325377, -32.28389665], [-70.29323983, -32.28310213], [-70.29312583, -32.28284415], [-70.29308324, -32.28280629], [-70.29293588, -32.28267531], [-70.29303627, -32.28254147], [-70.29371971, -32.28239289], [-70.29380588, -32.28237416], [-70.29395645, -32.28227378], [-70.29410703, -32.2821734], [-70.29421243, -32.2821734], [-70.29453524, -32.2821734], [-70.29474161, -32.28205834], [-70.29480971, -32.28193917], [-70.29494356, -32.28170494], [-70.29547893, -32.28116956], [-70.29588047, -32.28063418], [-70.29614816, -32.28013226], [-70.29614816, -32.27986457], [-70.29614816, -32.27959689], [-70.29609119, -32.27863232], [-70.29644072, -32.27803314], [-70.29718545, -32.27792383], [-70.29767613, -32.27776344], [-70.29779748, -32.27771347], [-70.29799735, -32.27759925], [-70.2982472, -32.27754215], [-70.29874688, -32.27742793], [-70.2989589, -32.27728807], [-70.29932697, -32.27702038], [-70.30002965, -32.27661884], [-70.30044726, -32.27641004], [-70.30095978, -32.27611447], [-70.30157368, -32.27595029], [-70.30209904, -32.27582987], [-70.30320846, -32.27531386], [-70.30419121, -32.27501302], [-70.30480023, -32.27495091], [-70.30509291, -32.27493664], [-70.30554976, -32.27480101], [-70.30587813, -32.27473676], [-70.30630643, -32.27467966], [-70.3072238, -32.27467809], [-70.30785957, -32.27481194], [-70.30811651, -32.27486603], [-70.30825156, -32.27489446], [-70.30849533, -32.27494578], [-70.30906417, -32.27497924], [-70.30983378, -32.27467809], [-70.31008473, -32.27452752], [-70.31033569, -32.27437694], [-70.31092301, -32.27378188], [-70.31156443, -32.27341535], [-70.31244375, -32.27330619], [-70.31288802, -32.27330619], [-70.31323066, -32.2731806], [-70.31340198, -32.2731806], [-70.31363755, -32.27320915], [-70.31396255, -32.27329479], [-70.31427207, -32.27330187], [-70.31464397, -32.27331037], [-70.31513661, -32.27330909], [-70.31560061, -32.27329481], [-70.31637873, -32.27322994], [-70.31687336, -32.27326336], [-70.31774697, -32.27319439], [-70.31862728, -32.27333764], [-70.31881288, -32.27332336], [-70.31892709, -32.27328767], [-70.31902703, -32.27326626], [-70.31910555, -32.27317346], [-70.31921263, -32.27308066], [-70.31930329, -32.27290465], [-70.31930329, -32.27246966], [-70.31925309, -32.27218524], [-70.3192029, -32.27190082], [-70.31913598, -32.27119813], [-70.31913598, -32.27098063], [-70.31913598, -32.27076314], [-70.31913598, -32.2703616], [-70.3192029, -32.27017757], [-70.31926983, -32.26999353], [-70.31940367, -32.26962546], [-70.31957098, -32.26935777], [-70.31973828, -32.26919046], [-70.32013982, -32.26919046], [-70.3204075, -32.26925738], [-70.32067519, -32.26932431], [-70.32134442, -32.26932431], [-70.32159538, -32.269157], [-70.32184634, -32.26898969], [-70.32228133, -32.26815317], [-70.32268286, -32.2675174], [-70.3228669, -32.26728318], [-70.32305094, -32.26704895], [-70.32331863, -32.26651357], [-70.32342427, -32.26624209], [-70.32343855, -32.26608504], [-70.32343141, -32.26593514], [-70.32337431, -32.26580665], [-70.32329578, -32.26567102], [-70.3228574, -32.26507251], [-70.32251556, -32.26417129], [-70.32242224, -32.26388198], [-70.32239635, -32.26355092], [-70.32238207, -32.26342243], [-70.32230355, -32.26324397], [-70.32226072, -32.26307264], [-70.32215389, -32.26283641], [-70.3220537, -32.2626729], [-70.32203229, -32.26253727], [-70.32201087, -32.26244447], [-70.3219966, -32.26235881], [-70.32196769, -32.26208688], [-70.32184634, -32.261829], [-70.32180952, -32.26158974], [-70.3217182, -32.26146651], [-70.32169679, -32.26135229], [-70.32167537, -32.26120239], [-70.32165396, -32.26105248], [-70.32171249, -32.26080264], [-70.32171249, -32.26064559], [-70.321811, -32.26045286], [-70.321811, -32.26035292], [-70.32179672, -32.26028154], [-70.32170483, -32.26006688], [-70.32167903, -32.25965403], [-70.32167903, -32.25945286], [-70.32167903, -32.2594198], [-70.32167903, -32.25928475], [-70.32167903, -32.25828212], [-70.32149617, -32.25787068], [-70.32113999, -32.25759037], [-70.32098421, -32.2573184], [-70.32092158, -32.25720907], [-70.32037618, -32.25654816], [-70.3198603, -32.25575677], [-70.3198052, -32.25570561], [-70.31970482, -32.25553831], [-70.31972659, -32.25525612], [-70.31982653, -32.25506338], [-70.31986222, -32.2548992], [-70.31986222, -32.25477071], [-70.31982653, -32.2546208], [-70.31976228, -32.2544352], [-70.31964807, -32.25423533], [-70.31952672, -32.25407828], [-70.31939823, -32.25395693], [-70.31916266, -32.25377847], [-70.31876195, -32.25355814], [-70.3186006, -32.25339679], [-70.31833291, -32.25279449], [-70.31813215, -32.25219219], [-70.317831, -32.2513222], [-70.31742284, -32.25091404], [-70.31733155, -32.25080725], [-70.31685696, -32.25025211], [-70.31660979, -32.24980299], [-70.31589674, -32.24881933], [-70.31589436, -32.24881672], [-70.31491519, -32.24774202], [-70.31366508, -32.24636994], [-70.31338066, -32.24616918], [-70.31321335, -32.24593495], [-70.31304605, -32.24570072], [-70.3123099, -32.24496458], [-70.31190837, -32.24466342], [-70.31167414, -32.24457977], [-70.31151127, -32.2445216], [-70.31141647, -32.24446201], [-70.31122478, -32.24434153], [-70.31116852, -32.24410136], [-70.31115339, -32.24389181], [-70.31112484, -32.24370621], [-70.31110342, -32.2436491], [-70.31103918, -32.24354917], [-70.31097493, -32.24346351], [-70.31080532, -32.24339808], [-70.3105966, -32.24332074], [-70.31039673, -32.24315656], [-70.31020399, -32.24302807], [-70.31008264, -32.24292099], [-70.30986135, -32.24274253], [-70.30973286, -32.24257835], [-70.30963301, -32.24205345], [-70.30976685, -32.24188615], [-70.3099007, -32.24171884], [-70.31000945, -32.24161009], [-70.31016839, -32.24145115], [-70.31025204, -32.24133404], [-70.31033569, -32.24121692], [-70.31036721, -32.24071597], [-70.31038924, -32.24036594], [-70.31045206, -32.24026067], [-70.31051488, -32.24015539], [-70.31055651, -32.23923771], [-70.31042946, -32.23866237], [-70.31028544, -32.23846118], [-70.31012736, -32.23793466], [-70.310068, -32.23773696], [-70.30993416, -32.23746927], [-70.30980031, -32.23720158], [-70.30936532, -32.23673313], [-70.30896379, -32.23639852], [-70.30877975, -32.23626467], [-70.30859571, -32.23613083], [-70.30827634, -32.23610375], [-70.30797508, -32.23607821], [-70.30787617, -32.23597584], [-70.30777726, -32.23587346], [-70.30746091, -32.23535115], [-70.30694889, -32.2348332], [-70.30658804, -32.23432392], [-70.3064542, -32.23388893], [-70.3060192, -32.23332009], [-70.30560816, -32.23310248], [-70.30515715, -32.23297722], [-70.3050358, -32.23292725], [-70.30492872, -32.23282018], [-70.30487876, -32.23277021], [-70.30484806, -32.2326174], [-70.3048853, -32.23246846], [-70.30501883, -32.23234971], [-70.30565113, -32.23214895], [-70.30615305, -32.23174741], [-70.30630362, -32.23158011], [-70.3064542, -32.2314128], [-70.30657491, -32.23130307], [-70.30691318, -32.23089637], [-70.3069702, -32.23078232], [-70.30708996, -32.23054281], [-70.30749149, -32.23007435], [-70.30829456, -32.2290036], [-70.30844514, -32.22890321], [-70.30859571, -32.22880283], [-70.30899725, -32.22820053], [-70.30903071, -32.22798303], [-70.30906417, -32.22776553], [-70.30919034, -32.22743784], [-70.30954968, -32.22716036], [-70.30966776, -32.22705137], [-70.30980031, -32.226929], [-70.30993416, -32.22652747], [-70.31013493, -32.22575786], [-70.31018512, -32.2255571], [-70.31023531, -32.22535633], [-70.31044368, -32.22470892], [-70.31041935, -32.22460345], [-70.31036915, -32.22438596], [-70.31013974, -32.22389006], [-70.31020412, -32.22362679], [-70.31023531, -32.22349923], [-70.31026877, -32.22338212], [-70.31087107, -32.22207713], [-70.31063684, -32.22137445], [-70.30996762, -32.22040408], [-70.30954726, -32.22019952], [-70.30943304, -32.22018524], [-70.30935452, -32.22017096], [-70.30926494, -32.22010293], [-70.30911715, -32.2199904], [-70.30888013, -32.21971812], [-70.30872337, -32.21959565], [-70.30856225, -32.21916601], [-70.30852991, -32.21899351], [-70.30849756, -32.21882101], [-70.30840867, -32.21834689], [-70.30824807, -32.21790096], [-70.30831498, -32.21726551], [-70.30829456, -32.21685719], [-70.30821091, -32.2165895], [-70.30812726, -32.21632181], [-70.30801778, -32.21618929], [-70.3077698, -32.21573803], [-70.30749149, -32.21555221], [-70.30687134, -32.21519762], [-70.30637068, -32.21494567], [-70.30608514, -32.21470296], [-70.30596966, -32.21449267], [-70.3058519, -32.21404645], [-70.30573478, -32.21386242], [-70.30561767, -32.21367838], [-70.3048146, -32.21331031], [-70.3042123, -32.213143], [-70.30380095, -32.21304506], [-70.30337256, -32.21301116], [-70.30311557, -32.21278987], [-70.3030085, -32.21254717], [-70.30299376, -32.21211298], [-70.30297424, -32.21203878], [-70.3030077, -32.21110187], [-70.3030077, -32.21033226], [-70.30287385, -32.20942881], [-70.30260616, -32.20869267], [-70.30242213, -32.20850863], [-70.30223809, -32.20832459], [-70.30190348, -32.20792306], [-70.30124533, -32.20750549], [-70.30108572, -32.20733649], [-70.30095264, -32.20681505], [-70.30100261, -32.20667942], [-70.30123426, -32.20641731], [-70.3012748, -32.20632101], [-70.30131991, -32.20604741], [-70.30129529, -32.2058585], [-70.30137381, -32.20568005], [-70.30148088, -32.20554442], [-70.30167116, -32.20539477], [-70.30173617, -32.20524617], [-70.30193774, -32.20478061], [-70.30208765, -32.20460215], [-70.30234989, -32.20439061], [-70.30260029, -32.20414547], [-70.30290856, -32.20409532], [-70.30307988, -32.20404536], [-70.30338683, -32.20398111], [-70.30366532, -32.20385999], [-70.30386178, -32.20381926], [-70.3040512, -32.20378], [-70.30439927, -32.20375068], [-70.30490017, -32.20370985], [-70.30521426, -32.20367416], [-70.30552351, -32.20354935], [-70.30575151, -32.20333888], [-70.30596901, -32.20312138], [-70.30602908, -32.20306131], [-70.30636825, -32.20232837], [-70.30638728, -32.20226812], [-70.30685573, -32.20173274], [-70.30698037, -32.20142807], [-70.30727011, -32.20099013], [-70.30731563, -32.20071085], [-70.30749149, -32.2003943], [-70.30795995, -32.199792], [-70.30812725, -32.19959123], [-70.30829456, -32.19939046], [-70.30852524, -32.1993392], [-70.3090904, -32.1991627], [-70.30980644, -32.19913633], [-70.31010147, -32.19902239], [-70.31016073, -32.19874089], [-70.31017981, -32.19865025], [-70.31022174, -32.19845107], [-70.31023531, -32.19838663], [-70.31020185, -32.1977174], [-70.31015966, -32.19764147], [-70.30976855, -32.19740666], [-70.30961137, -32.19722094], [-70.30953209, -32.19712727], [-70.30922005, -32.19671923], [-70.3092629, -32.19614737], [-70.30916178, -32.1948654], [-70.30916455, -32.19393629], [-70.30889686, -32.19333399], [-70.30872956, -32.19269823], [-70.30874802, -32.1926059], [-70.30876649, -32.19251358], [-70.30883267, -32.19218264], [-70.30921889, -32.19205287], [-70.30953263, -32.1918617], [-70.30973339, -32.19132632], [-70.30978358, -32.19109209], [-70.30983378, -32.19085786], [-70.30973339, -32.19042287], [-70.30963301, -32.19028902], [-70.30953263, -32.19015518], [-70.30950207, -32.18991077], [-70.3094657, -32.1896198], [-70.30941121, -32.18953806], [-70.30934024, -32.18924749], [-70.30860174, -32.18868162], [-70.30803392, -32.18787692], [-70.3076588, -32.18761213], [-70.30762447, -32.1875778], [-70.30754697, -32.1875003], [-70.30743787, -32.18733559], [-70.30743192, -32.18727016], [-70.30744659, -32.1871998], [-70.30762534, -32.18697637], [-70.30765147, -32.18695677], [-70.30783264, -32.18682089], [-70.30802687, -32.18667522], [-70.30862917, -32.18630714], [-70.30882994, -32.18587215], [-70.30882994, -32.18576884], [-70.30882994, -32.18553763], [-70.30882994, -32.18550408], [-70.30904779, -32.18520453], [-70.30909763, -32.185136], [-70.30915898, -32.18506349], [-70.3094657, -32.18470101], [-70.30945032, -32.18454718], [-70.30930554, -32.18432894], [-70.30926271, -32.18403627], [-70.30931268, -32.18392919], [-70.3093912, -32.18380784], [-70.30963301, -32.18352987], [-70.30982941, -32.18340659], [-70.30988835, -32.1833696], [-70.30992788, -32.18334478], [-70.30996674, -32.18325793], [-70.31044206, -32.18319455], [-70.31179684, -32.18315111], [-70.31212521, -32.18312256], [-70.31236791, -32.183094], [-70.31261062, -32.18293696], [-70.31304606, -32.18267998], [-70.31327073, -32.18248994], [-70.31448088, -32.18158881], [-70.31495695, -32.18098411], [-70.31523754, -32.18048849], [-70.31559446, -32.18010302], [-70.3160304, -32.17972507], [-70.3161914, -32.17951453], [-70.31649255, -32.17894569], [-70.31649255, -32.178678], [-70.31645107, -32.17823276], [-70.31648676, -32.17806144], [-70.316551, -32.17785443], [-70.31669332, -32.1776407], [-70.31678558, -32.17753758], [-70.31703641, -32.1774404], [-70.31719346, -32.17722625], [-70.31726216, -32.17700494], [-70.3171785, -32.17683763], [-70.31714706, -32.17677475], [-70.31690792, -32.17667033], [-70.31629178, -32.17667033], [-70.31603336, -32.17654727], [-70.31560874, -32.17643389], [-70.31515455, -32.17593595], [-70.31499067, -32.17578518], [-70.31494535, -32.17571195], [-70.31490004, -32.17563871], [-70.31447273, -32.17517579], [-70.31418373, -32.17446189], [-70.31417983, -32.17445633], [-70.31417594, -32.17445076], [-70.31371527, -32.17379267], [-70.3136895, -32.17352202], [-70.31370035, -32.17289498], [-70.31368137, -32.17259344], [-70.31376703, -32.17227221], [-70.31395175, -32.17185048], [-70.31408334, -32.17098193], [-70.31444347, -32.17050177], [-70.3144569, -32.17027865], [-70.31444441, -32.17020373], [-70.31435103, -32.16964348], [-70.31436776, -32.16939252], [-70.31438449, -32.16914156], [-70.31465218, -32.16863965], [-70.31470002, -32.16853335], [-70.31474785, -32.16842705], [-70.31495333, -32.16797042], [-70.31498201, -32.16791102], [-70.31501071, -32.16785158], [-70.3151541, -32.1673012], [-70.31500552, -32.16706771], [-70.31494258, -32.16696882], [-70.31491987, -32.16693313], [-70.31451834, -32.16656505], [-70.31401642, -32.16616352], [-70.31338066, -32.16606314], [-70.31332394, -32.16606314], [-70.3130486, -32.16606314], [-70.3127449, -32.16606314], [-70.31234336, -32.16579545], [-70.31232663, -32.16561141], [-70.3123099, -32.16542737], [-70.31277836, -32.164892], [-70.31289366, -32.16476228], [-70.31300896, -32.16463257], [-70.31331374, -32.16428969], [-70.3133209, -32.1642709], [-70.31332806, -32.16425211], [-70.31358143, -32.16358701], [-70.31401642, -32.16268356], [-70.31461872, -32.16214818], [-70.315412, -32.16176741], [-70.31542604, -32.16175066], [-70.31544008, -32.16173392], [-70.31612448, -32.16134511], [-70.31686062, -32.16077627], [-70.3170205, -32.16011438], [-70.31712831, -32.1598059], [-70.31702793, -32.15930398], [-70.31616078, -32.15804325], [-70.31572226, -32.15722104], [-70.31538774, -32.1564182], [-70.31535487, -32.15572364], [-70.31522102, -32.15550614], [-70.31508718, -32.15528864], [-70.31485575, -32.15501514], [-70.31475209, -32.15489262], [-70.31471911, -32.15485364], [-70.31445142, -32.15445211], [-70.31421719, -32.15398365], [-70.31425065, -32.15271213], [-70.31445142, -32.15164137], [-70.31458526, -32.15073792], [-70.31458526, -32.15000178], [-70.31441796, -32.14939947], [-70.31348104, -32.14852948], [-70.31294018, -32.14822042], [-70.3127353, -32.14786989], [-70.3124018, -32.1475776], [-70.31234336, -32.14749219], [-70.31143991, -32.14715758], [-70.31122241, -32.14712411], [-70.31100492, -32.14709065], [-70.31040262, -32.14665566], [-70.31030628, -32.14636664], [-70.31028091, -32.14629053], [-70.31023531, -32.14615374], [-70.30980031, -32.14588605], [-70.30970096, -32.14586852], [-70.30960161, -32.14585099], [-70.30923147, -32.14578567], [-70.30904744, -32.14578567], [-70.3088634, -32.14578567], [-70.30846187, -32.14555144], [-70.30832802, -32.14540087], [-70.30819418, -32.14525029], [-70.30806033, -32.14488222], [-70.30804773, -32.144857], [-70.30801152, -32.14478459], [-70.30792649, -32.14461453], [-70.30773723, -32.14444892], [-70.30735765, -32.14441376], [-70.30688919, -32.14407915], [-70.30673862, -32.1439453], [-70.30658804, -32.14381146], [-70.30628689, -32.14354377], [-70.30613226, -32.1430577], [-70.30583072, -32.14276603], [-70.30504529, -32.14200632], [-70.30503343, -32.1419826], [-70.30496195, -32.14171709], [-70.30488975, -32.14144894], [-70.30404499, -32.14009727], [-70.30381077, -32.13969573], [-70.30371038, -32.13956189], [-70.30361, -32.13942805], [-70.30354308, -32.13885921], [-70.30354308, -32.1382569], [-70.30362673, -32.13802268], [-70.30371038, -32.13778845], [-70.30371038, -32.13745802], [-70.30371038, -32.13731999], [-70.30376057, -32.13711922], [-70.30381077, -32.13691846], [-70.30387705, -32.13632189], [-70.30430145, -32.13583706], [-70.30442202, -32.13578209], [-70.30458485, -32.13564759], [-70.30474768, -32.13551309], [-70.30521613, -32.13511155], [-70.30532432, -32.13497343], [-70.3054325, -32.13483531], [-70.30588198, -32.13452966], [-70.30707218, -32.13357409], [-70.30747322, -32.13334913], [-70.30832802, -32.13286966], [-70.30899725, -32.13273581], [-70.30940398, -32.13271599], [-70.3104309, -32.1325525], [-70.31134511, -32.13224226], [-70.31151903, -32.1321585], [-70.31169295, -32.13207474], [-70.31205441, -32.13163174], [-70.31278289, -32.13116314], [-70.31304605, -32.13116314], [-70.31323008, -32.13121333], [-70.31341412, -32.13126352], [-70.31371047, -32.13129174], [-70.31435103, -32.1311966], [-70.31458526, -32.13106275], [-70.31487807, -32.13103835], [-70.31544788, -32.13113752], [-70.31561921, -32.13124222], [-70.31586178, -32.13123297], [-70.3162704, -32.13129377], [-70.31765124, -32.13153542], [-70.31789127, -32.13165881], [-70.31818902, -32.13194654], [-70.31836637, -32.13193274], [-70.31880137, -32.1319662], [-70.31887429, -32.13189029], [-70.31894721, -32.13181438], [-70.31926983, -32.13109621], [-70.31977174, -32.13052737], [-70.31998924, -32.13041026], [-70.32020674, -32.13029315], [-70.32030911, -32.13018225], [-70.32063035, -32.12969795], [-70.32104327, -32.12928931], [-70.32112302, -32.12903411], [-70.32110862, -32.12872713], [-70.32120142, -32.1284987], [-70.32130136, -32.12830596], [-70.32143699, -32.1281275], [-70.3215512, -32.12806326], [-70.32177941, -32.12788394], [-70.32221441, -32.12734856], [-70.32244864, -32.12723145], [-70.32268286, -32.12711434], [-70.32274331, -32.12702105], [-70.32290749, -32.12696395], [-70.32369272, -32.12698049], [-70.32405477, -32.12698049], [-70.32427227, -32.12706414], [-70.32448977, -32.1271478], [-70.32490144, -32.12716946], [-70.32559153, -32.12732086], [-70.32596272, -32.12750646], [-70.32613404, -32.12759212], [-70.3262554, -32.12772775], [-70.32648382, -32.12787766], [-70.32663128, -32.1279174], [-70.32703282, -32.1279174], [-70.32713997, -32.12771649], [-70.32719766, -32.12719237], [-70.32726705, -32.12677972], [-70.32728378, -32.12657896], [-70.32730051, -32.12637819], [-70.32740089, -32.12594319], [-70.32780242, -32.12527397], [-70.32793626, -32.12505649], [-70.32807011, -32.12483898], [-70.32840472, -32.12443744], [-70.32852898, -32.12432448], [-70.32856883, -32.12428825], [-70.32862453, -32.12423762], [-70.32864915, -32.12416411], [-70.32883477, -32.12354504], [-70.32889556, -32.12334232], [-70.32904049, -32.12293169], [-70.32905722, -32.12278111], [-70.32907395, -32.12263054], [-70.32945736, -32.12232381], [-70.32974317, -32.12209516], [-70.32987702, -32.1218442], [-70.33001086, -32.12159324], [-70.33054522, -32.12087606], [-70.33131585, -32.12052248], [-70.3320867, -32.12015317], [-70.33228622, -32.11995364], [-70.33232275, -32.11987584], [-70.33278145, -32.11916271], [-70.33279503, -32.11912442], [-70.33290837, -32.11880477], [-70.3329512, -32.1186977], [-70.33302972, -32.11858348], [-70.33321532, -32.11836219], [-70.33330098, -32.11824798], [-70.33351049, -32.11799935], [-70.33371501, -32.11786251], [-70.3336908, -32.11771269], [-70.33368038, -32.11764824], [-70.33363394, -32.11738504], [-70.33359121, -32.11714291], [-70.33375851, -32.11644022], [-70.33387205, -32.11619213], [-70.33416472, -32.11594228], [-70.33480004, -32.11570672], [-70.33510699, -32.11564247], [-70.33545677, -32.11559964], [-70.33562095, -32.1155925], [-70.33573517, -32.1154997], [-70.33618134, -32.11506646], [-70.33620261, -32.11503639], [-70.33633072, -32.11491664], [-70.33659178, -32.11454316], [-70.33697011, -32.11417196], [-70.33748874, -32.11383414], [-70.33752803, -32.11380855], [-70.33834068, -32.11317259], [-70.33873329, -32.11282995], [-70.33924764, -32.11195263], [-70.3400599, -32.11084796], [-70.34007631, -32.11081952], [-70.34009272, -32.11079108], [-70.3401792, -32.11071516], [-70.34041733, -32.11050609], [-70.3409192, -32.10988183], [-70.3413542, -32.10914569], [-70.34150477, -32.10889473], [-70.34165535, -32.10864377], [-70.34170708, -32.10834869], [-70.34157462, -32.10807868], [-70.34137381, -32.10766935], [-70.34101959, -32.10713802], [-70.34044292, -32.10654112], [-70.34041586, -32.10650196], [-70.34038879, -32.1064628], [-70.33972865, -32.10580266], [-70.33936147, -32.10521329], [-70.33896886, -32.10487779], [-70.33842299, -32.10444296], [-70.33821933, -32.10426389], [-70.33814794, -32.10407829], [-70.33808658, -32.10372207], [-70.33819237, -32.10291103], [-70.33829052, -32.10282052], [-70.33875026, -32.10217369], [-70.33884461, -32.101985], [-70.33900469, -32.10172097], [-70.33982386, -32.10090019], [-70.34019666, -32.10073753], [-70.34037512, -32.10048768], [-70.34044749, -32.10010391], [-70.34048421, -32.10001079], [-70.34049184, -32.09985805], [-70.34051767, -32.09934156], [-70.34071776, -32.0992813], [-70.3409105, -32.09915994], [-70.34112465, -32.09904041], [-70.34172227, -32.09890657], [-70.34180873, -32.09886814], [-70.34230962, -32.09887441], [-70.34270937, -32.09868167], [-70.34306072, -32.09837119], [-70.34317783, -32.09812023], [-70.34329495, -32.09786927], [-70.34346225, -32.09720005], [-70.3435961, -32.09686544], [-70.34356263, -32.09653083], [-70.34346225, -32.0962966], [-70.3433754, -32.09616012], [-70.34336387, -32.096142], [-70.34322802, -32.09592852], [-70.34332841, -32.09562737], [-70.3435961, -32.09542661], [-70.34415103, -32.09507293], [-70.34427375, -32.09490626], [-70.34448952, -32.09486128], [-70.34495796, -32.09491974], [-70.34546479, -32.09487691], [-70.34597184, -32.09459008], [-70.34608103, -32.09453548], [-70.34616816, -32.09449192], [-70.34648557, -32.0944843], [-70.3468032, -32.09433245], [-70.34684341, -32.09432514], [-70.34718066, -32.09398518], [-70.3473249, -32.09366786], [-70.34739929, -32.09311373], [-70.34744212, -32.09288531], [-70.34757061, -32.09262832], [-70.34777122, -32.09239669], [-70.34815596, -32.09217147], [-70.34842008, -32.09204298], [-70.34868219, -32.09184626], [-70.34908373, -32.09151165], [-70.34911751, -32.09146097], [-70.34936815, -32.09087589], [-70.34938488, -32.09064166], [-70.34937862, -32.09059787], [-70.34934723, -32.09037815], [-70.34917674, -32.09002043], [-70.34915295, -32.08983484], [-70.34916723, -32.08958261], [-70.34924475, -32.08940997], [-70.34994293, -32.08874504], [-70.35011425, -32.08859752], [-70.3501666, -32.0884262], [-70.35022141, -32.08823246], [-70.3500541, -32.08793131], [-70.34988134, -32.08781613], [-70.34983698, -32.08778655], [-70.34975295, -32.08773054], [-70.34928449, -32.08752977], [-70.34905256, -32.08734754], [-70.34897211, -32.08705277], [-70.34892452, -32.08684338], [-70.34893404, -32.0866435], [-70.34881604, -32.08622479], [-70.34873168, -32.08599982], [-70.348721, -32.08597134], [-70.34861527, -32.08568941], [-70.3483855, -32.08563835], [-70.34817876, -32.0855924], [-70.3480848, -32.08557152], [-70.34806267, -32.08556661], [-70.34801297, -32.08555556], [-70.34783813, -32.08560754], [-70.34723986, -32.08592966], [-70.34691626, -32.08608195], [-70.34655458, -32.08616761], [-70.34626904, -32.08620568], [-70.34551793, -32.08609922], [-70.34530262, -32.08609094], [-70.3450182, -32.08597383], [-70.34473378, -32.08585671], [-70.34396417, -32.08555556], [-70.34377167, -32.08536306], [-70.34372129, -32.08531268], [-70.34362956, -32.08522095], [-70.34322642, -32.08504458], [-70.34309418, -32.08498672], [-70.34292687, -32.08486961], [-70.34275957, -32.08475249], [-70.34229111, -32.08465211], [-70.34221884, -32.08463835], [-70.34214658, -32.08462458], [-70.34095266, -32.08458519], [-70.34045075, -32.08421712], [-70.34030017, -32.08401635], [-70.3401496, -32.08381558], [-70.33984844, -32.08281175], [-70.33976897, -32.08254684], [-70.33935054, -32.08204348], [-70.33914576, -32.08197522], [-70.33902865, -32.08177445], [-70.33891153, -32.08157368], [-70.33847654, -32.080871], [-70.338075, -32.08033562], [-70.33797462, -32.0800512], [-70.33737938, -32.07921007], [-70.33737453, -32.07885075], [-70.33736986, -32.07858189], [-70.33723661, -32.07840105], [-70.33707418, -32.07836094], [-70.33666963, -32.07826103], [-70.3362681, -32.07812718], [-70.3358331, -32.07762527], [-70.33543157, -32.07739104], [-70.335281, -32.07725719], [-70.33522113, -32.07720397], [-70.3351687, -32.07675971], [-70.33519734, -32.07648759], [-70.33521407, -32.07633701], [-70.3352308, -32.07618643], [-70.33521003, -32.07602023], [-70.33516388, -32.07565106], [-70.33519734, -32.07531644], [-70.33521042, -32.07526411], [-70.3352438, -32.0751306], [-70.33529773, -32.07491491], [-70.33529773, -32.07464722], [-70.33527047, -32.07448372], [-70.33525881, -32.07441372], [-70.3352308, -32.07424569], [-70.33515934, -32.07412992], [-70.33515339, -32.07395146], [-70.33515339, -32.07368377], [-70.33518908, -32.07351721], [-70.33519503, -32.07335064], [-70.33520693, -32.07294019], [-70.33520693, -32.07279147], [-70.33512365, -32.07256661], [-70.33507606, -32.07233818], [-70.33521722, -32.07177419], [-70.33524049, -32.07162292], [-70.33521219, -32.07129555], [-70.33517719, -32.07117939], [-70.33515934, -32.07095334], [-70.33515339, -32.07068565], [-70.33515934, -32.07059047], [-70.33518908, -32.0704358], [-70.33526426, -32.07039765], [-70.33534287, -32.07039765], [-70.33556542, -32.07039765], [-70.33562106, -32.07038529], [-70.33586657, -32.07033073], [-70.33615871, -32.06997776], [-70.33625389, -32.06983499], [-70.33634312, -32.0697874], [-70.33652534, -32.06973593], [-70.33724477, -32.06944636], [-70.33830687, -32.06901886], [-70.33860958, -32.06875763], [-70.33918619, -32.06848736], [-70.33964381, -32.06848075], [-70.34011758, -32.06829006], [-70.34105305, -32.06825614], [-70.34178919, -32.06792153], [-70.34225765, -32.06745307], [-70.34229187, -32.06740591], [-70.34299898, -32.06675562], [-70.34372994, -32.06644923], [-70.34383032, -32.06633212], [-70.34393071, -32.06621501], [-70.34409009, -32.06614256], [-70.34429878, -32.0660477], [-70.34444936, -32.06588039], [-70.34459993, -32.06571309], [-70.34506839, -32.06524463], [-70.34550338, -32.06477618], [-70.34567069, -32.06455868], [-70.34583799, -32.06434118], [-70.34633991, -32.06400657], [-70.34677491, -32.06373888], [-70.3470426, -32.06353811], [-70.34714511, -32.06344841], [-70.34731029, -32.06330388], [-70.34781805, -32.06300185], [-70.34784356, -32.06299489], [-70.3478682, -32.06298565], [-70.34787745, -32.06298219], [-70.34795284, -32.06295392], [-70.34810179, -32.06293078], [-70.34871565, -32.06283543], [-70.34931638, -32.06265334], [-70.3496294, -32.06263595], [-70.34965257, -32.06263466], [-70.34985333, -32.0626012], [-70.3500541, -32.06256774], [-70.35052256, -32.06245062], [-70.35099101, -32.06233351], [-70.35119178, -32.06230005], [-70.3515455, -32.06211007], [-70.35192113, -32.06201785], [-70.35235026, -32.06191248], [-70.35256369, -32.06186505], [-70.35271426, -32.06183159], [-70.35286484, -32.06179813], [-70.35396906, -32.06136314], [-70.35423675, -32.06122929], [-70.35450444, -32.06109545], [-70.35458375, -32.06102603], [-70.35500761, -32.06077519], [-70.35567148, -32.0603112], [-70.35601092, -32.06003491], [-70.35727166, -32.05871936], [-70.35741481, -32.05865733], [-70.35755796, -32.0585953], [-70.35785105, -32.05831374], [-70.35846973, -32.0579501], [-70.35876431, -32.0579501], [-70.35878747, -32.0579501], [-70.35906163, -32.05789526], [-70.35934042, -32.05790934], [-70.35964491, -32.05791396], [-70.36003304, -32.05791984], [-70.36036854, -32.05791984], [-70.36056724, -32.057978], [-70.3607658, -32.05808864], [-70.3609753, -32.05820537], [-70.3612537, -32.05822679], [-70.36151068, -32.05824107], [-70.36203178, -32.05823393], [-70.36226743, -32.05808394], [-70.36276935, -32.05771587], [-70.36320434, -32.05741472], [-70.36333818, -32.0573478], [-70.36347203, -32.05728087], [-70.36371684, -32.05716067], [-70.36385207, -32.05715603], [-70.36408764, -32.05710606], [-70.36434462, -32.0569633], [-70.36458019, -32.05676342], [-70.36485338, -32.05648067], [-70.36513313, -32.05635399], [-70.36545107, -32.05609241], [-70.36581513, -32.05587826], [-70.36623629, -32.05570694], [-70.36680938, -32.05559493], [-70.36748551, -32.05553562], [-70.36804185, -32.05550189], [-70.36854453, -32.05544714], [-70.3689262, -32.05540705], [-70.36986311, -32.0552732], [-70.37049888, -32.05520628], [-70.37163656, -32.05513936], [-70.37243962, -32.0551059], [-70.37302956, -32.05498791], [-70.37339609, -32.05487175], [-70.37396002, -32.05487175], [-70.37435161, -32.05483776], [-70.37464806, -32.05470436], [-70.37479864, -32.05462071], [-70.37494921, -32.05453706], [-70.37511652, -32.05416899], [-70.3752669, -32.05394507], [-70.37541727, -32.05372116], [-70.37599922, -32.05337513], [-70.37678958, -32.05323207], [-70.37742534, -32.05296438], [-70.37772649, -32.05289746], [-70.37802764, -32.05283054], [-70.37825616, -32.05269996], [-70.3784961, -32.05256285], [-70.37871359, -32.05252939], [-70.37893109, -32.05249593], [-70.37929305, -32.05237528], [-70.3800692, -32.05178649], [-70.38025735, -32.05162372], [-70.38034011, -32.05155212], [-70.3804274, -32.05148816], [-70.38054875, -32.05131684], [-70.38083838, -32.05085633], [-70.38140722, -32.05055518], [-70.38187567, -32.05015364], [-70.38204298, -32.04993615], [-70.38221029, -32.04971865], [-70.38233916, -32.04941258], [-70.38247611, -32.04931095], [-70.38261888, -32.04903255], [-70.38272559, -32.04880348], [-70.38318066, -32.04854751], [-70.38378296, -32.0482129], [-70.38393354, -32.04809578], [-70.38409368, -32.04796293], [-70.38420474, -32.04787079], [-70.38444393, -32.04738648], [-70.38452999, -32.04724484], [-70.38533669, -32.04666017], [-70.38550992, -32.04657496], [-70.38568316, -32.04648976], [-70.38682793, -32.04640599], [-70.387631, -32.04587061], [-70.3877983, -32.04585388], [-70.38796561, -32.04583715], [-70.3882333, -32.04540216], [-70.38826676, -32.0447664], [-70.3882333, -32.04389641], [-70.38803253, -32.04339449], [-70.38791542, -32.04326064], [-70.3877983, -32.0431268], [-70.38768861, -32.04303673], [-70.38731017, -32.04272596], [-70.38719956, -32.04255389], [-70.38709075, -32.04238464], [-70.38692889, -32.04222277], [-70.38679527, -32.0421784], [-70.38631293, -32.04184089], [-70.3861103, -32.04159157], [-70.38605832, -32.04144445], [-70.38596678, -32.04110895], [-70.38602389, -32.04085197], [-70.38611669, -32.04058071], [-70.38639293, -32.04014875], [-70.38642994, -32.04007936], [-70.38650887, -32.03993136], [-70.38651644, -32.03961703], [-70.38652357, -32.03943857], [-70.38652357, -32.03923869], [-70.38648308, -32.0389744], [-70.38642639, -32.03887723], [-70.38619216, -32.03869319], [-70.38595794, -32.03850916], [-70.38579703, -32.0381581], [-70.38566654, -32.03787338], [-70.38532195, -32.03751472], [-70.38512141, -32.03737148], [-70.3850705, -32.03730361], [-70.38385782, -32.03630272], [-70.38378296, -32.03626726], [-70.38308028, -32.0357988], [-70.38239732, -32.03548578], [-70.38222627, -32.03521264], [-70.38196386, -32.0350597], [-70.38152812, -32.03490214], [-70.38137376, -32.03489535], [-70.38083838, -32.03479497], [-70.38057069, -32.03466112], [-70.380303, -32.03452728], [-70.37996839, -32.03419267], [-70.37995676, -32.03417523], [-70.37976762, -32.03389152], [-70.37963378, -32.03352344], [-70.37976762, -32.0329546], [-70.37988473, -32.03280403], [-70.38000185, -32.03265345], [-70.38073799, -32.03198423], [-70.38123991, -32.03131501], [-70.38124831, -32.0310938], [-70.381284, -32.03091534], [-70.3813768, -32.03074402], [-70.38174207, -32.03042551], [-70.3819426, -32.0301104], [-70.38171893, -32.02890027], [-70.38150088, -32.02848974], [-70.38063441, -32.02711772], [-70.38019897, -32.02651809], [-70.37984919, -32.02621828], [-70.37936378, -32.02582567], [-70.37894782, -32.02559315], [-70.37869686, -32.02555968], [-70.37779341, -32.02542584], [-70.37768806, -32.02539775], [-70.37678958, -32.02539238], [-70.37585266, -32.02555968], [-70.37514998, -32.02569353], [-70.37384499, -32.02602814], [-70.37354384, -32.0260616], [-70.37324269, -32.02609506], [-70.37267385, -32.02626237], [-70.37263802, -32.0262754], [-70.37230578, -32.02639621], [-70.37190425, -32.02642968], [-70.37120473, -32.02606593], [-70.37089067, -32.02568485], [-70.37080003, -32.02552622], [-70.37056259, -32.02539671], [-70.37043195, -32.02532546], [-70.37040274, -32.02532779], [-70.36959542, -32.02539238], [-70.36895966, -32.0254593], [-70.36792237, -32.0254593], [-70.36762122, -32.02532546], [-70.36748264, -32.02525617], [-70.36721968, -32.02512469], [-70.36645007, -32.02499084], [-70.36619912, -32.02502431], [-70.36594816, -32.02505777], [-70.3653124, -32.02509123], [-70.36506144, -32.0250745], [-70.36481048, -32.02505777], [-70.3642751, -32.02505777], [-70.36333819, -32.02515815], [-70.36266896, -32.02519161], [-70.36233473, -32.02523559], [-70.36155351, -32.02524746], [-70.36041851, -32.02535454], [-70.36020548, -32.025396], [-70.35959777, -32.02559948], [-70.35954049, -32.02561866], [-70.35937822, -32.02564426], [-70.35853407, -32.02577747], [-70.35789484, -32.02594563], [-70.35728171, -32.02599468], [-70.35657903, -32.02629583], [-70.35621096, -32.02629583], [-70.3561258, -32.02624164], [-70.35570718, -32.02612548], [-70.35543381, -32.02602264], [-70.35485057, -32.02608979], [-70.3540772, -32.02606417], [-70.35390214, -32.02609506], [-70.35382277, -32.02611207], [-70.35328999, -32.02622624], [-70.35229503, -32.02629583], [-70.35206177, -32.02629583], [-70.35122524, -32.02632929], [-70.3506541, -32.02659144], [-70.35050733, -32.02675006], [-70.3503776, -32.02694116], [-70.35021776, -32.02738898], [-70.35014637, -32.0276531], [-70.35007499, -32.02810995], [-70.34989561, -32.02876835], [-70.3498868, -32.02883888], [-70.3498366, -32.02898946], [-70.34978641, -32.02914003], [-70.34978641, -32.02967541], [-70.34941834, -32.03021079], [-70.34898334, -32.03084655], [-70.34898311, -32.0308468], [-70.34898287, -32.03084705], [-70.34854116, -32.03131637], [-70.34807446, -32.03270707], [-70.34804643, -32.03285422], [-70.34787913, -32.03345652], [-70.34784566, -32.03415921], [-70.34784566, -32.03445597], [-70.34778502, -32.03474451], [-70.34771182, -32.03484516], [-70.34769077, -32.03510557], [-70.34760511, -32.03532686], [-70.34751945, -32.03567664], [-70.34748376, -32.03599787], [-70.34749803, -32.03639761], [-70.34733385, -32.03681164], [-70.34700914, -32.03730456], [-70.3470004, -32.03736567], [-70.34689841, -32.03751834], [-70.34694471, -32.03783042], [-70.3469482, -32.03791065], [-70.34705545, -32.03818935], [-70.34710542, -32.03841778], [-70.34713398, -32.03859624], [-70.34717681, -32.03876042], [-70.34718395, -32.03890319], [-70.34721964, -32.03906737], [-70.34722678, -32.03914589], [-70.34722924, -32.03931567], [-70.34664143, -32.03974552], [-70.34604634, -32.04036675], [-70.34598131, -32.0404618], [-70.34569202, -32.04069016], [-70.34506839, -32.04115259], [-70.34504159, -32.04123298], [-70.34500147, -32.04135336], [-70.34494032, -32.04148788], [-70.34483416, -32.04172143], [-70.3447212, -32.04200362], [-70.34425592, -32.04227901], [-70.34389725, -32.04262488], [-70.34322802, -32.04275873], [-70.34245842, -32.0426918], [-70.34185612, -32.04272526], [-70.34157169, -32.04275873], [-70.34128728, -32.04279219], [-70.34071844, -32.0431268], [-70.34062328, -32.04321561], [-70.3405048, -32.04350744], [-70.34028589, -32.04367877], [-70.33991469, -32.04391671], [-70.33950377, -32.04397505], [-70.3386485, -32.04451798], [-70.33847654, -32.04473294], [-70.33822558, -32.04486678], [-70.33744314, -32.04485707], [-70.33731754, -32.04482315], [-70.33678844, -32.04479773], [-70.33655177, -32.04485129], [-70.33614826, -32.04488797], [-70.33558407, -32.04481139], [-70.33474859, -32.04501522], [-70.33447049, -32.04518258], [-70.33394305, -32.04526698], [-70.33379197, -32.04533524], [-70.33325659, -32.04546908], [-70.33300564, -32.04550254], [-70.33287896, -32.04551943], [-70.331774, -32.04539604], [-70.33159451, -32.04532965], [-70.33083691, -32.04545072], [-70.3304124, -32.04563639], [-70.3303186, -32.04582398], [-70.33021958, -32.04599279], [-70.33020887, -32.04606061], [-70.33020887, -32.04621051], [-70.33020887, -32.04637469], [-70.33021268, -32.04648629], [-70.3298092, -32.04746313], [-70.32980912, -32.04767388], [-70.32979484, -32.0477988], [-70.32979484, -32.04791659], [-70.32966635, -32.04814858], [-70.32954857, -32.04831277], [-70.3294058, -32.04843769], [-70.32924876, -32.0486447], [-70.32906766, -32.04884035], [-70.32905989, -32.04887142], [-70.32901007, -32.04899974], [-70.32898821, -32.04913011], [-70.32890969, -32.04921934], [-70.32874193, -32.04929072], [-70.32863843, -32.04932642], [-70.32838501, -32.04935497], [-70.32824938, -32.0493514], [-70.32805308, -32.04934069], [-70.32784964, -32.04932285], [-70.32772471, -32.04926574], [-70.32768188, -32.04920863], [-70.3275641, -32.04914796], [-70.32737493, -32.049073], [-70.3272307, -32.04898771], [-70.32673167, -32.04871481], [-70.32595367, -32.04876236], [-70.32574386, -32.04872533], [-70.3250487, -32.04878994], [-70.32432626, -32.04894122], [-70.32414032, -32.04911244], [-70.32395439, -32.04928365], [-70.32377892, -32.04948106], [-70.32341901, -32.04988596], [-70.32320151, -32.05006999], [-70.32298402, -32.05025403], [-70.32231479, -32.0504548], [-70.32201364, -32.0504548], [-70.32171249, -32.0504548], [-70.32111019, -32.05048826], [-70.32087596, -32.05043806], [-70.32064173, -32.05038787], [-70.31967136, -32.05015364], [-70.31866752, -32.04991942], [-70.31793138, -32.04991942], [-70.31646227, -32.04966162], [-70.3155234, -32.04963754], [-70.31545982, -32.04960399], [-70.31504457, -32.04947632], [-70.31430931, -32.04899805], [-70.31426712, -32.04883916], [-70.31415227, -32.04863399], [-70.31384912, -32.04851405], [-70.31344756, -32.04839594], [-70.3130812, -32.04837562], [-70.31299023, -32.04838881], [-70.31236511, -32.04835643], [-70.31201075, -32.04836987], [-70.31168953, -32.04836987], [-70.31142541, -32.04832704], [-70.31116158, -32.04823049], [-70.31067588, -32.04808434], [-70.31030468, -32.04802723], [-70.31010874, -32.04797954], [-70.30866416, -32.04816389], [-70.30777416, -32.04814016], [-70.30753244, -32.0481598], [-70.30716439, -32.04809769], [-70.30672189, -32.04781136], [-70.30621997, -32.04764406], [-70.30600247, -32.04757713], [-70.30578497, -32.04751021], [-70.30477299, -32.04765371], [-70.30469946, -32.04767886], [-70.30395152, -32.04806292], [-70.30361601, -32.04818427], [-70.30296441, -32.04831611], [-70.30207755, -32.04856975], [-70.30141739, -32.04866968], [-70.30093912, -32.04891953], [-70.30067568, -32.04909101], [-70.30051992, -32.0492563], [-70.3003395, -32.04944777], [-70.29994689, -32.04963337], [-70.29943292, -32.04986893], [-70.29914025, -32.05003312], [-70.29866308, -32.05017304], [-70.29829125, -32.05038756], [-70.29817994, -32.05061758], [-70.29806864, -32.0508476], [-70.29812237, -32.05145863], [-70.2981391, -32.05159247], [-70.29815583, -32.05172632], [-70.29772738, -32.05185233], [-70.29758699, -32.05189363], [-70.29755248, -32.05191433], [-70.29725238, -32.05209439], [-70.29702103, -32.05232574], [-70.29691393, -32.05243284], [-70.2968843, -32.05246247], [-70.29634892, -32.05293092], [-70.2955124, -32.05306477], [-70.29534509, -32.05299784], [-70.29517778, -32.05293092], [-70.29470933, -32.05273015], [-70.29465132, -32.05268741], [-70.29459331, -32.05264467], [-70.29407356, -32.0522617], [-70.29393972, -32.05224497], [-70.29380588, -32.05222824], [-70.29346568, -32.05211484], [-70.29330396, -32.05206093], [-70.29308646, -32.05201074], [-70.29286896, -32.05196055], [-70.29267514, -32.05198335], [-70.29215177, -32.05193906], [-70.29153073, -32.05203199], [-70.29148076, -32.05203199], [-70.29062416, -32.0521318], [-70.2902601, -32.05216035], [-70.28978183, -32.05215322], [-70.28938208, -32.05216035], [-70.28902759, -32.05203199], [-70.28884453, -32.05192862], [-70.28793299, -32.05131803], [-70.28755465, -32.05097538], [-70.28719389, -32.0506285], [-70.28713908, -32.05055538], [-70.28691934, -32.05031865], [-70.28683368, -32.05013305], [-70.28680836, -32.04977842], [-70.2867937, -32.0495645], [-70.28677903, -32.04935058], [-70.28648849, -32.04891477], [-70.28646646, -32.04888172], [-70.28644442, -32.04884866], [-70.28604288, -32.04827982], [-70.2859425, -32.04764406], [-70.2859292, -32.04740469], [-70.28592245, -32.04728306], [-70.28590904, -32.04704176], [-70.28564135, -32.04610484], [-70.28549077, -32.04592081], [-70.2853402, -32.04573677], [-70.28532346, -32.04570329], [-70.28507251, -32.04520139], [-70.28462792, -32.04486493], [-70.28440576, -32.04476562], [-70.28423598, -32.04453217], [-70.28403521, -32.0443314], [-70.28389877, -32.04419495], [-70.28390084, -32.04363713], [-70.28398546, -32.04345867], [-70.28402115, -32.04336587], [-70.28403543, -32.04325879], [-70.28400175, -32.04302642], [-70.28403482, -32.04293823], [-70.28413424, -32.04257713], [-70.28415768, -32.04220705], [-70.28412737, -32.04201506], [-70.28411475, -32.04193517], [-70.28410214, -32.04185527], [-70.28396829, -32.04098528], [-70.2839181, -32.04075106], [-70.28386791, -32.04051683], [-70.28381404, -32.04041808], [-70.28366714, -32.04014875], [-70.28366714, -32.03994799], [-70.28366714, -32.03986806], [-70.28364996, -32.03905428], [-70.28360713, -32.03884727], [-70.28358571, -32.03868309], [-70.28342875, -32.03836675], [-70.28336599, -32.03830839], [-70.28286407, -32.03810762], [-70.282061, -32.03777301], [-70.28190204, -32.03775228], [-70.28118722, -32.03755522], [-70.2802735, -32.03764088], [-70.27975838, -32.03776606], [-70.27939548, -32.03784076], [-70.27922416, -32.03786217], [-70.2790457, -32.03786217], [-70.27858104, -32.03773955], [-70.27830331, -32.03759091], [-70.27812485, -32.03749098], [-70.27799636, -32.03742673], [-70.27778934, -32.0372911], [-70.27760296, -32.03709993], [-70.27720914, -32.03690302], [-70.2766403, -32.0368361], [-70.27640607, -32.03673572], [-70.27617184, -32.03663533], [-70.27563646, -32.03663533], [-70.27510108, -32.03643457], [-70.27469367, -32.03622034], [-70.2745509, -32.03610613], [-70.27425585, -32.0358777], [-70.27404705, -32.03573188], [-70.2737961, -32.03569842], [-70.27326072, -32.03556457], [-70.27308517, -32.03550972], [-70.27294914, -32.03546721], [-70.27272534, -32.03539727], [-70.27222316, -32.03519183], [-70.27201915, -32.03493544], [-70.27179072, -32.0348117], [-70.27151332, -32.03474715], [-70.27128984, -32.03469514], [-70.27052002, -32.03473873], [-70.27011537, -32.03486189], [-70.26917845, -32.03536381], [-70.26829224, -32.03561586], [-70.2671566, -32.03679356], [-70.26663541, -32.03733802], [-70.26636772, -32.03748859], [-70.26610003, -32.03763917], [-70.26568979, -32.0378479], [-70.26538521, -32.03791452], [-70.26446043, -32.03810762], [-70.26417601, -32.03812435], [-70.26389159, -32.03814108], [-70.26328064, -32.03783418], [-70.26326272, -32.03782518], [-70.26324481, -32.03781618], [-70.26227811, -32.03690319], [-70.26074331, -32.03399802], [-70.26054547, -32.03354583], [-70.26054547, -32.0333506], [-70.26054547, -32.03315537], [-70.26031124, -32.03251961], [-70.26014433, -32.0323835], [-70.25997741, -32.0322474], [-70.25960856, -32.03140431], [-70.25960856, -32.03064578], [-70.25937433, -32.0301104], [-70.25932221, -32.0299019], [-70.25931834, -32.02988642], [-70.25927395, -32.02970887], [-70.25924049, -32.02924041], [-70.25944125, -32.02897272], [-70.25960856, -32.02870503], [-70.2596656, -32.02865941], [-70.25977587, -32.02857119], [-70.26011048, -32.02816966], [-70.26016067, -32.02795216], [-70.26021086, -32.02773466], [-70.25997663, -32.02729967], [-70.2598839, -32.02729967], [-70.25907379, -32.02703019], [-70.25893934, -32.02693159], [-70.25884973, -32.02684199], [-70.25821828, -32.02646455], [-70.25730102, -32.02590085], [-70.2567309, -32.02569353], [-70.25572706, -32.0254593], [-70.254924, -32.02515815], [-70.25405401, -32.02479008], [-70.25341824, -32.02472316], [-70.25325479, -32.02468393], [-70.25288226, -32.02468948], [-70.25252058, -32.02460382], [-70.2521589, -32.02447533], [-70.25158783, -32.0243278], [-70.25114817, -32.02413054], [-70.25092989, -32.02407597], [-70.25057545, -32.02417075], [-70.25014112, -32.02410413], [-70.24995937, -32.02400958], [-70.24973201, -32.02397896], [-70.24965386, -32.02397028], [-70.24950329, -32.02395355], [-70.24945107, -32.02395355], [-70.24917506, -32.02405654], [-70.24899422, -32.02408033], [-70.24885145, -32.02408033], [-70.24871344, -32.02407558], [-70.24858971, -32.02405178], [-70.24846598, -32.02400895], [-70.24838508, -32.02397088], [-70.24826134, -32.02386142], [-70.24820424, -32.02376149], [-70.24815665, -32.02361872], [-70.24813761, -32.02344264], [-70.24816484, -32.02308356], [-70.24818147, -32.02294223], [-70.24827562, -32.02272166], [-70.24832321, -32.02257295], [-70.24832916, -32.02244208], [-70.24832321, -32.02223982], [-70.24829868, -32.02191242], [-70.24833478, -32.02174998], [-70.24836485, -32.02128209], [-70.24840649, -32.02106794], [-70.24846598, -32.02089543], [-70.24853141, -32.02077645], [-70.24867418, -32.02051471], [-70.248811, -32.0203303], [-70.24914102, -32.01998507], [-70.24930252, -32.01973744], [-70.24951687, -32.01944654], [-70.24959027, -32.01920601], [-70.2496795, -32.01892642], [-70.24978861, -32.01866072], [-70.24980047, -32.01836441], [-70.24980245, -32.01831478], [-70.24980444, -32.01826515], [-70.24990482, -32.01749554], [-70.24987136, -32.01696016], [-70.24988144, -32.01685437], [-70.24989151, -32.01674857], [-70.24995516, -32.01657552], [-70.25007213, -32.01625748], [-70.2500874, -32.01614291], [-70.25004832, -32.01581528], [-70.25001263, -32.01556543], [-70.24999478, -32.01539292], [-70.24998288, -32.01523231], [-70.25004237, -32.015036], [-70.25012629, -32.01482515], [-70.25015374, -32.01452319], [-70.24998883, -32.01413181], [-70.24989365, -32.01388791], [-70.24983417, -32.01364997], [-70.24981622, -32.01334186], [-70.24978316, -32.01325002], [-70.24979253, -32.01300156], [-70.24973304, -32.0128231], [-70.24957021, -32.01257675], [-70.24930876, -32.01216591], [-70.24920526, -32.01200326], [-70.24910175, -32.01184061], [-70.24910175, -32.0112383], [-70.24963713, -32.01056908], [-70.24983511, -32.01005999], [-70.24982483, -32.00972252], [-70.24973751, -32.0092641], [-70.24972855, -32.0090578], [-70.24981037, -32.00878992], [-70.24981037, -32.0086531], [-70.24968712, -32.00840133], [-70.24967059, -32.00831045], [-70.24952484, -32.00809393], [-70.24945345, -32.00793331], [-70.24941776, -32.00783219], [-70.24920792, -32.00745149], [-70.24883406, -32.00705566], [-70.24833215, -32.00662066], [-70.248031, -32.00601836], [-70.24794512, -32.00566054], [-70.2477043, -32.00503653], [-70.24739523, -32.00467991], [-70.24726435, -32.00415592], [-70.2469937, -32.00377646], [-70.24682639, -32.0031407], [-70.24679293, -32.00227071], [-70.24693623, -32.00179266], [-70.24699355, -32.00160143], [-70.24705087, -32.00141021], [-70.24736856, -32.00061598], [-70.24781069, -31.99999859], [-70.24829868, -31.99912536], [-70.24843253, -31.99899152], [-70.24856637, -31.99885767], [-70.24860288, -31.99856564], [-70.2486333, -31.99832229], [-70.2488006, -31.99807134], [-70.24896791, -31.99782038], [-70.24916867, -31.99715115], [-70.2494029, -31.99641501], [-70.24946982, -31.99623098], [-70.24953675, -31.99604693], [-70.24980444, -31.9952104], [-70.24993828, -31.99450772], [-70.2500554, -31.9942233], [-70.25017251, -31.99393888], [-70.25013905, -31.9932362], [-70.24993828, -31.99303543], [-70.24973751, -31.99283466], [-70.24900137, -31.9923662], [-70.2481983, -31.9921989], [-70.24799494, -31.99211417], [-70.24798976, -31.99211201], [-70.24779677, -31.99203159], [-70.24729485, -31.99183083], [-70.2463914, -31.99166352], [-70.24555487, -31.99156314], [-70.24492231, -31.991405], [-70.2438527, -31.99137182], [-70.24307945, -31.99133837], [-70.24220875, -31.99146275], [-70.24140568, -31.99146275], [-70.24036839, -31.99149621], [-70.23896302, -31.99112814], [-70.23769149, -31.99022469], [-70.23685496, -31.99002392], [-70.23615228, -31.99005738], [-70.23578421, -31.99009085], [-70.23541613, -31.99005738], [-70.23474691, -31.98958893], [-70.23461307, -31.98888624], [-70.23444576, -31.98825048], [-70.23391038, -31.98748087], [-70.23344193, -31.98691203], [-70.23294001, -31.98641012], [-70.23267087, -31.9861602], [-70.23219528, -31.98558017], [-70.23168639, -31.98503254], [-70.23153464, -31.98483744], [-70.2309658, -31.98406783], [-70.23039696, -31.98363284], [-70.22966081, -31.98329823], [-70.22902505, -31.98279631], [-70.22879082, -31.98259554], [-70.22855659, -31.98239478], [-70.22802122, -31.98175901], [-70.2275193, -31.98132402], [-70.22685007, -31.98102287], [-70.22663258, -31.98102287], [-70.22641508, -31.98102287], [-70.22577932, -31.98108979], [-70.22557855, -31.98117344], [-70.22537778, -31.9812571], [-70.22450779, -31.98139094], [-70.22377165, -31.98149132], [-70.22316935, -31.98179248], [-70.22250012, -31.9818594], [-70.22226589, -31.98184267], [-70.22203167, -31.98182594], [-70.22132898, -31.98155825], [-70.22119514, -31.98147459], [-70.22106129, -31.98139094], [-70.22012438, -31.98139094], [-70.21905362, -31.98159171], [-70.21731364, -31.98179248], [-70.2165775, -31.98182594], [-70.21547328, -31.98159171], [-70.21483752, -31.98112325], [-70.21457714, -31.98099065], [-70.21431677, -31.98085805], [-70.21396752, -31.98025326], [-70.2132983, -31.97975134], [-70.21311427, -31.97965096], [-70.21293023, -31.97955058], [-70.21202678, -31.97958404], [-70.21177582, -31.9796175], [-70.21152486, -31.97965096], [-70.21085564, -31.97965096], [-70.21077007, -31.97965599], [-70.2102868, -31.97968442], [-70.21015295, -31.97965096], [-70.20994743, -31.97953352], [-70.20974124, -31.97911804], [-70.20936053, -31.97866594], [-70.2090512, -31.97838041], [-70.20884894, -31.97824954], [-70.20848013, -31.97811867], [-70.20815551, -31.97800207], [-70.20811167, -31.97760366], [-70.2082122, -31.97724176], [-70.20841297, -31.97707445], [-70.20861374, -31.97690714], [-70.20918258, -31.97613754], [-70.20948373, -31.97489947], [-70.20938334, -31.97362795], [-70.20955065, -31.97285834], [-70.21008603, -31.97121875], [-70.21011512, -31.97114893], [-70.21042064, -31.97041568], [-70.21062141, -31.96981338], [-70.21072179, -31.96956242], [-70.21082217, -31.96931146], [-70.21082217, -31.96854185], [-70.21058795, -31.96696918], [-70.21035372, -31.96546342], [-70.2102868, -31.96435921], [-70.21027007, -31.96405811], [-70.21025334, -31.96375691], [-70.21038062, -31.96352051], [-70.21048756, -31.96332191], [-70.21052102, -31.96302076], [-70.21052102, -31.96258576], [-70.21015295, -31.96205039], [-70.20948373, -31.96104655], [-70.20931642, -31.96041079], [-70.20943354, -31.9601431], [-70.20955065, -31.95987541], [-70.20971849, -31.95966561], [-70.20995218, -31.95937349], [-70.21005257, -31.9591058], [-70.21015295, -31.95883811], [-70.21017506, -31.95874417], [-70.2102868, -31.95826927], [-70.21040391, -31.95806851], [-70.21052102, -31.95786774], [-70.21072179, -31.9572989], [-70.21080544, -31.9570814], [-70.2108891, -31.9568639], [-70.21113149, -31.95659727], [-70.21122371, -31.95649583], [-70.21135755, -31.9562616], [-70.2114914, -31.95602738], [-70.21157343, -31.95568035], [-70.21176378, -31.9554662], [-70.2124945, -31.95526508], [-70.21272946, -31.95515738], [-70.21319291, -31.95485531], [-70.21350079, -31.95437165], [-70.21361894, -31.95348897], [-70.2137333, -31.95284856], [-70.21430214, -31.95177781], [-70.21513867, -31.95114204], [-70.21617596, -31.95060667], [-70.21691211, -31.95017167], [-70.21791594, -31.95000436], [-70.21804979, -31.94990398], [-70.21818363, -31.9498036], [-70.2194217, -31.94886668], [-70.22025822, -31.94849861], [-70.22142937, -31.94819746], [-70.22216551, -31.94782939], [-70.22266367, -31.94735289], [-70.22293512, -31.94709324], [-70.22357088, -31.94632364], [-70.22357088, -31.94603922], [-70.22357088, -31.9457548], [-70.2234705, -31.94508557], [-70.22360434, -31.94431597], [-70.22403934, -31.94381405], [-70.2246751, -31.94260945], [-70.22511009, -31.94173946], [-70.22554509, -31.941271], [-70.22576259, -31.94110369], [-70.22598008, -31.94093639], [-70.22641508, -31.94050139], [-70.22654892, -31.93973179], [-70.22711776, -31.93896218], [-70.2275193, -31.93869449], [-70.22758622, -31.93847699], [-70.22765314, -31.93825949], [-70.2276866, -31.93745643], [-70.22788737, -31.93665336], [-70.22835583, -31.93598413], [-70.22838929, -31.93571645], [-70.22842275, -31.93544876], [-70.22842275, -31.93467915], [-70.22875736, -31.933943], [-70.22949351, -31.93270494], [-70.22986158, -31.93190187], [-70.23046388, -31.9309315], [-70.23109964, -31.92999459], [-70.23146772, -31.92919152], [-70.23161829, -31.92894056], [-70.23176887, -31.9286896], [-70.23176084, -31.92846485], [-70.23179409, -31.92771669], [-70.23188689, -31.92753823], [-70.23194539, -31.92741146], [-70.23200767, -31.92727652], [-70.23201538, -31.92725983], [-70.23210817, -31.92697429], [-70.23220097, -31.92657454], [-70.23220097, -31.92616766], [-70.2322016, -31.92615982], [-70.23221525, -31.9259892], [-70.23225746, -31.92592396], [-70.23229377, -31.92586784], [-70.23231519, -31.92579646], [-70.23234374, -31.9257108], [-70.23237943, -31.92563228], [-70.2324294, -31.92558945], [-70.23250079, -31.92556803], [-70.23262928, -31.92556089], [-70.23300047, -31.92554662], [-70.23355013, -31.92547733], [-70.23370961, -31.92547733], [-70.2350146, -31.92500887], [-70.23516518, -31.92484157], [-70.23531575, -31.92467426], [-70.23674043, -31.9240377], [-70.23722402, -31.9240309], [-70.23787809, -31.92384787], [-70.23798001, -31.92383513], [-70.23839259, -31.92363855], [-70.23882917, -31.92320197], [-70.23897975, -31.9230012], [-70.23913032, -31.92280043], [-70.24000031, -31.92246582], [-70.24044757, -31.92221983], [-70.24066954, -31.92209775], [-70.24080338, -31.92188025], [-70.24093723, -31.92166275], [-70.24103761, -31.92106045], [-70.24107107, -31.92080949], [-70.24110453, -31.92055854], [-70.24099308, -31.91999533], [-70.2408408, -31.91978594], [-70.24055299, -31.91951762], [-70.2403649, -31.91929101], [-70.2402795, -31.91884993], [-70.24027109, -31.91847686], [-70.24028332, -31.91814052], [-70.24029268, -31.91788306], [-70.24072916, -31.91775413], [-70.2409205, -31.91769761], [-70.24110453, -31.91764741], [-70.2422859, -31.91735482], [-70.24301182, -31.91711204], [-70.2437145, -31.91674396], [-70.24485218, -31.91664358], [-70.24521186, -31.91667486], [-70.24660861, -31.91687348], [-70.24698932, -31.91680686], [-70.24746518, -31.91642419], [-70.24839907, -31.91584051], [-70.24963713, -31.91537205], [-70.25080827, -31.91527167], [-70.25211326, -31.91510437], [-70.25288286, -31.91510437], [-70.25392016, -31.91510437], [-70.254924, -31.91463591], [-70.25602821, -31.91400015], [-70.25683128, -31.91353169], [-70.25840396, -31.91302977], [-70.25887241, -31.91256132], [-70.25944125, -31.9120594], [-70.26041163, -31.91182517], [-70.26151585, -31.91182517], [-70.26272045, -31.9114571], [-70.26355698, -31.91092172], [-70.26402543, -31.91031942], [-70.26449389, -31.90951635], [-70.26489542, -31.90767599], [-70.26516311, -31.90683946], [-70.26563157, -31.90623716], [-70.26690309, -31.90496563], [-70.26790693, -31.90416256], [-70.26860961, -31.90369411], [-70.26901115, -31.90285758], [-70.26897769, -31.90205451], [-70.26884384, -31.90178682], [-70.26871, -31.90151913], [-70.26867654, -31.90061568], [-70.26864308, -31.89977915], [-70.26859288, -31.89951146], [-70.26854269, -31.89924377], [-70.26840885, -31.89867493], [-70.26860961, -31.89807263], [-70.26901115, -31.89730302], [-70.26927884, -31.89670072], [-70.26974729, -31.8960315], [-70.27021575, -31.89532881], [-70.27071767, -31.89455921], [-70.27121959, -31.89352191], [-70.27138689, -31.89238423], [-70.27169617, -31.89135211], [-70.27207877, -31.8905732], [-70.27255803, -31.89024272], [-70.27279226, -31.89007541], [-70.27302649, -31.8899081], [-70.27423109, -31.88917196], [-70.27503416, -31.8885362], [-70.27573684, -31.88803428], [-70.27623876, -31.88753236], [-70.27700837, -31.88699698], [-70.27817951, -31.8864616], [-70.27829662, -31.8862943], [-70.27841374, -31.88612699], [-70.27898258, -31.88549123], [-70.27955142, -31.8846547], [-70.28005333, -31.88408586], [-70.28092332, -31.88395202], [-70.28212793, -31.8834501], [-70.28303138, -31.88308203], [-70.28457059, -31.88298164], [-70.28580866, -31.88294818], [-70.28694633, -31.88278088], [-70.28795017, -31.8828478], [-70.28820913, -31.88290665], [-70.28892732, -31.88295744], [-70.2894627, -31.88308593], [-70.29002241, -31.8832544], [-70.29034072, -31.88337146], [-70.29090466, -31.8834714], [-70.29115633, -31.88346939], [-70.29176126, -31.88372838], [-70.2921396, -31.88387829], [-70.29252507, -31.88403533], [-70.29286771, -31.88422093], [-70.29308186, -31.88440653], [-70.29326032, -31.88457785], [-70.29346734, -31.8846421], [-70.29390992, -31.88455432], [-70.29418117, -31.88455432], [-70.29443816, -31.88463496], [-70.2949307, -31.88465637], [-70.29512344, -31.8846421], [-70.29557348, -31.88455642], [-70.29637266, -31.8844565], [-70.29675099, -31.8844565], [-70.29702225, -31.88447791], [-70.29735458, -31.88463261], [-70.29762901, -31.884792], [-70.29807873, -31.88492763], [-70.29844279, -31.88502043], [-70.29884254, -31.88506326], [-70.29913521, -31.88507754], [-70.29939389, -31.88498931], [-70.30036426, -31.88475508], [-70.30111968, -31.88484197], [-70.30134097, -31.88491335], [-70.30164078, -31.88502043], [-70.30189063, -31.88509181], [-70.30215475, -31.88510609], [-70.3024617, -31.88510609], [-70.30284717, -31.88510609], [-70.30324811, -31.88501806], [-70.30411191, -31.88452086], [-70.30471422, -31.88435355], [-70.30498661, -31.88432761], [-70.30536702, -31.88437798], [-70.30564542, -31.88454216], [-70.30595237, -31.88464923], [-70.30622363, -31.88471348], [-70.30675535, -31.88472162], [-70.30749149, -31.88462124], [-70.30812725, -31.88385163], [-70.30836148, -31.88321587], [-70.30852932, -31.88282181], [-70.30876302, -31.88264703], [-70.3099007, -31.8824128], [-70.31087107, -31.88227896], [-70.31117053, -31.88226501], [-70.31136326, -31.88221505], [-70.31157028, -31.88209369], [-70.31180798, -31.88191089], [-70.31223172, -31.88172093], [-70.31277666, -31.88171536], [-70.31318355, -31.88157259], [-70.31419006, -31.88121922], [-70.31425065, -31.8812082], [-70.31512064, -31.88117474], [-70.31612447, -31.88087359], [-70.31706139, -31.88067282], [-70.31783099, -31.88070628], [-70.31829854, -31.8809263], [-70.31849451, -31.88132989], [-70.31861586, -31.88160114], [-70.31873007, -31.88180102], [-70.3189585, -31.88199376], [-70.31942152, -31.88220676], [-70.31947059, -31.8822455], [-70.32087596, -31.88251319], [-70.32161211, -31.88274741], [-70.32189653, -31.88279761], [-70.32218095, -31.8828478], [-70.32301748, -31.88311549], [-70.32382054, -31.8834501], [-70.32495822, -31.88381817], [-70.32699935, -31.88415278], [-70.32776896, -31.88438701], [-70.32850511, -31.88438701], [-70.33041239, -31.88442047], [-70.33242006, -31.88401894], [-70.33312275, -31.88395202], [-70.33340717, -31.88401894], [-70.33369159, -31.88408586], [-70.33452812, -31.88472162], [-70.33536465, -31.88505624], [-70.33606733, -31.88529046], [-70.33727193, -31.88555815], [-70.33871076, -31.885692], [-70.34024998, -31.88582584], [-70.34198996, -31.88619392], [-70.34336187, -31.88639468], [-70.34360694, -31.88649609], [-70.34487558, -31.88716569], [-70.34519567, -31.88730392], [-70.34533376, -31.88762171], [-70.34577107, -31.88830197], [-70.3457878, -31.88848601], [-70.34580453, -31.88867004], [-70.34690875, -31.8897408], [-70.34709279, -31.88984118], [-70.34727682, -31.88994157], [-70.34734375, -31.89044348], [-70.34794605, -31.89057733], [-70.34813008, -31.89041002], [-70.34831412, -31.89024272], [-70.34853835, -31.89019551], [-70.34894988, -31.89010887], [-70.34911719, -31.88989137], [-70.34928449, -31.88967388], [-70.35002064, -31.88897119], [-70.35030506, -31.88887081], [-70.35058948, -31.88877043], [-70.35159331, -31.88846927], [-70.3516937, -31.88830197], [-70.35179408, -31.88813466], [-70.3524633, -31.88813466], [-70.35323291, -31.8881012], [-70.3541029, -31.88766621], [-70.35463828, -31.88682968], [-70.35477212, -31.88599315], [-70.35497289, -31.88575892], [-70.35517366, -31.88552469], [-70.35577596, -31.88492239], [-70.35591778, -31.88480296], [-70.3573326, -31.88406249], [-70.35772553, -31.88363663], [-70.35792476, -31.88350892], [-70.35815554, -31.88320325], [-70.35822458, -31.8831118], [-70.35862016, -31.88258011], [-70.35942323, -31.88201127], [-70.36072821, -31.88147589], [-70.36136397, -31.8812082], [-70.36220769, -31.88116534], [-70.3632378, -31.88087359], [-70.36377318, -31.88063936], [-70.36402414, -31.88065609], [-70.3642751, -31.88067282], [-70.36551316, -31.88107436], [-70.36582595, -31.88115667], [-70.36645926, -31.88152951], [-70.36678142, -31.88165416], [-70.36697744, -31.88173001], [-70.36726655, -31.88180769], [-70.36819005, -31.88197781], [-70.36976273, -31.88237934], [-70.37066618, -31.88244626], [-70.37140233, -31.88271395], [-70.37243962, -31.88328279], [-70.37330961, -31.88418624], [-70.3740123, -31.88462124], [-70.3752169, -31.88488893], [-70.3762542, -31.88488893], [-70.37655535, -31.88485547], [-70.3768565, -31.88482201], [-70.37725803, -31.88421971], [-70.37759264, -31.88365087], [-70.37789379, -31.88304857], [-70.3780611, -31.88194435], [-70.37814475, -31.88179377], [-70.3782284, -31.8816432], [-70.37856302, -31.88124166], [-70.37856302, -31.8806059], [-70.37859648, -31.88030475], [-70.37862994, -31.8800036], [-70.37929916, -31.87973591], [-70.3815076, -31.87950168], [-70.38318066, -31.87943476], [-70.3849541, -31.87936784], [-70.38520506, -31.8794013], [-70.38528359, -31.87941177], [-70.3856452, -31.8795598], [-70.38606398, -31.87956932], [-70.38666526, -31.87949929], [-70.38735841, -31.87936945], [-70.38786216, -31.87947209], [-70.38803253, -31.87946822], [-70.38967212, -31.8795686], [-70.39004578, -31.87960835], [-70.39160316, -31.87968216], [-70.39191402, -31.87963553], [-70.39254978, -31.87923399], [-70.3934867, -31.87859823], [-70.39426788, -31.87826682], [-70.39459092, -31.87812977], [-70.39546091, -31.87769478], [-70.39629744, -31.87712594], [-70.39723435, -31.87632287], [-70.39817126, -31.87572057], [-70.39964355, -31.87525211], [-70.40041316, -31.87485058], [-70.40161776, -31.87468327], [-70.40335774, -31.87424828], [-70.40412735, -31.87367944], [-70.40529849, -31.87260868], [-70.40586733, -31.87193946], [-70.40600117, -31.87080178], [-70.40636925, -31.86999871], [-70.40687116, -31.86942987], [-70.40730616, -31.86832565], [-70.4074562, -31.86826041], [-70.40822323, -31.86786815], [-70.40832722, -31.86781498], [-70.40860727, -31.86752413], [-70.40887254, -31.86720517], [-70.40897922, -31.86685336], [-70.4096819, -31.86635144], [-70.4107192, -31.86601683], [-70.41209111, -31.86651875], [-70.41232534, -31.86658567], [-70.41255956, -31.86665259], [-70.41306148, -31.86661913], [-70.41331244, -31.86650202], [-70.4135634, -31.8663849], [-70.41386455, -31.86591645], [-70.41396493, -31.86494607], [-70.41466762, -31.86437723], [-70.41490185, -31.86422666], [-70.41513607, -31.86407608], [-70.41567145, -31.8633734], [-70.41637414, -31.86323955], [-70.41704336, -31.86323955], [-70.41801373, -31.86260379], [-70.4186495, -31.86193457], [-70.4192518, -31.86153303], [-70.42055678, -31.86133227], [-70.42156062, -31.86099765], [-70.42202907, -31.86039535], [-70.42283214, -31.85972613], [-70.42473943, -31.85771846], [-70.42530827, -31.8570827], [-70.42611134, -31.8554431], [-70.42657763, -31.85451161], [-70.42666378, -31.85440134], [-70.42699391, -31.85405807], [-70.42728248, -31.85390389], [-70.42762666, -31.85390389], [-70.42771747, -31.85390389], [-70.42835324, -31.85400427], [-70.42955784, -31.85403773], [-70.43042783, -31.85413811], [-70.43196704, -31.85397081], [-70.43323857, -31.85333505], [-70.4346774, -31.85263236], [-70.43561431, -31.85186276], [-70.43638392, -31.85129392], [-70.43701968, -31.85109315], [-70.43832466, -31.85112661], [-70.4393285, -31.85075854], [-70.44006464, -31.85059123], [-70.44076733, -31.85069161], [-70.44150348, -31.85122699], [-70.44213924, -31.85126045], [-70.44230654, -31.85129392], [-70.44247385, -31.85132738], [-70.44304269, -31.85176237], [-70.44354461, -31.85179583], [-70.44391268, -31.85186276], [-70.44406851, -31.85200127], [-70.44421383, -31.85213044], [-70.44494998, -31.85219737], [-70.44499076, -31.85220416], [-70.44535151, -31.85226429], [-70.44537974, -31.8522737], [-70.44565266, -31.85236467], [-70.44645573, -31.85239813], [-70.44735918, -31.85226429], [-70.4480284, -31.85186276], [-70.44817898, -31.85169545], [-70.44832955, -31.85152814], [-70.44899606, -31.85125548], [-70.4490657, -31.85122699], [-70.44926647, -31.85110988], [-70.44946723, -31.85099277], [-70.45003607, -31.85059123], [-70.45047107, -31.84982162], [-70.4507053, -31.84962086], [-70.45093952, -31.84942009], [-70.45160875, -31.84908548], [-70.45185971, -31.84911894], [-70.45211067, -31.8491524], [-70.45277989, -31.84938663], [-70.45301412, -31.84947028], [-70.45324835, -31.84955393], [-70.45411834, -31.84925278], [-70.45508871, -31.84881779], [-70.45555717, -31.84821549], [-70.45558741, -31.8477014], [-70.45559063, -31.84764665], [-70.45558038, -31.84751338], [-70.45555717, -31.84721165], [-70.45592524, -31.84637512], [-70.45636023, -31.84567244], [-70.45679523, -31.84523744], [-70.45707965, -31.84512033], [-70.45736407, -31.84500322], [-70.45815536, -31.84494235], [-70.45819471, -31.84493932], [-70.45823406, -31.84493629], [-70.45893674, -31.84476899], [-70.4598402, -31.84443438], [-70.4604425, -31.84386554], [-70.46074365, -31.84296208], [-70.46071019, -31.84222594], [-70.46077711, -31.84128903], [-70.46069346, -31.84102134], [-70.4606098, -31.84075365], [-70.46030865, -31.84005096], [-70.46014135, -31.83911405], [-70.46012391, -31.83907143], [-70.46010647, -31.8390288], [-70.4598402, -31.8383779], [-70.45953905, -31.83754138], [-70.45903713, -31.837006], [-70.45888655, -31.83680523], [-70.45873598, -31.83660446], [-70.45850175, -31.8359687], [-70.45816714, -31.83519909], [-70.45816714, -31.83496486], [-70.45816714, -31.83473064], [-70.45806675, -31.83426218], [-70.45843483, -31.83396103], [-70.45855895, -31.83386036], [-70.45868308, -31.8337597], [-70.45886613, -31.8334634], [-70.45913751, -31.83302412], [-70.45929812, -31.83288821], [-70.45933605, -31.83285613], [-70.45952929, -31.83269261], [-70.45957251, -31.83265604], [-70.45987366, -31.83218759], [-70.45977327, -31.83151836], [-70.45967289, -31.8307153], [-70.45963943, -31.83043088], [-70.45960597, -31.83014646], [-70.45960597, -31.82944377], [-70.45953905, -31.8286407], [-70.4594052, -31.82840648], [-70.45927136, -31.82817225], [-70.45873598, -31.8272688], [-70.45846829, -31.82633188], [-70.45838463, -31.82611439], [-70.45830098, -31.82589689], [-70.45774117, -31.82547941], [-70.45719676, -31.82492651], [-70.45669485, -31.82429075], [-70.45632677, -31.82311961], [-70.45615947, -31.82224962], [-70.45592524, -31.82137963], [-70.45555717, -31.82014157], [-70.45522255, -31.81880312], [-70.45512217, -31.81793313], [-70.45503852, -31.81781602], [-70.45495487, -31.8176989], [-70.45462025, -31.81713006], [-70.45446819, -31.81666143], [-70.45469173, -31.81620332], [-70.45482102, -31.81585854], [-70.45488642, -31.81561331], [-70.45494875, -31.81537954], [-70.45495487, -31.81535662], [-70.45482102, -31.81472086], [-70.45460352, -31.81452009], [-70.45438603, -31.81431932], [-70.45368334, -31.81344933], [-70.45304758, -31.81247896], [-70.45234489, -31.81167589], [-70.45160875, -31.81114051], [-70.45160223, -31.81113522], [-70.45159572, -31.81112993], [-70.45107337, -31.81070552], [-70.45097336, -31.81037216], [-70.45097299, -31.81037091], [-70.45100645, -31.81003629], [-70.45137452, -31.80973514], [-70.45167567, -31.8091663], [-70.45224451, -31.80866439], [-70.45308104, -31.80876477], [-70.45378372, -31.80883169], [-70.45438603, -31.80853054], [-70.45562409, -31.80812901], [-70.4571633, -31.80759363], [-70.45816714, -31.80722556], [-70.45831771, -31.80704152], [-70.45846829, -31.80685748], [-70.45897021, -31.80652287], [-70.45960597, -31.80598749], [-70.46004096, -31.8057198], [-70.46009115, -31.80551904], [-70.46014135, -31.80531827], [-70.45955856, -31.80509163], [-70.45953905, -31.80508404], [-70.45947281, -31.80502608], [-70.45942774, -31.80498665], [-70.45927136, -31.80484981], [-70.45890328, -31.80448174], [-70.4588029, -31.8039129], [-70.45871925, -31.80366194], [-70.45863559, -31.80341098], [-70.45839243, -31.80299947], [-70.4582006, -31.80267484], [-70.45810022, -31.80240715], [-70.45799983, -31.80213946], [-70.45805052, -31.80145154], [-70.45807875, -31.80106847], [-70.45802447, -31.80095059], [-70.4579702, -31.80083271], [-70.45787733, -31.80020806], [-70.45786599, -31.80013179], [-70.45781579, -31.79989756], [-70.4577656, -31.79966333], [-70.45753138, -31.79922834], [-70.45723022, -31.79906103], [-70.45721224, -31.79905461], [-70.45713952, -31.79902863], [-70.45676177, -31.79889372], [-70.45642716, -31.7986595], [-70.45636023, -31.79829142], [-70.45650847, -31.79752258], [-70.4565292, -31.79621792], [-70.456996, -31.79571491], [-70.45719676, -31.79564799], [-70.45739753, -31.79558107], [-70.45813368, -31.79527992], [-70.45830098, -31.79512934], [-70.45846829, -31.79497877], [-70.45920443, -31.79454377], [-70.4598402, -31.79427608], [-70.46071019, -31.79380763], [-70.46077711, -31.7935734], [-70.46084403, -31.79333917], [-70.4616471, -31.79263649], [-70.46214902, -31.79196726], [-70.4626844, -31.7913315], [-70.46301901, -31.79076266], [-70.46318631, -31.78989267], [-70.46298555, -31.78912306], [-70.46290422, -31.78803398], [-70.46278478, -31.78708193], [-70.46275132, -31.78604464], [-70.46305247, -31.78554272], [-70.46323509, -31.78539122], [-70.46341771, -31.78523971], [-70.46402284, -31.78450542], [-70.46439091, -31.78423773], [-70.4644913, -31.78407043], [-70.46459168, -31.78390312], [-70.46442438, -31.7834012], [-70.46420688, -31.78320044], [-70.46398938, -31.78299967], [-70.46370948, -31.78235597], [-70.46342054, -31.78149392], [-70.46332016, -31.78062393], [-70.46346508, -31.77938224], [-70.46395592, -31.77868318], [-70.46439091, -31.7781478], [-70.46499322, -31.77741165], [-70.46536129, -31.77677589], [-70.46557878, -31.7765584], [-70.46579628, -31.7763409], [-70.4662982, -31.77583898], [-70.46656589, -31.77543745], [-70.46669973, -31.77525341], [-70.46683358, -31.77506937], [-70.46720165, -31.77473476], [-70.46721874, -31.77472233], [-70.46756973, -31.77446707], [-70.46770357, -31.77413246], [-70.46749025, -31.77353829], [-70.46739854, -31.77339648], [-70.46726858, -31.77319555], [-70.4673355, -31.77279401], [-70.46763665, -31.77235902], [-70.46763665, -31.7718571], [-70.46761992, -31.7716396], [-70.46760319, -31.7714221], [-70.46773703, -31.77097596], [-70.46780395, -31.77075288], [-70.46782068, -31.77050192], [-70.46783742, -31.77025096], [-70.46790434, -31.76971559], [-70.46807164, -31.76907982], [-70.46807164, -31.76877867], [-70.46807164, -31.76847752], [-70.46836802, -31.76738951], [-70.46830587, -31.76663716], [-70.46842865, -31.76645299], [-70.46850664, -31.76633601], [-70.46860702, -31.76603486], [-70.46840626, -31.76493064], [-70.46803818, -31.76399373], [-70.46800472, -31.76265528], [-70.46780395, -31.76198606], [-70.46768684, -31.76185221], [-70.46756973, -31.76171837], [-70.46747194, -31.76130767], [-70.46740242, -31.76101568], [-70.46742765, -31.76088951], [-70.46746934, -31.76068107], [-70.46783742, -31.7604803], [-70.46857356, -31.760313], [-70.46885798, -31.760313], [-70.4691424, -31.760313], [-70.47014624, -31.76001185], [-70.47081546, -31.75950993], [-70.47168545, -31.75910839], [-70.47202006, -31.75877378], [-70.47203679, -31.75858975], [-70.47205352, -31.75840571], [-70.47161853, -31.75790379], [-70.47121699, -31.75736841], [-70.47064815, -31.75666573], [-70.47056802, -31.75660409], [-70.47041062, -31.75648301], [-70.47021316, -31.75633112], [-70.46961086, -31.75596304], [-70.46890817, -31.75549459], [-70.46837279, -31.75482536], [-70.46837279, -31.75382153], [-70.46843972, -31.752985], [-70.46870741, -31.75201463], [-70.46876829, -31.75168655], [-70.46870741, -31.75092046], [-70.46870741, -31.7507431], [-70.46848152, -31.74959703], [-70.46845096, -31.74956668], [-70.46842041, -31.74953632], [-70.46761384, -31.74847991], [-70.46612693, -31.7471771], [-70.46559552, -31.74646007], [-70.46499322, -31.74602508], [-70.46472806, -31.74595142], [-70.46462577, -31.74592301], [-70.46439091, -31.74585777], [-70.46375515, -31.7454897], [-70.46315285, -31.74512163], [-70.46265093, -31.74468663], [-70.46248363, -31.74448586], [-70.46231632, -31.7442851], [-70.46231632, -31.74371626], [-70.46231632, -31.74341511], [-70.46231632, -31.74311396], [-70.46208209, -31.74184243], [-70.46168878, -31.7410494], [-70.46105879, -31.73984655], [-70.4610448, -31.73896477], [-70.46077711, -31.73822863], [-70.46067672, -31.73772671], [-70.46059307, -31.73750921], [-70.46050942, -31.73729171], [-70.46050942, -31.73706813], [-70.46050942, -31.73678979], [-70.46040904, -31.73653884], [-70.46030865, -31.73628788], [-70.45973981, -31.73548481], [-70.45969702, -31.73543214], [-70.45930482, -31.73494943], [-70.45863966, -31.73457367], [-70.458609, -31.7344591], [-70.45857835, -31.73434454], [-70.45803329, -31.73397906], [-70.45796637, -31.73334329], [-70.45799983, -31.73310907], [-70.45803329, -31.73287484], [-70.4583679, -31.732306], [-70.45839724, -31.73228733], [-70.45850037, -31.7322217], [-70.45873598, -31.73207177], [-70.45917097, -31.73153639], [-70.45950558, -31.73100101], [-70.45967289, -31.73078352], [-70.4598402, -31.73056602], [-70.46033825, -31.73017864], [-70.4604425, -31.73009756], [-70.46059307, -31.72994699], [-70.46074365, -31.72979641], [-70.46088013, -31.72933239], [-70.46091095, -31.72922757], [-70.46095908, -31.72913733], [-70.46105683, -31.72895405], [-70.46117864, -31.72872565], [-70.46178094, -31.72839104], [-70.46231632, -31.72815681], [-70.46243654, -31.72800655], [-70.46244562, -31.72799519], [-70.46258401, -31.7278222], [-70.4626776, -31.72751803], [-70.46271786, -31.72738721], [-70.46271786, -31.72726274], [-70.46271786, -31.72705259], [-70.46291862, -31.72641683], [-70.46298555, -31.7255803], [-70.4630692, -31.72537954], [-70.46315285, -31.72517877], [-70.463454, -31.72467685], [-70.46395592, -31.72414147], [-70.46407303, -31.72389051], [-70.46419015, -31.72363956], [-70.46422361, -31.72283649], [-70.46455822, -31.72226765], [-70.46495975, -31.72156496], [-70.46512706, -31.72062805], [-70.46546167, -31.72005921], [-70.46572936, -31.71959075], [-70.4658632, -31.71938999], [-70.46599705, -31.71918922], [-70.4661309, -31.71875422], [-70.46613533, -31.71873583], [-70.46613977, -31.71871745], [-70.46636512, -31.71778385], [-70.46623128, -31.7170477], [-70.46606507, -31.7166488], [-70.46588681, -31.71617026], [-70.46574846, -31.71597517], [-70.46568804, -31.71588996], [-70.46556269, -31.71571321], [-70.465259, -31.71531925], [-70.46508874, -31.71509838], [-70.46478239, -31.71485886], [-70.46460034, -31.71471652], [-70.46457176, -31.71469966], [-70.46391409, -31.71431169], [-70.46379805, -31.71424324], [-70.46348193, -31.71401783], [-70.46341679, -31.71385062], [-70.46346687, -31.71373892], [-70.4636556, -31.71370282], [-70.46382513, -31.71369324], [-70.46447576, -31.71360942], [-70.46449291, -31.71360869], [-70.46496662, -31.71358852], [-70.46497374, -31.71358555], [-70.46543687, -31.71339225], [-70.46554772, -31.71330414], [-70.46566888, -31.71320784], [-70.46579711, -31.71295131], [-70.46586538, -31.71281474], [-70.46593314, -31.71262656], [-70.46593383, -31.71262465], [-70.46603652, -31.71233943], [-70.46628778, -31.71194286], [-70.46637122, -31.71181455], [-70.4664655, -31.71161027], [-70.46656589, -31.71139277], [-70.46713473, -31.71075701], [-70.46746934, -31.71035547], [-70.46758646, -31.71022163], [-70.46770357, -31.71008778], [-70.46790434, -31.70978663], [-70.46805542, -31.70955161], [-70.46805645, -31.70955001], [-70.46820549, -31.70931817], [-70.46850664, -31.7087828], [-70.46865721, -31.70851511], [-70.46880779, -31.70824742], [-70.46877433, -31.70754473], [-70.46857356, -31.70687551], [-70.46837279, -31.70623975], [-70.46803818, -31.7053363], [-70.46777049, -31.70446631], [-70.46767011, -31.70362978], [-70.46753626, -31.70262594], [-70.46740242, -31.70182287], [-70.46730204, -31.70065173], [-70.46763665, -31.69971482], [-70.46817203, -31.69847676], [-70.46897509, -31.69737254], [-70.46967778, -31.69677024], [-70.47038046, -31.69670331], [-70.47185276, -31.69606755], [-70.4720595, -31.69600753], [-70.47226624, -31.69594751], [-70.47289005, -31.6957664], [-70.4736262, -31.69539833], [-70.47407204, -31.69495249], [-70.4742285, -31.69479603], [-70.47463003, -31.69449488], [-70.47519887, -31.69416027], [-70.47548097, -31.69416027], [-70.47550979, -31.69416027], [-70.47573425, -31.69416027], [-70.47653732, -31.69419373], [-70.47754115, -31.69449488], [-70.47828445, -31.694695], [-70.4784161, -31.69468702], [-70.478493, -31.69468236], [-70.47846483, -31.69427275], [-70.47841706, -31.69398402], [-70.47842929, -31.69376082], [-70.47854499, -31.69342412], [-70.47864537, -31.69322335], [-70.47874576, -31.69302259], [-70.47914729, -31.69258759], [-70.47988535, -31.69254509], [-70.47997536, -31.69249009], [-70.48006536, -31.69243508], [-70.48075343, -31.69242028], [-70.48103785, -31.69245375], [-70.48132227, -31.69248721], [-70.48199149, -31.69238682], [-70.48259379, -31.69245375], [-70.48289494, -31.69247048], [-70.48319609, -31.69248721], [-70.48346378, -31.69201875], [-70.4835809, -31.69185144], [-70.48369801, -31.69168414], [-70.48443416, -31.69094799], [-70.48493607, -31.69057992], [-70.48515976, -31.69041525], [-70.48538345, -31.69025059], [-70.48705627, -31.68967852], [-70.48732957, -31.68961896], [-70.48752585, -31.68957619], [-70.48767989, -31.68954262], [-70.48808142, -31.68957609], [-70.48829892, -31.6896932], [-70.48851642, -31.68981031], [-70.48931949, -31.68997762], [-70.48953698, -31.68999435], [-70.48975448, -31.69001108], [-70.49122677, -31.69027877], [-70.49142754, -31.69037915], [-70.49162831, -31.69047954], [-70.49233099, -31.6911153], [-70.49243364, -31.69125644], [-70.49253628, -31.69139757], [-70.49286637, -31.69185144], [-70.49336829, -31.69225298], [-70.49500788, -31.69322335], [-70.49718286, -31.69365835], [-70.4977517, -31.69399296], [-70.49942476, -31.69392604], [-70.50049552, -31.69379219], [-70.50156627, -31.69325681], [-70.50246973, -31.69272144], [-70.50303857, -31.69238682], [-70.50337318, -31.69195183], [-70.50345683, -31.69185145], [-70.50354048, -31.69175106], [-70.5044774, -31.69165068], [-70.50531392, -31.69155029], [-70.50594969, -31.69134953], [-70.50681968, -31.69084761], [-70.50712083, -31.69079742], [-70.50742198, -31.69074723], [-70.50866004, -31.69091453], [-70.51023272, -31.69088107], [-70.51100232, -31.69061338], [-70.5119727, -31.69011146], [-70.51264192, -31.68994416], [-70.5127925, -31.68986051], [-70.51294307, -31.68977685], [-70.51297653, -31.68934186], [-70.51294307, -31.68912436], [-70.51290961, -31.68890686], [-70.51300999, -31.68840494], [-70.51327768, -31.6878361], [-70.51318113, -31.68754646], [-70.51314384, -31.68743457], [-70.51308694, -31.68725511], [-70.51303046, -31.68704321], [-70.51287615, -31.6864642], [-70.51160462, -31.68465729], [-70.51120309, -31.68382076], [-70.51103578, -31.68315154], [-70.51113617, -31.68224809], [-70.51140386, -31.68147848], [-70.51183885, -31.68080926], [-70.51220693, -31.68010657], [-70.51237423, -31.6791362], [-70.51254154, -31.67823275], [-70.51250808, -31.6774966], [-70.51224039, -31.67682738], [-70.51207308, -31.6756897], [-70.51207308, -31.67556441], [-70.51208614, -31.67510756], [-70.51217369, -31.67440279], [-70.51210518, -31.67372747], [-70.51170543, -31.6732611], [-70.51113436, -31.67249015], [-70.51100358, -31.67220368], [-70.51093448, -31.67205233], [-70.51091545, -31.67157644], [-70.51088328, -31.67112202], [-70.51083931, -31.67050092], [-70.51080767, -31.67023992], [-70.51078485, -31.67005166], [-70.51076316, -31.66987274], [-70.51074413, -31.66944444], [-70.51097256, -31.66893048], [-70.51100101, -31.668774], [-70.5110487, -31.66851169], [-70.51100232, -31.66769248], [-70.51080156, -31.66685595], [-70.51063425, -31.6659525], [-70.51056733, -31.66558443], [-70.51052022, -31.66547451], [-70.51046694, -31.6653502], [-70.5103331, -31.66471444], [-70.51033129, -31.66467277], [-70.51032948, -31.6646311], [-70.51029964, -31.66394483], [-70.51014906, -31.66379425], [-70.50999849, -31.66364368], [-70.50988556, -31.66354957], [-70.50939619, -31.66314176], [-70.50921215, -31.66292426], [-70.50902811, -31.66270677], [-70.50850073, -31.66234419], [-70.50849674, -31.66234144], [-70.50849274, -31.66233869], [-70.50752236, -31.662071], [-70.50678622, -31.66183678], [-70.50581584, -31.66136832], [-70.50491239, -31.66106717], [-70.50420971, -31.66089986], [-70.50394202, -31.66049833], [-70.50390856, -31.6602641], [-70.50380817, -31.65969526], [-70.50387509, -31.65949449], [-70.50394202, -31.65929373], [-70.5046447, -31.65825643], [-70.50514662, -31.65782144], [-70.50517699, -31.65778239], [-70.50523482, -31.65770804], [-70.50538085, -31.65752029], [-70.50540211, -31.65707368], [-70.50541431, -31.6568176], [-70.50553142, -31.65658337], [-70.50564854, -31.65634914], [-70.50625084, -31.65554608], [-70.50658545, -31.65491031], [-70.50678622, -31.65427455], [-70.50678622, -31.65340456], [-70.50676158, -31.65326496], [-70.50672987, -31.65308524], [-70.50668583, -31.65283572], [-70.50675275, -31.65226688], [-70.50698698, -31.65211631], [-70.50722121, -31.65196573], [-70.50774317, -31.6518471], [-70.50785026, -31.65182277], [-70.50795736, -31.65179843], [-70.50872696, -31.65149727], [-70.50946311, -31.65102882], [-70.5103331, -31.65049344], [-70.51120309, -31.64995806], [-70.51180539, -31.64935576], [-70.51190578, -31.64917172], [-70.51200616, -31.64898769], [-70.51234077, -31.64808424], [-70.51260846, -31.6475154], [-70.51361229, -31.64731463], [-70.51501766, -31.64724771], [-70.51655688, -31.64691309], [-70.51695841, -31.64637772], [-70.51749379, -31.64597618], [-70.51850397, -31.64545877], [-70.5188657, -31.6452735], [-70.51980261, -31.64457081], [-70.52070606, -31.64433658], [-70.52118812, -31.64437676], [-70.52181934, -31.64431944], [-70.52264681, -31.64440351], [-70.52355026, -31.64380121], [-70.5245541, -31.64299814], [-70.52552447, -31.6419943], [-70.52642792, -31.64125816], [-70.52669561, -31.64110758], [-70.5269633, -31.64095701], [-70.5281679, -31.64072278], [-70.52883713, -31.64065586], [-70.52950635, -31.63985279], [-70.53020903, -31.63908318], [-70.53107902, -31.63858126], [-70.53178171, -31.63804588], [-70.53174825, -31.63737666], [-70.53168133, -31.63667398], [-70.53168133, -31.63593783], [-70.53191555, -31.63480015], [-70.5320494, -31.63362901], [-70.53205309, -31.63357364], [-70.53205678, -31.63351827], [-70.53211632, -31.63262518], [-70.53211632, -31.63188903], [-70.53278554, -31.63138711], [-70.53378938, -31.63101904], [-70.53379611, -31.63101904], [-70.53389201, -31.63101904], [-70.53409053, -31.63101904], [-70.53516129, -31.63058404], [-70.53539552, -31.63046693], [-70.53562974, -31.63034982], [-70.53646627, -31.62884406], [-70.53703511, -31.62780677], [-70.53723588, -31.627171], [-70.53743665, -31.62650178], [-70.53780472, -31.62603332], [-70.53795529, -31.62586602], [-70.53810587, -31.62569871], [-70.53841705, -31.625512], [-70.53877509, -31.62529718], [-70.53895913, -31.62509641], [-70.53914317, -31.62489565], [-70.53944432, -31.62432681], [-70.53949704, -31.6241926], [-70.53954976, -31.6240584], [-70.53981239, -31.62338989], [-70.54028085, -31.62272067], [-70.54049834, -31.62250317], [-70.54071584, -31.62228567], [-70.54108391, -31.62154953], [-70.54122576, -31.62132494], [-70.54147959, -31.6209103], [-70.54188698, -31.62067954], [-70.54223116, -31.6196157], [-70.54225506, -31.61954186], [-70.5423038, -31.6194583], [-70.54235255, -31.61937473], [-70.54272351, -31.61873879], [-70.54309158, -31.61790226], [-70.54319197, -31.61713265], [-70.54341154, -31.6160589], [-70.54352658, -31.61542613], [-70.54361023, -31.61525883], [-70.54369389, -31.61509152], [-70.54396157, -31.61475691], [-70.54398841, -31.6147699], [-70.54402552, -31.61478785], [-70.54411872, -31.61459522], [-70.54413428, -31.61456307], [-70.54414491, -31.6145593], [-70.54453041, -31.6144223], [-70.54459734, -31.61412115], [-70.54459734, -31.6137989], [-70.54459734, -31.61375019], [-70.54459734, -31.61355231], [-70.54464748, -31.6133116], [-70.54476464, -31.61274924], [-70.54473118, -31.61249828], [-70.54469772, -31.61224732], [-70.54456388, -31.61164502], [-70.54446349, -31.61141079], [-70.54436311, -31.61117657], [-70.54412888, -31.61057426], [-70.5446308, -31.61010581], [-70.54533348, -31.60936966], [-70.54586886, -31.60866698], [-70.54663847, -31.60746238], [-70.54710692, -31.60672623], [-70.54774269, -31.60612393], [-70.54884691, -31.60592316], [-70.55021881, -31.60578932], [-70.55023109, -31.60578967], [-70.55024336, -31.60579002], [-70.55138995, -31.60582278], [-70.55276186, -31.60592316], [-70.55443492, -31.60595662], [-70.55468588, -31.6058897], [-70.55493684, -31.60582278], [-70.55637567, -31.60542124], [-70.55717874, -31.60525394], [-70.55794834, -31.60451779], [-70.55878487, -31.60381511], [-70.56072562, -31.60294512], [-70.56146177, -31.60271089], [-70.56166253, -31.60259378], [-70.5618633, -31.60247666], [-70.56310136, -31.60247666], [-70.56467404, -31.60177398], [-70.56594556, -31.6012386], [-70.56648094, -31.6008036], [-70.56715017, -31.60043553], [-70.56738439, -31.60013438], [-70.5671167, -31.59983323], [-70.56671517, -31.59946516], [-70.56648094, -31.59876247], [-70.56628017, -31.5983944], [-70.56601249, -31.59812671], [-70.56561095, -31.59782556], [-70.56490827, -31.59775864], [-70.56489939, -31.59775515], [-70.56489051, -31.59775166], [-70.56397135, -31.59739056], [-70.56377059, -31.59737383], [-70.56356982, -31.5973571], [-70.56313482, -31.59692211], [-70.56236522, -31.59652057], [-70.56216445, -31.59588481], [-70.56204992, -31.59570484], [-70.56178145, -31.59546988], [-70.56167675, -31.5953747], [-70.56162916, -31.59527001], [-70.56157206, -31.59515579], [-70.56156254, -31.59504158], [-70.56155302, -31.59490833], [-70.56157206, -31.59479411], [-70.56161965, -31.59468942], [-70.56172946, -31.59461329], [-70.56180616, -31.59452562], [-70.56191474, -31.59440154], [-70.56238107, -31.59410883], [-70.56276179, -31.59381378], [-70.56303564, -31.59347953], [-70.56313482, -31.59340869], [-70.56383751, -31.59280638], [-70.56442826, -31.59227782], [-70.56447327, -31.59223754], [-70.56524288, -31.59136755], [-70.56564441, -31.59073179], [-70.56607941, -31.58956065], [-70.56619652, -31.58927623], [-70.56631364, -31.58899181], [-70.5663471, -31.5882222], [-70.56701632, -31.58678337], [-70.56718363, -31.585378], [-70.56715017, -31.58450801], [-70.56725055, -31.58343726], [-70.56704978, -31.58323649], [-70.56684901, -31.58303572], [-70.56641402, -31.58263419], [-70.56537672, -31.58199843], [-70.5647075, -31.5817642], [-70.56413866, -31.58129574], [-70.56393789, -31.5805596], [-70.56377059, -31.5801246], [-70.56363674, -31.57999076], [-70.5635029, -31.57985691], [-70.56335318, -31.57976957], [-70.56310136, -31.57962268], [-70.56283367, -31.57942192], [-70.56263291, -31.57915423], [-70.56236522, -31.57821731], [-70.56193022, -31.57781578], [-70.56173079, -31.57764959], [-70.5617299, -31.57764885], [-70.56152869, -31.57748117], [-70.56092639, -31.57694579], [-70.56029063, -31.57651079], [-70.55938717, -31.57597542], [-70.55920314, -31.57582484], [-70.5590191, -31.57567427], [-70.55855064, -31.57517235], [-70.55848372, -31.57497158], [-70.5584168, -31.57477081], [-70.55873449, -31.57430649], [-70.5588518, -31.57413505], [-70.55886853, -31.57395101], [-70.55888526, -31.57376698], [-70.55895218, -31.57309776], [-70.55893545, -31.57286353], [-70.55891872, -31.5726293], [-70.55871795, -31.57209392], [-70.55828296, -31.57115701], [-70.5584168, -31.57092278], [-70.55855064, -31.57068855], [-70.5590191, -31.57015317], [-70.5592366, -31.56993568], [-70.5594541, -31.56971818], [-70.55985563, -31.56914934], [-70.56000621, -31.56894857], [-70.56015678, -31.5687478], [-70.56045793, -31.56807858], [-70.5607959, -31.56737751], [-70.56136138, -31.56657283], [-70.56162907, -31.56583668], [-70.56162907, -31.56516746], [-70.56162907, -31.56419708], [-70.56172946, -31.56342748], [-70.5622983, -31.56262441], [-70.56259945, -31.56152019], [-70.56266637, -31.56126923], [-70.56273329, -31.56101827], [-70.56256599, -31.56044943], [-70.5625122, -31.56040054], [-70.56242537, -31.5603216], [-70.56219791, -31.56011482], [-70.56182984, -31.55934521], [-70.56166693, -31.55887245], [-70.56138377, -31.55841961], [-70.56102677, -31.55770562], [-70.5606587, -31.5566014], [-70.56052485, -31.55566449], [-70.56052485, -31.55478347], [-70.56052485, -31.55477225], [-70.56052485, -31.55476103], [-70.56052485, -31.55412527], [-70.56042447, -31.55288721], [-70.5600564, -31.55208414], [-70.5596214, -31.55138146], [-70.55954244, -31.55130249], [-70.55946347, -31.55122353], [-70.5590191, -31.55077916], [-70.55881833, -31.55017685], [-70.55891872, -31.54947417], [-70.55871795, -31.54887187], [-70.55861757, -31.54858745], [-70.55851718, -31.54830303], [-70.55834988, -31.54763381], [-70.55834988, -31.54689766], [-70.55858411, -31.54629536], [-70.55908602, -31.54599421], [-70.55930352, -31.54591056], [-70.55952102, -31.5458269], [-70.55987549, -31.54553688], [-70.55988909, -31.54552575], [-70.5600564, -31.54509076], [-70.56002294, -31.54445499], [-70.55992255, -31.54385269], [-70.55987549, -31.54374287], [-70.55983994, -31.54365994], [-70.55972179, -31.54338424], [-70.55972179, -31.54288232], [-70.55987549, -31.54242121], [-70.55988909, -31.5423804], [-70.55996913, -31.54217229], [-70.5600564, -31.54194541], [-70.55992255, -31.54124272], [-70.55980513, -31.54114336], [-70.5596757, -31.54103385], [-70.55948756, -31.54087465], [-70.55891956, -31.54036075], [-70.55876011, -31.5401752], [-70.55869549, -31.54010001], [-70.55868463, -31.53998113], [-70.55862871, -31.53936875], [-70.55844344, -31.53902016], [-70.55815758, -31.53859781], [-70.55811565, -31.53813083], [-70.55824949, -31.53739469], [-70.55839026, -31.5367865], [-70.55835607, -31.53655203], [-70.55832187, -31.53631756], [-70.5579818, -31.53542048], [-70.55764719, -31.53471779], [-70.55743215, -31.53404194], [-70.55741296, -31.53398165], [-70.55704489, -31.53337935], [-70.55681066, -31.53254282], [-70.55644259, -31.53184013], [-70.55635894, -31.53157244], [-70.55627529, -31.53130476], [-70.55644259, -31.53066899], [-70.55655971, -31.53043476], [-70.55667682, -31.53020054], [-70.5569364, -31.52974626], [-70.55694045, -31.52973918], [-70.55694451, -31.52973208], [-70.55694989, -31.52971057], [-70.55714528, -31.52892901], [-70.55729585, -31.52866132], [-70.55744643, -31.52839363], [-70.55778104, -31.52752364], [-70.55776431, -31.52730614], [-70.55774758, -31.52708865], [-70.5573795, -31.5257502], [-70.55717874, -31.52484675], [-70.55697797, -31.52407714], [-70.55687759, -31.52385964], [-70.5567772, -31.52364215], [-70.55654297, -31.52287254], [-70.55681066, -31.52220332], [-70.5572122, -31.52166794], [-70.55736727, -31.52142937], [-70.55764719, -31.52099871], [-70.55778104, -31.52026257], [-70.55768065, -31.51935912], [-70.5573795, -31.51848913], [-70.55661261, -31.51688317], [-70.55604106, -31.51641453], [-70.55510414, -31.51564493], [-70.55420069, -31.5149757], [-70.55319686, -31.51440686], [-70.55292898, -31.51366276], [-70.55279523, -31.5134827], [-70.55266148, -31.51330265], [-70.55259456, -31.51270035], [-70.55239108, -31.51213062], [-70.55232551, -31.51194703], [-70.55225994, -31.51176343], [-70.55225994, -31.51116113], [-70.55259456, -31.51059229], [-70.55276186, -31.51044172], [-70.55292917, -31.51029114], [-70.55416723, -31.50952153], [-70.55547222, -31.50918692], [-70.55674374, -31.50895269], [-70.55733638, -31.50872749], [-70.5584168, -31.50831693], [-70.55911948, -31.50781501], [-70.55968832, -31.50741348], [-70.56045793, -31.50644311], [-70.56053037, -31.50637411], [-70.56060282, -31.50630512], [-70.56116062, -31.50577388], [-70.56209753, -31.50503774], [-70.56299557, -31.50477277], [-70.56305296, -31.5046752], [-70.56311035, -31.50457764], [-70.56445362, -31.50359075], [-70.56473113, -31.50349444], [-70.56500865, -31.50339814], [-70.56577826, -31.50296314], [-70.56601249, -31.5028293], [-70.56624671, -31.50269546], [-70.56658133, -31.50232738], [-70.56666147, -31.50212257], [-70.56674161, -31.50191776], [-70.56679909, -31.50177086], [-70.56687848, -31.50155202], [-70.56691594, -31.50135701], [-70.5671167, -31.5004201], [-70.56688248, -31.49951664], [-70.56654786, -31.49861319], [-70.56630145, -31.49767684], [-70.56604595, -31.49670591], [-70.56564441, -31.49543438], [-70.56547711, -31.49476516], [-70.56537672, -31.49376132], [-70.56500865, -31.49285787], [-70.56480788, -31.4918875], [-70.56464058, -31.4908502], [-70.5642931, -31.48891445], [-70.56424998, -31.48884463], [-70.56420686, -31.48877482], [-70.56417212, -31.4878387], [-70.56383751, -31.48693524], [-70.56383751, -31.48629948], [-70.56378732, -31.48601506], [-70.56373712, -31.48573064], [-70.5635029, -31.48502796], [-70.56331886, -31.48484392], [-70.56313482, -31.48465989], [-70.56296752, -31.48392374], [-70.56259945, -31.48332144], [-70.56223137, -31.48265222], [-70.56206407, -31.48221722], [-70.56202897, -31.48200664], [-70.5620257, -31.48198701], [-70.56199714, -31.48181569], [-70.56249906, -31.48148107], [-70.56275002, -31.48138069], [-70.56300098, -31.48128031], [-70.5635029, -31.48081185], [-70.56417212, -31.48037686], [-70.56480788, -31.48010917], [-70.56541018, -31.47960725], [-70.56607941, -31.47927264], [-70.56681555, -31.47907187], [-70.56706119, -31.47904731], [-70.56715016, -31.47903841], [-70.56722352, -31.47889964], [-70.56731071, -31.47873471], [-70.56736726, -31.47862775], [-70.56778593, -31.47830645], [-70.56840437, -31.47782052], [-70.56844649, -31.47778743], [-70.56848861, -31.47775434], [-70.56889015, -31.47712694], [-70.5691913, -31.47642426], [-70.5691411, -31.47559609], [-70.56929168, -31.4749185], [-70.56924149, -31.47409034], [-70.56919585, -31.47354271], [-70.5691411, -31.47288574], [-70.56896543, -31.47218305], [-70.56873957, -31.47132979], [-70.5685388, -31.47017538], [-70.56806198, -31.4694727], [-70.56743458, -31.46869472], [-70.56658132, -31.4682179], [-70.56592883, -31.46801714], [-70.5657908, -31.46775363], [-70.56565278, -31.46749012], [-70.5655022, -31.46666196], [-70.56537672, -31.46588399], [-70.5648748, -31.46515621], [-70.5642725, -31.46450371], [-70.56374549, -31.46380103], [-70.56362001, -31.46307325], [-70.56319338, -31.46204432], [-70.56296752, -31.46136673], [-70.56274166, -31.46124125], [-70.56251579, -31.46111577], [-70.56228993, -31.46061385], [-70.56173782, -31.46011194], [-70.56121081, -31.45976059], [-70.56080927, -31.45898262], [-70.56043283, -31.45835522], [-70.55978034, -31.4579035], [-70.55966741, -31.45789095], [-70.55955448, -31.4578784], [-70.55910275, -31.45762744], [-70.55857574, -31.45717572], [-70.55754681, -31.4566487], [-70.55626692, -31.45644794], [-70.55501213, -31.45609659], [-70.55373224, -31.45584564], [-70.55305465, -31.45554449], [-70.55284133, -31.45541901], [-70.55262802, -31.45529353], [-70.552101, -31.45511786], [-70.55197552, -31.45511786], [-70.55185004, -31.45511786], [-70.55122265, -31.45459084], [-70.55110972, -31.45445281], [-70.55099678, -31.45431479], [-70.5508964, -31.45381287], [-70.55087131, -31.45313528], [-70.55049487, -31.45210635], [-70.54984237, -31.45132838], [-70.54936555, -31.45055041], [-70.54893892, -31.44989791], [-70.54868796, -31.4487435], [-70.54868109, -31.44747749], [-70.54883954, -31.44658237], [-70.54928332, -31.44602561], [-70.54934046, -31.44593276], [-70.54995158, -31.44488067], [-70.54996693, -31.44481074], [-70.5499781, -31.44475984], [-70.5500158, -31.44458811], [-70.55051996, -31.44425134], [-70.55087651, -31.44389479], [-70.55097169, -31.44379962], [-70.55106402, -31.44366112], [-70.55112309, -31.44357252], [-70.55122265, -31.44342318], [-70.55162418, -31.44297145], [-70.55206916, -31.44250713], [-70.55213527, -31.44243814], [-70.55220139, -31.44236915], [-70.55250254, -31.44189233], [-70.55250254, -31.44161627], [-70.55250254, -31.44134022], [-70.55200062, -31.44046186], [-70.55147361, -31.43998504], [-70.55132303, -31.43940784], [-70.55124774, -31.43924471], [-70.55117246, -31.43908159], [-70.55078125, -31.43883063], [-70.55056277, -31.43869261], [-70.55034429, -31.43855458], [-70.55020919, -31.43832941], [-70.55004314, -31.43805266], [-70.54982983, -31.43793973], [-70.54961651, -31.4378268], [-70.5490644, -31.43772641], [-70.54856248, -31.43745036], [-70.54847465, -31.43726214], [-70.54838681, -31.43707392], [-70.54823624, -31.43634614], [-70.54816095, -31.43549288], [-70.54816095, -31.43496587], [-70.54826545, -31.43479705], [-70.5483502, -31.43466016], [-70.5484872, -31.43443885], [-70.54891383, -31.43428828], [-70.54911678, -31.43424722], [-70.54931973, -31.43420616], [-70.54963291, -31.43401746], [-70.54964161, -31.43401222], [-70.54989257, -31.43381146], [-70.54997367, -31.43326399], [-70.54998331, -31.43319893], [-70.54999295, -31.43313387], [-70.55041958, -31.43273233], [-70.55063144, -31.43259614], [-70.55070382, -31.43254961], [-70.55077092, -31.43250647], [-70.55104698, -31.43207984], [-70.55104698, -31.43127677], [-70.55122265, -31.43054899], [-70.55132303, -31.43007217], [-70.55133558, -31.42990905], [-70.55134813, -31.42974592], [-70.55134732, -31.42974188], [-70.55121845, -31.42909752], [-70.55120347, -31.42902265], [-70.55119755, -31.42899305], [-70.55139832, -31.42879228], [-70.55157399, -31.4286668], [-70.55162121, -31.4286668], [-70.55185004, -31.4286668], [-70.55237706, -31.42871699], [-70.55259037, -31.42876718], [-70.55280369, -31.42881738], [-70.55350637, -31.42861661], [-70.55428434, -31.42826527], [-70.55448511, -31.42818998], [-70.55468588, -31.42811469], [-70.5551627, -31.42821508], [-70.55604106, -31.42813979], [-70.55622689, -31.42797718], [-70.55638287, -31.4278407], [-70.55644259, -31.42778845], [-70.55671864, -31.42738691], [-70.5569696, -31.4268599], [-70.5571464, -31.42662417], [-70.55719547, -31.42655875], [-70.55739623, -31.42620741], [-70.55727992, -31.42574423], [-70.55722242, -31.42551527], [-70.55729309, -31.42512968], [-70.55732095, -31.42497771], [-70.5575719, -31.42475184], [-70.55809892, -31.42452598], [-70.55813905, -31.42450993], [-70.55823777, -31.42447044], [-70.55847536, -31.42437541], [-70.55902747, -31.42394878], [-70.55906385, -31.42390908], [-70.55913161, -31.42383516], [-70.55930352, -31.42364763], [-70.55955448, -31.42299513], [-70.55962977, -31.42231754], [-70.55956374, -31.42185539], [-70.55955448, -31.42179053], [-70.55971063, -31.42162322], [-70.55973926, -31.42159255], [-70.55990582, -31.42141409], [-70.56015678, -31.42098746], [-70.56016933, -31.42069886], [-70.56018188, -31.42041026], [-70.56020697, -31.41995853], [-70.56007641, -31.41974637], [-70.56001606, -31.4196483], [-70.5600062, -31.41963229], [-70.55957957, -31.41910527], [-70.55941645, -31.41899234], [-70.55925333, -31.41887941], [-70.55890199, -31.41855316], [-70.5588016, -31.41792577], [-70.55870122, -31.41773755], [-70.55860084, -31.41754933], [-70.55817421, -31.41714779], [-70.55803618, -31.41703486], [-70.55789815, -31.41692193], [-70.55787944, -31.41691608], [-70.55749662, -31.41679645], [-70.55724566, -31.41657059], [-70.55715559, -31.41633041], [-70.55709508, -31.41616905], [-70.55669355, -31.41564204], [-70.55651788, -31.41554166], [-70.55634221, -31.41544127], [-70.55606615, -31.41501464], [-70.55601596, -31.41473859], [-70.55596577, -31.41446254], [-70.55548895, -31.41383514], [-70.55530543, -31.41321559], [-70.55526151, -31.41317167], [-70.55521759, -31.41312775], [-70.5551627, -31.41260544], [-70.5551878, -31.41235448], [-70.55521289, -31.41210352], [-70.5551878, -31.4116518], [-70.55504977, -31.41153886], [-70.55491174, -31.41142593], [-70.55413377, -31.41112478], [-70.55384517, -31.41108714], [-70.55355656, -31.4110495], [-70.55305465, -31.41069815], [-70.55262802, -31.41032172], [-70.5524398, -31.4101335], [-70.55225158, -31.40994528], [-70.55223276, -31.4099092], [-70.55195043, -31.40936807], [-70.55168692, -31.40931788], [-70.55142341, -31.40926769], [-70.55079602, -31.40896654], [-70.5505827, -31.40875322], [-70.55036939, -31.40853991], [-70.54994276, -31.40806309], [-70.54926517, -31.40788742], [-70.54897, -31.40791308], [-70.54868796, -31.40793761], [-70.54865534, -31.40793891], [-70.54806057, -31.4079627], [-70.54784725, -31.40789996], [-70.54763394, -31.40783722], [-70.54708183, -31.40791251], [-70.54645443, -31.40811328], [-70.54624112, -31.40816347], [-70.5460278, -31.40821366], [-70.5454255, -31.40821366], [-70.54521219, -31.40808818], [-70.54499887, -31.4079627], [-70.54495995, -31.40794147], [-70.54417071, -31.40751098], [-70.54398249, -31.40737295], [-70.54379427, -31.40723492], [-70.5430163, -31.40713454], [-70.54216304, -31.40731021], [-70.54130978, -31.40758626], [-70.54070748, -31.40768665], [-70.54041887, -31.40777448], [-70.54013027, -31.40786232], [-70.53927701, -31.40801289], [-70.53829827, -31.40788742], [-70.53757049, -31.40793761], [-70.536918, -31.40836424], [-70.53591416, -31.40864029], [-70.53480994, -31.40891635], [-70.53430803, -31.40904183], [-70.53405707, -31.40904183], [-70.53380611, -31.40904183], [-70.53302814, -31.40848972], [-70.53242584, -31.40806309], [-70.53219999, -31.40789997], [-70.53197411, -31.40773684], [-70.5320243, -31.40726002], [-70.53209959, -31.40709689], [-70.53217488, -31.40693377], [-70.53222996, -31.40637433], [-70.53222507, -31.40587975], [-70.53224055, -31.40564752], [-70.53225016, -31.40550331], [-70.53251916, -31.40527274], [-70.53253801, -31.40525658], [-70.53260151, -31.40520216], [-70.53307833, -31.40447438], [-70.53375592, -31.40324468], [-70.53386885, -31.40303136], [-70.53398178, -31.40281805], [-70.53424214, -31.40238412], [-70.53428293, -31.40231613], [-70.53446305, -31.40208598], [-70.53473466, -31.40173893], [-70.53503581, -31.40101115], [-70.53504088, -31.40100422], [-70.53512952, -31.40088336], [-70.53531186, -31.40063471], [-70.53616733, -31.39997666], [-70.53622896, -31.39992924], [-70.5362906, -31.39988183], [-70.53681761, -31.39895328], [-70.536918, -31.39872742], [-70.53701838, -31.39850156], [-70.53705861, -31.39785414], [-70.53710124, -31.39757555], [-70.53714386, -31.39729696], [-70.53726934, -31.39674485], [-70.53726934, -31.39646989], [-70.53726934, -31.39624293], [-70.53735335, -31.39619769], [-70.53789647, -31.39595544], [-70.53809353, -31.39579375], [-70.53819938, -31.39558422], [-70.53842435, -31.39513893], [-70.53877509, -31.3940094], [-70.53902605, -31.39315614], [-70.53909297, -31.39285289], [-70.5391599, -31.39254965], [-70.53926028, -31.39147889], [-70.53922682, -31.39080967], [-70.53922682, -31.39007353], [-70.53931047, -31.38980584], [-70.53939412, -31.38953815], [-70.53952779, -31.38881848], [-70.53949451, -31.38796547], [-70.53949451, -31.38746355], [-70.53957816, -31.38724606], [-70.53966181, -31.38702856], [-70.53956143, -31.38632587], [-70.53937739, -31.38619203], [-70.53919336, -31.38605819], [-70.53845107, -31.38584719], [-70.53844693, -31.38584601], [-70.53844682, -31.38584561], [-70.53844315, -31.38583276], [-70.5382695, -31.3857792], [-70.53808914, -31.38572357], [-70.53715223, -31.3853555], [-70.5363157, -31.38508781], [-70.53557955, -31.38488704], [-70.53561301, -31.38425128], [-70.53581378, -31.38338129], [-70.53578032, -31.38267861], [-70.53521148, -31.38207631], [-70.53457572, -31.38160785], [-70.53393995, -31.38097209], [-70.53330419, -31.38047017], [-70.53266843, -31.37976749], [-70.53213305, -31.37886403], [-70.53193228, -31.37799404], [-70.53106229, -31.37675598], [-70.53035961, -31.37601983], [-70.53005846, -31.37565176], [-70.530025, -31.37541753], [-70.52999154, -31.37518331], [-70.53007311, -31.37480804], [-70.53015884, -31.3744137], [-70.53012538, -31.37414601], [-70.53009192, -31.37387832], [-70.52965692, -31.37324256], [-70.52975731, -31.37253987], [-70.52972385, -31.37225545], [-70.52969039, -31.37197103], [-70.52918847, -31.37136873], [-70.52872001, -31.37093374], [-70.52825156, -31.37049874], [-70.52819417, -31.37009708], [-70.52815117, -31.36979606], [-70.52798387, -31.36909337], [-70.52774142, -31.36860848], [-70.52761579, -31.36835723], [-70.52744849, -31.36695186], [-70.52744849, -31.36557995], [-70.52751541, -31.36487727], [-70.52756298, -31.36457598], [-70.52760531, -31.36430787], [-70.52761579, -31.3642415], [-70.52831848, -31.36343843], [-70.52912106, -31.36329952], [-70.52938899, -31.36325186], [-70.52965692, -31.36320421], [-70.53035961, -31.36320421], [-70.5312296, -31.36296998], [-70.53203457, -31.36261579], [-70.53206613, -31.36260191], [-70.53230036, -31.36236768], [-70.53253458, -31.360795], [-70.53246766, -31.35945656], [-70.53230036, -31.3592056], [-70.53213305, -31.35895464], [-70.53162048, -31.35799356], [-70.53160907, -31.35797218], [-70.53159767, -31.3579508], [-70.53159767, -31.35701389], [-70.53182729, -31.35621023], [-70.53186536, -31.35607698], [-70.5320593, -31.35588304], [-70.5320912, -31.35585114], [-70.53219997, -31.35574237], [-70.53227803, -31.35562228], [-70.53263497, -31.35507314], [-70.5328692, -31.35406931], [-70.5330365, -31.35293163], [-70.53296087, -31.35199881], [-70.53294849, -31.35184619], [-70.53293612, -31.35169356], [-70.53263221, -31.35105536], [-70.53261686, -31.35102312], [-70.53260151, -31.35099088], [-70.53296958, -31.35062281], [-70.53323727, -31.35038858], [-70.53329295, -31.35037163], [-70.53400688, -31.35015435], [-70.53464264, -31.34988666], [-70.53537878, -31.34938474], [-70.53594762, -31.34898321], [-70.53775453, -31.34834745], [-70.53875836, -31.34781207], [-70.54009681, -31.34687516], [-70.54089988, -31.34590478], [-70.54153564, -31.34540286], [-70.54186797, -31.34504976], [-70.54196949, -31.34494189], [-70.54207102, -31.34483402], [-70.54247255, -31.34403096], [-70.54230525, -31.34309404], [-70.54227178, -31.34242482], [-70.54227178, -31.34165521], [-70.54160256, -31.34081868], [-70.54092033, -31.33987764], [-70.5405318, -31.33904524], [-70.54041469, -31.33886121], [-70.54029758, -31.33867717], [-70.54006299, -31.33823733], [-70.54002989, -31.33817525], [-70.54032969, -31.33787545], [-70.5404222, -31.33778294], [-70.54049834, -31.3377068], [-70.54086642, -31.33717142], [-70.54120103, -31.33620104], [-70.54157131, -31.33560858], [-70.54163713, -31.33550328], [-70.54170295, -31.33539798], [-70.54233871, -31.33469529], [-70.54297447, -31.33429376], [-70.54304042, -31.33425847], [-70.54307482, -31.33422655], [-70.54334014, -31.33398036], [-70.54372539, -31.33353162], [-70.54363578, -31.33288793], [-70.5434359, -31.33225975], [-70.54316465, -31.33141743], [-70.543376, -31.3303788], [-70.54334254, -31.32937496], [-70.5432087, -31.32870574], [-70.5429611, -31.32686911], [-70.54309082, -31.32617187], [-70.54299995, -31.32508141], [-70.5430374, -31.32486918], [-70.54307485, -31.32465694], [-70.543376, -31.32415502], [-70.54364369, -31.32308426], [-70.54364332, -31.32307456], [-70.54364295, -31.32306486], [-70.54361023, -31.32221427], [-70.54354331, -31.32121044], [-70.54367716, -31.31987199], [-70.54394484, -31.31873431], [-70.54407869, -31.31809855], [-70.5448483, -31.31752971], [-70.54491271, -31.31746909], [-70.54497712, -31.31740846], [-70.54541714, -31.31699433], [-70.54588559, -31.31655934], [-70.54642097, -31.31602396], [-70.54685597, -31.3155555], [-70.54715712, -31.31485282], [-70.54688943, -31.31401629], [-70.54632059, -31.31301245], [-70.54595251, -31.31234323], [-70.54565136, -31.31167401], [-70.54508252, -31.31120555], [-70.54503233, -31.31092113], [-70.54498214, -31.31063671], [-70.54491522, -31.3096998], [-70.54491522, -31.30812712], [-70.54504906, -31.30712329], [-70.54491522, -31.30648752], [-70.54440166, -31.30555334], [-70.54391141, -31.30505701], [-70.54348436, -31.3044804], [-70.54294101, -31.30391101], [-70.54193717, -31.30350948], [-70.54123449, -31.30327525], [-70.54093798, -31.3032456], [-70.54064146, -31.30321595], [-70.54056165, -31.303027], [-70.54055065, -31.3022861], [-70.53952215, -31.30172586], [-70.53930391, -31.30159491], [-70.53926028, -31.30156873], [-70.53882529, -31.30103335], [-70.53879182, -31.30033067], [-70.53880144, -31.30029796], [-70.53887788, -31.30003807], [-70.53895913, -31.29976183], [-70.53902605, -31.29915953], [-70.53895596, -31.29848197], [-70.53894081, -31.29833556], [-70.53892567, -31.29818915], [-70.53890894, -31.29783781], [-70.53893335, -31.29708657], [-70.53893035, -31.29672171], [-70.53856767, -31.29621628], [-70.53832835, -31.29588277], [-70.53778799, -31.29544534], [-70.53705184, -31.29467573], [-70.53694554, -31.29440237], [-70.53686084, -31.29418459], [-70.53681762, -31.29407343], [-70.53638262, -31.29330382], [-70.53634916, -31.29243383], [-70.53621531, -31.29179807], [-70.53598109, -31.29126269], [-70.53583051, -31.29106193], [-70.53567994, -31.29086116], [-70.53567994, -31.29005809], [-70.5352784, -31.28928848], [-70.53437495, -31.28892041], [-70.53333765, -31.28855234], [-70.53232582, -31.28846992], [-70.53159767, -31.28841849], [-70.53082807, -31.28838503], [-70.53082219, -31.28838671], [-70.53035961, -31.28851888], [-70.53029269, -31.28821773], [-70.53042653, -31.28761543], [-70.53042653, -31.2869462], [-70.53059384, -31.28672871], [-70.53076114, -31.28651121], [-70.53066076, -31.28587544], [-70.53059384, -31.28537353], [-70.53059384, -31.28515603], [-70.53059384, -31.28493853], [-70.53069422, -31.28426931], [-70.53066076, -31.28363355], [-70.53060461, -31.28353728], [-70.53045483, -31.28318618], [-70.53006227, -31.28260941], [-70.52985769, -31.28226164], [-70.52925539, -31.28182664], [-70.52851925, -31.2812578], [-70.52788348, -31.28058858], [-70.52728118, -31.27968513], [-70.52698003, -31.27854745], [-70.52696039, -31.2782528], [-70.52695456, -31.27816541], [-70.52694657, -31.27804553], [-70.52721426, -31.27724246], [-70.52758233, -31.27674055], [-70.52773291, -31.27657324], [-70.52788348, -31.27640593], [-70.52811442, -31.27621146], [-70.52851925, -31.27587056], [-70.52870328, -31.27565306], [-70.52888732, -31.27543556], [-70.52904956, -31.27543556], [-70.52959, -31.27543556], [-70.52975731, -31.27516787], [-70.52975731, -31.27473288], [-70.52935577, -31.27406365], [-70.52902116, -31.27342789], [-70.52834575, -31.27250256], [-70.5283521, -31.27249106], [-70.52827173, -31.27223409], [-70.52826648, -31.27221731], [-70.52818463, -31.2719556], [-70.52821809, -31.27101869], [-70.52826216, -31.27036749], [-70.52795041, -31.26954639], [-70.52751541, -31.26901102], [-70.52701349, -31.26824141], [-70.52667888, -31.26750526], [-70.52634427, -31.26700335], [-70.52624389, -31.26676912], [-70.5261435, -31.26653489], [-70.52584235, -31.26589913], [-70.52594274, -31.2650626], [-70.52611004, -31.2648451], [-70.52627735, -31.2646276], [-70.52668692, -31.26380846], [-70.52671234, -31.26375761], [-70.52674448, -31.26370502], [-70.52677664, -31.2636524], [-70.52708042, -31.26315531], [-70.52708042, -31.26245263], [-70.52677926, -31.26148225], [-70.52664542, -31.26074611], [-70.52587157, -31.25942185], [-70.52549717, -31.25807401], [-70.52530357, -31.25791476], [-70.52520659, -31.25783498], [-70.52497236, -31.2575673], [-70.5249389, -31.25716576], [-70.52503928, -31.25656346], [-70.52513967, -31.25622885], [-70.5251763, -31.25610979], [-70.52540736, -31.25535886], [-70.5255412, -31.25442195], [-70.5255412, -31.25361888], [-70.52547428, -31.25294965], [-70.5253237, -31.25276562], [-70.52517313, -31.25258158], [-70.52530697, -31.25201274], [-70.52558691, -31.251539], [-70.52574197, -31.2512766], [-70.52604312, -31.25054045], [-70.52671234, -31.25010545], [-70.5269633, -31.24998834], [-70.52721426, -31.24987123], [-70.52795041, -31.24936931], [-70.52878693, -31.24900124], [-70.5301923, -31.24866662], [-70.53086153, -31.24833201], [-70.53156421, -31.24793048], [-70.53189882, -31.24729472], [-70.5318319, -31.24665895], [-70.53129652, -31.24605665], [-70.53082807, -31.24542089], [-70.53015884, -31.24441706], [-70.52997481, -31.24419956], [-70.52979077, -31.24398206], [-70.52932014, -31.24371313], [-70.52885386, -31.24344668], [-70.52879766, -31.24332491], [-70.52874146, -31.24320315], [-70.52845232, -31.24257669], [-70.52808425, -31.24200785], [-70.52741503, -31.24150593], [-70.52667888, -31.24093709], [-70.52590927, -31.24063594], [-70.52574197, -31.24063594], [-70.52557466, -31.24063594], [-70.52584235, -31.23983288], [-70.52577658, -31.23920808], [-70.52577601, -31.23920259], [-70.52577543, -31.23919711], [-70.52557466, -31.23846097], [-70.52510621, -31.23769136], [-70.52443698, -31.23735675], [-70.52350007, -31.23685483], [-70.52273046, -31.23641984], [-70.5219274, -31.23648676], [-70.52181028, -31.23648676], [-70.52169317, -31.23648676], [-70.52129163, -31.23611869], [-70.52124144, -31.23603503], [-70.52119125, -31.23595138], [-70.52078972, -31.23531562], [-70.51981934, -31.23494755], [-70.51952114, -31.23487977], [-70.51937672, -31.23484695], [-70.5190832, -31.23478024], [-70.5188672, -31.2346786], [-70.51851436, -31.23451255], [-70.5182634, -31.23447909], [-70.51801244, -31.23444563], [-70.5174436, -31.23444563], [-70.51687476, -31.23411102], [-70.51665726, -31.2339939], [-70.51643976, -31.23387679], [-70.51600477, -31.23330795], [-70.51533554, -31.2324045], [-70.51530208, -31.23153451], [-70.51556977, -31.23079836], [-70.5156702, -31.23053724], [-70.51570376, -31.23044999], [-70.51573708, -31.23036337], [-70.51607169, -31.22989491], [-70.51674091, -31.22935953], [-70.51724283, -31.22875723], [-70.51764437, -31.22822185], [-70.51791205, -31.22765301], [-70.51787859, -31.22738532], [-70.51784513, -31.22711763], [-70.51734991, -31.22586307], [-70.51734321, -31.22584611], [-70.51733379, -31.22581666], [-70.51732437, -31.22578722], [-70.51737668, -31.2244017], [-70.51746591, -31.22333094], [-70.51817974, -31.22239403], [-70.51902743, -31.22118943], [-70.51978588, -31.22029713], [-70.52023203, -31.21953868], [-70.52049972, -31.21851253], [-70.5201428, -31.21748639], [-70.52009818, -31.21654948], [-70.51916127, -31.21538949], [-70.51855174, -31.2145976], [-70.51795667, -31.2130249], [-70.51786744, -31.21217722], [-70.51805426, -31.21037535], [-70.51800128, -31.20918802], [-70.51757856, -31.20866923], [-70.51701976, -31.20798342], [-70.51679668, -31.20784957], [-70.51657361, -31.20771573], [-70.51643976, -31.20718035], [-70.51648438, -31.20651113], [-70.51639515, -31.20544037], [-70.51643976, -31.20450346], [-70.51645063, -31.20442377], [-70.5164615, -31.20434408], [-70.51657361, -31.20352193], [-70.51666284, -31.20249579], [-70.51635053, -31.20129119], [-70.51577054, -31.20066658], [-70.51561439, -31.20046581], [-70.51545824, -31.20026504], [-70.51514183, -31.19985309], [-70.51447671, -31.19901583], [-70.51411979, -31.19812353], [-70.51367364, -31.19727585], [-70.51345057, -31.19656201], [-70.51403056, -31.19598201], [-70.51496747, -31.19531279], [-70.51635053, -31.1950451], [-70.51679668, -31.19455434], [-70.51737668, -31.1938405], [-70.51764437, -31.19321589], [-70.51764437, -31.19245744], [-70.51757744, -31.19216744], [-70.51751052, -31.19187744], [-70.51800128, -31.19120822], [-70.51987364, -31.19077291], [-70.5206455, -31.19055834], [-70.52157048, -31.19044977], [-70.52228431, -31.19044977], [-70.52317661, -31.19044977], [-70.52402429, -31.19013746], [-70.5243366, -31.18982516], [-70.52420275, -31.18937901], [-70.52362276, -31.18906671], [-70.52335507, -31.18835287], [-70.52304277, -31.18728211], [-70.52286431, -31.18589905], [-70.52281969, -31.18478368], [-70.52268585, -31.18411445], [-70.52219508, -31.18326677], [-70.52157048, -31.18250832], [-70.52099254, -31.18115487], [-70.52062211, -31.18000241], [-70.52005357, -31.17942989], [-70.51978588, -31.17858221], [-70.51972023, -31.17841338], [-70.51965457, -31.17824456], [-70.51947358, -31.17777914], [-70.5189382, -31.17715453], [-70.51868649, -31.17688484], [-70.51831359, -31.17648531], [-70.51827748, -31.17646233], [-70.51824136, -31.17643934], [-70.51733206, -31.1758607], [-70.51688591, -31.17532532], [-70.51635053, -31.17492379], [-70.516239, -31.17476763], [-70.51618943, -31.17469825], [-70.51615939, -31.17446246], [-70.51613127, -31.17424171], [-70.51614751, -31.17392185], [-70.51615506, -31.17377312], [-70.51550527, -31.17355826], [-70.51539133, -31.17349612], [-70.51514593, -31.17336226], [-70.5151759, -31.17324238], [-70.51522647, -31.17217891], [-70.51524789, -31.17160784], [-70.51537379, -31.17121726], [-70.51536297, -31.17105141], [-70.51577054, -31.17019461], [-70.51608284, -31.16894539], [-70.5162613, -31.16791925], [-70.51648438, -31.16631311], [-70.51630592, -31.16528697], [-70.515949, -31.16430544], [-70.51532439, -31.1635916], [-70.51501209, -31.16283315], [-70.51456594, -31.16198547], [-70.51454396, -31.16194152], [-70.51452198, -31.16189755], [-70.5141644, -31.1611824], [-70.51349518, -31.16091471], [-70.5126475, -31.16069163], [-70.51195217, -31.15996613], [-70.51154306, -31.15853425], [-70.51068444, -31.15743475], [-70.5099706, -31.15600707], [-70.5096583, -31.15538246], [-70.50907831, -31.15475785], [-70.50892216, -31.15455709], [-70.508766, -31.15435632], [-70.50831985, -31.15386556], [-70.50872049, -31.15260065], [-70.50881062, -31.15096559], [-70.50912292, -31.15002868], [-70.50921215, -31.14953791], [-70.50923446, -31.14933715], [-70.50925677, -31.14913638], [-70.50889985, -31.148601], [-70.50840908, -31.14797639], [-70.50805216, -31.14712871], [-70.50791832, -31.1461918], [-70.50780678, -31.14596872], [-70.50769524, -31.14574565], [-70.50698141, -31.14498719], [-70.50617834, -31.1444072], [-70.50497374, -31.14387182], [-70.50380323, -31.14363852], [-70.50220761, -31.14342567], [-70.50165635, -31.1434017], [-70.5003784, -31.14280106], [-70.49939687, -31.141998], [-70.49872765, -31.14101647], [-70.4983225, -31.14022519], [-70.49816158, -31.14014], [-70.49800067, -31.14005481], [-70.49729997, -31.13869649], [-70.49703229, -31.13753651], [-70.49636306, -31.13677805], [-70.4958723, -31.13606421], [-70.49560461, -31.1351273], [-70.49555999, -31.13396732], [-70.49542615, -31.13320886], [-70.4954023, -31.13299422], [-70.49537845, -31.13277958], [-70.4952923, -31.13200426], [-70.49560461, -31.13044274], [-70.49596153, -31.12977352], [-70.49608252, -31.12963391], [-70.49620352, -31.1294943], [-70.49654152, -31.12910429], [-70.4973892, -31.12789969], [-70.49805843, -31.12589202], [-70.49832612, -31.12491049], [-70.49805843, -31.12388435], [-70.49801381, -31.12317051], [-70.49790715, -31.1227972], [-70.4972233, -31.12209418], [-70.49640768, -31.12187668], [-70.49578307, -31.12156438], [-70.49425319, -31.12086745], [-70.49310568, -31.11952545], [-70.49163388, -31.1189321], [-70.49087543, -31.11808441], [-70.48962621, -31.11723673], [-70.48842161, -31.11661212], [-70.48721701, -31.11612136], [-70.48574472, -31.11589828], [-70.4844955, -31.11589828], [-70.48280014, -31.11603213], [-70.48159553, -31.11634443], [-70.48016786, -31.11629982], [-70.47891864, -31.11621059], [-70.4778925, -31.11589828], [-70.47760703, -31.11567999], [-70.47696193, -31.11535064], [-70.47650662, -31.11492988], [-70.47619713, -31.1147383], [-70.47561714, -31.11424753], [-70.475123, -31.11258923], [-70.47485868, -31.11152602], [-70.47423408, -31.11107988], [-70.47356485, -31.11072296], [-70.47294024, -31.11072296], [-70.47286252, -31.11071887], [-70.47278479, -31.11071477], [-70.47209256, -31.11067834], [-70.47189179, -31.1105445], [-70.47169103, -31.11041065], [-70.47079873, -31.10960758], [-70.47074462, -31.10949445], [-70.47069052, -31.10938133], [-70.47030797, -31.10858144], [-70.46932644, -31.10697531], [-70.46865721, -31.10585993], [-70.46745261, -31.10510148], [-70.46647108, -31.10452149], [-70.46548956, -31.10394149], [-70.46490956, -31.10318304], [-70.46419573, -31.10077384], [-70.46383881, -31.09974769], [-70.46348189, -31.09894463], [-70.46294651, -31.09823079], [-70.46258959, -31.09760618], [-70.46227729, -31.09693696], [-70.46155029, -31.09547836], [-70.46098345, -31.09421545], [-70.46089422, -31.09350161], [-70.46035884, -31.09243085], [-70.45995731, -31.09144932], [-70.45992814, -31.09098263], [-70.45996873, -31.09047225], [-70.45978565, -31.08988854], [-70.4597122, -31.08965434], [-70.45951116, -31.08908473], [-70.45963022, -31.08842903], [-70.45959581, -31.08825781], [-70.45959394, -31.08824848], [-70.45955578, -31.08805859], [-70.45928809, -31.08716629], [-70.45875271, -31.0865863], [-70.45839579, -31.08591708], [-70.45736965, -31.08498016], [-70.45665932, -31.08444742], [-70.45642855, -31.08430397], [-70.45638018, -31.08427391], [-70.45611369, -31.08417873], [-70.45597791, -31.08423959], [-70.45583767, -31.08430246], [-70.45577772, -31.08439051], [-70.4555331, -31.0847498], [-70.45492395, -31.08557785], [-70.45450223, -31.08593933], [-70.45439096, -31.08603471], [-70.4541973, -31.0860873], [-70.45393508, -31.08615852], [-70.45362001, -31.0862441], [-70.45349483, -31.08624561], [-70.45283003, -31.08625362], [-70.45244932, -31.08632976], [-70.4519837, -31.08656615], [-70.45183066, -31.08664385], [-70.45118399, -31.08723244], [-70.4511453, -31.08727443], [-70.4500528, -31.08846013], [-70.44951743, -31.0889955], [-70.4485359, -31.08930781], [-70.44786668, -31.08979857], [-70.4467513, -31.09118163], [-70.44626054, -31.09158317], [-70.44601516, -31.09169471], [-70.44576978, -31.09180624], [-70.44484337, -31.09182305], [-70.44389595, -31.09207393], [-70.44309288, -31.09234162], [-70.44220058, -31.09283239], [-70.44158798, -31.09348546], [-70.43907754, -31.09457237], [-70.43840832, -31.09515236], [-70.43764987, -31.09608927], [-70.43740448, -31.09626773], [-70.4371591, -31.09644619], [-70.43666834, -31.09760618], [-70.43631142, -31.09854309], [-70.43564219, -31.09863232], [-70.43470528, -31.09876617], [-70.43408067, -31.09934616], [-70.43372375, -31.10072922], [-70.43352299, -31.10086307], [-70.43332222, -31.10099691], [-70.43331164, -31.10100193], [-70.43269696, -31.10129374], [-70.43267822, -31.10137939], [-70.43264938, -31.10143707], [-70.43262987, -31.10147611], [-70.43246292, -31.10159346], [-70.43229608, -31.10171075], [-70.43220685, -31.10211228], [-70.43219285, -31.10224523], [-70.43217887, -31.10237811], [-70.43211762, -31.10295997], [-70.43209531, -31.10324996], [-70.432073, -31.10353996], [-70.43180531, -31.10434303], [-70.43122532, -31.10478918], [-70.43109148, -31.10563686], [-70.43068994, -31.107243], [-70.43060071, -31.10831375], [-70.43046687, -31.1093399], [-70.43068994, -31.11014296], [-70.43062302, -31.11041065], [-70.4305561, -31.11067834], [-70.43023968, -31.11154849], [-70.43021943, -31.11160418], [-70.43019918, -31.11165987], [-70.43002072, -31.11246294], [-70.42961918, -31.11380138], [-70.42912842, -31.11589828], [-70.42921765, -31.11670135], [-70.42917304, -31.11694673], [-70.42912842, -31.11719212], [-70.42859304, -31.11853056], [-70.42792382, -31.11937825], [-70.42694229, -31.12027054], [-70.4263623, -31.12076131], [-70.42627307, -31.12143053], [-70.42600538, -31.12196591], [-70.42589384, -31.12221129], [-70.4257823, -31.12245667], [-70.42543415, -31.12282118], [-70.42521929, -31.12311143], [-70.42506847, -31.1234382], [-70.42413155, -31.12397358], [-70.42390848, -31.12406281], [-70.4236854, -31.12415204], [-70.42352907, -31.1243889], [-70.42350694, -31.12482126], [-70.42352049, -31.12508113], [-70.42378223, -31.12539046], [-70.42451742, -31.1260417], [-70.4245777, -31.1264274], [-70.42453309, -31.12669509], [-70.42435463, -31.12767662], [-70.42364079, -31.12821199], [-70.42274849, -31.12874737], [-70.42207927, -31.1288366], [-70.42132081, -31.12950583], [-70.42047313, -31.13017505], [-70.41967006, -31.13071043], [-70.41913469, -31.13133504], [-70.41837623, -31.13231656], [-70.41748393, -31.13267348], [-70.41645779, -31.13347655], [-70.41525319, -31.13548422], [-70.41400397, -31.13758112], [-70.41357271, -31.13867791], [-70.41346859, -31.13963341], [-70.41342398, -31.14070416], [-70.41351321, -31.14239953], [-70.41346853, -31.14257826], [-70.4134537, -31.14263757], [-70.41337936, -31.14293491], [-70.4128886, -31.14391644], [-70.41261611, -31.14488962], [-70.4125763, -31.14503181], [-70.41235322, -31.14605795], [-70.41230861, -31.14628102], [-70.41226399, -31.1465041], [-70.41208553, -31.14699486], [-70.41195169, -31.14766409], [-70.41182591, -31.14807862], [-70.41162366, -31.14831657], [-70.41114777, -31.1486497], [-70.41093601, -31.14885571], [-70.41069567, -31.14920887], [-70.41068377, -31.14957769], [-70.41075516, -31.14981563], [-70.41089792, -31.15013686], [-70.41094551, -31.15023204], [-70.41129268, -31.15043343], [-70.41158797, -31.15069603], [-70.4116522, -31.15103725], [-70.41176579, -31.15138423], [-70.41182541, -31.15156637], [-70.41227801, -31.15242114], [-70.41251779, -31.15299034], [-70.41259757, -31.15357541], [-70.41255165, -31.15457455], [-70.41265467, -31.15514973], [-70.41293236, -31.15588326], [-70.41316404, -31.15677271], [-70.41324754, -31.15698743], [-70.41316599, -31.15771797], [-70.41306706, -31.15801474], [-70.41267331, -31.15866162], [-70.41189282, -31.15919362], [-70.41145273, -31.15957809], [-70.41098851, -31.16099641], [-70.41097016, -31.16127163], [-70.41069475, -31.16189755], [-70.41058707, -31.16214228], [-70.4104794, -31.162387], [-70.40967633, -31.16305622], [-70.40905172, -31.16385929], [-70.40865019, -31.16470698], [-70.40815942, -31.16604542], [-70.40766866, -31.16649157], [-70.40757584, -31.16653798], [-70.40742238, -31.16661471], [-70.40722251, -31.16671465], [-70.40667301, -31.1667161], [-70.40610714, -31.16662542], [-70.40530407, -31.16662542], [-70.40459023, -31.16680388], [-70.40423076, -31.16688202], [-70.40371433, -31.16711669], [-70.40332172, -31.16722377], [-70.40216768, -31.16707156], [-70.40137796, -31.16707156], [-70.40048566, -31.16644696], [-70.40008413, -31.1656885], [-70.3994149, -31.16546543], [-70.39838876, -31.16546543], [-70.39814587, -31.16551401], [-70.39799343, -31.1655445], [-70.39771954, -31.16559927], [-70.39682724, -31.16542081], [-70.3958011, -31.16470698], [-70.39547958, -31.16398975], [-70.39497457, -31.16322462], [-70.39446265, -31.16283315], [-70.39410573, -31.16203008], [-70.39406149, -31.1619121], [-70.39405603, -31.16189755], [-70.3940227, -31.16180867], [-70.3937042, -31.16095932], [-70.39307959, -31.15993318], [-70.39232114, -31.15868396], [-70.39125038, -31.15752398], [-70.38998629, -31.1561781], [-70.38879656, -31.15558323], [-70.38719042, -31.15427453], [-70.38606018, -31.15367966], [-70.38308585, -31.15326326], [-70.38147972, -31.15296582], [-70.38046991, -31.1531229], [-70.37929359, -31.15297326], [-70.37842842, -31.15332573], [-70.3782587, -31.15339488], [-70.37808899, -31.15346402], [-70.3772413, -31.15355325], [-70.37634024, -31.15340307], [-70.37625539, -31.15338893], [-70.37617054, -31.15337479], [-70.37550132, -31.15315172], [-70.37546996, -31.15312872], [-70.37543859, -31.15310571], [-70.3748321, -31.15266095], [-70.37465364, -31.15199173], [-70.37464558, -31.15185479], [-70.37463753, -31.15171784], [-70.37460902, -31.15123328], [-70.3745421, -31.1510102], [-70.37447518, -31.15078713], [-70.3736275, -31.14967176], [-70.37309212, -31.14864561], [-70.37217155, -31.1474669], [-70.37139893, -31.1461792], [-70.37030029, -31.14520264], [-70.37029065, -31.14518717], [-70.37028101, -31.1451717], [-70.36929985, -31.1444072], [-70.3685414, -31.14396105], [-70.36787217, -31.14333644], [-70.36784478, -31.1433063], [-70.36781738, -31.14327617], [-70.36742603, -31.14284568], [-70.36653373, -31.14235491], [-70.36541836, -31.14190877], [-70.36492759, -31.14146262], [-70.36439221, -31.14074878], [-70.36407991, -31.14030263], [-70.36401452, -31.1401625], [-70.3637676, -31.13963341], [-70.36385031, -31.13901308], [-70.36385683, -31.13896418], [-70.36389965, -31.13868591], [-70.36394606, -31.13838419], [-70.36349992, -31.13753651], [-70.36287531, -31.1369119], [-70.36238454, -31.13668882], [-70.36225347, -31.13663754], [-70.36212241, -31.13658625], [-70.3613584, -31.13628729], [-70.36082302, -31.13588576], [-70.36068918, -31.13579653], [-70.36055533, -31.1357073], [-70.36024303, -31.13499346], [-70.36019841, -31.134235], [-70.36037687, -31.13407885], [-70.36055533, -31.1339227], [-70.36078309, -31.13380882], [-70.36095283, -31.13372395], [-70.36109071, -31.13365501], [-70.36130958, -31.13346046], [-70.36149225, -31.13329809], [-70.36233993, -31.13280733], [-70.36287531, -31.13231656], [-70.36367838, -31.13204887], [-70.36443683, -31.13200426], [-70.3646376, -31.13187041], [-70.36483836, -31.13173657], [-70.36483836, -31.13071043], [-70.36439221, -31.12990736], [-70.36375118, -31.12876047], [-70.3634553, -31.1279443], [-70.36363376, -31.12714124], [-70.36349992, -31.12620432], [-70.36354453, -31.12504434], [-70.36354453, -31.12388435], [-70.36321828, -31.12328107], [-70.3628149, -31.12293423], [-70.36269685, -31.12272436], [-70.36278608, -31.12205514], [-70.36260762, -31.12143053], [-70.36231777, -31.12135148], [-70.36222885, -31.12132723], [-70.36211685, -31.12129669], [-70.36184772, -31.12098251], [-70.36181076, -31.12063962], [-70.36170495, -31.12046855], [-70.36170495, -31.12019729], [-70.36179061, -31.11994031], [-70.36197621, -31.1196405], [-70.36226174, -31.11938351], [-70.36260762, -31.11928902], [-70.36272637, -31.11918346], [-70.36310407, -31.11909798], [-70.36350382, -31.11871251], [-70.3642828, -31.11784841], [-70.36448144, -31.11768288], [-70.3652399, -31.11701366], [-70.36617681, -31.11629982], [-70.36763334, -31.11585844], [-70.36764122, -31.11585606], [-70.3676491, -31.11585367], [-70.36822909, -31.11549675], [-70.36889999, -31.11408179], [-70.36893011, -31.11390857], [-70.36912649, -31.11331113], [-70.36898755, -31.11273063], [-70.36888207, -31.11225599], [-70.36884558, -31.11209177], [-70.36880909, -31.11192756], [-70.36863063, -31.11099065], [-70.36827371, -31.1099645], [-70.36787217, -31.10956297], [-70.367722, -31.10944283], [-70.36761156, -31.10935448], [-70.36742603, -31.10920605], [-70.36739506, -31.10903574], [-70.36731737, -31.10835731], [-70.36714467, -31.10779942], [-70.36712951, -31.1077818], [-70.36690169, -31.10751714], [-70.36684678, -31.10665957], [-70.36680754, -31.10650148], [-70.36677259, -31.1064374], [-70.36673763, -31.10637332], [-70.36595373, -31.10572609], [-70.3652399, -31.10505687], [-70.36504514, -31.10464965], [-70.36473114, -31.10385952], [-70.36421375, -31.10313843], [-70.36300915, -31.10184459], [-70.36216147, -31.10099691], [-70.36126917, -31.10001538], [-70.36104934, -31.0998555], [-70.36082951, -31.09969563], [-70.36028764, -31.09930154], [-70.35970765, -31.09876617], [-70.35903843, -31.09836463], [-70.35901343, -31.09836463], [-70.35898843, -31.09836463], [-70.35845843, -31.09836463], [-70.3583692, -31.09823079], [-70.35827997, -31.09809694], [-70.35810151, -31.09729387], [-70.35774459, -31.09631235], [-70.35752152, -31.09555389], [-70.35751224, -31.0954657], [-70.35750295, -31.0953775], [-70.35743229, -31.09470621], [-70.35698614, -31.09385853], [-70.35679558, -31.09364891], [-70.35667003, -31.09351081], [-70.35653999, -31.09336776], [-70.35625217, -31.09214381], [-70.35492422, -31.09129875], [-70.35337234, -31.09069087], [-70.35256927, -31.09020011], [-70.35203389, -31.08997703], [-70.35185543, -31.0898878], [-70.35167697, -31.08979857], [-70.35150766, -31.0892211], [-70.35148649, -31.08914888], [-70.35146219, -31.08913393], [-70.3514379, -31.08911898], [-70.35071071, -31.08752411], [-70.35068077, -31.08727828], [-70.35065083, -31.08703245], [-70.35051698, -31.08649707], [-70.35000312, -31.08597222], [-70.3498978, -31.08574124], [-70.34979248, -31.08551025], [-70.34956532, -31.0842609], [-70.34917854, -31.08368633], [-70.34859854, -31.08324018], [-70.34850931, -31.0829948], [-70.34842008, -31.08274942], [-70.34819701, -31.08216943], [-70.34801855, -31.08203558], [-70.34784009, -31.08190174], [-70.34770624, -31.08141097], [-70.34734932, -31.08078636], [-70.34663549, -31.08042945], [-70.34592165, -31.08025099], [-70.34569857, -31.08007253], [-70.3454755, -31.07989407], [-70.34520781, -31.07949253], [-70.34519179, -31.07944181], [-70.34517577, -31.07939108], [-70.34494012, -31.07864485], [-70.34440474, -31.07770794], [-70.34365699, -31.07725644], [-70.34320014, -31.07686025], [-70.34304399, -31.07663718], [-70.34288784, -31.07641411], [-70.3424863, -31.07602922], [-70.34221861, -31.07615474], [-70.34195092, -31.07628026], [-70.34137093, -31.07645872], [-70.34108093, -31.07634718], [-70.34079094, -31.07623565], [-70.34043402, -31.07602922], [-70.34034006, -31.07602922], [-70.3400771, -31.07570027], [-70.33985402, -31.07529873], [-70.33986429, -31.07522176], [-70.34000284, -31.07491282], [-70.34004567, -31.07471294], [-70.34007422, -31.074613], [-70.34006708, -31.07450593], [-70.34002425, -31.07432033], [-70.33994325, -31.07418336], [-70.33994573, -31.07386347], [-70.3400771, -31.07373721], [-70.34047863, -31.0731126], [-70.34060661, -31.07250469], [-70.34063185, -31.07238481], [-70.34065709, -31.07226492], [-70.34065709, -31.07155108], [-70.34052325, -31.07114955], [-70.34050821, -31.07112699], [-70.34039817, -31.07096194], [-70.34025556, -31.07074801], [-70.34020027, -31.07048999], [-70.34025268, -31.07008013], [-70.34037403, -31.06987312], [-70.34040258, -31.06964469], [-70.34038831, -31.06946623], [-70.34033834, -31.06928777], [-70.34027409, -31.069145], [-70.34023126, -31.0689951], [-70.34003139, -31.06877381], [-70.3395959, -31.06868682], [-70.33924617, -31.06845258], [-70.33909626, -31.06832409], [-70.33878217, -31.0682527], [-70.33849664, -31.06818846], [-70.33827535, -31.06816704], [-70.3378756, -31.06813849], [-70.33756151, -31.06813135], [-70.3372617, -31.06811708], [-70.33713321, -31.06807425], [-70.33695475, -31.06807425], [-70.3367049, -31.06799572], [-70.33654072, -31.06790292], [-70.3362766, -31.06772446], [-70.33605531, -31.06763167], [-70.33580547, -31.06756028], [-70.33544937, -31.06746584], [-70.33518202, -31.06733216], [-70.33427716, -31.06668806], [-70.33329563, -31.06606345], [-70.33265078, -31.0654992], [-70.33261629, -31.06546902], [-70.3325818, -31.06543884], [-70.33186796, -31.06485885], [-70.33146642, -31.06432347], [-70.33133258, -31.06416732], [-70.33119873, -31.06401117], [-70.33026182, -31.06338656], [-70.32950337, -31.06343117], [-70.32878953, -31.06369886], [-70.32858876, -31.06372117], [-70.328388, -31.06374348], [-70.32798646, -31.06365425], [-70.32782713, -31.06339979], [-70.32789723, -31.0632081], [-70.32816492, -31.06280656], [-70.3283411, -31.06273355], [-70.32845531, -31.06254319], [-70.32848927, -31.06189263], [-70.32851242, -31.06176532], [-70.32848386, -31.06124876], [-70.32852194, -31.06084901], [-70.32857904, -31.06059203], [-70.32859383, -31.0605292], [-70.32861711, -31.06043023], [-70.32872567, -31.06019176], [-70.3287003, -31.05986198], [-70.32800797, -31.05928809], [-70.32798743, -31.05907993], [-70.32802701, -31.05884075], [-70.32805556, -31.05863135], [-70.32805556, -31.05846003], [-70.32794185, -31.05816661], [-70.32789723, -31.05754201], [-70.32762954, -31.05682817], [-70.32727262, -31.05629279], [-70.32725454, -31.05605768], [-70.3272449, -31.05593235], [-70.32722801, -31.0557128], [-70.32713878, -31.05504357], [-70.32711805, -31.05458151], [-70.32709426, -31.05448157], [-70.32701691, -31.05443424], [-70.32677541, -31.05428646], [-70.32651843, -31.05421983], [-70.32623765, -31.05417224], [-70.32607174, -31.05407122], [-70.32602307, -31.05404158], [-70.325757, -31.05381057], [-70.32562375, -31.05365828], [-70.32553809, -31.05339654], [-70.32535249, -31.05273981], [-70.32527635, -31.05216874], [-70.325224, -31.05170712], [-70.32522876, -31.05143111], [-70.32521476, -31.05107285], [-70.32513111, -31.05085535], [-70.32499726, -31.05028651], [-70.3247965, -31.04968421], [-70.32456227, -31.04911537], [-70.32444516, -31.04888114], [-70.32432804, -31.04864691], [-70.32426775, -31.04816458], [-70.32426112, -31.04811153], [-70.3242488, -31.04806843], [-70.3242124, -31.04794101], [-70.32412727, -31.04764308], [-70.32369228, -31.04730847], [-70.32282902, -31.0466304], [-70.32248768, -31.04623771], [-70.32240402, -31.04597002], [-70.32232037, -31.04570233], [-70.32205268, -31.04499964], [-70.32203383, -31.04473568], [-70.32202958, -31.04467621], [-70.32201922, -31.04453119], [-70.32165115, -31.04349389], [-70.32140019, -31.04334332], [-70.32114923, -31.04319274], [-70.31984424, -31.04330482], [-70.31733466, -31.04330482], [-70.31659851, -31.04356081], [-70.31633082, -31.04357755], [-70.31606313, -31.04359428], [-70.31526006, -31.04356081], [-70.31412238, -31.04342697], [-70.31309769, -31.04337047], [-70.30969238, -31.04382324], [-70.30878844, -31.04396655], [-70.30803245, -31.04423004], [-70.30778149, -31.0442635], [-70.30753053, -31.04429696], [-70.307034, -31.04424469], [-70.30696438, -31.04423737], [-70.30689477, -31.04423004], [-70.30639517, -31.04418008], [-70.30604076, -31.04426617], [-70.30548517, -31.04457603], [-70.30519846, -31.04478289], [-70.30507711, -31.0449328], [-70.30491438, -31.04519184], [-70.30425134, -31.0454681], [-70.30364904, -31.04566887], [-70.30251136, -31.0459031], [-70.3014406, -31.0460704], [-70.30070446, -31.0460704], [-70.30066012, -31.04606807], [-70.30037549, -31.04605309], [-70.29966503, -31.0462307], [-70.29946057, -31.04632884], [-70.29934636, -31.04638366], [-70.29923216, -31.04643848], [-70.29879717, -31.04670616], [-70.29870434, -31.04673711], [-70.29813746, -31.04707208], [-70.29766808, -31.04703515], [-70.29726107, -31.04700312], [-70.29705719, -31.04694039], [-70.29695913, -31.04691908], [-70.29686108, -31.04689776], [-70.29628758, -31.04677309], [-70.29561836, -31.04677309], [-70.29494914, -31.04694039], [-70.29454085, -31.04706717], [-70.29421963, -31.04708859], [-70.29394837, -31.04707431], [-70.29351293, -31.04706004], [-70.292997, -31.04691805], [-70.29254329, -31.04687029], [-70.29198531, -31.04689585], [-70.29152132, -31.04689585], [-70.29108084, -31.04686811], [-70.29054143, -31.04675128], [-70.29009727, -31.04653886], [-70.28982958, -31.04640501], [-70.28956189, -31.04627117], [-70.28910854, -31.04601069], [-70.28889369, -31.0456584], [-70.28835728, -31.0453008], [-70.28813979, -31.04516695], [-70.28792229, -31.04503311], [-70.28728653, -31.04459811], [-70.28708576, -31.04439734], [-70.28688499, -31.04419658], [-70.286015, -31.04386197], [-70.28572742, -31.04379007], [-70.2855339, -31.04374169], [-70.28534578, -31.04369466], [-70.28507594, -31.04367539], [-70.28470961, -31.04382891], [-70.28431146, -31.04411404], [-70.28404079, -31.04423004], [-70.28333811, -31.04479888], [-70.28313734, -31.04496618], [-70.28250766, -31.04524636], [-70.28230081, -31.0453008], [-70.28196302, -31.0455467], [-70.28113825, -31.04575731], [-70.28062775, -31.04597002], [-70.28020018, -31.04611874], [-70.27985006, -31.04633906], [-70.27924992, -31.0463937], [-70.27855316, -31.04653886], [-70.27748241, -31.04677309], [-70.27685046, -31.04691047], [-70.2765933, -31.04707728], [-70.27598528, -31.04767441], [-70.27586684, -31.04773104], [-70.27573835, -31.04776674], [-70.2757295, -31.04776674], [-70.27563128, -31.04776674], [-70.27554562, -31.04774532], [-70.275441, -31.04771263], [-70.2754314, -31.04770963], [-70.27542932, -31.04770582], [-70.27534574, -31.04755258], [-70.27529577, -31.04746692], [-70.27521725, -31.0472956], [-70.27518156, -31.04708145], [-70.27513159, -31.04693154], [-70.27511731, -31.04682447], [-70.27496741, -31.04650324], [-70.2745213, -31.04580937], [-70.27444956, -31.04567486], [-70.27435206, -31.04549205], [-70.27430359, -31.04540118], [-70.27376822, -31.04476542], [-70.27263054, -31.04419658], [-70.27176055, -31.04379504], [-70.27145939, -31.04372812], [-70.27115824, -31.0436612], [-70.27100381, -31.04357626], [-70.2708923, -31.04351493], [-70.2702046, -31.04330986], [-70.26945134, -31.04338821], [-70.26928478, -31.04336442], [-70.26924195, -31.04330731], [-70.26915629, -31.04322165], [-70.26912773, -31.04315026], [-70.26909918, -31.04309316], [-70.2690849, -31.04302177], [-70.26908365, -31.04285813], [-70.26925096, -31.04235621], [-70.26948519, -31.04192122], [-70.26958557, -31.04155314], [-70.26953153, -31.04122892], [-70.26951865, -31.04115161], [-70.26948519, -31.04048239], [-70.26955211, -31.04024816], [-70.26961903, -31.04001393], [-70.2698198, -31.03947855], [-70.26987645, -31.03935392], [-70.2699871, -31.03911048], [-70.26999242, -31.03900408], [-70.27002056, -31.03844126], [-70.27018787, -31.03713627], [-70.2704221, -31.03593167], [-70.27079017, -31.03462668], [-70.27084036, -31.03437572], [-70.27089055, -31.03412477], [-70.2708444, -31.03368632], [-70.27083166, -31.03356528], [-70.27081892, -31.03344423], [-70.27075671, -31.03285324], [-70.27072325, -31.03191633], [-70.27082363, -31.03118018], [-70.27075671, -31.03057788], [-70.27072325, -31.03031019], [-70.27068979, -31.0300425], [-70.27089055, -31.0292729], [-70.27132555, -31.02867059], [-70.27186093, -31.02803483], [-70.27263054, -31.02706446], [-70.27323284, -31.02636177], [-70.27393552, -31.02569255], [-70.27517358, -31.02452141], [-70.27577589, -31.02388565], [-70.27637819, -31.0229822], [-70.27681318, -31.02204528], [-70.27690465, -31.02191723], [-70.27714632, -31.02145973], [-70.27748241, -31.02130914], [-70.27763741, -31.021261], [-70.27779242, -31.02121287], [-70.27858662, -31.02110837], [-70.27938969, -31.02104145], [-70.27982667, -31.02097671], [-70.28022483, -31.02099034], [-70.28049028, -31.02085573], [-70.28092891, -31.0207403], [-70.28119659, -31.02070684], [-70.28146428, -31.02067338], [-70.28179527, -31.0207405], [-70.28194994, -31.02074645], [-70.28220519, -31.02064374], [-70.28243813, -31.02047091], [-70.28273581, -31.02010454], [-70.2828221, -31.02008057], [-70.28305853, -31.02001489], [-70.28333811, -31.01993723], [-70.28379674, -31.02001269], [-70.28387877, -31.02008105], [-70.28389756, -31.02009671], [-70.28410772, -31.02027184], [-70.28471002, -31.02087414], [-70.28534662, -31.02122234], [-70.28578087, -31.02149003], [-70.28598907, -31.02163875], [-70.28657576, -31.02193951], [-70.2866595, -31.02199534], [-70.28706578, -31.02253104], [-70.28761806, -31.02311968], [-70.28818998, -31.0237518], [-70.28837402, -31.02386892], [-70.28855805, -31.02398603], [-70.28922847, -31.02405538], [-70.28957611, -31.02393493], [-70.28976052, -31.02387544], [-70.29039842, -31.02361796], [-70.29110273, -31.02317358], [-70.29159898, -31.02272473], [-70.29198727, -31.02256201], [-70.29314761, -31.02197113], [-70.29340992, -31.0219449], [-70.29434683, -31.02187798], [-70.29449836, -31.0218443], [-70.29494655, -31.0216447], [-70.29550858, -31.02149839], [-70.29568528, -31.02137606], [-70.29583585, -31.02125895], [-70.29598643, -31.02114183], [-70.29640052, -31.02107813], [-70.29642143, -31.02107491], [-70.29668675, -31.02098647], [-70.29671549, -31.02097689], [-70.29685689, -31.02092975], [-70.29693371, -31.02089942], [-70.29728794, -31.02075954], [-70.29758061, -31.02054538], [-70.29776587, -31.0201631], [-70.29772641, -31.01987031], [-70.2973918, -31.01920108], [-70.29691197, -31.01873204], [-70.29610136, -31.01762666], [-70.29578566, -31.01689226], [-70.29565182, -31.0162565], [-70.29525029, -31.01555382], [-70.29488221, -31.01491805], [-70.29441376, -31.01404806], [-70.29391184, -31.01311115], [-70.29357723, -31.01207386], [-70.29349754, -31.01180293], [-70.2934258, -31.01155899], [-70.29340992, -31.01150502], [-70.29330954, -31.01070195], [-70.29354149, -31.00970785], [-70.29354263, -31.00970298], [-70.29354377, -31.00969811], [-70.293648, -31.0095372], [-70.29369217, -31.00880931], [-70.29366942, -31.00842362], [-70.2937917, -31.0082132], [-70.29392796, -31.00798063], [-70.29398475, -31.0078837], [-70.29414769, -31.00762412], [-70.29434042, -31.00733144], [-70.29472527, -31.00702232], [-70.29532653, -31.00607635], [-70.29541759, -31.005917], [-70.29628758, -31.00498009], [-70.29662219, -31.00441125], [-70.29668912, -31.0035078], [-70.29666353, -31.00336069], [-70.29663795, -31.00321359], [-70.29655527, -31.00273819], [-70.29655527, -31.00193512], [-70.29662907, -31.00174922], [-70.29670286, -31.00156332], [-70.29698727, -31.00126394], [-70.29706454, -31.00118261], [-70.29715972, -31.00103032], [-70.2972549, -31.00087804], [-70.29728277, -31.0007691], [-70.29728359, -31.00075717], [-70.2975455, -30.99952151], [-70.29761658, -30.99905061], [-70.29765818, -30.99860342], [-70.29776508, -30.99813722], [-70.29780549, -30.99796097], [-70.29783228, -30.9978788], [-70.29800479, -30.99767059], [-70.29814756, -30.9974386], [-70.29832007, -30.99724229], [-70.29891789, -30.99694978], [-70.29919452, -30.99687942], [-70.29939024, -30.99678978], [-70.2994632, -30.99675636], [-70.29984888, -30.99656415], [-70.30014096, -30.99651776], [-70.3002012, -30.99648764], [-70.30048562, -30.9965211], [-70.30077004, -30.99655457], [-70.30101819, -30.99666736], [-70.30165081, -30.99690725], [-70.30203203, -30.99704599], [-70.30213911, -30.99708763], [-70.30238895, -30.99708168], [-70.30260265, -30.99704026], [-70.30278559, -30.99694323], [-70.30303056, -30.99668889], [-70.3030454, -30.99588534], [-70.30281117, -30.99511573], [-70.30254348, -30.9941119], [-70.30194118, -30.99280691], [-70.3014058, -30.99176962], [-70.30077004, -30.99089963], [-70.2989966, -30.98822273], [-70.29842776, -30.98715198], [-70.29777759, -30.98566474], [-70.29776921, -30.9856128], [-70.29775729, -30.9855389], [-70.29771785, -30.98546913], [-70.29765213, -30.98535284], [-70.29745738, -30.98430778], [-70.29702239, -30.9833374], [-70.2967547, -30.98246741], [-70.29648701, -30.98149704], [-70.29635317, -30.98079435], [-70.29611894, -30.98019205], [-70.29568394, -30.97942245], [-70.29518203, -30.97888707], [-70.29459636, -30.97823382], [-70.29411389, -30.97804722], [-70.29385184, -30.9769492], [-70.29383227, -30.97686721], [-70.29377666, -30.97674555], [-70.29350897, -30.97550749], [-70.29340858, -30.97433635], [-70.29354243, -30.97356674], [-70.29350897, -30.97273021], [-70.29317436, -30.97162599], [-70.29314089, -30.97088985], [-70.29337512, -30.9699864], [-70.29421165, -30.96918333], [-70.29521549, -30.96821296], [-70.29611894, -30.96677413], [-70.29698893, -30.96536876], [-70.29745738, -30.96486684], [-70.2979593, -30.96399685], [-70.29821583, -30.96351586], [-70.29831912, -30.96297133], [-70.29874519, -30.96242088], [-70.29895, -30.96190556], [-70.2997039, -30.96197317], [-70.30097081, -30.96178841], [-70.3020081, -30.96148726], [-70.30297848, -30.9608515], [-70.30371462, -30.96061727], [-70.30451769, -30.96031612], [-70.30476389, -30.96026111], [-70.30577873, -30.9600089], [-70.30632459, -30.95968036], [-70.30689343, -30.95917844], [-70.3082988, -30.9586096], [-70.30923572, -30.95783999], [-70.31064109, -30.95690308], [-70.31197953, -30.95633424], [-70.31318413, -30.95563156], [-70.31405412, -30.9551631], [-70.31443343, -30.95467223], [-70.31459249, -30.95413749], [-70.31455604, -30.95379119], [-70.31492411, -30.95312197], [-70.31549295, -30.95205121], [-70.31587188, -30.95118034], [-70.31581353, -30.95046068], [-70.31565324, -30.95020192], [-70.31549295, -30.94994316], [-70.31522527, -30.94920701], [-70.31495758, -30.94840394], [-70.31501104, -30.94769519], [-70.31528223, -30.94743743], [-70.31572718, -30.94679781], [-70.31596141, -30.9460282], [-70.31606179, -30.94539244], [-70.31617891, -30.94512475], [-70.31629602, -30.94485706], [-70.3163056, -30.94386237], [-70.31632948, -30.94271555], [-70.3162712, -30.94198706], [-70.31626256, -30.94187902], [-70.31619564, -30.94141056], [-70.31605579, -30.94115882], [-70.31586103, -30.94080826], [-70.3158443, -30.94054057], [-70.31582757, -30.94027288], [-70.31669756, -30.93933597], [-70.31753409, -30.93846598], [-70.31820331, -30.93776329], [-70.31867177, -30.93712753], [-70.31920714, -30.93632446], [-70.31980945, -30.93595639], [-70.32047867, -30.93562178], [-70.32072413, -30.93525775], [-70.32111674, -30.93492224], [-70.32160782, -30.9346044], [-70.32185058, -30.93438371], [-70.32258672, -30.93401564], [-70.32272057, -30.9338316], [-70.32285441, -30.93364757], [-70.32288787, -30.93207489], [-70.32285441, -30.93110452], [-70.32283074, -30.92959611], [-70.32282095, -30.92802609], [-70.32248634, -30.92728995], [-70.32225211, -30.92621919], [-70.32181712, -30.92498113], [-70.32144904, -30.92437882], [-70.32081328, -30.92397729], [-70.31987637, -30.92344191], [-70.31866602, -30.92299437], [-70.3178687, -30.92240462], [-70.3172664, -30.92193616], [-70.31693178, -30.92136732], [-70.31653025, -30.9206981], [-70.3162291, -30.91949349], [-70.31616218, -30.91865696], [-70.31657435, -30.91755872], [-70.31664573, -30.91728508], [-70.31686486, -30.91691698], [-70.31706563, -30.91624776], [-70.317093, -30.91616108], [-70.31712038, -30.91607438], [-70.3172664, -30.915612], [-70.3172664, -30.9153945], [-70.3172664, -30.915177], [-70.31689832, -30.91434047], [-70.31676448, -30.91370471], [-70.31632948, -30.91300203], [-70.31566026, -30.91229934], [-70.31538886, -30.91198004], [-70.31483056, -30.91169722], [-70.31438158, -30.91123393], [-70.31365259, -30.91082705], [-70.31268742, -30.91038714], [-70.31261789, -30.91018883], [-70.31254837, -30.90999052], [-70.31274342, -30.90945666], [-70.31290998, -30.90908784], [-70.31295757, -30.9088261], [-70.31292188, -30.90854057], [-70.31298136, -30.90815985], [-70.31310602, -30.90777436], [-70.31308375, -30.90758132], [-70.31324894, -30.90614138], [-70.31331561, -30.9060147], [-70.31338229, -30.90588802], [-70.31302068, -30.90491167], [-70.31207992, -30.90450289], [-70.31182896, -30.90433558], [-70.311578, -30.90416828], [-70.31120993, -30.9036329], [-70.31074147, -30.90309752], [-70.31003878, -30.90269599], [-70.30936956, -30.90249522], [-70.30886764, -30.901826], [-70.30872443, -30.90162311], [-70.30863107, -30.90149085], [-70.30846611, -30.90125716], [-70.30809804, -30.90058793], [-70.3081315, -30.89961756], [-70.30796419, -30.89894834], [-70.30727877, -30.89847988], [-70.30675959, -30.8977772], [-70.30679305, -30.89684028], [-70.30665921, -30.89336032], [-70.30666991, -30.89294305], [-70.30674167, -30.89159444], [-70.30676489, -30.89035918], [-70.30706074, -30.88957921], [-70.30708933, -30.88946962], [-70.30711792, -30.88936003], [-70.30726151, -30.8888096], [-70.30736189, -30.88777231], [-70.30712766, -30.8864004], [-70.30691016, -30.88621636], [-70.30669267, -30.88603233], [-70.30645844, -30.88546349], [-70.30615729, -30.88479426], [-70.30555499, -30.88445965], [-70.30460704, -30.88371521], [-70.30439158, -30.88301991], [-70.30437098, -30.88295344], [-70.30435039, -30.88288698], [-70.30434937, -30.88288472], [-70.30404923, -30.88221775], [-70.30406597, -30.88198352], [-70.3040827, -30.8817493], [-70.30404923, -30.88124738], [-70.3039989, -30.88023688], [-70.30441731, -30.87957432], [-70.30448423, -30.87850356], [-70.30460854, -30.8774345], [-70.30462398, -30.87738876], [-70.30477929, -30.87692855], [-70.30477701, -30.8768252], [-70.30476814, -30.87642406], [-70.30446642, -30.87571697], [-70.30418447, -30.8750019], [-70.304088, -30.87457541], [-70.3040324, -30.87438588], [-70.3040286, -30.874366], [-70.30395514, -30.87398178], [-70.30392584, -30.87371419], [-70.30383784, -30.87321376], [-70.30360458, -30.87278961], [-70.30354491, -30.8726811], [-70.30323904, -30.87236472], [-70.30281853, -30.87203083], [-70.30258, -30.87168739], [-70.30256574, -30.87166685], [-70.302547, -30.87151259], [-70.30249984, -30.8713829], [-70.3024927, -30.87119017], [-70.30250755, -30.87082365], [-70.30256884, -30.87028121], [-70.30246245, -30.86998555], [-70.30208813, -30.86939253], [-70.30203139, -30.86934714], [-70.30197464, -30.86930174], [-70.3014058, -30.86839829], [-70.30093735, -30.86759522], [-70.30053581, -30.866491], [-70.30033505, -30.86525294], [-70.30050235, -30.86428257], [-70.30050235, -30.86311143], [-70.30060273, -30.86214105], [-70.30053581, -30.86096991], [-70.29917088, -30.85983514], [-70.29841174, -30.85935568], [-70.29801248, -30.85883507], [-70.29756721, -30.85818784], [-70.29711036, -30.85780713], [-70.29669534, -30.85762456], [-70.29635317, -30.85732264], [-70.29623605, -30.85710514], [-70.29611894, -30.85688765], [-70.29610147, -30.85659836], [-70.29621568, -30.85623668], [-70.29636797, -30.85584645], [-70.29656823, -30.85549201], [-70.29662086, -30.85528151], [-70.29671743, -30.85496419], [-70.29672124, -30.85357499], [-70.29665432, -30.85267154], [-70.29643459, -30.85222967], [-70.29636797, -30.85197269], [-70.29633941, -30.85156342], [-70.29648701, -30.85086464], [-70.29662086, -30.84982734], [-70.29645355, -30.84875658], [-70.29611894, -30.84755198], [-70.29591817, -30.84678237], [-70.29548318, -30.84574508], [-70.29447934, -30.84457394], [-70.29436586, -30.84445358], [-70.29425238, -30.84433322], [-70.29337512, -30.8434028], [-70.29240475, -30.84290088], [-70.29083207, -30.84290088], [-70.28952709, -30.84293434], [-70.28872402, -30.84290088], [-70.28848979, -30.84290088], [-70.28825556, -30.84290088], [-70.28708442, -30.84256627], [-70.28658251, -30.84216473], [-70.28604713, -30.84172974], [-70.28564559, -30.8413282], [-70.28541512, -30.84120016], [-70.28528682, -30.84112889], [-70.28504329, -30.84099359], [-70.2845884, -30.84091089], [-70.28430715, -30.84085975], [-70.28415657, -30.8407761], [-70.284006, -30.84069244], [-70.28397253, -30.84005668], [-70.2840138, -30.83974226], [-70.28409947, -30.83957094], [-70.28421368, -30.83935203], [-70.28423272, -30.83902842], [-70.28425175, -30.83863819], [-70.28412802, -30.83830506], [-70.28400706, -30.83751785], [-70.28387215, -30.83717902], [-70.28372017, -30.83685986], [-70.28353754, -30.83647634], [-70.28216697, -30.83476312], [-70.28175052, -30.83434287], [-70.28158871, -30.83419058], [-70.28081777, -30.83293422], [-70.28067971, -30.83273256], [-70.28054165, -30.83253089], [-70.28007319, -30.83202897], [-70.27989117, -30.83130088], [-70.27973858, -30.83069053], [-70.2796382, -30.82988746], [-70.27960847, -30.82918893], [-70.27970512, -30.82724403], [-70.27960474, -30.82637404], [-70.27953781, -30.82608962], [-70.27947089, -30.8258052], [-70.2792032, -30.82513597], [-70.27870128, -30.8247679], [-70.27853313, -30.82458681], [-70.27844175, -30.8244884], [-70.27826629, -30.82429944], [-70.27819937, -30.82376406], [-70.27822261, -30.82365783], [-70.27824584, -30.8235516], [-70.27843359, -30.82269331], [-70.27873474, -30.82205755], [-70.27910282, -30.82125448], [-70.27950435, -30.82018372], [-70.28020704, -30.81924681], [-70.28058634, -30.81814051], [-70.28059745, -30.81810809], [-70.28060857, -30.81807567], [-70.28047473, -30.8174399], [-70.28007319, -30.81673722], [-70.27957551, -30.8163967], [-70.27953461, -30.81632789], [-70.2792644, -30.81617608], [-70.27906453, -30.8158834], [-70.27891111, -30.8156], [-70.27844349, -30.81523381], [-70.27815795, -30.81488403], [-70.27797949, -30.81460563], [-70.27748057, -30.81362758], [-70.27743892, -30.81357836], [-70.2773484, -30.81347138], [-70.27719553, -30.81329072], [-70.276794, -30.81242073], [-70.27679895, -30.81235804], [-70.2768039, -30.81229535], [-70.27689438, -30.8111492], [-70.27729591, -30.80974384], [-70.27766073, -30.80939561], [-70.27789145, -30.80903769], [-70.27831024, -30.80857132], [-70.27878539, -30.80819742], [-70.27886859, -30.80810424], [-70.28017358, -30.80673233], [-70.2814451, -30.8052935], [-70.28221471, -30.80445697], [-70.28278355, -30.80398851], [-70.28355315, -30.80375429], [-70.28373719, -30.80358698], [-70.28392123, -30.80341967], [-70.28438968, -30.8028843], [-70.28509237, -30.80228199], [-70.28596236, -30.80208123], [-70.28689927, -30.80167969], [-70.28701638, -30.80154585], [-70.2871335, -30.801412], [-70.28763542, -30.80121124], [-70.2887731, -30.80111085], [-70.28940886, -30.8006424], [-70.28962635, -30.80044163], [-70.28984385, -30.80024086], [-70.29011169, -30.80009802], [-70.29084769, -30.79970548], [-70.29087822, -30.79966477], [-70.29104845, -30.7994378], [-70.29108192, -30.79917011], [-70.29088115, -30.79890242], [-70.29075885, -30.79874954], [-70.29064981, -30.79861324], [-70.29040742, -30.79783519], [-70.29021193, -30.79756397], [-70.29019927, -30.79728554], [-70.29019476, -30.79718638], [-70.29017846, -30.79682782], [-70.28990798, -30.79572771], [-70.28978132, -30.79357453], [-70.28978132, -30.79254479], [-70.2895427, -30.79190903], [-70.28940886, -30.79093866], [-70.28887348, -30.78909829], [-70.28886023, -30.78906518], [-70.28884699, -30.78903207], [-70.28847194, -30.78809446], [-70.28820426, -30.78735831], [-70.28797003, -30.78668909], [-70.2873068, -30.7859706], [-70.28723688, -30.78589485], [-70.28716696, -30.7858191], [-70.28623005, -30.78528372], [-70.28578583, -30.78493822], [-70.28562775, -30.78481526], [-70.28552967, -30.7846768], [-70.28505891, -30.7840122], [-70.28459045, -30.78304182], [-70.28449544, -30.78299432], [-70.28442314, -30.78295817], [-70.28425584, -30.78287452], [-70.28345277, -30.78304182], [-70.28324783, -30.78310793], [-70.28226252, -30.78355129], [-70.280866, -30.78406167], [-70.28014011, -30.78464796], [-70.27960474, -30.78511641], [-70.27943743, -30.78508295], [-70.27927012, -30.78504949], [-70.27846706, -30.78451411], [-70.276359, -30.78337643], [-70.27568978, -30.78274067], [-70.27563354, -30.78268444], [-70.2755773, -30.78262819], [-70.27504167, -30.78224722], [-70.27404482, -30.78150874], [-70.27394753, -30.78146801], [-70.2733475, -30.781168], [-70.27333535, -30.78111738], [-70.2733232, -30.78106675], [-70.27328083, -30.78100501], [-70.27297942, -30.7805657], [-70.27294596, -30.78031474], [-70.2729125, -30.78006378], [-70.2729683, -30.77961735], [-70.27297386, -30.77957288], [-70.27297942, -30.7795284], [-70.27312362, -30.77910327], [-70.27335561, -30.77868569], [-70.27340915, -30.77858931], [-70.27349067, -30.77834476], [-70.27351385, -30.77827522], [-70.27360278, -30.77782222], [-70.27360717, -30.77756894], [-70.27363554, -30.7759327], [-70.27365235, -30.77496299], [-70.27365024, -30.77430427], [-70.27364865, -30.77380654], [-70.27338096, -30.77320424], [-70.27332208, -30.77310121], [-70.27326321, -30.77299817], [-70.27297942, -30.77250155], [-70.27271173, -30.77189925], [-70.27262853, -30.77112272], [-70.27234366, -30.76902159], [-70.27254443, -30.76764969], [-70.27257789, -30.76654547], [-70.27254443, -30.76560855], [-70.27261135, -30.76480549], [-70.27338096, -30.76403588], [-70.27415056, -30.76353396], [-70.27461902, -30.76299858], [-70.27468594, -30.76226244], [-70.27418403, -30.76085707], [-70.27405018, -30.75978631], [-70.27388288, -30.75807979], [-70.27388288, -30.75714288], [-70.27380192, -30.75628758], [-70.27330183, -30.75487824], [-70.27189802, -30.75146027], [-70.2715659, -30.75083653], [-70.27134914, -30.75070028], [-70.27125954, -30.75064397], [-70.27100522, -30.75048411], [-70.27046984, -30.74984834], [-70.27046984, -30.74892603], [-70.27046984, -30.74891143], [-70.27046352, -30.74876621], [-70.27043638, -30.74814182], [-70.27016869, -30.74693722], [-70.269466, -30.74593339], [-70.26934466, -30.74579777], [-70.26922332, -30.74566215], [-70.26889716, -30.74529762], [-70.26819448, -30.74439417], [-70.26745833, -30.7435911], [-70.26692295, -30.74315611], [-70.26588566, -30.74295534], [-70.26524989, -30.74285496], [-70.26458067, -30.74272111], [-70.2643799, -30.74191805], [-70.26434644, -30.74128228], [-70.26436698, -30.74113442], [-70.26438752, -30.74098655], [-70.26451375, -30.74007768], [-70.26447977, -30.73993611], [-70.26405552, -30.73900821], [-70.26378791, -30.73876609], [-70.26309444, -30.73846667], [-70.2621951, -30.73753509], [-70.26069918, -30.73643041], [-70.25986265, -30.7359285], [-70.2586915, -30.7354935], [-70.25802228, -30.7353262], [-70.25728614, -30.7347239], [-70.25644961, -30.73408813], [-70.25551269, -30.73392083], [-70.25427463, -30.73318468], [-70.2532708, -30.73291699], [-70.25233388, -30.73268276], [-70.25076121, -30.73198008], [-70.24849778, -30.73034923], [-70.24738419, -30.72963539], [-70.2465371, -30.72908335], [-70.24622302, -30.728893], [-70.24616529, -30.72872652], [-70.24609444, -30.72852222], [-70.24608579, -30.72842774], [-70.24605169, -30.72805543], [-70.24645144, -30.7271322], [-70.24773891, -30.72545707], [-70.24883618, -30.7240294], [-70.24935584, -30.72341402], [-70.25019237, -30.72247711], [-70.25110252, -30.72184506], [-70.25144493, -30.72124054], [-70.25182415, -30.72109474], [-70.25199927, -30.72087097], [-70.25291111, -30.72001389], [-70.2532271, -30.71911459], [-70.25328241, -30.71902241], [-70.25333772, -30.71893022], [-70.25353849, -30.71742447], [-70.25381169, -30.71657755], [-70.25419071, -30.71611099], [-70.2546427, -30.71571795], [-70.25517808, -30.71511565], [-70.25554616, -30.71454681], [-70.25598115, -30.71407835], [-70.25654549, -30.71342491], [-70.25654804, -30.71304951], [-70.25629903, -30.71260595], [-70.2561753, -30.71241559], [-70.25609916, -30.7122062], [-70.25606109, -30.71200633], [-70.25602302, -30.71176838], [-70.25626993, -30.71112216], [-70.25641615, -30.71073224], [-70.25654999, -30.7105482], [-70.25668383, -30.71036416], [-70.25668383, -30.70959456], [-70.25651653, -30.70892533], [-70.25624884, -30.70835649], [-70.25614846, -30.70745304], [-70.25630556, -30.70711944], [-70.2563856, -30.70643324], [-70.25649816, -30.70592004], [-70.25665792, -30.70574963], [-70.25681768, -30.70557922], [-70.25718575, -30.70490999], [-70.25762075, -30.70414039], [-70.25771652, -30.70384349], [-70.25805983, -30.70314521], [-70.25812785, -30.7027236], [-70.25828997, -30.70236695], [-70.25865804, -30.70136311], [-70.25879149, -30.70111528], [-70.25882416, -30.70105461], [-70.25889227, -30.70092811], [-70.25909304, -30.70015851], [-70.25909304, -30.6999912], [-70.25909304, -30.6998239], [-70.25885881, -30.69918813], [-70.25842382, -30.69871968], [-70.25825651, -30.69821776], [-70.25832633, -30.69791635], [-70.25837392, -30.69758917], [-70.25837392, -30.69744046], [-70.25835013, -30.69733933], [-70.2582609, -30.69720251], [-70.25817167, -30.69712518], [-70.25783182, -30.69694124], [-70.25748999, -30.69675308], [-70.25730723, -30.69672145], [-70.25725267, -30.69671201], [-70.25701845, -30.69641086], [-70.25717148, -30.69598238], [-70.25718575, -30.6959424], [-70.2572507, -30.69583415], [-70.25725966, -30.69581923], [-70.25738652, -30.69560779], [-70.25735306, -30.69487164], [-70.25720248, -30.69462068], [-70.25705191, -30.69436973], [-70.25668383, -30.69373396], [-70.25627222, -30.69306041], [-70.25594769, -30.69252936], [-70.25593464, -30.69249023], [-70.25591811, -30.69244062], [-70.25587199, -30.69230227], [-70.25564654, -30.69162591], [-70.25541231, -30.69082284], [-70.25521154, -30.68991939], [-70.25517946, -30.68970282], [-70.25514737, -30.68948624], [-70.2550777, -30.68901594], [-70.25514462, -30.6880121], [-70.25501078, -30.68704173], [-70.25494385, -30.68684096], [-70.25487693, -30.6866402], [-70.25454897, -30.68614825], [-70.25427463, -30.68573674], [-70.25424358, -30.68561253], [-70.25421252, -30.68548831], [-70.2540404, -30.68479983], [-70.25380617, -30.68382946], [-70.25380617, -30.68262486], [-70.25377271, -30.6817214], [-70.25363887, -30.68081795], [-70.25360541, -30.67947951], [-70.25353849, -30.67874336], [-70.2534381, -30.67794029], [-70.25342837, -30.67792484], [-70.25341865, -30.6779094], [-70.25322179, -30.67733282], [-70.25302906, -30.6770687], [-70.25269055, -30.67680848], [-70.25255784, -30.67663891], [-70.25237233, -30.67624779], [-70.25206538, -30.67598367], [-70.25146389, -30.67566493], [-70.25039314, -30.67529686], [-70.24955661, -30.67509609], [-70.24835695, -30.67494844], [-70.24783945, -30.67479156], [-70.24738163, -30.6748284], [-70.24584242, -30.67492879], [-70.24477166, -30.67489533], [-70.24464496, -30.67486637], [-70.24407039, -30.67483439], [-70.24380627, -30.67475586], [-70.24369864, -30.67465006], [-70.24338921, -30.6743459], [-70.24307454, -30.67392633], [-70.24299822, -30.67382457], [-70.24290792, -30.67364398], [-70.24250458, -30.67283729], [-70.24236245, -30.67255304], [-70.24232853, -30.67249131], [-70.24229461, -30.67242957], [-70.2406894, -30.66950808], [-70.24038312, -30.66901803], [-70.24036579, -30.66899031], [-70.24035478, -30.6689727], [-70.24035217, -30.66896764], [-70.24033341, -30.66893138], [-70.24008574, -30.66845254], [-70.23993653, -30.66835563], [-70.23978732, -30.66825872], [-70.23953918, -30.66801328], [-70.23937214, -30.6678007], [-70.23938166, -30.66719156], [-70.23943877, -30.66668711], [-70.23958153, -30.6662017], [-70.23969099, -30.66585906], [-70.23996225, -30.66554497], [-70.24053332, -30.66524516], [-70.24118596, -30.66505834], [-70.24244296, -30.66463304], [-70.24272222, -30.66453333], [-70.24406849, -30.66456981], [-70.24524632, -30.6645817], [-70.24630113, -30.66410302], [-70.24718629, -30.66364616], [-70.24812856, -30.66330352], [-70.24888523, -30.66281811], [-70.24937064, -30.66240408], [-70.24977039, -30.66197578], [-70.250259, -30.66122836], [-70.25038778, -30.66074185], [-70.25030834, -30.65998296], [-70.25012731, -30.65914898], [-70.25005592, -30.65869212], [-70.25005592, -30.65837803], [-70.25009508, -30.65797066], [-70.24991933, -30.65749611], [-70.24951779, -30.65712804], [-70.24943414, -30.65691054], [-70.24935049, -30.65669305], [-70.24978548, -30.65615767], [-70.25032086, -30.65522075], [-70.25073552, -30.65449528], [-70.2509658, -30.65276816], [-70.25095662, -30.6513058], [-70.25075585, -30.64983351], [-70.25038778, -30.64856198], [-70.24995279, -30.6474243], [-70.24938395, -30.64698931], [-70.24933187, -30.64696571], [-70.2492798, -30.64694211], [-70.24900225, -30.64681635], [-70.24712532, -30.64576797], [-70.24684841, -30.64540997], [-70.24669136, -30.64493884], [-70.24667709, -30.64446771], [-70.24669136, -30.64371104], [-70.24669136, -30.64328273], [-70.24681985, -30.64301148], [-70.24714822, -30.64295437], [-70.24744336, -30.6430001], [-70.24781923, -30.64269739], [-70.24805421, -30.64231159], [-70.2480455, -30.64213744], [-70.2476105, -30.64170244], [-70.24736279, -30.64151665], [-70.24728089, -30.64145523], [-70.24707513, -30.64130091], [-70.24667709, -30.63994197], [-70.2465486, -30.63958505], [-70.24649149, -30.6391282], [-70.24649149, -30.6385714], [-70.24661998, -30.63800033], [-70.24697062, -30.63722658], [-70.2470082, -30.63695096], [-70.24690782, -30.63601404], [-70.24690622, -30.63599486], [-70.24690462, -30.63597565], [-70.2468409, -30.63521097], [-70.24664013, -30.63420714], [-70.24597091, -30.63296908], [-70.24575525, -30.63260586], [-70.24462123, -30.63061924], [-70.24336094, -30.62962296], [-70.24252441, -30.62881989], [-70.24192211, -30.6279499], [-70.24118596, -30.62714683], [-70.24012006, -30.62628795], [-70.23947944, -30.62560762], [-70.2393456, -30.62480455], [-70.23935183, -30.62473593], [-70.23935807, -30.62466732], [-70.23957982, -30.62222804], [-70.23957982, -30.62125767], [-70.23982567, -30.61862372], [-70.23988097, -30.61737617], [-70.23981405, -30.6164058], [-70.23954636, -30.6153685], [-70.23867637, -30.61436467], [-70.23840142, -30.6136498], [-70.23837159, -30.61357224], [-70.23834176, -30.61349468], [-70.23800715, -30.61305968], [-70.23703678, -30.61242392], [-70.23519641, -30.61168777], [-70.23392489, -30.61088471], [-70.23235221, -30.61018202], [-70.23084646, -30.60924511], [-70.22957493, -30.6084755], [-70.22929586, -30.60835743], [-70.22812205, -30.6076051], [-70.22758905, -30.60737667], [-70.2271893, -30.6073386], [-70.22640306, -30.60712442], [-70.22622882, -30.60700321], [-70.22587346, -30.60665569], [-70.22567121, -30.60631067], [-70.22567121, -30.60598944], [-70.22567121, -30.60569201], [-70.22584967, -30.60533509], [-70.22593295, -30.60508525], [-70.22605192, -30.60418105], [-70.22605192, -30.60370516], [-70.22593835, -30.60280814], [-70.22579382, -30.60241903], [-70.2251246, -30.60154904], [-70.22502091, -30.60144535], [-70.22491722, -30.60134166], [-70.22435499, -30.60077943], [-70.22355192, -30.60031098], [-70.22254809, -30.59974214], [-70.22174502, -30.5991733], [-70.22141041, -30.59843715], [-70.22137574, -30.59828691], [-70.22134107, -30.59813667], [-70.22123779, -30.59768911], [-70.22122371, -30.59762814], [-70.22120964, -30.59756716], [-70.22098492, -30.59696213], [-70.2205488, -30.59592739], [-70.22039127, -30.59555942], [-70.22031513, -30.59535003], [-70.22031513, -30.59511209], [-70.22031513, -30.59493125], [-70.22050999, -30.59475549], [-70.22099874, -30.59440669], [-70.22143574, -30.5933363], [-70.22140007, -30.59283102], [-70.22140007, -30.59240272], [-70.22135248, -30.59187924], [-70.2212811, -30.59134386], [-70.22120972, -30.59095125], [-70.22095987, -30.59001136], [-70.22080521, -30.58967824], [-70.22080556, -30.58890278], [-70.22102661, -30.58810497], [-70.22119722, -30.58735], [-70.22121781, -30.5870765], [-70.2212384, -30.58680301], [-70.22095833, -30.58531111], [-70.2212692, -30.58399132], [-70.22104872, -30.58286253], [-70.22007196, -30.58080311], [-70.21966307, -30.58023178], [-70.2188339, -30.57983274], [-70.21720179, -30.57919803], [-70.21417633, -30.57774273], [-70.21408241, -30.57769123], [-70.21341319, -30.577457], [-70.21284435, -30.57715585], [-70.21234243, -30.57628586], [-70.21178705, -30.57579408], [-70.21109347, -30.57545867], [-70.21077434, -30.57504283], [-70.21069159, -30.57476975], [-70.2102404, -30.57399759], [-70.20995487, -30.5734979], [-70.20963751, -30.57272353], [-70.20956516, -30.57260513], [-70.20940819, -30.57255471], [-70.20883652, -30.5721892], [-70.20841389, -30.57217778], [-70.20815499, -30.57196118], [-70.20792708, -30.5717366], [-70.20770296, -30.57139294], [-70.20769949, -30.57138464], [-70.20769603, -30.57137634], [-70.20735672, -30.570564], [-70.20706382, -30.56973835], [-70.20694485, -30.56933384], [-70.20684699, -30.56898786], [-70.20676807, -30.56870884], [-70.20662362, -30.56853673], [-70.20662362, -30.56840586], [-70.20674259, -30.5681917], [-70.20686157, -30.56796565], [-70.20699244, -30.56779909], [-70.20707572, -30.56756115], [-70.2071709, -30.56729941], [-70.20725418, -30.566883], [-70.20733746, -30.56652608], [-70.2075517, -30.56616356], [-70.20789434, -30.56554966], [-70.20803711, -30.56509281], [-70.20809422, -30.56477158], [-70.2083348, -30.56361725], [-70.20837349, -30.56343162], [-70.20838882, -30.56322231], [-70.2084944, -30.56178044], [-70.20845305, -30.56115348], [-70.2084117, -30.56101171], [-70.20802594, -30.55968912], [-70.2077271, -30.55931163], [-70.20734698, -30.55860486], [-70.2062905, -30.55794812], [-70.20485, -30.55732222], [-70.20476435, -30.5572918], [-70.20403771, -30.55703368], [-70.20283946, -30.55671107], [-70.20213678, -30.55614223], [-70.20202174, -30.5559351], [-70.20101276, -30.55569734], [-70.2005641, -30.55547301], [-70.19942642, -30.5547034], [-70.19783865, -30.55389352], [-70.19470188, -30.55284942], [-70.19457455, -30.55279612], [-70.19359845, -30.55209465], [-70.19272281, -30.55174725], [-70.19193283, -30.55147123], [-70.19164729, -30.55132846], [-70.19069306, -30.55068806], [-70.19050515, -30.55016729], [-70.19050515, -30.54999597], [-70.19050515, -30.5499103], [-70.19056226, -30.54967236], [-70.19060985, -30.54941538], [-70.19071454, -30.54892997], [-70.19079069, -30.54863491], [-70.19091442, -30.54829227], [-70.19095249, -30.54799722], [-70.1910686, -30.54787572], [-70.19120947, -30.54744518], [-70.19149501, -30.54699784], [-70.19174247, -30.54675038], [-70.19226573, -30.54576927], [-70.1925039, -30.54479922], [-70.19296076, -30.5435619], [-70.19331292, -30.54289565], [-70.1937317, -30.54229603], [-70.19434084, -30.54173448], [-70.19492143, -30.54122051], [-70.19550202, -30.54074462], [-70.19608261, -30.54038294], [-70.19650139, -30.5400403], [-70.19654748, -30.53991342], [-70.19658705, -30.53925984], [-70.19662512, -30.53886009], [-70.19664416, -30.53851745], [-70.19675837, -30.53803204], [-70.19682607, -30.5374926], [-70.19661568, -30.53683514], [-70.196292, -30.5362522], [-70.1961302, -30.53605232], [-70.19583514, -30.53597618], [-70.19467274, -30.53565098], [-70.19403917, -30.53539631], [-70.19371561, -30.53528075], [-70.1924665, -30.5344594], [-70.19235543, -30.53441826], [-70.19177102, -30.53403454], [-70.19094297, -30.53372997], [-70.19039191, -30.53352248], [-70.19020058, -30.53333022], [-70.19013396, -30.53318745], [-70.1901054, -30.53295902], [-70.19012444, -30.53283529], [-70.19025769, -30.53259735], [-70.19043853, -30.53242603], [-70.1907431, -30.53228326], [-70.19100008, -30.53210242], [-70.19129513, -30.53184544], [-70.19148549, -30.53161701], [-70.19157115, -30.53136003], [-70.19163777, -30.53096979], [-70.19161874, -30.53066522], [-70.19150452, -30.53031306], [-70.19147597, -30.53001801], [-70.19149501, -30.52967537], [-70.19164729, -30.52929465], [-70.19181861, -30.52884732], [-70.19194235, -30.52822866], [-70.19198993, -30.52776228], [-70.19203752, -30.52730543], [-70.19202448, -30.52704395], [-70.19166343, -30.52656256], [-70.19146239, -30.52645522], [-70.19055919, -30.52591573], [-70.19047723, -30.5258201], [-70.18992456, -30.52544945], [-70.18975324, -30.52517343], [-70.18945083, -30.52428719], [-70.18922663, -30.52383878], [-70.1891132, -30.5237796], [-70.18858255, -30.52335552], [-70.18785919, -30.52301288], [-70.18713583, -30.52269879], [-70.18633634, -30.52234663], [-70.1857843, -30.52220386], [-70.18507421, -30.52213527], [-70.18491649, -30.52204314], [-70.18475877, -30.521951], [-70.18416813, -30.52124224], [-70.1840938, -30.52105978], [-70.18401946, -30.52087733], [-70.18378277, -30.52020532], [-70.18374416, -30.52009572], [-70.18370556, -30.51998611], [-70.18365307, -30.51984774], [-70.18314786, -30.51890117], [-70.18284176, -30.51770122], [-70.18279622, -30.51759497], [-70.18255775, -30.51667399], [-70.18246773, -30.51603691], [-70.1824522, -30.5156944], [-70.18172546, -30.51521922], [-70.18159149, -30.51516097], [-70.18153359, -30.5151358], [-70.18151541, -30.51512789], [-70.18095586, -30.51488461], [-70.1804874, -30.5143827], [-70.18005241, -30.51384732], [-70.17962706, -30.51296624], [-70.17958395, -30.51284862], [-70.17938831, -30.51231482], [-70.17939783, -30.51179134], [-70.17955963, -30.51142014], [-70.17987372, -30.51089666], [-70.18041624, -30.51050643], [-70.18115863, -30.51004957], [-70.18283377, -30.50922152], [-70.18313834, -30.50908827], [-70.1838617, -30.508679], [-70.18429952, -30.50842202], [-70.18482113, -30.50777376], [-70.18491677, -30.50760271], [-70.18513135, -30.50720503], [-70.18547973, -30.50625195], [-70.18583359, -30.50567413], [-70.18680271, -30.50545246], [-70.18754684, -30.50484636], [-70.18785065, -30.50464028], [-70.18823039, -30.5041961], [-70.1882291, -30.50413486], [-70.18826381, -30.50364706], [-70.18826128, -30.50358873], [-70.18825418, -30.50342515], [-70.18825418, -30.50332522], [-70.18831726, -30.5031472], [-70.18861475, -30.50230765], [-70.18877302, -30.50186099], [-70.18882144, -30.50172432], [-70.18936396, -30.50098192], [-70.18959239, -30.50051555], [-70.18993503, -30.499954], [-70.19022057, -30.49953521], [-70.19082943, -30.49879581], [-70.19109621, -30.49811229], [-70.19152099, -30.49771019], [-70.19197053, -30.49678301], [-70.19235047, -30.49584778], [-70.19237814, -30.49556032], [-70.19242097, -30.49521768], [-70.19274692, -30.49490754], [-70.19292066, -30.49469658], [-70.19307057, -30.49437535], [-70.19312304, -30.49407433], [-70.19334244, -30.4936042], [-70.19424589, -30.49246652], [-70.19471275, -30.49177997], [-70.19481473, -30.49162999], [-70.19474497, -30.49153034], [-70.1945805, -30.49129538], [-70.19310821, -30.49032501], [-70.19123438, -30.48922079], [-70.18959479, -30.48815003], [-70.18879172, -30.48758119], [-70.18822288, -30.48704581], [-70.18621521, -30.48604198], [-70.185398, -30.48552911], [-70.18464253, -30.4855066], [-70.18393985, -30.4855066], [-70.18358844, -30.4853619], [-70.18333044, -30.48525567], [-70.18208417, -30.48439194], [-70.18191511, -30.48423979], [-70.18182652, -30.48422702], [-70.18136243, -30.48421565], [-70.18112924, -30.48422041], [-70.18101357, -30.48416175], [-70.18079136, -30.48404908], [-70.18042492, -30.48386349], [-70.18006851, -30.48363544], [-70.17952297, -30.48306393], [-70.17905452, -30.48232779], [-70.17764915, -30.48165857], [-70.17644455, -30.4808555], [-70.17517302, -30.48001897], [-70.17463764, -30.47938321], [-70.17413573, -30.47894821], [-70.17266344, -30.47871398], [-70.1716596, -30.47807822], [-70.17052192, -30.47744246], [-70.16787849, -30.47560209], [-70.16684119, -30.47479903], [-70.16540236, -30.47366135], [-70.16419776, -30.47249021], [-70.16349508, -30.4718879], [-70.16232393, -30.47118522], [-70.16098549, -30.470516], [-70.15991473, -30.47024831], [-70.15867667, -30.46974639], [-70.156669, -30.46880948], [-70.15613362, -30.4682741], [-70.15594958, -30.46812352], [-70.15576555, -30.46797295], [-70.15545708, -30.46771742], [-70.15509779, -30.46765359], [-70.15499594, -30.46760487], [-70.15422633, -30.46733719], [-70.15325596, -30.46693565], [-70.15251981, -30.46616604], [-70.15195868, -30.46569844], [-70.15120798, -30.46471871], [-70.1511479, -30.46462683], [-70.15017753, -30.46355607], [-70.14947485, -30.46335531], [-70.1483037, -30.46335531], [-70.14726641, -30.46345569], [-70.14599488, -30.46308762], [-70.14499105, -30.46245185], [-70.14395375, -30.46158186], [-70.14349205, -30.46119711], [-70.14256264, -30.46061092], [-70.14249109, -30.4605658], [-70.14232653, -30.46042938], [-70.14195892, -30.46030547], [-70.14176909, -30.46032669], [-70.14135677, -30.46020889], [-70.14104706, -30.45999844], [-70.14071394, -30.45990327], [-70.14018206, -30.45986686], [-70.1401115, -30.45987195], [-70.13929578, -30.45993087], [-70.13890555, -30.45992135], [-70.13872947, -30.45991659], [-70.13737421, -30.45936761], [-70.13729498, -30.45933997], [-70.13627528, -30.45884319], [-70.13531732, -30.45800826], [-70.13411193, -30.45698471], [-70.13327964, -30.45622808], [-70.13270761, -30.45553827], [-70.13224306, -30.45478171], [-70.13158873, -30.45313639], [-70.13113813, -30.45184466], [-70.13060275, -30.45010468], [-70.13013429, -30.44863239], [-70.12996698, -30.44786279], [-70.12929776, -30.44692587], [-70.12759124, -30.44565435], [-70.12668779, -30.44455013], [-70.12578434, -30.44378052], [-70.12534934, -30.44284361], [-70.12523134, -30.44254271], [-70.12505556, -30.44158333], [-70.12457491, -30.44062858], [-70.12447935, -30.44016672], [-70.12431205, -30.43892865], [-70.12431205, -30.4378579], [-70.12438146, -30.43748767], [-70.12432878, -30.43717194], [-70.12424512, -30.43702137], [-70.12419085, -30.43694384], [-70.1240109, -30.43668676], [-70.12386973, -30.43658003], [-70.12382809, -30.43648485], [-70.12381624, -30.43629744], [-70.12377667, -30.4362183], [-70.12334167, -30.43581676], [-70.12287743, -30.43552356], [-70.12277399, -30.43536174], [-70.12268357, -30.43524753], [-70.12248056, -30.43515232], [-70.12232189, -30.43509048], [-70.12219816, -30.43501434], [-70.121994, -30.43486581], [-70.12175558, -30.43471929], [-70.12150812, -30.43462887], [-70.12136059, -30.43458604], [-70.1211512, -30.43457176], [-70.12095329, -30.43456238], [-70.12089901, -30.43454524], [-70.12079982, -30.43443779], [-70.12064675, -30.43415298], [-70.12058489, -30.43406256], [-70.1204564, -30.43396262], [-70.12033742, -30.43390075], [-70.12019466, -30.43385316], [-70.11992863, -30.43384256], [-70.11938088, -30.43367233], [-70.11903348, -30.43352956], [-70.11866704, -30.43337251], [-70.11842434, -30.43329637], [-70.11827681, -30.43317264], [-70.11820067, -30.43308698], [-70.11803354, -30.43294671], [-70.11801942, -30.432924], [-70.11784851, -30.43264916], [-70.11767243, -30.43240645], [-70.11750055, -30.43212582], [-70.11716272, -30.43076413], [-70.11716272, -30.43070466], [-70.11709041, -30.42988375], [-70.11709041, -30.42968149], [-70.11723124, -30.42928351], [-70.11733938, -30.42852648], [-70.11732244, -30.42826379], [-70.11723913, -30.42800397], [-70.11719749, -30.42786715], [-70.11719154, -30.4276887], [-70.11723334, -30.42754969], [-70.11729861, -30.42746265], [-70.11729267, -30.42728419], [-70.11729267, -30.42713547], [-70.11726887, -30.42704029], [-70.11720344, -30.42690347], [-70.1171618, -30.42684399], [-70.11710826, -30.42668337], [-70.11709041, -30.42625507], [-70.11708187, -30.42601229], [-70.1171598, -30.42577851], [-70.11732836, -30.42571374], [-70.11752755, -30.42570662], [-70.11760794, -30.42565426], [-70.11772643, -30.42554842], [-70.11778248, -30.42476371], [-70.11778248, -30.4246215], [-70.11778248, -30.4244793], [-70.11837769, -30.42348728], [-70.11863026, -30.4233394], [-70.11900423, -30.42312044], [-70.12002748, -30.42254027], [-70.12019997, -30.42234622], [-70.12032001, -30.42211815], [-70.12091569, -30.42133762], [-70.12116575, -30.42034422], [-70.12155092, -30.41935991], [-70.1216074, -30.41896451], [-70.12193505, -30.41740309], [-70.12226194, -30.41651581], [-70.12232628, -30.41608691], [-70.12257334, -30.41552309], [-70.12289758, -30.41457397], [-70.12293585, -30.41446193], [-70.12303579, -30.41428347], [-70.12312859, -30.41418353], [-70.12322853, -30.41411928], [-70.12327251, -30.41411252], [-70.12332133, -30.41410501], [-70.1235212, -30.41411215], [-70.12372108, -30.41401221], [-70.12383949, -30.41395612], [-70.12385671, -30.41394796], [-70.1239852, -30.41383375], [-70.12406372, -30.41369812], [-70.12414288, -30.41351992], [-70.12425281, -30.41324509], [-70.12498513, -30.41191778], [-70.12499993, -30.41188817], [-70.12501473, -30.41185857], [-70.12518204, -30.41125627], [-70.12531588, -30.41075435], [-70.12526757, -30.41062148], [-70.12525516, -30.41058737], [-70.12518204, -30.41038628], [-70.12501473, -30.4098509], [-70.12472916, -30.40930831], [-70.12473829, -30.40904511], [-70.12511511, -30.40794361], [-70.12524896, -30.40784323], [-70.1253828, -30.40774284], [-70.12560561, -30.40783037], [-70.12581976, -30.40784464], [-70.12624806, -30.40780895], [-70.1283913, -30.40593534], [-70.12929776, -30.40546748], [-70.12993352, -30.40540056], [-70.13080351, -30.40546748], [-70.13097082, -30.40546748], [-70.13113813, -30.40546748], [-70.13244311, -30.40429634], [-70.13291157, -30.40386135], [-70.13312096, -30.40368367], [-70.13333037, -30.40350599], [-70.1337481, -30.40289097], [-70.1337481, -30.40265675], [-70.1337481, -30.40242252], [-70.13354733, -30.40185368], [-70.13304652, -30.40081336], [-70.13303919, -30.4007947], [-70.13303186, -30.40077604], [-70.13281118, -30.40021408], [-70.13277772, -30.39944447], [-70.13324618, -30.39837372], [-70.13378156, -30.39777142], [-70.13414963, -30.39703527], [-70.1343504, -30.39616528], [-70.13471847, -30.39532875], [-70.13477349, -30.39523522], [-70.13489953, -30.39502095], [-70.13505308, -30.39475991], [-70.13525847, -30.39445183], [-70.13548944, -30.39400362], [-70.13552154, -30.39392338], [-70.13597768, -30.3929397], [-70.13607048, -30.3926042], [-70.13618469, -30.3919903], [-70.13626523, -30.39135013], [-70.13629115, -30.39124649], [-70.13623674, -30.39084755], [-70.13629031, -30.3903871], [-70.13689345, -30.38964035], [-70.13793074, -30.38897113], [-70.13849958, -30.38793383], [-70.13933611, -30.38686308], [-70.14047379, -30.38582578], [-70.14104263, -30.38478848], [-70.14145936, -30.38319605], [-70.14140299, -30.38223743], [-70.14139449, -30.38209286], [-70.14160035, -30.38161109], [-70.14169553, -30.38123989], [-70.14169553, -30.38074496], [-70.14157678, -30.37995498], [-70.14157678, -30.37809625], [-70.14197954, -30.37742703], [-70.14207993, -30.37717607], [-70.14218031, -30.37692511], [-70.14218031, -30.37604717], [-70.14218031, -30.37585435], [-70.14221377, -30.37545282], [-70.14229978, -30.37530726], [-70.14259513, -30.37480744], [-70.14279008, -30.37465354], [-70.14281863, -30.37450126], [-70.1428567, -30.37417765], [-70.14281608, -30.37385883], [-70.14291381, -30.37340671], [-70.14335985, -30.37283883], [-70.143818, -30.37226456], [-70.14391487, -30.37172004], [-70.14412106, -30.37127017], [-70.14450852, -30.37102801], [-70.14492413, -30.37100248], [-70.14576066, -30.37086864], [-70.1464968, -30.37006557], [-70.14706564, -30.36979788], [-70.1471356, -30.36978082], [-70.14741813, -30.36978992], [-70.14774649, -30.36973282], [-70.14831812, -30.3694924], [-70.14843755, -30.36946327], [-70.14900639, -30.36899481], [-70.1491737, -30.36876058], [-70.149341, -30.36852635], [-70.15031137, -30.3680579], [-70.15094714, -30.3674556], [-70.15146938, -30.36698309], [-70.15192959, -30.36689174], [-70.15226509, -30.36676325], [-70.15267912, -30.36656338], [-70.15294324, -30.36634209], [-70.1532225, -30.36594984], [-70.15389172, -30.36471178], [-70.1545944, -30.36347372], [-70.15498348, -30.36249128], [-70.15539884, -30.3619734], [-70.15549878, -30.361695], [-70.15553132, -30.36146605], [-70.15536401, -30.36089721], [-70.15533517, -30.36064724], [-70.15534173, -30.3598533], [-70.15526321, -30.35940358], [-70.15488898, -30.35887859], [-70.1545944, -30.35838762], [-70.15389172, -30.35681495], [-70.15310045, -30.35546469], [-70.1527875, -30.35457305], [-70.15248635, -30.35376998], [-70.15246962, -30.35355248], [-70.15245289, -30.35333498], [-70.15282096, -30.35276614], [-70.15349019, -30.3521973], [-70.15342326, -30.35136078], [-70.15332288, -30.35052425], [-70.15332288, -30.35023983], [-70.15332288, -30.34995541], [-70.15397847, -30.34883578], [-70.15456094, -30.34801466], [-70.15489555, -30.34751274], [-70.15487882, -30.34729524], [-70.15486209, -30.34707775], [-70.15466854, -30.34666645], [-70.15440423, -30.34651594], [-70.15379683, -30.34569656], [-70.1527875, -30.34466854], [-70.15175021, -30.34376509], [-70.14964215, -30.34232626], [-70.14860486, -30.34159011], [-70.14837552, -30.34150985], [-70.14743716, -30.34106222], [-70.14676708, -30.34096278], [-70.14599488, -30.34092089], [-70.14576066, -30.34083724], [-70.14552643, -30.34075359], [-70.14482908, -30.34048907], [-70.14420853, -30.34046274], [-70.14359196, -30.34047211], [-70.1429606, -30.34060546], [-70.14261531, -30.34058628], [-70.14197954, -30.34031859], [-70.14165983, -30.34018657], [-70.14107609, -30.34028513], [-70.14044033, -30.34061974], [-70.1394056, -30.34070843], [-70.13918859, -30.34061841], [-70.13881731, -30.34059024], [-70.1385179, -30.34063344], [-70.13799546, -30.34083379], [-70.13739362, -30.34077757], [-70.1371946, -30.34078705], [-70.13652537, -30.34088743], [-70.13615638, -30.34106509], [-70.13463566, -30.34202352], [-70.13435119, -30.34205497], [-70.13421655, -30.34212549], [-70.13324618, -30.34215895], [-70.13123851, -30.3424601], [-70.13053839, -30.34273515], [-70.13016237, -30.34294599], [-70.12931519, -30.34319625], [-70.12920098, -30.34319625], [-70.12850839, -30.34338789], [-70.12799278, -30.34373163], [-70.12742394, -30.34413316], [-70.12588472, -30.34473546], [-70.12491435, -30.345137], [-70.121769, -30.34647544], [-70.1205644, -30.34697736], [-70.12033017, -30.34704429], [-70.12009594, -30.34711121], [-70.11859019, -30.34741236], [-70.11748597, -30.34794774], [-70.11624791, -30.34791428], [-70.11554522, -30.3479812], [-70.11474215, -30.34855004], [-70.11400601, -30.34931964], [-70.11316948, -30.35005579], [-70.1120318, -30.35079194], [-70.11092758, -30.35129385], [-70.10972298, -30.351595], [-70.10878606, -30.35169539], [-70.10778223, -30.35172885], [-70.10657763, -30.35206346], [-70.10503841, -30.35313422], [-70.10390073, -30.35460651], [-70.10345424, -30.3555649], [-70.10336536, -30.3572834], [-70.10324087, -30.35873785], [-70.10319805, -30.35949184], [-70.10309767, -30.36052914], [-70.1030642, -30.3617672], [-70.10329843, -30.3629718], [-70.10347477, -30.36344204], [-70.10358483, -30.36418057], [-70.10353266, -30.36561523], [-70.1034992, -30.36628446], [-70.1028969, -30.36742214], [-70.10252883, -30.36809136], [-70.10129076, -30.36869366], [-70.09998578, -30.36886097], [-70.09911579, -30.36929596], [-70.09889829, -30.36931269], [-70.09868079, -30.36932942], [-70.09737581, -30.3692625], [-70.09670658, -30.36953019], [-70.09580313, -30.37019941], [-70.09554466, -30.37030056], [-70.09508426, -30.37057705], [-70.09471783, -30.37079596], [-70.09441326, -30.37102915], [-70.09411593, -30.3712617], [-70.09382892, -30.3716717], [-70.09364489, -30.37180555], [-70.09346085, -30.37193939], [-70.09318386, -30.37209975], [-70.0928095, -30.37249014], [-70.0923812, -30.37288037], [-70.09197193, -30.37317066], [-70.09173398, -30.37326584], [-70.09145321, -30.37332295], [-70.09105878, -30.37330938], [-70.09087266, -30.37330298], [-70.09055273, -30.3732881], [-70.0898209, -30.37318494], [-70.08924983, -30.37311356], [-70.08882628, -30.37307548], [-70.08835039, -30.37303265], [-70.08785653, -30.37311632], [-70.08753822, -30.373144], [-70.08712528, -30.37327579], [-70.08661258, -30.37343941], [-70.08564256, -30.37386071], [-70.08531066, -30.37396411], [-70.08527666, -30.3739747], [-70.08459027, -30.37420937], [-70.08446074, -30.37423052], [-70.08405202, -30.37434392], [-70.08364684, -30.37449653], [-70.08337393, -30.37452094], [-70.08287255, -30.3745233], [-70.08194887, -30.37448346], [-70.08098539, -30.37438289], [-70.08028732, -30.37422584], [-70.0800436, -30.37411931], [-70.07986463, -30.3740948], [-70.07970019, -30.37419678], [-70.0797316, -30.37434045], [-70.0798779, -30.37470411], [-70.08032243, -30.37528386], [-70.08078308, -30.3759069], [-70.08111675, -30.37636545], [-70.08125296, -30.37665604], [-70.08130279, -30.37683809], [-70.08136049, -30.37718431], [-70.08139552, -30.37752322], [-70.0813848, -30.37797105], [-70.08123355, -30.37844719], [-70.0811522, -30.37887525], [-70.08108611, -30.37926927], [-70.08097092, -30.37946696], [-70.08080887, -30.3796179], [-70.08031608, -30.37975332], [-70.0790357, -30.38027231], [-70.0786751, -30.38035418], [-70.07847999, -30.38033514], [-70.07828617, -30.38027231], [-70.07822777, -30.38027231], [-70.07791213, -30.38021424], [-70.07787085, -30.38020665], [-70.07769953, -30.38020665], [-70.07752915, -30.38027161], [-70.07744835, -30.38040458], [-70.07737094, -30.38053198], [-70.07619251, -30.38158305], [-70.07567293, -30.38223743], [-70.07474665, -30.383404], [-70.07420759, -30.3839282], [-70.07382257, -30.38423853], [-70.07323164, -30.38503347], [-70.07299518, -30.38546726], [-70.07288645, -30.38606441], [-70.07268448, -30.38672295], [-70.07260078, -30.38680664], [-70.07241675, -30.38699067], [-70.07215253, -30.38728555], [-70.07189297, -30.38786364], [-70.07180512, -30.38824209], [-70.07175278, -30.38846576], [-70.07140422, -30.38881496], [-70.07118646, -30.38904159], [-70.07109604, -30.38920815], [-70.07102466, -30.38936995], [-70.07078671, -30.38972211], [-70.07052973, -30.38993151], [-70.06998818, -30.39053365], [-70.06994062, -30.39057102], [-70.06886986, -30.39190947], [-70.06826756, -30.39261215], [-70.06803334, -30.39276273], [-70.06779911, -30.3929133], [-70.06737933, -30.39296294], [-70.06657907, -30.39289937], [-70.06646066, -30.3929133], [-70.06595389, -30.3932793], [-70.06585836, -30.3933483], [-70.06571608, -30.39351379], [-70.06546585, -30.39357259], [-70.06525209, -30.39356137], [-70.06481784, -30.39365655], [-70.06465376, -30.39378329], [-70.06381723, -30.39408444], [-70.06342585, -30.39428711], [-70.06320575, -30.39436444], [-70.06276546, -30.39438495], [-70.06264609, -30.39441905], [-70.06171859, -30.39426332], [-70.06094119, -30.39401842], [-70.06063842, -30.39385021], [-70.06038609, -30.39368035], [-70.06018979, -30.3934543], [-70.06010304, -30.39321445], [-70.0597015, -30.39281292], [-70.05939861, -30.39269882], [-70.059238, -30.39260364], [-70.05913093, -30.39249657], [-70.05904729, -30.39228084], [-70.05901329, -30.3922517], [-70.05883171, -30.3919716], [-70.05844824, -30.39176927], [-70.05819282, -30.39167179], [-70.05786446, -30.39137197], [-70.05768522, -30.3911629], [-70.05735049, -30.39112213], [-70.05720059, -30.39108644], [-70.05697216, -30.39101505], [-70.05676515, -30.39092939], [-70.05662238, -30.39082589], [-70.05628796, -30.39059374], [-70.05620412, -30.39055541], [-70.05572294, -30.3905118], [-70.05533747, -30.39040472], [-70.05500553, -30.39031192], [-70.05471286, -30.39022983], [-70.05443803, -30.39004066], [-70.05412038, -30.38979796], [-70.0538741, -30.38964092], [-70.05368493, -30.38950172], [-70.05341011, -30.38922689], [-70.05306389, -30.38895563], [-70.05279897, -30.38865947], [-70.05254081, -30.38849643], [-70.05241609, -30.38847229], [-70.05192889, -30.38830961], [-70.0515407, -30.38830286], [-70.05150352, -30.38829566], [-70.05096164, -30.38830247], [-70.05075463, -30.38837385], [-70.05030491, -30.38858443], [-70.05015579, -30.38867186], [-70.04934083, -30.38904463], [-70.04896047, -30.38916565], [-70.04845708, -30.38923429], [-70.04782075, -30.38921618], [-70.04733534, -30.38919834], [-70.04679639, -30.38919477], [-70.04621105, -30.3892376], [-70.04531161, -30.3895612], [-70.04500547, -30.38971106], [-70.04404168, -30.38980141], [-70.04340076, -30.38983193], [-70.04305588, -30.38982294], [-70.0421505, -30.39015012], [-70.04170316, -30.39014982], [-70.04141405, -30.39019265], [-70.04112138, -30.39026987], [-70.04089888, -30.3903191], [-70.04052889, -30.39038896], [-70.04023265, -30.39046748], [-70.03961004, -30.3907837], [-70.03956611, -30.39080601], [-70.03931439, -30.39087873], [-70.03892366, -30.39099161], [-70.0384097, -30.39109155], [-70.03782435, -30.39110582], [-70.03701057, -30.39127714], [-70.03648233, -30.39151985], [-70.0360112, -30.39166262], [-70.03529736, -30.39161979], [-70.03446931, -30.3915484], [-70.0340163, -30.39161587], [-70.0337983, -30.39164834], [-70.03309874, -30.39189105], [-70.03227353, -30.39172582], [-70.03225556, -30.39172222], [-70.03220872, -30.39172333], [-70.03175672, -30.391734], [-70.02951953, -30.39241138], [-70.02881685, -30.39308061], [-70.02865541, -30.39317995], [-70.02849397, -30.3932793], [-70.02794686, -30.39361599], [-70.02684264, -30.39458636], [-70.0258388, -30.3947202], [-70.02460074, -30.39502135], [-70.02379767, -30.39525558], [-70.0229946, -30.3953225], [-70.02249269, -30.39609211], [-70.02195731, -30.39686172], [-70.02096705, -30.39699411], [-70.02095819, -30.39697935], [-70.02094933, -30.39696458], [-70.02074673, -30.39693968], [-70.02038463, -30.39689518], [-70.02022294, -30.39685476], [-70.0200096, -30.39680142], [-70.01971541, -30.39672787], [-70.01918003, -30.39632634], [-70.01892247, -30.39545707], [-70.01847734, -30.39502135], [-70.01780812, -30.39445251], [-70.01710544, -30.39421829], [-70.01636929, -30.39371637], [-70.01573353, -30.39301368], [-70.01519815, -30.39247831], [-70.01506431, -30.39237792], [-70.01493046, -30.39227754], [-70.01426124, -30.39197639], [-70.01372586, -30.39134063], [-70.01222011, -30.39057102], [-70.01165127, -30.39023641], [-70.0108482, -30.38993526], [-70.00984436, -30.38993526], [-70.00887399, -30.38966757], [-70.00823823, -30.38916565], [-70.00730131, -30.38883104], [-70.00556133, -30.38849643], [-70.00439019, -30.38789413], [-70.00368751, -30.38752605], [-70.00339234, -30.38709488], [-70.00336175, -30.38683281], [-70.00338636, -30.38648876], [-70.00349044, -30.3860374], [-70.00395861, -30.38545734], [-70.00402212, -30.38535108], [-70.00417552, -30.38501871], [-70.00411871, -30.38474245], [-70.00402212, -30.38458147], [-70.00379856, -30.38448566], [-70.00335481, -30.38450979], [-70.0028123, -30.38448123], [-70.0017344, -30.38444554], [-70.00124211, -30.3843197], [-70.00114159, -30.38431745], [-70.00064254, -30.38401263], [-69.99987294, -30.38320956], [-69.99896948, -30.38223919], [-69.99896826, -30.38223743], [-69.99866833, -30.38180419], [-69.99845084, -30.38170381], [-69.99823334, -30.38160343], [-69.99753065, -30.38133574], [-69.99706732, -30.38088254], [-69.99672724, -30.38037465], [-69.99650815, -30.38000214], [-69.99609182, -30.37982998], [-69.99572982, -30.37958111], [-69.9952035, -30.37900036], [-69.99512145, -30.37889307], [-69.99483703, -30.37884288], [-69.99455261, -30.37879269], [-69.99291301, -30.3786923], [-69.99150764, -30.3786923], [-69.99023612, -30.378525], [-69.98961293, -30.37841169], [-69.98955645, -30.37840142], [-69.98949997, -30.37839115], [-69.98832883, -30.37845808], [-69.98709077, -30.37879269], [-69.98588617, -30.3791273], [-69.9849044, -30.37937904], [-69.98390891, -30.37943106], [-69.98324832, -30.37970108], [-69.98230582, -30.37999729], [-69.9816366, -30.38036536], [-69.98096737, -30.38059959], [-69.98019777, -30.38059959], [-69.97932778, -30.38073344], [-69.97888318, -30.38094403], [-69.97865981, -30.38116093], [-69.97840283, -30.38125373], [-69.97810555, -30.38128814], [-69.97802558, -30.38132272], [-69.97751053, -30.38141791], [-69.97702512, -30.38158924], [-69.97641122, -30.38183908], [-69.97597141, -30.38216566], [-69.97592981, -30.38219655], [-69.97589846, -30.38221983], [-69.9758749, -30.38223732], [-69.97587463, -30.38223743], [-69.97560459, -30.3823459], [-69.9755876, -30.38236989], [-69.97557532, -30.38238722], [-69.97536538, -30.38268361], [-69.97521205, -30.38274111], [-69.97494436, -30.38284149], [-69.97417476, -30.38307572], [-69.97327131, -30.38324302], [-69.97326531, -30.38324365], [-69.97325931, -30.38324429], [-69.9728948, -30.38328266], [-69.97243514, -30.38346663], [-69.97194973, -30.38360226], [-69.9716642, -30.3837022], [-69.97100339, -30.38416592], [-69.97082864, -30.38431378], [-69.97019288, -30.38434724], [-69.96962404, -30.38417994], [-69.96944, -30.38417994], [-69.96925597, -30.38417994], [-69.96828559, -30.38451455], [-69.96744906, -30.38464839], [-69.96734119, -30.38463965], [-69.96723332, -30.3846309], [-69.966211, -30.38454801], [-69.96524063, -30.38414647], [-69.96420333, -30.3837784], [-69.96346718, -30.38347725], [-69.96222912, -30.38330995], [-69.96179347, -30.38322281], [-69.95986425, -30.38315826], [-69.95918415, -30.38337687], [-69.95858185, -30.38357763], [-69.95834762, -30.38371148], [-69.9581134, -30.38384532], [-69.95774532, -30.38434724], [-69.95684187, -30.38501646], [-69.95671161, -30.38506336], [-69.95618105, -30.3853583], [-69.95591693, -30.3854511], [-69.9556885, -30.38553676], [-69.95548938, -30.38551827], [-69.95534154, -30.38550454], [-69.95518906, -30.38538724], [-69.95483903, -30.38519412], [-69.95443427, -30.38463213], [-69.95389729, -30.38417994], [-69.95269269, -30.38354417], [-69.95168885, -30.38277457], [-69.9513606, -30.38223743], [-69.95132078, -30.38217227], [-69.95081886, -30.38123535], [-69.95078492, -30.38118145], [-69.95075098, -30.38112754], [-69.95025002, -30.3803319], [-69.95021525, -30.38031271], [-69.95018047, -30.38029353], [-69.94927965, -30.37979652], [-69.9483762, -30.37929461], [-69.94643545, -30.37832423], [-69.94586661, -30.37798962], [-69.94519739, -30.3773204], [-69.9449297, -30.37648387], [-69.94482361, -30.37634986], [-69.94431039, -30.37586901], [-69.94401534, -30.3753836], [-69.9439392, -30.37473639], [-69.94409317, -30.37427543], [-69.94411404, -30.37369091], [-69.94401978, -30.37323653], [-69.94339048, -30.37263583], [-69.94303516, -30.37216948], [-69.94294513, -30.37205131], [-69.9428551, -30.37193315], [-69.94242011, -30.37113008], [-69.94215153, -30.37066617], [-69.94209166, -30.37056276], [-69.94202183, -30.37039938], [-69.94167778, -30.36959444], [-69.94118734, -30.36853891], [-69.94078051, -30.36795127], [-69.94051282, -30.36718166], [-69.94037632, -30.36707483], [-69.93964675, -30.36633566], [-69.93922081, -30.3652596], [-69.93916413, -30.36511641], [-69.93910745, -30.36497323], [-69.93860554, -30.36390247], [-69.93805697, -30.36327553], [-69.93797991, -30.36318747], [-69.93790285, -30.3630994], [-69.93753478, -30.36269787], [-69.93744959, -30.36260558], [-69.93731271, -30.3624573], [-69.93713324, -30.36226287], [-69.93646402, -30.36132596], [-69.93619633, -30.36082404], [-69.93612292, -30.36064899], [-69.93610296, -30.36060138], [-69.93606947, -30.36052154], [-69.93576134, -30.35978674], [-69.93546058, -30.35942555], [-69.93542489, -30.3591995], [-69.9353892, -30.35890207], [-69.93534352, -30.35848651], [-69.93512557, -30.35821407], [-69.93488213, -30.35810756], [-69.93468717, -30.35802227], [-69.93405642, -30.35817556], [-69.93382954, -30.35825875], [-69.93337756, -30.35825713], [-69.93281675, -30.3580133], [-69.93171253, -30.35747792], [-69.93074216, -30.35717677], [-69.92866632, -30.35596001], [-69.92811025, -30.35563407], [-69.92729384, -30.35516593], [-69.92595721, -30.3543995], [-69.9254553, -30.35379719], [-69.92445146, -30.35312797], [-69.92368185, -30.35255913], [-69.92267802, -30.3521576], [-69.92177457, -30.35165568], [-69.92123919, -30.35108684], [-69.92033574, -30.35068531], [-69.91936536, -30.35041762], [-69.91869614, -30.35011647], [-69.91839499, -30.35014993], [-69.91809384, -30.35018339], [-69.91742462, -30.35041762], [-69.91655463, -30.35045108], [-69.91628694, -30.35046781], [-69.91601925, -30.35048454], [-69.91579566, -30.35041001], [-69.91541695, -30.35028377], [-69.91514926, -30.35033396], [-69.91488157, -30.35038416], [-69.91377735, -30.35091953], [-69.91294082, -30.35142145], [-69.91274005, -30.35157203], [-69.91253929, -30.3517226], [-69.91113392, -30.35199029], [-69.90982893, -30.35255913], [-69.9089924, -30.35265952], [-69.90845702, -30.35312797], [-69.90725242, -30.35362989], [-69.90567975, -30.35366335], [-69.90404015, -30.35389758], [-69.90310324, -30.35389758], [-69.90196556, -30.35376373], [-69.90086134, -30.35429911], [-69.89952289, -30.35506872], [-69.89930539, -30.35523603], [-69.8990879, -30.35540333], [-69.89841867, -30.35567102], [-69.89825137, -30.35567102], [-69.89808406, -30.35567102], [-69.89764202, -30.35550856], [-69.89755636, -30.35540862], [-69.89749925, -30.35530155], [-69.89738691, -30.35501082], [-69.89714715, -30.35480103], [-69.89691292, -30.35468392], [-69.89667869, -30.3545668], [-69.89607639, -30.35429911], [-69.89509362, -30.3536383], [-69.89447972, -30.35312434], [-69.89384554, -30.35236634], [-69.89349376, -30.35206526], [-69.89290927, -30.35178946], [-69.89257377, -30.35139685], [-69.89225254, -30.35109704], [-69.89184566, -30.35059021], [-69.89180283, -30.3503832], [-69.89179569, -30.35009766], [-69.89186707, -30.34993348], [-69.8920027, -30.3497693], [-69.89257111, -30.34901754], [-69.89275223, -30.34870568], [-69.8930919, -30.34839219], [-69.89349371, -30.34832406], [-69.89376757, -30.34817572], [-69.8946041, -30.34760688], [-69.89540717, -30.34730573], [-69.89691292, -30.34693766], [-69.89784983, -30.34630189], [-69.8990879, -30.34600074], [-69.89933885, -30.34588363], [-69.89958981, -30.34576651], [-69.90010135, -30.34530883], [-69.90022558, -30.34519767], [-69.90042634, -30.34506383], [-69.90062711, -30.34492999], [-69.90102397, -30.344742], [-69.90147933, -30.34441237], [-69.90213286, -30.34375884], [-69.90293593, -30.34332385], [-69.90315343, -30.34312308], [-69.90337093, -30.34292231], [-69.90341868, -30.34280771], [-69.90361685, -30.34209554], [-69.903831, -30.34158871], [-69.9043413, -30.34104849], [-69.90474283, -30.34044619], [-69.90504398, -30.33971004], [-69.90581359, -30.33786968], [-69.90611474, -30.33643085], [-69.9061292, -30.33583804], [-69.90613272, -30.33569365], [-69.90613624, -30.33554926], [-69.90625957, -30.33471879], [-69.90637247, -30.33356087], [-69.9062535, -30.33308498], [-69.90628324, -30.33284703], [-69.90631298, -30.33260909], [-69.90643195, -30.33147884], [-69.90616427, -30.33064603], [-69.90595606, -30.32963476], [-69.90582222, -30.32939681], [-69.90568837, -30.32915887], [-69.90553966, -30.32787991], [-69.90515299, -30.32666043], [-69.90521248, -30.32520301], [-69.90550991, -30.32439995], [-69.90604529, -30.32389431], [-69.90672939, -30.32335893], [-69.90738374, -30.32291278], [-69.9075622, -30.32228817], [-69.9077704, -30.32100921], [-69.90791912, -30.31964102], [-69.90806783, -30.31877847], [-69.90812732, -30.31800514], [-69.90808271, -30.31773745], [-69.90803809, -30.31746977], [-69.9077704, -30.31660721], [-69.90750271, -30.31547697], [-69.907354, -30.31452518], [-69.90719461, -30.31333901], [-69.90696374, -30.31264641], [-69.90694838, -30.31252047], [-69.90675369, -30.31201023], [-69.90673942, -30.31146057], [-69.90656809, -30.31083239], [-69.9063468, -30.3103684], [-69.90608268, -30.31003289], [-69.90548306, -30.30963315], [-69.90481919, -30.3093833], [-69.90409821, -30.30916915], [-69.90358425, -30.30901901], [-69.90295571, -30.30901901], [-69.90261343, -30.30907635], [-69.90218513, -30.30913346], [-69.90197811, -30.3091049], [-69.90170686, -30.3090478], [-69.90145701, -30.308955], [-69.90132138, -30.30889075], [-69.90120717, -30.30871229], [-69.90117626, -30.30856008], [-69.90117049, -30.30847779], [-69.90114752, -30.30814998], [-69.90124919, -30.30741288], [-69.90130642, -30.30724835], [-69.90150444, -30.30641943], [-69.90148342, -30.30604097], [-69.90133284, -30.30582347], [-69.90070748, -30.30535012], [-69.90043622, -30.30513596], [-69.9002649, -30.3049575], [-69.90014355, -30.30478618], [-69.90003647, -30.3045292], [-69.9000222, -30.30431505], [-69.90011957, -30.30399244], [-69.90011151, -30.30379907], [-69.90009562, -30.30351306], [-69.89992226, -30.30315149], [-69.89972239, -30.30288737], [-69.89974344, -30.30252755], [-69.89974344, -30.30252548], [-69.89974344, -30.30224313], [-69.89974344, -30.30195871], [-69.89970998, -30.30102179], [-69.89964305, -30.30001796], [-69.89987728, -30.2993822], [-69.90021189, -30.29888028], [-69.90072265, -30.29870071], [-69.90097963, -30.29854367], [-69.90125089, -30.29834379], [-69.90139976, -30.29801029], [-69.9015838, -30.29784298], [-69.90195045, -30.29762995], [-69.90217888, -30.29738725], [-69.90248725, -30.29683915], [-69.90258764, -30.29623685], [-69.90237168, -30.29575693], [-69.90202184, -30.29555506], [-69.90170775, -30.29544085], [-69.90116523, -30.29538374], [-69.90092728, -30.29522194], [-69.90074645, -30.29512676], [-69.900489, -30.29478357], [-69.90034582, -30.29467944], [-69.89971852, -30.29449858], [-69.89891902, -30.29429871], [-69.89850975, -30.29414642], [-69.89798627, -30.29394655], [-69.89766885, -30.2936938], [-69.89712967, -30.29340403], [-69.89686317, -30.29308042], [-69.89653117, -30.29242227], [-69.89619655, -30.2914519], [-69.89591392, -30.2905604], [-69.89579809, -30.29021534], [-69.8956544, -30.28978725], [-69.89554019, -30.2893875], [-69.89532073, -30.2887919], [-69.89479118, -30.28837347], [-69.8946908, -30.28773771], [-69.89473673, -30.2868881], [-69.89474722, -30.28669387], [-69.89475772, -30.28649965], [-69.89482465, -30.2857635], [-69.89519272, -30.28459236], [-69.89566118, -30.28392314], [-69.89619655, -30.28312007], [-69.89656463, -30.28258469], [-69.89734468, -30.28167082], [-69.89793653, -30.28117932], [-69.89808711, -30.28096182], [-69.89823768, -30.28074432], [-69.89797, -30.27987433], [-69.89740341, -30.27933135], [-69.89728517, -30.27921804], [-69.89716693, -30.27910473], [-69.89673622, -30.27875777], [-69.8961874, -30.27852764], [-69.89577813, -30.27824211], [-69.89554019, -30.27806127], [-69.89532656, -30.27749859], [-69.8953845, -30.27622403], [-69.89538899, -30.27612516], [-69.89539349, -30.2760263], [-69.89552836, -30.27556772], [-69.89561073, -30.27528769], [-69.89573183, -30.27477272], [-69.89586194, -30.2742194], [-69.89579502, -30.27365056], [-69.89549387, -30.27288095], [-69.89543786, -30.27281444], [-69.89479779, -30.27234104], [-69.8943219, -30.27218876], [-69.89380794, -30.27205551], [-69.8933606, -30.27203647], [-69.89277049, -30.27207454], [-69.8920281, -30.27218876], [-69.89154269, -30.27246477], [-69.88986755, -30.2741304], [-69.88942021, -30.27435883], [-69.88865878, -30.27446352], [-69.88819241, -30.27435883], [-69.88765474, -30.27392325], [-69.8868028, -30.27384486], [-69.88606041, -30.27370209], [-69.88570825, -30.27362595], [-69.88542272, -30.27346415], [-69.88512766, -30.27323572], [-69.88483261, -30.27294067], [-69.88469936, -30.27284549], [-69.884509, -30.27280742], [-69.88433768, -30.27283597], [-69.88409022, -30.27286452], [-69.88388083, -30.27281693], [-69.88367143, -30.27266465], [-69.88352482, -30.27230728], [-69.88351915, -30.27229345], [-69.88347156, -30.27192226], [-69.88344301, -30.27169383], [-69.8835477, -30.27142733], [-69.88368208, -30.27120789], [-69.88376788, -30.27102404], [-69.8837854, -30.27098649], [-69.88386113, -30.2708242], [-69.8839163, -30.27070597], [-69.88398323, -30.26930061], [-69.883988, -30.26871409], [-69.88398851, -30.26865145], [-69.88398973, -30.26850185], [-69.88399094, -30.26835225], [-69.88394977, -30.26779485], [-69.88372036, -30.26750289], [-69.8831194, -30.26700153], [-69.88293856, -30.26673503], [-69.88284555, -30.26618872], [-69.88280531, -30.26576421], [-69.88244401, -30.2651428], [-69.88220706, -30.26458426], [-69.88189773, -30.26403699], [-69.88165978, -30.26385853], [-69.88142184, -30.26368007], [-69.8806842, -30.26334694], [-69.88008934, -30.26301382], [-69.88000801, -30.26281051], [-69.87975621, -30.26218101], [-69.87904238, -30.26015846], [-69.87875684, -30.25880217], [-69.87857598, -30.25831773], [-69.8786478, -30.25791972], [-69.87869063, -30.25756281], [-69.87881912, -30.2573201], [-69.87976138, -30.25643494], [-69.8800612, -30.25622079], [-69.88043239, -30.25580676], [-69.88133183, -30.25460751], [-69.88161736, -30.2541221], [-69.88193145, -30.25393651], [-69.88251644, -30.25345414], [-69.88318566, -30.25275145], [-69.88359689, -30.25231738], [-69.88360156, -30.25231245], [-69.88424429, -30.25186638], [-69.88467259, -30.2514809], [-69.88509295, -30.25094455], [-69.88579563, -30.2496061], [-69.88649832, -30.24876958], [-69.88710062, -30.24786612], [-69.88730139, -30.24662806], [-69.88725669, -30.24592724], [-69.8869997, -30.24527051], [-69.88652096, -30.244142], [-69.88650002, -30.24312899], [-69.88667134, -30.24242943], [-69.88688549, -30.2419583], [-69.88824178, -30.239931], [-69.88848449, -30.23953125], [-69.88858443, -30.23893163], [-69.88852732, -30.23866037], [-69.8882383, -30.23829623], [-69.88770292, -30.23776085], [-69.88730483, -30.23724568], [-69.88721946, -30.23713519], [-69.88713408, -30.23702471], [-69.88663216, -30.23648933], [-69.88589602, -30.23605433], [-69.88567852, -30.23593722], [-69.88546102, -30.2358201], [-69.8852061, -30.23506591], [-69.88520327, -30.23485492], [-69.88520044, -30.23464394], [-69.88519333, -30.23411358], [-69.8854624, -30.23353405], [-69.88563389, -30.23346172], [-69.88576714, -30.23322377], [-69.8859575, -30.23281451], [-69.88602413, -30.23244331], [-69.8860622, -30.23223392], [-69.8859575, -30.23158671], [-69.8859084, -30.23143786], [-69.88591599, -30.23105396], [-69.88604316, -30.23088238], [-69.88620496, -30.23076817], [-69.88659054, -30.23057067], [-69.88688327, -30.2305186], [-69.88708537, -30.23049406], [-69.88741373, -30.23029418], [-69.88769927, -30.22995154], [-69.8879848, -30.22949468], [-69.88801336, -30.22895217], [-69.88801336, -30.22850959], [-69.88789342, -30.22806114], [-69.88778899, -30.22756568], [-69.88770975, -30.227369], [-69.88767666, -30.22557857], [-69.88790271, -30.22444832], [-69.88790271, -30.22397243], [-69.88761166, -30.22341997], [-69.8874198, -30.22305581], [-69.88710062, -30.22250256], [-69.88666952, -30.22194213], [-69.88602294, -30.22073636], [-69.88551078, -30.22027047], [-69.88546016, -30.22011298], [-69.88526025, -30.21949105], [-69.88509886, -30.2191575], [-69.88503546, -30.21858295], [-69.88490459, -30.21844018], [-69.88464285, -30.21826172], [-69.8843457, -30.21828495], [-69.8839885, -30.21830931], [-69.88351459, -30.21803317], [-69.88345335, -30.21801876], [-69.88310162, -30.2177291], [-69.8826679, -30.21688164], [-69.88235857, -30.21650092], [-69.88132195, -30.21586768], [-69.88101069, -30.21560956], [-69.88030881, -30.21527162], [-69.87968167, -30.21478771], [-69.87909243, -30.21471482], [-69.87799918, -30.21447188], [-69.87719611, -30.21410381], [-69.87685003, -30.2138781], [-69.87658837, -30.21341952], [-69.87640991, -30.21333624], [-69.87605843, -30.21326728], [-69.87448576, -30.21303305], [-69.87287962, -30.21256459], [-69.87227732, -30.21216306], [-69.87110618, -30.21135999], [-69.87020273, -30.21099192], [-69.86909851, -30.21082461], [-69.86868856, -30.21082461], [-69.86827216, -30.21105196], [-69.86708451, -30.21099153], [-69.86576499, -30.21151645], [-69.86479814, -30.21226548], [-69.86438174, -30.21258671], [-69.86404861, -30.21289604], [-69.86353703, -30.21319347], [-69.86304204, -30.21346804], [-69.86280915, -30.21359968], [-69.86240679, -30.21405008], [-69.86200228, -30.21446648], [-69.8618697, -30.21450871], [-69.8610148, -30.21485909], [-69.85993015, -30.21490687], [-69.85967919, -30.21477303], [-69.85942823, -30.21463918], [-69.85884949, -30.21409767], [-69.85835747, -30.21400342], [-69.8576293, -30.21408744], [-69.85732664, -30.21454976], [-69.8569696, -30.21500976], [-69.85631537, -30.21621539], [-69.8549779, -30.21775107], [-69.85360599, -30.21815261], [-69.85196639, -30.21825299], [-69.85076179, -30.21791838], [-69.8492895, -30.21768415], [-69.84803595, -30.21747128], [-69.84745187, -30.21771445], [-69.84692839, -30.21807137], [-69.84565538, -30.21870192], [-69.84521518, -30.21902315], [-69.84485826, -30.21927299], [-69.84441806, -30.21951094], [-69.84404924, -30.21958232], [-69.84363284, -30.21982027], [-69.84324023, -30.21999873], [-69.84275244, -30.22008201], [-69.84163198, -30.22003438], [-69.84105805, -30.22005989], [-69.8397196, -30.22009335], [-69.83804655, -30.21989259], [-69.83694233, -30.2196249], [-69.83664118, -30.2196249], [-69.83634003, -30.2196249], [-69.83582308, -30.2197726], [-69.83555457, -30.22003442], [-69.83504532, -30.2199437], [-69.83504298, -30.21960612], [-69.83500729, -30.21909453], [-69.83486452, -30.21877331], [-69.83460005, -30.21852068], [-69.83423724, -30.21829154], [-69.83396428, -30.21811915], [-69.83383198, -30.2180072], [-69.83352929, -30.21775107], [-69.83333407, -30.21725217], [-69.83322814, -30.21698147], [-69.83307434, -30.2168395], [-69.83294057, -30.21671602], [-69.83279314, -30.21657993], [-69.83275602, -30.21636463], [-69.83262584, -30.21560956], [-69.83242507, -30.21463918], [-69.83219084, -30.21323381], [-69.8321326, -30.21209821], [-69.83212826, -30.21201352], [-69.83212392, -30.21192883], [-69.83202354, -30.21095846], [-69.83168892, -30.20958655], [-69.83135431, -30.20864963], [-69.83090535, -30.20809706], [-69.83029661, -30.20685931], [-69.83012084, -30.20650192], [-69.8299824, -30.20624043], [-69.82958738, -30.20564534], [-69.8292128, -30.20513621], [-69.82920761, -30.20513146], [-69.82920243, -30.20512671], [-69.82881126, -30.20476814], [-69.82866069, -30.20460083], [-69.82851011, -30.20443353], [-69.82853746, -30.20402329], [-69.82854052, -30.20397745], [-69.82854357, -30.20393161], [-69.8287778, -30.20289431], [-69.82871088, -30.20182356], [-69.82870075, -30.20178099], [-69.82869061, -30.20173843], [-69.82854357, -30.20112087], [-69.82824242, -30.2003178], [-69.82794127, -30.1995482], [-69.82770704, -30.19891243], [-69.82760666, -30.19764091], [-69.82743936, -30.19640285], [-69.8271382, -30.19570016], [-69.82660283, -30.19529863], [-69.82652963, -30.19524373], [-69.82618333, -30.19515556], [-69.82608907, -30.1950126], [-69.82606745, -30.19489709], [-69.82608309, -30.19464684], [-69.82621756, -30.19439157], [-69.82628895, -30.19402751], [-69.82633178, -30.1937277], [-69.82623184, -30.1931138], [-69.82597486, -30.1926498], [-69.82561794, -30.19233571], [-69.82506828, -30.19184316], [-69.82439014, -30.19136489], [-69.82388111, -30.19106227], [-69.82382555, -30.1910156], [-69.8221663, -30.19041633], [-69.82214635, -30.19040559], [-69.82212639, -30.19039484], [-69.82144981, -30.19017907], [-69.82081404, -30.18994484], [-69.82037905, -30.18987792], [-69.82021174, -30.1897608], [-69.82004444, -30.18964369], [-69.8196429, -30.18924216], [-69.81961596, -30.18918828], [-69.81958902, -30.1891344], [-69.81938416, -30.18872467], [-69.81930047, -30.18803127], [-69.81924336, -30.18780284], [-69.81917198, -30.18751016], [-69.81917912, -30.18721035], [-69.8192505, -30.18698192], [-69.81950748, -30.18665356], [-69.81973591, -30.18644655], [-69.82003709, -30.18613571], [-69.82011136, -30.18609681], [-69.82085919, -30.18582287], [-69.82165057, -30.18542758], [-69.82219611, -30.18519378], [-69.82253686, -30.18496906], [-69.82292677, -30.18471192], [-69.82311237, -30.18448349], [-69.82310523, -30.18423365], [-69.82301957, -30.18403377], [-69.822784, -30.18387673], [-69.82245905, -30.18374384], [-69.82172038, -30.18313434], [-69.82113922, -30.18275598], [-69.82098513, -30.18242764], [-69.82070673, -30.18219921], [-69.82048544, -30.18202789], [-69.82012778, -30.18170278], [-69.81900066, -30.18078581], [-69.81850522, -30.18060918], [-69.81780254, -30.18030802], [-69.81761851, -30.18022437], [-69.81743447, -30.18014072], [-69.81709985, -30.17987303], [-69.81701811, -30.1796605], [-69.81708757, -30.17950804], [-69.81715182, -30.17930816], [-69.81738024, -30.17902977], [-69.81768006, -30.17882989], [-69.81792276, -30.1787014], [-69.81830823, -30.17850866], [-69.818451, -30.17835162], [-69.81875795, -30.17813033], [-69.81903635, -30.1779947], [-69.81957887, -30.1776592], [-69.81987154, -30.17743077], [-69.82025188, -30.17711782], [-69.82034559, -30.17706229], [-69.82066968, -30.1767845], [-69.82081404, -30.17666076], [-69.82082259, -30.17664488], [-69.82127066, -30.17616727], [-69.82151337, -30.17573183], [-69.82178463, -30.17533922], [-69.82203447, -30.17520359], [-69.82229145, -30.17497516], [-69.82256985, -30.17468963], [-69.82334079, -30.17401862], [-69.82344787, -30.17386158], [-69.82346215, -30.17363315], [-69.82344787, -30.17337617], [-69.82333366, -30.17324054], [-69.82276937, -30.17291716], [-69.82225287, -30.17261196], [-69.82214334, -30.17256085], [-69.82203381, -30.17250975], [-69.8217028, -30.17235531], [-69.82142771, -30.17205557], [-69.82129208, -30.17189138], [-69.82121694, -30.17150789], [-69.82143277, -30.1710716], [-69.8216778, -30.17094162], [-69.82207016, -30.17066358], [-69.82268961, -30.17050367], [-69.822819, -30.17045367], [-69.82355966, -30.17015741], [-69.82372631, -30.17002779], [-69.82389296, -30.16989817], [-69.82404036, -30.16962138], [-69.82402258, -30.16919454], [-69.82399039, -30.16906458], [-69.82421659, -30.16886042], [-69.82435588, -30.16862053], [-69.82436351, -30.16856378], [-69.82473992, -30.16825795], [-69.82491723, -30.16764049], [-69.82603919, -30.16622087], [-69.82731072, -30.16491589], [-69.82844839, -30.1636109], [-69.82878301, -30.1630086], [-69.82878301, -30.16227245], [-69.82871608, -30.16217207], [-69.82864916, -30.16207169], [-69.82777917, -30.1619713], [-69.82620362, -30.16157977], [-69.82614747, -30.16161561], [-69.82609133, -30.16165145], [-69.82460036, -30.16130208], [-69.82383075, -30.16106785], [-69.82357979, -30.16116824], [-69.82332884, -30.16126862], [-69.822325, -30.161369], [-69.82138809, -30.16143593], [-69.82048464, -30.16113478], [-69.82023368, -30.16096747], [-69.81998272, -30.16080016], [-69.81968157, -30.16009748], [-69.81974849, -30.15899326], [-69.82021695, -30.15795596], [-69.82001618, -30.15778866], [-69.81981541, -30.15762135], [-69.81857735, -30.15721982], [-69.81855425, -30.15721247], [-69.81853116, -30.15720512], [-69.81563277, -30.15628291], [-69.8142274, -30.15571407], [-69.81322356, -30.15554676], [-69.81235357, -30.15558022], [-69.81141666, -30.15584791], [-69.81037936, -30.15581445], [-69.80977706, -30.15541292], [-69.80944245, -30.15477715], [-69.80924168, -30.15404101], [-69.80904092, -30.15337178], [-69.80920822, -30.15315429], [-69.80937553, -30.15293679], [-69.8103459, -30.15260218], [-69.8107809, -30.15199988], [-69.81092763, -30.15181572], [-69.81107437, -30.15163157], [-69.81134974, -30.15092912], [-69.81134974, -30.14928952], [-69.81098166, -30.14808492], [-69.81027898, -30.14711455], [-69.80981052, -30.14624456], [-69.8097436, -30.14554187], [-69.8097436, -30.14483919], [-69.81031244, -30.14427035], [-69.81111551, -30.14383535], [-69.81171781, -30.14376843], [-69.81191858, -30.14361785], [-69.81211934, -30.14346728], [-69.8119855, -30.14276459], [-69.81190185, -30.14256383], [-69.81181819, -30.14236306], [-69.81152558, -30.14166885], [-69.81163419, -30.14149818], [-69.8117428, -30.14132751], [-69.81257755, -30.14004755], [-69.81275511, -30.13941848], [-69.81352471, -30.13884964], [-69.81395971, -30.13797965], [-69.81406009, -30.13779562], [-69.81416048, -30.13761157], [-69.81489662, -30.13761157], [-69.81580007, -30.13794619], [-69.81610122, -30.13796292], [-69.81640237, -30.13797965], [-69.81743967, -30.13680851], [-69.81804197, -30.13593852], [-69.81864427, -30.13506852], [-69.81886175, -30.13428909], [-69.81904581, -30.13336201], [-69.81904581, -30.1331947], [-69.81904581, -30.13302739], [-69.81838704, -30.13258012], [-69.81824274, -30.13192318], [-69.81810889, -30.13173914], [-69.81797505, -30.1315551], [-69.81786068, -30.13148472], [-69.81754005, -30.13128741], [-69.81743967, -30.13105319], [-69.81733929, -30.13081896], [-69.81730583, -30.13018319], [-69.81733929, -30.1297482], [-69.8173562, -30.12971437], [-69.81736898, -30.12968881], [-69.81754005, -30.12934667], [-69.81754005, -30.12887821], [-69.81754005, -30.12877783], [-69.81742861, -30.12858679], [-69.81730583, -30.12837629], [-69.81743967, -30.1279413], [-69.81763691, -30.12790431], [-69.81768388, -30.12789551], [-69.81797505, -30.12784091], [-69.81891196, -30.12777399], [-69.8194808, -30.12780745], [-69.81955281, -30.12781182], [-69.81962481, -30.12781618], [-69.82058502, -30.12787437], [-69.82165578, -30.12787437], [-69.82383075, -30.127339], [-69.82476767, -30.12693746], [-69.82553727, -30.12656939], [-69.82710995, -30.12610093], [-69.82728548, -30.12604476], [-69.8279446, -30.12583739], [-69.82885104, -30.12540923], [-69.82901723, -30.12533132], [-69.83052299, -30.12533132], [-69.83182797, -30.12539825], [-69.83350103, -30.1258667], [-69.83497332, -30.126469], [-69.83678023, -30.12760668], [-69.83811867, -30.12874436], [-69.83979173, -30.1293132], [-69.84123056, -30.12961435], [-69.84330515, -30.12984858], [-69.84521244, -30.12994897], [-69.84671819, -30.12994897], [-69.84690458, -30.12993861], [-69.84792279, -30.12988204], [-69.8485251, -30.12951397], [-69.84899355, -30.12904551], [-69.84979662, -30.12834283], [-69.85003085, -30.12827591], [-69.85026508, -30.12820899], [-69.85076699, -30.12747284], [-69.85150314, -30.12623478], [-69.85250697, -30.12499671], [-69.85334551, -30.12463213], [-69.85473986, -30.12446089], [-69.85563601, -30.12435083], [-69.85625463, -30.12422711], [-69.857225, -30.12409326], [-69.8584296, -30.12392596], [-69.85916575, -30.12339058], [-69.85973459, -30.12262097], [-69.86003574, -30.12178444], [-69.86026997, -30.12074714], [-69.86057112, -30.11991062], [-69.86087227, -30.11984369], [-69.86117342, -30.11977677], [-69.86160841, -30.11920793], [-69.86227764, -30.11860563], [-69.86251186, -30.11840486], [-69.86274609, -30.1182041], [-69.8637437, -30.11796302], [-69.86445261, -30.1177691], [-69.86535606, -30.11753487], [-69.86602529, -30.11733411], [-69.8661424, -30.11715007], [-69.86625952, -30.11696603], [-69.86641088, -30.11579495], [-69.86672797, -30.11479106], [-69.86692966, -30.11446331], [-69.86726335, -30.11392107], [-69.86793257, -30.11348607], [-69.86893641, -30.11301761], [-69.86912044, -30.11301761], [-69.86930448, -30.11301761], [-69.87020793, -30.11234839], [-69.87111138, -30.11177955], [-69.87174715, -30.11154532], [-69.87275098, -30.11151186], [-69.87418981, -30.11141148], [-69.87444077, -30.1112609], [-69.87469173, -30.11111033], [-69.87536095, -30.11090956], [-69.87639825, -30.11090956], [-69.87736862, -30.11090956], [-69.87819184, -30.11119211], [-69.87902439, -30.11084233], [-69.87964398, -30.11064187], [-69.8801459, -30.10990573], [-69.88038013, -30.10970496], [-69.88061436, -30.10950419], [-69.88181896, -30.10920304], [-69.88335817, -30.10900227], [-69.8846297, -30.10896881], [-69.88593468, -30.10900227], [-69.88837735, -30.1090692], [-69.88964887, -30.10916958], [-69.89128847, -30.10930343], [-69.89266038, -30.10890189], [-69.8945342, -30.10813228], [-69.89724456, -30.10719537], [-69.89965376, -30.106225], [-69.90099221, -30.10625846], [-69.90226373, -30.10629192], [-69.9035018, -30.10612461], [-69.90473986, -30.10612461], [-69.90567677, -30.10676038], [-69.90718252, -30.10736268], [-69.90912327, -30.1080319], [-69.90937423, -30.10816575], [-69.90962519, -30.10829959], [-69.91022749, -30.10883497], [-69.91046172, -30.10943727], [-69.91049518, -30.10968823], [-69.91052864, -30.10993919], [-69.91106402, -30.11013995], [-69.91236901, -30.11024034], [-69.91374091, -30.11024034], [-69.91531359, -30.11030726], [-69.91611666, -30.11040764], [-69.91772279, -30.11121071], [-69.91832509, -30.1119134], [-69.91882701, -30.112683], [-69.91922855, -30.11338569], [-69.92009854, -30.11385414], [-69.92100199, -30.1143226], [-69.92118713, -30.11446331], [-69.92183852, -30.11495836], [-69.92237389, -30.11599566], [-69.92304312, -30.11643065], [-69.92411388, -30.11689911], [-69.92535194, -30.11736757], [-69.92635577, -30.11793641], [-69.92832998, -30.11904063], [-69.9298692, -30.11981023], [-69.93147533, -30.11991062], [-69.93264647, -30.12011138], [-69.93341608, -30.12034561], [-69.93421915, -30.12034561], [-69.93522298, -30.11997754], [-69.93609297, -30.12007792], [-69.93696296, -30.11974331], [-69.93763219, -30.1194087], [-69.93860256, -30.11887332], [-69.93950601, -30.11860563], [-69.93970678, -30.11848852], [-69.93990755, -30.1183714], [-69.940376, -30.11783602], [-69.94101177, -30.11706642], [-69.94122926, -30.11696603], [-69.94144676, -30.11686565], [-69.94194868, -30.11703296], [-69.94251752, -30.1167318], [-69.94332059, -30.11589528], [-69.94395635, -30.1149249], [-69.9444817, -30.11451799], [-69.9444909, -30.11446646], [-69.94449146, -30.11446331], [-69.9445001, -30.11441492], [-69.94516095, -30.11398799], [-69.94549556, -30.1132853], [-69.94536172, -30.11261608], [-69.9444248, -30.11127763], [-69.94328713, -30.10913612], [-69.94274914, -30.10841233], [-69.94221637, -30.1074296], [-69.94174791, -30.10635884], [-69.94171445, -30.10555577], [-69.94204906, -30.10478617], [-69.94221637, -30.10421733], [-69.94221637, -30.10406675], [-69.94221637, -30.10391618], [-69.94212066, -30.10313034], [-69.9422187, -30.10292096], [-69.94231675, -30.10271157], [-69.94258444, -30.1017412], [-69.9424506, -30.1011389], [-69.94243387, -30.1009214], [-69.94241713, -30.1007039], [-69.94251979, -30.09978614], [-69.9424506, -30.09826124], [-69.94265136, -30.09685587], [-69.94298597, -30.09585204], [-69.94358828, -30.09451359], [-69.94422404, -30.09324206], [-69.94479288, -30.0926063], [-69.94494345, -30.09263976], [-69.94509403, -30.09267322], [-69.94720208, -30.09250592], [-69.94941052, -30.09257284], [-69.9507155, -30.092439], [-69.95089954, -30.09250592], [-69.95108358, -30.09257284], [-69.95185318, -30.09274015], [-69.95312471, -30.0926063], [-69.95402816, -30.09220477], [-69.95546699, -30.09153554], [-69.9568389, -30.09089978], [-69.95754158, -30.09073248], [-69.9580912, -30.09075512], [-69.95855751, -30.09065228], [-69.95885172, -30.09048152], [-69.95908467, -30.09032612], [-69.9591826, -30.09012377], [-69.95923978, -30.08985147], [-69.95920781, -30.08935353], [-69.9591986, -30.0891169], [-69.95921584, -30.08896222], [-69.95931512, -30.08869466], [-69.95945816, -30.0883503], [-69.95975622, -30.08799204], [-69.95996958, -30.08787711], [-69.9603782, -30.08784268], [-69.96089329, -30.08787514], [-69.96125346, -30.08791742], [-69.96158399, -30.08803264], [-69.9619198, -30.0881194], [-69.9624046, -30.0882574], [-69.96290338, -30.08851386], [-69.96324187, -30.08869851], [-69.96356747, -30.08859755], [-69.9636212, -30.08849237], [-69.96370197, -30.08832645], [-69.96374364, -30.08812322], [-69.96374811, -30.08779098], [-69.96377647, -30.08755085], [-69.96387624, -30.08737299], [-69.96403187, -30.08721435], [-69.96432565, -30.08694979], [-69.96456979, -30.08670485], [-69.96476852, -30.08638785], [-69.96483906, -30.08614837], [-69.96493078, -30.08590515], [-69.96501293, -30.08578614], [-69.96513027, -30.08566563], [-69.96527816, -30.08554152], [-69.96531988, -30.08545043], [-69.96531974, -30.08534237], [-69.96526006, -30.08528029], [-69.96515899, -30.08517883], [-69.96498125, -30.08504356], [-69.96487738, -30.08496448], [-69.96470152, -30.08485166], [-69.96445519, -30.08474591], [-69.96428721, -30.08470661], [-69.96372743, -30.08456746], [-69.96337255, -30.08449237], [-69.96322815, -30.08445494], [-69.96279537, -30.08429205], [-69.96204192, -30.08399495], [-69.96134555, -30.08365795], [-69.96124287, -30.08361896], [-69.9606291, -30.08338587], [-69.96028966, -30.08322756], [-69.95994178, -30.08306532], [-69.95947041, -30.0827318], [-69.95916843, -30.0823683], [-69.95888186, -30.08171146], [-69.958854, -30.0812867], [-69.95884222, -30.08110727], [-69.95883902, -30.08105841], [-69.95834073, -30.07958938], [-69.95824204, -30.0791858], [-69.95807696, -30.07838531], [-69.95854542, -30.07684609], [-69.95921464, -30.07590918], [-69.95939867, -30.07567496], [-69.95958271, -30.07544072], [-69.95993866, -30.07526275], [-69.96025194, -30.07510611], [-69.96055309, -30.07503919], [-69.96058655, -30.07460419], [-69.96055309, -30.07400189], [-69.96055309, -30.07388478], [-69.96055309, -30.07376766], [-69.9610195, -30.07376766], [-69.96118885, -30.07376766], [-69.96146641, -30.07365545], [-69.96174396, -30.07354324], [-69.96256076, -30.07336613], [-69.96271133, -30.07311517], [-69.96286191, -30.07286421], [-69.96276153, -30.07202768], [-69.96262768, -30.07179346], [-69.96249384, -30.07155923], [-69.96239345, -30.07092346], [-69.9620923, -30.07022078], [-69.96189153, -30.06938425], [-69.96182461, -30.06913329], [-69.96175769, -30.06888233], [-69.96122231, -30.06868157], [-69.9598504, -30.06864811], [-69.95857888, -30.06878195], [-69.95832792, -30.06876522], [-69.95807696, -30.06874849], [-69.95693928, -30.06821311], [-69.95556737, -30.06754389], [-69.95493161, -30.0672762], [-69.95468065, -30.0672762], [-69.95442969, -30.0672762], [-69.95379393, -30.06714235], [-69.95251887, -30.06639039], [-69.95248895, -30.06637275], [-69.95155203, -30.06597121], [-69.95088281, -30.06573698], [-69.94971167, -30.06490045], [-69.94867437, -30.06413085], [-69.94813899, -30.06389662], [-69.94798842, -30.06366239], [-69.94783784, -30.06342816], [-69.94800066, -30.06284201], [-69.94800515, -30.06282586], [-69.94800515, -30.06254144], [-69.94800515, -30.06225702], [-69.94736939, -30.06081819], [-69.94696785, -30.05984782], [-69.94576325, -30.05884398], [-69.94522787, -30.05834207], [-69.94405673, -30.05820822], [-69.9436552, -30.05810784], [-69.94362174, -30.05777323], [-69.94378904, -30.05740515], [-69.9438225, -30.05666901], [-69.9436552, -30.05553133], [-69.94360501, -30.05528037], [-69.94355481, -30.05502941], [-69.94275175, -30.05392519], [-69.94198214, -30.05328943], [-69.93997447, -30.05181714], [-69.93923832, -30.05158291], [-69.93843526, -30.05151599], [-69.93783295, -30.05171675], [-69.93706335, -30.05181714], [-69.93639412, -30.0518506], [-69.93522298, -30.05198444], [-69.93441992, -30.05138214], [-69.93385108, -30.05067946], [-69.93401838, -30.04967562], [-69.93415223, -30.04873871], [-69.93368377, -30.04750065], [-69.93301455, -30.04606182], [-69.93261301, -30.0449576], [-69.93204417, -30.04442222], [-69.93120764, -30.04408761], [-69.92983574, -30.04365261], [-69.9282296, -30.04231417], [-69.92715884, -30.04157802], [-69.92521809, -30.04007227], [-69.92381273, -30.03849959], [-69.92371234, -30.03826537], [-69.92361196, -30.03803114], [-69.92325344, -30.03767262], [-69.92304312, -30.0374623], [-69.92290927, -30.03722807], [-69.92277543, -30.03699384], [-69.92277543, -30.036425], [-69.92321042, -30.03588962], [-69.92321042, -30.03567212], [-69.92321042, -30.03545463], [-69.92316597, -30.0351768], [-69.92307658, -30.0346181], [-69.92309331, -30.03436714], [-69.92311004, -30.03411618], [-69.92344465, -30.03341349], [-69.92384619, -30.03291158], [-69.92389638, -30.03272754], [-69.92394657, -30.0325435], [-69.92367888, -30.03207505], [-69.92317696, -30.03170698], [-69.92237389, -30.0313389], [-69.92213967, -30.03070314], [-69.92160429, -30.02990007], [-69.92010417, -30.02829095], [-69.91896086, -30.02782548], [-69.91799048, -30.02745741], [-69.9172878, -30.02702241], [-69.91631742, -30.02658742], [-69.91578204, -30.0262528], [-69.91541397, -30.02558358], [-69.91524667, -30.02471359], [-69.9152634, -30.0244459], [-69.91528013, -30.02417821], [-69.91578204, -30.02367629], [-69.91635088, -30.02337514], [-69.91652958, -30.02326091], [-69.91670827, -30.02314668], [-69.91705357, -30.02253862], [-69.91715395, -30.02136747], [-69.91748856, -30.02026326], [-69.91774276, -30.01920037], [-69.91825817, -30.0181552], [-69.91872663, -30.0173856], [-69.91996469, -30.01564561], [-69.92066738, -30.01444101], [-69.92140352, -30.01337026], [-69.92240736, -30.01260065], [-69.92284235, -30.01149643], [-69.92287581, -30.01045913], [-69.92321042, -30.00965607], [-69.92364542, -30.00891992], [-69.92414734, -30.0082507], [-69.92468272, -30.00784916], [-69.92518056, -30.00763534], [-69.92538513, -30.00751205], [-69.9255897, -30.00738877], [-69.92572324, -30.00681125], [-69.92564458, -30.00658247], [-69.92556591, -30.0063537], [-69.92533986, -30.00585401], [-69.92531607, -30.00557443], [-69.92529227, -30.00529484], [-69.9255897, -30.00472377], [-69.92591093, -30.00408132], [-69.92594662, -30.00381957], [-69.92598232, -30.00355783], [-69.92586929, -30.00303881], [-69.925523, -30.00204941], [-69.92588883, -30.00129897], [-69.92593047, -30.00108482], [-69.92597211, -30.00087067], [-69.92619816, -30.00003786], [-69.92604201, -29.999193], [-69.9258637, -29.99904016], [-69.92568539, -29.99888732], [-69.925014, -29.9981549], [-69.92391537, -29.99730041], [-69.92318295, -29.99638488], [-69.92312125, -29.99630807], [-69.92305944, -29.99623112], [-69.9229026, -29.99536222], [-69.92280743, -29.99451751], [-69.92224825, -29.99217374], [-69.92180805, -29.99085314], [-69.9215939, -29.98994894], [-69.92155821, -29.98968125], [-69.92152252, -29.98941356], [-69.92149872, -29.98821194], [-69.92162959, -29.98740292], [-69.92166528, -29.98646303], [-69.92148683, -29.9857254], [-69.92138884, -29.98543991], [-69.92129086, -29.98515441], [-69.92061947, -29.98448303], [-69.92046688, -29.98433044], [-69.92031429, -29.98417785], [-69.91992835, -29.98379191], [-69.91916702, -29.983173], [-69.91889559, -29.98300507], [-69.91847664, -29.98251484], [-69.91743005, -29.98209833], [-69.91740562, -29.98208322], [-69.91675376, -29.98167991], [-69.91596365, -29.98110716], [-69.91549252, -29.98069885], [-69.91451596, -29.97978332], [-69.9137225, -29.97886779], [-69.91321648, -29.97820997], [-69.91243651, -29.97778175], [-69.91160316, -29.97736507], [-69.9115356, -29.97729342], [-69.91146804, -29.97722176], [-69.91109388, -29.97682493], [-69.9106086, -29.97636392], [-69.91047658, -29.9762385], [-69.91035056, -29.97602847], [-69.9101988, -29.97577552], [-69.91003359, -29.97535701], [-69.90996731, -29.97518909], [-69.90981298, -29.97491902], [-69.90965866, -29.97464895], [-69.90919218, -29.97414565], [-69.90907222, -29.97401622], [-69.90906034, -29.97400207], [-69.90874814, -29.9736304], [-69.90854752, -29.9731057], [-69.9085406, -29.97307942], [-69.90850559, -29.97294636], [-69.90847036, -29.97281248], [-69.90843547, -29.97273198], [-69.90841892, -29.97269378], [-69.90826973, -29.9723495], [-69.90816171, -29.9718711], [-69.90816382, -29.97185417], [-69.908208, -29.97150072], [-69.90823887, -29.97104546], [-69.9082497, -29.97092633], [-69.90827134, -29.97068821], [-69.90828078, -29.9705844], [-69.90831603, -29.97019667], [-69.90828517, -29.96953307], [-69.90822344, -29.96928615], [-69.90816008, -29.96921224], [-69.90801962, -29.96904837], [-69.90794565, -29.96896207], [-69.90769873, -29.96863799], [-69.90746724, -29.96828304], [-69.90727859, -29.96814941], [-69.90727168, -29.96814452], [-69.90709686, -29.96802068], [-69.90690032, -29.96796708], [-69.90675735, -29.96792809], [-69.9065953, -29.96782006], [-69.90643326, -29.96771203], [-69.90617091, -29.96749598], [-69.90582188, -29.9672276], [-69.90565531, -29.96681119], [-69.90561962, -29.96646617], [-69.90557313, -29.96597444], [-69.90535301, -29.96568481], [-69.90525208, -29.96565069], [-69.90515116, -29.96561656], [-69.90454783, -29.96541256], [-69.9042964, -29.96533101], [-69.90422216, -29.96530693], [-69.90411917, -29.96527353], [-69.90375424, -29.96502445], [-69.90360363, -29.96485067], [-69.90357567, -29.96475109], [-69.90355729, -29.96468558], [-69.90340668, -29.96441912], [-69.90335933, -29.96435424], [-69.90325027, -29.96420479], [-69.90314801, -29.96416583], [-69.90300698, -29.96411211], [-69.90282162, -29.96403101], [-69.90268782, -29.96401119], [-69.90250881, -29.96398467], [-69.90249203, -29.96397522], [-69.90182064, -29.96336486], [-69.90175386, -29.96318955], [-69.90120572, -29.96219504], [-69.90093208, -29.96162397], [-69.90084031, -29.96085489], [-69.89978994, -29.95997024], [-69.89925456, -29.95943486], [-69.89855262, -29.95859015], [-69.89801724, -29.95784062], [-69.89787448, -29.95721007], [-69.89825519, -29.95625828], [-69.89889096, -29.95555236], [-69.89950131, -29.9545758], [-69.89968441, -29.95396545], [-69.90029476, -29.95317199], [-69.90078305, -29.95225647], [-69.90078305, -29.9512799], [-69.90072201, -29.95054748], [-69.90068391, -29.95048762], [-69.90064582, -29.95042775], [-69.90029476, -29.94987609], [-69.89980648, -29.94938781], [-69.89901303, -29.94755676], [-69.89821957, -29.94609191], [-69.89779232, -29.94548156], [-69.89760922, -29.94535949], [-69.89760922, -29.94499328], [-69.89760922, -29.94419982], [-69.89730404, -29.94358947], [-69.89681576, -29.94297912], [-69.89638851, -29.94188049], [-69.89629696, -29.94166687], [-69.89620541, -29.94145324], [-69.89620541, -29.94078186], [-69.89627116, -29.94056269], [-69.89615175, -29.93889456], [-69.89646735, -29.93800477], [-69.89651058, -29.93748596], [-69.89651058, -29.93675354], [-69.89693783, -29.93626525], [-69.89721249, -29.93632629], [-69.89748715, -29.93638732], [-69.89821957, -29.93657043], [-69.89950131, -29.93657043], [-69.90072201, -29.9366925], [-69.9013934, -29.93687561], [-69.90160702, -29.93687561], [-69.90182064, -29.93687561], [-69.90249203, -29.93705871], [-69.90310238, -29.93718078], [-69.90389584, -29.93730285], [-69.90450619, -29.93748596], [-69.90511654, -29.93809631], [-69.90578793, -29.93846252], [-69.90591, -29.93870666], [-69.90603207, -29.9389508], [-69.90633724, -29.93925598], [-69.90652035, -29.93931701], [-69.90670346, -29.93937805], [-69.9071307, -29.93907287], [-69.9071307, -29.93815734], [-69.90761898, -29.93705871], [-69.90829037, -29.93657043], [-69.90871762, -29.93596008], [-69.9092059, -29.9354718], [-69.9092059, -29.93507315], [-69.90908174, -29.93423558], [-69.90884379, -29.93366451], [-69.90868199, -29.93290308], [-69.90856777, -29.93230345], [-69.90845356, -29.93187515], [-69.90832983, -29.93098047], [-69.90841244, -29.93065002], [-69.90859424, -29.92998343], [-69.90859489, -29.92998103], [-69.90859555, -29.92997863], [-69.90871762, -29.92936828], [-69.90871762, -29.92857482], [-69.90849018, -29.92815244], [-69.9081014, -29.92780151], [-69.90798519, -29.92747619], [-69.90796042, -29.92739361], [-69.9076731, -29.9268878], [-69.90771601, -29.92657892], [-69.90761898, -29.92625549], [-69.90743588, -29.92607238], [-69.90731381, -29.92601135], [-69.90719174, -29.92595031], [-69.90700863, -29.92576721], [-69.90690691, -29.92536031], [-69.90688656, -29.92527893], [-69.90670345, -29.92503479], [-69.90652035, -29.92479064], [-69.90603207, -29.92418029], [-69.90581845, -29.92396667], [-69.90560482, -29.92375305], [-69.9053912, -29.92341125], [-69.90529965, -29.92326477], [-69.90520809, -29.92317321], [-69.90511654, -29.92308166], [-69.90493344, -29.92259338], [-69.90475132, -29.9219296], [-69.90469183, -29.92115627], [-69.9048108, -29.92049002], [-69.90492978, -29.91952634], [-69.90499447, -29.91917541], [-69.90467993, -29.91887199], [-69.90442685, -29.91836365], [-69.90432308, -29.91825988], [-69.90359066, -29.91764953], [-69.9026141, -29.91710022], [-69.90212582, -29.9165509], [-69.90102719, -29.91618469], [-69.90011166, -29.91569641], [-69.8993182, -29.91526916], [-69.89840267, -29.91465881], [-69.89781172, -29.91393148], [-69.89738688, -29.91375615], [-69.89723222, -29.9135301], [-69.89707755, -29.91323267], [-69.89702997, -29.91285195], [-69.89702997, -29.91262591], [-69.89717148, -29.91223188], [-69.89713226, -29.91193775], [-69.89690053, -29.91165452], [-69.89683111, -29.91156968], [-69.89655187, -29.91130906], [-69.89582728, -29.91063277], [-69.89512459, -29.90996354], [-69.89486634, -29.90980353], [-69.89460809, -29.90964352], [-69.89413021, -29.90916564], [-69.89339779, -29.90825012], [-69.89229916, -29.90727356], [-69.8915057, -29.90678527], [-69.89059017, -29.90617492], [-69.88973568, -29.90586975], [-69.88900326, -29.90538147], [-69.88851498, -29.90458801], [-69.88839291, -29.90397766], [-69.88833187, -29.90355041], [-69.88839291, -29.9031842], [-69.88863419, -29.90294292], [-69.88872717, -29.90284993], [-69.88882015, -29.90275695], [-69.88949154, -29.90226867], [-69.88979672, -29.90147522], [-69.88991879, -29.90055969], [-69.89010189, -29.89946106], [-69.89025448, -29.89921691], [-69.89040707, -29.89897277], [-69.89089535, -29.89836242], [-69.8915057, -29.89805725], [-69.8916191, -29.89801189], [-69.8927264, -29.89756897], [-69.89382504, -29.89726379], [-69.89406918, -29.8971112], [-69.89431332, -29.89695861], [-69.89510678, -29.89634826], [-69.89559506, -29.89598205], [-69.89565609, -29.89582946], [-69.89571713, -29.89567688], [-69.89571713, -29.89524963], [-69.89565609, -29.89497497], [-69.89559506, -29.89470031], [-69.89509518, -29.8943504], [-69.89503994, -29.89431173], [-69.89498471, -29.89427307], [-69.89461849, -29.89366272], [-69.89400814, -29.89286926], [-69.893764, -29.89271667], [-69.89351986, -29.89256408], [-69.89290951, -29.89225891], [-69.89273335, -29.89219285], [-69.89255718, -29.89212678], [-69.89188262, -29.89162635], [-69.89064508, -29.89093712], [-69.89033575, -29.89067538], [-69.88994314, -29.89022328], [-69.88951573, -29.88951963], [-69.88941799, -29.88942403], [-69.88858944, -29.88762017], [-69.8885884, -29.8875648], [-69.88858735, -29.88750944], [-69.88846582, -29.88687534], [-69.88849928, -29.88623958], [-69.88856023, -29.88607197], [-69.88859968, -29.88596348], [-69.88862421, -29.88589604], [-69.88863313, -29.8858715], [-69.88890082, -29.88573766], [-69.88940274, -29.88553689], [-69.89005627, -29.88550966], [-69.89123519, -29.88527876], [-69.89196958, -29.88502385], [-69.89227263, -29.88465058], [-69.89339574, -29.88312773], [-69.89367125, -29.88255792], [-69.89381452, -29.8822616], [-69.8941762, -29.88165246], [-69.89488052, -29.88090055], [-69.89592748, -29.87933011], [-69.89674042, -29.87843487], [-69.89674195, -29.87814415], [-69.89596555, -29.8781499], [-69.8952422, -29.87824507], [-69.89457595, -29.87832122], [-69.89426425, -29.87835984], [-69.89402255, -29.87830896], [-69.89388246, -29.87807822], [-69.89374237, -29.87784748], [-69.89357756, -29.87705638], [-69.89346236, -29.87662704], [-69.89340762, -29.8762997], [-69.89305016, -29.87601807], [-69.8924898, -29.87568844], [-69.89204481, -29.8751116], [-69.89123723, -29.87461716], [-69.88981984, -29.87415569], [-69.88749599, -29.87331515], [-69.88647415, -29.87263942], [-69.88538639, -29.87191425], [-69.88535305, -29.87185344], [-69.88458459, -29.87081402], [-69.88416581, -29.87015729], [-69.88399449, -29.86970995], [-69.88374702, -29.86933875], [-69.88300463, -29.86857732], [-69.88269054, -29.86830131], [-69.88227176, -29.86780638], [-69.88191008, -29.86733049], [-69.88169117, -29.86688315], [-69.88149129, -29.86629304], [-69.88149129, -29.86607413], [-69.88138146, -29.86568434], [-69.88111776, -29.86551953], [-69.88085406, -29.86535472], [-69.88014537, -29.86507454], [-69.87946964, -29.86446473], [-69.87867854, -29.86380549], [-69.87805225, -29.86354179], [-69.8778181, -29.86342471], [-69.87781126, -29.86342129], [-69.87759078, -29.86331105], [-69.8771293, -29.86303087], [-69.876822, -29.8627173], [-69.87672285, -29.86265722], [-69.87660864, -29.8624859], [-69.87655153, -29.86223844], [-69.87654201, -29.86206712], [-69.87654201, -29.86185773], [-69.87655153, -29.86163882], [-69.87662767, -29.86149605], [-69.87677996, -29.86135328], [-69.87702742, -29.86123907], [-69.87731023, -29.86123001], [-69.87756042, -29.8612581], [-69.87789539, -29.86109105], [-69.87849725, -29.86100368], [-69.87938723, -29.86070702], [-69.87960973, -29.86052572], [-69.87983222, -29.86034443], [-69.88020517, -29.86018664], [-69.88121527, -29.85953537], [-69.88215608, -29.85915778], [-69.88258584, -29.85883105], [-69.88318332, -29.85853329], [-69.88369558, -29.85812683], [-69.88413725, -29.85752711], [-69.88436568, -29.85724157], [-69.88444182, -29.85690845], [-69.88458459, -29.85655629], [-69.88455604, -29.85625172], [-69.88469418, -29.85596043], [-69.88500338, -29.85515716], [-69.88543168, -29.8547479], [-69.88613109, -29.85444744], [-69.886606, -29.85414749], [-69.88694375, -29.8537981], [-69.88705328, -29.85355698], [-69.88716631, -29.85337257], [-69.88735666, -29.85317031], [-69.88756487, -29.85305134], [-69.88780985, -29.85298422], [-69.88789154, -29.85292788], [-69.88884745, -29.85276307], [-69.88906454, -29.85289802], [-69.8891948, -29.85308703], [-69.8894149, -29.8532536], [-69.88985574, -29.85339923], [-69.89038119, -29.85351306], [-69.89079223, -29.85355417], [-69.89155037, -29.85362009], [-69.89216435, -29.85352628], [-69.89303763, -29.85317031], [-69.89436855, -29.85241579], [-69.89541114, -29.85157608], [-69.8964819, -29.85093362], [-69.89743368, -29.85016624], [-69.89789768, -29.8496963], [-69.89837357, -29.84923825], [-69.89870074, -29.84878021], [-69.89895654, -29.84848872], [-69.89896027, -29.84826111], [-69.89896248, -29.84812586], [-69.89886731, -29.84745366], [-69.89870074, -29.84658516], [-69.89878997, -29.84613901], [-69.89897438, -29.84522291], [-69.89927307, -29.84468254], [-69.89929656, -29.84459326], [-69.89955694, -29.84390978], [-69.89980994, -29.84252944], [-69.90010737, -29.84184534], [-69.90020713, -29.84162919], [-69.90056267, -29.8411005], [-69.90081136, -29.84056298], [-69.90091044, -29.84041767], [-69.90094339, -29.8399881], [-69.90066975, -29.83926831], [-69.89906361, -29.8369067], [-69.89842116, -29.83589543], [-69.8979988, -29.83503287], [-69.8977015, -29.83447003], [-69.89753652, -29.83361799], [-69.89730869, -29.83205573], [-69.89714596, -29.83127461], [-69.8972436, -29.83101423], [-69.89734124, -29.83075386], [-69.8977969, -29.83033075], [-69.89841529, -29.82980999], [-69.89843156, -29.8295008], [-69.89844784, -29.8291916], [-69.89795963, -29.82854066], [-69.89763416, -29.82795482], [-69.89741495, -29.82772099], [-69.89733526, -29.82763599], [-69.89714596, -29.82743407], [-69.89701577, -29.82668549], [-69.8970287, -29.82662946], [-69.89705263, -29.82652577], [-69.89711341, -29.82626238], [-69.89711341, -29.8255138], [-69.89709714, -29.82522087], [-69.89708087, -29.82492795], [-69.89652757, -29.8244723], [-69.89631822, -29.82432736], [-69.89610888, -29.82418243], [-69.89568135, -29.82388645], [-69.89540533, -29.82379202], [-69.89512931, -29.8236976], [-69.8939797, -29.82280319], [-69.89382912, -29.82265262], [-69.89367855, -29.82250204], [-69.89324033, -29.82206382], [-69.89297995, -29.82105487], [-69.89300278, -29.82094398], [-69.89302561, -29.8208331], [-69.89320778, -29.81994827], [-69.89369598, -29.81923224], [-69.89447711, -29.81877658], [-69.89532333, -29.81819073], [-69.89616955, -29.81737706], [-69.89691813, -29.81688886], [-69.89711341, -29.81670985], [-69.89730869, -29.81653084], [-69.8982851, -29.81581481], [-69.89906623, -29.81503368], [-69.89919642, -29.8147733], [-69.8993266, -29.81451293], [-69.89952189, -29.81389454], [-69.8993917, -29.81327615], [-69.89893604, -29.81236483], [-69.89895232, -29.81208004], [-69.89894925, -29.81204785], [-69.89894223, -29.81197417], [-69.89892988, -29.81184445], [-69.89891977, -29.8117383], [-69.8990825, -29.81138029], [-69.89952189, -29.81090835], [-69.90012401, -29.81059916], [-69.90072501, -29.81038799], [-69.90072557, -29.8103878], [-69.90072612, -29.8103876], [-69.90157234, -29.8102086], [-69.90241856, -29.8101435], [-69.90354143, -29.81007841], [-69.90420865, -29.80978548], [-69.9047593, -29.80941783], [-69.90593099, -29.80881571], [-69.90651684, -29.80862043], [-69.90678535, -29.80856347], [-69.90705386, -29.80850651], [-69.90730358, -29.80842552], [-69.90765598, -29.80831123], [-69.90791635, -29.80826241], [-69.90817673, -29.80821359], [-69.91009582, -29.80785686], [-69.91034806, -29.80781617], [-69.9106003, -29.80777549], [-69.91105596, -29.80758021], [-69.91125938, -29.80749884], [-69.9114628, -29.80741747], [-69.91186963, -29.80723846], [-69.91242293, -29.80722219], [-69.91258567, -29.8071571], [-69.9127484, -29.807092], [-69.91313896, -29.80694554], [-69.91328543, -29.8068479], [-69.91343189, -29.80675026], [-69.91357835, -29.80631088], [-69.9135458, -29.80614], [-69.91351325, -29.80596913], [-69.91336679, -29.80513919], [-69.91317151, -29.80403259], [-69.91320406, -29.80375594], [-69.91323661, -29.80347929], [-69.9133017, -29.8027958], [-69.9133017, -29.80260052], [-69.9133017, -29.80240524], [-69.91344816, -29.80194958], [-69.91355394, -29.8016648], [-69.91365972, -29.80138001], [-69.91375736, -29.8009569], [-69.91367599, -29.80064771], [-69.91346443, -29.8004036], [-69.91326915, -29.80012696], [-69.91317151, -29.80002931], [-69.91307387, -29.79993167], [-69.91300878, -29.79952484], [-69.91298437, -29.79933769], [-69.91295996, -29.79915055], [-69.91287859, -29.79866234], [-69.91280536, -29.79849147], [-69.91273213, -29.7983206], [-69.91235784, -29.79794631], [-69.91221138, -29.79779985], [-69.91206492, -29.79765339], [-69.91193473, -29.79726282], [-69.91190218, -29.79693735], [-69.9118919, -29.79686537], [-69.91188852, -29.79684176], [-69.91185336, -29.79659561], [-69.91209746, -29.79605859], [-69.91230902, -29.79586331], [-69.91252057, -29.79566802], [-69.9130576, -29.79542392], [-69.91324474, -29.79533442], [-69.91343189, -29.79524491], [-69.91388754, -29.79493572], [-69.91399332, -29.79481367], [-69.9140991, -29.79469161], [-69.91444084, -29.79421968], [-69.91455476, -29.79397558], [-69.91466867, -29.79373148], [-69.91478259, -29.79312936], [-69.91484768, -29.79270625], [-69.9147915, -29.79232994], [-69.91439549, -29.79181842], [-69.91375197, -29.79145541], [-69.91366662, -29.79143265], [-69.91358127, -29.79140989], [-69.91300944, -29.7912574], [-69.91278669, -29.79119965], [-69.91256393, -29.7911419], [-69.91193691, -29.79086139], [-69.91144189, -29.79066338], [-69.91128884, -29.79055839], [-69.91113578, -29.7904534], [-69.91071587, -29.79025087], [-69.91025385, -29.79001986], [-69.91008885, -29.78987136], [-69.90992384, -29.78972285], [-69.90962683, -29.78932684], [-69.90912286, -29.78888327], [-69.90889675, -29.78868087], [-69.90784144, -29.78841566], [-69.90756781, -29.78834428], [-69.90730606, -29.78818961], [-69.90680846, -29.78762794], [-69.90674007, -29.78757095], [-69.90665699, -29.78730785], [-69.90664107, -29.78725744], [-69.90636056, -29.78676242], [-69.90579954, -29.78570638], [-69.90533753, -29.78491436], [-69.90504052, -29.78438634], [-69.90494633, -29.78419993], [-69.90397482, -29.78381141], [-69.90349893, -29.78357346], [-69.90336651, -29.78344294], [-69.90296355, -29.78324033], [-69.90291854, -29.78300029], [-69.90291343, -29.78296448], [-69.90308355, -29.78205976], [-69.90308355, -29.78184525], [-69.9027306, -29.78163918], [-69.90216625, -29.78106318], [-69.90205935, -29.78097241], [-69.90205439, -29.78079346], [-69.90204866, -29.78058115], [-69.90192253, -29.78044893], [-69.901657, -29.78019351], [-69.90129793, -29.77984812], [-69.90093506, -29.7794555], [-69.90065547, -29.7790391], [-69.90025691, -29.77843828], [-69.90006612, -29.77787648], [-69.90003095, -29.77780262], [-69.89994844, -29.7772416], [-69.89976694, -29.77679608], [-69.89970622, -29.77670067], [-69.89911953, -29.7761774], [-69.8988102, -29.77558253], [-69.89861464, -29.77499799], [-69.8985624, -29.77491502], [-69.89849639, -29.774387], [-69.89845392, -29.77410029], [-69.89843497, -29.77397238], [-69.89843039, -29.77394148], [-69.89839572, -29.77367953], [-69.89828189, -29.77281945], [-69.89827253, -29.7727889], [-69.89826894, -29.77277716], [-69.89826318, -29.77275835], [-69.89803438, -29.77201092], [-69.89801101, -29.77143847], [-69.89776324, -29.77120433], [-69.89763237, -29.77102587], [-69.89735873, -29.7708831], [-69.89689473, -29.77066895], [-69.89668058, -29.77051428], [-69.89637125, -29.77028823], [-69.896169, -29.77010977], [-69.89577594, -29.76929334], [-69.89463425, -29.76862261], [-69.89426543, -29.76833708], [-69.89374195, -29.76795636], [-69.89344451, -29.76763514], [-69.89329872, -29.76689574], [-69.89334822, -29.76638423], [-69.89337001, -29.76612277], [-69.89338058, -29.76599586], [-69.89338122, -29.76598821], [-69.89331522, -29.7655592], [-69.89329047, -29.76539419], [-69.89326572, -29.76522919], [-69.89312572, -29.76503475], [-69.89296871, -29.76481667], [-69.89292745, -29.76460217], [-69.8928862, -29.76438766], [-69.8929357, -29.76392564], [-69.89337381, -29.76309721], [-69.89361176, -29.76243096], [-69.89377832, -29.76159815], [-69.89377832, -29.76086052], [-69.89361176, -29.76019427], [-69.89351769, -29.75975873], [-69.89360043, -29.7589696], [-69.89417025, -29.75859318], [-69.89487219, -29.75801022], [-69.89533619, -29.75739156], [-69.89588346, -29.75672531], [-69.89625228, -29.75642787], [-69.89644264, -29.75583301], [-69.89663299, -29.75520245], [-69.89688284, -29.75442913], [-69.89708509, -29.7536796], [-69.89706626, -29.75342673], [-69.89706465, -29.75286133], [-69.89707079, -29.75282596], [-69.89704345, -29.75272409], [-69.89698694, -29.75267948], [-69.89690068, -29.75266461], [-69.89660027, -29.7526884], [-69.89641289, -29.75265568], [-69.89627607, -29.75259322], [-69.89613628, -29.75249805], [-69.89469552, -29.75151949], [-69.89440998, -29.75111974], [-69.89410303, -29.75079852], [-69.89390316, -29.75061292], [-69.89355337, -29.75038449], [-69.89337492, -29.75014178], [-69.89321787, -29.74975631], [-69.89309652, -29.74949219], [-69.89262539, -29.74920666], [-69.89202576, -29.74894254], [-69.89141186, -29.74859989], [-69.89125482, -29.74842143], [-69.89081224, -29.74797885], [-69.89053384, -29.74757197], [-69.89044882, -29.7472542], [-69.89015181, -29.74644567], [-69.89007353, -29.74621083], [-69.89003669, -29.74610032], [-69.8899538, -29.74585165], [-69.8897603, -29.7451693], [-69.88964029, -29.74474611], [-69.88959802, -29.74461929], [-69.88949179, -29.74373958], [-69.88940928, -29.74345907], [-69.88932678, -29.74317856], [-69.88904627, -29.74248553], [-69.88835325, -29.7413965], [-69.88737867, -29.73987679], [-69.88698606, -29.73952701], [-69.88649085, -29.73865857], [-69.88499394, -29.73702783], [-69.88317245, -29.73557969], [-69.8829934, -29.73553758], [-69.88281436, -29.73549546], [-69.88171981, -29.73544787], [-69.88072122, -29.73509005], [-69.87994143, -29.73457029], [-69.87976818, -29.73446304], [-69.87959492, -29.73435578], [-69.87942991, -29.73382777], [-69.87956192, -29.73310174], [-69.87967742, -29.73252422], [-69.87974111, -29.73242232], [-69.87984243, -29.73226021], [-69.87991293, -29.73216453], [-69.87998247, -29.73207016], [-69.88001337, -29.73128593], [-69.87999093, -29.73103917], [-69.87968588, -29.73088481], [-69.8795098, -29.73073252], [-69.87933847, -29.73058499], [-69.87919571, -29.73041367], [-69.87906722, -29.73027566], [-69.87899583, -29.72989971], [-69.87894348, -29.72961417], [-69.87896728, -29.7293096], [-69.87901487, -29.72874329], [-69.87904818, -29.72839589], [-69.87911481, -29.72811987], [-69.8791386, -29.72785337], [-69.87911956, -29.72737748], [-69.87901487, -29.72703484], [-69.87886258, -29.72683496], [-69.87877216, -29.72665888], [-69.87870554, -29.72653991], [-69.87870201, -29.72615086], [-69.87867089, -29.72580849], [-69.87873689, -29.72526397], [-69.87891256, -29.72507157], [-69.8789174, -29.72506628], [-69.8790834, -29.72488446], [-69.87959492, -29.72438944], [-69.88013944, -29.72394393], [-69.88111297, -29.72354792], [-69.881938, -29.72339941], [-69.88297753, -29.72328391], [-69.88317554, -29.72325091], [-69.88337355, -29.7232179], [-69.88414907, -29.72278889], [-69.8848421, -29.72211237], [-69.88552221, -29.72132835], [-69.88645782, -29.71991073], [-69.88697067, -29.71971979], [-69.88702289, -29.71954814], [-69.88707512, -29.71937649], [-69.88682216, -29.71886176], [-69.88636015, -29.71835024], [-69.88630815, -29.71828091], [-69.88613759, -29.7180535], [-69.88611264, -29.71802023], [-69.8859143, -29.71787856], [-69.88553512, -29.71760771], [-69.88472659, -29.71691469], [-69.88433058, -29.71622167], [-69.88433883, -29.71596591], [-69.88434708, -29.71571015], [-69.88471426, -29.71491929], [-69.88474518, -29.71485271], [-69.8847761, -29.71478612], [-69.8848751, -29.71384559], [-69.8848421, -29.71326807], [-69.88474309, -29.71311131], [-69.88464409, -29.71295456], [-69.88441465, -29.71267005], [-69.88432312, -29.71255655], [-69.88423158, -29.71244304], [-69.88363756, -29.71183252], [-69.88335705, -29.7113705], [-69.8833191, -29.71113949], [-69.88328114, -29.71090849], [-69.88295113, -29.71018246], [-69.88250562, -29.70965444], [-69.8819281, -29.70924193], [-69.88153208, -29.70884592], [-69.88143308, -29.7085324], [-69.88143722, -29.70837935], [-69.88144958, -29.70792188], [-69.88174659, -29.70749287], [-69.8819026, -29.70740001], [-69.8820586, -29.70730715], [-69.88243962, -29.70708036], [-69.88328114, -29.70666784], [-69.88385866, -29.70633783], [-69.88401986, -29.70613999], [-69.88404017, -29.70611507], [-69.88422168, -29.70589231], [-69.88503492, -29.70551822], [-69.8850467, -29.7055128], [-69.88523646, -29.7053973], [-69.88542622, -29.70528179], [-69.88597074, -29.70490228], [-69.88623475, -29.70445677], [-69.88625711, -29.70439927], [-69.88629426, -29.70430372], [-69.88635025, -29.70415976], [-69.88659776, -29.70382974], [-69.88737328, -29.70288921], [-69.88753004, -29.70280671], [-69.88768679, -29.70272421], [-69.88813561, -29.70235294], [-69.88909264, -29.70159392], [-69.88991767, -29.70070289], [-69.89051169, -29.70030687], [-69.89061894, -29.70002636], [-69.8907262, -29.69974586], [-69.89115521, -29.69895383], [-69.89145222, -29.69832681], [-69.89156773, -29.69765028], [-69.89176573, -29.69705626], [-69.89209574, -29.69654475], [-69.89224425, -29.69639624], [-69.89239275, -29.69624774], [-69.89257426, -29.69586822], [-69.89260999, -29.69578655], [-69.89264572, -29.69570488], [-69.89280527, -29.69534021], [-69.89284652, -29.69511745], [-69.89288777, -29.69489469], [-69.89310228, -29.69430067], [-69.89333329, -29.69409441], [-69.89356429, -29.69388816], [-69.89435632, -29.69377265], [-69.89495034, -29.69369015], [-69.89521435, -29.69355814], [-69.89547836, -29.69342614], [-69.8955737, -29.69337124], [-69.89602288, -29.69311263], [-69.89614577, -29.69307371], [-69.89626866, -29.6930348], [-69.89674681, -29.69300491], [-69.89701578, -29.69306468], [-69.89728474, -29.69312445], [-69.89778538, -29.6933795], [-69.89886823, -29.6942028], [-69.89918232, -29.69443123], [-69.90013707, -29.69516108], [-69.90039274, -29.69542557], [-69.90218581, -29.69677038], [-69.90344097, -29.6976968], [-69.90472601, -29.69856345], [-69.90559266, -29.69892207], [-69.90630989, -29.69937034], [-69.90702712, -29.69945999], [-69.90789378, -29.69898184], [-69.90885008, -29.69835426], [-69.90943735, -29.69788445], [-69.91019489, -29.69668695], [-69.91019489, -29.69599338], [-69.91013512, -29.69467845], [-69.91043397, -29.69366238], [-69.91070293, -29.69309457], [-69.91094201, -29.69231757], [-69.91141751, -29.69129034], [-69.91189831, -29.69085322], [-69.91330289, -29.68956818], [-69.91467758, -29.68909003], [-69.91626147, -29.68891072], [-69.91700858, -29.68861188], [-69.91720283, -29.68850728], [-69.91739708, -29.68840268], [-69.91823385, -29.68774522], [-69.91877178, -29.68726707], [-69.91948901, -29.68663949], [-69.92038554, -29.6860418], [-69.92104301, -29.68532457], [-69.92170047, -29.68481653], [-69.92196943, -29.68427861], [-69.92211885, -29.68408436], [-69.92226828, -29.68389011], [-69.92226828, -29.683776], [-69.92209653, -29.68335721], [-69.92198232, -29.68307168], [-69.92198232, -29.68291939], [-69.92201517, -29.68265507], [-69.92196943, -29.6825453], [-69.92184989, -29.68227634], [-69.92172956, -29.68203567], [-69.92170477, -29.68198609], [-69.92137174, -29.68132003], [-69.92095335, -29.6806028], [-69.92101312, -29.67964649], [-69.9210826, -29.67944384], [-69.92115208, -29.67924119], [-69.92137174, -29.67860053], [-69.92187978, -29.67794307], [-69.92250735, -29.67740515], [-69.92257201, -29.67734049], [-69.92263666, -29.67727584], [-69.92310504, -29.67680745], [-69.92329669, -29.67656354], [-69.92328626, -29.67633305], [-69.92325771, -29.6761998], [-69.92318157, -29.67601896], [-69.92304832, -29.6759333], [-69.92298169, -29.67584763], [-69.92294362, -29.67574294], [-69.92292659, -29.67568758], [-69.92290555, -29.67561921], [-69.92290555, -29.67550499], [-69.92292574, -29.6751638], [-69.92301242, -29.674297], [-69.92301539, -29.67426726], [-69.92311053, -29.67411503], [-69.92311968, -29.6741004], [-69.92331424, -29.67378911], [-69.92341883, -29.67357991], [-69.9234846, -29.67344837], [-69.92350452, -29.67325425], [-69.92351941, -29.67315625], [-69.92345999, -29.67266609], [-69.92328626, -29.67244025], [-69.92322916, -29.6722023], [-69.92324819, -29.67201194], [-69.92324819, -29.67179303], [-69.92337401, -29.6716673], [-69.92388204, -29.67136845], [-69.92441997, -29.6708903], [-69.92492801, -29.67041215], [-69.92503315, -29.67026945], [-69.92516128, -29.66992754], [-69.92518031, -29.66968007], [-69.92526597, -29.66949923], [-69.92537067, -29.66934695], [-69.92547537, -29.66919466], [-69.92568371, -29.66919291], [-69.92660799, -29.66918514], [-69.92690304, -29.66911852], [-69.92719924, -29.66897768], [-69.92755785, -29.6685593], [-69.92769233, -29.66833516], [-69.92782681, -29.66811103], [-69.92812566, -29.66751334], [-69.92869347, -29.66682599], [-69.92920151, -29.66643749], [-69.9297992, -29.66607888], [-69.93042678, -29.66575015], [-69.93117389, -29.66569038], [-69.9321302, -29.66557084], [-69.9329072, -29.66536165], [-69.93341524, -29.6650628], [-69.93353477, -29.66486855], [-69.93365431, -29.6646743], [-69.93380374, -29.66395707], [-69.93395316, -29.66326972], [-69.93419224, -29.66258238], [-69.93443131, -29.66180538], [-69.9348497, -29.66105826], [-69.93517843, -29.66028126], [-69.93535774, -29.65965368], [-69.93541751, -29.65886174], [-69.93604508, -29.65823417], [-69.93700139, -29.65787555], [-69.93715974, -29.6576563], [-69.93724628, -29.65753647], [-69.93738989, -29.65733763], [-69.93783816, -29.6566204], [-69.93810712, -29.65593305], [-69.93861516, -29.6552457], [-69.9387347, -29.65517099], [-69.93885424, -29.65509628], [-69.93927262, -29.65476755], [-69.93952622, -29.65441885], [-69.94028028, -29.65135777], [-69.94034847, -29.65049405], [-69.94049789, -29.6494182], [-69.94064731, -29.6486412], [-69.94118524, -29.64750559], [-69.94163351, -29.64660905], [-69.9418427, -29.64568263], [-69.94175324, -29.64514392], [-69.94140824, -29.64470017], [-69.94128533, -29.64385517], [-69.94105242, -29.64293459], [-69.94072405, -29.64192094], [-69.94076688, -29.64133559], [-69.94090123, -29.64121416], [-69.94103557, -29.64109273], [-69.94133415, -29.64061773], [-69.94120946, -29.63926546], [-69.94065267, -29.63799483], [-69.94015298, -29.63668136], [-69.93992872, -29.63521722], [-69.93995413, -29.63459115], [-69.93995413, -29.63359576], [-69.93968517, -29.63150384], [-69.93968517, -29.63099051], [-69.93939521, -29.62938438], [-69.93922865, -29.62826603], [-69.9390145, -29.62755219], [-69.93878845, -29.62668369], [-69.93866825, -29.62588301], [-69.93848979, -29.62534761], [-69.93816106, -29.62334534], [-69.93831048, -29.62197065], [-69.93832575, -29.62190612], [-69.93834101, -29.62184159], [-69.93869274, -29.62035512], [-69.93942595, -29.61774814], [-69.93908047, -29.61636621], [-69.93922419, -29.61543984], [-69.93956868, -29.61516225], [-69.93976944, -29.6150061], [-69.93997021, -29.61484995], [-69.94050559, -29.61458226], [-69.94104097, -29.61418072], [-69.9411302, -29.61395765], [-69.94121943, -29.61373457], [-69.94121943, -29.61315458], [-69.94148712, -29.61252997], [-69.9414425, -29.61190536], [-69.94139789, -29.61163768], [-69.94135327, -29.61136999], [-69.94099635, -29.61083461], [-69.94062921, -29.61039403], [-69.94047817, -29.61021279], [-69.94032713, -29.61003154], [-69.93983885, -29.60948237], [-69.93969381, -29.60931924], [-69.939653, -29.60927335], [-69.93959552, -29.60920991], [-69.93927446, -29.60877058], [-69.93902771, -29.60843291], [-69.93863921, -29.60804442], [-69.93848979, -29.60789499], [-69.93834036, -29.60774557], [-69.93798175, -29.60687892], [-69.93751027, -29.60596369], [-69.93750218, -29.60594799], [-69.93749539, -29.6059348], [-69.93747371, -29.60589272], [-69.93681625, -29.60505595], [-69.93627832, -29.60415942], [-69.9358977, -29.60346164], [-69.93577029, -29.60245599], [-69.9350411, -29.60190547], [-69.93425588, -29.60130584], [-69.9338133, -29.60100603], [-69.93357059, -29.6007205], [-69.93343929, -29.60003534], [-69.93343929, -29.59929102], [-69.93343929, -29.5991925], [-69.93343929, -29.59909397], [-69.93376802, -29.59831697], [-69.93391744, -29.59810778], [-69.93406686, -29.59789859], [-69.93414725, -29.5976115], [-69.93414107, -29.59752526], [-69.93414119, -29.5974388], [-69.93414513, -29.59738575], [-69.9341476, -29.59735258], [-69.93416027, -29.59726705], [-69.93417914, -29.59718267], [-69.9342041, -29.5970999], [-69.93423502, -29.59701915], [-69.93427174, -29.59694088], [-69.93431406, -29.59686548], [-69.93436176, -29.59679337], [-69.93441458, -29.59672492], [-69.93447225, -29.5966605], [-69.93453445, -29.59660045], [-69.93460086, -29.59654509], [-69.93467113, -29.59649471], [-69.93468352, -29.59646786], [-69.93473923, -29.59643654], [-69.93474734, -29.59643198], [-69.9348078, -29.59639068], [-69.93486442, -29.59634426], [-69.93491678, -29.59629309], [-69.93496448, -29.59623755], [-69.93500716, -29.59617807], [-69.9350445, -29.59611509], [-69.9350762, -29.59604909], [-69.93510204, -29.59598059], [-69.9351218, -29.59591009], [-69.93513534, -29.59583814], [-69.93514257, -29.59576529], [-69.93514341, -29.59569208], [-69.93513788, -29.59561907], [-69.935126, -29.59554683], [-69.93510787, -29.5954759], [-69.93508363, -29.59540681], [-69.93469258, -29.59506908], [-69.93452481, -29.59488831], [-69.93438128, -29.59473366], [-69.93433582, -29.59470093], [-69.93433582, -29.59386417], [-69.93433582, -29.59366992], [-69.93433582, -29.59347567], [-69.93422198, -29.5933049], [-69.93312801, -29.59219727], [-69.93265688, -29.59171186], [-69.93232851, -29.59136921], [-69.9320287, -29.59096947], [-69.931786, -29.59069821], [-69.93179001, -29.5903004], [-69.93179312, -29.58999229], [-69.93190688, -29.58973632], [-69.93198574, -29.5895589], [-69.93206459, -29.58938147], [-69.93260252, -29.58878378], [-69.93281478, -29.58840171], [-69.93276688, -29.58805161], [-69.9326324, -29.58785736], [-69.93215425, -29.58752863], [-69.9318554, -29.58687117], [-69.93185406, -29.58686046], [-69.93185272, -29.58684975], [-69.93175147, -29.58603968], [-69.93173586, -29.58591486], [-69.93194506, -29.58540682], [-69.93257263, -29.58459993], [-69.93272206, -29.58439074], [-69.93287148, -29.58418155], [-69.9332043, -29.58389533], [-69.93338359, -29.58374113], [-69.93368481, -29.5829602], [-69.93377047, -29.58250334], [-69.93382117, -29.58188886], [-69.93376802, -29.5816563], [-69.93358871, -29.58081953], [-69.93320021, -29.58004253], [-69.93311344, -29.57931941], [-69.93311056, -29.57929542], [-69.93314044, -29.57869772], [-69.93324504, -29.57851842], [-69.93334963, -29.57833911], [-69.93334963, -29.57780118], [-69.93334116, -29.57761489], [-69.93312801, -29.57707817], [-69.93302807, -29.57682119], [-69.93302807, -29.57657848], [-69.93346917, -29.57552995], [-69.93352894, -29.57541042], [-69.93358871, -29.57529088], [-69.93360365, -29.57521118], [-69.93367836, -29.57481272], [-69.93384273, -29.57457365], [-69.93400709, -29.57433457], [-69.93439559, -29.57370699], [-69.93472432, -29.57307942], [-69.93517259, -29.57236218], [-69.93517259, -29.57209322], [-69.93517259, -29.57182426], [-69.93523236, -29.57128634], [-69.93508294, -29.57056911], [-69.93514271, -29.56982199], [-69.93526225, -29.56892545], [-69.93527719, -29.56871626], [-69.93529213, -29.56850707], [-69.93562086, -29.56665422], [-69.93595481, -29.56515707], [-69.93618324, -29.56465739], [-69.93645763, -29.56429334], [-69.93687602, -29.56351634], [-69.93723463, -29.56294853], [-69.93795186, -29.56250026], [-69.93852658, -29.56240448], [-69.93866909, -29.56238072], [-69.93905759, -29.5622313], [-69.93947598, -29.56190257], [-69.93971506, -29.56136465], [-69.93960541, -29.5603484], [-69.93955564, -29.56022895], [-69.93950586, -29.56010949], [-69.93941621, -29.5595118], [-69.93941621, -29.55900376], [-69.93955069, -29.55886928], [-69.93968517, -29.5587348], [-69.94025298, -29.55864515], [-69.94049061, -29.55862013], [-69.94063568, -29.55860486], [-69.94082079, -29.55858538], [-69.94144836, -29.55804745], [-69.94155296, -29.55777849], [-69.94165756, -29.55750953], [-69.94202405, -29.55685983], [-69.94231502, -29.55634403], [-69.94249432, -29.55628426], [-69.94267363, -29.55622449], [-69.9431219, -29.5560153], [-69.94340597, -29.55609421], [-69.94343618, -29.5561026], [-69.94365982, -29.55616472], [-69.9446759, -29.55607507], [-69.94491498, -29.55594059], [-69.94515406, -29.55580611], [-69.94578163, -29.55520842], [-69.94629825, -29.55382465], [-69.94631956, -29.55350499], [-69.946316, -29.55336286], [-69.94631245, -29.55322073], [-69.94628967, -29.55230961], [-69.94637932, -29.55123376], [-69.94642116, -29.5485292], [-69.94683955, -29.54694532], [-69.94734759, -29.54592924], [-69.94779586, -29.54512236], [-69.94799774, -29.54474805], [-69.94820713, -29.54452914], [-69.94848315, -29.54423409], [-69.94887338, -29.54392], [-69.94910997, -29.54382269], [-69.94990131, -29.54333941], [-69.95014877, -29.54302532], [-69.95041527, -29.54265413], [-69.95063418, -29.54236859], [-69.95092923, -29.54203547], [-69.95111959, -29.54172138], [-69.95122429, -29.54138826], [-69.95164774, -29.54110808], [-69.95200982, -29.54069165], [-69.95216655, -29.54022708], [-69.95235691, -29.53996058], [-69.95262341, -29.53955131], [-69.9528328, -29.53937999], [-69.95319223, -29.53927897], [-69.95366086, -29.53895169], [-69.95380362, -29.53857097], [-69.9538417, -29.53840917], [-69.95398446, -29.53829496], [-69.95411771, -29.53823785], [-69.95435566, -29.53808556], [-69.95446987, -29.53798087], [-69.95456299, -29.53773962], [-69.95467927, -29.53743835], [-69.95495114, -29.53712126], [-69.95503442, -29.53682383], [-69.95507495, -29.53655632], [-69.95529521, -29.53592831], [-69.95579585, -29.53553892], [-69.95635261, -29.53506465], [-69.95637265, -29.53488233], [-69.95621195, -29.53461476], [-69.95543893, -29.53427781], [-69.95472509, -29.53363535], [-69.95424073, -29.53318328], [-69.95401125, -29.5323463], [-69.95401125, -29.5321125], [-69.95411435, -29.53171043], [-69.95421155, -29.53098372], [-69.95423193, -29.53049032], [-69.95412723, -29.530319], [-69.9533688, -29.53025652], [-69.95191733, -29.53042308], [-69.9511797, -29.53011375], [-69.94963305, -29.52890023], [-69.94948547, -29.52852694], [-69.94911133, -29.5277587], [-69.94894001, -29.52688306], [-69.94892097, -29.52635958], [-69.94886386, -29.52588369], [-69.94887162, -29.52518827], [-69.94907547, -29.52416901], [-69.94939228, -29.52337768], [-69.94998997, -29.5224043], [-69.95025171, -29.52119077], [-69.94998402, -29.52027299], [-69.9496824, -29.52005877], [-69.94913036, -29.51970661], [-69.94885434, -29.51959239], [-69.94844508, -29.51955432], [-69.94794363, -29.51945377], [-69.94749153, -29.51912064], [-69.94736636, -29.51908488], [-69.94679849, -29.51909746], [-69.94653199, -29.5190118], [-69.94637019, -29.51894518], [-69.94629024, -29.51844285], [-69.94629387, -29.51842265], [-69.94634758, -29.51812308], [-69.94680149, -29.51766917], [-69.94749153, -29.51695533], [-69.9476343, -29.51624149], [-69.9476343, -29.51543248], [-69.94725358, -29.5126961], [-69.94796742, -29.51214882], [-69.94846711, -29.51160155], [-69.94872885, -29.50979316], [-69.94880023, -29.50850825], [-69.94963305, -29.50736611], [-69.95051345, -29.50665227], [-69.95191733, -29.50477249], [-69.95277393, -29.50270236], [-69.95277393, -29.50160781], [-69.95301188, -29.50070361], [-69.95351157, -29.49972804], [-69.95317844, -29.49915696], [-69.95210769, -29.49825277], [-69.95097506, -29.49724388], [-69.95057531, -29.49667281], [-69.94743442, -29.49044814], [-69.94760575, -29.48976285], [-69.9484824, -29.48886282], [-69.94869059, -29.48865463], [-69.94889881, -29.48844642], [-69.94924033, -29.4860714], [-69.94996957, -29.48505569], [-69.9504752, -29.48449056], [-69.95104032, -29.48380647], [-69.95107007, -29.48362801], [-69.95109981, -29.48344955], [-69.95104162, -29.48315858], [-69.95098084, -29.48285468], [-69.95101058, -29.48264648], [-69.95104032, -29.48243828], [-69.95112955, -29.48175418], [-69.95127741, -29.48164663], [-69.95142526, -29.48153907], [-69.95272995, -29.4812132], [-69.95380424, -29.4803616], [-69.95506445, -29.4789518], [-69.95580106, -29.47836058], [-69.95639875, -29.47803184], [-69.95683038, -29.47788078], [-69.95688969, -29.47787761], [-69.95691205, -29.47787641], [-69.9569931, -29.47786545], [-69.957073, -29.47784798], [-69.95715123, -29.4778241], [-69.95722727, -29.47779397], [-69.95730062, -29.47775779], [-69.95737081, -29.47771579], [-69.95743737, -29.47766825], [-69.95749986, -29.47761549], [-69.95755789, -29.47755785], [-69.95761106, -29.4774957], [-69.95765903, -29.47742945], [-69.95770149, -29.47735955], [-69.95773815, -29.47728643], [-69.95776878, -29.47721059], [-69.95779317, -29.47713253], [-69.95781117, -29.47705274], [-69.95782266, -29.47697176], [-69.95782756, -29.47689012], [-69.95782584, -29.47680835], [-69.95781752, -29.47672698], [-69.95780264, -29.47664655], [-69.9577813, -29.4765676], [-69.957778, -29.47655841], [-69.95775365, -29.47649062], [-69.95771986, -29.47641614], [-69.95771367, -29.47629854], [-69.95780333, -29.47531235], [-69.95773251, -29.47425003], [-69.95771377, -29.47417897], [-69.95771087, -29.474168], [-69.95769481, -29.47408469], [-69.9576844, -29.4740005], [-69.95767968, -29.47391579], [-69.95768067, -29.47383096], [-69.95768737, -29.47374639], [-69.95769975, -29.47366246], [-69.95771775, -29.47357955], [-69.95774129, -29.47349805], [-69.95776208, -29.47343921], [-69.95779592, -29.47335895], [-69.95783523, -29.47328123], [-69.95787982, -29.4732064], [-69.95792947, -29.47313484], [-69.95798395, -29.47306688], [-69.95804299, -29.47300285], [-69.95810632, -29.47294305], [-69.95861014, -29.47232202], [-69.95900275, -29.47202459], [-69.95965617, -29.47157677], [-69.96004231, -29.47103617], [-69.96009846, -29.47098485], [-69.96015087, -29.47092973], [-69.9601993, -29.47087108], [-69.96024352, -29.47080919], [-69.96028329, -29.47074435], [-69.96031843, -29.47067689], [-69.96034877, -29.47060714], [-69.96037164, -29.4705433], [-69.96039048, -29.47047816], [-69.96040775, -29.47039826], [-69.96041896, -29.47031729], [-69.96042405, -29.4702357], [-69.960423, -29.47015396], [-69.9604158, -29.47007253], [-69.9604025, -29.46999187], [-69.96038318, -29.46991245], [-69.96035795, -29.46983469], [-69.96032694, -29.46975906], [-69.96029033, -29.46968597], [-69.96024834, -29.46961583], [-69.96020119, -29.46954905], [-69.96014915, -29.46948601], [-69.96010286, -29.46943717], [-69.96005363, -29.46939128], [-69.96000165, -29.46934853], [-69.95994253, -29.46930598], [-69.95988069, -29.46926748], [-69.95981641, -29.46923322], [-69.95974998, -29.46920333], [-69.95935733, -29.46897681], [-69.95872745, -29.4687779], [-69.95803906, -29.46874093], [-69.9574204, -29.46853868], [-69.95688876, -29.46818294], [-69.95681152, -29.46815276], [-69.95673687, -29.46811661], [-69.95666356, -29.46807362], [-69.95659394, -29.46802488], [-69.95652846, -29.46797071], [-69.95646754, -29.46791145], [-69.95641157, -29.46784749], [-69.95636093, -29.46777925], [-69.95631592, -29.46770715], [-69.95627686, -29.46763168], [-69.95624398, -29.46755331], [-69.95621784, -29.46747375], [-69.95619808, -29.46739237], [-69.95618482, -29.46730968], [-69.95617815, -29.46722621], [-69.95617811, -29.46715415], [-69.9561781, -29.46714246], [-69.95618468, -29.46705898], [-69.95619785, -29.46697628], [-69.95621752, -29.46689488], [-69.95624358, -29.46681529], [-69.95627585, -29.46673801], [-69.95631413, -29.46666353], [-69.95635819, -29.46659231], [-69.95640774, -29.46652481], [-69.95646248, -29.46646143], [-69.95651327, -29.46641071], [-69.95656738, -29.46636355], [-69.95662456, -29.46632016], [-69.95668456, -29.46628076], [-69.95674709, -29.46624552], [-69.9570861, -29.46598835], [-69.95911825, -29.46497227], [-69.96011634, -29.46421906], [-69.96046325, -29.46397815], [-69.96093702, -29.46364914], [-69.96100352, -29.46357732], [-69.96104697, -29.4635359], [-69.96107436, -29.46350977], [-69.96114926, -29.46344675], [-69.96147739, -29.46307781], [-69.96202651, -29.46311114], [-69.96212957, -29.46310808], [-69.9622326, -29.46311178], [-69.96233517, -29.46312221], [-69.96269249, -29.46309988], [-69.96341665, -29.46308345], [-69.96410009, -29.46284124], [-69.96474914, -29.46233225], [-69.96566232, -29.46180807], [-69.96575258, -29.46173864], [-69.96790427, -29.46117083], [-69.96856173, -29.4608421], [-69.96865707, -29.46079443], [-69.96870546, -29.46077024], [-69.96889756, -29.46067419], [-69.96908823, -29.46057886], [-69.97013755, -29.45973572], [-69.97044446, -29.45940764], [-69.97086285, -29.45857087], [-69.97137089, -29.45785364], [-69.97217777, -29.45668814], [-69.97283523, -29.45591114], [-69.97364212, -29.45507437], [-69.97459842, -29.45459622], [-69.97549496, -29.45429737], [-69.97618894, -29.45426583], [-69.97654175, -29.4543563], [-69.97727691, -29.45437104], [-69.97732319, -29.45437196], [-69.97815669, -29.45438105], [-69.97908112, -29.45420772], [-69.979888, -29.45399853], [-69.98041096, -29.45364292], [-69.98059695, -29.45346815], [-69.98078295, -29.45329338], [-69.98142347, -29.45269152], [-69.98186933, -29.4522328], [-69.98184899, -29.45211067], [-69.98118035, -29.45167654], [-69.98074864, -29.45151998], [-69.98043164, -29.45119042], [-69.97978734, -29.45052061], [-69.9789688, -29.4498258], [-69.9784342, -29.44937513], [-69.97776956, -29.44862655], [-69.97706523, -29.44743682], [-69.97679873, -29.44684672], [-69.97648465, -29.44636131], [-69.97615152, -29.44573313], [-69.97582791, -29.44522868], [-69.97525684, -29.44477183], [-69.97482854, -29.44461954], [-69.97409567, -29.44407702], [-69.97359122, -29.44356306], [-69.97340086, -29.44325849], [-69.97310581, -29.44246851], [-69.97267751, -29.44200213], [-69.97230631, -29.44139299], [-69.97199222, -29.44085048], [-69.97196367, -29.44055542], [-69.97183994, -29.44020326], [-69.97174476, -29.43962267], [-69.9718574, -29.43934443], [-69.97166862, -29.43853764], [-69.9717638, -29.4379285], [-69.97198271, -29.43738598], [-69.97247763, -29.43669118], [-69.97251571, -29.43628191], [-69.97266799, -29.43582505], [-69.9729916, -29.43530157], [-69.97319147, -29.43508266], [-69.97330569, -29.43488279], [-69.97337231, -29.43461629], [-69.97337231, -29.43442593], [-69.97333424, -29.43421654], [-69.9732581, -29.43413088], [-69.97310581, -29.43397859], [-69.9728869, -29.43381679], [-69.97249667, -29.4335027], [-69.97209692, -29.43326475], [-69.97148778, -29.432865], [-69.97124651, -29.43250038], [-69.97097878, -29.43206168], [-69.97069339, -29.43159403], [-69.97042178, -29.43115179], [-69.97020287, -29.43085674], [-69.96981264, -29.4305712], [-69.96947951, -29.43031422], [-69.96895603, -29.43000013], [-69.96841748, -29.4296214], [-69.96767504, -29.42917338], [-69.967613, -29.42907687], [-69.96718846, -29.42869484], [-69.96705246, -29.42857246], [-69.96679548, -29.42809656], [-69.96659561, -29.42769682], [-69.96651946, -29.42732562], [-69.96649091, -29.42685925], [-69.96662416, -29.42623107], [-69.96693315, -29.42579781], [-69.96695781, -29.42570676], [-69.96759463, -29.42510741], [-69.9681375, -29.42464159], [-69.96848014, -29.42427991], [-69.96869905, -29.42399437], [-69.96879423, -29.42359462], [-69.96879423, -29.42293789], [-69.96877519, -29.4223002], [-69.96866098, -29.42163395], [-69.96854676, -29.42125323], [-69.96857532, -29.42076782], [-69.96847426, -29.41939509], [-69.96846595, -29.41932577], [-69.9684541, -29.41922701], [-69.96842802, -29.41905976], [-69.96839604, -29.41889352], [-69.96835821, -29.41872853], [-69.96831457, -29.41856497], [-69.96826517, -29.41840306], [-69.96774073, -29.41768124], [-69.96774054, -29.41768099], [-69.96759389, -29.41748596], [-69.96745211, -29.417287], [-69.96731562, -29.41708467], [-69.96718442, -29.41687899], [-69.96718425, -29.41687873], [-69.96711133, -29.41675769], [-69.96651946, -29.41608505], [-69.96630055, -29.41560915], [-69.96627559, -29.41500797], [-69.96625713, -29.41456326], [-69.96626899, -29.41444889], [-69.96628758, -29.41433539], [-69.96631283, -29.41422316], [-69.96634467, -29.41411263], [-69.96638295, -29.41400423], [-69.96642757, -29.41389823], [-69.96647839, -29.41379501], [-69.9665352, -29.41369499], [-69.96659778, -29.41359855], [-69.96666595, -29.41350595], [-69.96673949, -29.41341749], [-69.96681814, -29.41333353], [-69.96681839, -29.41333328], [-69.96690155, -29.4132544], [-69.9669876, -29.41318191], [-69.96698949, -29.4131803], [-69.96724436, -29.41296295], [-69.96793636, -29.41237283], [-69.96854169, -29.41203455], [-69.96958766, -29.41104836], [-69.97000604, -29.41021159], [-69.97004365, -29.41013858], [-69.97006296, -29.41003966], [-69.97007682, -29.40998662], [-69.97008845, -29.4099421], [-69.97012004, -29.40984629], [-69.97015757, -29.40975269], [-69.97020089, -29.40966167], [-69.97024988, -29.4095735], [-69.97030431, -29.40948856], [-69.97036393, -29.40940729], [-69.97042858, -29.40932986], [-69.97049799, -29.40925664], [-69.97054711, -29.40920998], [-69.97062655, -29.40914227], [-69.97071023, -29.40907986], [-69.97079782, -29.409023], [-69.97088896, -29.40897196], [-69.97098317, -29.40892697], [-69.97108011, -29.40888821], [-69.97117937, -29.40885583], [-69.97128057, -29.40882997], [-69.97138325, -29.40881075], [-69.97148687, -29.40879826], [-69.97159125, -29.40879254], [-69.97169567, -29.40879362], [-69.97179976, -29.40880148], [-69.97190315, -29.40881611], [-69.97200539, -29.40883744], [-69.97210602, -29.40886538], [-69.97220458, -29.40889979], [-69.97227859, -29.40893116], [-69.97230068, -29.40894052], [-69.972606, -29.40898632], [-69.97335312, -29.40910586], [-69.97392529, -29.40872441], [-69.97460132, -29.40815964], [-69.97495132, -29.40771634], [-69.97535285, -29.40718096], [-69.97550343, -29.40698019], [-69.975654, -29.40677943], [-69.97628976, -29.40597636], [-69.97652399, -29.40577559], [-69.97675822, -29.40557482], [-69.97682514, -29.40477176], [-69.97689206, -29.40376792], [-69.97762821, -29.40319908], [-69.97831111, -29.40324444], [-69.97842426, -29.40319908], [-69.97870656, -29.40308591], [-69.9791005, -29.40283101], [-69.9797028, -29.40256332], [-69.98023818, -29.40179371], [-69.98097433, -29.40135872], [-69.98258046, -29.40115795], [-69.98365122, -29.40152602], [-69.98475544, -29.40169333], [-69.98585966, -29.4014591], [-69.98634466, -29.40125702], [-69.98683054, -29.40121817], [-69.98799811, -29.40115522], [-69.98850309, -29.40122487], [-69.98950892, -29.40149857], [-69.98994288, -29.40148467], [-69.99048539, -29.40134191], [-69.99111795, -29.40102647], [-69.9917921, -29.40056299], [-69.99199147, -29.40035034], [-69.99219083, -29.40013768], [-69.99296003, -29.39983809], [-69.99323605, -29.39974291], [-69.99343593, -29.39960014], [-69.99372973, -29.39930806], [-69.99415164, -29.39913041], [-69.99447864, -29.39893966], [-69.99505396, -29.39884823], [-69.99532046, -29.3987245], [-69.99567262, -29.39847703], [-69.9959842, -29.39807706], [-69.99679573, -29.39787741], [-69.99728114, -29.39775368], [-69.99743185, -29.39760461], [-69.9978998, -29.39735393], [-69.99825196, -29.39726827], [-69.99895196, -29.39721153], [-69.99967612, -29.39701724], [-70.00050768, -29.39700177], [-70.00077418, -29.39704936], [-70.00130718, -29.39698273], [-70.00182115, -29.39686852], [-70.00262071, -29.3965602], [-70.00371621, -29.39630739], [-70.00428844, -29.39621584], [-70.00482879, -29.39623082], [-70.00530468, -29.3961642], [-70.0056378, -29.39612613], [-70.00593286, -29.39604047], [-70.00702645, -29.39548612], [-70.00767686, -29.3953383], [-70.00823513, -29.39519873], [-70.00904519, -29.39513627], [-70.00988276, -29.39496495], [-70.01049989, -29.3944956], [-70.01078365, -29.39418716], [-70.01172922, -29.39334692], [-70.01230981, -29.39298524], [-70.01261438, -29.39271874], [-70.0127857, -29.39252838], [-70.01305033, -29.39219848], [-70.01315437, -29.39213606], [-70.01348756, -29.39175528], [-70.01452747, -29.39073903], [-70.01479397, -29.39026313], [-70.01479397, -29.38995856], [-70.01472734, -29.38977772], [-70.01450879, -29.38922063], [-70.01447697, -29.38909576], [-70.01435615, -29.38868317], [-70.01432759, -29.38841667], [-70.01445133, -29.3881121], [-70.0147559, -29.38774091], [-70.01513661, -29.38748392], [-70.01565057, -29.38721742], [-70.01602177, -29.38697948], [-70.01630731, -29.38682719], [-70.01665947, -29.38650359], [-70.01728764, -29.38616094], [-70.01768739, -29.38591348], [-70.01844241, -29.38549323], [-70.01875828, -29.38539452], [-70.0190532, -29.38531025], [-70.01934816, -29.38522598], [-70.02042321, -29.38476152], [-70.02050947, -29.38474437], [-70.02059417, -29.38472078], [-70.0206769, -29.38469083], [-70.0207571, -29.38465473], [-70.02127562, -29.38440014], [-70.02143742, -29.38409557], [-70.02142815, -29.38395595], [-70.0214989, -29.38354927], [-70.02141298, -29.38325508], [-70.02127854, -29.38306557], [-70.02097105, -29.38238236], [-70.02075214, -29.38195406], [-70.02043805, -29.38153527], [-70.01982891, -29.38065011], [-70.01894375, -29.37946038], [-70.01733523, -29.37777572], [-70.01643034, -29.37692851], [-70.01619454, -29.37664993], [-70.01526034, -29.37586264], [-70.01497481, -29.37556758], [-70.01458458, -29.374987], [-70.01426097, -29.37449207], [-70.0142229, -29.37419701], [-70.01392784, -29.37357835], [-70.01371845, -29.37334041], [-70.01349954, -29.37300728], [-70.01290944, -29.37236007], [-70.01250969, -29.37174141], [-70.0119862, -29.37103709], [-70.01160549, -29.37022807], [-70.01151983, -29.36989495], [-70.01153887, -29.36974266], [-70.01160549, -29.36948568], [-70.01174826, -29.36930484], [-70.01264006, -29.36868568], [-70.01315997, -29.36832472], [-70.0139252, -29.36782437], [-70.01459936, -29.36765583], [-70.01521506, -29.36729491], [-70.01617545, -29.36654285], [-70.01643603, -29.36625101], [-70.01699259, -29.36515506], [-70.01704018, -29.3648029], [-70.01717343, -29.36445074], [-70.01676416, -29.36348944], [-70.01662139, -29.36298499], [-70.01650718, -29.36253766], [-70.01700103, -29.36175698], [-70.01775946, -29.36137777], [-70.02041394, -29.36011373], [-70.02123937, -29.3595023], [-70.02151357, -29.35924448], [-70.02161826, -29.3590922], [-70.02173248, -29.35892087], [-70.02176103, -29.35871148], [-70.02176103, -29.35859727], [-70.02155164, -29.35835932], [-70.02122803, -29.35810234], [-70.02079973, -29.35788343], [-70.01986698, -29.35737898], [-70.01958531, -29.35682345], [-70.01904607, -29.35616546], [-70.01878194, -29.35575143], [-70.01848927, -29.35525888], [-70.01821087, -29.35490196], [-70.01803955, -29.35465926], [-70.01771833, -29.35447366], [-70.01726861, -29.35428806], [-70.01694024, -29.35422382], [-70.01628893, -29.3541837], [-70.01619559, -29.35418992], [-70.0153025, -29.35407836], [-70.01480518, -29.35407278], [-70.01442039, -29.35408819], [-70.0139505, -29.3543436], [-70.01318545, -29.3544808], [-70.01281426, -29.35453791], [-70.01243592, -29.35464498], [-70.01217894, -29.35467354], [-70.01164356, -29.35477347], [-70.01140086, -29.35482344], [-70.01127767, -29.35484397], [-70.01118671, -29.35485913], [-70.01107963, -29.354852], [-70.01098683, -29.35480203], [-70.01077268, -29.35460929], [-70.01063705, -29.35436659], [-70.01048714, -29.35404536], [-70.01044431, -29.35380265], [-70.01050724, -29.35295647], [-70.01051955, -29.35283194], [-70.01053853, -29.3527087], [-70.01053861, -29.35270823], [-70.0107013, -29.3518396], [-70.01082979, -29.3515612], [-70.01100825, -29.35126139], [-70.01130209, -29.3507979], [-70.01135499, -29.35067557], [-70.01223982, -29.34987501], [-70.0124795, -29.34976716], [-70.01249345, -29.34976088], [-70.01363207, -29.34901219], [-70.01391207, -29.34876579], [-70.01402397, -29.34866731], [-70.01413588, -29.34856884], [-70.0143524, -29.34835232], [-70.01505555, -29.34713643], [-70.01564106, -29.3456649], [-70.01607407, -29.345177], [-70.01653755, -29.34462925], [-70.01716957, -29.34391296], [-70.01725384, -29.34353375], [-70.01733811, -29.34315454], [-70.01732852, -29.34298189], [-70.01729597, -29.34239611], [-70.01722255, -29.34234587], [-70.01673323, -29.34186014], [-70.01565863, -29.34152444], [-70.01499146, -29.34148894], [-70.01463975, -29.34136473], [-70.01453431, -29.34136014], [-70.014142, -29.34126051], [-70.01341198, -29.34131136], [-70.0131633, -29.34130055], [-70.0128462, -29.34128677], [-70.01280574, -29.34128501], [-70.01243404, -29.34116025], [-70.0124177, -29.34113299], [-70.01239669, -29.34109795], [-70.01221104, -29.34085549], [-70.01219322, -29.34083221], [-70.01224319, -29.34055381], [-70.01232885, -29.34031111], [-70.01294989, -29.33983284], [-70.01330681, -29.33953303], [-70.01342816, -29.33934743], [-70.01350668, -29.33919752], [-70.01356379, -29.33899051], [-70.01359234, -29.3384123], [-70.01359073, -29.33807751], [-70.01359809, -29.33801862], [-70.01356379, -29.33758425], [-70.01361376, -29.33724161], [-70.01389215, -29.33697035], [-70.01407775, -29.33683472], [-70.01451875, -29.33668907], [-70.0150207, -29.33641299], [-70.01572964, -29.33621964], [-70.01600254, -29.33605434], [-70.01605224, -29.33602424], [-70.01635827, -29.3356264], [-70.01636364, -29.33561942], [-70.01636901, -29.33561243], [-70.01679036, -29.33506468], [-70.01685532, -29.33492032], [-70.01716957, -29.33422199], [-70.01733811, -29.33312649], [-70.01735813, -29.33305785], [-70.01753273, -29.33211625], [-70.01764694, -29.33197348], [-70.01797531, -29.33147379], [-70.0183465, -29.33119539], [-70.0191499, -29.33106189], [-70.01918392, -29.33106189], [-70.01928764, -29.33106189], [-70.01952911, -29.33106189], [-70.02009786, -29.33106189], [-70.02013064, -29.33105141], [-70.02021491, -29.33101949], [-70.02029653, -29.33098123], [-70.020375, -29.33093687], [-70.02044988, -29.33088666], [-70.02052072, -29.33083089], [-70.02058712, -29.33076988], [-70.02064867, -29.330704], [-70.02070499, -29.33063366], [-70.02075582, -29.33055922], [-70.02080083, -29.33048111], [-70.02083978, -29.3303998], [-70.02087242, -29.33031575], [-70.02089857, -29.33022945], [-70.02091806, -29.33014146], [-70.0209308, -29.33005223], [-70.0209367, -29.3299623], [-70.02093575, -29.32987213], [-70.02092793, -29.32978232], [-70.0209133, -29.32969334], [-70.02089194, -29.32960576], [-70.02086398, -29.32952008], [-70.02082957, -29.32943676], [-70.02078891, -29.3293563], [-70.02074225, -29.32927917], [-70.02068984, -29.32920579], [-70.02063199, -29.32913662], [-70.02062852, -29.32913083], [-70.02047723, -29.32887911], [-70.02031892, -29.32861568], [-70.02010667, -29.32826251], [-70.0200075, -29.32811376], [-70.01990832, -29.327965], [-70.01985081, -29.32690108], [-70.01987884, -29.32678605], [-70.01990011, -29.32666957], [-70.01991043, -29.32658566], [-70.01991456, -29.32655203], [-70.01992213, -29.32643384], [-70.0199228, -29.32631542], [-70.01991656, -29.32619714], [-70.01990344, -29.32607944], [-70.01988347, -29.32596267], [-70.01985673, -29.32584729], [-70.0198233, -29.32573364], [-70.01978332, -29.32562219], [-70.01973691, -29.32551324], [-70.01968423, -29.3254072], [-70.01962544, -29.32530439], [-70.01956076, -29.32520518], [-70.01949041, -29.32510991], [-70.01941462, -29.3250189], [-70.01940176, -29.32500516], [-70.01933363, -29.32493244], [-70.01924775, -29.32485086], [-70.01915726, -29.32477443], [-70.01911104, -29.32463493], [-70.01907114, -29.32449339], [-70.01903768, -29.32435017], [-70.01901074, -29.32420566], [-70.01899034, -29.32405995], [-70.01897657, -29.32391362], [-70.01896941, -29.32376674], [-70.0189689, -29.32361964], [-70.01897504, -29.3234728], [-70.01898782, -29.32332626], [-70.0190072, -29.32318051], [-70.01903314, -29.3230358], [-70.01904187, -29.32299723], [-70.01906563, -29.32289228], [-70.01906563, -29.32282536], [-70.01906597, -29.32282363], [-70.01908697, -29.32270159], [-70.01910216, -29.3225787], [-70.01911153, -29.32245522], [-70.01911503, -29.32233144], [-70.01911252, -29.3222039], [-70.01910378, -29.3220766], [-70.01908885, -29.32194989], [-70.01906775, -29.321824], [-70.01904053, -29.32169926], [-70.01900727, -29.32157606], [-70.01896806, -29.32145467], [-70.01892295, -29.3213353], [-70.01887208, -29.32121825], [-70.01881555, -29.32110381], [-70.01875349, -29.32099224], [-70.01869814, -29.32090241], [-70.01863921, -29.32081488], [-70.0185768, -29.32072981], [-70.01851102, -29.32064732], [-70.01833013, -29.32049658], [-70.01790288, -29.32037451], [-70.0177503, -29.32037451], [-70.01759771, -29.32037451], [-70.01698736, -29.32037451], [-70.01631597, -29.32049658], [-70.01552251, -29.32049658], [-70.01460699, -29.32006933], [-70.01381353, -29.31958105], [-70.01332606, -29.31935607], [-70.01324524, -29.31926601], [-70.01316929, -29.31917161], [-70.01309862, -29.31907334], [-70.01303331, -29.31897133], [-70.01297363, -29.318866], [-70.0129197, -29.31875756], [-70.01287171, -29.31864637], [-70.0128298, -29.31853278], [-70.01279406, -29.31841705], [-70.01276465, -29.31829961], [-70.01274159, -29.31818067], [-70.01272847, -29.31808589], [-70.012725, -29.31806079], [-70.0127149, -29.31794003], [-70.0127149, -29.31750586], [-70.01238595, -29.31677586], [-70.01145331, -29.31574044], [-70.01100591, -29.31518652], [-70.01039078, -29.31453441], [-70.00978099, -29.31422578], [-70.0095847, -29.31411646], [-70.00906332, -29.31382609], [-70.00746404, -29.31293541], [-70.00694532, -29.31277837], [-70.00672641, -29.31260705], [-70.00662171, -29.31244524], [-70.00655508, -29.31221681], [-70.0065075, -29.31176948], [-70.00660267, -29.3113031], [-70.00673592, -29.31089383], [-70.0068311, -29.31064637], [-70.00686917, -29.31030373], [-70.00687281, -29.30993775], [-70.00687198, -29.30987088], [-70.00686438, -29.3098045], [-70.00685012, -29.30973921], [-70.00682932, -29.30967567], [-70.0068022, -29.30961454], [-70.00676907, -29.30955653], [-70.00673023, -29.30950213], [-70.00668608, -29.30945193], [-70.00663706, -29.30940643], [-70.00658375, -29.30936617], [-70.00652662, -29.30933149], [-70.00642556, -29.3092882], [-70.00604112, -29.30912351], [-70.00532964, -29.30908301], [-70.00514292, -29.309055], [-70.0042708, -29.30906641], [-70.00345227, -29.30906641], [-70.00270513, -29.3088999], [-70.00172954, -29.30851437], [-70.00106329, -29.30822884], [-70.00016272, -29.30802942], [-69.99959234, -29.30780127], [-69.99898449, -29.3075176], [-69.99681833, -29.30454781], [-69.99645427, -29.30367693], [-69.99633292, -29.30327718], [-69.99623298, -29.30303447], [-69.99617588, -29.30278463], [-69.99621527, -29.30238384], [-69.9973894, -29.30051462], [-69.99756786, -29.3003433], [-69.99798902, -29.30005777], [-69.99853369, -29.29964634], [-69.99879888, -29.29950049], [-69.99889043, -29.29940893], [-69.99898199, -29.29931738], [-69.99941186, -29.29888541], [-69.99997849, -29.298316], [-70.00033541, -29.29755933], [-70.00060667, -29.29650285], [-70.00067805, -29.29553203], [-70.00079227, -29.29503235], [-70.0009959, -29.29362224], [-70.00104789, -29.29343731], [-70.0004639, -29.29229121], [-70.00024975, -29.29126328], [-70.00025443, -29.29026348], [-69.99976434, -29.2895929], [-69.99932176, -29.28899327], [-69.99912189, -29.28856497], [-69.99875069, -29.28810811], [-69.99859365, -29.28759415], [-69.99839377, -29.28715157], [-69.99824883, -29.28618696], [-69.99798965, -29.28579819], [-69.9976371, -29.2855954], [-69.99725163, -29.28525276], [-69.99685188, -29.28489584], [-69.99634743, -29.28443232], [-69.99618774, -29.28424315], [-69.99548131, -29.28370897], [-69.99429771, -29.28260447], [-69.99366264, -29.28214581], [-69.99244193, -29.28147442], [-69.99219779, -29.28132183], [-69.99195365, -29.28116924], [-69.99054984, -29.28086407], [-69.98989434, -29.28069181], [-69.98946603, -29.28052049], [-69.98883786, -29.27987328], [-69.98809784, -29.27858078], [-69.98753446, -29.27801945], [-69.98748575, -29.2779464], [-69.98743705, -29.27787334], [-69.98689432, -29.27760198], [-69.98658256, -29.2774461], [-69.98615531, -29.27726299], [-69.98610025, -29.27712534], [-69.98603324, -29.27695782], [-69.98365287, -29.27555401], [-69.98323407, -29.27542023], [-69.98181369, -29.27512387], [-69.98131329, -29.27480664], [-69.97925834, -29.2741502], [-69.97474174, -29.27402813], [-69.97407035, -29.2741502], [-69.97365088, -29.27435993], [-69.97337094, -29.27445538], [-69.97305727, -29.27456232], [-69.97236137, -29.27445538], [-69.97175101, -29.27433331], [-69.97095756, -29.2741502], [-69.9701641, -29.27402813], [-69.96994141, -29.27389109], [-69.96887461, -29.27299138], [-69.96845512, -29.27262432], [-69.96784476, -29.27225811], [-69.96769218, -29.27210552], [-69.96753959, -29.27195293], [-69.967387, -29.27174948], [-69.96717338, -29.27146465], [-69.96695975, -29.27125103], [-69.96674613, -29.27103741], [-69.96613578, -29.27054913], [-69.96589164, -29.27039654], [-69.9656475, -29.27024395], [-69.96540704, -29.27009967], [-69.96540985, -29.27001746], [-69.96540718, -29.26993511], [-69.96539905, -29.26985326], [-69.96538548, -29.26977199], [-69.96536656, -29.26969193], [-69.96535572, -29.26965671], [-69.96534232, -29.26961319], [-69.96531076, -29.2695312], [-69.96527343, -29.26945161], [-69.96523051, -29.26937481], [-69.96518231, -29.26930136], [-69.96512898, -29.26923147], [-69.96507078, -29.2691655], [-69.96503715, -29.26914532], [-69.96454887, -29.26902325], [-69.96418265, -29.26902325], [-69.96390733, -29.26913337], [-69.96387748, -29.26914532], [-69.96326713, -29.26932842], [-69.96310506, -29.26939325], [-69.96275688, -29.2693919], [-69.96262267, -29.26935355], [-69.96253471, -29.26932842], [-69.96168021, -29.26932842], [-69.96094779, -29.26932842], [-69.96064262, -29.26932842], [-69.96033744, -29.26932842], [-69.95948295, -29.26932842], [-69.95926932, -29.26932842], [-69.9590557, -29.26932842], [-69.95881156, -29.26923687], [-69.95856742, -29.26914532], [-69.9583538, -29.26914532], [-69.95814017, -29.26914532], [-69.95746879, -29.26884014], [-69.95685844, -29.26853497], [-69.95662128, -29.26829781], [-69.9565918, -29.26823298], [-69.9565826, -29.26821274], [-69.95653837, -29.26813041], [-69.95648878, -29.26805116], [-69.95643404, -29.26797536], [-69.95637438, -29.26790333], [-69.95631015, -29.26783547], [-69.95624153, -29.26777199], [-69.95616887, -29.26771319], [-69.95609245, -29.2676593], [-69.95601261, -29.26761059], [-69.95592836, -29.26756663], [-69.95584121, -29.26752837], [-69.9557518, -29.26749613], [-69.95566031, -29.26746993], [-69.95556739, -29.26744999], [-69.9554732, -29.26743633], [-69.95536342, -29.26743633], [-69.95496635, -29.26743633], [-69.95466117, -29.26725323], [-69.95458488, -29.26720745], [-69.95435599, -29.26707012], [-69.95386771, -29.26682598], [-69.95371513, -29.26682598], [-69.95356254, -29.26682598], [-69.95295219, -29.26682598], [-69.95270804, -29.26688702], [-69.9524639, -29.26694805], [-69.95197562, -29.26682598], [-69.95136527, -29.2663377], [-69.95044974, -29.26572735], [-69.95025228, -29.26558374], [-69.94951012, -29.26478749], [-69.94926266, -29.26451148], [-69.94915796, -29.26433064], [-69.94883018, -29.26416172], [-69.94855765, -29.26395733], [-69.94788627, -29.26365215], [-69.94727592, -29.26316387], [-69.94719657, -29.26308452], [-69.94640731, -29.26196069], [-69.94591832, -29.26099856], [-69.94587211, -29.26084454], [-69.94585461, -29.26071331], [-69.9459219, -29.26007616], [-69.94577913, -29.25958123], [-69.94561733, -29.25931473], [-69.94480638, -29.2584032], [-69.9444683, -29.25785381], [-69.94358051, -29.25690672], [-69.94329497, -29.25644034], [-69.94298088, -29.25600252], [-69.94281908, -29.25574554], [-69.94246692, -29.25525061], [-69.94198151, -29.25454629], [-69.9419244, -29.25402281], [-69.94175308, -29.25370872], [-69.94132478, -29.25289971], [-69.94095358, -29.25228105], [-69.94048801, -29.25165066], [-69.94041924, -29.25162178], [-69.93908809, -29.25106276], [-69.93849798, -29.2502823], [-69.93815534, -29.24992062], [-69.93802209, -29.24963509], [-69.93798402, -29.24914016], [-69.93758611, -29.24800567], [-69.93736061, -29.24767767], [-69.93686043, -29.24676134], [-69.93656779, -29.24592522], [-69.93650675, -29.24543694], [-69.93656779, -29.24513177], [-69.93682431, -29.244918], [-69.93730021, -29.24452141], [-69.9379716, -29.24403313], [-69.93858195, -29.24342278], [-69.93900919, -29.24244622], [-69.93900919, -29.24214104], [-69.93900919, -29.24183587], [-69.93907023, -29.24134759], [-69.93895631, -29.24108178], [-69.93891158, -29.2409774], [-69.93888712, -29.24092034], [-69.93876505, -29.24043206], [-69.93876505, -29.23982171], [-69.9386735, -29.23957757], [-69.93858195, -29.23933343], [-69.93858195, -29.23872307], [-69.93873718, -29.23800901], [-69.93888712, -29.23731927], [-69.93888712, -29.23652581], [-69.93897868, -29.23643426], [-69.93907023, -29.2363427], [-69.93931437, -29.23603753], [-69.93949748, -29.23573235], [-69.93949748, -29.23536614], [-69.93949748, -29.23445061], [-69.93949748, -29.23426145], [-69.93949748, -29.23403461], [-69.93949748, -29.23396233], [-69.93950685, -29.23394046], [-69.93968058, -29.23353509], [-69.93968058, -29.2330468], [-69.93974162, -29.23283318], [-69.93980265, -29.23261956], [-69.93998576, -29.23194817], [-69.94029093, -29.23133782], [-69.94044352, -29.23118523], [-69.94059611, -29.23103264], [-69.94157267, -29.23084954], [-69.9424882, -29.23084954], [-69.94270182, -29.23084954], [-69.94291544, -29.23084954], [-69.94317837, -29.23078381], [-69.94340373, -29.23072747], [-69.94358683, -29.23072747], [-69.94376994, -29.23072747], [-69.94456339, -29.23042229], [-69.94529582, -29.23011712], [-69.94553995, -29.23002557], [-69.9457841, -29.22993401], [-69.94651652, -29.22944573], [-69.94688273, -29.22883538], [-69.94706584, -29.22822503], [-69.94718791, -29.22724846], [-69.94737101, -29.22651604], [-69.94749308, -29.22633294], [-69.94761515, -29.22614983], [-69.94779826, -29.22572259], [-69.94779826, -29.2250512], [-69.94788981, -29.22480706], [-69.94798136, -29.22456292], [-69.94828654, -29.22395257], [-69.94853068, -29.22379998], [-69.94877482, -29.22364739], [-69.9492631, -29.22322014], [-69.94941569, -29.22306756], [-69.94956828, -29.22291497], [-69.94987345, -29.22236565], [-69.95017863, -29.22145012], [-69.9503007, -29.22083977], [-69.95036173, -29.22022942], [-69.95042277, -29.21998528], [-69.9504838, -29.21974114], [-69.95057535, -29.21949701], [-69.95066691, -29.21925286], [-69.95072794, -29.21900872], [-69.95078898, -29.21876458], [-69.95097209, -29.21815423], [-69.95109416, -29.21754387], [-69.95158244, -29.21675042], [-69.95176554, -29.21626214], [-69.95182658, -29.21604851], [-69.95188761, -29.21583489], [-69.95188761, -29.21534661], [-69.95176554, -29.21473626], [-69.95176554, -29.21465501], [-69.95176554, -29.21457377], [-69.95176554, -29.21382073], [-69.95176554, -29.21351555], [-69.95179262, -29.21336661], [-69.95181693, -29.21323294], [-69.95188761, -29.21284417], [-69.95183126, -29.21275919], [-69.95177492, -29.21267422], [-69.95127872, -29.21192594], [-69.95121317, -29.21182709], [-69.95101898, -29.21161941], [-69.94999552, -29.21052483], [-69.94993449, -29.21034173], [-69.94987345, -29.21015862], [-69.94956828, -29.2094262], [-69.94938517, -29.20881585], [-69.94926115, -29.20872283], [-69.94846964, -29.20796135], [-69.94779826, -29.20771721], [-69.94749308, -29.2076867], [-69.94718791, -29.20765618], [-69.94657755, -29.20765618], [-69.94547892, -29.207351], [-69.94499064, -29.20686272], [-69.94483805, -29.2066491], [-69.94468546, -29.20643548], [-69.94450236, -29.20503167], [-69.94456339, -29.2040551], [-69.94458156, -29.20402397], [-69.94459972, -29.20399284], [-69.94499064, -29.20332268], [-69.9457841, -29.20234612], [-69.94621134, -29.20155266], [-69.94632905, -29.20147419], [-69.94639445, -29.20143059], [-69.94657755, -29.20112542], [-69.94693465, -29.20054514], [-69.94743262, -29.20014872], [-69.94820356, -29.1991779], [-69.94877482, -29.19795159], [-69.94889689, -29.19715813], [-69.9492631, -29.19636468], [-69.94956828, -29.19581536], [-69.94969034, -29.19563226], [-69.94981242, -29.19544915], [-69.94999552, -29.1950219], [-69.95008708, -29.19477776], [-69.95097054, -29.19355821], [-69.951203, -29.19323734], [-69.95176554, -29.19245843], [-69.95219279, -29.191726], [-69.95249796, -29.19123772], [-69.95248288, -29.19117738], [-69.95253956, -29.19104625], [-69.95254337, -29.19103744], [-69.95256124, -29.19099022], [-69.95259732, -29.19089485], [-69.95264462, -29.19074992], [-69.95268515, -29.19060295], [-69.95271884, -29.19045427], [-69.95274561, -29.19030418], [-69.95274702, -29.19029341], [-69.9527654, -29.19015302], [-69.95278316, -29.18999333], [-69.95283875, -29.18949349], [-69.95280306, -29.18932217], [-69.95268885, -29.18916513], [-69.95249611, -29.18905092], [-69.95231765, -29.18892242], [-69.95209636, -29.1888439], [-69.95183571, -29.1887602], [-69.95178779, -29.18874482], [-69.95147215, -29.18864346], [-69.95134185, -29.1885764], [-69.95127726, -29.18855218], [-69.95112467, -29.18846062], [-69.95097209, -29.18836907], [-69.94999552, -29.188247], [-69.94920207, -29.18812493], [-69.94767619, -29.18794182], [-69.94737101, -29.18781975], [-69.9470048, -29.18763665], [-69.94651652, -29.18733147], [-69.94566203, -29.18714837], [-69.94538737, -29.18723992], [-69.94511271, -29.18733147], [-69.94438029, -29.18763665], [-69.94376994, -29.18781975], [-69.94309855, -29.18781975], [-69.94230509, -29.18781975], [-69.94169474, -29.18794182], [-69.94154215, -29.18800286], [-69.94138957, -29.18806389], [-69.94059611, -29.188247], [-69.93949748, -29.18806389], [-69.93839884, -29.18806389], [-69.9379716, -29.18806389], [-69.93762131, -29.18794713], [-69.93760539, -29.18794182], [-69.93699503, -29.18781975], [-69.93577433, -29.18794182], [-69.93559123, -29.18800286], [-69.93540812, -29.18806389], [-69.93364084, -29.18827181], [-69.93294394, -29.18853615], [-69.93125856, -29.18832548], [-69.92835127, -29.1879884], [-69.92628667, -29.18744065], [-69.92503526, -29.18664809], [-69.92493178, -29.18663222], [-69.92489155, -29.18662322], [-69.92482961, -29.18660936], [-69.92472924, -29.18657959], [-69.92463113, -29.18654307], [-69.92453573, -29.18649996], [-69.92444348, -29.18645045], [-69.92435481, -29.18639479], [-69.92427014, -29.18633322], [-69.92418985, -29.18626603], [-69.92411432, -29.18619354], [-69.9240439, -29.18611607], [-69.92397891, -29.186034], [-69.92391965, -29.18594769], [-69.9238664, -29.18585755], [-69.92381941, -29.185764], [-69.92377889, -29.18566747], [-69.92374504, -29.1855684], [-69.92372709, -29.1855013], [-69.923718, -29.18546727], [-69.9236979, -29.18536452], [-69.92329511, -29.18444909], [-69.92232601, -29.18369066], [-69.92177826, -29.18230022], [-69.92141474, -29.18180687], [-69.92140168, -29.18169009], [-69.92075903, -29.18046575], [-69.92067034, -29.18038867], [-69.92057738, -29.18031679], [-69.92055636, -29.18027776], [-69.9196294, -29.17973001], [-69.91861816, -29.17989855], [-69.91840475, -29.1798195], [-69.91819134, -29.17974046], [-69.91748053, -29.1794772], [-69.91604795, -29.17888731], [-69.9153738, -29.17829743], [-69.91495245, -29.17758114], [-69.9144047, -29.17699126], [-69.91431143, -29.1768669], [-69.91421817, -29.17674255], [-69.91396022, -29.17639862], [-69.91395399, -29.1763194], [-69.91394133, -29.17624096], [-69.91393064, -29.1761976], [-69.91392231, -29.17616381], [-69.91389707, -29.17608847], [-69.91386577, -29.17601543], [-69.91382862, -29.17594519], [-69.91378587, -29.17587822], [-69.91373779, -29.17581495], [-69.91368472, -29.17575581], [-69.91362701, -29.17570119], [-69.91356504, -29.17565147], [-69.91349921, -29.17560696], [-69.91342998, -29.17556796], [-69.9133578, -29.17553474], [-69.91328315, -29.17550752], [-69.91327878, -29.17550632], [-69.91320653, -29.17548647], [-69.91312845, -29.17547173], [-69.91304943, -29.17546341], [-69.91253349, -29.17509489], [-69.91221813, -29.17460223], [-69.91203967, -29.17435953], [-69.91176841, -29.17415965], [-69.91139722, -29.17401689], [-69.91088301, -29.17387389], [-69.91078112, -29.17383116], [-69.9104264, -29.1737028], [-69.90997668, -29.17328163], [-69.90974525, -29.17299562], [-69.90829518, -29.17185083], [-69.90694687, -29.17100814], [-69.90568283, -29.17024971], [-69.90526234, -29.16989931], [-69.90519303, -29.16978742], [-69.90512372, -29.16967553], [-69.90492006, -29.16933721], [-69.90482083, -29.16916652], [-69.90472159, -29.16899582], [-69.90452837, -29.16865143], [-69.90443592, -29.16848064], [-69.90434347, -29.16830986], [-69.90416373, -29.16796554], [-69.90407646, -29.16779205], [-69.90376529, -29.16681394], [-69.90324067, -29.16603611], [-69.90319134, -29.16593035], [-69.9031483, -29.16582189], [-69.90311167, -29.16571108], [-69.9030816, -29.16559833], [-69.90305819, -29.165484], [-69.90304151, -29.1653685], [-69.90303163, -29.16525222], [-69.90302857, -29.16513556], [-69.90303236, -29.16501893], [-69.90304297, -29.16490271], [-69.90301329, -29.16355804], [-69.90288836, -29.16275498], [-69.90275257, -29.16228895], [-69.90261307, -29.16205617], [-69.90255603, -29.16200801], [-69.90210909, -29.16127376], [-69.90186745, -29.16072606], [-69.90184585, -29.16036135], [-69.90184535, -29.16035298], [-69.90182714, -29.16026502], [-69.90180243, -29.16017866], [-69.90177139, -29.16009437], [-69.90173417, -29.16001262], [-69.90169098, -29.15993386], [-69.90164206, -29.15985852], [-69.90158768, -29.15978703], [-69.90152814, -29.15971977], [-69.90146377, -29.15965712], [-69.90139493, -29.15959942], [-69.90132199, -29.159547], [-69.90124536, -29.15950014], [-69.90116546, -29.15945909], [-69.90108274, -29.1594241], [-69.90099632, -29.15939495], [-69.90090796, -29.15937241], [-69.90081815, -29.15935659], [-69.9007274, -29.15934758], [-69.90064157, -29.15934538], [-69.9005558, -29.15934928], [-69.90047052, -29.15935926], [-69.90037125, -29.15936377], [-69.898992, -29.15948322], [-69.89801642, -29.15929286], [-69.89754094, -29.15897709], [-69.89695756, -29.1586623], [-69.89596193, -29.15860137], [-69.89586545, -29.15857841], [-69.89359018, -29.15849415], [-69.89288949, -29.15802701], [-69.89263051, -29.15762367], [-69.89253057, -29.15743093], [-69.89224503, -29.15713826], [-69.89189645, -29.1568896], [-69.89159932, -29.1567066], [-69.89139714, -29.15658208], [-69.89086481, -29.15619989], [-69.89037058, -29.15584506], [-69.89028424, -29.15582587], [-69.89020822, -29.15580239], [-69.89019974, -29.15579977], [-69.89011762, -29.15576694], [-69.89003842, -29.15572759], [-69.88996265, -29.15568198], [-69.8898908, -29.1556304], [-69.88982336, -29.15557319], [-69.88976075, -29.15551073], [-69.88970339, -29.15544341], [-69.88965164, -29.15537169], [-69.88960586, -29.15529603], [-69.88956792, -29.15522044], [-69.8895115, -29.15446817], [-69.88951247, -29.15406359], [-69.88949063, -29.15321193], [-69.88948455, -29.15297453], [-69.88948397, -29.15295191], [-69.88947904, -29.15275974], [-69.88944561, -29.15192394], [-69.88914472, -29.1513556], [-69.88847608, -29.15082069], [-69.88794117, -29.15035264], [-69.88737282, -29.14918252], [-69.88693159, -29.14887023], [-69.88615097, -29.14831773], [-69.88595206, -29.14817071], [-69.88575314, -29.14802369], [-69.88495235, -29.14693169], [-69.88488118, -29.14669833], [-69.88487608, -29.14656463], [-69.88486936, -29.14649035], [-69.88486402, -29.14643138], [-69.88484504, -29.14629894], [-69.88481918, -29.14616766], [-69.88478653, -29.14603791], [-69.88474716, -29.14591004], [-69.88470119, -29.14578439], [-69.88464874, -29.14566131], [-69.88458994, -29.14554112], [-69.88452497, -29.14542416], [-69.884454, -29.14531074], [-69.88437722, -29.14520117], [-69.88429483, -29.14509575], [-69.88420707, -29.14499476], [-69.88413889, -29.1449241], [-69.88411417, -29.14489847], [-69.88401637, -29.14480716], [-69.88318293, -29.14368382], [-69.88005482, -29.14149091], [-69.87870352, -29.14062718], [-69.8782538, -29.14024171], [-69.87749713, -29.13969205], [-69.87691179, -29.13939938], [-69.87612141, -29.13889918], [-69.87601034, -29.13888019], [-69.87589838, -29.13886753], [-69.87578587, -29.13886124], [-69.87566716, -29.13886154], [-69.87554868, -29.13886892], [-69.87543086, -29.13888338], [-69.87531411, -29.13890485], [-69.87519885, -29.13893326], [-69.87508549, -29.13896851], [-69.87497445, -29.13901048], [-69.87486611, -29.139059], [-69.87483052, -29.13907757], [-69.87476086, -29.13911391], [-69.87465909, -29.13917502], [-69.87344982, -29.13951249], [-69.87264926, -29.13955462], [-69.87205499, -29.1393044], [-69.87148063, -29.13926085], [-69.87122937, -29.13929041], [-69.87057186, -29.13921601], [-69.87000272, -29.13940085], [-69.86923636, -29.13942822], [-69.8683094, -29.13938608], [-69.86729816, -29.13883833], [-69.86611839, -29.13749002], [-69.86598172, -29.13730454], [-69.86474947, -29.13566793], [-69.86373582, -29.1351611], [-69.86261652, -29.13485794], [-69.86206926, -29.13475551], [-69.8612063, -29.13467495], [-69.86034595, -29.13449846], [-69.85982661, -29.13425582], [-69.85933287, -29.13397029], [-69.85878754, -29.13352072], [-69.85842273, -29.13322076], [-69.85798641, -29.13310802], [-69.85651169, -29.13319229], [-69.85535335, -29.13313579], [-69.8552748, -29.13316025], [-69.85470482, -29.13314938], [-69.85374928, -29.13363542], [-69.85265978, -29.13317139], [-69.8521375, -29.13317859], [-69.85082892, -29.13371408], [-69.84965109, -29.13421377], [-69.84887829, -29.13426518], [-69.84784603, -29.13437123], [-69.8463898, -29.13431412], [-69.84561885, -29.13417135], [-69.84510489, -29.13385726], [-69.84387774, -29.1317847], [-69.84376039, -29.13158649], [-69.84368393, -29.13145416], [-69.84305191, -29.13078001], [-69.84170157, -29.13017235], [-69.84136653, -29.13002158], [-69.84023093, -29.12959574], [-69.84015084, -29.1295424], [-69.8400849, -29.12950385], [-69.84006776, -29.12949382], [-69.83998199, -29.12945018], [-69.83989382, -29.12941163], [-69.83980355, -29.12937829], [-69.83971148, -29.12935028], [-69.83961794, -29.12932769], [-69.83952323, -29.12931061], [-69.83942525, -29.12929887], [-69.83932675, -29.12929301], [-69.83922807, -29.12929306], [-69.83912957, -29.12929902], [-69.83903199, -29.12931082], [-69.83893529, -29.12932841], [-69.83883981, -29.12935173], [-69.83874589, -29.12938071], [-69.83865387, -29.12941524], [-69.83856407, -29.1294552], [-69.83847682, -29.12950045], [-69.83839241, -29.12955081], [-69.83831117, -29.12960612], [-69.83825033, -29.12965308], [-69.83823336, -29.12966618], [-69.83770081, -29.12997945], [-69.83747636, -29.13006923], [-69.83733422, -29.13017235], [-69.83693858, -29.13045939], [-69.83653883, -29.13054506], [-69.83597501, -29.13033778], [-69.83568253, -29.13023025], [-69.83559337, -29.13017235], [-69.83556563, -29.13015434], [-69.83555352, -29.13014647], [-69.83542082, -29.13006867], [-69.83528471, -29.12999701], [-69.83514546, -29.12993165], [-69.83500338, -29.1298727], [-69.83404039, -29.12983122], [-69.83245378, -29.12991846], [-69.83190806, -29.13002962], [-69.83165726, -29.13004356], [-69.83140645, -29.13005749], [-69.83092648, -29.13017235], [-69.82784505, -29.13090979], [-69.82695648, -29.13141203], [-69.82660638, -29.13150336], [-69.82568849, -29.13184424], [-69.82524591, -29.13184424], [-69.82466056, -29.13181569], [-69.8240181, -29.13165864], [-69.82338805, -29.13124325], [-69.82320649, -29.13120135], [-69.82190032, -29.13094855], [-69.82105763, -29.13090641], [-69.8202992, -29.13094855], [-69.81943204, -29.1312003], [-69.81921253, -29.13126403], [-69.81899303, -29.13132776], [-69.81718124, -29.13183337], [-69.81683309, -29.13185327], [-69.81495355, -29.13216904], [-69.81369719, -29.13231181], [-69.81114165, -29.13221187], [-69.80942685, -29.13217587], [-69.80888065, -29.13222707], [-69.80794366, -29.13245457], [-69.80706892, -29.13238112], [-69.80635263, -29.13242326], [-69.80428804, -29.13326595], [-69.8037218, -29.13344168], [-69.80209018, -29.13396791], [-69.79994817, -29.13394011], [-69.79897907, -29.13385584], [-69.79699874, -29.1338137], [-69.79535549, -29.13402438], [-69.79396505, -29.13448786], [-69.79312235, -29.13469853], [-69.79239626, -29.13476741], [-69.79062229, -29.13399526], [-69.78987799, -29.13372943], [-69.78974038, -29.13368357], [-69.7884987, -29.13339684], [-69.78828455, -29.13313986], [-69.78809895, -29.132683], [-69.78782769, -29.13171218], [-69.78744222, -29.13088413], [-69.78725662, -29.13055576], [-69.78736214, -29.13017235], [-69.78739204, -29.13006372], [-69.78753366, -29.12984118], [-69.78767527, -29.12961865], [-69.78790011, -29.12926532], [-69.78836898, -29.12734336], [-69.78841029, -29.12694053], [-69.78833347, -29.12552619], [-69.78819889, -29.12524481], [-69.78815606, -29.12455952], [-69.78829883, -29.12367436], [-69.78852968, -29.12290083], [-69.78898864, -29.12204027], [-69.78920383, -29.12163679], [-69.78924375, -29.12146826], [-69.78950514, -29.12036458], [-69.78976933, -29.11819208], [-69.79008342, -29.11726409], [-69.79038323, -29.1165217], [-69.79100032, -29.11568737], [-69.7913527, -29.11487418], [-69.79173191, -29.11398935], [-69.7915222, -29.11252153], [-69.79106852, -29.11193886], [-69.79035159, -29.11089765], [-69.78992012, -29.11053431], [-69.78882462, -29.10956521], [-69.78738511, -29.10821262], [-69.78664293, -29.10702624], [-69.78615731, -29.10562853], [-69.78568618, -29.1043579], [-69.78532243, -29.10339761], [-69.78526395, -29.10326592], [-69.78521155, -29.1031317], [-69.78516532, -29.10299523], [-69.78512537, -29.10285679], [-69.78509179, -29.10271667], [-69.78506463, -29.10257516], [-69.78504396, -29.10243257], [-69.78502982, -29.10228917], [-69.78502224, -29.10214529], [-69.78502123, -29.1020012], [-69.7850268, -29.10185722], [-69.78503894, -29.10171365], [-69.78505761, -29.10157078], [-69.78508279, -29.1014289], [-69.78511442, -29.10128833], [-69.78515243, -29.10114935], [-69.78519674, -29.10101224], [-69.78524727, -29.1008773], [-69.78524871, -29.10087392], [-69.7853039, -29.10074481], [-69.78531074, -29.10066955], [-69.78531361, -29.10063805], [-69.78532751, -29.10053176], [-69.78578868, -29.0995873], [-69.78583975, -29.0994827], [-69.78589083, -29.0993781], [-69.78617442, -29.09893569], [-69.78651288, -29.0984077], [-69.78662012, -29.09824041], [-69.78672736, -29.09807311], [-69.78722927, -29.09737043], [-69.78769773, -29.09670121], [-69.78790831, -29.09609954], [-69.78792013, -29.09606576], [-69.78793196, -29.09603198], [-69.7880658, -29.09509507], [-69.78840041, -29.094292], [-69.78883541, -29.09288663], [-69.7891031, -29.09241818], [-69.78916189, -29.09236722], [-69.78960502, -29.09198318], [-69.78997309, -29.09148126], [-69.7900571, -29.09120122], [-69.79014111, -29.09092118], [-69.79037462, -29.09014282], [-69.79070923, -29.08880437], [-69.79115538, -29.08791207], [-69.79125019, -29.08772246], [-69.791345, -29.08753285], [-69.79191384, -29.08669632], [-69.7927169, -29.08589325], [-69.79351997, -29.0849898], [-69.79452381, -29.08391904], [-69.79522649, -29.08341712], [-69.79596264, -29.08301559], [-69.79639763, -29.08254713], [-69.79656494, -29.08211214], [-69.79657494, -29.0818922], [-69.7965984, -29.08137599], [-69.79609648, -29.080941], [-69.79515957, -29.07983678], [-69.79449035, -29.07900025], [-69.79395497, -29.0782641], [-69.79348651, -29.07762834], [-69.79348018, -29.07750171], [-69.79321051, -29.07648013], [-69.79305346, -29.07565208], [-69.79293925, -29.07512384], [-69.79293925, -29.07470981], [-69.79308498, -29.07442428], [-69.79351997, -29.07398107], [-69.79354897, -29.07394885], [-69.79363002, -29.0738588], [-69.79382112, -29.07364646], [-69.79398843, -29.07304416], [-69.79399063, -29.07302586], [-69.79399282, -29.07300755], [-69.79408881, -29.07220763], [-69.79455727, -29.07106995], [-69.79459073, -29.07080226], [-69.79462419, -29.07053457], [-69.7946308, -29.07031637], [-69.79465765, -29.06943036], [-69.79472457, -29.0691794], [-69.7947915, -29.06892844], [-69.79469111, -29.06822575], [-69.79445688, -29.06807518], [-69.79422266, -29.0679246], [-69.79351997, -29.06762345], [-69.79305152, -29.067155], [-69.7913511, -29.06550501], [-69.79128311, -29.06546969], [-69.79121848, -29.06542854], [-69.79115772, -29.06538186], [-69.79110129, -29.06533003], [-69.79104963, -29.06527345], [-69.79100314, -29.06521254], [-69.79096218, -29.06514778], [-69.79092922, -29.06508386], [-69.79092706, -29.06507968], [-69.79089807, -29.06500876], [-69.79087541, -29.06493556], [-69.79085927, -29.06486066], [-69.79084988, -29.06478589], [-69.79084698, -29.06471058], [-69.7908506, -29.06463531], [-69.79086088, -29.06455969], [-69.79087773, -29.06448526], [-69.79090103, -29.06441258], [-69.7909306, -29.06434223], [-69.79096621, -29.06427473], [-69.79100759, -29.06421061], [-69.79105442, -29.06415035], [-69.79110634, -29.06409442], [-69.79116296, -29.06404325], [-69.79122384, -29.06399723], [-69.79128851, -29.06395671], [-69.79132521, -29.06393796], [-69.79133064, -29.06393519], [-69.79135647, -29.063922], [-69.79142722, -29.06389337], [-69.79181618, -29.06344884], [-69.79278528, -29.06277469], [-69.79333303, -29.06193199], [-69.79337668, -29.06173991], [-69.79342034, -29.06154783], [-69.7935437, -29.06100503], [-69.79375437, -29.05982526], [-69.79413161, -29.05934743], [-69.794259, -29.05918607], [-69.79438639, -29.0590247], [-69.79461815, -29.05835519], [-69.79469188, -29.0581422], [-69.79476561, -29.0579292], [-69.79455493, -29.05704438], [-69.7938158, -29.05642843], [-69.79380616, -29.05642039], [-69.79379651, -29.05641236], [-69.79320662, -29.05582247], [-69.79311532, -29.05567981], [-69.79304439, -29.05559216], [-69.79297844, -29.05550071], [-69.79291766, -29.05540575], [-69.79286224, -29.05530755], [-69.79281236, -29.05520643], [-69.79276684, -29.05509933], [-69.79272753, -29.05498979], [-69.79269455, -29.05487818], [-69.79266802, -29.05476487], [-69.79264803, -29.05465022], [-69.79263463, -29.05453462], [-69.79262788, -29.05441844], [-69.79262778, -29.05430206], [-69.79263468, -29.05418214], [-69.79264865, -29.05406284], [-69.79266965, -29.05394457], [-69.79269761, -29.05382775], [-69.79273242, -29.05371278], [-69.79277396, -29.05360008], [-69.79282209, -29.05349002], [-69.79287665, -29.05338301], [-69.79293743, -29.0532794], [-69.79300423, -29.05317957], [-69.79307682, -29.05308387], [-69.79312436, -29.05302833], [-69.79315494, -29.05299262], [-69.79323831, -29.05290615], [-69.79332665, -29.05282475], [-69.7933315, -29.05282078], [-69.79341964, -29.05274872], [-69.79351697, -29.05267832], [-69.79360729, -29.05252478], [-69.79364365, -29.05238934], [-69.79367331, -29.05225228], [-69.79369619, -29.05211393], [-69.79371224, -29.05197462], [-69.79371527, -29.05192991], [-69.79372091, -29.05184652], [-69.79372222, -29.05178822], [-69.7937238, -29.05171816], [-69.79372091, -29.05158981], [-69.79371224, -29.05146171], [-69.79369655, -29.05132499], [-69.79367428, -29.05118918], [-69.79364549, -29.05105461], [-69.79361023, -29.05092158], [-69.79356859, -29.05079041], [-69.79352067, -29.05066141], [-69.79346657, -29.05053487], [-69.79340644, -29.05041108], [-69.7933404, -29.05029034], [-69.7932686, -29.05017294], [-69.79261674, -29.04977615], [-69.79168978, -29.04931267], [-69.79101562, -29.04893346], [-69.79052058, -29.04852577], [-69.79040995, -29.04843467], [-69.79029933, -29.04834357], [-69.79013649, -29.047762], [-69.79014962, -29.04761999], [-69.79015635, -29.04747753], [-69.79015644, -29.04743949], [-69.79015666, -29.04733492], [-69.79015056, -29.04719243], [-69.79013805, -29.04705037], [-69.79011915, -29.04690901], [-69.79009392, -29.04676864], [-69.79006239, -29.04662956], [-69.79002464, -29.04649203], [-69.78998074, -29.04635634], [-69.78993077, -29.04622276], [-69.78987239, -29.04608617], [-69.78980767, -29.04595245], [-69.78973676, -29.04582192], [-69.7896598, -29.04569486], [-69.78957698, -29.04557154], [-69.78948846, -29.04545224], [-69.78939445, -29.04533722], [-69.78929515, -29.04522673], [-69.78919079, -29.04512102], [-69.78892297, -29.04492015], [-69.78865608, -29.04471999], [-69.78853038, -29.04456121], [-69.78845478, -29.04446572], [-69.78843613, -29.04444977], [-69.78838013, -29.04440191], [-69.78830976, -29.04433341], [-69.78824396, -29.04426051], [-69.788183, -29.04418351], [-69.78812715, -29.04410274], [-69.78807662, -29.04401852], [-69.78803164, -29.04393123], [-69.78799235, -29.0438411], [-69.78795897, -29.04374863], [-69.78793164, -29.04365418], [-69.78791047, -29.04355817], [-69.78789555, -29.043461], [-69.78788695, -29.04336306], [-69.78788464, -29.04327438], [-69.7878875, -29.04318572], [-69.78789553, -29.04309737], [-69.7879087, -29.04300965], [-69.78792697, -29.04292284], [-69.7879545, -29.04282357], [-69.78798869, -29.04272638], [-69.78802897, -29.04263262], [-69.78807545, -29.04254177], [-69.78812793, -29.04245424], [-69.78818615, -29.04237043], [-69.78824988, -29.04229072], [-69.7883188, -29.04221547], [-69.78835455, -29.04218135], [-69.78839263, -29.04214501], [-69.78847101, -29.04207966], [-69.78847202, -29.04207893], [-69.7885536, -29.04201972], [-69.78864003, -29.04196546], [-69.78877666, -29.04176507], [-69.78887254, -29.041676], [-69.78896418, -29.0415826], [-69.7890514, -29.04148504], [-69.78913401, -29.04138355], [-69.78921182, -29.04127834], [-69.78928467, -29.04116963], [-69.78935241, -29.04105767], [-69.78941489, -29.04094269], [-69.78947197, -29.04082494], [-69.78952353, -29.04070466], [-69.78956921, -29.04058288], [-69.78960922, -29.04045912], [-69.78963225, -29.0403748], [-69.7896435, -29.04033364], [-69.78967195, -29.04020673], [-69.78969453, -29.04007863], [-69.78971119, -29.03994963], [-69.78972189, -29.03982], [-69.7897266, -29.03969002], [-69.78972533, -29.03955996], [-69.78971806, -29.03943009], [-69.78971609, -29.03940644], [-69.78970945, -29.03932676], [-69.7891617, -29.0385262], [-69.788319, -29.03789418], [-69.78772912, -29.03764137], [-69.78708886, -29.03747579], [-69.78700041, -29.03748204], [-69.78696338, -29.03748169], [-69.78691173, -29.03748122], [-69.78682341, -29.03747334], [-69.78673599, -29.03745845], [-69.78665003, -29.03743664], [-69.78656609, -29.03740805], [-69.78648469, -29.03737287], [-69.78640635, -29.03733131], [-69.78633158, -29.03728364], [-69.78626083, -29.03723017], [-69.78619458, -29.03717123], [-69.78613323, -29.0371072], [-69.78608524, -29.03704909], [-69.78604129, -29.03698786], [-69.7860016, -29.03692379], [-69.78596123, -29.03684656], [-69.78592704, -29.03676641], [-69.78589922, -29.03668383], [-69.78587796, -29.03659933], [-69.78586338, -29.03651342], [-69.78585556, -29.03642663], [-69.78585457, -29.0363395], [-69.7858604, -29.03625256], [-69.78587302, -29.03616634], [-69.78589235, -29.03608137], [-69.78591827, -29.03599818], [-69.78595063, -29.03591727], [-69.78598922, -29.03583914], [-69.78603381, -29.03576428], [-69.78608413, -29.03569313], [-69.78613986, -29.03562614], [-69.78616271, -29.03558206], [-69.78632723, -29.03526477], [-69.78659148, -29.03475515], [-69.78660741, -29.03465559], [-69.7866337, -29.03449128], [-69.78660527, -29.0344087], [-69.78658308, -29.03432422], [-69.78657961, -29.03430541], [-69.78656724, -29.03423832], [-69.78655784, -29.03415148], [-69.78655494, -29.03406419], [-69.78655855, -29.03397692], [-69.78656866, -29.03389016], [-69.7865852, -29.0338044], [-69.78660809, -29.0337201], [-69.78663719, -29.03363775], [-69.78667235, -29.03355779], [-69.78671337, -29.03348068], [-69.78676002, -29.03340684], [-69.78680785, -29.03334194], [-69.78686003, -29.03328049], [-69.78691631, -29.03322278], [-69.78697643, -29.03316907], [-69.78701933, -29.03313575], [-69.7870401, -29.03311962], [-69.78710702, -29.03307467], [-69.78717687, -29.03303443], [-69.78724932, -29.03299909], [-69.78730136, -29.03297737], [-69.7873082, -29.0329749], [-69.78735438, -29.03295819], [-69.78740953, -29.03294122], [-69.78745722, -29.03292654], [-69.78781339, -29.03281695], [-69.78786052, -29.03274155], [-69.78788904, -29.03269792], [-69.78791576, -29.03265316], [-69.78795917, -29.03256991], [-69.78799633, -29.03248369], [-69.78802702, -29.03239497], [-69.78805109, -29.03230422], [-69.7880676, -29.03221718], [-69.78807801, -29.03212921], [-69.78808204, -29.03205342], [-69.78808155, -29.03197752], [-69.78807739, -29.03191481], [-69.78807653, -29.03190179], [-69.788067, -29.0318265], [-69.78804943, -29.03173609], [-69.78802536, -29.03164718], [-69.78799493, -29.03156025], [-69.78795828, -29.03147575], [-69.78791562, -29.03139413], [-69.78786716, -29.0313158], [-69.78786321, -29.03130571], [-69.78779172, -29.0312416], [-69.78772869, -29.03117676], [-69.78772479, -29.03117275], [-69.78766272, -29.03109948], [-69.78760581, -29.03102213], [-69.78755432, -29.03094107], [-69.78750851, -29.03085669], [-69.78746857, -29.03076936], [-69.7874347, -29.0306795], [-69.78740706, -29.03058754], [-69.78738577, -29.03049391], [-69.78737094, -29.03039903], [-69.78736264, -29.03030337], [-69.78736072, -29.03022767], [-69.78736289, -29.03015199], [-69.78736914, -29.03007653], [-69.78737945, -29.03000152], [-69.78739891, -29.0299049], [-69.7874251, -29.02980989], [-69.7874579, -29.02971695], [-69.78749715, -29.02962655], [-69.78753914, -29.02954586], [-69.78754265, -29.02953912], [-69.78756058, -29.02948832], [-69.78782059, -29.02848077], [-69.78784052, -29.02841821], [-69.78785693, -29.02835463], [-69.78786976, -29.02829023], [-69.78787995, -29.0282164], [-69.78788543, -29.02814207], [-69.7878862, -29.02806755], [-69.78788329, -29.0280063], [-69.78787719, -29.02794529], [-69.78786791, -29.02788469], [-69.78784906, -29.02779855], [-69.78782381, -29.02771406], [-69.7877923, -29.02763171], [-69.78775471, -29.02755195], [-69.78771124, -29.02747523], [-69.78766215, -29.02740198], [-69.7876077, -29.02733262], [-69.78754821, -29.02726754], [-69.78748401, -29.02720709], [-69.78741545, -29.02715163], [-69.78734294, -29.02710146], [-69.78726687, -29.02705687], [-69.78718767, -29.02701811], [-69.78710579, -29.02698539], [-69.78702168, -29.02695889], [-69.78693583, -29.02693878], [-69.78684871, -29.02692516], [-69.78676082, -29.0269181], [-69.78632582, -29.0269181], [-69.78627284, -29.02693692], [-69.7862703, -29.02693782], [-69.7862129, -29.0269511], [-69.78615437, -29.02695779], [-69.78609545, -29.02695779], [-69.78603691, -29.0269511], [-69.78597951, -29.02693782], [-69.78592399, -29.0269181], [-69.7858894, -29.02690203], [-69.78585608, -29.02688346], [-69.78580666, -29.02684942], [-69.78576151, -29.02680989], [-69.78572123, -29.02676541], [-69.78568636, -29.02671657], [-69.78565737, -29.02666402], [-69.78563465, -29.02660848], [-69.7856185, -29.02655068], [-69.78560914, -29.02649141], [-69.78560735, -29.02644742], [-69.78560669, -29.02643145], [-69.78546851, -29.02618099], [-69.78520104, -29.0256962], [-69.78487575, -29.0249914], [-69.78478946, -29.02483809], [-69.78470317, -29.02468478], [-69.78452481, -29.02438149], [-69.78450072, -29.02426329], [-69.78448968, -29.02422121], [-69.78447012, -29.02414661], [-69.78443312, -29.02403179], [-69.78438983, -29.0239192], [-69.78434037, -29.02380918], [-69.78428489, -29.02370206], [-69.78422358, -29.02359817], [-69.78415661, -29.02349784], [-69.7840842, -29.02340136], [-69.78400656, -29.02330904], [-69.78392393, -29.02322116], [-69.78383656, -29.02313798], [-69.78374473, -29.02305976], [-69.78371627, -29.02303813], [-69.7836487, -29.02298675], [-69.78354879, -29.02291916], [-69.78340896, -29.02273223], [-69.78273335, -29.02215347], [-69.78141988, -29.02008334], [-69.78123429, -29.01965503], [-69.78129139, -29.01919818], [-69.78150554, -29.01876987], [-69.78173397, -29.01845579], [-69.78179108, -29.01805604], [-69.78191957, -29.01782761], [-69.78215996, -29.01769762], [-69.78235401, -29.01759269], [-69.78251522, -29.0175263], [-69.782988, -29.0173172], [-69.78338319, -29.01714242], [-69.78347625, -29.01712112], [-69.78391832, -29.01691389], [-69.78443228, -29.01645704], [-69.78476045, -29.01599587], [-69.78493112, -29.01575602], [-69.78505308, -29.01558463], [-69.78508179, -29.01552034], [-69.78510399, -29.01545353], [-69.78511946, -29.01538485], [-69.78512805, -29.01531497], [-69.78512965, -29.01524547], [-69.78512967, -29.01524458], [-69.78512431, -29.01517438], [-69.78511202, -29.01510506], [-69.78509291, -29.01503729], [-69.78506719, -29.01497175], [-69.7850351, -29.01490909], [-69.78499696, -29.01484991], [-69.78495314, -29.0147948], [-69.78490408, -29.01474431], [-69.78485025, -29.01469892], [-69.78479219, -29.0146591], [-69.78473047, -29.01462522], [-69.7846657, -29.01459763], [-69.78459851, -29.01457659], [-69.78452957, -29.01456231], [-69.78445955, -29.01455493], [-69.78279937, -29.01413024], [-69.7806505, -29.01400383], [-69.7784595, -29.0139617], [-69.77735723, -29.01373228], [-69.77701221, -29.01347054], [-69.77690513, -29.01316121], [-69.77678616, -29.01280429], [-69.77666719, -29.01226891], [-69.77646493, -29.01198337], [-69.77609612, -29.01155507], [-69.77601284, -29.01106728], [-69.77601284, -29.01068657], [-69.77638794, -29.01006713], [-69.77643913, -29.00998225], [-69.77665541, -29.00971606], [-69.77673198, -29.00962183], [-69.77675196, -29.00958386], [-69.77681702, -29.00953184], [-69.77682177, -29.00952739], [-69.77687784, -29.00947493], [-69.77693405, -29.00941347], [-69.77698533, -29.00934782], [-69.77703135, -29.0092784], [-69.77707184, -29.00920561], [-69.77710656, -29.0091299], [-69.7771353, -29.00905172], [-69.77715787, -29.00897154], [-69.77717416, -29.00888985], [-69.77718405, -29.00880715], [-69.77718749, -29.00872393], [-69.77718556, -29.00867096], [-69.77718524, -29.0086622], [-69.77718446, -29.00864069], [-69.777364, -29.00759937], [-69.77745979, -29.00683303], [-69.77750128, -29.00676818], [-69.777537, -29.00670059], [-69.77753725, -29.00670012], [-69.77756746, -29.00662932], [-69.7775917, -29.00655625], [-69.77744051, -29.00610611], [-69.77717877, -29.00573729], [-69.77672301, -29.00529282], [-69.77643703, -29.00515556], [-69.7754258, -29.00456567], [-69.77535303, -29.00454515], [-69.77528026, -29.00452462], [-69.77406194, -29.00375842], [-69.77274371, -29.00210232], [-69.77207271, -29.0014789], [-69.77138742, -29.00016544], [-69.77047371, -28.99868065], [-69.76995975, -28.99605373], [-69.76990264, -28.9950258], [-69.76936012, -28.99404071], [-69.76917394, -28.99186016], [-69.76905439, -28.99163664], [-69.76893484, -28.99141312], [-69.7681466, -28.99064997], [-69.76785805, -28.98994501], [-69.76640071, -28.98945007], [-69.76625272, -28.98941221], [-69.76610471, -28.98937435], [-69.76486596, -28.98905746], [-69.7629386, -28.98787962], [-69.76272793, -28.98767648], [-69.76251726, -28.98747333], [-69.76193922, -28.98691594], [-69.76076139, -28.9866661], [-69.76069958, -28.98665486], [-69.76063776, -28.98664362], [-69.75997617, -28.98652333], [-69.75951217, -28.98634487], [-69.75936941, -28.98618426], [-69.75922664, -28.98602364], [-69.75847711, -28.98580949], [-69.75737066, -28.98538119], [-69.75515776, -28.98505996], [-69.75451531, -28.98470304], [-69.75440823, -28.98423905], [-69.75438439, -28.98361192], [-69.75453668, -28.98321217], [-69.75495152, -28.98278149], [-69.75487932, -28.98186064], [-69.75506968, -28.98128956], [-69.755241, -28.98092789], [-69.75571689, -28.98039489], [-69.7565333, -28.98002695], [-69.75722789, -28.97952771], [-69.75858698, -28.97860827], [-69.75898259, -28.97806305], [-69.75952862, -28.97788017], [-69.76000668, -28.97737398], [-69.7612833, -28.97643529], [-69.76304567, -28.97317455], [-69.76254599, -28.97246071], [-69.76201061, -28.97167549], [-69.76143954, -28.97039058], [-69.76142522, -28.96919952], [-69.76144901, -28.96867604], [-69.76187731, -28.96792651], [-69.76214723, -28.96758716], [-69.76254356, -28.96706991], [-69.76268875, -28.96639309], [-69.7625177, -28.96582248], [-69.76209728, -28.96494562], [-69.76002951, -28.96294409], [-69.7595145, -28.96270089], [-69.75945391, -28.96267228], [-69.75942548, -28.96265886], [-69.75920345, -28.96255401], [-69.75894226, -28.96243067], [-69.75827784, -28.96191725], [-69.75825483, -28.96188705], [-69.75823973, -28.96186723], [-69.75821744, -28.96183797], [-69.75820881, -28.96182664], [-69.75779462, -28.96128302], [-69.75709468, -28.96082369], [-69.7566544, -28.960455], [-69.75517689, -28.95999335], [-69.75429257, -28.95910496], [-69.75355162, -28.95793411], [-69.75361347, -28.95710255], [-69.75393963, -28.95618377], [-69.75461064, -28.95514156], [-69.75463428, -28.95433636], [-69.75449177, -28.95341151], [-69.75467705, -28.95237393], [-69.75476132, -28.95157337], [-69.75491345, -28.95039435], [-69.75499034, -28.9503152], [-69.75506258, -28.95023179], [-69.75512995, -28.9501444], [-69.75514401, -28.95012383], [-69.75519222, -28.9500533], [-69.7552492, -28.9499588], [-69.75530069, -28.94986121], [-69.75534653, -28.94976083], [-69.75538657, -28.949658], [-69.75542068, -28.94955306], [-69.75544874, -28.94944634], [-69.75547068, -28.9493382], [-69.7554864, -28.94922898], [-69.75549587, -28.94911904], [-69.75549906, -28.94900874], [-69.7554969, -28.94891692], [-69.75549039, -28.9488253], [-69.75547954, -28.9487341], [-69.75545983, -28.94862063], [-69.7554334, -28.94850853], [-69.75540034, -28.94839821], [-69.75536077, -28.94829005], [-69.75534924, -28.94826356], [-69.75531483, -28.94818444], [-69.75526268, -28.94808175], [-69.75520451, -28.94798235], [-69.75514053, -28.94788659], [-69.75524104, -28.94651983], [-69.75531243, -28.94523492], [-69.75502689, -28.94380725], [-69.75456289, -28.94284356], [-69.75477705, -28.94152296], [-69.75487516, -28.94100291], [-69.75465071, -28.94044915], [-69.75463428, -28.94030944], [-69.75438749, -28.93962029], [-69.7543017, -28.93926088], [-69.75421169, -28.93888376], [-69.75433978, -28.93827843], [-69.75424167, -28.93795377], [-69.75422053, -28.93784662], [-69.75409022, -28.9377455], [-69.7538968, -28.93759542], [-69.75375403, -28.9372385], [-69.75373786, -28.93711003], [-69.75372169, -28.93698156], [-69.75372548, -28.93649611], [-69.75381114, -28.93624626], [-69.7538968, -28.93599642], [-69.75436793, -28.93522547], [-69.75518171, -28.93451164], [-69.7553102, -28.93426179], [-69.75543869, -28.93401195], [-69.7559812, -28.93315534], [-69.75687398, -28.93243408], [-69.75790191, -28.93138712], [-69.75839026, -28.93060681], [-69.75877755, -28.92998799], [-69.76058594, -28.92897672], [-69.76239433, -28.92796545], [-69.76254899, -28.92772751], [-69.76270366, -28.92748956], [-69.76307781, -28.92719418], [-69.76360785, -28.92677572], [-69.76441629, -28.92638455], [-69.76672779, -28.9223328], [-69.76674874, -28.92218336], [-69.7665108, -28.91951837], [-69.76665356, -28.91835243], [-69.76668291, -28.9182535], [-69.76748637, -28.91554467], [-69.76750845, -28.91537911], [-69.76762914, -28.91447391], [-69.76722463, -28.9136411], [-69.76703428, -28.91280829], [-69.76729602, -28.9118565], [-69.76722463, -28.91083333], [-69.76715325, -28.90912012], [-69.76655838, -28.90847767], [-69.76501174, -28.90738312], [-69.76372683, -28.90714517], [-69.76210879, -28.906122], [-69.76203552, -28.90587555], [-69.76158531, -28.9043612], [-69.76198982, -28.90326665], [-69.76321122, -28.90308643], [-69.76397433, -28.90289852], [-69.76436207, -28.90280304], [-69.76480227, -28.9025413], [-69.7651116, -28.90227956], [-69.76546383, -28.90176759], [-69.76582075, -28.90091098], [-69.76579718, -28.90078131], [-69.76565419, -28.89944761], [-69.76572557, -28.89929295], [-69.76570178, -28.89879326], [-69.76477379, -28.89748456], [-69.76453584, -28.89658036], [-69.76463102, -28.8959617], [-69.76434549, -28.89489094], [-69.76375062, -28.89429608], [-69.76346509, -28.894189], [-69.76317955, -28.89408193], [-69.7616329, -28.89346327], [-69.76089527, -28.89293979], [-69.75999013, -28.89136083], [-69.75875375, -28.88920403], [-69.7581113, -28.88858537], [-69.75694536, -28.88849019], [-69.75625532, -28.88775256], [-69.75489903, -28.88687216], [-69.75476376, -28.88685284], [-69.75365449, -28.88653943], [-69.75167185, -28.88683581], [-69.75110847, -28.88690824], [-69.75040986, -28.88665054], [-69.75025432, -28.88664373], [-69.74991168, -28.88605363], [-69.74966421, -28.88513991], [-69.74951193, -28.88386452], [-69.74856014, -28.88272238], [-69.74705632, -28.8823607], [-69.74650429, -28.8818277], [-69.74623779, -28.88081881], [-69.74638468, -28.88033223], [-69.74668267, -28.8795795], [-69.74654136, -28.87893701], [-69.74654109, -28.87870585], [-69.74676657, -28.87806162], [-69.74672896, -28.87737277], [-69.74667505, -28.87723127], [-69.74662033, -28.87643747], [-69.74701964, -28.87543876], [-69.74735185, -28.87498574], [-69.74751796, -28.87475923], [-69.74768406, -28.87453272], [-69.74798608, -28.8739287], [-69.74811463, -28.87376234], [-69.7484995, -28.87326427], [-69.74889794, -28.8725919], [-69.7500972, -28.86969284], [-69.75038273, -28.86890762], [-69.75032325, -28.86840793], [-69.75010016, -28.86788845], [-69.74940554, -28.86770724], [-69.7485599, -28.86755623], [-69.74827299, -28.86761664], [-69.74798608, -28.86767704], [-69.74729145, -28.86797905], [-69.74691393, -28.86791865], [-69.74653642, -28.86785825], [-69.74578139, -28.86767704], [-69.74460354, -28.86731462], [-69.7436069, -28.866771], [-69.74230824, -28.86634818], [-69.74163344, -28.86591438], [-69.7411528, -28.86562753], [-69.74079113, -28.86494225], [-69.74075305, -28.86370112], [-69.74063884, -28.86312053], [-69.74073402, -28.86220682], [-69.740991, -28.86156913], [-69.7410102, -28.86153303], [-69.74146689, -28.86067445], [-69.74153114, -28.85987257], [-69.74145975, -28.85936574], [-69.74145262, -28.85858052], [-69.74150258, -28.85813794], [-69.74154541, -28.85770964], [-69.74174611, -28.85744666], [-69.7422144, -28.85669305], [-69.74288392, -28.85564526], [-69.74304632, -28.85507579], [-69.74324856, -28.85335679], [-69.74340917, -28.85316049], [-69.74356979, -28.85296418], [-69.74362574, -28.85288189], [-69.74439363, -28.85191327], [-69.74455781, -28.85142786], [-69.74460485, -28.85100113], [-69.74442639, -28.84982329], [-69.74404385, -28.84933632], [-69.74382256, -28.849165], [-69.74303602, -28.84892668], [-69.74290004, -28.84886064], [-69.74228067, -28.84880808], [-69.74179526, -28.848701], [-69.7412456, -28.84857965], [-69.74076733, -28.8484583], [-69.73987878, -28.84814133], [-69.73957229, -28.84807439], [-69.73918975, -28.84800144], [-69.73891135, -28.84783012], [-69.73842945, -28.8474275], [-69.73804591, -28.8472104], [-69.73766927, -28.84681647], [-69.73722669, -28.84655235], [-69.73641985, -28.84626818], [-69.7351108, -28.84550457], [-69.73387046, -28.84513166], [-69.73284729, -28.84513166], [-69.73177653, -28.8453934], [-69.73044404, -28.84544099], [-69.72942087, -28.84577411], [-69.72849288, -28.84613103], [-69.72761248, -28.84598826], [-69.72713659, -28.84544099], [-69.72689864, -28.8444892], [-69.72630377, -28.84310911], [-69.72513784, -28.84208595], [-69.72418605, -28.84132452], [-69.72382466, -28.84005965], [-69.72371016, -28.8396589], [-69.72342463, -28.83825501], [-69.72335324, -28.83723185], [-69.72273458, -28.83499515], [-69.72252043, -28.83371024], [-69.72249664, -28.8325919], [-69.72206833, -28.83137837], [-69.72117921, -28.83068719], [-69.71999369, -28.83009001], [-69.71920741, -28.8296373], [-69.71843142, -28.82942911], [-69.71762158, -28.82887851], [-69.71730473, -28.82848965], [-69.71636849, -28.82749301], [-69.71549265, -28.82664738], [-69.71501925, -28.82630652], [-69.71464305, -28.82578851], [-69.71432517, -28.82542511], [-69.71423336, -28.82505784], [-69.71425855, -28.82404503], [-69.71423951, -28.82357865], [-69.7140406, -28.82315748], [-69.71399488, -28.82295679], [-69.71383159, -28.82266081], [-69.71328796, -28.82172457], [-69.71301615, -28.82099974], [-69.71307655, -28.82033531], [-69.71298595, -28.81970109], [-69.71267048, -28.81933633], [-69.71194683, -28.81838982], [-69.71186487, -28.81817127], [-69.71159355, -28.81749675], [-69.71151088, -28.81698743], [-69.71094509, -28.81620893], [-69.71084108, -28.81613831], [-69.71073326, -28.81607366], [-69.71062196, -28.8160152], [-69.71050754, -28.81596311], [-69.71039037, -28.81591755], [-69.71027081, -28.81587868], [-69.71014925, -28.81584661], [-69.71008401, -28.81583327], [-69.71002608, -28.81582144], [-69.70990168, -28.81580326], [-69.70978462, -28.81574473], [-69.70898985, -28.815248], [-69.70890734, -28.8151755], [-69.70882903, -28.81509849], [-69.70875515, -28.81501721], [-69.70868595, -28.81493192], [-69.70861803, -28.81483757], [-69.70855583, -28.81473936], [-69.70849957, -28.81463763], [-69.70844996, -28.81453393], [-69.70840652, -28.81442749], [-69.7083694, -28.8143187], [-69.70833873, -28.81420791], [-69.70816713, -28.81380383], [-69.70819568, -28.81316613], [-69.70831941, -28.81285204], [-69.70851929, -28.81216676], [-69.70855736, -28.81170038], [-69.70859543, -28.81124353], [-69.70868435, -28.81075778], [-69.70876976, -28.80983126], [-69.70855105, -28.80853035], [-69.70850429, -28.80841023], [-69.70847022, -28.80829475], [-69.70844184, -28.80817775], [-69.70841919, -28.80805951], [-69.70840235, -28.8079403], [-69.70839134, -28.80782041], [-69.70831883, -28.80705454], [-69.70829827, -28.80700994], [-69.70825582, -28.80693392], [-69.70820732, -28.806861], [-69.7081533, -28.80679208], [-69.70809408, -28.80672757], [-69.70803002, -28.80666787], [-69.7079615, -28.80661332], [-69.70788896, -28.80656427], [-69.70781282, -28.80652102], [-69.70773354, -28.80648382], [-69.70765161, -28.80645289], [-69.70756752, -28.80642844], [-69.70700434, -28.80648855], [-69.70685828, -28.80648434], [-69.70646248, -28.80647294], [-69.70579805, -28.80629174], [-69.70531483, -28.80562731], [-69.70498262, -28.80444946], [-69.70489299, -28.80387671], [-69.7049501, -28.8033342], [-69.70510238, -28.80304866], [-69.70540544, -28.80239578], [-69.70579805, -28.80142934], [-69.70591886, -28.80031189], [-69.70596416, -28.79954176], [-69.70600946, -28.79877163], [-69.70602384, -28.7987469], [-69.70603711, -28.79872408], [-69.70603417, -28.79861223], [-69.70603484, -28.79859437], [-69.70603833, -28.79850041], [-69.70604956, -28.79838908], [-69.70606782, -28.79827869], [-69.70609239, -28.7981724], [-69.70609303, -28.79816967], [-69.70612509, -28.79806247], [-69.70616387, -28.79795752], [-69.70620923, -28.79785523], [-69.70626097, -28.79775602], [-69.70631888, -28.79766028], [-69.70638275, -28.79756841], [-69.7064523, -28.79748076], [-69.70652727, -28.79739769], [-69.70654496, -28.79738042], [-69.70660734, -28.79731954], [-69.70728168, -28.7969336], [-69.70738963, -28.79690415], [-69.70779593, -28.79655749], [-69.70811002, -28.79630051], [-69.70833082, -28.79584803], [-69.70832151, -28.79577459], [-69.70830533, -28.79570237], [-69.70828241, -28.79563199], [-69.70825296, -28.79556408], [-69.70821723, -28.79549925], [-69.70817556, -28.79543808], [-69.70784552, -28.79502748], [-69.70761509, -28.79479669], [-69.70751992, -28.79456826], [-69.70757609, -28.79403944], [-69.70760013, -28.79381316], [-69.70762176, -28.79370972], [-69.70764979, -28.79360784], [-69.70768413, -28.7935079], [-69.70772463, -28.7934103], [-69.70773495, -28.79338923], [-69.70777113, -28.79331541], [-69.70782346, -28.7932236], [-69.70783478, -28.79309912], [-69.70805291, -28.79257903], [-69.70830476, -28.79173474], [-69.70854637, -28.79070789], [-69.7085646, -28.79050736], [-69.7085846, -28.79028737], [-69.70861121, -28.79017868], [-69.7086188, -28.7901477], [-69.70864646, -28.79000658], [-69.70866752, -28.78986433], [-69.70868195, -28.78972125], [-69.70868969, -28.78957766], [-69.70869075, -28.78943386], [-69.70868511, -28.78929017], [-69.70867279, -28.7891469], [-69.70865381, -28.78900435], [-69.70862822, -28.78886285], [-69.70859607, -28.78872268], [-69.70855743, -28.78858417], [-69.70853164, -28.78850596], [-69.70851239, -28.7884476], [-69.70846104, -28.78831328], [-69.70842681, -28.78821427], [-69.70839694, -28.78811385], [-69.70836672, -28.78799081], [-69.70834305, -28.78786635], [-69.70832599, -28.78774082], [-69.70831559, -28.78761455], [-69.70831187, -28.78748792], [-69.70831486, -28.78736126], [-69.708318, -28.78732023], [-69.70832453, -28.78723494], [-69.70834086, -28.7871093], [-69.70836382, -28.78698471], [-69.70821415, -28.78641932], [-69.70776457, -28.78562594], [-69.70743426, -28.78543113], [-69.70727245, -28.7851456], [-69.70700595, -28.78475537], [-69.70686318, -28.78456501], [-69.70667389, -28.78415422], [-69.70659434, -28.78360874], [-69.70662029, -28.78333103], [-69.70662768, -28.783222], [-69.70663916, -28.78305276], [-69.70665093, -28.78277409], [-69.7066556, -28.78249521], [-69.70665438, -28.78235576], [-69.70665317, -28.78221631], [-69.70664363, -28.78193756], [-69.70662699, -28.78165914], [-69.70662447, -28.78162971], [-69.70661823, -28.78155656], [-69.70660326, -28.78138123], [-69.70661349, -28.7812851], [-69.70591886, -28.77977504], [-69.70504302, -28.7786576], [-69.70431819, -28.77817438], [-69.70317055, -28.77796297], [-69.7020229, -28.77790257], [-69.70153968, -28.77790257], [-69.70126787, -28.77802337], [-69.70087525, -28.77832538], [-69.70051284, -28.7788388], [-69.70020763, -28.77944922], [-69.70014882, -28.77956683], [-69.70009002, -28.77968444], [-69.69951619, -28.77980524], [-69.69940394, -28.77976132], [-69.69929169, -28.77971739], [-69.69882157, -28.77953343], [-69.69818734, -28.77923142], [-69.6972209, -28.77847639], [-69.69676788, -28.77754015], [-69.69631486, -28.77663411], [-69.69559003, -28.77587908], [-69.6948954, -28.77530526], [-69.69438198, -28.77439922], [-69.69341554, -28.77297976], [-69.69308333, -28.77207373], [-69.69290212, -28.77089588], [-69.69290051, -28.77043101], [-69.6929481, -28.77009789], [-69.69311942, -28.76987898], [-69.69335736, -28.76975524], [-69.69367145, -28.76971717], [-69.69392843, -28.76966958], [-69.69420445, -28.7695173], [-69.69467068, -28.76918084], [-69.69470767, -28.76910358], [-69.69473935, -28.76902399], [-69.69476558, -28.76894244], [-69.69478623, -28.76885931], [-69.69480122, -28.76877497], [-69.69481048, -28.76868981], [-69.69481395, -28.76860422], [-69.69478957, -28.76850814], [-69.69478192, -28.76846668], [-69.69477159, -28.76841066], [-69.69476009, -28.76831221], [-69.69475512, -28.76821321], [-69.6947567, -28.7681141], [-69.69476482, -28.76801531], [-69.69477946, -28.76791727], [-69.69480054, -28.76782041], [-69.69482797, -28.76772516], [-69.69486164, -28.76763193], [-69.69490139, -28.76754112], [-69.69494705, -28.76745314], [-69.69499843, -28.76736837], [-69.69505529, -28.76728718], [-69.6951174, -28.76720992], [-69.69551843, -28.76653346], [-69.69566142, -28.76597582], [-69.69659766, -28.76371072], [-69.69674866, -28.76223086], [-69.69674866, -28.76104155], [-69.69659533, -28.76049122], [-69.69654082, -28.76040804], [-69.69650091, -28.7603374], [-69.6964919, -28.76032145], [-69.69644879, -28.76023183], [-69.69641167, -28.76013956], [-69.6963807, -28.76004505], [-69.69635603, -28.75994871], [-69.69633775, -28.75985095], [-69.69632595, -28.7597522], [-69.69632067, -28.75965288], [-69.69632194, -28.75955344], [-69.69632976, -28.75945429], [-69.69634409, -28.75935587], [-69.69636487, -28.75925861], [-69.696392, -28.75916293], [-69.69642538, -28.75906925], [-69.69646485, -28.75897796], [-69.69651024, -28.75888947], [-69.69655222, -28.75881941], [-69.69656136, -28.75880416], [-69.69661799, -28.7587224], [-69.69686303, -28.75832576], [-69.69692987, -28.75800269], [-69.69693456, -28.75798886], [-69.6970536, -28.75763769], [-69.69780562, -28.75587245], [-69.69871174, -28.75471075], [-69.69967818, -28.75256646], [-69.70034261, -28.75156982], [-69.70054379, -28.75136864], [-69.70074497, -28.75116746], [-69.70136945, -28.75054298], [-69.70187088, -28.75023854], [-69.70196358, -28.75012681], [-69.7020615, -28.75001962], [-69.70206882, -28.75001234], [-69.70216441, -28.74991722], [-69.70227209, -28.74981983], [-69.70238427, -28.74972769], [-69.70250072, -28.74964098], [-69.70262117, -28.74955993], [-69.70274534, -28.7494847], [-69.70287295, -28.74941547], [-69.70300371, -28.74935239], [-69.70313733, -28.74929562], [-69.7032735, -28.74924527], [-69.70341192, -28.74920146], [-69.70355226, -28.7491643], [-69.70369421, -28.74913386], [-69.70383746, -28.74911022], [-69.70398166, -28.74909342], [-69.7041265, -28.74908351], [-69.70427165, -28.74908051], [-69.70441678, -28.74908443], [-69.70456156, -28.74909525], [-69.70470565, -28.74911295], [-69.70484875, -28.7491375], [-69.70565442, -28.74915863], [-69.70606369, -28.74913008], [-69.70641184, -28.74911995], [-69.70650764, -28.74906938], [-69.70660008, -28.74901289], [-69.70668879, -28.74895073], [-69.70677343, -28.74888312], [-69.70685367, -28.74881034], [-69.70692428, -28.74873802], [-69.70699053, -28.74866169], [-69.70702257, -28.7486201], [-69.7070522, -28.74858162], [-69.70710909, -28.74849808], [-69.70716099, -28.74841135], [-69.70716484, -28.74840405], [-69.70719976, -28.74833793], [-69.70723496, -28.74826274], [-69.70732514, -28.74808158], [-69.70789326, -28.7474864], [-69.70816245, -28.74733482], [-69.70841667, -28.74719167], [-69.70907681, -28.74696413], [-69.70992245, -28.74666212], [-69.71097949, -28.74657152], [-69.71200633, -28.7461789], [-69.71201078, -28.7461759], [-69.71201522, -28.7461729], [-69.71321438, -28.74536347], [-69.71331306, -28.7452392], [-69.71341174, -28.74511494], [-69.71402981, -28.74433662], [-69.71505666, -28.74358159], [-69.71632511, -28.74346079], [-69.71714054, -28.743642], [-69.71745161, -28.74373828], [-69.71753179, -28.74379635], [-69.71753268, -28.74379699], [-69.71761759, -28.74384998], [-69.71770595, -28.743897], [-69.71779733, -28.74393782], [-69.71789131, -28.74397226], [-69.71798744, -28.74400014], [-69.71802954, -28.74400927], [-69.71808526, -28.74402134], [-69.7181843, -28.74403576], [-69.71828411, -28.74404333], [-69.7183842, -28.744044], [-69.71848409, -28.74403778], [-69.71858332, -28.7440247], [-69.71868142, -28.74400483], [-69.71877791, -28.74397824], [-69.71887235, -28.74394508], [-69.71896428, -28.74390549], [-69.71905326, -28.74385967], [-69.71913888, -28.74380783], [-69.71922073, -28.74375022], [-69.71929842, -28.74368711], [-69.71937157, -28.7436188], [-69.71943986, -28.74354562], [-69.71950294, -28.74346791], [-69.71956052, -28.74338604], [-69.71961233, -28.74330041], [-69.71965812, -28.74321141], [-69.71969768, -28.74311947], [-69.71973081, -28.74302502], [-69.71975737, -28.74292852], [-69.71977721, -28.74283041], [-69.71979026, -28.74273118], [-69.7197943, -28.74266589], [-69.71979644, -28.74263128], [-69.71979573, -28.74253119], [-69.71991224, -28.74209693], [-69.71991565, -28.74208423], [-69.71991906, -28.74207153], [-69.72030869, -28.74126443], [-69.72034187, -28.74119569], [-69.72145932, -28.74065207], [-69.72293918, -28.74001785], [-69.72508347, -28.73917221], [-69.72614051, -28.7389004], [-69.72743917, -28.73874939], [-69.72758585, -28.73869272], [-69.72773254, -28.73863604], [-69.7284985, -28.7383401], [-69.72873592, -28.73818053], [-69.72910639, -28.73773722], [-69.72924915, -28.73745168], [-69.72929674, -28.73716615], [-69.7293253, -28.73687109], [-69.72928722, -28.73652845], [-69.72924915, -28.73633809], [-69.72913758, -28.73611812], [-69.72891087, -28.7358424], [-69.72864722, -28.73563867], [-69.7283152, -28.73531942], [-69.72789762, -28.73508174], [-69.72768823, -28.73472006], [-69.7276216, -28.73451067], [-69.72754546, -28.73423465], [-69.72755997, -28.7339474], [-69.72757565, -28.73339876], [-69.72741221, -28.73283553], [-69.72722185, -28.73243578], [-69.72668885, -28.73165531], [-69.72582038, -28.73072539], [-69.72535528, -28.73040561], [-69.72481384, -28.73016101], [-69.72425229, -28.72965657], [-69.72409048, -28.72941862], [-69.72381446, -28.72873334], [-69.72382398, -28.72800998], [-69.72409961, -28.72759099], [-69.72450422, -28.72683032], [-69.72477908, -28.72641929], [-69.72499468, -28.72609689], [-69.72535636, -28.72584943], [-69.72595052, -28.72534616], [-69.72620092, -28.72505999], [-69.72689554, -28.72421436], [-69.72837541, -28.72376134], [-69.72857689, -28.72368672], [-69.72859413, -28.72368033], [-69.7288301, -28.72359293], [-69.73000627, -28.72315731], [-69.73039889, -28.72267409], [-69.73051277, -28.72234281], [-69.7305531, -28.72161399], [-69.73083432, -28.72062208], [-69.7306405, -28.72001638], [-69.73035954, -28.71958669], [-69.73024331, -28.71940892], [-69.73012708, -28.71923115], [-69.72937205, -28.71850632], [-69.72900963, -28.71781169], [-69.72876802, -28.71681505], [-69.72846601, -28.71569761], [-69.72804319, -28.71412714], [-69.72725796, -28.71300969], [-69.72711581, -28.71225157], [-69.72713752, -28.71211978], [-69.72715226, -28.71198702], [-69.7271561, -28.71192062], [-69.72715998, -28.71185368], [-69.72716067, -28.71172011], [-69.72715432, -28.71158669], [-69.72714095, -28.71145379], [-69.7271206, -28.71132178], [-69.72709333, -28.71119103], [-69.72705921, -28.71106189], [-69.72701833, -28.71093473], [-69.72697081, -28.7108099], [-69.72691678, -28.71068775], [-69.7268564, -28.71056861], [-69.72678982, -28.71045281], [-69.72671723, -28.71034069], [-69.72663884, -28.71023254], [-69.72655487, -28.71012867], [-69.72646553, -28.71002937], [-69.7263711, -28.70993492], [-69.72632278, -28.70989143], [-69.72627181, -28.70984557], [-69.72616796, -28.70976157], [-69.72611031, -28.70965736], [-69.72541155, -28.7089402], [-69.72534933, -28.70886854], [-69.72529252, -28.70879253], [-69.72524143, -28.70871256], [-69.72519632, -28.70862907], [-69.72515744, -28.7085425], [-69.72512499, -28.70845333], [-69.72509915, -28.70836202], [-69.72508006, -28.70826906], [-69.72506782, -28.70817496], [-69.72506249, -28.70808021], [-69.72506403, -28.70798682], [-69.72506474, -28.70797878], [-69.72507229, -28.70789377], [-69.72508722, -28.70780157], [-69.72510875, -28.70771068], [-69.72513677, -28.70762158], [-69.72517113, -28.70753472], [-69.72521166, -28.70745056], [-69.72525814, -28.70736954], [-69.72531033, -28.70729208], [-69.72536796, -28.70721857], [-69.72543074, -28.7071494], [-69.72549833, -28.70708493], [-69.72557038, -28.7070255], [-69.72564653, -28.7069714], [-69.72572638, -28.70692293], [-69.7258095, -28.70688033], [-69.7258687, -28.70681844], [-69.72686534, -28.70642582], [-69.72840561, -28.70645602], [-69.7292437, -28.70656416], [-69.72929277, -28.7065705], [-69.72934185, -28.70657683], [-69.7297961, -28.70648331], [-69.72989144, -28.70646766], [-69.7299855, -28.70644554], [-69.73007783, -28.70641706], [-69.730168, -28.70638234], [-69.73025559, -28.70634154], [-69.73034019, -28.70629487], [-69.7304214, -28.70624253], [-69.73049886, -28.70618477], [-69.73057219, -28.70612185], [-69.73064106, -28.70605408], [-69.73070514, -28.70598177], [-69.73076414, -28.70590525], [-69.73081778, -28.70582488], [-69.7308658, -28.70574104], [-69.730908, -28.70565412], [-69.73094416, -28.70556452], [-69.73097412, -28.70547266], [-69.73099775, -28.70537897], [-69.73101492, -28.70528389], [-69.73102557, -28.70518785], [-69.73102963, -28.70509132], [-69.7310271, -28.70499473], [-69.73101798, -28.70489854], [-69.73099601, -28.70483139], [-69.7309822, -28.70477897], [-69.730978, -28.70476307], [-69.73096402, -28.70469382], [-69.73095411, -28.70462386], [-69.73094744, -28.70453436], [-69.73094744, -28.70444462], [-69.7309541, -28.70435512], [-69.73096738, -28.70426636], [-69.73098721, -28.70417883], [-69.73101349, -28.70409302], [-69.73104607, -28.7040094], [-69.73108476, -28.70392842], [-69.73112936, -28.70385054], [-69.73117961, -28.70377618], [-69.73123525, -28.70370576], [-69.73129596, -28.70363967], [-69.7319321, -28.70300353], [-69.7323086, -28.70226988], [-69.7323504, -28.70219475], [-69.73238706, -28.702117], [-69.73239252, -28.70210416], [-69.73242394, -28.70202111], [-69.73244954, -28.70193608], [-69.7324692, -28.70184949], [-69.73248282, -28.70176174], [-69.73249034, -28.70167326], [-69.73249173, -28.70158448], [-69.73248697, -28.70149581], [-69.7324761, -28.70140768], [-69.7324668, -28.701356], [-69.73245541, -28.70130474], [-69.73243177, -28.70122042], [-69.73240243, -28.70113791], [-69.73236753, -28.7010576], [-69.73232723, -28.70097985], [-69.73228173, -28.70090502], [-69.73223123, -28.70083348], [-69.73217597, -28.70076555], [-69.73214508, -28.70073247], [-69.7321162, -28.70070154], [-69.73210371, -28.70067368], [-69.73202377, -28.70056468], [-69.73194892, -28.70045212], [-69.73187933, -28.70033624], [-69.73181514, -28.70021728], [-69.7317565, -28.70009549], [-69.73170352, -28.69997113], [-69.73165632, -28.69984447], [-69.73161499, -28.69971577], [-69.73157963, -28.6995853], [-69.7315503, -28.69945335], [-69.73152708, -28.69932019], [-69.73152234, -28.69928297], [-69.73151001, -28.69918609], [-69.73148613, -28.69911712], [-69.73117224, -28.69788569], [-69.7305531, -28.69705795], [-69.72999155, -28.69629652], [-69.7293824, -28.69547799], [-69.72877326, -28.69445958], [-69.72820219, -28.69322226], [-69.72806787, -28.69269039], [-69.72788505, -28.69196649], [-69.72786198, -28.69072118], [-69.72798279, -28.68966413], [-69.72882087, -28.68844948], [-69.72989113, -28.6872603], [-69.73039997, -28.686514], [-69.73052779, -28.68632654], [-69.7306556, -28.68613908], [-69.73118223, -28.68530666], [-69.7313796, -28.68424932], [-69.73139984, -28.68414093], [-69.73142007, -28.68403254], [-69.73126145, -28.68359898], [-69.73116525, -28.68333603], [-69.73055367, -28.68248662], [-69.73006101, -28.6816542], [-69.73004402, -28.6813569], [-69.73002704, -28.68105961], [-69.730078, -28.68046502], [-69.73011198, -28.68022719], [-69.73014595, -28.67998935], [-69.73028186, -28.67949669], [-69.73024788, -28.67881717], [-69.73019692, -28.67855385], [-69.73014595, -28.67829053], [-69.72985715, -28.67766197], [-69.72924558, -28.67720329], [-69.72775062, -28.67662569], [-69.72753494, -28.67642961], [-69.72747732, -28.67637723], [-69.72737688, -28.67628592], [-69.72735734, -28.67616088], [-69.72743125, -28.67569991], [-69.72760257, -28.67533823], [-69.72765016, -28.67510028], [-69.72758074, -28.6744512], [-69.72735989, -28.67365275], [-69.72719001, -28.67270141], [-69.72704712, -28.67198699], [-69.72700314, -28.67176706], [-69.72574926, -28.66899138], [-69.72560547, -28.66871105], [-69.72522222, -28.66796389], [-69.72437108, -28.66697817], [-69.72427275, -28.66684012], [-69.72284507, -28.66535296], [-69.72195486, -28.66373611], [-69.72128862, -28.66272722], [-69.72124914, -28.66242763], [-69.72120967, -28.66212805], [-69.72103332, -28.66114044], [-69.7196742, -28.65998595], [-69.7188176, -28.65919597], [-69.71822749, -28.65870104], [-69.71782198, -28.65808241], [-69.71776421, -28.65799561], [-69.71771209, -28.65790531], [-69.71766583, -28.65781187], [-69.71762562, -28.65771567], [-69.71759163, -28.6576171], [-69.71756398, -28.65751657], [-69.71754279, -28.65741448], [-69.71752816, -28.65731125], [-69.71752013, -28.6572073], [-69.71751874, -28.65710304], [-69.717524, -28.65699891], [-69.7175352, -28.65692722], [-69.71753645, -28.65691919], [-69.71754518, -28.65683897], [-69.71755036, -28.65675334], [-69.71755131, -28.65666756], [-69.71754801, -28.65658183], [-69.71754047, -28.65649638], [-69.71752962, -28.65641692], [-69.7175151, -28.65633806], [-69.71749534, -28.65625369], [-69.71747139, -28.65617041], [-69.71744331, -28.65608843], [-69.71741117, -28.65600796], [-69.71736536, -28.65590969], [-69.71731351, -28.65581447], [-69.7172558, -28.65572267], [-69.71719247, -28.65563466], [-69.71712377, -28.65555078], [-69.71704997, -28.65547135], [-69.71697134, -28.65539669], [-69.7168882, -28.65532709], [-69.71537214, -28.65469165], [-69.71352805, -28.65346622], [-69.71151741, -28.65153886], [-69.7106965, -28.65055139], [-69.7098161, -28.64969478], [-69.70922123, -28.64839797], [-69.70853119, -28.64647061], [-69.70818616, -28.64569728], [-69.70734146, -28.64486447], [-69.70649675, -28.64438858], [-69.70541409, -28.64367474], [-69.70471215, -28.64321075], [-69.70422987, -28.64272499], [-69.70408038, -28.64257442], [-69.70377936, -28.64218978], [-69.70252305, -28.64092647], [-69.70179731, -28.6403316], [-69.70148798, -28.63986761], [-69.70123814, -28.63921325], [-69.70122594, -28.63871359], [-69.7009764, -28.63760712], [-69.7009645, -28.63705984], [-69.7012904, -28.63678824], [-69.70139228, -28.63665858], [-69.7014374, -28.63661574], [-69.70180921, -28.63626272], [-69.70195198, -28.6359058], [-69.70209803, -28.63539043], [-69.70251115, -28.63520386], [-69.70290376, -28.6350373], [-69.70330827, -28.63475176], [-69.70365329, -28.63453761], [-69.70376656, -28.63411869], [-69.70376353, -28.63410937], [-69.7035938, -28.63358583], [-69.70337797, -28.63332763], [-69.70263012, -28.63297907], [-69.70221372, -28.63265784], [-69.70202229, -28.6325911], [-69.70066434, -28.63193616], [-69.70039947, -28.63165344], [-69.69976987, -28.63107859], [-69.69894196, -28.63051632], [-69.69865642, -28.63012371], [-69.69835899, -28.62945746], [-69.6983352, -28.62892208], [-69.69851409, -28.6284272], [-69.69855814, -28.62798674], [-69.69857938, -28.62777434], [-69.69860062, -28.62756194], [-69.69861631, -28.62691869], [-69.69863589, -28.62611581], [-69.69912969, -28.62502239], [-69.69915363, -28.62496553], [-69.69917758, -28.62490867], [-69.69941187, -28.62435223], [-69.70066707, -28.62346122], [-69.70110727, -28.62331845], [-69.70159506, -28.6231162], [-69.70210664, -28.62294964], [-69.70262158, -28.62255339], [-69.70300956, -28.62174214], [-69.7032419, -28.62085927], [-69.7032979, -28.62079471], [-69.70330204, -28.62078907], [-69.70334845, -28.62072578], [-69.7033932, -28.62065297], [-69.70343186, -28.62057674], [-69.70352103, -28.62024816], [-69.70312981, -28.61971357], [-69.70271761, -28.61906081], [-69.70229146, -28.61852186], [-69.7014285, -28.61792897], [-69.70077414, -28.61676304], [-69.70036964, -28.61595402], [-69.69995323, -28.61546623], [-69.69951303, -28.61484757], [-69.69828318, -28.6142293], [-69.69747193, -28.61329788], [-69.69739994, -28.61323112], [-69.69738247, -28.61321492], [-69.69729795, -28.61312692], [-69.69721867, -28.61303418], [-69.69714489, -28.612937], [-69.69707685, -28.61283572], [-69.69701479, -28.61273067], [-69.69695891, -28.61262221], [-69.6969094, -28.6125107], [-69.69686643, -28.6123965], [-69.69683013, -28.61228001], [-69.69680064, -28.61216162], [-69.69677805, -28.61204172], [-69.69676243, -28.61192071], [-69.69675384, -28.611799], [-69.69675231, -28.611677], [-69.69675785, -28.61155512], [-69.69677042, -28.61143375], [-69.69678709, -28.61133123], [-69.69679, -28.61131332], [-69.69681651, -28.61119423], [-69.69684987, -28.61107687], [-69.69673123, -28.61031416], [-69.69656466, -28.60964791], [-69.69586056, -28.60860149], [-69.6952419, -28.60774488], [-69.69488498, -28.60732848], [-69.69451616, -28.60717381], [-69.69327462, -28.60625794], [-69.69280622, -28.60585064], [-69.69176788, -28.60538922], [-69.69089938, -28.60517506], [-69.68973344, -28.6049966], [-69.688627, -28.60477056], [-69.6877228, -28.60429466], [-69.6872707, -28.60380687], [-69.68715872, -28.60358913], [-69.68708389, -28.60298945], [-69.68710077, -28.60274201], [-69.68712266, -28.60242086], [-69.68714318, -28.60231832], [-69.68717011, -28.60221728], [-69.68720336, -28.60211814], [-69.68724279, -28.60202128], [-69.68728825, -28.60192711], [-69.68733955, -28.60183599], [-69.68739649, -28.60174828], [-69.68745884, -28.60166433], [-69.68752637, -28.60158448], [-69.68793695, -28.60142741], [-69.68825818, -28.60140362], [-69.688627, -28.60134413], [-69.68910289, -28.60136793], [-69.68963827, -28.60134413], [-69.69057815, -28.60093962], [-69.69119681, -28.60048753], [-69.69164891, -28.60028527], [-69.69229556, -28.60004872], [-69.69249865, -28.60001488], [-69.69373315, -28.60001488], [-69.69390879, -28.59996697], [-69.69408443, -28.59991907], [-69.69489711, -28.59969743], [-69.69539091, -28.59892146], [-69.69546145, -28.59811021], [-69.69521455, -28.59719315], [-69.69496765, -28.59645245], [-69.69479129, -28.59622319], [-69.69461494, -28.59599392], [-69.69394478, -28.59497105], [-69.69338043, -28.59444197], [-69.69289791, -28.5940077], [-69.69148235, -28.59334914], [-69.69064954, -28.59303981], [-69.68915048, -28.59252823], [-69.68837188, -28.59211405], [-69.68752536, -28.59151444], [-69.68607923, -28.59077373], [-69.68551488, -28.58999776], [-69.6850697, -28.58932785], [-69.68472468, -28.58885196], [-69.68443914, -28.58859022], [-69.68372531, -28.58835227], [-69.68318993, -28.58805484], [-69.68269024, -28.58773361], [-69.68234522, -28.58748377], [-69.68191692, -28.58738859], [-69.6815243, -28.58741239], [-69.68123877, -28.58755515], [-69.68064741, -28.58816364], [-69.6800096, -28.58877692], [-69.67973035, -28.58904543], [-69.67957776, -28.5891608], [-69.67946879, -28.5892432], [-69.67945951, -28.58925021], [-69.67879084, -28.58975579], [-69.67825255, -28.59048189], [-69.67775286, -28.59086261], [-69.67724127, -28.59094589], [-69.67651554, -28.59080312], [-69.67593257, -28.59064845], [-69.67540909, -28.59038671], [-69.67465956, -28.59013687], [-69.67414798, -28.58982754], [-69.6736007, -28.58963718], [-69.67299394, -28.58945872], [-69.67247046, -28.58923267], [-69.67161179, -28.58900448], [-69.67144154, -28.58901016], [-69.67117365, -28.58901016], [-69.67037653, -28.58920888], [-69.66974597, -28.58937544], [-69.669163, -28.58949442], [-69.66887747, -28.58947062], [-69.66853245, -28.58942303], [-69.66838968, -28.58931596], [-69.66792568, -28.58875678], [-69.66762825, -28.5882452], [-69.66755687, -28.58788828], [-69.66759256, -28.58751946], [-69.66785748, -28.58708699], [-69.66790299, -28.58699602], [-69.66793368, -28.58694383], [-69.66877039, -28.58644871], [-69.66928998, -28.58581808], [-69.66928998, -28.5851832], [-69.66890199, -28.58465412], [-69.66809225, -28.58417632], [-69.66711048, -28.58387274], [-69.66689151, -28.58384288], [-69.66656431, -28.58380903], [-69.66535744, -28.58386508], [-69.66436617, -28.58380761], [-69.66406645, -28.58379023], [-69.66334746, -28.58374855], [-69.66261949, -28.58341489], [-69.66233395, -28.58301038], [-69.66239769, -28.58257243], [-69.66239285, -28.58247339], [-69.66239477, -28.58237459], [-69.66239478, -28.58237425], [-69.66264328, -28.58195152], [-69.66282174, -28.58171358], [-69.66325004, -28.58127338], [-69.66535587, -28.58008365], [-69.66583176, -28.57977432], [-69.66617678, -28.57963155], [-69.66665267, -28.5794293], [-69.66676723, -28.57931802], [-69.66805655, -28.57828715], [-69.66847873, -28.57759982], [-69.66879617, -28.57671803], [-69.669483, -28.57517267], [-69.6695016, -28.57513081], [-69.67034812, -28.57368468], [-69.67059538, -28.5732873], [-69.67067768, -28.57321796], [-69.67073231, -28.57316632], [-69.67075589, -28.57314403], [-69.67082975, -28.57306576], [-69.67089903, -28.57298341], [-69.67106657, -28.57238609], [-69.67117365, -28.57185071], [-69.67108928, -28.57112098], [-69.67037653, -28.56955453], [-69.66981736, -28.56849567], [-69.66960464, -28.56756565], [-69.66930577, -28.56681815], [-69.66920186, -28.56581174], [-69.66918871, -28.56568434], [-69.66910442, -28.56534237], [-69.66909093, -28.56500503], [-69.66898449, -28.56480738], [-69.66881798, -28.56449818], [-69.66869901, -28.56418885], [-69.66840158, -28.56401039], [-69.66817553, -28.56382003], [-69.66797327, -28.56359398], [-69.6678781, -28.56332034], [-69.66798435, -28.56276146], [-69.66800087, -28.56267224], [-69.66802419, -28.56258456], [-69.66805417, -28.56249893], [-69.66809064, -28.56241585], [-69.66813338, -28.56233581], [-69.66818214, -28.56225929], [-69.66823663, -28.56218675], [-69.66825455, -28.56216635], [-69.66829652, -28.5621186], [-69.66832196, -28.56206505], [-69.66892506, -28.56161903], [-69.66912731, -28.56141678], [-69.66937716, -28.56100037], [-69.66963456, -28.56026038], [-69.6696224, -28.56003057], [-69.66961701, -28.55980051], [-69.66961822, -28.55959747], [-69.66961839, -28.55957039], [-69.66962652, -28.5593404], [-69.66964142, -28.55911076], [-69.66966306, -28.55888165], [-69.66968054, -28.55874093], [-69.66969142, -28.55865328], [-69.66972649, -28.55842584], [-69.66967796, -28.55760086], [-69.66964893, -28.55693312], [-69.66987331, -28.55623229], [-69.66991411, -28.55615881], [-69.66994918, -28.55608244], [-69.66997833, -28.55600362], [-69.67000137, -28.5559228], [-69.6700185, -28.55583853], [-69.67002899, -28.55575317], [-69.67003279, -28.55566726], [-69.67003009, -28.55558444], [-69.67002117, -28.55550205], [-69.67000607, -28.55542057], [-69.66998489, -28.55534046], [-69.66995774, -28.55526216], [-69.66992477, -28.55518614], [-69.66988618, -28.55511281], [-69.66984218, -28.55504259], [-69.66979302, -28.55497588], [-69.66973898, -28.55491305], [-69.66968036, -28.55485448], [-69.66962062, -28.55480296], [-69.66955733, -28.55475585], [-69.66948783, -28.55471164], [-69.66941522, -28.55467275], [-69.66933991, -28.5546394], [-69.66926231, -28.55461177], [-69.66918286, -28.55459003], [-69.66910201, -28.55457429], [-69.66902725, -28.55456547], [-69.66902021, -28.55456464], [-69.66893792, -28.55456113], [-69.66885559, -28.5545638], [-69.66866474, -28.55450018], [-69.66788999, -28.55444495], [-69.667426, -28.55442116], [-69.6669858, -28.55452824], [-69.66642662, -28.554671], [-69.66597453, -28.55473049], [-69.66567709, -28.55478998], [-69.66540346, -28.55475428], [-69.665225, -28.55474239], [-69.66503464, -28.55463531], [-69.66492756, -28.55438547], [-69.66497669, -28.55389923], [-69.66498284, -28.55383368], [-69.66499585, -28.55376915], [-69.6650156, -28.55370635], [-69.66504186, -28.55364598], [-69.66507433, -28.55358871], [-69.66509129, -28.55356503], [-69.66511266, -28.55353518], [-69.66519848, -28.55319191], [-69.66531949, -28.55281112], [-69.66552243, -28.55217257], [-69.66555119, -28.55118144], [-69.66519848, -28.55015856], [-69.66481049, -28.54938259], [-69.66421087, -28.54864189], [-69.66385816, -28.54811281], [-69.6634349, -28.54761901], [-69.6629411, -28.54698412], [-69.66251784, -28.54610234], [-69.6622004, -28.54518528], [-69.6619535, -28.54451512], [-69.66149497, -28.54289263], [-69.66103644, -28.54215192], [-69.6605927, -28.54126445], [-69.66007173, -28.54032706], [-69.66000094, -28.5401997], [-69.65976497, -28.53994489], [-69.65916927, -28.53982317], [-69.65868148, -28.53984696], [-69.65777728, -28.53985886], [-69.65736088, -28.53985886], [-69.65703965, -28.53991835], [-69.65669463, -28.54002542], [-69.65626276, -28.54017424], [-69.65612356, -28.54046562], [-69.65580233, -28.54072736], [-69.65557628, -28.54089392], [-69.65519449, -28.54110925], [-69.65507555, -28.54151704], [-69.65498142, -28.54175053], [-69.65469588, -28.54192899], [-69.65446983, -28.54192899], [-69.65426758, -28.5418695], [-69.65400584, -28.54167915], [-69.65377979, -28.54147689], [-69.65175725, -28.53983506], [-69.65136464, -28.53944245], [-69.65050803, -28.53908553], [-69.6501987, -28.5388119], [-69.64990127, -28.53856205], [-69.64978229, -28.53825272], [-69.64984714, -28.53783035], [-69.64984937, -28.53774707], [-69.64985837, -28.53766424], [-69.64987409, -28.53758243], [-69.64989641, -28.53750216], [-69.64992519, -28.53742398], [-69.64996024, -28.53734839], [-69.65000133, -28.53727592], [-69.65004818, -28.53720702], [-69.65010047, -28.53714217], [-69.65015788, -28.53708179], [-69.65022001, -28.53702628], [-69.65028645, -28.53697602], [-69.65035676, -28.53693132], [-69.65043047, -28.5368925], [-69.6505071, -28.53685981], [-69.65058614, -28.53683346], [-69.65066649, -28.53681377], [-69.65066706, -28.53681363], [-69.65074933, -28.53680046], [-69.65083239, -28.53679402], [-69.65088352, -28.53679424], [-69.6509157, -28.53679437], [-69.65154839, -28.53626158], [-69.65177212, -28.53603786], [-69.65182655, -28.53598342], [-69.65188602, -28.5359177], [-69.65194188, -28.53584889], [-69.65199399, -28.53577719], [-69.65204219, -28.53570281], [-69.65208635, -28.53562596], [-69.65213447, -28.53552936], [-69.6521762, -28.53542984], [-69.65210227, -28.53463594], [-69.65187622, -28.53420764], [-69.65178104, -28.53383882], [-69.65139474, -28.53309649], [-69.65134538, -28.53301813], [-69.6513019, -28.53293636], [-69.65126454, -28.53285162], [-69.65123349, -28.53276436], [-69.65120894, -28.53267507], [-69.65119101, -28.53258421], [-69.6511798, -28.53249228], [-69.65117536, -28.53239977], [-69.65117546, -28.5323957], [-69.65117772, -28.53230719], [-69.65118688, -28.53221503], [-69.65120277, -28.53212379], [-69.65122532, -28.53203397], [-69.6512544, -28.53194604], [-69.65128828, -28.53186394], [-69.65132785, -28.53178443], [-69.65137293, -28.5317079], [-69.65142328, -28.53163473], [-69.65147865, -28.53156529], [-69.65153878, -28.53149992], [-69.65159677, -28.53144478], [-69.65165814, -28.53139343], [-69.65172265, -28.53134607], [-69.65179003, -28.53130291], [-69.65186001, -28.5312641], [-69.65193232, -28.53122981], [-69.65246545, -28.53086503], [-69.65309799, -28.53048551], [-69.65313444, -28.53046364], [-69.65317088, -28.53044177], [-69.65369996, -28.52994797], [-69.65532396, -28.5288248], [-69.65631005, -28.52836075], [-69.65754455, -28.52779641], [-69.65767037, -28.52770654], [-69.65779618, -28.52761667], [-69.65853216, -28.52709098], [-69.65864457, -28.52690165], [-69.65875699, -28.52671231], [-69.65920232, -28.52596229], [-69.66004883, -28.52518632], [-69.66107171, -28.52448089], [-69.66216513, -28.52345801], [-69.66220674, -28.52342545], [-69.66224835, -28.52339288], [-69.6624451, -28.5232389], [-69.66372562, -28.52161829], [-69.66387525, -28.52136578], [-69.66400633, -28.5211446], [-69.6640654, -28.52108497], [-69.66418993, -28.52038297], [-69.66396388, -28.51997846], [-69.66374973, -28.51964534], [-69.66352368, -28.51931221], [-69.66325004, -28.51909806], [-69.66290502, -28.51869355], [-69.66275163, -28.51797654], [-69.66272951, -28.51786852], [-69.66271396, -28.51775937], [-69.66270502, -28.51764948], [-69.66270273, -28.51753925], [-69.6627071, -28.51742908], [-69.66271811, -28.51731938], [-69.66273572, -28.51721054], [-69.66274192, -28.51718291], [-69.66275987, -28.51710296], [-69.66279047, -28.51699704], [-69.66282741, -28.51689315], [-69.66287056, -28.51679169], [-69.6634349, -28.51608626], [-69.66352074, -28.51602495], [-69.66360658, -28.51596363], [-69.6641756, -28.51555719], [-69.66473995, -28.51499284], [-69.66484576, -28.51471067], [-69.66495158, -28.5144285], [-69.66523375, -28.51354671], [-69.66523375, -28.51277074], [-69.66526902, -28.51247093], [-69.66459444, -28.51093651], [-69.6638687, -28.50983006], [-69.66359507, -28.5096516], [-69.66315487, -28.50938986], [-69.66263138, -28.50905674], [-69.66194134, -28.50880689], [-69.66057791, -28.50688039], [-69.66031639, -28.50679322], [-69.65935962, -28.50664158], [-69.65891942, -28.50661779], [-69.65850302, -28.50640364], [-69.658158, -28.50618949], [-69.65778918, -28.50585636], [-69.65756313, -28.50547565], [-69.65730139, -28.50502355], [-69.65720621, -28.50467853], [-69.65695637, -28.50442868], [-69.65673032, -28.50410746], [-69.65680429, -28.50367014], [-69.6568205, -28.50357427], [-69.6568397, -28.50350749], [-69.65686479, -28.50344269], [-69.65689557, -28.5033804], [-69.6569318, -28.50332111], [-69.65697319, -28.5032653], [-69.65701941, -28.50321341], [-69.65707008, -28.50316587], [-69.6571248, -28.50312304], [-69.65715657, -28.50307106], [-69.65725631, -28.50293142], [-69.65868148, -28.50185887], [-69.65975224, -28.50116882], [-69.66091967, -28.500375], [-69.66191755, -28.50014565], [-69.66245292, -28.49984822], [-69.66339281, -28.49932474], [-69.66408285, -28.49893213], [-69.66457774, -28.49838825], [-69.66495051, -28.49817797], [-69.66557711, -28.49771706], [-69.6659959, -28.49678431], [-69.66618386, -28.4957035], [-69.66619917, -28.49451641], [-69.66611011, -28.49406221], [-69.66611011, -28.49191117], [-69.66582457, -28.4910165], [-69.66542483, -28.49006471], [-69.66542989, -28.48896497], [-69.66547113, -28.48876562], [-69.66551238, -28.48856626], [-69.66569553, -28.4872576], [-69.66558132, -28.486401], [-69.66513324, -28.48526977], [-69.66508912, -28.48507438], [-69.66512439, -28.48440422], [-69.66526548, -28.48366352], [-69.66519494, -28.48341661], [-69.66512439, -28.48316971], [-69.66503805, -28.48305459], [-69.66480695, -28.48274646], [-69.66478983, -28.48260953], [-69.6647674, -28.48243005], [-69.66473641, -28.48218211], [-69.66508912, -28.48165304], [-69.66524784, -28.48145904], [-69.66540657, -28.48126505], [-69.66600618, -28.48122978], [-69.6666058, -28.48130032], [-69.6666795, -28.48130493], [-69.6669064, -28.48131911], [-69.66717014, -28.48133559], [-69.6683341, -28.48101815], [-69.66847992, -28.48096512], [-69.66862574, -28.4809121], [-69.66911008, -28.48073598], [-69.66921382, -28.48063224], [-69.66931756, -28.48052849], [-69.66967442, -28.48017163], [-69.67016822, -28.47964256], [-69.67037985, -28.4794662], [-69.67059148, -28.47928984], [-69.67136745, -28.47907822], [-69.67196707, -28.47886659], [-69.67288413, -28.47840806], [-69.67337793, -28.47794953], [-69.67364247, -28.47779081], [-69.67390701, -28.47763208], [-69.67435793, -28.47735652], [-69.67444991, -28.47730031], [-69.67454189, -28.4772441], [-69.67454692, -28.47724158], [-69.67510624, -28.47696192], [-69.67530023, -28.47678557], [-69.67549422, -28.47660921], [-69.67588221, -28.47618595], [-69.6762702, -28.47551579], [-69.67664731, -28.47499364], [-69.67672873, -28.4748809], [-69.67684862, -28.4746944], [-69.67693203, -28.47456466], [-69.67704617, -28.4743871], [-69.67753997, -28.47385803], [-69.67810432, -28.47343477], [-69.67865942, -28.47318245], [-69.67876986, -28.47313225], [-69.67888029, -28.47308205], [-69.67958572, -28.47269407], [-69.68015007, -28.47220027], [-69.68043224, -28.47142429], [-69.68045626, -28.47114802], [-69.68050278, -28.47061305], [-69.68032642, -28.47050723], [-69.68015007, -28.47040142], [-69.67958572, -28.47033088], [-69.67933883, -28.4702956], [-69.67909192, -28.47026033], [-69.67848292, -28.47006656], [-69.67831595, -28.47001343], [-69.67808669, -28.46996053], [-69.67785742, -28.46990762], [-69.67697563, -28.46990762], [-69.67591748, -28.47001343], [-69.67510624, -28.46994289], [-69.67422445, -28.4695549], [-69.67376592, -28.46892001], [-69.67337793, -28.46821458], [-69.67320157, -28.46729752], [-69.67298995, -28.46669791], [-69.67288413, -28.46563976], [-69.67355429, -28.46486379], [-69.67390701, -28.46433471], [-69.67411863, -28.46362928], [-69.67387173, -28.46285331], [-69.67337793, -28.46204206], [-69.67337793, -28.46188303], [-69.67342402, -28.46029355], [-69.67342402, -28.46011271], [-69.67329077, -28.45992235], [-69.67286543, -28.45959807], [-69.67274304, -28.45943197], [-69.67263186, -28.45920961], [-69.67237706, -28.45843757], [-69.67224381, -28.45811396], [-69.67182598, -28.45756258], [-69.67126164, -28.45692769], [-69.67093987, -28.45660063], [-69.67062312, -28.45654239], [-69.67009278, -28.45641979], [-69.66942559, -28.45632743], [-69.66932171, -28.4562928], [-69.66854573, -28.45611645], [-69.66776976, -28.45590482], [-69.66755813, -28.45571082], [-69.6673465, -28.45551683], [-69.66717014, -28.45491721], [-69.66713487, -28.45424706], [-69.66713487, -28.45347108], [-69.66706433, -28.45276565], [-69.66674688, -28.45220131], [-69.66658816, -28.45202495], [-69.66642944, -28.45184859], [-69.66568874, -28.4512137], [-69.66512439, -28.45054354], [-69.66463059, -28.44994393], [-69.66410152, -28.44920323], [-69.66360772, -28.4487447], [-69.66304337, -28.44818035], [-69.66261195, -28.44765649], [-69.66246899, -28.4470923], [-69.66225008, -28.44683532], [-69.66097852, -28.44586233], [-69.66071545, -28.4456408], [-69.66001002, -28.44546444], [-69.65974548, -28.44534099], [-69.65948095, -28.44521754], [-69.65845807, -28.44472374], [-69.65782319, -28.4444063], [-69.6571883, -28.44437103], [-69.6566945, -28.44479428], [-69.65574217, -28.44546444], [-69.65482511, -28.44571134], [-69.65415495, -28.44560553], [-69.65350571, -28.44505421], [-69.65304886, -28.44464494], [-69.65212877, -28.44417163], [-69.65182702, -28.44398304], [-69.65144491, -28.44388016], [-69.65058374, -28.44349329], [-69.64998571, -28.44341054], [-69.6494161, -28.44327245], [-69.6491094, -28.4431843], [-69.64866113, -28.44305547], [-69.64807364, -28.44285955], [-69.6470301, -28.44274854], [-69.64673029, -28.44274854], [-69.64643048, -28.44274854], [-69.64509016, -28.44278381], [-69.64444286, -28.44284546], [-69.64399674, -28.44303071], [-69.6436793, -28.44303071], [-69.64344167, -28.4429227], [-69.64294142, -28.44288127], [-69.64283278, -28.44288962], [-69.64262115, -28.44292489], [-69.64240953, -28.44296016], [-69.64170409, -28.44296016], [-69.64089285, -28.44292489], [-69.64018742, -28.44281908], [-69.63948199, -28.44239582], [-69.63891764, -28.44200783], [-69.63845911, -28.44126713], [-69.6381064, -28.44042061], [-69.6381064, -28.43967991], [-69.63782423, -28.43893921], [-69.63750146, -28.4382557], [-69.63736606, -28.43709526], [-69.63740097, -28.43615276], [-69.63764787, -28.43484771], [-69.63764787, -28.43396592], [-69.63741494, -28.4334483], [-69.63704936, -28.43204332], [-69.63679238, -28.43168164], [-69.63658299, -28.43158646], [-69.63642118, -28.43155791], [-69.63599011, -28.43153219], [-69.63558572, -28.43155241], [-69.63507592, -28.43141437], [-69.6347556, -28.43117947], [-69.63425651, -28.43080515], [-69.63401317, -28.43045384], [-69.63383233, -28.43028252], [-69.6334363, -28.43022993], [-69.63341746, -28.43022845], [-69.63313753, -28.43020638], [-69.63287103, -28.43015879], [-69.63269019, -28.43003505], [-69.63262784, -28.429954], [-69.63259501, -28.42991132], [-69.63255694, -28.42973048], [-69.63254742, -28.42950206], [-69.63256646, -28.42941639], [-69.63260446, -28.42937839], [-69.63270923, -28.42927363], [-69.6332049, -28.42932525], [-69.6340149, -28.42909845], [-69.63489669, -28.42885155], [-69.63548158, -28.42850427], [-69.63602538, -28.42818139], [-69.63704825, -28.42722906], [-69.63721611, -28.42704183], [-69.63738398, -28.4268546], [-69.63788774, -28.42629271], [-69.63792653, -28.42624945], [-69.63796531, -28.42620619], [-69.63870601, -28.42571238], [-69.63895291, -28.42555367], [-69.63919982, -28.42539494], [-69.6398347, -28.42476005], [-69.64046959, -28.42433679], [-69.64121029, -28.42433679], [-69.64137613, -28.42428152], [-69.6414187, -28.42426733], [-69.64149939, -28.42424043], [-69.641951, -28.42408989], [-69.64216262, -28.4238959], [-69.64237425, -28.42370191], [-69.64304441, -28.42292593], [-69.64396147, -28.42204414], [-69.64488222, -28.42111024], [-69.64504024, -28.42094997], [-69.64519826, -28.42078969], [-69.64643048, -28.41953987], [-69.6466145, -28.41950043], [-69.64665642, -28.41949145], [-69.64692428, -28.41943405], [-69.64780607, -28.41886971], [-69.64816927, -28.41834142], [-69.64818166, -28.41832339], [-69.64819406, -28.41830536], [-69.64820206, -28.41827677], [-69.64844096, -28.41742357], [-69.64865259, -28.41724722], [-69.64881414, -28.41711259], [-69.64895993, -28.41705035], [-69.64942256, -28.41685284], [-69.64983183, -28.41689091], [-69.65011086, -28.41707633], [-69.65044647, -28.41714625], [-69.65085024, -28.41711934], [-69.65108818, -28.41722404], [-69.65149146, -28.41757582], [-69.65208657, -28.41778836], [-69.65249662, -28.41776115], [-69.65306153, -28.41756466], [-69.65366114, -28.41685923], [-69.65385513, -28.41666524], [-69.65404913, -28.41647124], [-69.65475456, -28.41601271], [-69.65538945, -28.41537782], [-69.65556581, -28.41463712], [-69.65563635, -28.41393169], [-69.65574217, -28.41333208], [-69.65592325, -28.41290294], [-69.65591373, -28.41273161], [-69.65580903, -28.41254126], [-69.6555375, -28.41232545], [-69.6554336, -28.41224288], [-69.65486038, -28.41185067], [-69.65436658, -28.41139214], [-69.65425135, -28.41135922], [-69.6533915, -28.41097081], [-69.65215458, -28.41068143], [-69.65213465, -28.41067446], [-69.65196811, -28.41061617], [-69.65108632, -28.41005182], [-69.65079642, -28.40944302], [-69.65073361, -28.40931112], [-69.65035678, -28.40871739], [-69.65018864, -28.40803866], [-69.64960523, -28.40714639], [-69.64902182, -28.40635707], [-69.64836978, -28.40543048], [-69.64788933, -28.40440094], [-69.64771774, -28.40347435], [-69.64759325, -28.40264441], [-69.64785177, -28.40143454], [-69.64794998, -28.40097495], [-69.64799228, -28.40086618], [-69.64826683, -28.39987095], [-69.64926205, -28.39877277], [-69.64933566, -28.39833111], [-69.64935427, -28.39824395], [-69.64936892, -28.39815603], [-69.64937959, -28.39806755], [-69.6493869, -28.39796538], [-69.64938889, -28.39786297], [-69.64938557, -28.3977606], [-69.64937694, -28.39765853], [-69.64936302, -28.39755706], [-69.64934161, -28.39744622], [-69.64931389, -28.3973368], [-69.64908647, -28.3964528], [-69.64900377, -28.39632285], [-69.64887052, -28.39615153], [-69.64861354, -28.39605635], [-69.64794644, -28.39597287], [-69.6476491, -28.39585573], [-69.64682547, -28.39547823], [-69.64624206, -28.39496346], [-69.64579592, -28.39434574], [-69.64507524, -28.39407119], [-69.64414865, -28.39396824], [-69.64263866, -28.39372801], [-69.64154048, -28.39321324], [-69.64064821, -28.39287006], [-69.63992753, -28.39235529], [-69.63906958, -28.39170324], [-69.6383489, -28.3906737], [-69.63793708, -28.38967848], [-69.63742231, -28.38885484], [-69.63677026, -28.38875189], [-69.63556913, -28.38923234], [-69.63450527, -28.38964416], [-69.63347573, -28.39012461], [-69.63276339, -28.39050304], [-69.6323761, -28.39107852], [-69.63187166, -28.39167814], [-69.63132914, -28.39235391], [-69.63106264, -28.39271559], [-69.63023582, -28.39343739], [-69.62990044, -28.39364649], [-69.62981019, -28.39369205], [-69.6295627, -28.39396337], [-69.62938886, -28.39415394], [-69.62929667, -28.39425501], [-69.62846235, -28.39516965], [-69.62843621, -28.3951983], [-69.62843619, -28.39519833], [-69.62843617, -28.39519835], [-69.62808929, -28.39557861], [-69.62761899, -28.39607102], [-69.62640794, -28.39733897], [-69.62542739, -28.39836559], [-69.62496795, -28.39884661], [-69.62424795, -28.39960043], [-69.62352796, -28.40035425], [-69.62340295, -28.40048514], [-69.62275519, -28.40116333], [-69.621754, -28.40221156], [-69.61949393, -28.40457782], [-69.61718088, -28.40699955], [-69.61545989, -28.40880139], [-69.6146163, -28.40968462], [-69.61281401, -28.41157159], [-69.61058639, -28.41390387], [-69.60571289, -28.41900635], [-69.60526479, -28.41884989], [-69.60407506, -28.41884989], [-69.60347185, -28.41864882], [-69.60336122, -28.41861195], [-69.60240943, -28.41843349], [-69.60205251, -28.41819554], [-69.60133868, -28.41813605], [-69.60086278, -28.41807657], [-69.60020843, -28.41783862], [-69.59943511, -28.4174817], [-69.59848332, -28.41742222], [-69.59729359, -28.41742222], [-69.59646078, -28.41736273], [-69.59544951, -28.41724376], [-69.59414081, -28.41694632], [-69.59390286, -28.41676786], [-69.59318902, -28.41647043], [-69.59235621, -28.41605403], [-69.59182083, -28.41575659], [-69.59027418, -28.41534019], [-69.58961983, -28.41492378], [-69.5893224, -28.41468584], [-69.58890599, -28.41450738], [-69.58858949, -28.41434913], [-69.58803051, -28.41406963], [-69.58795421, -28.41403148], [-69.58735934, -28.41349611], [-69.58640756, -28.41278227], [-69.5853368, -28.41224689], [-69.58496817, -28.41208305], [-69.58426604, -28.411771], [-69.58265991, -28.41070024], [-69.5818271, -28.41058127], [-69.58105377, -28.41016486], [-69.58022096, -28.41010537], [-69.57920969, -28.40974845], [-69.57801996, -28.40939153], [-69.57771057, -28.40926778], [-69.57742509, -28.40915359], [-69.57659228, -28.40897513], [-69.57630018, -28.40894592], [-69.57540255, -28.40885616], [-69.57504563, -28.40843975], [-69.57391539, -28.40790437], [-69.57320155, -28.40730951], [-69.57284463, -28.40683361], [-69.5725472, -28.40659567], [-69.57153593, -28.40582234], [-69.57064363, -28.40528697], [-69.57027735, -28.40513525], [-69.56998586, -28.40509361], [-69.56956113, -28.40516856], [-69.56918636, -28.40512692], [-69.56865337, -28.40505197], [-69.56811204, -28.40501033], [-69.56763734, -28.40505197], [-69.56712932, -28.40495203], [-69.56627985, -28.40493538], [-69.5653471, -28.4047355], [-69.56474748, -28.40466888], [-69.56424779, -28.40470219], [-69.5635982, -28.40489374], [-69.56319845, -28.40512692], [-69.56311517, -28.40521853], [-69.56265712, -28.40543506], [-69.56206583, -28.40556831], [-69.56141623, -28.40576819], [-69.5609332, -28.40595974], [-69.5604585, -28.40590977], [-69.56015869, -28.40595141], [-69.55990659, -28.40615154], [-69.55922222, -28.40606029], [-69.55809197, -28.40606029], [-69.55749711, -28.40594132], [-69.55690224, -28.40582234], [-69.55668128, -28.40580393], [-69.5561884, -28.40576286], [-69.55598143, -28.40577579], [-69.55597647, -28.4057761], [-69.55523662, -28.40582234], [-69.5544633, -28.40617926], [-69.55363048, -28.40641721], [-69.55291665, -28.40719053], [-69.55196486, -28.40766643], [-69.55137, -28.40832078], [-69.55065616, -28.40879667], [-69.55018027, -28.40903462], [-69.54988283, -28.40933205], [-69.54952591, -28.40980794], [-69.54881208, -28.41016486], [-69.54809824, -28.41099767], [-69.54732491, -28.41165202], [-69.54673005, -28.4121874], [-69.54625416, -28.41296073], [-69.54571878, -28.41343662], [-69.54478646, -28.41400637], [-69.54464802, -28.41409097], [-69.54452541, -28.41419996], [-69.54404666, -28.41429735], [-69.54342745, -28.4144728], [-69.54290112, -28.4146276], [-69.54196199, -28.41490624], [-69.54084741, -28.41519521], [-69.5400218, -28.41533969], [-69.53909298, -28.41557706], [-69.53866986, -28.41561834], [-69.53745015, -28.41587557], [-69.53688447, -28.41592794], [-69.53594533, -28.41619627], [-69.53501652, -28.41673291], [-69.53425282, -28.41710444], [-69.53339625, -28.41759981], [-69.5326532, -28.41806422], [-69.53167278, -28.41866279], [-69.53081621, -28.41919943], [-69.52955715, -28.42003537], [-69.52855609, -28.42106738], [-69.52734863, -28.42224388], [-69.52366433, -28.42692924], [-69.52218855, -28.42812638], [-69.51708743, -28.43144046], [-69.51621346, -28.43187744], [-69.51526168, -28.43187744], [-69.51401246, -28.43181795], [-69.51317965, -28.43181795], [-69.51169248, -28.43134206], [-69.51062173, -28.43110412], [-69.50961046, -28.43050925], [-69.50907508, -28.42926003], [-69.50865867, -28.42872466], [-69.50800432, -28.42801082], [-69.50770689, -28.42723749], [-69.50770689, -28.42652365], [-69.50780029, -28.42629014], [-69.50781051, -28.4262646], [-69.50792515, -28.42597799], [-69.50818278, -28.42533392], [-69.50776637, -28.42420368], [-69.50753875, -28.42378345], [-69.50656476, -28.42304022], [-69.50560264, -28.42250419], [-69.50502536, -28.42199564], [-69.50454005, -28.42128744], [-69.50372129, -28.42075346], [-69.50282899, -28.4201586], [-69.5023531, -28.41950424], [-69.50152029, -28.41879041], [-69.50100257, -28.41804259], [-69.50098491, -28.41801708], [-69.50094922, -28.41799567], [-69.50024545, -28.4175734], [-69.50009261, -28.4174817], [-69.4992598, -28.41700581], [-69.49826522, -28.41659628], [-69.49824853, -28.41658941], [-69.49752359, -28.41632615], [-69.49749204, -28.41631021], [-69.49685622, -28.41598888], [-69.4968484, -28.41598609], [-69.49655482, -28.41588124], [-69.49593051, -28.41587406], [-69.49511961, -28.41603193], [-69.49421543, -28.41611087], [-69.49300985, -28.41601041], [-69.49219895, -28.41596735], [-69.49159617, -28.41550091], [-69.49071351, -28.41501293], [-69.48966581, -28.41450343], [-69.48936441, -28.41419486], [-69.48899843, -28.41392935], [-69.48854634, -28.41373559], [-69.48801531, -28.41378583], [-69.48760628, -28.41377865], [-69.48719006, -28.41377865], [-69.48699631, -28.41398676], [-69.48662316, -28.41415898], [-69.48627871, -28.41418051], [-69.48600602, -28.41411593], [-69.48567592, -28.41416616], [-69.48548216, -28.41428097], [-69.48515924, -28.41449626], [-69.48507313, -28.4147833], [-69.48482197, -28.41506317], [-69.48465656, -28.41522093], [-69.48435552, -28.41550808], [-69.48418291, -28.41548703], [-69.48376708, -28.41543632], [-69.48348004, -28.4154435], [-69.4830423, -28.41552961], [-69.4825328, -28.41564443], [-69.48207353, -28.41557267], [-69.48187978, -28.41549373], [-69.48167885, -28.41549373], [-69.4814851, -28.41566595], [-69.48107606, -28.41573054], [-69.48058091, -28.41575924], [-69.48017188, -28.41566595], [-69.47989201, -28.41574489], [-69.47970543, -28.415953], [-69.47861467, -28.4159817], [-69.47818411, -28.415953], [-69.47788989, -28.41597453], [-69.47764897, -28.41603655], [-69.47716511, -28.4161611], [-69.47691395, -28.41608217], [-69.47678738, -28.41597872], [-69.47666996, -28.41588841], [-69.47654079, -28.41586688], [-69.47637821, -28.41591734], [-69.47612458, -28.41599605], [-69.47532365, -28.41576658], [-69.47433495, -28.41563762], [-69.47382824, -28.41549373], [-69.47354837, -28.41542197], [-69.47315369, -28.4154722], [-69.47257961, -28.41537174], [-69.47194094, -28.41542197], [-69.4713812, -28.41536456], [-69.47064207, -28.41530715], [-69.47008234, -28.41499858], [-69.46960154, -28.41502729], [-69.46876912, -28.4152641], [-69.46809457, -28.41559419], [-69.46773577, -28.41625439], [-69.46764248, -28.41658449], [-69.4672765, -28.41682848], [-69.46711145, -28.41712987], [-69.46678135, -28.41729492], [-69.46648713, -28.41746715], [-69.46614986, -28.41795512], [-69.46580541, -28.41825651], [-69.46512322, -28.41844211], [-69.46479961, -28.41867054], [-69.4645807, -28.41927016], [-69.46427613, -28.41966039], [-69.46355277, -28.41953666], [-69.46323868, -28.41959377], [-69.46310544, -28.41988882], [-69.46295315, -28.42028857], [-69.46252485, -28.42045989], [-69.46192522, -28.42061218], [-69.46110669, -28.42116421], [-69.46092585, -28.42137361], [-69.46064031, -28.42189709], [-69.46061176, -28.4223825], [-69.46045947, -28.42253478], [-69.46001214, -28.42299164], [-69.45982178, -28.4235056], [-69.45938396, -28.42418137], [-69.45936492, -28.42477148], [-69.45926974, -28.42565664], [-69.45910794, -28.42631337], [-69.45902228, -28.42667505], [-69.45911746, -28.42694154], [-69.45906987, -28.4272366], [-69.4589271, -28.42745551], [-69.45887951, -28.42792188], [-69.45887951, -28.42808369], [-69.45875565, -28.42856666], [-69.45843204, -28.42922339], [-69.45805133, -28.42961362], [-69.45774676, -28.42976591], [-69.45727087, -28.43008951], [-69.45689015, -28.43060348], [-69.45640474, -28.43111744], [-69.4555291, -28.43112696], [-69.45476767, -28.43126021], [-69.45427275, -28.43151719], [-69.45392059, -28.43176465], [-69.45338759, -28.43199308], [-69.45310205, -28.43264981], [-69.45294025, -28.43342076], [-69.45263568, -28.43409652], [-69.452274, -28.43486747], [-69.45194088, -28.43588588], [-69.45184666, -28.4364008], [-69.45140559, -28.43684187], [-69.45068395, -28.43715389], [-69.44999915, -28.43756735], [-69.44921099, -28.43807126], [-69.44843575, -28.43807126], [-69.44745377, -28.43785161], [-69.44669145, -28.43801958], [-69.44528309, -28.4387173], [-69.4445983, -28.43904031], [-69.4442882, -28.43940209], [-69.44419776, -28.43999645], [-69.44369385, -28.44061664], [-69.4431641, -28.44092674], [-69.44228549, -28.44141772], [-69.44183327, -28.44185703], [-69.44171698, -28.44210252], [-69.44176866, -28.4423351], [-69.44176313, -28.4425653], [-69.44162653, -28.44295529], [-69.44145856, -28.4430845], [-69.4413552, -28.44323955], [-69.44126475, -28.44336875], [-69.44110971, -28.44373053], [-69.44099342, -28.4439631], [-69.4402957, -28.44454454], [-69.44005021, -28.44477711], [-69.4395756, -28.44497533], [-69.43905944, -28.44538088], [-69.43873229, -28.44605626], [-69.43839636, -28.44623715], [-69.43792803, -28.44647539], [-69.43772448, -28.44693487], [-69.43751775, -28.44703823], [-69.43717227, -28.44713125], [-69.43684587, -28.44721912], [-69.43641949, -28.44756798], [-69.43576053, -28.44798145], [-69.43533415, -28.44817526], [-69.43490776, -28.44843367], [-69.43408084, -28.44870501], [-69.43364153, -28.44918307], [-69.43304718, -28.44945441], [-69.43242076, -28.44997676], [-69.43123828, -28.4506948], [-69.43064393, -28.45086276], [-69.42995913, -28.45099197], [-69.42899693, -28.45095379], [-69.42833112, -28.45092737], [-69.42702613, -28.45074648], [-69.42588911, -28.45079816], [-69.42489421, -28.45103073], [-69.42400268, -28.45117286], [-69.42286566, -28.45088861], [-69.42193537, -28.45105658], [-69.4213281, -28.45064311], [-69.42058427, -28.45041333], [-69.42008458, -28.45049899], [-69.41965628, -28.45032767], [-69.41909949, -28.45029911], [-69.41872829, -28.45029911], [-69.41827144, -28.45025628], [-69.41775747, -28.45025628], [-69.41735772, -28.45029911], [-69.41691514, -28.45011352], [-69.41660105, -28.44988509], [-69.41622986, -28.4497566], [-69.41583011, -28.44974232], [-69.41535898, -28.44974232], [-69.41483073, -28.44979943], [-69.41463086, -28.44984226], [-69.41434332, -28.44997165], [-69.41405979, -28.45009924], [-69.41361721, -28.45005641], [-69.41280343, -28.45015635], [-69.41213243, -28.44988509], [-69.41184689, -28.44969949], [-69.41165705, -28.44946584], [-69.41147569, -28.44924263], [-69.41117588, -28.44918553], [-69.41090418, -28.44932129], [-69.41041551, -28.44923505], [-69.41009085, -28.44888571], [-69.4099338, -28.44892854], [-69.40904864, -28.44887144], [-69.40892015, -28.44874295], [-69.40883449, -28.4485859], [-69.40874883, -28.44850024], [-69.40849185, -28.44848597], [-69.40807782, -28.4485859], [-69.4072355, -28.44844313], [-69.40685002, -28.44830037], [-69.40656449, -28.44830037], [-69.4058792, -28.44832892], [-69.40565077, -28.44822898], [-69.4052653, -28.44824326], [-69.40497977, -28.44838603], [-69.40448008, -28.44842886], [-69.40423737, -28.44831464], [-69.40372341, -28.44821471], [-69.40320945, -28.44828609], [-69.40231001, -28.44847169], [-69.40126781, -28.44861446], [-69.40089661, -28.44862873], [-69.40040356, -28.4489693], [-69.39996862, -28.44894282], [-69.39948321, -28.44899993], [-69.39876461, -28.44925215], [-69.39804126, -28.44948058], [-69.39756537, -28.44959479], [-69.39724404, -28.44961335], [-69.39694298, -28.4497234], [-69.39630464, -28.44968794], [-69.3953762, -28.44966391], [-69.39537617, -28.44966391], [-69.39488838, -28.4494111], [-69.39437679, -28.44926833], [-69.39403177, -28.44932782], [-69.39380572, -28.44958956], [-69.39337742, -28.44966094], [-69.39307999, -28.44966094], [-69.3925803, -28.44967284], [-69.3921163, -28.44967284], [-69.39180697, -28.44975612], [-69.39155068, -28.44990186], [-69.39120021, -28.45010114], [-69.39078381, -28.45008925], [-69.39026033, -28.45002976], [-69.3899153, -28.45007735], [-69.38972495, -28.45020822], [-69.38923716, -28.4503034], [-69.38896352, -28.4502796], [-69.38854711, -28.45035099], [-69.38844004, -28.45043427], [-69.38811881, -28.45061273], [-69.3877381, -28.4507317], [-69.38754774, -28.45085067], [-69.38717892, -28.45102913], [-69.38677441, -28.45110052], [-69.38653647, -28.45107672], [-69.38606058, -28.45083878], [-69.38572745, -28.45068411], [-69.38556089, -28.45051755], [-69.38535864, -28.45042237], [-69.38490654, -28.45039858], [-69.38454962, -28.45044617], [-69.38415701, -28.45043427], [-69.38381199, -28.45017253], [-69.3833242, -28.45002976], [-69.38296728, -28.44994648], [-69.38217016, -28.44972043], [-69.38186083, -28.449423], [-69.38154311, -28.44917588], [-69.38132545, -28.44900659], [-69.38086145, -28.44885193], [-69.38079007, -28.44863777], [-69.38036177, -28.44828086], [-69.37986208, -28.44822137], [-69.37949326, -28.44829275], [-69.37899358, -28.44824516], [-69.37849389, -28.44801911], [-69.37787523, -28.44797153], [-69.37693534, -28.44788824], [-69.37639996, -28.44785255], [-69.37573372, -28.44781686], [-69.37517454, -28.44768599], [-69.37468793, -28.44763664], [-69.37449725, -28.4477035], [-69.37434193, -28.44763878], [-69.37422554, -28.44742539], [-69.37410896, -28.44721165], [-69.37391481, -28.44713399], [-69.37373421, -28.44726161], [-69.3734618, -28.44734109], [-69.37331926, -28.4470769], [-69.3730187, -28.44686651], [-69.37249105, -28.44679747], [-69.3722063, -28.44660332], [-69.37212571, -28.44624141], [-69.37187814, -28.44606811], [-69.3714556, -28.44609854], [-69.37093787, -28.44594322], [-69.3704978, -28.44593028], [-69.37021305, -28.44589145], [-69.36987653, -28.44580084], [-69.36969532, -28.44550315], [-69.36921642, -28.44510191], [-69.36868575, -28.4447395], [-69.3683104, -28.44471361], [-69.36815508, -28.44479127], [-69.36745615, -28.44431237], [-69.36722317, -28.44419589], [-69.3663948, -28.44356167], [-69.36617477, -28.44306983], [-69.36559232, -28.44286273], [-69.36538523, -28.44256504], [-69.3653219, -28.44241655], [-69.36508754, -28.44231912], [-69.36482867, -28.44231912], [-69.36422034, -28.44200848], [-69.36423329, -28.44187905], [-69.36418743, -28.44161154], [-69.36415563, -28.44142604], [-69.36396148, -28.44119306], [-69.36357318, -28.44098597], [-69.36349552, -28.44081771], [-69.36322372, -28.44064945], [-69.36291308, -28.44049413], [-69.36265421, -28.44049413], [-69.36217532, -28.44020938], [-69.36174819, -28.43996346], [-69.36104926, -28.43956222], [-69.36089394, -28.43941984], [-69.36062213, -28.43941984], [-69.36044092, -28.43953633], [-69.36013029, -28.43961399], [-69.35969022, -28.43954927], [-69.35875831, -28.43954927], [-69.35855122, -28.4394069], [-69.35831824, -28.43929041], [-69.35789111, -28.43935512], [-69.35733455, -28.43936807], [-69.35635087, -28.43919981], [-69.35567782, -28.4391092], [-69.35508244, -28.43904449], [-69.3542929, -28.43874679], [-69.3539046, -28.43856559], [-69.35328333, -28.4385397], [-69.35307624, -28.43870796], [-69.35166543, -28.43838438], [-69.35068174, -28.43816435], [-69.35026249, -28.43814713], [-69.34945214, -28.43768545], [-69.34929355, -28.43731785], [-69.34905633, -28.43711226], [-69.34862377, -28.43718066], [-69.34820959, -28.43711595], [-69.34812167, -28.43690907], [-69.34798956, -28.43659822], [-69.34766598, -28.43623581], [-69.34736828, -28.43609343], [-69.34682467, -28.43604166], [-69.34645757, -28.43615606], [-69.3459057, -28.43595106], [-69.34563389, -28.4358734], [-69.34533438, -28.43594687], [-69.3449479, -28.43604166], [-69.344469, -28.43584751], [-69.34401599, -28.43551099], [-69.34362273, -28.43509703], [-69.34327823, -28.4347344], [-69.34305819, -28.4346438], [-69.34287154, -28.43471223], [-69.3426699, -28.43478617], [-69.34242397, -28.43470851], [-69.34208745, -28.43447553], [-69.34205786, -28.43423142], [-69.34203568, -28.43404841], [-69.34149206, -28.43381543], [-69.34121505, -28.43376824], [-69.34107888, -28.43374504], [-69.34054515, -28.43345683], [-69.34050881, -28.43339304], [-69.340366, -28.43314238], [-69.33997771, -28.43298706], [-69.33972904, -28.43298399], [-69.3396681, -28.43298324], [-69.33907168, -28.4329094], [-69.33848924, -28.43268937], [-69.33780325, -28.43248228], [-69.33728552, -28.43200338], [-69.33669013, -28.43136916], [-69.33585032, -28.43086617], [-69.33507223, -28.4306314], [-69.33480042, -28.4305408], [-69.33447684, -28.43045019], [-69.33421798, -28.43021722], [-69.33408344, -28.42990618], [-69.33372614, -28.42945357], [-69.33319546, -28.42918176], [-69.33283305, -28.42890995], [-69.33244476, -28.42875463], [-69.3319788, -28.42839222], [-69.3314093, -28.42809453], [-69.33089157, -28.42808159], [-69.33067154, -28.42791333], [-69.33020956, -28.42784632], [-69.32968785, -28.4276674], [-69.32939016, -28.42752503], [-69.3288336, -28.42747326], [-69.32866534, -28.42727911], [-69.3280829, -28.42694258], [-69.3277852, -28.42690375], [-69.32720276, -28.42650252], [-69.32707333, -28.42612716], [-69.32684035, -28.4258683], [-69.32656854, -28.42542823], [-69.32624496, -28.42523408], [-69.32597315, -28.42510465], [-69.32562369, -28.42503993], [-69.32544248, -28.42479401], [-69.32544248, -28.42465164], [-69.32538839, -28.42434511], [-69.32532599, -28.42399153], [-69.3251189, -28.42383621], [-69.32443291, -28.42344792], [-69.32404461, -28.42313728], [-69.3239799, -28.42293019], [-69.32366926, -28.42256778], [-69.323501, -28.42232186], [-69.32342334, -28.42197239], [-69.32317742, -28.42172647], [-69.3228785, -28.42158183], [-69.32237494, -28.42133817], [-69.3219737, -28.42123463], [-69.32172778, -28.42115697], [-69.3214948, -28.42104048], [-69.32113239, -28.42075573], [-69.32099002, -28.42047098], [-69.32066644, -28.42016034], [-69.32052406, -28.4196685], [-69.32052406, -28.41930609], [-69.32076998, -28.41908605], [-69.32069232, -28.41867187], [-69.32003222, -28.41783056], [-69.32009838, -28.41756957], [-69.31934099, -28.41632484], [-69.31875084, -28.41609617], [-69.31810368, -28.41561727], [-69.31794836, -28.41522898], [-69.31789659, -28.41494423], [-69.31765067, -28.41454299], [-69.31752124, -28.41419352], [-69.31757874, -28.41389705], [-69.31737886, -28.41336516], [-69.31710705, -28.41314512], [-69.31692291, -28.41310375], [-69.31687439, -28.41309285], [-69.31670783, -28.4128906], [-69.31652937, -28.41272404], [-69.31644609, -28.41247419], [-69.31635294, -28.41213071], [-69.31629659, -28.41196679], [-69.31617245, -28.41160569], [-69.31608575, -28.41174016], [-69.31607956, -28.41174976], [-69.31471948, -28.41385929], [-69.31452623, -28.41417329], [-69.31175962, -28.41866864], [-69.3063445, -28.42746744], [-69.2991601, -28.43914107], [-69.29820629, -28.44069087], [-69.29615028, -28.4440316], [-69.29563381, -28.44487079], [-69.29114592, -28.45216297], [-69.28932192, -28.4551267], [-69.28871744, -28.4561089], [-69.2885932, -28.45631077], [-69.28642989, -28.45982585], [-69.28072872, -28.46908944], [-69.28014153, -28.47004353], [-69.27068149, -28.48541475], [-69.25917856, -28.50410537], [-69.25678003, -28.50800265], [-69.25233876, -28.51521907], [-69.25085767, -28.51762564], [-69.24742799, -28.52319838], [-69.24544643, -28.52641813], [-69.24521656, -28.52679164], [-69.23520653, -28.54305651], [-69.23379138, -28.54535592], [-69.23160054, -28.54891574], [-69.2315871, -28.54893757], [-69.22986259, -28.55173965], [-69.22552958, -28.55878019], [-69.22385649, -28.56149871], [-69.22088459, -28.56632763], [-69.21892467, -28.56951221], [-69.21647056, -28.57349979], [-69.21511172, -28.57570771], [-69.21458416, -28.57656493], [-69.21347815, -28.57836204], [-69.21192417, -28.58088704], [-69.211003, -28.58238379], [-69.20984172, -28.58427071], [-69.20977057, -28.58438632], [-69.20890589, -28.58579131], [-69.20788872, -28.58744406], [-69.20683449, -28.58915704], [-69.20418881, -28.59345589], [-69.20411068, -28.59358284], [-69.20340337, -28.59473212], [-69.20264622, -28.59596238], [-69.20265678, -28.59596926], [-69.20303491, -28.59621578], [-69.20328973, -28.59629424], [-69.2038998, -28.59676195], [-69.20397146, -28.59689048], [-69.20405475, -28.59728309], [-69.20417372, -28.59744966], [-69.20437597, -28.59817539], [-69.20459012, -28.59850852], [-69.20537535, -28.59881785], [-69.20574416, -28.59874646], [-69.20592262, -28.59855611], [-69.20706476, -28.5994841], [-69.20756445, -28.5999243], [-69.21156195, -28.60139956], [-69.21185938, -28.60175648], [-69.2130729, -28.60263688], [-69.21366777, -28.60272016], [-69.21394141, -28.60287483], [-69.21420315, -28.60312467], [-69.21425986, -28.60343658], [-69.21425986, -28.60363625], [-69.21452437, -28.60418353], [-69.21490509, -28.6047427], [-69.21513114, -28.60507583], [-69.21545236, -28.60530188], [-69.21633276, -28.60578967], [-69.21649933, -28.60598002], [-69.21654692, -28.60617038], [-69.21647624, -28.60640132], [-69.21646363, -28.60674145], [-69.21643984, -28.60730062], [-69.21626138, -28.60776462], [-69.2162131, -28.607977], [-69.2159806, -28.60845585], [-69.21579025, -28.60894126], [-69.21559037, -28.60951233], [-69.21556182, -28.60979787], [-69.21563796, -28.61013099], [-69.2157883, -28.61048031], [-69.21596157, -28.6108829], [-69.21607578, -28.61121603], [-69.21643351, -28.61209744], [-69.21664619, -28.61259368], [-69.21658023, -28.61272937], [-69.21648505, -28.61287213], [-69.21623759, -28.6130149], [-69.21607578, -28.61326236], [-69.21603771, -28.61348127], [-69.21610434, -28.61429029], [-69.21619, -28.61468052], [-69.21628518, -28.6150422], [-69.2163518, -28.61523256], [-69.2165639, -28.61559772], [-69.21668797, -28.61601518], [-69.21674793, -28.61619507], [-69.21668492, -28.61646988], [-69.21656119, -28.61673638], [-69.2162471, -28.61700288], [-69.21584735, -28.61714564], [-69.21541905, -28.61742166], [-69.21494316, -28.61777382], [-69.21466714, -28.61828779], [-69.21466714, -28.61863995], [-69.2147528, -28.6190397], [-69.21468618, -28.61942041], [-69.2146957, -28.6196298], [-69.21487327, -28.61986952], [-69.21526677, -28.62040075], [-69.21545712, -28.62076243], [-69.21540442, -28.62097324], [-69.21534291, -28.62121928], [-69.21519062, -28.62138109], [-69.21506689, -28.62177132], [-69.2148575, -28.62246612], [-69.21481943, -28.62264696], [-69.21495268, -28.62285635], [-69.21509268, -28.62300908], [-69.21526677, -28.62319899], [-69.21526287, -28.62338191], [-69.21525725, -28.62364633], [-69.21511448, -28.62400801], [-69.21487653, -28.62416981], [-69.21443871, -28.6244268], [-69.2138962, -28.62522629], [-69.21390571, -28.62545472], [-69.21400089, -28.62574978], [-69.21418251, -28.62610528], [-69.21428389, -28.62658688], [-69.21426739, -28.62744395], [-69.21437884, -28.62769122], [-69.21457196, -28.62811972], [-69.2149622, -28.62850043], [-69.21514303, -28.62866224], [-69.21519062, -28.62898584], [-69.21521165, -28.62919424], [-69.21498123, -28.62952836], [-69.21487653, -28.62980438], [-69.21481943, -28.63000425], [-69.21454341, -28.63039448], [-69.2141627, -28.63074664], [-69.21407704, -28.63118446], [-69.21396282, -28.63161277], [-69.21397797, -28.63254345], [-69.21407704, -28.63321177], [-69.21436257, -28.63389705], [-69.21457196, -28.63423017], [-69.21467627, -28.63496443], [-69.21479524, -28.63585673], [-69.21479524, -28.63600049], [-69.21466714, -28.63640024], [-69.21463859, -28.63680951], [-69.21474328, -28.63750431], [-69.21481943, -28.63771371], [-69.21497201, -28.63781641], [-69.21531436, -28.63804683], [-69.21582832, -28.63832285], [-69.21584735, -28.63857983], [-69.21580648, -28.63871207], [-69.21568555, -28.63910331], [-69.2155523, -28.63948402], [-69.215657, -28.64003606], [-69.21585058, -28.63999883], [-69.21639939, -28.63989329], [-69.21660878, -28.64020738], [-69.21693239, -28.64033111], [-69.21720841, -28.64066424], [-69.21743683, -28.64093074], [-69.21741265, -28.64127001], [-69.21714178, -28.64173975], [-69.21708467, -28.64190156], [-69.21712275, -28.6420824], [-69.21723419, -28.64234076], [-69.2173105, -28.64301853], [-69.21722744, -28.64340538], [-69.21713226, -28.6437385], [-69.21677059, -28.64412873], [-69.21649457, -28.64441427], [-69.21612337, -28.6448045], [-69.21607578, -28.64492823], [-69.21630143, -28.64522688], [-69.216723, -28.64578484], [-69.21699901, -28.64607989], [-69.21707516, -28.64625121], [-69.21756057, -28.64717444], [-69.21780803, -28.64778358], [-69.21781744, -28.64816753], [-69.21760816, -28.64831658], [-69.21723696, -28.64836417], [-69.21656119, -28.64825948], [-69.21637084, -28.64824996], [-69.21626614, -28.64837369], [-69.21620903, -28.64858308], [-69.21626614, -28.6488591], [-69.21646087, -28.64912223], [-69.2167583, -28.64977658], [-69.21679873, -28.65010004], [-69.21668492, -28.65042003], [-69.21616144, -28.65164783], [-69.21612337, -28.65204758], [-69.21613289, -28.65229504], [-69.21620957, -28.65285043], [-69.21606774, -28.65319547], [-69.21579977, -28.65317068], [-69.21547616, -28.6531802], [-69.21500027, -28.65332297], [-69.21466714, -28.6534467], [-69.21455293, -28.65368465], [-69.21458148, -28.6538179], [-69.21458148, -28.65395115], [-69.21443871, -28.65428427], [-69.21433404, -28.65468597], [-69.21425787, -28.65506474], [-69.21409607, -28.65527413], [-69.2139533, -28.65534075], [-69.21367246, -28.65551697], [-69.21298248, -28.65594989], [-69.21277309, -28.6563782], [-69.21264936, -28.65667325], [-69.21259225, -28.65706348], [-69.21263032, -28.65734902], [-69.21268743, -28.65743468], [-69.21302567, -28.65746543], [-69.21331561, -28.65749179], [-69.21362018, -28.65765359], [-69.21381054, -28.65796768], [-69.21381054, -28.65822466], [-69.21360551, -28.65875904], [-69.21332266, -28.65899047], [-69.21304911, -28.65905271], [-69.2125637, -28.65913837], [-69.21227816, -28.6589385], [-69.21205925, -28.65855778], [-69.2116595, -28.65825321], [-69.21151674, -28.65827225], [-69.2114977, -28.65847212], [-69.21130734, -28.65875766], [-69.21103133, -28.65894802], [-69.21067917, -28.65919548], [-69.21071724, -28.65943343], [-69.21084097, -28.65969993], [-69.21131794, -28.65999763], [-69.21215443, -28.66065171], [-69.21211636, -28.6608611], [-69.21198311, -28.66102291], [-69.21185925, -28.66121417], [-69.21193989, -28.66143594], [-69.21217347, -28.66153687], [-69.21220202, -28.66175578], [-69.21228768, -28.66221264], [-69.2122972, -28.66275515], [-69.21239238, -28.66305972], [-69.21258273, -28.6635261], [-69.21284923, -28.66406862], [-69.21276157, -28.66459769], [-69.21260076, -28.6647209], [-69.21235431, -28.66488715], [-69.21204022, -28.66477294], [-69.2113359, -28.66463969], [-69.21086952, -28.66442078], [-69.21037435, -28.66423094], [-69.21003195, -28.66424945], [-69.20976545, -28.66450644], [-69.20950847, -28.6647539], [-69.2093657, -28.66516317], [-69.2094704, -28.66543919], [-69.20971548, -28.6659008], [-69.2100843, -28.66621013], [-69.21066727, -28.666805], [-69.2109528, -28.66699535], [-69.21103608, -28.66743555], [-69.21100039, -28.66773299], [-69.21086952, -28.66830406], [-69.21058399, -28.66877995], [-69.21026276, -28.66892272], [-69.20991774, -28.66917256], [-69.20959651, -28.66932722], [-69.20927528, -28.66939861], [-69.20890647, -28.66954138], [-69.20846627, -28.66961276], [-69.20834729, -28.66976742], [-69.2083354, -28.6698864], [-69.20822832, -28.67035039], [-69.20820453, -28.67061213], [-69.20825173, -28.67095378], [-69.20834729, -28.67144494], [-69.20859714, -28.67194463], [-69.20884698, -28.67239673], [-69.20890647, -28.67261088], [-69.20916821, -28.67292021], [-69.20939494, -28.67317818], [-69.20944146, -28.67333324], [-69.20946564, -28.67368164], [-69.20933477, -28.67407425], [-69.2091801, -28.67440737], [-69.20922769, -28.67483568], [-69.20932287, -28.67526398], [-69.20953702, -28.67570418], [-69.20961476, -28.67582803], [-69.20962031, -28.67629905], [-69.20956082, -28.67669166], [-69.20945374, -28.67709616], [-69.20927528, -28.67757206], [-69.20901354, -28.67773862], [-69.20853765, -28.67803605], [-69.20813314, -28.67819072], [-69.20755017, -28.67816692], [-69.20706238, -28.67815502], [-69.20659839, -28.67830969], [-69.20649131, -28.67851194], [-69.20613439, -28.67892835], [-69.20592024, -28.67936855], [-69.20592024, -28.67952321], [-69.20614629, -28.67970167], [-69.2065931, -28.67983827], [-69.20709808, -28.67992772], [-69.20739551, -28.67986824], [-69.20776433, -28.67966598], [-69.20810935, -28.67951132], [-69.20888267, -28.67935665], [-69.20913252, -28.67949942], [-69.20944185, -28.67983254], [-69.20954186, -28.68022415], [-69.20960841, -28.68076053], [-69.20979837, -28.68116504], [-69.20979837, -28.68145058], [-69.20959651, -28.68171232], [-69.20961653, -28.68198208], [-69.20958461, -28.68241426], [-69.20946564, -28.68280687], [-69.20900025, -28.68327815], [-69.20868042, -28.68365158], [-69.20861291, -28.68401148], [-69.20858524, -28.68422741], [-69.20813275, -28.68463568], [-69.2071972, -28.68512217], [-69.2069101, -28.6851316], [-69.20618674, -28.68530293], [-69.20592976, -28.6853981], [-69.20544435, -28.68554087], [-69.2050446, -28.68570268], [-69.20490183, -28.68595014], [-69.20478762, -28.68631182], [-69.20458775, -28.68677819], [-69.20444498, -28.6871018], [-69.2039786, -28.6877966], [-69.20376921, -28.68813924], [-69.20360741, -28.6885961], [-69.20346711, -28.68919678], [-69.20347006, -28.68918989], [-69.20336662, -28.68954242], [-69.20316959, -28.68983342], [-69.20306489, -28.69015703], [-69.20294116, -28.6907281], [-69.2029126, -28.69120399], [-69.2029126, -28.69173699], [-69.20308552, -28.69209625], [-69.20329332, -28.69242227], [-69.2033605, -28.6928821], [-69.20372365, -28.69313473], [-69.20393041, -28.69327856], [-69.20441642, -28.69343116], [-69.20492087, -28.69366911], [-69.20517785, -28.69392609], [-69.20537773, -28.69419259], [-69.20545586, -28.69445096], [-69.20545586, -28.69476366], [-69.20533014, -28.69490643], [-69.20519689, -28.69501113], [-69.20482569, -28.69517293], [-69.20469244, -28.69524907], [-69.20469244, -28.6953157], [-69.20467341, -28.69549654], [-69.20455919, -28.69562979], [-69.20436883, -28.69582966], [-69.20398812, -28.69640073], [-69.2035503, -28.69714312], [-69.20346464, -28.69795214], [-69.2030173, -28.69880875], [-69.2027508, -28.69950355], [-69.20235105, -28.70062665], [-69.20215838, -28.70187872], [-69.20111343, -28.70361922], [-69.20113277, -28.70416729], [-69.20095193, -28.7044909], [-69.20027892, -28.70558138], [-69.20021509, -28.70583668], [-69.2000873, -28.70633604], [-69.19982882, -28.70663241], [-69.19971461, -28.70714638], [-69.19950522, -28.70753661], [-69.19918161, -28.70773648], [-69.19888656, -28.70794588], [-69.19870572, -28.70816479], [-69.19868668, -28.70837418], [-69.19872475, -28.70873586], [-69.19860102, -28.70904995], [-69.1984297, -28.70939259], [-69.19818224, -28.70957343], [-69.19796333, -28.70972571], [-69.19771586, -28.71000173], [-69.19759213, -28.71016353], [-69.19689733, -28.71048714], [-69.19652613, -28.71069653], [-69.1960312, -28.71102014], [-69.19568856, -28.71125809], [-69.19524122, -28.71144844], [-69.19469871, -28.71168639], [-69.19420378, -28.71184819], [-69.19413715, -28.71218132], [-69.19415619, -28.71239071], [-69.19415619, -28.71278094], [-69.19402294, -28.71320924], [-69.19379451, -28.71347574], [-69.19362319, -28.71369465], [-69.19374002, -28.71392508], [-69.19380403, -28.71418958], [-69.19380403, -28.71450367], [-69.19368981, -28.71467499], [-69.19347113, -28.71470532], [-69.19318537, -28.71475114], [-69.19310923, -28.71486535], [-69.19316633, -28.71502715], [-69.19309971, -28.7151604], [-69.19300453, -28.71534124], [-69.19281417, -28.71555063], [-69.19275706, -28.71572196], [-69.19269044, -28.71593135], [-69.1926714, -28.71621688], [-69.19258574, -28.71640724], [-69.19247153, -28.71641676], [-69.19232876, -28.71651194], [-69.19207178, -28.71683554], [-69.19190998, -28.71717819], [-69.19187191, -28.71742565], [-69.19171962, -28.71773022], [-69.1913865, -28.71793961], [-69.19111048, -28.71802527], [-69.19092964, -28.71812997], [-69.19079639, -28.71828226], [-69.19076784, -28.71841551], [-69.19076784, -28.71864393], [-69.19065362, -28.7188914], [-69.18896896, -28.7191579], [-69.18874053, -28.71929115], [-69.1880838, -28.71978607], [-69.18779827, -28.7200145], [-69.18748418, -28.72008113], [-69.18648481, -28.72027148], [-69.18610409, -28.7202239], [-69.18590422, -28.7202239], [-69.18568531, -28.72034763], [-69.18497147, -28.72056654], [-69.18450509, -28.72058557], [-69.18365801, -28.72066172], [-69.18335344, -28.72075689], [-69.18297272, -28.72096629], [-69.18144987, -28.72173723], [-69.18128806, -28.72205132], [-69.18109771, -28.72254625], [-69.18108819, -28.72306021], [-69.18118536, -28.72357418], [-69.18139276, -28.72388827], [-69.18164974, -28.72421187], [-69.18178299, -28.724545], [-69.18186865, -28.72480198], [-69.18192576, -28.72514462], [-69.18203045, -28.7255063], [-69.18199726, -28.72582622], [-69.18194479, -28.72598219], [-69.18172588, -28.72610592], [-69.18156408, -28.72623917], [-69.18117385, -28.72717192], [-69.18088831, -28.72748601], [-69.18073603, -28.72784769], [-69.1805076, -28.72808563], [-69.17988894, -28.72827599], [-69.17959389, -28.72823792], [-69.17914655, -28.72839972], [-69.17886101, -28.72857104], [-69.17886101, -28.72875188], [-69.17870873, -28.72897079], [-69.17816621, -28.7292944], [-69.17789019, -28.72936103], [-69.17785212, -28.72952283], [-69.17790923, -28.72970367], [-69.17809206, -28.72978595], [-69.17859451, -28.72971319], [-69.17868969, -28.72976078], [-69.17868969, -28.72995113], [-69.17852789, -28.73008438], [-69.17821103, -28.73032133], [-69.17797585, -28.73040799], [-69.17762369, -28.73035088], [-69.17748093, -28.73028426], [-69.17722394, -28.73034136], [-69.17687178, -28.73045558], [-69.17651011, -28.73077918], [-69.17643396, -28.73101713], [-69.17633878, -28.73115038], [-69.17621505, -28.73130267], [-69.17597711, -28.73145495], [-69.17585337, -28.73159772], [-69.17569157, -28.73176904], [-69.17568205, -28.73196891], [-69.17571061, -28.7321212], [-69.17555832, -28.73216879], [-69.17532989, -28.73221638], [-69.17504436, -28.73276841], [-69.17429245, -28.73411995], [-69.17394981, -28.73435789], [-69.17331211, -28.73435789], [-69.17304561, -28.73445307], [-69.17291236, -28.73461488], [-69.17249357, -28.73511932], [-69.17239521, -28.73520121], [-69.17200816, -28.73520498], [-69.17164649, -28.73525257], [-69.17128481, -28.73546196], [-69.17087554, -28.73589027], [-69.17071374, -28.73609966], [-69.17071573, -28.73632947], [-69.17084699, -28.73649941], [-69.17078079, -28.73678488], [-69.17064711, -28.73704193], [-69.17061856, -28.73742264], [-69.17072313, -28.73806743], [-69.17047579, -28.73833635], [-69.16988569, -28.7390026], [-69.16948594, -28.73947849], [-69.16940028, -28.73985921], [-69.16895294, -28.74026847], [-69.16842946, -28.74170567], [-69.16798212, -28.74302865], [-69.16731587, -28.74372345], [-69.16697323, -28.74399947], [-69.16648782, -28.74408513], [-69.16612614, -28.7442279], [-69.16596433, -28.74443729], [-69.16600241, -28.74473234], [-69.16615469, -28.74507499], [-69.16624987, -28.74556991], [-69.16596433, -28.74589352], [-69.16596433, -28.74611243], [-69.16592126, -28.74673404], [-69.16580389, -28.74695576], [-69.16581205, -28.74726409], [-69.16604048, -28.74761625], [-69.16618324, -28.74799696], [-69.16618324, -28.74822539], [-69.16613566, -28.74842527], [-69.16624987, -28.74876791], [-69.16640215, -28.74884405], [-69.16676383, -28.74898682], [-69.16687805, -28.74921525], [-69.16691612, -28.74949127], [-69.16694467, -28.74976728], [-69.16723021, -28.75029076], [-69.16789646, -28.7510046], [-69.16811255, -28.75159682], [-69.16815781, -28.75239083], [-69.16720602, -28.75322364], [-69.1666401, -28.75348876], [-69.16622132, -28.75443103], [-69.16561217, -28.7550021], [-69.16544085, -28.75521149], [-69.16544085, -28.75541136], [-69.16562169, -28.7555922], [-69.16565976, -28.75590629], [-69.16550748, -28.75627749], [-69.16515532, -28.75654399], [-69.16474605, -28.75661061], [-69.16429871, -28.75666772], [-69.16398462, -28.75684856], [-69.16363246, -28.75723879], [-69.163385, -28.75770517], [-69.16290911, -28.75830479], [-69.16227141, -28.75929465], [-69.16217427, -28.75989025], [-69.16197121, -28.76113535], [-69.16122522, -28.76142896], [-69.15199935, -28.76506005], [-69.14858287, -28.76640469], [-69.14068383, -28.76951358], [-69.14015488, -28.76972176], [-69.13893364, -28.77020241], [-69.13012483, -28.77366936], [-69.12614764, -28.77523469], [-69.12271151, -28.77658707], [-69.11904003, -28.77803208], [-69.10617166, -28.78309678], [-69.09002542, -28.78945157], [-69.08532159, -28.79130289], [-69.06828955, -28.79800631], [-69.05879748, -28.80174217], [-69.05505291, -28.80321595], [-69.03143433, -28.81251168], [-69.02263822, -28.81597363], [-69.01856887, -28.81757523], [-69.01805837, -28.81777615], [-69.01264724, -28.81990585], [-68.98284349, -28.83163592], [-68.9738982, -28.83515658], [-68.97276142, -28.835604], [-68.95078918, -28.84425177], [-68.9368438, -28.84974035], [-68.90870553, -28.85932037], [-68.90906976, -28.85953413], [-68.9100499, -28.86010936], [-68.91010251, -28.86026511], [-68.91093808, -28.86273833], [-68.9126037, -28.86321423], [-68.91616028, -28.86336242], [-68.9189468, -28.86495735], [-68.92083133, -28.86689899], [-68.92111687, -28.86895484], [-68.92168794, -28.87141045], [-68.92243033, -28.87455133], [-68.92294429, -28.87797776], [-68.92305851, -28.88043336], [-68.92426306, -28.88177402], [-68.92614229, -28.88368847], [-68.92819814, -28.8863725], [-68.93056316, -28.89100645], [-68.93102196, -28.89168236], [-68.93119353, -28.89262573], [-68.93173878, -28.89562384], [-68.9310535, -28.89939291], [-68.93093928, -28.90184851], [-68.93082507, -28.90407569], [-68.93151035, -28.90693104], [-68.93463872, -28.90886539], [-68.93967666, -28.91149961], [-68.94567291, -28.91641081], [-68.94889048, -28.92002386], [-68.94960432, -28.9233551], [-68.94984227, -28.92740019], [-68.94984227, -28.93025554], [-68.95033002, -28.93220656], [-68.9505561, -28.93311089], [-68.95155493, -28.93902521], [-68.95475293, -28.94365088], [-68.95606639, -28.9494758], [-68.95583796, -28.9583274], [-68.95406764, -28.96163961], [-68.9513265, -28.96609396], [-68.94938486, -28.96854956], [-68.94835951, -28.97096576], [-68.94817664, -28.9710633], [-68.94723625, -28.97231715], [-68.94710588, -28.97249097], [-68.94603513, -28.97379967], [-68.94555924, -28.97427557], [-68.94543068, -28.9743123], [-68.94389361, -28.97475146], [-68.94144698, -28.97483134], [-68.93767792, -28.97631612], [-68.93390885, -28.97900016], [-68.93036821, -28.98231236], [-68.92979714, -28.98459665], [-68.9294545, -28.99190635], [-68.9294545, -28.99647492], [-68.93036821, -29.0011577], [-68.93049035, -29.002033], [-68.93071085, -29.0036133], [-68.93065375, -29.00721104], [-68.93082507, -29.01377836], [-68.93048243, -29.01857535], [-68.92809237, -29.02370505], [-68.92747533, -29.02436322], [-68.92676336, -29.02498026], [-68.92675329, -29.02498899], [-68.92569074, -29.02590987], [-68.92438203, -29.02626679], [-68.92247846, -29.02674268], [-68.91914722, -29.02745652], [-68.91771954, -29.02769447], [-68.91641084, -29.02781344], [-68.91474522, -29.02817036], [-68.91403138, -29.02876522], [-68.91401586, -29.02880557], [-68.91387495, -29.02917193], [-68.91343651, -29.03031187], [-68.91318098, -29.031334], [-68.91314401, -29.03148187], [-68.91312608, -29.0315536], [-68.91307959, -29.03173955], [-68.91259484, -29.03305986], [-68.9124486, -29.03345816], [-68.91137695, -29.03637695], [-68.91040039, -29.03930664], [-68.9098384, -29.04074674], [-68.90942383, -29.04180908], [-68.9085083, -29.04492187], [-68.90839898, -29.04688966], [-68.90838623, -29.04711914], [-68.90857657, -29.0478567], [-68.90887451, -29.04901123], [-68.90929638, -29.04973443], [-68.90937817, -29.04987465], [-68.909729, -29.05047607], [-68.90999553, -29.05207522], [-68.91021728, -29.05340576], [-68.91034554, -29.05562881], [-68.91040039, -29.05657959], [-68.91040365, -29.0566165], [-68.91058116, -29.05862746], [-68.91022424, -29.05981719], [-68.91022424, -29.06053103], [-68.91058116, -29.06207768], [-68.91058116, -29.06291049], [-68.91058116, -29.06481406], [-68.91022424, -29.06707455], [-68.90903451, -29.06921606], [-68.90784478, -29.07040579], [-68.90784478, -29.07171449], [-68.90796375, -29.07278525], [-68.90925742, -29.07272982], [-68.91387379, -29.07253201], [-68.9167908, -29.07391425], [-68.91810923, -29.07576808], [-68.92115494, -29.08043182], [-68.92386752, -29.0871419], [-68.92465939, -29.08938465], [-68.92508502, -29.09193996], [-68.92499341, -29.09370294], [-68.92498779, -29.09381103], [-68.92498779, -29.09808349], [-68.92466795, -29.10122862], [-68.92462158, -29.10168457], [-68.92455587, -29.10193426], [-68.92401123, -29.10400391], [-68.92382812, -29.105896], [-68.92048869, -29.10927089], [-68.91796646, -29.11179311], [-68.9160153, -29.11560025], [-68.91406415, -29.11916944], [-68.91235093, -29.12364283], [-68.91188986, -29.12858361], [-68.91236575, -29.13001129], [-68.91367446, -29.13203383], [-68.91450727, -29.13346151], [-68.91534008, -29.13465124], [-68.91600317, -29.13531432], [-68.91858512, -29.1387762], [-68.91953691, -29.14091772], [-68.92539038, -29.14415378], [-68.92867404, -29.14615253], [-68.93101309, -29.14685978], [-68.93139648, -29.14727783], [-68.93143367, -29.14730889], [-68.93152042, -29.14738135], [-68.9324722, -29.14809519], [-68.9337809, -29.14916595], [-68.93413782, -29.15106952], [-68.93342398, -29.15404384], [-68.93318604, -29.15594741], [-68.93306707, -29.15725611], [-68.93294809, -29.15880277], [-68.93271015, -29.16153915], [-68.93327668, -29.16442907], [-68.93328857, -29.16448975], [-68.93334219, -29.1645491], [-68.9334177, -29.16463271], [-68.93499756, -29.16638184], [-68.9376831, -29.16802978], [-68.93933178, -29.16834246], [-68.94122314, -29.16870117], [-68.94390869, -29.16888428], [-68.94923258, -29.16742491], [-68.95353043, -29.16665499], [-68.95436324, -29.16629807], [-68.95555297, -29.16546526], [-68.95721859, -29.16463244], [-68.95900319, -29.16284785], [-68.95924114, -29.16153915], [-68.95995497, -29.15963558], [-68.96019292, -29.15892174], [-68.96126368, -29.15618536], [-68.96138265, -29.15559049], [-68.96233444, -29.15333], [-68.96257238, -29.1520213], [-68.9629293, -29.15023671], [-68.96304827, -29.14987979], [-68.96389006, -29.14810369], [-68.96483287, -29.14702443], [-68.96665002, -29.14591395], [-68.96697438, -29.14571573], [-68.96830295, -29.14547384], [-68.96902969, -29.14543869], [-68.97050496, -29.14620012], [-68.97321755, -29.14781815], [-68.97502594, -29.14843681], [-68.97526388, -29.14905547], [-68.97518352, -29.14987979], [-68.97421692, -29.15367163], [-68.97393138, -29.15505172], [-68.97407415, -29.15743118], [-68.97459763, -29.16028653], [-68.97807165, -29.16314188], [-68.98064146, -29.1652834], [-68.98211673, -29.1670442], [-68.98506726, -29.16842429], [-68.98694013, -29.16920859], [-68.98731878, -29.16962931], [-68.98850851, -29.17093802], [-68.98969824, -29.17272261], [-68.99088797, -29.17415029], [-68.99195872, -29.17450721], [-68.99326743, -29.17545899], [-68.99445716, -29.17712461], [-68.99564689, -29.17831434], [-68.99671765, -29.179861], [-68.99766943, -29.18176456], [-69.00016786, -29.18438197], [-69.00123862, -29.18664246], [-69.00112501, -29.187665], [-69.0008817, -29.18985473], [-68.99969197, -29.1917583], [-68.9977884, -29.19413776], [-68.99659867, -29.19532749], [-68.99528997, -29.19651722], [-68.99481408, -29.19746901], [-68.99410024, -29.19865874], [-68.99410024, -29.19913509], [-68.99410024, -29.20008641], [-68.99410024, -29.20115142], [-68.99410024, -29.20127614], [-68.99421921, -29.20294177], [-68.99481408, -29.20448842], [-68.9946951, -29.20591609], [-68.99410024, -29.20698685], [-68.99386229, -29.20865247], [-68.99314845, -29.2098422], [-68.99267256, -29.21174577], [-68.9920777, -29.21269756], [-68.99088797, -29.2147201], [-68.98873163, -29.21620386], [-68.98611422, -29.21710806], [-68.98511485, -29.22053448], [-68.98388995, -29.22375843], [-68.98244088, -29.22495178], [-68.98196499, -29.22566562], [-68.98163828, -29.22611484], [-68.98158431, -29.22618905], [-68.9810132, -29.22697432], [-68.97994245, -29.228402], [-68.97934758, -29.22959173], [-68.97910963, -29.23054351], [-68.9797045, -29.23232811], [-68.98113218, -29.23292297], [-68.98184602, -29.23339887], [-68.98291677, -29.23423168], [-68.98386856, -29.23577833], [-68.98470137, -29.2376819], [-68.98480655, -29.23794485], [-68.98541521, -29.23946649], [-68.98565315, -29.2407752], [-68.98612904, -29.24232184], [-68.98665655, -29.24279074], [-68.9871998, -29.24327363], [-68.98755672, -29.24458233], [-68.98838953, -29.24601001], [-68.98934132, -29.24731871], [-68.98981721, -29.24898433], [-68.99065002, -29.25053099], [-68.99112591, -29.25160174], [-68.99219667, -29.25505196], [-68.99219667, -29.25719348], [-68.99148283, -29.25826423], [-68.99148283, -29.26088164], [-68.99148283, -29.26159548], [-68.99124489, -29.26314213], [-68.99094465, -29.2641429], [-68.99006413, -29.2646021], [-68.98839851, -29.26698156], [-68.98971746, -29.26920677], [-68.99015931, -29.27050316], [-68.98946029, -29.27279729], [-68.98910337, -29.27396868], [-68.98874645, -29.27408765], [-68.98672391, -29.27492046], [-68.98505829, -29.27527738], [-68.98351311, -29.27599036], [-68.98309326, -29.27618408], [-68.9821167, -29.27709961], [-68.98071289, -29.27880859], [-68.97888184, -29.2791748], [-68.97601318, -29.2789917], [-68.9743042, -29.27880859], [-68.97149658, -29.27807617], [-68.970615, -29.27818637], [-68.97052002, -29.27819824], [-68.97043162, -29.27821592], [-68.96960449, -29.27838135], [-68.96557617, -29.28118896], [-68.96403283, -29.28240047], [-68.96146301, -29.28344743], [-68.95879801, -29.28525582], [-68.95822694, -29.28663591], [-68.95803848, -29.28767413], [-68.96090676, -29.29026798], [-68.96093287, -29.29029932], [-68.96099716, -29.29037647], [-68.96209649, -29.29169566], [-68.96221546, -29.29300436], [-68.96185854, -29.29395615], [-68.96138265, -29.29621664], [-68.9611447, -29.29883404], [-68.9611447, -29.2999048], [-68.96102573, -29.3012135], [-68.96102573, -29.30276015], [-68.96102573, -29.30490167], [-68.96185854, -29.30656729], [-68.96257238, -29.30799497], [-68.96331899, -29.30952632], [-68.96331899, -29.3100974], [-68.96233444, -29.31108827], [-68.96043087, -29.31299183], [-68.9585273, -29.31430054], [-68.95757551, -29.31620411], [-68.95757551, -29.31715589], [-68.95864627, -29.31822665], [-68.95936011, -29.31894049], [-68.95971703, -29.31929741], [-68.96007395, -29.31989227], [-68.96185854, -29.31965433], [-68.964238, -29.31751281], [-68.96586887, -29.31687859], [-68.96717371, -29.3158081], [-68.96803032, -29.31423766], [-68.96974353, -29.31380935], [-68.97339893, -29.3153713], [-68.97554044, -29.31691795], [-68.97577839, -29.31751281], [-68.97720607, -29.31989227], [-68.97907102, -29.32304166], [-68.98254503, -29.3241838], [-68.9840203, -29.325088], [-68.98493931, -29.3264205], [-68.98510825, -29.32752129], [-68.98540144, -29.32943174], [-68.98517726, -29.33107574], [-68.98493931, -29.3321465], [-68.98493931, -29.3334552], [-68.98446342, -29.3347639], [-68.98339266, -29.33642953], [-68.98339266, -29.33773823], [-68.98303575, -29.33892796], [-68.98232191, -29.34154537], [-68.98208396, -29.34344894], [-68.98172704, -29.34499558], [-68.98137012, -29.34642326], [-68.98053731, -29.34761299], [-68.98041642, -29.34778569], [-68.9797045, -29.34880272], [-68.97851477, -29.34975451], [-68.97732504, -29.3515391], [-68.97720607, -29.35260986], [-68.97613531, -29.35379959], [-68.97613531, -29.35570316], [-68.97542147, -29.35665494], [-68.97518352, -29.35843954], [-68.97565942, -29.35962927], [-68.97565942, -29.36165181], [-68.97494558, -29.36296052], [-68.97458866, -29.36415025], [-68.97518352, -29.365221], [-68.97542147, -29.36617279], [-68.97637325, -29.36771944], [-68.97780093, -29.36855225], [-68.97863374, -29.36962301], [-68.97934758, -29.37116966], [-68.98217773, -29.37249756], [-68.98406789, -29.37434284], [-68.98559074, -29.37605605], [-68.98663771, -29.37634159], [-68.98982618, -29.37776927], [-68.99142373, -29.37940475], [-68.99169922, -29.37988281], [-68.99261361, -29.38287999], [-68.99279785, -29.38348389], [-68.99389648, -29.3862915], [-68.99433838, -29.3875832], [-68.99468994, -29.38861084], [-68.99572754, -29.390625], [-68.99577791, -29.39075252], [-68.99636073, -29.39222789], [-68.9977884, -29.39484529], [-69.00081929, -29.39804227], [-69.00219041, -29.39972319], [-69.00242835, -29.4018647], [-69.00135759, -29.40460108], [-69.00100068, -29.40662362], [-69.00004889, -29.40876514], [-68.99885916, -29.41197741], [-68.99766943, -29.41388098], [-68.99671765, -29.41518968], [-68.99421921, -29.41614147], [-68.99279154, -29.41709325], [-68.99195872, -29.41804504], [-68.98946029, -29.41947271], [-68.9866373, -29.42006084], [-68.98660494, -29.42006758], [-68.98644743, -29.42010696], [-68.98517726, -29.4204245], [-68.98351164, -29.42149526], [-68.98172704, -29.42197115], [-68.98018039, -29.42256601], [-68.97922861, -29.42363677], [-68.97863374, -29.42506445], [-68.97853699, -29.42531601], [-68.97803888, -29.4266111], [-68.97780093, -29.42875261], [-68.97720607, -29.43029926], [-68.97696812, -29.43327359], [-68.97696812, -29.43422537], [-68.97684915, -29.4367238], [-68.97697002, -29.4372879], [-68.97631084, -29.43911177], [-68.974905, -29.44145685], [-68.97411277, -29.44243451], [-68.97387482, -29.4433863], [-68.97369888, -29.44470582], [-68.97421692, -29.44705917], [-68.97512111, -29.44881997], [-68.97545424, -29.45105667], [-68.97545424, -29.45367407], [-68.9748723, -29.45443183], [-68.97488317, -29.45705291], [-68.97578736, -29.45767157], [-68.97751248, -29.45821884], [-68.97921362, -29.45925257], [-68.98089423, -29.46111328], [-68.98177582, -29.4635772], [-68.98235342, -29.46498419], [-68.98233861, -29.46616902], [-68.98264963, -29.46739828], [-68.98281255, -29.46861273], [-68.98339266, -29.46991729], [-68.98422548, -29.47193983], [-68.9845824, -29.47431929], [-68.98517726, -29.47586594], [-68.98612904, -29.47717464], [-68.98743775, -29.47800745], [-68.98815159, -29.47812643], [-68.98981721, -29.47812643], [-68.99243462, -29.47539005], [-68.99279154, -29.4733675], [-68.99337435, -29.4711195], [-68.99504592, -29.46960503], [-68.99668987, -29.46772411], [-68.99777102, -29.466717], [-68.99842268, -29.46619864], [-68.99888696, -29.46593039], [-68.99908915, -29.46581357], [-68.99953346, -29.46600611], [-69.00018512, -29.46637636], [-69.00042208, -29.46682068], [-69.00067386, -29.46815361], [-69.00086639, -29.47047884], [-69.00076272, -29.47305584], [-69.00089601, -29.47530702], [-69.00123862, -29.47753156], [-69.001444, -29.48000191], [-69.00178939, -29.48112721], [-69.00227422, -29.48176866], [-69.00338416, -29.48257892], [-69.0057687, -29.48409959], [-69.00647344, -29.48502686], [-69.00813906, -29.48669249], [-69.00897187, -29.48978579], [-69.00920982, -29.49109449], [-69.00909084, -29.49276011], [-69.00905026, -29.49361235], [-69.00878994, -29.49436797], [-69.00859741, -29.49534546], [-69.00878994, -29.49601193], [-69.00980468, -29.49692417], [-69.01111338, -29.49870876], [-69.01227038, -29.49989224], [-69.01421054, -29.50149176], [-69.01652096, -29.50258773], [-69.01798719, -29.50362446], [-69.01940898, -29.50544613], [-69.01952747, -29.50692717], [-69.02011988, -29.50895619], [-69.02111218, -29.51017064], [-69.02294866, -29.51218485], [-69.02463704, -29.51579859], [-69.02669569, -29.51879028], [-69.0276918, -29.52048965], [-69.02959215, -29.52239], [-69.02960205, -29.5223999], [-69.03050599, -29.52286029], [-69.0313388, -29.5236931], [-69.0313388, -29.52488283], [-69.03145778, -29.52595359], [-69.03205264, -29.52761921], [-69.03276648, -29.5298797], [-69.03324237, -29.53106943], [-69.03348032, -29.53202122], [-69.03371826, -29.532973], [-69.0331234, -29.53463862], [-69.03157675, -29.53642322], [-69.03002152, -29.53801922], [-69.02887941, -29.53919127], [-69.02847966, -29.54050473], [-69.02905073, -29.54490198], [-69.03087816, -29.54827129], [-69.03210276, -29.54928846], [-69.0325228, -29.55027856], [-69.03300443, -29.55141382], [-69.03359929, -29.55391226], [-69.03371826, -29.55605377], [-69.03431313, -29.55890913], [-69.03383724, -29.56105064], [-69.03407518, -29.56331113], [-69.03406953, -29.56341291], [-69.03395621, -29.56545264], [-69.03348032, -29.56699929], [-69.03346367, -29.56728225], [-69.03336134, -29.56902184], [-69.03264751, -29.57068746], [-69.03264751, -29.57163924], [-69.03205264, -29.57294795], [-69.0318147, -29.57425665], [-69.0318147, -29.57520843], [-69.03182107, -29.57531042], [-69.03193367, -29.577112], [-69.03252853, -29.57949146], [-69.03252853, -29.58056222], [-69.03232788, -29.58128457], [-69.03193367, -29.58270374], [-69.03102341, -29.58489286], [-69.02969792, -29.58739015], [-69.02858375, -29.58873485], [-69.02489544, -29.59065584], [-69.02426151, -29.59171239], [-69.02312966, -29.59364926], [-69.0230752, -29.59430283], [-69.02301069, -29.59507693], [-69.02301069, -29.5956718], [-69.02312966, -29.59781331], [-69.02305129, -29.60152866], [-69.0229562, -29.60281242], [-69.02282077, -29.60464067], [-69.02243432, -29.60672873], [-69.02138003, -29.61292015], [-69.02112257, -29.61603725], [-69.02110712, -29.61622426], [-69.02110712, -29.61667588], [-69.02110712, -29.616849], [-69.02099656, -29.61708591], [-69.02027431, -29.6186336], [-69.01965878, -29.61993306], [-69.01920355, -29.62089408], [-69.01920355, -29.62129938], [-69.01920355, -29.62135535], [-69.01920355, -29.62373576], [-69.01920355, -29.62390659], [-69.01920355, -29.62422533], [-69.01967944, -29.62541506], [-69.02038177, -29.62780536], [-69.02073868, -29.62848351], [-69.02081007, -29.63062502], [-69.02078909, -29.63147352], [-69.02068847, -29.63554444], [-69.02057725, -29.63629912], [-69.02008239, -29.6396571], [-69.01978258, -29.64169154], [-69.01810021, -29.64654451], [-69.01596491, -29.65003865], [-69.01298842, -29.65204454], [-69.01007663, -29.65269161], [-69.00932416, -29.65265398], [-69.00748838, -29.65256219], [-69.00554719, -29.65217396], [-69.00166482, -29.65178572], [-68.99875303, -29.65113865], [-68.99500007, -29.64977982], [-68.99002446, -29.64922698], [-68.9891765, -29.64913276], [-68.97994245, -29.64980453], [-68.97750782, -29.64965237], [-68.97613531, -29.64956659], [-68.97078152, -29.65063735], [-68.96768822, -29.65206502], [-68.96340519, -29.65301681], [-68.96190349, -29.65401794], [-68.96126368, -29.65444448], [-68.96116233, -29.65450529], [-68.95888422, -29.65587216], [-68.95823714, -29.65662709], [-68.95745654, -29.65753778], [-68.95713706, -29.65742503], [-68.955434, -29.65682394], [-68.95400632, -29.65587216], [-68.95376838, -29.65492037], [-68.95355611, -29.65458075], [-68.95317351, -29.65396859], [-68.95269762, -29.65265989], [-68.95198378, -29.65182708], [-68.95080001, -29.65123519], [-68.95079388, -29.65123213], [-68.95031816, -29.65099426], [-68.94829562, -29.65051837], [-68.94662999, -29.65087529], [-68.9443695, -29.65111324], [-68.94222799, -29.65147016], [-68.94068134, -29.65158913], [-68.9394231, -29.65158913], [-68.93940944, -29.65158913], [-68.93830188, -29.65158913], [-68.9373501, -29.65087529], [-68.93727607, -29.65065321], [-68.9368742, -29.64944762], [-68.93592242, -29.64766302], [-68.93532755, -29.64706815], [-68.93473269, -29.64540253], [-68.93413782, -29.64445075], [-68.93413782, -29.64278513], [-68.93413782, -29.64100053], [-68.93413782, -29.64028669], [-68.93413782, -29.63862107], [-68.9337809, -29.63766928], [-68.93366193, -29.63683647], [-68.93401885, -29.63564674], [-68.93497063, -29.6349329], [-68.93508961, -29.63338625], [-68.93444485, -29.63209247], [-68.93399667, -29.63064448], [-68.93410009, -29.62988601], [-68.93501592, -29.62773005], [-68.93472066, -29.62612814], [-68.93447933, -29.62492148], [-68.9357657, -29.62391809], [-68.93568326, -29.62281351], [-68.93530675, -29.62219788], [-68.93485856, -29.62147389], [-68.93478961, -29.62012933], [-68.93444485, -29.61992247], [-68.93383142, -29.61978431], [-68.93253549, -29.62032982], [-68.93179936, -29.62080339], [-68.93130754, -29.62054304], [-68.93071845, -29.62063081], [-68.93010364, -29.62087866], [-68.92934242, -29.62061199], [-68.92854282, -29.6205648], [-68.92720491, -29.62081885], [-68.92584142, -29.62115932], [-68.92566297, -29.62111787], [-68.92483735, -29.62092608], [-68.92275095, -29.62081165], [-68.92141799, -29.62084506], [-68.91807646, -29.62220279], [-68.91530975, -29.62197223], [-68.91526803, -29.62196875], [-68.91522111, -29.62196484], [-68.91236575, -29.62136998], [-68.91022424, -29.62041819], [-68.90784478, -29.61982333], [-68.90653607, -29.6186336], [-68.90451353, -29.61732489], [-68.90320483, -29.61530235], [-68.90197966, -29.61450959], [-68.90118229, -29.61399365], [-68.89987358, -29.61339878], [-68.89844591, -29.61173316], [-68.89701823, -29.60947267], [-68.89487672, -29.60816397], [-68.89285418, -29.60721218], [-68.89214034, -29.60619241], [-68.88976088, -29.60483272], [-68.88952293, -29.60304813], [-68.88952293, -29.60162045], [-68.88904704, -29.59947894], [-68.88845217, -29.59781331], [-68.88761936, -29.59662358], [-68.88693746, -29.59564944], [-68.88547785, -29.59335182], [-68.88540442, -29.59330147], [-68.88435307, -29.59258055], [-68.8840071, -29.59306561], [-68.88528219, -29.59534114], [-68.88535114, -29.59644437], [-68.88524771, -29.59758208], [-68.88512093, -29.59840818], [-68.88583477, -29.59995483], [-68.88759388, -29.60120022], [-68.88814369, -29.6032706], [-68.88824712, -29.60564944], [-68.88828159, -29.60692505], [-68.88775921, -29.60825476], [-68.88809525, -29.60875883], [-68.88809525, -29.60947267], [-68.88809525, -29.61054343], [-68.88809525, -29.61280392], [-68.88726244, -29.61565927], [-68.88726244, -29.61934743], [-68.88726244, -29.62037066], [-68.88304125, -29.62347349], [-68.88069689, -29.6254731], [-68.87903374, -29.62868112], [-68.87762562, -29.62969809], [-68.87524616, -29.63064987], [-68.87358054, -29.63160166], [-68.87132005, -29.6323155], [-68.86894059, -29.63314831], [-68.86620421, -29.63398112], [-68.8653714, -29.63421906], [-68.8650634, -29.63433254], [-68.86311091, -29.63505188], [-68.86186768, -29.6351762], [-68.85545407, -29.63143374], [-68.85407737, -29.63149986], [-68.85189433, -29.63218389], [-68.85109464, -29.63243447], [-68.85049977, -29.63255344], [-68.85004058, -29.6326885], [-68.84763448, -29.63271304], [-68.84511774, -29.63212695], [-68.84167015, -29.63181667], [-68.8388776, -29.63202352], [-68.8349143, -29.63243447], [-68.83280984, -29.63281647], [-68.82819849, -29.63064037], [-68.82515618, -29.62840355], [-68.82315658, -29.62843803], [-68.82163964, -29.62923097], [-68.82023066, -29.6299887], [-68.81895187, -29.62974335], [-68.81754424, -29.62934117], [-68.81653923, -29.62928205], [-68.81552169, -29.6292222], [-68.81338018, -29.62850836], [-68.81202086, -29.62802431], [-68.80984887, -29.62757613], [-68.8079527, -29.62633499], [-68.80550491, -29.62536967], [-68.8035053, -29.62471463], [-68.80227449, -29.62413657], [-68.7995061, -29.62368035], [-68.79674802, -29.62305978], [-68.79581717, -29.62312873], [-68.79398995, -29.62237026], [-68.79278329, -29.62219788], [-68.79171454, -29.62340454], [-68.79065633, -29.6243443], [-68.78830073, -29.62441399], [-68.78732508, -29.6243443], [-68.78482665, -29.62422533], [-68.78328, -29.62446328], [-68.78223366, -29.62430091], [-68.77751046, -29.62602471], [-68.7754419, -29.62630052], [-68.77354573, -29.62736927], [-68.77199431, -29.62995497], [-68.76937228, -29.63110538], [-68.76864631, -29.63124474], [-68.7659955, -29.63109267], [-68.76225378, -29.63220231], [-68.76067512, -29.63243447], [-68.7585336, -29.63279139], [-68.75567825, -29.63195858], [-68.75425057, -29.63160166], [-68.75163317, -29.63160166], [-68.75044344, -29.63136371], [-68.74949165, -29.63136371], [-68.747945, -29.63172063], [-68.74770706, -29.63172063], [-68.74627938, -29.63100679], [-68.74342403, -29.6292222], [-68.74128251, -29.62779452], [-68.7386651, -29.62648582], [-68.73818921, -29.62630736], [-68.73747537, -29.62618838], [-68.73711846, -29.62589095], [-68.7364641, -29.62565301], [-68.73637758, -29.62563137], [-68.73627098, -29.62560473], [-68.73271645, -29.62630736], [-68.7294855, -29.62526624], [-68.72807199, -29.6246112], [-68.72707219, -29.62423196], [-68.7240383, -29.62481805], [-68.72072862, -29.62485253], [-68.71793607, -29.62454225], [-68.7153159, -29.62468015], [-68.71145459, -29.62609366], [-68.7100066, -29.62726584], [-68.71042032, -29.62971363], [-68.71066398, -29.63056645], [-68.71090298, -29.63140295], [-68.71058964, -29.63215063], [-68.70911023, -29.63312675], [-68.70580271, -29.63327761], [-68.70499573, -29.63374317], [-68.70463105, -29.63393227], [-68.70318037, -29.6350574], [-68.6993631, -29.6358308], [-68.69919744, -29.63582476], [-68.69611281, -29.63571244], [-68.69363054, -29.63547111], [-68.69056219, -29.63685015], [-68.68726611, -29.64002351], [-68.68679286, -29.64034618], [-68.6866785, -29.64046054], [-68.68649542, -29.64064361], [-68.68566261, -29.6411195], [-68.68554172, -29.64126726], [-68.68512723, -29.64177385], [-68.68459185, -29.64254718], [-68.68426738, -29.64284847], [-68.68375904, -29.6433205], [-68.68364007, -29.64415332], [-68.68328315, -29.64522407], [-68.68316418, -29.64575945], [-68.68298572, -29.6464138], [-68.68297991, -29.64641525], [-68.68250983, -29.64653278], [-68.68203393, -29.64653278], [-68.68149856, -29.64647329], [-68.68090369, -29.64581894], [-68.68018985, -29.64546202], [-68.6795355, -29.6451051], [-68.6786432, -29.64433177], [-68.67798885, -29.64361794], [-68.67715604, -29.64343948], [-68.67632323, -29.64308256], [-68.67519298, -29.64284461], [-68.6746576, -29.64254718], [-68.6745406, -29.64244317], [-68.67412223, -29.64207129], [-68.67317044, -29.64135745], [-68.67275404, -29.6411195], [-68.6720402, -29.64088156], [-68.67126687, -29.64058412], [-68.67073149, -29.64040566], [-68.66942279, -29.64010823], [-68.66864947, -29.63987029], [-68.66781665, -29.63987029], [-68.66656744, -29.64004874], [-68.66579411, -29.64004874], [-68.66460438, -29.64016772], [-68.66335517, -29.63992977], [-68.66264133, -29.63987029], [-68.66180852, -29.63992977], [-68.66115416, -29.63992977], [-68.66020238, -29.63992977], [-68.65948854, -29.63987029], [-68.65880991, -29.63999753], [-68.65853676, -29.64004874], [-68.657466, -29.64040566], [-68.65633576, -29.64064361], [-68.65502705, -29.64082207], [-68.65371835, -29.64094104], [-68.65276656, -29.6407031], [-68.65276378, -29.64070171], [-68.6527061, -29.64067286], [-68.65181478, -29.6402272], [-68.65104145, -29.63969183], [-68.64961378, -29.63945388], [-68.64866199, -29.63903747], [-68.64800764, -29.63903747], [-68.64747226, -29.63927542], [-68.64657997, -29.63939439], [-68.6459851, -29.63975131], [-68.64527126, -29.63963234], [-68.6446764, -29.63969183], [-68.64324872, -29.63951337], [-68.64241591, -29.63915645], [-68.64116669, -29.63897799], [-68.64039337, -29.63897799], [-68.63956056, -29.63897799], [-68.6389062, -29.63915645], [-68.63807339, -29.63927542], [-68.63682418, -29.63969183], [-68.63605085, -29.64034618], [-68.63527753, -29.64117899], [-68.6345042, -29.64159539], [-68.6336119, -29.64213077], [-68.63260063, -29.64219026], [-68.6314109, -29.64242821], [-68.63093463, -29.64242821], [-68.63087552, -29.64242821], [-68.62974528, -29.64260666], [-68.62855555, -29.64272564], [-68.62754034, -29.64333476], [-68.62736582, -29.64343948], [-68.62605711, -29.64373691], [-68.62468892, -29.64433177], [-68.62421303, -29.64474818], [-68.62314228, -29.64516459], [-68.62183357, -29.64564048], [-68.62064384, -29.64581894], [-68.61885925, -29.64575945], [-68.61766951, -29.64546202], [-68.61695568, -29.64534305], [-68.61558749, -29.64528356], [-68.61398135, -29.6451051], [-68.61237521, -29.6451051], [-68.61076908, -29.64439126], [-68.60957935, -29.64403434], [-68.60797321, -29.64403434], [-68.6058317, -29.6442128], [-68.60250045, -29.6442128], [-68.60047791, -29.64355845], [-68.59869331, -29.64219026], [-68.59772485, -29.64174638], [-68.59726564, -29.64153591], [-68.59601642, -29.64123847], [-68.5948902, -29.64100138], [-68.59481088, -29.64098468], [-68.59375593, -29.64076258], [-68.59173339, -29.64040566], [-68.59036871, -29.64043533], [-68.58899701, -29.64046515], [-68.58673652, -29.64064361], [-68.58411912, -29.64088156], [-68.58191811, -29.64040566], [-68.58078787, -29.6402272], [-68.57870584, -29.64010823], [-68.57762053, -29.63948209], [-68.57715919, -29.63921593], [-68.57519614, -29.63879953], [-68.57418894, -29.63836787], [-68.57311411, -29.63790723], [-68.57126571, -29.6375448], [-68.5700803, -29.63731236], [-68.56889057, -29.63701493], [-68.5682957, -29.63701493], [-68.56734392, -29.63695544], [-68.56692751, -29.63695544], [-68.5665111, -29.63695544], [-68.56457519, -29.63787842], [-68.56091309, -29.63769531], [-68.55767822, -29.63751221], [-68.55499268, -29.63739014], [-68.5526123, -29.63739014], [-68.55034372, -29.63739014], [-68.54949951, -29.63739014], [-68.54669189, -29.63751221], [-68.53869629, -29.6395874], [-68.53643887, -29.63931568], [-68.53518208, -29.6391644], [-68.53470628, -29.63910712], [-68.53210449, -29.63879394], [-68.52770996, -29.63848877], [-68.52380371, -29.63787842], [-68.52020264, -29.63751221], [-68.51782728, -29.6377704], [-68.51739502, -29.63781738], [-68.51660426, -29.63792521], [-68.51470947, -29.63818359], [-68.51291407, -29.63867325], [-68.51202393, -29.63891602], [-68.51100541, -29.6391274], [-68.50878906, -29.6395874], [-68.50834257, -29.63974407], [-68.50779365, -29.63993667], [-68.50531006, -29.6408081], [-68.50319072, -29.6408081], [-68.50170898, -29.6408081], [-68.50124517, -29.64077799], [-68.49700928, -29.64050293], [-68.49298096, -29.6408081], [-68.49078369, -29.64099121], [-68.48820554, -29.64186516], [-68.48718262, -29.64221191], [-68.48419189, -29.64270019], [-68.47979736, -29.64318848], [-68.47711182, -29.64349365], [-68.47119141, -29.64379883], [-68.4677124, -29.64428711], [-68.46429443, -29.64501953], [-68.46087646, -29.64569092], [-68.45664243, -29.64677967], [-68.456604, -29.64678955], [-68.45349121, -29.6473999], [-68.45332846, -29.64743004], [-68.45019531, -29.64801025], [-68.44769287, -29.64898682], [-68.44570958, -29.64954731], [-68.44488525, -29.64978027], [-68.44128418, -29.65051269], [-68.43644094, -29.65306611], [-68.41072314, -29.66662484], [-68.40875617, -29.66766185], [-68.37992922, -29.68285976], [-68.3310423, -29.70863354], [-68.3279944, -29.71024043], [-68.30457111, -29.72258947], [-68.29479728, -29.72774235], [-68.27115785, -29.74020534], [-68.26989678, -29.74087019], [-68.2692622, -29.74120475], [-68.26434607, -29.74379659], [-68.25980183, -29.74619237], [-68.259788, -29.74619966], [-68.25893956, -29.74664697], [-68.258789, -29.74672635], [-68.25878689, -29.74672746], [-68.25857731, -29.74683795], [-68.25848389, -29.74688721], [-68.25855026, -29.74692024], [-68.2585718, -29.74693095], [-68.25954865, -29.74741708], [-68.25999334, -29.74763837], [-68.26003653, -29.74765987], [-68.26012921, -29.74774096], [-68.26028734, -29.74787933], [-68.26089275, -29.74840906], [-68.26098832, -29.74849268], [-68.26229702, -29.74920652], [-68.26276027, -29.74964252], [-68.26319912, -29.75005555], [-68.2633703, -29.75021667], [-68.26431956, -29.75111009], [-68.2663421, -29.75313263], [-68.26654855, -29.7542681], [-68.26658005, -29.75444133], [-68.26701152, -29.75530428], [-68.26788875, -29.75705874], [-68.26776978, -29.75860539], [-68.26658005, -29.76003306], [-68.26539032, -29.76110382], [-68.2650381, -29.76124471], [-68.26449406, -29.76146232], [-68.26425369, -29.76155847], [-68.26420059, -29.76157971], [-68.26174107, -29.76256352], [-68.26122626, -29.76276944], [-68.26003653, -29.76348328], [-68.25969807, -29.76379354], [-68.25860886, -29.76479199], [-68.25843139, -29.76505011], [-68.25840865, -29.76508319], [-68.25829986, -29.76524144], [-68.25776884, -29.76601383], [-68.25730015, -29.76669555], [-68.25658631, -29.7682422], [-68.25651629, -29.7688374], [-68.25634837, -29.77026475], [-68.25567948, -29.7718892], [-68.25551556, -29.77228729], [-68.25503966, -29.77407188], [-68.25503966, -29.77597545], [-68.25503966, -29.77753957], [-68.25503966, -29.77755228], [-68.25503966, -29.77823594], [-68.25384993, -29.78073437], [-68.25267325, -29.7811266], [-68.25206534, -29.78132924], [-68.25147047, -29.78180513], [-68.25094139, -29.78191851], [-68.24980485, -29.78216205], [-68.24778231, -29.78204308], [-68.24552182, -29.78156719], [-68.24373722, -29.78121027], [-68.24171468, -29.78073437], [-68.24019744, -29.78028482], [-68.23938201, -29.78004321], [-68.23850241, -29.77978259], [-68.23647987, -29.77906875], [-68.23374349, -29.77883081], [-68.23350486, -29.77883081], [-68.23231581, -29.77883081], [-68.23166606, -29.77908232], [-68.22893307, -29.78014025], [-68.22862765, -29.78025848], [-68.22713066, -29.78152517], [-68.227081, -29.78156719], [-68.22623855, -29.78230433], [-68.22612921, -29.7824], [-68.22482051, -29.78311383], [-68.22465816, -29.78318442], [-68.22447674, -29.7832633], [-68.22280334, -29.78399087], [-68.22208413, -29.78430356], [-68.22101337, -29.78454151], [-68.21875288, -29.78477946], [-68.21732521, -29.78406562], [-68.21708726, -29.78394665], [-68.21588639, -29.78366409], [-68.21583109, -29.78365108], [-68.21506472, -29.78347075], [-68.21268526, -29.78347075], [-68.21220937, -29.78323281], [-68.21090066, -29.78311383], [-68.21046227, -29.78311383], [-68.20911607, -29.78311383], [-68.20864018, -29.7837087], [-68.20709353, -29.7837087], [-68.2059038, -29.78418459], [-68.20507098, -29.78394665], [-68.20368546, -29.78290751], [-68.20364331, -29.78287589], [-68.2031788, -29.78245361], [-68.2023346, -29.78168616], [-68.20055001, -29.78097232], [-68.19900336, -29.78109129], [-68.19840849, -29.78156719], [-68.19728019, -29.78269549], [-68.19724715, -29.78272853], [-68.1966239, -29.78335178], [-68.19614801, -29.78382767], [-68.19610176, -29.78387392], [-68.19591006, -29.78406562], [-68.19590054, -29.78407395], [-68.19495828, -29.78489843], [-68.19460136, -29.7854933], [-68.19344701, -29.78610442], [-68.19257881, -29.78656405], [-68.19222189, -29.7881107], [-68.19186498, -29.79001427], [-68.19127011, -29.79167989], [-68.19115114, -29.79286963], [-68.19115114, -29.79370244], [-68.19091319, -29.79513011], [-68.1904373, -29.79620087], [-68.18936654, -29.79762855], [-68.18860583, -29.79831319], [-68.18817681, -29.7986993], [-68.18746297, -29.7991752], [-68.1870753, -29.7995927], [-68.18671496, -29.79998075], [-68.18663163, -29.80007049], [-68.18591632, -29.80084082], [-68.18570693, -29.801469], [-68.18534406, -29.80255762], [-68.18520249, -29.80298233], [-68.18472659, -29.80548077], [-68.18472659, -29.80738883], [-68.18472659, -29.8079792], [-68.18472659, -29.80933827], [-68.18472659, -29.81119147], [-68.18420376, -29.81171431], [-68.18407224, -29.81184583], [-68.18359635, -29.8128571], [-68.18359635, -29.81392785], [-68.1838343, -29.8154745], [-68.18389378, -29.81642629], [-68.18371856, -29.81674487], [-68.18368461, -29.81680661], [-68.18368325, -29.81680907], [-68.18323943, -29.81761602], [-68.18270405, -29.8181514], [-68.18210919, -29.81922216], [-68.18175227, -29.82064983], [-68.18187885, -29.82124657], [-68.18216867, -29.82261289], [-68.18300148, -29.82368364], [-68.18353686, -29.82499235], [-68.18413173, -29.82647951], [-68.18401275, -29.82778821], [-68.18394929, -29.8283911], [-68.18389378, -29.82891846], [-68.18389378, -29.82981076], [-68.18389378, -29.83027315], [-68.18389378, -29.83047389], [-68.18389378, -29.83141689], [-68.18419121, -29.83254714], [-68.1843333, -29.833286], [-68.18448865, -29.83409379], [-68.18453322, -29.83440577], [-68.18466711, -29.835343], [-68.18502403, -29.83617581], [-68.18484557, -29.83766298], [-68.18436967, -29.83920963], [-68.18423459, -29.83946629], [-68.18384322, -29.8402099], [-68.18377481, -29.84033987], [-68.18365584, -29.84164857], [-68.18407224, -29.84355214], [-68.18407224, -29.8446229], [-68.18407224, -29.84569366], [-68.18460762, -29.84724031], [-68.18436967, -29.84813261], [-68.18353686, -29.84884644], [-68.18314894, -29.84950591], [-68.182942, -29.84985772], [-68.18270212, -29.85004223], [-68.18216867, -29.85045258], [-68.18176256, -29.85271519], [-68.18175227, -29.85277255], [-68.18126412, -29.85389905], [-68.18097894, -29.85455715], [-68.18070749, -29.85521638], [-68.18056254, -29.85556842], [-68.18014613, -29.85574688], [-68.17865897, -29.85729353], [-68.17693386, -29.85860223], [-68.17663816, -29.85870784], [-68.17526824, -29.8591971], [-68.17378107, -29.85961351], [-68.17080675, -29.86062478], [-68.17044148, -29.86084865], [-68.16896266, -29.86175502], [-68.16879847, -29.86180554], [-68.16741601, -29.86223091], [-68.16643506, -29.86243792], [-68.16619873, -29.86248779], [-68.16569091, -29.86240937], [-68.16503655, -29.86288526], [-68.16366836, -29.86413448], [-68.16337093, -29.86514575], [-68.16414426, -29.86675189], [-68.16453466, -29.86769536], [-68.16453819, -29.86770388], [-68.16485809, -29.868477], [-68.16503655, -29.86930981], [-68.16509604, -29.870678], [-68.16528731, -29.87149772], [-68.16551245, -29.87246259], [-68.16557193, -29.87341438], [-68.16491758, -29.87472308], [-68.16435734, -29.87533001], [-68.16420374, -29.87549641], [-68.16366836, -29.87656716], [-68.16331144, -29.87704306], [-68.16295453, -29.87751895], [-68.16210689, -29.87833127], [-68.16152685, -29.87888714], [-68.1608726, -29.87954139], [-68.16084674, -29.87956724], [-68.16063455, -29.87977944], [-68.1601865, -29.88080994], [-68.16003968, -29.88114763], [-68.15980174, -29.88209941], [-68.15986123, -29.88328914], [-68.15984437, -29.88336078], [-68.15975006, -29.88376159], [-68.15973911, -29.88380813], [-68.15962328, -29.88430041], [-68.15879047, -29.88543066], [-68.15748176, -29.88596604], [-68.15498333, -29.88590655], [-68.15438578, -29.88610573], [-68.15337719, -29.88644193], [-68.152009, -29.88691782], [-68.1517883, -29.88707547], [-68.15117619, -29.88751268], [-68.15034338, -29.88810755], [-68.14814238, -29.88816704], [-68.1471906, -29.88798858], [-68.14606035, -29.88751268], [-68.14522754, -29.88739371], [-68.14374038, -29.88662039], [-68.14272911, -29.88614449], [-68.14265566, -29.88610253], [-68.1418963, -29.8856686], [-68.14118246, -29.88501425], [-68.13963581, -29.88447887], [-68.13814864, -29.88430041], [-68.13624999, -29.88401274], [-68.13618559, -29.88400298], [-68.13487689, -29.88400298], [-68.13386561, -29.88418144], [-68.13273537, -29.88400298], [-68.13136718, -29.88406247], [-68.13011796, -29.88483579], [-68.12827388, -29.88519271], [-68.12666775, -29.88483579], [-68.12577545, -29.88418144], [-68.12416931, -29.88370555], [-68.12350477, -29.8835671], [-68.12274163, -29.88340811], [-68.12178985, -29.88358657], [-68.12042166, -29.88364606], [-68.11992293, -29.88383308], [-68.11946988, -29.88400298], [-68.11750682, -29.88453836], [-68.11690656, -29.88493853], [-68.11661452, -29.88513322], [-68.11512736, -29.88507374], [-68.1136402, -29.88459785], [-68.11221252, -29.8847763], [-68.11090382, -29.88489528], [-68.1096546, -29.8847763], [-68.1083459, -29.8843599], [-68.10739411, -29.88424093], [-68.10706062, -29.88420758], [-68.10620438, -29.88412195], [-68.10519311, -29.88424093], [-68.10462934, -29.88452281], [-68.10424133, -29.88471682], [-68.10293262, -29.88543066], [-68.1021593, -29.88554963], [-68.10108854, -29.88572809], [-68.10048532, -29.88583454], [-68.10007727, -29.88590655], [-68.09882805, -29.88662039], [-68.09847113, -29.88697731], [-68.09783685, -29.88720117], [-68.09745986, -29.88733423], [-68.09632962, -29.88769114], [-68.09525886, -29.88804806], [-68.09481921, -29.88832784], [-68.09460451, -29.88846447], [-68.09347427, -29.88888087], [-68.09234402, -29.88917831], [-68.09174916, -29.88947574], [-68.09132749, -29.88954907], [-68.09038097, -29.88971369], [-68.08925072, -29.88959471], [-68.08788253, -29.88935677], [-68.08780219, -29.88938187], [-68.08597896, -29.88995163], [-68.08558135, -29.88995163], [-68.08473768, -29.88995163], [-68.08473457, -29.88995163], [-68.0845543, -29.88995163], [-68.08413488, -29.88995163], [-68.08246926, -29.88989215], [-68.08003031, -29.89001112], [-68.07984449, -29.89035621], [-68.07980477, -29.89042998], [-68.079654, -29.89070998], [-68.0795037, -29.89098911], [-68.0791975, -29.89155777], [-68.07729393, -29.89173623], [-68.07634215, -29.89137931], [-68.07544985, -29.89114136], [-68.07513259, -29.8910906], [-68.07512954, -29.89109011], [-68.07503531, -29.89107504], [-68.07396269, -29.89090342], [-68.07241604, -29.89143879], [-68.0721546, -29.89181228], [-68.07215073, -29.8918178], [-68.071958, -29.89209313], [-68.07116682, -29.89322339], [-68.06944171, -29.89459158], [-68.06938222, -29.89524593], [-68.06872787, -29.89578131], [-68.06753814, -29.89578131], [-68.06611046, -29.8958408], [-68.06515868, -29.89619772], [-68.06390946, -29.89691156], [-68.06337408, -29.89732796], [-68.06254127, -29.89756591], [-68.06170846, -29.8980418], [-68.06087565, -29.89851769], [-68.05956695, -29.89887461], [-68.0584367, -29.89905307], [-68.057128, -29.8993505], [-68.05647365, -29.8993505], [-68.05433213, -29.90030229], [-68.05302343, -29.90125407], [-68.05258812, -29.90205773], [-68.0522501, -29.90268175], [-68.05100089, -29.90399045], [-68.05016808, -29.9051207], [-68.04975167, -29.90601299], [-68.04909732, -29.90660786], [-68.04796707, -29.9068458], [-68.04671786, -29.90726221], [-68.04552813, -29.90797605], [-68.04499275, -29.90922527], [-68.0447548, -29.91059346], [-68.04439788, -29.91136678], [-68.04398148, -29.91225908], [-68.04285123, -29.91291343], [-68.04213739, -29.91368676], [-68.04118561, -29.91422213], [-68.04041229, -29.91487649], [-68.03987691, -29.91606622], [-68.03940101, -29.91636365], [-68.03898461, -29.91725595], [-68.03898461, -29.9179103], [-68.03850872, -29.919219], [-68.0381518, -29.92005181], [-68.03612926, -29.92106308], [-68.03571285, -29.92171744], [-68.03470158, -29.92284768], [-68.03454426, -29.92318479], [-68.03428517, -29.92373998], [-68.03392825, -29.92487022], [-68.03333339, -29.92582201], [-68.03273852, -29.92665482], [-68.03212332, -29.92712526], [-68.03172725, -29.92742814], [-68.03041855, -29.92790403], [-68.02952625, -29.92808249], [-68.02882085, -29.92862758], [-68.02821755, -29.92909377], [-68.02762268, -29.93016452], [-68.0270873, -29.93111631], [-68.02655193, -29.93177066], [-68.0264718, -29.9319042], [-68.02601655, -29.93266296], [-68.02548117, -29.93361474], [-68.02518374, -29.93474499], [-68.02464836, -29.93587523], [-68.02429144, -29.93664855], [-68.02405349, -29.93736239], [-68.02238787, -29.93795726], [-68.02143608, -29.93789777], [-68.02042481, -29.93807623], [-68.01911611, -29.93896853], [-68.01875919, -29.93926596], [-68.01772229, -29.93984202], [-68.01768843, -29.93986083], [-68.01721254, -29.94063415], [-68.0164987, -29.94099107], [-68.01632024, -29.94134799], [-68.01578486, -29.94188337], [-68.01554692, -29.94212131], [-68.01501154, -29.94289464], [-68.01458625, -29.94331993], [-68.01423822, -29.94366796], [-68.0134054, -29.94432232], [-68.0134054, -29.94515513], [-68.01370284, -29.94598794], [-68.01310797, -29.94640434], [-68.0134054, -29.94765356], [-68.01334592, -29.94866483], [-68.01304848, -29.94943816], [-68.0128585, -29.94962814], [-68.01239413, -29.95009251], [-68.01203721, -29.95122275], [-68.01108543, -29.95241248], [-68.01072851, -29.95294786], [-68.01053003, -29.95319596], [-68.01025262, -29.95354273], [-68.00965775, -29.95437554], [-68.00956741, -29.95487241], [-68.00953878, -29.95502989], [-68.00931653, -29.95522744], [-68.00846802, -29.95598167], [-68.00850193, -29.95645634], [-68.00852751, -29.95681448], [-68.00837879, -29.95711192], [-68.00823008, -29.95740935], [-68.00787316, -29.95788524], [-68.00746403, -29.95824891], [-68.00720241, -29.95848146], [-68.0068024, -29.95883703], [-68.00602907, -29.95961035], [-68.0059101, -29.9602647], [-68.0059101, -29.96056573], [-68.0059101, -29.96057892], [-68.0059101, -29.961157], [-68.0059258, -29.96130613], [-68.00602907, -29.96228725], [-68.00608856, -29.96329852], [-68.00543421, -29.96365544], [-68.00519626, -29.96442876], [-68.00430397, -29.96508311], [-68.00394779, -29.96540367], [-68.0037091, -29.96561849], [-68.00335218, -29.96585644], [-68.00299526, -29.96609438], [-68.00299526, -29.96728411], [-68.00251937, -29.96835487], [-68.00228142, -29.96942563], [-68.00186502, -29.97013947], [-68.00109169, -29.97097228], [-68.00085375, -29.97150766], [-68.00025888, -29.97257841], [-67.99999162, -29.97281598], [-67.9997235, -29.97305431], [-67.99959023, -29.97333751], [-67.99924761, -29.97406558], [-67.99877172, -29.97489839], [-67.99817685, -29.9757312], [-67.99770096, -29.97608812], [-67.99728456, -29.97632607], [-67.99657072, -29.97668298], [-67.99514304, -29.97727785], [-67.9947564, -29.97742821], [-67.99407228, -29.97769426], [-67.99288255, -29.97828912], [-67.99199026, -29.97924091], [-67.99151436, -29.9801332], [-67.99139539, -29.98156088], [-67.99115744, -29.98227472], [-67.9913359, -29.9832265], [-67.99139539, -29.98405931], [-67.99144584, -29.98496747], [-67.99145488, -29.98513007], [-67.99115744, -29.98626031], [-67.9909195, -29.98679569], [-67.99032929, -29.98772317], [-67.99008669, -29.9881044], [-67.9891349, -29.98905618], [-67.98848055, -29.98971053], [-67.98800466, -29.9903054], [-67.9869339, -29.99125718], [-67.98616058, -29.99197102], [-67.98550622, -29.99238743], [-67.98497085, -29.99292281], [-67.9838406, -29.99327972], [-67.98318625, -29.99363664], [-67.98259138, -29.99393408], [-67.98122319, -29.994291], [-67.98056884, -29.99452894], [-67.97986067, -29.9947945], [-67.97984039, -29.99480211], [-67.97961706, -29.99488586], [-67.97961706, -29.99505797], [-67.97961706, -29.99507326], [-67.97961706, -29.99583764], [-67.97926014, -29.99696789], [-67.97866527, -29.99720583], [-67.97811424, -29.99746298], [-67.97777298, -29.99762224], [-67.97735657, -29.99839557], [-67.97682119, -29.99922838], [-67.97628581, -29.99988273], [-67.97575043, -30.00041811], [-67.97509608, -30.00142938], [-67.97462019, -30.00190527], [-67.97382774, -30.00238074], [-67.97372789, -30.00244065], [-67.97355183, -30.00257898], [-67.97289508, -30.003095], [-67.97241919, -30.00339243], [-67.97152689, -30.00345192], [-67.97081305, -30.00416576], [-67.9701587, -30.00476062], [-67.96986127, -30.005296], [-67.96908794, -30.00583138], [-67.96885, -30.00636676], [-67.96884334, -30.00640336], [-67.96873102, -30.00702111], [-67.96874066, -30.00722342], [-67.96879051, -30.00827033], [-67.96876745, -30.00852401], [-67.96873102, -30.00892468], [-67.96843359, -30.0092816], [-67.96688694, -30.00987646], [-67.96563772, -30.01029287], [-67.9639721, -30.01070928], [-67.96349621, -30.01076876], [-67.96291521, -30.01082992], [-67.96268392, -30.01085427], [-67.96236597, -30.01088774], [-67.96212021, -30.01088774], [-67.96111675, -30.01088774], [-67.96016496, -30.01064979], [-67.95915369, -30.0105903], [-67.95896741, -30.0107207], [-67.95796396, -30.01142311], [-67.95772602, -30.0127913], [-67.95719064, -30.01362412], [-67.95611988, -30.01451641], [-67.95433529, -30.01552768], [-67.95231274, -30.01641998], [-67.95087123, -30.01736251], [-67.95076609, -30.01743125], [-67.95042624, -30.0176295], [-67.95005226, -30.01784766], [-67.9489815, -30.01850201], [-67.94755382, -30.01933482], [-67.94723645, -30.01972272], [-67.94701844, -30.01998917], [-67.94638292, -30.0207518], [-67.94582871, -30.02141685], [-67.94523385, -30.02248761], [-67.94422258, -30.02361785], [-67.94296977, -30.02472033], [-67.94273541, -30.02492656], [-67.94130774, -30.02593783], [-67.94047493, -30.02623526], [-67.93898776, -30.02700858], [-67.93756009, -30.02790088], [-67.93607292, -30.02855523], [-67.93470473, -30.02926907], [-67.93357449, -30.02944753], [-67.93292943, -30.02951664], [-67.93190887, -30.02962599], [-67.93054068, -30.03022086], [-67.92958889, -30.03152956], [-67.93036222, -30.03361159], [-67.92994581, -30.03503926], [-67.92929146, -30.03628848], [-67.9278043, -30.03848948], [-67.926912, -30.03878692], [-67.9263429, -30.03939979], [-67.92613867, -30.03961973], [-67.92530586, -30.04039305], [-67.92430014, -30.04128046], [-67.92429459, -30.04128535], [-67.92328332, -30.04211816], [-67.92197462, -30.04366481], [-67.9217115, -30.0439937], [-67.92126078, -30.04455711], [-67.92120509, -30.04464318], [-67.92113857, -30.04474598], [-67.9211368, -30.04474871], [-67.92060643, -30.04556838], [-67.92006044, -30.04615636], [-67.9198331, -30.04640119], [-67.91929772, -30.04741246], [-67.91787005, -30.04836425], [-67.91623133, -30.04904234], [-67.91622812, -30.04904366], [-67.91614494, -30.04907808], [-67.91611486, -30.04907945], [-67.91483623, -30.04913757], [-67.91328958, -30.05002987], [-67.91311112, -30.05068422], [-67.91214202, -30.0509265], [-67.91192139, -30.05098165], [-67.91031526, -30.05139806], [-67.90918501, -30.05175498], [-67.90894707, -30.05223087], [-67.90900655, -30.05270676], [-67.90954193, -30.05318265], [-67.91001782, -30.05324214], [-67.91043423, -30.05395598], [-67.91049794, -30.05401969], [-67.91049892, -30.05402067], [-67.91085064, -30.05437238], [-67.91085064, -30.05484828], [-67.91085064, -30.0551003], [-67.91085064, -30.05585955], [-67.9105532, -30.05657339], [-67.91019628, -30.05687082], [-67.90960142, -30.05746568], [-67.90763836, -30.05817952], [-67.90662709, -30.05877439], [-67.90508044, -30.0596072], [-67.90430712, -30.06026155], [-67.90383123, -30.06151077], [-67.90389071, -30.06222461], [-67.90430712, -30.0627005], [-67.90513993, -30.06341434], [-67.90579428, -30.06442561], [-67.90591325, -30.06555585], [-67.90561582, -30.0666861], [-67.9052589, -30.06716199], [-67.90442609, -30.06775685], [-67.90371225, -30.06805429], [-67.9030579, -30.06853018], [-67.90192766, -30.06894658], [-67.9008569, -30.06971991], [-67.90026203, -30.07067169], [-67.90002409, -30.07126656], [-67.8995482, -30.07156399], [-67.89925076, -30.07215886], [-67.8990723, -30.07340807], [-67.89829898, -30.07430037], [-67.89752565, -30.07453832], [-67.89544363, -30.07477626], [-67.89472111, -30.07477626], [-67.89413492, -30.07477626], [-67.89330211, -30.07495472], [-67.89270725, -30.0754901], [-67.89211238, -30.07584702], [-67.89181495, -30.07626343], [-67.89139854, -30.07685829], [-67.89104162, -30.07763162], [-67.89038727, -30.07792905], [-67.8901613, -30.07798931], [-67.88949497, -30.07816699], [-67.88860268, -30.07894032], [-67.88836473, -30.0794757], [-67.88765089, -30.07977313], [-67.88646116, -30.07983262], [-67.88598527, -30.07953518], [-67.88521194, -30.0785834], [-67.88485503, -30.07775059], [-67.88491451, -30.07721521], [-67.88509297, -30.07650137], [-67.88616373, -30.07537113], [-67.88652065, -30.07388396], [-67.88608748, -30.07372153], [-67.88608708, -30.07372138], [-67.88606029, -30.07371133], [-67.88556886, -30.07352704], [-67.88414119, -30.07412191], [-67.88336786, -30.07412191], [-67.88259454, -30.07412191], [-67.88158327, -30.0745978], [-67.88021508, -30.0745978], [-67.87926329, -30.07465729], [-67.8787874, -30.07489523], [-67.87838602, -30.07492611], [-67.87801407, -30.07495472], [-67.87735972, -30.07513318], [-67.87694445, -30.07560778], [-67.87694332, -30.07560907], [-67.87646743, -30.07685829], [-67.87599153, -30.07745316], [-67.87571653, -30.07770701], [-67.87521821, -30.07816699], [-67.87430263, -30.07856985], [-67.87373105, -30.07882135], [-67.87319567, -30.07911878], [-67.87305087, -30.07922737], [-67.87271977, -30.0794757], [-67.8725897, -30.07972285], [-67.87212491, -30.08060594], [-67.87212491, -30.08137927], [-67.8723143, -30.08198531], [-67.87242234, -30.08233105], [-67.87283875, -30.08280694], [-67.87315319, -30.08303563], [-67.8734931, -30.08328283], [-67.87389229, -30.08352235], [-67.87390314, -30.08352886], [-67.87390317, -30.08352888], [-67.87390321, -30.0835289], [-67.87408796, -30.08363975], [-67.8739095, -30.08411565], [-67.87385002, -30.08471051], [-67.87367239, -30.08482153], [-67.87337413, -30.08500794], [-67.87289823, -30.08500794], [-67.87176228, -30.0852489], [-67.87176223, -30.08524892], [-67.87176218, -30.08524893], [-67.87174003, -30.08525362], [-67.87093518, -30.08542435], [-67.87071806, -30.0860757], [-67.87071256, -30.08609219], [-67.87071255, -30.08609222], [-67.87071254, -30.08609225], [-67.87063775, -30.08631665], [-67.87063775, -30.08703049], [-67.87063775, -30.08816073], [-67.87055886, -30.08855518], [-67.87051877, -30.0887556], [-67.87010237, -30.08976687], [-67.86962648, -30.0900643], [-67.86891264, -30.09012379], [-67.86849623, -30.09077814], [-67.86760393, -30.09119454], [-67.86721981, -30.09181875], [-67.86712804, -30.09196787], [-67.86629523, -30.09280068], [-67.86557851, -30.09280068], [-67.86480807, -30.09280068], [-67.86409423, -30.09280068], [-67.86377461, -30.09314313], [-67.86340429, -30.0935399], [-67.86326142, -30.09369298], [-67.86326142, -30.0940499], [-67.86308296, -30.09434733], [-67.86260707, -30.09518014], [-67.86189323, -30.09553706], [-67.86106042, -30.0953586], [-67.86028709, -30.09512065], [-67.86012314, -30.09503868], [-67.85978643, -30.09487032], [-67.85978638, -30.0948703], [-67.85978633, -30.09487027], [-67.8597855, -30.09486986], [-67.85957325, -30.09476373], [-67.85933531, -30.09500168], [-67.85927567, -30.09527997], [-67.85927553, -30.09528065], [-67.85927551, -30.09528073], [-67.85927549, -30.09528082], [-67.85915685, -30.09583449], [-67.85885941, -30.09636987], [-67.85879993, -30.09708371], [-67.85829069, -30.09835681], [-67.85820506, -30.09857087], [-67.8580266, -30.09958214], [-67.85701533, -30.10047444], [-67.85600406, -30.10071239], [-67.85531064, -30.10086998], [-67.85469536, -30.10100982], [-67.85392203, -30.10100982], [-67.85308922, -30.10172366], [-67.85154257, -30.10219955], [-67.85069958, -30.10219955], [-67.85069951, -30.10219955], [-67.85069945, -30.10219955], [-67.8506827, -30.10219955], [-67.85005541, -30.10219955], [-67.84892516, -30.10160468], [-67.84850876, -30.10130725], [-67.84803287, -30.10071239], [-67.84731903, -30.10059341], [-67.84541546, -30.10190212], [-67.84553443, -30.1028539], [-67.84583187, -30.10332979], [-67.84642673, -30.10422209], [-67.84536796, -30.10497348], [-67.84458265, -30.1055308], [-67.84404727, -30.10588771], [-67.84380209, -30.10618738], [-67.84297651, -30.10719642], [-67.8412514, -30.10767231], [-67.84035911, -30.10767231], [-67.83929731, -30.1072862], [-67.8390504, -30.10719642], [-67.83809862, -30.10612566], [-67.83667094, -30.1055308], [-67.83583813, -30.10588771], [-67.83482686, -30.10701796], [-67.83417251, -30.10785077], [-67.83357764, -30.1090405], [-67.8328638, -30.11100356], [-67.83280432, -30.11278815], [-67.83131715, -30.11397788], [-67.83000845, -30.11528658], [-67.82923513, -30.11582196], [-67.82810488, -30.11623837], [-67.82673669, -30.11659529], [-67.82388134, -30.11713067], [-67.82356969, -30.1172745], [-67.82156136, -30.11820143], [-67.82135245, -30.11832431], [-67.81953882, -30.11939116], [-67.81739731, -30.12135421], [-67.81686193, -30.12444751], [-67.81626706, -30.12718389], [-67.81626448, -30.12718563], [-67.81135776, -30.13049722], [-67.80194125, -30.1368525], [-67.79591969, -30.1409165], [-67.79102801, -30.14421794], [-67.77622567, -30.15420816], [-67.75326263, -30.16970611], [-67.72895216, -30.18611345], [-67.72643099, -30.18781501], [-67.72210774, -30.19073281], [-67.71840684, -30.19323058], [-67.71614341, -30.19475818], [-67.70769238, -30.20046186], [-67.70769235, -30.20046188], [-67.68628673, -30.21477466], [-67.68594161, -30.21500542], [-67.68593671, -30.21514843], [-67.68559659, -30.21539803], [-67.68518019, -30.21617136], [-67.6849803, -30.21659213], [-67.68472809, -30.21740868], [-67.6842284, -30.218182], [-67.68383579, -30.21857461], [-67.68364543, -30.21869359], [-67.68306089, -30.21903766], [-67.68251519, -30.21944312], [-67.6820274, -30.21988332], [-67.6815872, -30.2204068], [-67.68126597, -30.22089459], [-67.68098044, -30.22135858], [-67.68095664, -30.22169171], [-67.68109941, -30.22223898], [-67.68123028, -30.22251262], [-67.68153501, -30.22299054], [-67.68166253, -30.22381526], [-67.68152771, -30.22417824], [-67.68148012, -30.22458275], [-67.68118269, -30.22551074], [-67.68109735, -30.22612181], [-67.68098044, -30.22674806], [-67.68078444, -30.22685446], [-67.68056403, -30.22697411], [-67.68014763, -30.22760467], [-67.67932671, -30.22896096], [-67.67827975, -30.23061469], [-67.67768488, -30.23128093], [-67.67754212, -30.2318877], [-67.67726848, -30.23220892], [-67.67687587, -30.23264912], [-67.67650705, -30.23292276], [-67.67613823, -30.23326778], [-67.67578132, -30.23370798], [-67.6754125, -30.23405301], [-67.67521759, -30.23455643], [-67.67467958, -30.23518211], [-67.67429552, -30.23559818], [-67.67315835, -30.23620938], [-67.67193849, -30.23682508], [-67.67147686, -30.23729345], [-67.67071306, -30.2380624], [-67.66963041, -30.23870485], [-67.66901175, -30.23901418], [-67.66855965, -30.23922833], [-67.66810755, -30.23940679], [-67.66706059, -30.24029909], [-67.66640624, -30.24066791], [-67.66575189, -30.24097724], [-67.665276, -30.24112001], [-67.66478821, -30.24133416], [-67.66441939, -30.24152451], [-67.66411006, -30.24179815], [-67.66402791, -30.24187382], [-67.66283705, -30.24234543], [-67.66228977, -30.24270235], [-67.66185732, -30.24286868], [-67.66151645, -30.24299978], [-67.66058846, -30.24357085], [-67.6595177, -30.24446315], [-67.65925673, -30.24474958], [-67.65854212, -30.24553391], [-67.6561707, -30.24732647], [-67.6555202, -30.24781819], [-67.65357142, -30.24936921], [-67.65279572, -30.24986452], [-67.65212947, -30.25025714], [-67.65164168, -30.2504118], [-67.65105872, -30.25059026], [-67.65046385, -30.25093528], [-67.64970242, -30.25150635], [-67.64940499, -30.25205363], [-67.64902428, -30.25320767], [-67.6489053, -30.25352889], [-67.64875064, -30.25390961], [-67.64861977, -30.25426653], [-67.64841751, -30.25454017], [-67.64789403, -30.25515883], [-67.64726348, -30.25562282], [-67.64656973, -30.25639353], [-67.64583817, -30.25680503], [-67.64458895, -30.25757835], [-67.64387512, -30.25811373], [-67.6434835, -30.25850534], [-67.64214763, -30.25889458], [-67.64137431, -30.25910873], [-67.64104118, -30.25940616], [-67.64007247, -30.26097954], [-67.63968489, -30.26167855], [-67.63881876, -30.26239676], [-67.63703417, -30.263527], [-67.63584444, -30.26376495], [-67.63560384, -30.26385088], [-67.63501162, -30.26406238], [-67.63435727, -30.26453827], [-67.63382189, -30.26549006], [-67.63359347, -30.26597348], [-67.63351019, -30.26627091], [-67.63354044, -30.26656134], [-67.63356968, -30.26684198], [-67.63336929, -30.26725639], [-67.63300198, -30.26785662], [-67.63228477, -30.26929282], [-67.63204961, -30.26963246], [-67.63187241, -30.26974141], [-67.6303574, -30.27067291], [-67.62929854, -30.27135106], [-67.62823937, -30.27186199], [-67.62734739, -30.27208869], [-67.62669303, -30.27219577], [-67.62606248, -30.27238612], [-67.62533674, -30.27267166], [-67.62433737, -30.27304048], [-67.62361163, -30.2733617], [-67.62321902, -30.27386139], [-67.62296918, -30.27448005], [-67.62255277, -30.27527717], [-67.62213637, -30.2760029], [-67.62130366, -30.27739935], [-67.62109178, -30.27756582], [-67.62049691, -30.27822017], [-67.61990205, -30.27863658], [-67.61972359, -30.27946939], [-67.61900975, -30.28042118], [-67.61847437, -30.28113501], [-67.61797566, -30.28190575], [-67.61790058, -30.28202178], [-67.61782002, -30.28214629], [-67.61734413, -30.28321704], [-67.61698721, -30.28363345], [-67.61627337, -30.28440677], [-67.61460775, -30.28512061], [-67.6139591, -30.28520522], [-67.61386808, -30.28521709], [-67.61323956, -30.28529907], [-67.61277319, -30.28566352], [-67.6122854, -30.28600854], [-67.61158346, -30.28615131], [-67.6111944, -30.28613712], [-67.61101239, -30.28610372], [-67.61097619, -30.28612061], [-67.61083393, -30.286187], [-67.61070306, -30.28630597], [-67.61028665, -30.28665099], [-67.61004871, -30.28694842], [-67.6096204, -30.28735293], [-67.60912072, -30.2879359], [-67.60878759, -30.28831661], [-67.60802752, -30.28939985], [-67.60794525, -30.28946313], [-67.60711244, -30.29065286], [-67.60678884, -30.29125525], [-67.60668177, -30.29155268], [-67.606539, -30.29205237], [-67.60651409, -30.29274361], [-67.60649141, -30.29337297], [-67.60507563, -30.29408681], [-67.60420713, -30.29445562], [-67.60287463, -30.29540741], [-67.6016968, -30.29572864], [-67.60081364, -30.29574098], [-67.59931971, -30.29642305], [-67.59622404, -30.29790584], [-67.59087262, -30.29814816], [-67.59089438, -30.303913], [-67.59093211, -30.31391209], [-67.59122954, -30.31486387], [-67.59122954, -30.31545874], [-67.591408, -30.31623206], [-67.59146749, -30.31765974], [-67.59158646, -30.31807615], [-67.59164595, -30.31968228], [-67.59182441, -30.32057458], [-67.59225536, -30.3217703], [-67.59219303, -30.32247676], [-67.59181902, -30.32370266], [-67.59181902, -30.3248039], [-67.59206836, -30.32582203], [-67.59170543, -30.32628529], [-67.59111057, -30.32741553], [-67.5909916, -30.32854577], [-67.5905157, -30.32955705], [-67.58974238, -30.33074677], [-67.58950443, -30.33163907], [-67.58914751, -30.33235291], [-67.58896905, -30.33294778], [-67.58819573, -30.33437545], [-67.58795151, -30.33535232], [-67.5878983, -30.33556518], [-67.58742241, -30.33627902], [-67.58724395, -30.33711183], [-67.58712497, -30.33740927], [-67.58676805, -30.33865848], [-67.58617319, -30.34002667], [-67.58623267, -30.34044308], [-67.58602192, -30.34060114], [-67.58599473, -30.34062154], [-67.58587576, -30.34127589], [-67.58599473, -30.34216819], [-67.58605484, -30.34242368], [-67.58647062, -30.34419073], [-67.58661354, -30.34497676], [-67.58682754, -30.34615378], [-67.582301, -30.36079848], [-67.57671483, -30.37887137], [-67.57659586, -30.37994213], [-67.57671483, -30.38089392], [-67.57707175, -30.38196467], [-67.57802353, -30.38351132], [-67.57821607, -30.38450543], [-67.5782362, -30.38454469], [-67.57849943, -30.38505797], [-67.57927275, -30.38725897], [-67.57933224, -30.38880562], [-67.57945121, -30.39118508], [-67.57951279, -30.39180087], [-67.5793247, -30.39254131], [-67.57895043, -30.3933951], [-67.57886856, -30.39484539], [-67.57882177, -30.39607345], [-67.5790323, -30.39802666], [-67.57864634, -30.40062313], [-67.57816681, -30.40300908], [-67.57801157, -30.40417707], [-67.57701226, -30.40617569], [-67.57344322, -30.41182624], [-67.57006413, -30.41717607], [-67.56808963, -30.42030211], [-67.56299749, -30.42836405], [-67.557474, -30.43710891], [-67.55469352, -30.44151101], [-67.55196554, -30.44582999], [-67.54800548, -30.45209959], [-67.54525588, -30.4564528], [-67.53968913, -30.46526615], [-67.50784853, -30.51567659], [-67.5026658, -30.52388195], [-67.49480189, -30.5363322], [-67.49349318, -30.53775988], [-67.49277935, -30.53859269], [-67.49099475, -30.5394255], [-67.49028091, -30.54073421], [-67.48849632, -30.54192394], [-67.48754453, -30.54287572], [-67.48730659, -30.54370853], [-67.48694967, -30.54466032], [-67.4863548, -30.54608799], [-67.48492712, -30.54799156], [-67.48302356, -30.54894335], [-67.48064409, -30.55049], [-67.47874053, -30.55286946], [-67.47624209, -30.55512994], [-67.4739816, -30.55691454], [-67.47172112, -30.55869914], [-67.46969857, -30.55976989], [-67.46803295, -30.56095962], [-67.46553452, -30.56274422], [-67.46470171, -30.56333908], [-67.46315506, -30.56417189], [-67.46137046, -30.56464779], [-67.45994278, -30.56536163], [-67.45601667, -30.5685739], [-67.45256646, -30.57178617], [-67.44626088, -30.57797277], [-67.44138299, -30.58499218], [-67.43567228, -30.59213056], [-67.43091336, -30.59855511], [-67.42877185, -30.60426581], [-67.4267493, -30.60878679], [-67.42448882, -30.61425955], [-67.41949195, -30.61997025], [-67.41009308, -30.62746556], [-67.40545313, -30.62925015], [-67.39819577, -30.63270037], [-67.39608702, -30.63433296], [-67.39450761, -30.63555572], [-67.38951074, -30.6400767], [-67.38665539, -30.64293205], [-67.3826103, -30.64507357], [-67.37773241, -30.64673919], [-67.37285451, -30.64983249], [-67.36690586, -30.6524499], [-67.36167105, -30.65482936], [-67.3552465, -30.65744677], [-67.3340693, -30.66541796], [-67.32786342, -30.66796488], [-67.31348696, -30.67386505], [-67.29885328, -30.68147932], [-67.2863644, -30.69221051], [-67.28279192, -30.69528019], [-67.26137677, -30.72311989], [-67.25304865, -30.73680179], [-67.22056901, -30.76916246], [-67.20998041, -30.78772225], [-67.20200921, -30.80437848], [-67.19927284, -30.80806664], [-67.19713132, -30.8135394], [-67.19427597, -30.81829833], [-67.19189651, -30.82139162], [-67.18975499, -30.82519876], [-67.18761348, -30.82853001], [-67.18333045, -30.83352688], [-67.18048512, -30.83624287], [-67.17809563, -30.83852374], [-67.17544301, -30.84188374], [-67.17452644, -30.84304472], [-67.17048136, -30.84804159], [-67.16619833, -30.85089694], [-67.16215324, -30.85351435], [-67.15763227, -30.85755943], [-67.15633329, -30.85945794], [-67.15453897, -30.86208041], [-67.15215951, -30.86660138], [-67.15183335, -30.86700002], [-67.15001799, -30.86921879], [-67.1464488, -30.87421566], [-67.14601, -30.87484644], [-67.14390954, -30.87786585], [-67.14264166, -30.87968842], [-67.13835864, -30.8837335], [-67.13407561, -30.88825448], [-67.1335696, -30.88879422], [-67.13050641, -30.89206162], [-67.12884079, -30.89563081], [-67.12503365, -30.89753438], [-67.11408813, -30.90015178], [-67.10681741, -30.90477861], [-67.10623591, -30.90514865], [-67.10366966, -30.90700206], [-67.10195288, -30.90824195], [-67.10071531, -30.90872622], [-67.09648012, -30.91038347], [-67.09053147, -30.91228703], [-67.08668581, -30.91368546], [-67.08529666, -30.9141906], [-67.08206978, -30.91609628], [-67.10125018, -30.96750836], [-67.10394283, -30.97472587], [-67.10411575, -30.97529699], [-67.11644056, -31.01600147], [-67.09878335, -31.03987754], [-67.08646887, -31.05652918], [-67.0667655, -31.08317209], [-67.0668659, -31.08404558], [-67.06942415, -31.10630091], [-67.0736777, -31.14330438], [-67.07841861, -31.18454756], [-67.08228755, -31.21820518], [-67.0923735, -31.30594726], [-67.10122906, -31.3829856], [-67.07827056, -31.43397004], [-67.0782525, -31.43399853], [-67.07825241, -31.43399867], [-66.95236473, -31.63266884], [-66.95196619, -31.6332978], [-66.87519025, -31.6332978], [-66.87495802, -31.6332978], [-66.86818408, -31.6332978], [-66.85077985, -31.69878005], [-66.85070801, -31.69897461], [-66.84520904, -31.71458178], [-66.83933154, -31.72832562], [-66.83915921, -31.7287286], [-66.83772851, -31.73207411], [-66.83344596, -31.74208835], [-66.8333635, -31.74228117], [-66.82756038, -31.75585108], [-66.8269043, -31.75738525], [-66.82526063, -31.76134727], [-66.81292725, -31.79107666], [-66.80903797, -31.79907588], [-66.80432129, -31.80877685], [-66.80252793, -31.81166937], [-66.8024292, -31.81182861], [-66.80029191, -31.81466285], [-66.79939999, -31.81584561], [-66.79400635, -31.82299805], [-66.79199219, -31.82537842], [-66.78200711, -31.83540671], [-66.77751338, -31.83991989], [-66.76835246, -31.84789108], [-66.7668631, -31.84909784], [-66.74515271, -31.86668883], [-66.73504, -31.87466002], [-66.7304078, -31.87808963], [-66.72958143, -31.87870146], [-66.72266681, -31.88382094], [-66.71991075, -31.88554348], [-66.71219718, -31.89036446], [-66.70159912, -31.89678955], [-66.69830322, -31.89880371], [-66.67181396, -31.91430664], [-66.6617883, -31.92053603], [-66.74828986, -31.91171121], [-66.88569557, -31.8976932], [-67.00576563, -31.85541334], [-67.0059302, -31.85535539], [-67.00597554, -31.85535933], [-67.0166849, -31.85629058], [-67.02572685, -31.85629058], [-67.03310318, -31.85676647], [-67.03857594, -31.85724237], [-67.04333486, -31.85748031], [-67.04999735, -31.85748031], [-67.05547011, -31.85605263], [-67.06070493, -31.85438701], [-67.06546385, -31.85343523], [-67.07022277, -31.85129371], [-67.07474375, -31.84962809], [-67.07799344, -31.84902505], [-67.1367287, -31.83380468], [-67.2387072, -31.87953631], [-67.23988315, -31.88006366], [-67.24105744, -31.88059026], [-67.24153625, -31.88080498], [-67.37924422, -31.86811594], [-67.37832071, -31.88452938], [-67.37261001, -31.90713426], [-67.36832698, -31.93378423], [-67.36594751, -31.95972035], [-67.36523368, -31.97590068], [-67.36653229, -31.99951186], [-67.36654238, -31.9996953], [-67.36773211, -32.01456693], [-67.3730859, -32.03241288], [-67.37784482, -32.0526383], [-67.38070017, -32.07988313], [-67.3818899, -32.09606347], [-67.38379347, -32.12521186], [-67.38319861, -32.14662701], [-67.38197033, -32.16426997], [-67.38137547, -32.18330566], [-67.3807806, -32.19579783], [-67.38197033, -32.21126432], [-67.38187829, -32.21190864], [-67.38132297, -32.21579583], [-67.38018574, -32.2237565], [-67.37602168, -32.2374384], [-67.37039047, -32.24628142], [-67.3687095, -32.2471192], [-67.34706056, -32.25790881], [-67.32305532, -32.26987279], [-67.31368251, -32.27454411], [-67.30661218, -32.27806789], [-67.30438752, -32.27917664], [-67.28914836, -32.28677169], [-67.27800789, -32.29232399], [-67.27639702, -32.29883907], [-67.27316472, -32.31191192], [-67.27131443, -32.31939532], [-67.27098791, -32.32071593], [-67.27011254, -32.3242563], [-67.26997721, -32.32480363], [-67.26848222, -32.33057003], [-67.26625534, -32.33915944], [-67.26624147, -32.33921293], [-67.26624007, -32.33921831], [-67.26623672, -32.33923125], [-67.26623436, -32.33924036], [-67.26622956, -32.33925886], [-67.26622506, -32.33935028], [-67.26622433, -32.33935056], [-67.26622259, -32.33938111], [-67.26622202, -32.33939114], [-67.26622192, -32.33939282], [-67.26622135, -32.33940277], [-67.26621697, -32.33947961], [-67.26619212, -32.33991513], [-67.26538483, -32.35406629], [-67.2652929, -32.35567781], [-67.2645461, -32.36876862], [-67.26433779, -32.37242015], [-67.2637993, -32.38185943], [-67.31295759, -32.38201456], [-67.31659726, -32.38202605], [-67.31774489, -32.38202967], [-67.31788398, -32.38204171], [-67.31794228, -32.38180019], [-67.31789011, -32.38159403], [-67.31778405, -32.3813005], [-67.31800186, -32.38056464], [-67.31809219, -32.38025949], [-67.31835036, -32.38009293], [-67.3186039, -32.37989961], [-67.31894321, -32.37925893], [-67.3190749, -32.37901027], [-67.31917484, -32.37868548], [-67.31913901, -32.37847575], [-67.31894046, -32.37822981], [-67.31899757, -32.37793], [-67.3192647, -32.37751234], [-67.3194687, -32.3773161], [-67.31951153, -32.37707339], [-67.31941625, -32.37670957], [-67.31938304, -32.37601691], [-67.31948623, -32.3753076], [-67.31952949, -32.37501026], [-67.31934021, -32.37437508], [-67.31954969, -32.37401579], [-67.31974399, -32.37361535], [-67.31982562, -32.37344709], [-67.31964846, -32.37322566], [-67.31906368, -32.37264088], [-67.3190536, -32.3726308], [-67.31886908, -32.37241917], [-67.31892619, -32.37213363], [-67.31917257, -32.37167901], [-67.32021791, -32.37121442], [-67.32025719, -32.37119203], [-67.32131041, -32.37059174], [-67.32190253, -32.37023332], [-67.32243019, -32.36997252], [-67.32275236, -32.3696352], [-67.32286073, -32.36906161], [-67.32427997, -32.36836456], [-67.32470147, -32.36834388], [-67.32555061, -32.3682218], [-67.32599319, -32.36807903], [-67.32635011, -32.36780777], [-67.32664992, -32.36736519], [-67.32703539, -32.36712248], [-67.32734948, -32.36687978], [-67.32743514, -32.36659424], [-67.32759834, -32.36605248], [-67.32773863, -32.36596831], [-67.32799118, -32.36561473], [-67.32849162, -32.36538072], [-67.32860179, -32.365267], [-67.32887481, -32.36460446], [-67.32882882, -32.36435712], [-67.32867722, -32.36373889], [-67.32880938, -32.36323193], [-67.32909791, -32.36272701], [-67.32960521, -32.36235405], [-67.32991903, -32.36224421], [-67.33027622, -32.36196857], [-67.33027622, -32.3615831], [-67.33021911, -32.36076932], [-67.33006206, -32.35988416], [-67.32994785, -32.35869919], [-67.32994785, -32.35808529], [-67.32976225, -32.35749994], [-67.3293526, -32.35660966], [-67.32914569, -32.35616001], [-67.32940028, -32.35567185], [-67.32982156, -32.35493499], [-67.3298976, -32.35464775], [-67.3301426, -32.35419154], [-67.33114795, -32.352316], [-67.33176175, -32.35072367], [-67.33189141, -32.3505503], [-67.33204348, -32.35041512], [-67.33222089, -32.35019547], [-67.33238141, -32.35010253], [-67.33266866, -32.3500434], [-67.33287142, -32.35007719], [-67.33317556, -32.34999271], [-67.33322792, -32.34998684], [-67.33357057, -32.34994847], [-67.33389367, -32.34995891], [-67.33407109, -32.34985753], [-67.33422266, -32.349669], [-67.33451885, -32.34953649], [-67.33465402, -32.34946891], [-67.33496661, -32.34945201], [-67.33531299, -32.34935908], [-67.33548196, -32.34919011], [-67.33560869, -32.34900425], [-67.33589568, -32.34891362], [-67.33592972, -32.34890287], [-67.33638594, -32.34886907], [-67.33687594, -32.34891976], [-67.33739129, -32.34891132], [-67.33797423, -32.34881838], [-67.33852337, -32.34857338], [-67.33881061, -32.34838752], [-67.33898803, -32.34828614], [-67.33924993, -32.34843821], [-67.33934286, -32.34874235], [-67.33954562, -32.34911408], [-67.3398824, -32.34937666], [-67.34015159, -32.34964268], [-67.34018506, -32.3496442], [-67.34054115, -32.34966038], [-67.340913, -32.34955414], [-67.34120252, -32.34924465], [-67.34142651, -32.34900522], [-67.34188689, -32.34881044], [-67.34237377, -32.34864815], [-67.34247122, -32.34861566], [-67.3429139, -32.34850942], [-67.34325034, -32.3484563], [-67.3439055, -32.3484563], [-67.34445442, -32.34859796], [-67.34475544, -32.34879273], [-67.34519812, -32.34925312], [-67.34537519, -32.34943019], [-67.3456408, -32.34943019], [-67.34606577, -32.34941248], [-67.34634908, -32.34930624], [-67.34672093, -32.34930624], [-67.34698654, -32.34932395], [-67.34732297, -32.34953643], [-67.34760629, -32.34953643], [-67.34773024, -32.34934165], [-67.34787189, -32.34914688], [-67.34817291, -32.34907605], [-67.35104147, -32.34911146], [-67.35224555, -32.34912917], [-67.35426416, -32.3492], [-67.35562761, -32.34914688], [-67.3590261, -32.34851212], [-67.35956392, -32.34800338], [-67.35973547, -32.34787594], [-67.35991122, -32.34774538], [-67.36033344, -32.34743173], [-67.36043248, -32.34735816], [-67.36112182, -32.34684608], [-67.36119305, -32.34679317], [-67.36185721, -32.34629979], [-67.36275865, -32.34563015], [-67.36333509, -32.34520193], [-67.36354497, -32.34504602], [-67.3635652, -32.34503099], [-67.36372797, -32.34491008], [-67.36406486, -32.34418015], [-67.36414405, -32.34400857], [-67.36445927, -32.3433256], [-67.36515565, -32.34181678], [-67.36615504, -32.34137519], [-67.36945561, -32.3399168], [-67.37027149, -32.33955629], [-67.37185376, -32.33879244], [-67.3731951, -32.33814489], [-67.37355361, -32.33797182], [-67.37372171, -32.33789067], [-67.37402125, -32.33759113], [-67.37523679, -32.33637559], [-67.37526836, -32.33634402], [-67.37602422, -32.33565012], [-67.3789888, -32.33292859], [-67.38014715, -32.33148781], [-67.38173218, -32.33053653], [-67.38453976, -32.33024518], [-67.38703041, -32.33036558], [-67.3919305, -32.3303524], [-67.39381325, -32.33226812], [-67.39412219, -32.33234283], [-67.39635173, -32.33288201], [-67.39903417, -32.33192373], [-67.40230505, -32.33074218], [-67.40530189, -32.32916826], [-67.40766385, -32.3287378], [-67.40798864, -32.32853674], [-67.4085145, -32.32821194], [-67.40891663, -32.32801088], [-67.40950436, -32.32785621], [-67.41002173, -32.32748353], [-67.41085794, -32.32694703], [-67.41109741, -32.32680449], [-67.41267499, -32.32640236], [-67.41343285, -32.32649516], [-67.41435823, -32.32649516], [-67.41453312, -32.32649516], [-67.41556723, -32.32651063], [-67.41629415, -32.32660343], [-67.41672721, -32.32666529], [-67.41742899, -32.32661213], [-67.41836666, -32.32654156], [-67.41866897, -32.32655776], [-67.41909249, -32.32658045], [-67.41983598, -32.32658796], [-67.42062477, -32.32681996], [-67.42095777, -32.32694991], [-67.42220235, -32.32742315], [-67.42309941, -32.32762422], [-67.4236714, -32.32783172], [-67.42401768, -32.32784921], [-67.42441406, -32.32788715], [-67.42522351, -32.32783838], [-67.42569778, -32.32780981], [-67.42673404, -32.32751595], [-67.42737941, -32.32728648], [-67.42803322, -32.32703649], [-67.42863642, -32.32675809], [-67.42925508, -32.32632503], [-67.4299356, -32.3258765], [-67.43056973, -32.32533517], [-67.43131212, -32.32485571], [-67.43216192, -32.32437416], [-67.43270411, -32.32406692], [-67.43534064, -32.32351113], [-67.43622145, -32.3233098], [-67.43683366, -32.32316987], [-67.43725126, -32.32303067], [-67.43789938, -32.32277507], [-67.43834938, -32.3225976], [-67.43875893, -32.32242208], [-67.4390216, -32.32230841], [-67.4396795, -32.32199441], [-67.44036002, -32.32171601], [-67.44076113, -32.32157117], [-67.44091681, -32.32151495], [-67.44128599, -32.3214042], [-67.44153547, -32.32132935], [-67.44205907, -32.32105509], [-67.44250986, -32.32081896], [-67.44300479, -32.32064883], [-67.44366985, -32.32066429], [-67.44395967, -32.32072577], [-67.44418025, -32.32077256], [-67.44458237, -32.32080349], [-67.4450773, -32.32080349], [-67.44564956, -32.32072616], [-67.44636102, -32.32041683], [-67.44670128, -32.32012297], [-67.44690235, -32.31972084], [-67.44699515, -32.31945791], [-67.44726567, -32.3192183], [-67.44753648, -32.31897844], [-67.44767567, -32.31888565], [-67.4483098, -32.31876191], [-67.44880473, -32.31870005], [-67.44933059, -32.31873098], [-67.44999565, -32.31870005], [-67.45032655, -32.31874141], [-67.45056355, -32.31877104], [-67.45083917, -32.31880549], [-67.4509855, -32.31882378], [-67.4512519, -32.31883139], [-67.45152683, -32.31883925], [-67.45178431, -32.31881064], [-67.45208363, -32.31877738], [-67.45243935, -32.31866911], [-67.45260905, -32.31855416], [-67.45291882, -32.31834432], [-67.45304204, -32.31820262], [-67.45322815, -32.31798859], [-67.4534196, -32.31779134], [-67.45373854, -32.31746273], [-67.453986, -32.3169678], [-67.4546356, -32.31647287], [-67.45500956, -32.3161363], [-67.45509959, -32.31605528], [-67.45540892, -32.31566861], [-67.45596572, -32.31559128], [-67.45662, -32.31531306], [-67.45676647, -32.31523317], [-67.4571257, -32.31503449], [-67.45738863, -32.31455503], [-67.45757423, -32.3143385], [-67.45757423, -32.31399823], [-67.4577753, -32.31322491], [-67.45780206, -32.31265556], [-67.45656891, -32.31220412], [-67.45605851, -32.31197212], [-67.45565639, -32.31150813], [-67.45560999, -32.31130706], [-67.45565639, -32.3109204], [-67.45567185, -32.31067294], [-67.45590385, -32.3105492], [-67.45670811, -32.31027081], [-67.45712323, -32.31015904], [-67.45751237, -32.31005428], [-67.45874969, -32.30979135], [-67.45945115, -32.30938662], [-67.46046647, -32.30917269], [-67.46139446, -32.30892522], [-67.46176959, -32.30887629], [-67.46210592, -32.30883242], [-67.46241525, -32.30873962], [-67.46320404, -32.30877056], [-67.46374536, -32.30894069], [-67.46416296, -32.30918815], [-67.46450322, -32.30921909], [-67.46476615, -32.30918815], [-67.46488988, -32.30886336], [-67.46490535, -32.30853856], [-67.46487442, -32.3081519], [-67.46488988, -32.30757964], [-67.46493628, -32.30716204], [-67.46504455, -32.30669805], [-67.46530158, -32.30621451], [-67.46538719, -32.30601514], [-67.46608675, -32.30557256], [-67.46708613, -32.30504432], [-67.4678428, -32.30512998], [-67.4684567, -32.30540124], [-67.46891355, -32.30587237], [-67.46905632, -32.30635778], [-67.46972733, -32.30698596], [-67.47120022, -32.30719953], [-67.47209727, -32.30707162], [-67.47291105, -32.30668615], [-67.47343929, -32.30614363], [-67.47433872, -32.30508715], [-67.47550942, -32.30420199], [-67.47766521, -32.30234601], [-67.47932132, -32.30071846], [-67.48024931, -32.29960487], [-67.48166271, -32.29793449], [-67.48249076, -32.29617845], [-67.48349013, -32.29503631], [-67.48396126, -32.29435102], [-67.48436101, -32.29377995], [-67.48440384, -32.29268064], [-67.48433246, -32.29178121], [-67.48447523, -32.29021076], [-67.48451806, -32.28906862], [-67.48447523, -32.28844044], [-67.48413259, -32.28785509], [-67.48347585, -32.28716981], [-67.48311894, -32.28675578], [-67.48266208, -32.28592773], [-67.48261925, -32.28537094], [-67.48281912, -32.28464282], [-67.48309038, -32.28424307], [-67.48339019, -32.28400037], [-67.48357579, -32.28352923], [-67.48416114, -32.28297244], [-67.48478932, -32.2828154], [-67.4856602, -32.28260124], [-67.48624555, -32.28221577], [-67.48674523, -32.28153049], [-67.48753046, -32.27981728], [-67.48783027, -32.27908916], [-67.48794448, -32.27814689], [-67.48748763, -32.27754727], [-67.48658819, -32.27687626], [-67.48557454, -32.27619098], [-67.48491781, -32.27591972], [-67.48450378, -32.27536292], [-67.48463227, -32.27444921], [-67.48490353, -32.27367827], [-67.48523711, -32.27294168], [-67.48554107, -32.27264297], [-67.48590002, -32.27229023], [-67.48663102, -32.2723077], [-67.48842989, -32.27232197], [-67.48925794, -32.27207927], [-67.48962914, -32.27160813], [-67.48975763, -32.27123694], [-67.48977191, -32.27035178], [-67.48945782, -32.26950945], [-67.488487, -32.26828165], [-67.48724492, -32.26658271], [-67.4871545, -32.26452686], [-67.48774461, -32.26269943], [-67.48788157, -32.26154282], [-67.48791593, -32.26125272], [-67.48855362, -32.26071972], [-67.48936264, -32.26036756], [-67.49022023, -32.26028093], [-67.49079032, -32.2601201], [-67.49181824, -32.25972987], [-67.49261774, -32.25915879], [-67.49352194, -32.2581499], [-67.49394072, -32.25752173], [-67.49405494, -32.25678885], [-67.49474022, -32.25507564], [-67.49554924, -32.25342905], [-67.49602513, -32.25246775], [-67.49658668, -32.2518015], [-67.4980905, -32.25082116], [-67.49879482, -32.25061177], [-67.49961336, -32.25011684], [-67.49986082, -32.24948867], [-67.49993697, -32.24849881], [-67.49970854, -32.24781352], [-67.49946107, -32.24743281], [-67.49928975, -32.24682367], [-67.49921361, -32.24650006], [-67.49934686, -32.2459861], [-67.49965143, -32.24512949], [-67.50012732, -32.24469167], [-67.50083164, -32.24400639], [-67.50144221, -32.24266913], [-67.50168492, -32.242198], [-67.50176344, -32.24135567], [-67.50163495, -32.24072035], [-67.50152787, -32.24034916], [-67.50129945, -32.23986375], [-67.50124234, -32.23954252], [-67.50141101, -32.23924111], [-67.50158974, -32.23894527], [-67.50206563, -32.23863118], [-67.50305549, -32.23848842], [-67.50367415, -32.23877395], [-67.50441654, -32.23929743], [-67.50470207, -32.23972574], [-67.50522556, -32.2405062], [-67.50525411, -32.24086788], [-67.50575855, -32.24140088], [-67.50656757, -32.2420005], [-67.50799525, -32.24244784], [-67.50955617, -32.24295229], [-67.51037471, -32.24332348], [-67.51116185, -32.24373199], [-67.51145974, -32.24382793], [-67.51195467, -32.24392311], [-67.51239249, -32.24385648], [-67.51268755, -32.24374227], [-67.51312537, -32.24341866], [-67.51334428, -32.24320927], [-67.51335379, -32.24299988], [-67.51335379, -32.24273338], [-67.5134109, -32.24252398], [-67.51350608, -32.24243832], [-67.51358222, -32.24227652], [-67.51358222, -32.24214327], [-67.51345849, -32.24181966], [-67.51289694, -32.24138184], [-67.51238297, -32.24089643], [-67.5120784, -32.24064897], [-67.51179287, -32.24018259], [-67.51150733, -32.23964959], [-67.51135505, -32.23936406], [-67.51143119, -32.23845035], [-67.51164058, -32.23740338], [-67.51177147, -32.23686624], [-67.51239275, -32.23651123], [-67.51316106, -32.23619462], [-67.5135965, -32.23610896], [-67.51429606, -32.23621603], [-67.51468153, -32.23630169], [-67.51539537, -32.23622317], [-67.51588968, -32.23607971], [-67.51644471, -32.23590194], [-67.51704434, -32.23568779], [-67.51767965, -32.23499537], [-67.51818648, -32.23387464], [-67.51885035, -32.23308228], [-67.52044935, -32.23161891], [-67.52188203, -32.23053759], [-67.52191423, -32.23052978], [-67.5219234, -32.23052301], [-67.52255275, -32.23005784], [-67.5226613, -32.2299776], [-67.52331804, -32.22949219], [-67.52374728, -32.22891347], [-67.52388291, -32.22859224], [-67.52400426, -32.22832812], [-67.52394002, -32.22756431], [-67.52359182, -32.22694724], [-67.52212607, -32.2263952], [-67.52079358, -32.22595738], [-67.52041286, -32.22572895], [-67.51995839, -32.22522451], [-67.51968475, -32.22466534], [-67.51951818, -32.22405857], [-67.51958957, -32.22334473], [-67.51986321, -32.22274987], [-67.52046997, -32.22226208], [-67.52088637, -32.22186947], [-67.52162001, -32.22152865], [-67.52239733, -32.22116753], [-67.52349188, -32.22090579], [-67.52506233, -32.22108425], [-67.5265257, -32.22151255], [-67.52876239, -32.22272607], [-67.53036853, -32.22432031], [-67.53174861, -32.22520071], [-67.53298593, -32.22546245], [-67.5331525, -32.22618819], [-67.53294584, -32.2270148], [-67.53283127, -32.2274731], [-67.53243866, -32.22850816], [-67.53246741, -32.22850816], [-67.53258176, -32.22873343], [-67.53306228, -32.2296979], [-67.53365103, -32.23008468], [-67.53520379, -32.22960867], [-67.53675044, -32.22898406], [-67.5389217, -32.22841893], [-67.54014117, -32.22904354], [-67.54210423, -32.23088763], [-67.54394831, -32.23442707], [-67.54460266, -32.23692551], [-67.5465114, -32.24029541], [-67.55029558, -32.24072266], [-67.55062728, -32.24050152], [-67.55100168, -32.24025192], [-67.55230974, -32.23937988], [-67.55384092, -32.23866846], [-67.55476891, -32.23824016], [-67.55562551, -32.23800221], [-67.55629176, -32.23800221], [-67.55679145, -32.23824016], [-67.55726734, -32.23888261], [-67.55764806, -32.23952507], [-67.55824292, -32.2402865], [-67.55938506, -32.24234473], [-67.56062238, -32.24263027], [-67.56114433, -32.24254064], [-67.56180022, -32.24242801], [-67.56238318, -32.24210678], [-67.56334687, -32.2407148], [-67.56338256, -32.24006045], [-67.56439383, -32.23870416], [-67.56509577, -32.23819257], [-67.56605371, -32.23780828], [-67.56692949, -32.23744747], [-67.56908137, -32.23651123], [-67.57003315, -32.23625331], [-67.57196051, -32.23608675], [-67.57305507, -32.23615813], [-67.57418531, -32.23644367], [-67.57670754, -32.23644367], [-67.58033622, -32.23666972], [-67.58301311, -32.23733596], [-67.58511893, -32.23820447], [-67.58620159, -32.23876364], [-67.58646333, -32.23928712], [-67.58730804, -32.23988199], [-67.58809326, -32.24020322], [-67.58956853, -32.241155], [-67.59009201, -32.24179745], [-67.59111518, -32.24240422], [-67.59272131, -32.2429039], [-67.59343515, -32.24323703], [-67.59397053, -32.24427209], [-67.59431555, -32.24503352], [-67.59565995, -32.24581874], [-67.59692644, -32.24627685], [-67.59774197, -32.24613997], [-67.59868186, -32.24560459], [-67.59952657, -32.24500973], [-67.5998359, -32.24440296], [-67.60000246, -32.24352256], [-67.60018092, -32.24257078], [-67.60074009, -32.24154761], [-67.60097356, -32.24107426], [-67.60180925, -32.24102783], [-67.60238192, -32.24122638], [-67.60306007, -32.24117879], [-67.60377391, -32.24084567], [-67.60442826, -32.24008424], [-67.60464241, -32.23946558], [-67.60465431, -32.23869226], [-67.60449964, -32.2380617], [-67.60388098, -32.23688387], [-67.60364304, -32.23632469], [-67.60355976, -32.23562275], [-67.60376201, -32.23469476], [-67.60422601, -32.23406421], [-67.60480897, -32.2332076], [-67.60522422, -32.23291015], [-67.60710515, -32.23236289], [-67.60932982, -32.23270437], [-67.61187763, -32.23325543], [-67.61363677, -32.2336359], [-67.61468374, -32.2336597], [-67.61514773, -32.23379057], [-67.61545706, -32.23443302], [-67.61540947, -32.23505168], [-67.61501686, -32.23666972], [-67.6152667, -32.23769288], [-67.61767301, -32.24081693], [-67.6185772, -32.24169733], [-67.62018083, -32.24188232], [-67.62019806, -32.2418762], [-67.62067797, -32.24170556], [-67.6228812, -32.24092219], [-67.62292741, -32.24090576], [-67.62493036, -32.24055519], [-67.62605011, -32.23971677], [-67.62923719, -32.23884197], [-67.63254464, -32.23881818], [-67.63418646, -32.23919889], [-67.63582353, -32.24044573], [-67.63608052, -32.24044573], [-67.63660876, -32.24060277], [-67.63703706, -32.24071699], [-67.63726549, -32.24071699], [-67.63757958, -32.2405885], [-67.63810782, -32.24047428], [-67.63862178, -32.24037435], [-67.63908435, -32.24040537], [-67.63970778, -32.24027339], [-67.64271921, -32.23973189], [-67.64351871, -32.23967478], [-67.64474651, -32.23974617], [-67.64566572, -32.23987209], [-67.64683092, -32.2400317], [-67.64771608, -32.24000315], [-67.64863114, -32.23947896], [-67.65039323, -32.2388916], [-67.65194962, -32.2378658], [-67.65291282, -32.23761893], [-67.6537266, -32.23743333], [-67.65425484, -32.2371478], [-67.6553256, -32.23657673], [-67.65662478, -32.23617698], [-67.66135039, -32.2347493], [-67.66277807, -32.23422106], [-67.663806, -32.23389269], [-67.66443417, -32.23359288], [-67.66471971, -32.23346439], [-67.66520512, -32.23327879], [-67.66580474, -32.2329647], [-67.66599034, -32.23255068], [-67.66587613, -32.23143709], [-67.66586185, -32.23009507], [-67.66609028, -32.22895293], [-67.66721814, -32.22772513], [-67.66777288, -32.2271556], [-67.6682889, -32.22662582], [-67.66894563, -32.22622607], [-67.67000211, -32.22621179], [-67.67084444, -32.22634029], [-67.6717296, -32.22679714], [-67.67274231, -32.22702364], [-67.67419695, -32.22631836], [-67.67469917, -32.22576921], [-67.67497043, -32.22561217], [-67.67566999, -32.22529808], [-67.67629817, -32.22519814], [-67.67699773, -32.22519814], [-67.67784006, -32.22534091], [-67.67869666, -32.2258406], [-67.67902503, -32.22622607], [-67.67915352, -32.22681142], [-67.67865383, -32.22751098], [-67.67788289, -32.22821054], [-67.67700456, -32.2288208], [-67.67497256, -32.23062801], [-67.67504181, -32.23095168], [-67.67515602, -32.23153703], [-67.67555577, -32.23223659], [-67.67805421, -32.23384986], [-67.67886798, -32.23430672], [-67.68088101, -32.23519188], [-67.68172334, -32.23580578], [-67.68287975, -32.23629119], [-67.68320812, -32.23674805], [-67.6850641, -32.23770459], [-67.68650426, -32.23807682], [-67.68743065, -32.2379744], [-67.68851908, -32.23774742], [-67.69017518, -32.23723346], [-67.69218821, -32.23609132], [-67.69263079, -32.23574867], [-67.69301626, -32.23504911], [-67.69304481, -32.23439238], [-67.69320186, -32.23380703], [-67.69355481, -32.23338686], [-67.69401563, -32.23303609], [-67.69472947, -32.23266489], [-67.69719935, -32.2323508], [-67.69994049, -32.23299326], [-67.70168226, -32.23402119], [-67.70360962, -32.23473502], [-67.70587963, -32.23497773], [-67.7070646, -32.23534892], [-67.70822101, -32.2365339], [-67.70900624, -32.23910371], [-67.70863504, -32.24240165], [-67.70840661, -32.24287278], [-67.70827812, -32.243658], [-67.70843517, -32.24420052], [-67.70874926, -32.24485725], [-67.70962014, -32.24528555], [-67.71076228, -32.24564247], [-67.71161888, -32.24567103], [-67.71324644, -32.24539977], [-67.71502476, -32.24450997], [-67.71722673, -32.2434082], [-67.71835752, -32.24337247], [-67.71995998, -32.24286155], [-67.72335772, -32.2422401], [-67.72335775, -32.24224009], [-67.72335778, -32.24224009], [-67.72391118, -32.24184485], [-67.72475351, -32.24134517], [-67.72558855, -32.24121094], [-67.72613836, -32.24121668], [-67.72719484, -32.24100252], [-67.72796578, -32.24081693], [-67.72895088, -32.24084548], [-67.72937918, -32.24085976], [-67.72959333, -32.24061705], [-67.7295505, -32.23983183], [-67.72945057, -32.23938925], [-67.72899371, -32.23901805], [-67.72840836, -32.23887529], [-67.72769452, -32.23891812], [-67.72699496, -32.23900378], [-67.72618119, -32.23944636], [-67.72617615, -32.23963106], [-67.72606697, -32.23987466], [-67.72553873, -32.2400317], [-67.72481062, -32.23990321], [-67.72414873, -32.23973984], [-67.72355426, -32.23930359], [-67.72324017, -32.23896095], [-67.7232259, -32.23821855], [-67.72314024, -32.23771887], [-67.72336866, -32.23746189], [-67.72369703, -32.23729056], [-67.72424058, -32.23677473], [-67.72472496, -32.23629119], [-67.7253103, -32.23589144], [-67.72572433, -32.23599138], [-67.72612408, -32.23623408], [-67.72632395, -32.23676232], [-67.726382, -32.23718262], [-67.72719484, -32.23729056], [-67.72800861, -32.23729056], [-67.72873673, -32.23697648], [-67.72946484, -32.23663383], [-67.7299217, -32.23601993], [-67.73025006, -32.23570584], [-67.73050705, -32.23514905], [-67.73056415, -32.23484924], [-67.73056415, -32.23462081], [-67.73000736, -32.23429244], [-67.72913648, -32.23410685], [-67.72827987, -32.23386414], [-67.72792295, -32.2337071], [-67.72753748, -32.23276483], [-67.72758031, -32.23219376], [-67.72779818, -32.23166907], [-67.72810855, -32.23123722], [-67.7285083, -32.23089457], [-67.72910792, -32.23080891], [-67.72959333, -32.23082319], [-67.72995845, -32.23096193], [-67.73030717, -32.23109445], [-67.73083541, -32.23109445], [-67.73156353, -32.23118011], [-67.73267711, -32.23118011], [-67.73314825, -32.23072325], [-67.73319108, -32.23030923], [-67.73331957, -32.2298952], [-67.73350517, -32.22955256], [-67.73351944, -32.22913853], [-67.73345271, -32.22883825], [-67.73340523, -32.22862457], [-67.73320536, -32.22819626], [-67.73329102, -32.22771085], [-67.73330939, -32.22737085], [-67.73334062, -32.22679325], [-67.73336186, -32.22640032], [-67.73337668, -32.22612613], [-67.73331413, -32.22576223], [-67.73327128, -32.22549994], [-67.73327355, -32.22537065], [-67.73328257, -32.22524165], [-67.73329831, -32.2251133], [-67.73332073, -32.22498595], [-67.73334977, -32.22485995], [-67.73338535, -32.22473563], [-67.73342738, -32.22461334], [-67.73347573, -32.22449341], [-67.73353028, -32.22437617], [-67.73356431, -32.22431202], [-67.73359088, -32.22426193], [-67.73365736, -32.22415102], [-67.73372954, -32.22404373], [-67.73380723, -32.22394036], [-67.7338902, -32.22384118], [-67.73394401, -32.2237833], [-67.73397825, -32.22374648], [-67.73407112, -32.22365649], [-67.73416856, -32.22357149], [-67.7342703, -32.22349168], [-67.73437608, -32.2234173], [-67.73448559, -32.22334854], [-67.73459855, -32.22328559], [-67.73471463, -32.22322863], [-67.73483354, -32.22317781], [-67.73495493, -32.22313327], [-67.73507849, -32.22309512], [-67.73520387, -32.22306349], [-67.73533073, -32.22303844], [-67.73545873, -32.22302005], [-67.73558751, -32.22300836], [-67.73571672, -32.22300342], [-67.73584602, -32.22300524], [-67.73597505, -32.2230138], [-67.73928726, -32.22315657], [-67.74195701, -32.22294241], [-67.74311343, -32.22284248], [-67.74441262, -32.22338499], [-67.74753923, -32.22592626], [-67.74912395, -32.22713978], [-67.7505088, -32.22803922], [-67.75177943, -32.22822482], [-67.75255174, -32.22830495], [-67.75309289, -32.22819626], [-67.75315515, -32.22812584], [-67.75326634, -32.22807208], [-67.75337427, -32.22801204], [-67.75347859, -32.22794593], [-67.75357895, -32.22787396], [-67.75367503, -32.22779635], [-67.75376651, -32.22771338], [-67.75385309, -32.22762531], [-67.75393449, -32.22753243], [-67.75401044, -32.22743504], [-67.7540807, -32.22733346], [-67.75414502, -32.22722803], [-67.75420321, -32.2271191], [-67.75425506, -32.22700701], [-67.75427117, -32.22696619], [-67.75430041, -32.22689213], [-67.75441816, -32.2267863], [-67.75453965, -32.22668478], [-67.75466472, -32.22658771], [-67.75479321, -32.22649521], [-67.75492494, -32.2264074], [-67.75492966, -32.2264045], [-67.75505976, -32.2263244], [-67.75511044, -32.22629567], [-67.75519748, -32.22624632], [-67.75533793, -32.22617325], [-67.75534857, -32.22616819], [-67.75548092, -32.22610529], [-67.75567192, -32.22604903], [-67.7558647, -32.22599921], [-67.75605904, -32.22595588], [-67.75625472, -32.22591909], [-67.75645153, -32.22588889], [-67.75664924, -32.2258653], [-67.75684763, -32.22584835], [-67.75696297, -32.22583548], [-67.7570788, -32.22582826], [-67.75719484, -32.2258267], [-67.75731083, -32.22583082], [-67.75742647, -32.2258406], [-67.75779529, -32.2258406], [-67.75787974, -32.22584866], [-67.75796322, -32.22586382], [-67.75804512, -32.22588596], [-67.75807673, -32.22589745], [-67.75812487, -32.22591493], [-67.75814732, -32.22592531], [-67.75820188, -32.22595053], [-67.75827562, -32.22599248], [-67.75834556, -32.22604051], [-67.7584112, -32.22609426], [-67.75847208, -32.22615336], [-67.75852775, -32.22621738], [-67.75857783, -32.22628587], [-67.75864661, -32.22641704], [-67.7587123, -32.22652889], [-67.75872161, -32.22654475], [-67.75880268, -32.2266687], [-67.7588896, -32.22678861], [-67.7589822, -32.2269042], [-67.75908025, -32.22701521], [-67.75918352, -32.22712137], [-67.75929178, -32.22722244], [-67.75940478, -32.22731818], [-67.75952225, -32.22740838], [-67.75964392, -32.22749283], [-67.75976951, -32.22757133], [-67.75989874, -32.22764369], [-67.76003129, -32.22770976], [-67.76016687, -32.22776937], [-67.76030516, -32.2278224], [-67.76044584, -32.22786871], [-67.76047829, -32.22787769], [-67.76058858, -32.2279082], [-67.76073306, -32.22794078], [-67.76087894, -32.22796638], [-67.76102588, -32.22798493], [-67.76117354, -32.22799639], [-67.76307235, -32.22796784], [-67.76416112, -32.22819956], [-67.76423347, -32.22821496], [-67.76465581, -32.22828803], [-67.76485084, -32.22830535], [-67.76501923, -32.22831437], [-67.76504636, -32.22831583], [-67.76524213, -32.22831944], [-67.76528266, -32.22831876], [-67.76543791, -32.22831618], [-67.76563345, -32.22830606], [-67.76579523, -32.22829199], [-67.76582852, -32.22828909], [-67.76602287, -32.22826529], [-67.76621626, -32.22823469], [-67.76640847, -32.22819733], [-67.76659924, -32.22815324], [-67.76678836, -32.2281025], [-67.76697557, -32.22804516], [-67.76702027, -32.22802973], [-67.7670263, -32.22802765], [-67.76703243, -32.22802553], [-67.76704042, -32.22802278], [-67.76716066, -32.22798128], [-67.7673434, -32.22791095], [-67.76752356, -32.22783426], [-67.76770092, -32.2277513], [-67.76787526, -32.22766217], [-67.76804637, -32.22756698], [-67.76821403, -32.22746585], [-67.76837804, -32.22735891], [-67.7683786, -32.22735852], [-67.76853821, -32.22724627], [-67.76860124, -32.22718044], [-67.76865953, -32.22711038], [-67.76871279, -32.22703643], [-67.76876078, -32.22695894], [-67.76880325, -32.2268783], [-67.76884001, -32.2267949], [-67.76887086, -32.22670915], [-67.76889475, -32.2266247], [-67.76889567, -32.22662145], [-67.76891431, -32.22653223], [-67.76892669, -32.22644194], [-67.76893275, -32.226351], [-67.76893246, -32.22625986], [-67.76892582, -32.22616896], [-67.76893658, -32.22606215], [-67.76892502, -32.22598712], [-67.76892053, -32.22591132], [-67.76892318, -32.22583545], [-67.76887821, -32.22573048], [-67.76885634, -32.22569277], [-67.7688528, -32.22568666], [-67.76883339, -32.22563988], [-67.76882031, -32.22559094], [-67.76881378, -32.22554071], [-67.76881393, -32.22549006], [-67.76882075, -32.22543987], [-67.76883411, -32.22539101], [-67.7688538, -32.22534434], [-67.76887946, -32.22530067], [-67.76891065, -32.22526075], [-67.76894682, -32.2252253], [-67.76898735, -32.22519491], [-67.76903152, -32.22517013], [-67.76907858, -32.22515138], [-67.76912769, -32.22513899], [-67.76917801, -32.22513318], [-67.76922866, -32.22513404], [-67.76927875, -32.22514157], [-67.76959835, -32.22513927], [-67.77025239, -32.22513456], [-67.77029532, -32.22513425], [-67.77041382, -32.22514377], [-67.77054092, -32.22515694], [-67.77073093, -32.22518237], [-67.77082111, -32.22519775], [-67.77091991, -32.2252146], [-67.77110762, -32.22525358], [-67.7712938, -32.22529925], [-67.77147824, -32.22535157], [-67.77166067, -32.22541046], [-67.77184089, -32.22547585], [-67.77201864, -32.22554765], [-67.77219371, -32.22562578], [-67.77236586, -32.22571012], [-67.77253489, -32.22580058], [-67.77270056, -32.22589704], [-67.77286267, -32.22599937], [-67.77302102, -32.22610744], [-67.77317538, -32.22622111], [-67.77332558, -32.22634025], [-67.77347142, -32.22646468], [-67.7736127, -32.22659426], [-67.77374925, -32.22672882], [-67.77388089, -32.22686819], [-67.77400745, -32.22701218], [-67.77412878, -32.22716061], [-67.77419395, -32.22728255], [-67.77396552, -32.22792501], [-67.77322313, -32.22949545], [-67.77263778, -32.23080891], [-67.77168124, -32.23193678], [-67.77116728, -32.23236508], [-67.77041061, -32.23260779], [-67.77032078, -32.23263074], [-67.77023294, -32.23266038], [-67.77014757, -32.23269654], [-67.77006516, -32.23273901], [-67.76998617, -32.23278756], [-67.76991106, -32.2328419], [-67.76984024, -32.23290173], [-67.76977411, -32.23296672], [-67.76971306, -32.23303649], [-67.76965743, -32.23311065], [-67.76965315, -32.23311735], [-67.76960752, -32.23318878], [-67.76956363, -32.23327044], [-67.76952599, -32.23335517], [-67.76949483, -32.23344249], [-67.76947032, -32.23353191], [-67.7694526, -32.23362291], [-67.76944177, -32.23371498], [-67.76943789, -32.23380761], [-67.76944098, -32.23390027], [-67.76945102, -32.23399244], [-67.76946796, -32.23408359], [-67.7694917, -32.23417321], [-67.76952211, -32.23426079], [-67.76955902, -32.23434584], [-67.76958427, -32.23439379], [-67.76960221, -32.23442787], [-67.76965145, -32.23450643], [-67.76970645, -32.23458107], [-67.7697669, -32.23465136], [-67.76983246, -32.23471691], [-67.76990277, -32.23477735], [-67.76997741, -32.23483233], [-67.77005598, -32.23488155], [-67.77013803, -32.23492473], [-67.77022308, -32.23496161], [-67.77031067, -32.23499201], [-67.77136071, -32.23541315], [-67.77288987, -32.23551934], [-67.77420823, -32.23510622], [-67.77507911, -32.23499201], [-67.77626408, -32.23503484], [-67.77732256, -32.23512243], [-67.77836277, -32.23522043], [-67.77856794, -32.23520687], [-67.77877254, -32.23518628], [-67.7789763, -32.23515869], [-67.779179, -32.23512415], [-67.7793804, -32.23508268], [-67.77958027, -32.23503434], [-67.77977836, -32.23497918], [-67.77997444, -32.23491727], [-67.78016829, -32.23484867], [-67.78035967, -32.23477348], [-67.78054837, -32.23469178], [-67.78073416, -32.23460366], [-67.78091682, -32.23450924], [-67.78109614, -32.23440861], [-67.7812719, -32.23430189], [-67.78144391, -32.23418922], [-67.78161196, -32.23407073], [-67.78177585, -32.23394655], [-67.7819354, -32.23381682], [-67.7820904, -32.23368171], [-67.78224069, -32.23354137], [-67.78238608, -32.23339597], [-67.78252641, -32.23324566], [-67.7826615, -32.23309065], [-67.78279121, -32.23293109], [-67.78291538, -32.23276719], [-67.78303386, -32.23259913], [-67.78314651, -32.23242711], [-67.78325321, -32.23225133], [-67.78338819, -32.23182256], [-67.78361662, -32.23099451], [-67.78377366, -32.22985237], [-67.78398781, -32.22932413], [-67.7843019, -32.22869595], [-67.78477303, -32.22828193], [-67.78535838, -32.22803922], [-67.78651935, -32.22794115], [-67.78671303, -32.2279382], [-67.7869067, -32.22794166], [-67.78710015, -32.22795153], [-67.78729316, -32.22796779], [-67.7874037, -32.2279808], [-67.78748554, -32.22799043], [-67.78767705, -32.22801942], [-67.78786751, -32.22805473], [-67.78805669, -32.22809633], [-67.78812227, -32.22813547], [-67.788191, -32.22816875], [-67.78826238, -32.22819591], [-67.78833585, -32.22821675], [-67.78841085, -32.22823111], [-67.78848683, -32.22823888], [-67.78856319, -32.22824], [-67.78858294, -32.22823856], [-67.78858721, -32.22823825], [-67.78863936, -32.22823446], [-67.78871475, -32.2282223], [-67.7887888, -32.22820362], [-67.78886094, -32.22817855], [-67.78893062, -32.2281473], [-67.78899731, -32.22811009], [-67.78906051, -32.22806722], [-67.78907126, -32.22805846], [-67.78908897, -32.22804404], [-67.78911973, -32.22801899], [-67.78917452, -32.2279658], [-67.78922447, -32.22790802], [-67.78926919, -32.22784612], [-67.78930835, -32.22778056], [-67.78934165, -32.22771183], [-67.78936883, -32.22764046], [-67.78938968, -32.22756699], [-67.78940406, -32.22749199], [-67.78941185, -32.22741602], [-67.78941298, -32.22733966], [-67.78942392, -32.22640858], [-67.78937015, -32.22595481], [-67.78951292, -32.2252267], [-67.78978418, -32.22454141], [-67.79036438, -32.22416441], [-67.79048248, -32.2240752], [-67.79122613, -32.22351349], [-67.79125526, -32.22347922], [-67.79166242, -32.22360422], [-67.79168637, -32.22361156], [-67.79174249, -32.22362873], [-67.79179862, -32.22364588], [-67.79185477, -32.22366299], [-67.79191093, -32.22368005], [-67.79196712, -32.22369707], [-67.79202333, -32.22371404], [-67.79207957, -32.22373094], [-67.79213584, -32.22374778], [-67.79219214, -32.22376455], [-67.79224848, -32.22378124], [-67.79230485, -32.22379785], [-67.79236126, -32.22381436], [-67.79241772, -32.22383077], [-67.79247427, -32.22384691], [-67.79253093, -32.22386276], [-67.79258769, -32.22387834], [-67.79264454, -32.22389365], [-67.79270147, -32.22390873], [-67.79275849, -32.22392359], [-67.79281558, -32.22393824], [-67.79287273, -32.22395272], [-67.79292994, -32.22396702], [-67.79298721, -32.22398119], [-67.79304452, -32.22399522], [-67.79310187, -32.22400914], [-67.79315926, -32.22402297], [-67.79321668, -32.22403673], [-67.79327411, -32.22405043], [-67.79333156, -32.2240641], [-67.79338902, -32.22407774], [-67.79344648, -32.22409139], [-67.79350394, -32.22410506], [-67.79356139, -32.22411876], [-67.79361882, -32.22413252], [-67.79367622, -32.22414635], [-67.7937336, -32.22416027], [-67.79379093, -32.22417431], [-67.79384824, -32.22418845], [-67.79390555, -32.22420254], [-67.79396289, -32.22421657], [-67.79402025, -32.22423054], [-67.79407762, -32.22424445], [-67.79413501, -32.22425831], [-67.79419242, -32.22427211], [-67.79424984, -32.22428586], [-67.79430728, -32.22429957], [-67.79436473, -32.22431323], [-67.79442218, -32.22432686], [-67.79447965, -32.22434045], [-67.79453713, -32.224354], [-67.79459461, -32.22436753], [-67.7946521, -32.22438103], [-67.7947096, -32.22439451], [-67.7947671, -32.22440797], [-67.7948246, -32.22442142], [-67.7948821, -32.22443485], [-67.7949396, -32.22444827], [-67.7949971, -32.22446169], [-67.7950546, -32.22447511], [-67.79511209, -32.22448852], [-67.79516958, -32.22450194], [-67.79522706, -32.22451537], [-67.79528467, -32.22452838], [-67.7953427, -32.22453994], [-67.79540115, -32.22455009], [-67.79545997, -32.22455894], [-67.79551912, -32.22456663], [-67.79557856, -32.22457326], [-67.79563826, -32.22457895], [-67.79569815, -32.22458382], [-67.79575822, -32.22458798], [-67.79581842, -32.22459154], [-67.7958787, -32.22459464], [-67.79593902, -32.22459737], [-67.79599936, -32.22459987], [-67.79605965, -32.22460224], [-67.79611987, -32.2246046], [-67.79617998, -32.22460706], [-67.79623992, -32.22460976], [-67.79629967, -32.22461279], [-67.79635918, -32.22461628], [-67.79641841, -32.22462034], [-67.79647732, -32.22462509], [-67.79653587, -32.22463065], [-67.79659402, -32.22463713], [-67.79665173, -32.22464465], [-67.79670894, -32.22465335], [-67.79676448, -32.22466643], [-67.7968176, -32.2246858], [-67.79686848, -32.22471087], [-67.79691733, -32.22474105], [-67.79696432, -32.22477574], [-67.79700964, -32.22481435], [-67.79705348, -32.22485627], [-67.79709603, -32.22490092], [-67.79713747, -32.2249477], [-67.79717798, -32.22499602], [-67.79721777, -32.22504528], [-67.79725701, -32.22509489], [-67.79729588, -32.22514424], [-67.79733459, -32.22519275], [-67.79737331, -32.22523983], [-67.79741223, -32.22528487], [-67.79745154, -32.22532728], [-67.79749142, -32.22536647], [-67.79753207, -32.22540185], [-67.79757367, -32.22543281], [-67.7976164, -32.22545876], [-67.79766045, -32.22547911], [-67.79770602, -32.22549327], [-67.79775328, -32.22550063], [-67.7978024, -32.22550133], [-67.79785328, -32.22549934], [-67.79790574, -32.2254954], [-67.79795959, -32.22548955], [-67.79801468, -32.22548183], [-67.79807082, -32.22547227], [-67.79812785, -32.22546091], [-67.79818559, -32.2254478], [-67.79824388, -32.22543296], [-67.79830253, -32.22541643], [-67.79836138, -32.22539826], [-67.79837238, -32.22539457], [-67.79842026, -32.22537848], [-67.79847899, -32.22535714], [-67.7985374, -32.22533425], [-67.79859531, -32.22530988], [-67.79865257, -32.22528404], [-67.79870898, -32.22525679], [-67.79876439, -32.22522816], [-67.79881862, -32.22519818], [-67.79887149, -32.2251669], [-67.79892284, -32.22513435], [-67.79897249, -32.22510057], [-67.79902027, -32.2250656], [-67.79906602, -32.22502948], [-67.79910963, -32.22499229], [-67.7991523, -32.2249548], [-67.7991945, -32.22491725], [-67.79923624, -32.22487966], [-67.79927755, -32.22484201], [-67.79931845, -32.22480432], [-67.79935897, -32.22476656], [-67.79939913, -32.22472875], [-67.79943896, -32.22469089], [-67.79947848, -32.22465296], [-67.79951772, -32.22461498], [-67.7995567, -32.22457693], [-67.79959544, -32.22453882], [-67.79963397, -32.22450065], [-67.79967232, -32.22446241], [-67.7997105, -32.22442411], [-67.79974855, -32.22438574], [-67.79978648, -32.2243473], [-67.79982433, -32.22430878], [-67.79986212, -32.2242702], [-67.79989986, -32.22423154], [-67.7999376, -32.22419281], [-67.79997534, -32.224154], [-67.80001312, -32.22411512], [-67.80005095, -32.22407615], [-67.8000885, -32.22403704], [-67.80012457, -32.22399754], [-67.80015924, -32.22395768], [-67.80019269, -32.22391749], [-67.80022513, -32.223877], [-67.80025672, -32.22383627], [-67.80028767, -32.22379532], [-67.80031816, -32.2237542], [-67.80034838, -32.22371294], [-67.80037851, -32.22367158], [-67.80040875, -32.22363015], [-67.80043928, -32.2235887], [-67.80047029, -32.22354727], [-67.80050197, -32.22350588], [-67.8005345, -32.22346459], [-67.80056808, -32.22342342], [-67.80060289, -32.22338242], [-67.80063912, -32.22334162], [-67.80064358, -32.22333685], [-67.80067696, -32.22330106], [-67.80071659, -32.22326079], [-67.80075821, -32.22322082], [-67.800802, -32.22318122], [-67.80084816, -32.223142], [-67.80089686, -32.22310322], [-67.80094829, -32.22306491], [-67.80100184, -32.22302801], [-67.80103738, -32.22300573], [-67.80105628, -32.22299389], [-67.80111154, -32.22296249], [-67.80116756, -32.22293374], [-67.80122426, -32.22290756], [-67.80156082, -32.22301928], [-67.80166764, -32.22308329], [-67.8017775, -32.22314193], [-67.80189014, -32.22319507], [-67.80200526, -32.22324257], [-67.80212259, -32.22328431], [-67.80224185, -32.22332019], [-67.80236273, -32.22335012], [-67.80248495, -32.22337404], [-67.8026082, -32.22339188], [-67.80273218, -32.22340359], [-67.80285659, -32.22340916], [-67.80298113, -32.22340856], [-67.80310548, -32.2234018], [-67.80398956, -32.22377047], [-67.80685919, -32.22482695], [-67.80737315, -32.22558362], [-67.80768724, -32.22636884], [-67.80838843, -32.22690025], [-67.80887222, -32.22701129], [-67.80997584, -32.22691096], [-67.8105997, -32.22685425], [-67.81212732, -32.22571211], [-67.81268411, -32.22481267], [-67.81341814, -32.2244873], [-67.81444015, -32.22455569], [-67.81506833, -32.22536947], [-67.81536814, -32.22614041], [-67.81622475, -32.22691136], [-67.81746683, -32.22728255], [-67.81879457, -32.22721117], [-67.82060772, -32.22679714], [-67.8236915, -32.22542657], [-67.82704654, -32.22462707], [-67.82760333, -32.22464135], [-67.82828862, -32.22488406], [-67.82935937, -32.22554079], [-67.83011541, -32.22618342], [-67.83050152, -32.22651161], [-67.83067284, -32.22659727], [-67.83105831, -32.22652588], [-67.83211479, -32.22562645], [-67.83307133, -32.22437009], [-67.83482738, -32.22307091], [-67.83591241, -32.22231424], [-67.83645493, -32.22111499], [-67.83651203, -32.22010134], [-67.83642508, -32.21977447], [-67.83636815, -32.21964347], [-67.83631661, -32.21951025], [-67.83627056, -32.21937505], [-67.83623007, -32.21923807], [-67.83619521, -32.21909956], [-67.83616604, -32.21895973], [-67.8361426, -32.21881883], [-67.83612494, -32.21867709], [-67.83612119, -32.21863206], [-67.83611309, -32.21853475], [-67.83610705, -32.21839205], [-67.83595719, -32.21801555], [-67.83569241, -32.21735034], [-67.83569241, -32.21691111], [-67.83569241, -32.21663651], [-67.83573699, -32.21642848], [-67.83580499, -32.21611113], [-67.83587087, -32.21580369], [-67.83673343, -32.21535754], [-67.83826159, -32.21508723], [-67.84097311, -32.2149513], [-67.84114311, -32.21497993], [-67.84131185, -32.2150152], [-67.84147908, -32.21505705], [-67.84164454, -32.21510543], [-67.84180798, -32.21516026], [-67.84196914, -32.21522145], [-67.84212778, -32.21528892], [-67.84228365, -32.21536254], [-67.84243652, -32.21544222], [-67.84258615, -32.21552783], [-67.84273231, -32.21561924], [-67.84287477, -32.21571631], [-67.84301332, -32.21581889], [-67.84314774, -32.21592682], [-67.84327783, -32.21603993], [-67.84340339, -32.21615806], [-67.84352422, -32.21628101], [-67.84364013, -32.21640861], [-67.84375096, -32.21654066], [-67.84385652, -32.21667694], [-67.84395667, -32.21681726], [-67.84405123, -32.2169614], [-67.84414008, -32.21710913], [-67.84422306, -32.21726023], [-67.84430006, -32.21741446], [-67.84437096, -32.2175716], [-67.84443564, -32.2177314], [-67.84455196, -32.21921487], [-67.84455483, -32.2192668], [-67.84455767, -32.21931875], [-67.8445605, -32.21937069], [-67.84456331, -32.21942263], [-67.84456611, -32.21947457], [-67.84456889, -32.21952651], [-67.84457166, -32.21957845], [-67.84457441, -32.21963039], [-67.84457715, -32.21968233], [-67.84457987, -32.21973427], [-67.84458258, -32.21978622], [-67.84458528, -32.21983816], [-67.84458796, -32.2198901], [-67.84459064, -32.21994204], [-67.8445933, -32.21999398], [-67.84459595, -32.22004592], [-67.84459859, -32.22009786], [-67.84460122, -32.2201498], [-67.84460384, -32.22020174], [-67.84460646, -32.22025368], [-67.84460906, -32.22030562], [-67.84461166, -32.22035756], [-67.84461424, -32.2204095], [-67.84461682, -32.22046144], [-67.8446194, -32.22051338], [-67.84462194, -32.22056532], [-67.8446234, -32.22061724], [-67.84462338, -32.22066913], [-67.84462197, -32.22072101], [-67.84461931, -32.22077286], [-67.84461552, -32.22082469], [-67.84461071, -32.2208765], [-67.84460502, -32.22092829], [-67.84459856, -32.22098007], [-67.84459145, -32.22103184], [-67.84458382, -32.2210836], [-67.84457579, -32.22113535], [-67.84456748, -32.22118709], [-67.84455901, -32.22123883], [-67.8445505, -32.22129057], [-67.84454208, -32.2213423], [-67.84453387, -32.22139404], [-67.84452599, -32.22144577], [-67.84451856, -32.22149752], [-67.8445117, -32.22154926], [-67.84450554, -32.22160102], [-67.84450019, -32.22165279], [-67.84449579, -32.22170457], [-67.84449244, -32.22175636], [-67.84449028, -32.22180817], [-67.84448888, -32.22186], [-67.84448773, -32.22191183], [-67.84448705, -32.22196365], [-67.84448704, -32.22201542], [-67.84448791, -32.22206711], [-67.84448987, -32.22211869], [-67.84449314, -32.22217013], [-67.84449791, -32.22222141], [-67.84450441, -32.22227248], [-67.84451284, -32.22232334], [-67.84452341, -32.22237394], [-67.84453633, -32.22242425], [-67.84455181, -32.22247426], [-67.84457006, -32.22252392], [-67.84459129, -32.2225732], [-67.8446157, -32.22262209], [-67.84464352, -32.22267055], [-67.84467495, -32.22271854], [-67.8447102, -32.22276605], [-67.84474947, -32.22281304], [-67.84479299, -32.22285949], [-67.84484095, -32.22290535], [-67.84489357, -32.22295061], [-67.84495063, -32.22299487], [-67.8450087, -32.22303514], [-67.84506701, -32.22307097], [-67.84512554, -32.22310262], [-67.84518428, -32.22313034], [-67.84524323, -32.22315436], [-67.84530236, -32.22317493], [-67.84536168, -32.2231923], [-67.84542117, -32.22320671], [-67.84548081, -32.22321841], [-67.8455406, -32.22322765], [-67.84560053, -32.22323467], [-67.84566059, -32.22323971], [-67.84572076, -32.22324303], [-67.84578104, -32.22324486], [-67.84584141, -32.22324546], [-67.84590186, -32.22324506], [-67.84596239, -32.22324393], [-67.84602298, -32.22324229], [-67.84608362, -32.22324039], [-67.8461443, -32.22323849], [-67.84620502, -32.22323683], [-67.84626575, -32.22323565], [-67.84627097, -32.22323561], [-67.84632649, -32.2232352], [-67.84638723, -32.22323536], [-67.84644801, -32.22323529], [-67.84650882, -32.22323491], [-67.84656966, -32.22323421], [-67.84663052, -32.22323318], [-67.8466914, -32.2232318], [-67.8467523, -32.22323005], [-67.84681323, -32.22322792], [-67.84687417, -32.22322539], [-67.84693512, -32.22322245], [-67.84699608, -32.22321908], [-67.84705705, -32.22321527], [-67.84711803, -32.22321099], [-67.84717901, -32.22320624], [-67.84724, -32.223201], [-67.84730098, -32.22319525], [-67.84736196, -32.22318898], [-67.84742294, -32.22318217], [-67.8474839, -32.22317481], [-67.84754486, -32.22316688], [-67.84760581, -32.22315836], [-67.84766674, -32.22314925], [-67.84772765, -32.22313951], [-67.84778854, -32.22312915], [-67.84784942, -32.22311824], [-67.84791029, -32.22310739], [-67.84797111, -32.22309658], [-67.84803179, -32.22308564], [-67.84809227, -32.22307441], [-67.84815247, -32.22306272], [-67.84821234, -32.22305041], [-67.84827179, -32.2230373], [-67.8482802, -32.2230353], [-67.84833077, -32.22302324], [-67.84838919, -32.22300806], [-67.84844699, -32.2229916], [-67.8485041, -32.22297368], [-67.84856045, -32.22295415], [-67.84861597, -32.22293283], [-67.84867059, -32.22290957], [-67.84872424, -32.22288419], [-67.84877685, -32.22285654], [-67.84882835, -32.22282644], [-67.84887867, -32.22279374], [-67.84892774, -32.22275826], [-67.84897549, -32.22271984], [-67.84902185, -32.22267832], [-67.84906676, -32.22263352], [-67.84911001, -32.22258546], [-67.84914987, -32.22253641], [-67.84918595, -32.22248716], [-67.84921844, -32.22243771], [-67.84924753, -32.22238806], [-67.84927342, -32.22233823], [-67.84929631, -32.22228822], [-67.8493164, -32.22223804], [-67.84933386, -32.2221877], [-67.84934891, -32.22213721], [-67.84936174, -32.22208657], [-67.84937253, -32.2220358], [-67.84938149, -32.22198489], [-67.84938882, -32.22193386], [-67.8493947, -32.22188271], [-67.84939933, -32.22183146], [-67.8494029, -32.22178011], [-67.84940562, -32.22172866], [-67.84940768, -32.22167713], [-67.84940927, -32.22162553], [-67.84941058, -32.22157386], [-67.84941182, -32.22152212], [-67.84941317, -32.22147033], [-67.84941484, -32.2214185], [-67.84941699, -32.22136663], [-67.84941932, -32.22131472], [-67.84942164, -32.22126277], [-67.8494239, -32.22121079], [-67.84942606, -32.22115878], [-67.84942807, -32.22110675], [-67.84942991, -32.22105469], [-67.84943152, -32.22100262], [-67.84943286, -32.22095054], [-67.8494339, -32.22089845], [-67.84943459, -32.22084636], [-67.84943489, -32.22079427], [-67.84943477, -32.22074219], [-67.84943417, -32.22069011], [-67.84943306, -32.22063805], [-67.8494314, -32.22058601], [-67.84942914, -32.22053398], [-67.84942625, -32.22048199], [-67.84942268, -32.22043002], [-67.8494184, -32.22037809], [-67.84941335, -32.2203262], [-67.84940751, -32.22027435], [-67.84940082, -32.22022255], [-67.84939325, -32.2201708], [-67.84938476, -32.22011911], [-67.84937554, -32.22006752], [-67.84936581, -32.22001609], [-67.84935556, -32.2199648], [-67.8493448, -32.21991365], [-67.84933353, -32.21986263], [-67.84932173, -32.21981174], [-67.84930942, -32.21976097], [-67.84929659, -32.21971031], [-67.84928324, -32.21965977], [-67.84926937, -32.21960933], [-67.84925497, -32.21955898], [-67.84924005, -32.21950873], [-67.8492246, -32.21945857], [-67.84920863, -32.21940848], [-67.84919212, -32.21935847], [-67.84917508, -32.21930852], [-67.84915752, -32.21925864], [-67.84913941, -32.21920881], [-67.84912078, -32.21915904], [-67.8491016, -32.2191093], [-67.84908189, -32.21905961], [-67.84906164, -32.21900995], [-67.84904085, -32.21896031], [-67.84901951, -32.21891069], [-67.84899772, -32.21886119], [-67.84897562, -32.21881196], [-67.84895319, -32.21876301], [-67.84893042, -32.21871434], [-67.84890727, -32.21866593], [-67.84888373, -32.2186178], [-67.84885977, -32.21856993], [-67.84883539, -32.21852231], [-67.84881054, -32.21847495], [-67.84878522, -32.21842785], [-67.8487594, -32.21838099], [-67.84873306, -32.21833437], [-67.84870617, -32.21828799], [-67.84867873, -32.21824185], [-67.8486507, -32.21819593], [-67.84862206, -32.21815025], [-67.84859279, -32.21810478], [-67.84856288, -32.21805954], [-67.8485323, -32.21801451], [-67.84850102, -32.21796969], [-67.84846903, -32.21792508], [-67.84843631, -32.21788067], [-67.84840283, -32.21783645], [-67.84836857, -32.21779244], [-67.84833355, -32.21774867], [-67.8482979, -32.2177054], [-67.84826168, -32.21766264], [-67.84822491, -32.21762036], [-67.84818763, -32.21757854], [-67.84814987, -32.21753715], [-67.84811167, -32.21749616], [-67.84807304, -32.21745555], [-67.84803404, -32.21741529], [-67.84799468, -32.21737535], [-67.84795501, -32.21733572], [-67.84791505, -32.21729636], [-67.84787483, -32.21725725], [-67.84783439, -32.21721837], [-67.84779376, -32.21717968], [-67.84775297, -32.21714116], [-67.84771205, -32.21710279], [-67.84767104, -32.21706454], [-67.84762996, -32.21702638], [-67.84758886, -32.2169883], [-67.84754776, -32.21695025], [-67.84750669, -32.21691222], [-67.84746568, -32.21687418], [-67.84742478, -32.21683611], [-67.84738384, -32.21679809], [-67.84734171, -32.21676089], [-67.84729828, -32.21672461], [-67.84725366, -32.21668916], [-67.84720798, -32.21665445], [-67.84716138, -32.2166204], [-67.84711399, -32.21658692], [-67.84706592, -32.21655394], [-67.8470173, -32.21652135], [-67.84696828, -32.21648909], [-67.84691896, -32.21645706], [-67.84686949, -32.21642518], [-67.84681999, -32.21639336], [-67.84677058, -32.21636152], [-67.8467214, -32.21632957], [-67.84667257, -32.21629744], [-67.84662422, -32.21626502], [-67.84657648, -32.21623225], [-67.84652947, -32.21619903], [-67.84648333, -32.21616528], [-67.84643819, -32.21613091], [-67.84639416, -32.21609584], [-67.84635138, -32.21605998], [-67.84630998, -32.21602326], [-67.84627019, -32.21598548], [-67.84623438, -32.21594464], [-67.84620344, -32.21590026], [-67.84617726, -32.21585274], [-67.84615577, -32.21580246], [-67.84613887, -32.21574983], [-67.84612649, -32.21569524], [-67.84611855, -32.21563907], [-67.84611494, -32.21558174], [-67.8461156, -32.21552362], [-67.84612043, -32.21546512], [-67.84612935, -32.21540663], [-67.84614227, -32.21534854], [-67.84615912, -32.21529125], [-67.8461798, -32.21523514], [-67.84620422, -32.21518063], [-67.84623232, -32.21512809], [-67.84626399, -32.21507793], [-67.84629916, -32.21503054], [-67.84633773, -32.21498631], [-67.84637963, -32.21494564], [-67.84640179, -32.21489711], [-67.84642418, -32.21484875], [-67.84644686, -32.21480059], [-67.84646989, -32.21475263], [-67.84649332, -32.21470489], [-67.8465172, -32.21465738], [-67.84654158, -32.21461011], [-67.84656634, -32.21456345], [-67.84656653, -32.21456309], [-67.84659208, -32.21451635], [-67.84661829, -32.21446989], [-67.84664522, -32.21442373], [-67.84667293, -32.21437787], [-67.84668927, -32.21435179], [-67.84757653, -32.21340554], [-67.85087446, -32.21183509], [-67.85233069, -32.21100704], [-67.85335862, -32.2107215], [-67.85414384, -32.21062157], [-67.85514321, -32.21093565], [-67.85570001, -32.21123547], [-67.85615686, -32.21180654], [-67.85707589, -32.21187909], [-67.85778442, -32.21193503], [-67.85886945, -32.21144962], [-67.85992593, -32.21087855], [-67.86091103, -32.20943659], [-67.86149637, -32.20803747], [-67.86141071, -32.20663835], [-67.86179619, -32.20535344], [-67.86243864, -32.20455394], [-67.8632748, -32.20375168], [-67.86465154, -32.20249809], [-67.86645041, -32.20118462], [-67.86768298, -32.20008676], [-67.86780477, -32.20001092], [-67.86887746, -32.19934292], [-67.86976262, -32.19902883], [-67.87193269, -32.19841493], [-67.87300766, -32.19830123], [-67.87341747, -32.19825789], [-67.87364166, -32.19818694], [-67.87386535, -32.19811615], [-67.87454534, -32.19790097], [-67.87508786, -32.19782958], [-67.8756732, -32.19734417], [-67.87575886, -32.196716], [-67.87534484, -32.19604499], [-67.87475949, -32.19541681], [-67.87391716, -32.19438888], [-67.87337695, -32.19366125], [-67.87254659, -32.19257573], [-67.87123313, -32.19164774], [-67.87086193, -32.19113378], [-67.87093332, -32.19013441], [-67.871433, -32.18916359], [-67.8721333, -32.18860192], [-67.87286859, -32.18801219], [-67.8748737, -32.18716484], [-67.87620144, -32.18676509], [-67.8770295, -32.18646528], [-67.87812881, -32.18596559], [-67.8791139, -32.18506615], [-67.88109014, -32.18285184], [-67.88174083, -32.18206803], [-67.88322561, -32.180983], [-67.8847675, -32.1803691], [-67.88632367, -32.17989797], [-67.88769424, -32.17988369], [-67.88926468, -32.17991224], [-67.89058385, -32.18010581], [-67.89203438, -32.18031199], [-67.89434721, -32.18032627], [-67.89586055, -32.18035482], [-67.89691423, -32.18017578], [-67.89706873, -32.18013479], [-67.89891578, -32.17984086], [-67.89965817, -32.17982658], [-67.90045767, -32.17949822], [-67.90084314, -32.17918413], [-67.90128572, -32.17905564], [-67.90182824, -32.17878438], [-67.90229937, -32.17847029], [-67.90291327, -32.17821331], [-67.90319881, -32.17821331], [-67.90388409, -32.17798488], [-67.90446944, -32.17771362], [-67.90505479, -32.17725676], [-67.90541171, -32.17701406], [-67.9057258, -32.1765572], [-67.90612555, -32.17552927], [-67.90603988, -32.17488682], [-67.9057829, -32.17417298], [-67.90559731, -32.17364474], [-67.9057258, -32.17260742], [-67.90579718, -32.17233128], [-67.90611127, -32.17218851], [-67.90646819, -32.17203147], [-67.90711064, -32.17203147], [-67.90766744, -32.1721314], [-67.90856687, -32.17243122], [-67.90976612, -32.17290235], [-67.91095109, -32.17333065], [-67.91195047, -32.1734877], [-67.9126643, -32.17371613], [-67.91310688, -32.17387317], [-67.91363512, -32.17427292], [-67.91410626, -32.17494393], [-67.91447745, -32.17527229], [-67.91540788, -32.17541504], [-67.91606217, -32.17530085], [-67.91651903, -32.17517236], [-67.91687595, -32.17465839], [-67.91713544, -32.17394119], [-67.91733281, -32.17318789], [-67.91760515, -32.17265392], [-67.91760515, -32.17177449], [-67.9175591, -32.17074967], [-67.91768973, -32.1698614], [-67.91767545, -32.1690619], [-67.91767545, -32.16791976], [-67.91803237, -32.16702032], [-67.91823978, -32.16618016], [-67.91960857, -32.16513344], [-67.92007395, -32.16502158], [-67.92075923, -32.16470749], [-67.92225829, -32.16369384], [-67.9233576, -32.16298], [-67.92361458, -32.16215195], [-67.92438553, -32.16061005], [-67.92528497, -32.15919665], [-67.92669837, -32.15722646], [-67.92755497, -32.1563413], [-67.92806893, -32.15567029], [-67.92826881, -32.15522771], [-67.92841158, -32.15445677], [-67.9281546, -32.15357161], [-67.92748359, -32.15284349], [-67.92646994, -32.15232953], [-67.9259909, -32.15222375], [-67.92539918, -32.1518584], [-67.92497576, -32.1511819], [-67.92472817, -32.15070198], [-67.92431415, -32.14980254], [-67.92387157, -32.14883172], [-67.92381446, -32.14788946], [-67.92381446, -32.147247], [-67.92390118, -32.14702154], [-67.92417138, -32.14631901], [-67.92462823, -32.14536247], [-67.92541346, -32.14501983], [-67.92622723, -32.14499127], [-67.92773556, -32.14508964], [-67.92819743, -32.14511976], [-67.92866303, -32.14510474], [-67.92918104, -32.14509277], [-67.92998202, -32.14510549], [-67.93073869, -32.14526253], [-67.93102423, -32.14511976], [-67.93125701, -32.14477772], [-67.93125265, -32.14457725], [-67.93102423, -32.14413467], [-67.93069053, -32.14350519], [-67.93041627, -32.14298784], [-67.93016762, -32.14249284], [-67.93035322, -32.14199315], [-67.93065303, -32.14146491], [-67.93120982, -32.14107944], [-67.93215209, -32.14119365], [-67.93368468, -32.14121808], [-67.93573556, -32.14125076], [-67.93630663, -32.1407939], [-67.93816261, -32.13903786], [-67.93824827, -32.13855245], [-67.93811978, -32.1379671], [-67.93719179, -32.1372961], [-67.93642084, -32.13698201], [-67.93584977, -32.13636811], [-67.93562134, -32.13556861], [-67.93532153, -32.13505464], [-67.93463625, -32.13476911], [-67.93365115, -32.13485477], [-67.93289396, -32.13494081], [-67.93239479, -32.13499754], [-67.93182372, -32.13485477], [-67.93132404, -32.13459779], [-67.93116699, -32.13429797], [-67.93095284, -32.13349848], [-67.93095284, -32.13314156], [-67.93109392, -32.1328125], [-67.93183208, -32.13236513], [-67.93290876, -32.13192803], [-67.93392038, -32.13169155], [-67.93389999, -32.13164471], [-67.93387845, -32.1315933], [-67.93385799, -32.13154191], [-67.93383885, -32.13149054], [-67.93382128, -32.13143922], [-67.93382091, -32.13143805], [-67.93380549, -32.13138798], [-67.93379175, -32.13133682], [-67.93378028, -32.13128577], [-67.93377133, -32.13123485], [-67.93376513, -32.13118409], [-67.93376192, -32.13113349], [-67.93376195, -32.13108307], [-67.93376545, -32.13103287], [-67.93377266, -32.13098289], [-67.93378378, -32.13093315], [-67.93379728, -32.13088357], [-67.9338122, -32.13083407], [-67.93382844, -32.13078464], [-67.93384588, -32.13073529], [-67.93386444, -32.130686], [-67.93388399, -32.13063677], [-67.93390443, -32.13058759], [-67.93392567, -32.13053844], [-67.93394758, -32.13048933], [-67.93397008, -32.13044024], [-67.93399305, -32.13039117], [-67.93401638, -32.13034212], [-67.93403998, -32.13029306], [-67.93406373, -32.130244], [-67.93408754, -32.13019493], [-67.93411129, -32.13014583], [-67.93413488, -32.13009671], [-67.9341582, -32.13004756], [-67.93418116, -32.12999836], [-67.93420363, -32.12994911], [-67.93422553, -32.1298998], [-67.93424674, -32.12985043], [-67.93426716, -32.12980098], [-67.9342868, -32.12975146], [-67.9343063, -32.12970188], [-67.93432575, -32.12965224], [-67.93434514, -32.12960255], [-67.93436448, -32.12955282], [-67.93438375, -32.12950304], [-67.93440296, -32.12945322], [-67.93442208, -32.12940336], [-67.93444113, -32.12935347], [-67.93446009, -32.12930355], [-67.93447896, -32.1292536], [-67.93449774, -32.12920363], [-67.93451641, -32.12915363], [-67.93453497, -32.12910361], [-67.93455341, -32.12905358], [-67.93457174, -32.12900354], [-67.93458994, -32.12895349], [-67.93460802, -32.12890343], [-67.93462595, -32.12885337], [-67.93464375, -32.12880332], [-67.93466139, -32.12875326], [-67.93467889, -32.12870321], [-67.93469623, -32.12865318], [-67.9347134, -32.12860315], [-67.93473023, -32.12855274], [-67.93474616, -32.12850089], [-67.93476103, -32.12844773], [-67.93477469, -32.12839344], [-67.934787, -32.12833821], [-67.93479781, -32.12828221], [-67.93480697, -32.12822563], [-67.93481435, -32.12816864], [-67.93481944, -32.12811511], [-67.93481979, -32.12811144], [-67.93482315, -32.12805421], [-67.93482367, -32.12802816], [-67.93482429, -32.12799713], [-67.93482305, -32.12794037], [-67.93481931, -32.12788413], [-67.9348129, -32.12782858], [-67.93480369, -32.12777392], [-67.93479153, -32.12772031], [-67.93477627, -32.12766795], [-67.93475778, -32.12761701], [-67.9347359, -32.12756769], [-67.93471049, -32.12752015], [-67.93468141, -32.12747459], [-67.93464851, -32.12743119], [-67.93461164, -32.12739012], [-67.93457067, -32.12735158], [-67.93452691, -32.12731479], [-67.93448308, -32.12727805], [-67.93443925, -32.1272413], [-67.93439543, -32.12720456], [-67.9343516, -32.12716781], [-67.93430777, -32.12713107], [-67.93426394, -32.12709432], [-67.93422012, -32.12705758], [-67.93417629, -32.12702084], [-67.93413246, -32.12698409], [-67.93408863, -32.12694735], [-67.93404481, -32.1269106], [-67.93400098, -32.12687386], [-67.93395715, -32.12683711], [-67.93391333, -32.12680037], [-67.9338695, -32.12676362], [-67.93382567, -32.12672688], [-67.93378185, -32.12669013], [-67.93373802, -32.12665339], [-67.93369419, -32.12661665], [-67.93365037, -32.1265799], [-67.93360654, -32.12654316], [-67.93356271, -32.12650641], [-67.93351888, -32.12646967], [-67.93347506, -32.12643292], [-67.93343123, -32.12639618], [-67.93338741, -32.12635943], [-67.93334358, -32.12632269], [-67.93329975, -32.12628594], [-67.93325593, -32.1262492], [-67.9332121, -32.12621245], [-67.93316827, -32.12617571], [-67.93312445, -32.12613896], [-67.93308062, -32.12610222], [-67.93303679, -32.12606547], [-67.93299297, -32.12602873], [-67.93294914, -32.12599198], [-67.93290531, -32.12595524], [-67.93286149, -32.12591849], [-67.93281766, -32.12588175], [-67.93277384, -32.125845], [-67.93273001, -32.12580826], [-67.93268618, -32.12577151], [-67.93264236, -32.12573477], [-67.93259853, -32.12569802], [-67.93222288, -32.1254813], [-67.9321776, -32.1254486], [-67.93213284, -32.12541524], [-67.93208862, -32.12538117], [-67.93204493, -32.12534633], [-67.93200171, -32.12531084], [-67.93195876, -32.1252752], [-67.93191606, -32.12523946], [-67.9318736, -32.12520359], [-67.93183139, -32.1251676], [-67.93178941, -32.12513149], [-67.93174766, -32.12509525], [-67.93170613, -32.12505887], [-67.93166483, -32.12502237], [-67.93165893, -32.12501711], [-67.93162374, -32.12498572], [-67.93158287, -32.12494893], [-67.9315422, -32.12491199], [-67.93150174, -32.12487491], [-67.93146147, -32.12483767], [-67.93142139, -32.12480027], [-67.93138151, -32.12476271], [-67.93134181, -32.12472499], [-67.93130228, -32.1246871], [-67.93127343, -32.1246592], [-67.93126293, -32.12464904], [-67.93122375, -32.12461081], [-67.93118473, -32.12457239], [-67.93114588, -32.1245338], [-67.93110718, -32.12449502], [-67.93106863, -32.12445605], [-67.93103022, -32.12441689], [-67.93099209, -32.12437757], [-67.93095432, -32.12433813], [-67.93091692, -32.12429856], [-67.93087985, -32.12425887], [-67.9308431, -32.12421906], [-67.93080666, -32.12417912], [-67.93077049, -32.12413905], [-67.93073459, -32.12409886], [-67.93069893, -32.12405854], [-67.93066349, -32.12401809], [-67.93062826, -32.12397751], [-67.93059322, -32.1239368], [-67.93055835, -32.12389596], [-67.93052362, -32.12385498], [-67.93048903, -32.12381388], [-67.93045455, -32.12377264], [-67.93042016, -32.12373126], [-67.93038585, -32.12368975], [-67.93035159, -32.1236481], [-67.93031737, -32.12360632], [-67.93028317, -32.1235644], [-67.93024897, -32.12352234], [-67.93021475, -32.12348014], [-67.93018049, -32.1234378], [-67.93014618, -32.12339531], [-67.93011226, -32.12335257], [-67.93007899, -32.12330951], [-67.93004635, -32.12326616], [-67.93001433, -32.12322253], [-67.92998291, -32.12317863], [-67.92995208, -32.12313449], [-67.92992184, -32.12309011], [-67.92989216, -32.12304551], [-67.92986303, -32.12300071], [-67.92983445, -32.12295572], [-67.9298064, -32.12291055], [-67.92977886, -32.12286523], [-67.92975183, -32.12281977], [-67.9297253, -32.12277418], [-67.92969924, -32.12272848], [-67.92967365, -32.12268268], [-67.92964852, -32.12263681], [-67.92962383, -32.12259086], [-67.92959957, -32.12254487], [-67.92957573, -32.12249885], [-67.92955229, -32.1224528], [-67.92936118, -32.12186515], [-67.92935882, -32.12181192], [-67.92935893, -32.12175848], [-67.92936157, -32.12170496], [-67.92936679, -32.12165148], [-67.92937465, -32.12159817], [-67.92938519, -32.12154516], [-67.92939847, -32.12149256], [-67.92941456, -32.12144051], [-67.92943349, -32.12138912], [-67.92945533, -32.12133853], [-67.92948014, -32.12128886], [-67.92950796, -32.12124023], [-67.92953885, -32.12119276], [-67.92957286, -32.12114659], [-67.92961005, -32.12110183], [-67.92965048, -32.12105861], [-67.92969286, -32.12101695], [-67.92972741, -32.12098456], [-67.92973577, -32.12097673], [-67.92977676, -32.12094008], [-67.92977922, -32.12093788], [-67.9298232, -32.12090037], [-67.9298677, -32.12086413], [-67.92991273, -32.1208291], [-67.92995828, -32.12079524], [-67.93000434, -32.12076248], [-67.93005092, -32.12073078], [-67.93009802, -32.12070007], [-67.93014562, -32.12067031], [-67.93019372, -32.12064143], [-67.93024233, -32.12061339], [-67.93029144, -32.12058612], [-67.93034105, -32.12055958], [-67.93039115, -32.1205337], [-67.93044174, -32.12050843], [-67.93049282, -32.12048372], [-67.93054439, -32.12045951], [-67.93059644, -32.12043575], [-67.93064896, -32.12041238], [-67.93070197, -32.12038935], [-67.93075544, -32.1203666], [-67.93080939, -32.12034407], [-67.93086356, -32.1203217], [-67.93091766, -32.12029945], [-67.93097171, -32.12027731], [-67.93102571, -32.12025529], [-67.93107968, -32.12023341], [-67.93113364, -32.12021166], [-67.93118758, -32.12019005], [-67.93124154, -32.12016858], [-67.93129552, -32.12014727], [-67.93134954, -32.12012612], [-67.9314036, -32.12010513], [-67.93145773, -32.1200843], [-67.93151193, -32.12006365], [-67.93156622, -32.12004318], [-67.93162061, -32.12002289], [-67.93167511, -32.1200028], [-67.93172974, -32.11998289], [-67.93178451, -32.11996319], [-67.93183943, -32.1199437], [-67.93189452, -32.11992441], [-67.93194979, -32.11990535], [-67.93200525, -32.1198865], [-67.93206092, -32.11986788], [-67.9321168, -32.1198495], [-67.93217292, -32.11983136], [-67.93222912, -32.11981346], [-67.9322853, -32.1197958], [-67.93234146, -32.11977838], [-67.93239763, -32.1197612], [-67.9324538, -32.11974426], [-67.93251, -32.11972756], [-67.93256623, -32.11971109], [-67.9326225, -32.11969485], [-67.93267882, -32.11967884], [-67.9327352, -32.11966305], [-67.93279166, -32.1196475], [-67.9328482, -32.11963217], [-67.93290483, -32.11961706], [-67.93296157, -32.11960217], [-67.93301843, -32.1195875], [-67.93307541, -32.11957305], [-67.93313253, -32.11955881], [-67.9331898, -32.11954479], [-67.93324722, -32.11953098], [-67.93330481, -32.11951737], [-67.93336258, -32.11950398], [-67.93342054, -32.11949079], [-67.9334787, -32.1194778], [-67.93353707, -32.11946502], [-67.93359566, -32.11945246], [-67.9336544, -32.11944061], [-67.93371327, -32.11942965], [-67.93377225, -32.11941954], [-67.93383134, -32.11941024], [-67.93389052, -32.11940173], [-67.93394979, -32.11939397], [-67.93400914, -32.11938692], [-67.93406856, -32.11938055], [-67.93412803, -32.11937483], [-67.93418756, -32.11936972], [-67.93424713, -32.11936519], [-67.93430673, -32.1193612], [-67.93436635, -32.11935772], [-67.93442599, -32.11935471], [-67.93448564, -32.11935214], [-67.93454528, -32.11934998], [-67.93460491, -32.11934819], [-67.93466452, -32.11934674], [-67.9347241, -32.11934559], [-67.93478364, -32.1193447], [-67.93484313, -32.11934405], [-67.93490257, -32.1193436], [-67.93496193, -32.11934332], [-67.93502123, -32.11934317], [-67.93508044, -32.11934312], [-67.93513963, -32.11934335], [-67.9351988, -32.11934395], [-67.93525794, -32.11934501], [-67.93531703, -32.11934662], [-67.93537607, -32.11934887], [-67.93543505, -32.11935185], [-67.93549395, -32.11935563], [-67.93555276, -32.11936031], [-67.93561148, -32.11936597], [-67.93567009, -32.1193727], [-67.93572858, -32.11938059], [-67.93578695, -32.11938972], [-67.93584517, -32.11940018], [-67.93590325, -32.11941206], [-67.93596116, -32.11942543], [-67.9360189, -32.1194404], [-67.93607647, -32.11945704], [-67.93613383, -32.11947544], [-67.936191, -32.1194957], [-67.93624795, -32.11951788], [-67.93630468, -32.11954209], [-67.93636117, -32.1195684], [-67.93641741, -32.11959691], [-67.93647335, -32.11962767], [-67.93652751, -32.11965979], [-67.93657933, -32.1196928], [-67.93662893, -32.11972666], [-67.93667644, -32.11976133], [-67.93672201, -32.11979676], [-67.93676576, -32.11983292], [-67.93680783, -32.11986975], [-67.93684834, -32.11990723], [-67.93688744, -32.1199453], [-67.93692525, -32.11998392], [-67.9369619, -32.12002305], [-67.93699754, -32.12006266], [-67.93703228, -32.12010269], [-67.93706627, -32.1201431], [-67.93709964, -32.12018386], [-67.93713252, -32.12022492], [-67.93716504, -32.12026623], [-67.93719733, -32.12030776], [-67.93722953, -32.12034946], [-67.93726177, -32.12039129], [-67.93729418, -32.12043321], [-67.9373269, -32.12047518], [-67.93736006, -32.12051714], [-67.93739378, -32.12055907], [-67.937427, -32.12060124], [-67.93745795, -32.12064412], [-67.93748686, -32.12068765], [-67.93751397, -32.12073176], [-67.93753954, -32.12077638], [-67.93756381, -32.12082144], [-67.93758704, -32.12086689], [-67.93760948, -32.12091265], [-67.93763138, -32.12095865], [-67.93765299, -32.12100482], [-67.93767457, -32.12105111], [-67.93769635, -32.12109743], [-67.9377186, -32.12114373], [-67.93774156, -32.12118994], [-67.93776549, -32.12123599], [-67.93779063, -32.12128181], [-67.93781724, -32.12132733], [-67.93784557, -32.12137249], [-67.93787587, -32.12141722], [-67.93790838, -32.12146145], [-67.93794337, -32.12150511], [-67.93798107, -32.12154814], [-67.93802175, -32.12159048], [-67.93806566, -32.12163204], [-67.9381127, -32.1216726], [-67.93816105, -32.1217111], [-67.93821035, -32.12174745], [-67.93826053, -32.12178171], [-67.93831155, -32.12181395], [-67.93836335, -32.12184426], [-67.93841589, -32.12187269], [-67.9384691, -32.12189933], [-67.93852294, -32.12192423], [-67.93857736, -32.12194748], [-67.9386323, -32.12196915], [-67.93868771, -32.12198931], [-67.93874353, -32.12200802], [-67.93879972, -32.12202536], [-67.93885622, -32.12204141], [-67.93891299, -32.12205623], [-67.93896996, -32.1220699], [-67.93902708, -32.12208248], [-67.93908431, -32.12209405], [-67.93914159, -32.12210469], [-67.93919887, -32.12211445], [-67.93925609, -32.12212342], [-67.93931321, -32.12213167], [-67.93937016, -32.12213926], [-67.93942702, -32.12214609], [-67.93948432, -32.12215134], [-67.93954209, -32.12215494], [-67.93960028, -32.12215695], [-67.93965884, -32.1221574], [-67.93971772, -32.12215635], [-67.93977688, -32.12215385], [-67.93983627, -32.12214994], [-67.93989584, -32.12214467], [-67.93995555, -32.12213809], [-67.94001535, -32.12213026], [-67.94007518, -32.12212121], [-67.94013501, -32.122111], [-67.94019478, -32.12209967], [-67.94025445, -32.12208728], [-67.94031397, -32.12207386], [-67.9403733, -32.12205948], [-67.94039181, -32.12205469], [-67.94043238, -32.12204418], [-67.94049117, -32.122028], [-67.94049981, -32.12202549], [-67.94054961, -32.122011], [-67.94060768, -32.12199322], [-67.9406653, -32.12197471], [-67.94072245, -32.12195553], [-67.94077907, -32.12193571], [-67.94083511, -32.12191531], [-67.94088968, -32.12189317], [-67.94094133, -32.12186728], [-67.94099022, -32.12183789], [-67.94103656, -32.1218053], [-67.94108054, -32.12176981], [-67.94112237, -32.12173173], [-67.94116225, -32.12169136], [-67.94120038, -32.12164901], [-67.94123698, -32.12160498], [-67.94127223, -32.12155957], [-67.94130635, -32.12151308], [-67.94132865, -32.12148133], [-67.94133953, -32.12146583], [-67.94137198, -32.12141811], [-67.94140391, -32.12137022], [-67.9414355, -32.12132248], [-67.94146698, -32.12127518], [-67.94149853, -32.12122863], [-67.94153036, -32.12118313], [-67.94156268, -32.12113899], [-67.94159569, -32.12109651], [-67.94162959, -32.12105598], [-67.94166458, -32.12101773], [-67.94170086, -32.12098204], [-67.94173865, -32.12094922], [-67.94177813, -32.12091959], [-67.94181952, -32.12089343], [-67.94186372, -32.12087258], [-67.94191267, -32.12086118], [-67.94196599, -32.12085853], [-67.94202316, -32.12086358], [-67.94208365, -32.12087529], [-67.94214695, -32.12089264], [-67.94221251, -32.12091458], [-67.94227983, -32.12094007], [-67.9423114, -32.12095297], [-67.94234838, -32.12096808], [-67.94241762, -32.12099757], [-67.94248705, -32.12102751], [-67.94255613, -32.12105686], [-67.94262434, -32.12108458], [-67.94269115, -32.12110963], [-67.94275605, -32.12113098], [-67.9428185, -32.1211476], [-67.94287798, -32.12115844], [-67.94293398, -32.12116246], [-67.94298596, -32.12115864], [-67.9430334, -32.12114593], [-67.94306111, -32.12113113], [-67.94326106, -32.12066458], [-67.9432619, -32.12065061], [-67.94326222, -32.12059681], [-67.94325979, -32.12054262], [-67.94325476, -32.12048822], [-67.94324727, -32.12043376], [-67.94323745, -32.12037941], [-67.94322545, -32.12032535], [-67.9432114, -32.12027174], [-67.94319545, -32.12021874], [-67.94317773, -32.12016652], [-67.94315838, -32.12011525], [-67.94313755, -32.1200651], [-67.94311537, -32.12001622], [-67.94309198, -32.1199688], [-67.94306752, -32.11992299], [-67.94304203, -32.11987881], [-67.94301495, -32.11983527], [-67.94298632, -32.11979213], [-67.9429563, -32.11974935], [-67.94292504, -32.11970686], [-67.94289272, -32.11966461], [-67.94285949, -32.11962256], [-67.94282552, -32.11958066], [-67.94279096, -32.11953884], [-67.94275598, -32.11949707], [-67.94272075, -32.11945529], [-67.94268543, -32.11941345], [-67.94265017, -32.11937149], [-67.94261514, -32.11932937], [-67.94258051, -32.11928703], [-67.94254643, -32.11924443], [-67.94251307, -32.1192015], [-67.94248058, -32.11915821], [-67.94244915, -32.1191145], [-67.94241891, -32.11907032], [-67.94239005, -32.11902561], [-67.94236271, -32.11898033], [-67.94233707, -32.11893442], [-67.94231328, -32.11888783], [-67.94229151, -32.11884052], [-67.94227144, -32.11879259], [-67.94225155, -32.11874457], [-67.94223174, -32.11869649], [-67.94221206, -32.11864835], [-67.94219256, -32.11860015], [-67.94217327, -32.11855189], [-67.94215424, -32.11850355], [-67.94213552, -32.11845513], [-67.94211714, -32.11840663], [-67.94209916, -32.11835804], [-67.9420816, -32.11830936], [-67.94206453, -32.11826058], [-67.94204797, -32.1182117], [-67.94203198, -32.11816271], [-67.9420166, -32.11811361], [-67.94200186, -32.1180644], [-67.94198782, -32.11801506], [-67.94197452, -32.11796559], [-67.941962, -32.117916], [-67.9419503, -32.11786626], [-67.94193947, -32.11781639], [-67.94192955, -32.11776637], [-67.94192059, -32.1177162], [-67.94191262, -32.11766587], [-67.94190566, -32.11761539], [-67.94190558, -32.11761474], [-67.94189928, -32.11756486], [-67.94189336, -32.11751432], [-67.94188784, -32.11746376], [-67.94188271, -32.11741318], [-67.94187792, -32.1173626], [-67.94187343, -32.117312], [-67.94186923, -32.11726139], [-67.94186526, -32.11721077], [-67.9418615, -32.11716014], [-67.94185791, -32.1171095], [-67.94185445, -32.11705886], [-67.9418511, -32.11700821], [-67.94184782, -32.11695756], [-67.94184457, -32.11690691], [-67.94184132, -32.11685626], [-67.94183803, -32.1168056], [-67.94183467, -32.11675495], [-67.94183121, -32.1167043], [-67.94182761, -32.11665365], [-67.94182384, -32.11660301], [-67.94181986, -32.11655238], [-67.94181564, -32.11650175], [-67.94181113, -32.11645113], [-67.94180632, -32.11640052], [-67.94180121, -32.11634993], [-67.94179591, -32.11629936], [-67.94179042, -32.11624882], [-67.94178474, -32.11619832], [-67.94177884, -32.11614785], [-67.94177271, -32.1160974], [-67.94176632, -32.11604699], [-67.94175966, -32.11599662], [-67.94175271, -32.11594627], [-67.94174545, -32.11589596], [-67.94173787, -32.11584569], [-67.94172995, -32.11579545], [-67.94172167, -32.11574524], [-67.94171301, -32.11569507], [-67.94170396, -32.11564494], [-67.94169449, -32.11559484], [-67.9416846, -32.11554478], [-67.94167425, -32.11549476], [-67.94166345, -32.11544477], [-67.94165762, -32.11541899], [-67.94165215, -32.11539483], [-67.94164036, -32.11534492], [-67.94162805, -32.11529505], [-67.9416152, -32.11524522], [-67.9416018, -32.11519544], [-67.94158782, -32.11514569], [-67.94157023, -32.11509873], [-67.94154529, -32.11505792], [-67.94151356, -32.11502273], [-67.94147561, -32.11499265], [-67.941432, -32.11496715], [-67.94138329, -32.11494568], [-67.94133007, -32.11492773], [-67.94127289, -32.11491277], [-67.94121232, -32.11490026], [-67.94114893, -32.11488967], [-67.94108329, -32.11488048], [-67.94101596, -32.11487216], [-67.94094752, -32.11486418], [-67.94087853, -32.11485601], [-67.94080955, -32.11484711], [-67.94074116, -32.11483697], [-67.94067393, -32.11482504], [-67.94060841, -32.11481081], [-67.94054518, -32.11479373], [-67.94048481, -32.11477329], [-67.94042786, -32.11474896], [-67.94037491, -32.11472019], [-67.94032651, -32.11468647], [-67.94028324, -32.11464726], [-67.94024422, -32.11460334], [-67.94020572, -32.11455823], [-67.94016769, -32.11451226], [-67.94013039, -32.11446552], [-67.94009405, -32.1144181], [-67.94005889, -32.11437012], [-67.94002517, -32.11432166], [-67.9399931, -32.11427283], [-67.93996293, -32.11422371], [-67.9399349, -32.11417441], [-67.93990923, -32.11412503], [-67.93988617, -32.11407566], [-67.93986595, -32.1140264], [-67.9398488, -32.11397734], [-67.93983496, -32.11392859], [-67.93982466, -32.11388023], [-67.93981815, -32.11383238], [-67.93981565, -32.11378512], [-67.9398174, -32.11373856], [-67.93982363, -32.11369278], [-67.93983459, -32.1136479], [-67.93984963, -32.1136037], [-67.93986647, -32.11355945], [-67.93988494, -32.11351514], [-67.93990504, -32.1134708], [-67.93992672, -32.11342647], [-67.93994996, -32.11338217], [-67.93997473, -32.11333793], [-67.94000102, -32.1132938], [-67.94002878, -32.1132498], [-67.940058, -32.11320596], [-67.94008864, -32.11316232], [-67.94012068, -32.11311891], [-67.9401541, -32.11307575], [-67.94018886, -32.1130329], [-67.94022494, -32.11299036], [-67.94026232, -32.11294818], [-67.94030096, -32.1129064], [-67.94034084, -32.11286503], [-67.94038193, -32.11282412], [-67.9404242, -32.1127837], [-67.94046764, -32.11274379], [-67.9405122, -32.11270444], [-67.94055787, -32.11266567], [-67.94060462, -32.11262751], [-67.94065242, -32.11259], [-67.94065491, -32.11258811], [-67.94070076, -32.11255336], [-67.94074901, -32.11251783], [-67.9407972, -32.11248336], [-67.94084536, -32.11244989], [-67.94089352, -32.11241739], [-67.9409417, -32.11238581], [-67.94098994, -32.11235509], [-67.94103826, -32.11232519], [-67.9410867, -32.11229607], [-67.94113528, -32.11226767], [-67.94118403, -32.11223994], [-67.94123298, -32.11221285], [-67.94128216, -32.11218634], [-67.9413316, -32.11216036], [-67.94138133, -32.11213487], [-67.94143138, -32.11210981], [-67.94148177, -32.11208515], [-67.94153253, -32.11206083], [-67.9415837, -32.11203681], [-67.94163531, -32.11201303], [-67.94168738, -32.11198946], [-67.94173993, -32.11196604], [-67.94179301, -32.11194272], [-67.94184664, -32.11191946], [-67.94190084, -32.11189622], [-67.94195521, -32.11187321], [-67.94200954, -32.11185056], [-67.94206385, -32.1118283], [-67.94211816, -32.1118064], [-67.94217248, -32.11178488], [-67.94222684, -32.11176374], [-67.94228125, -32.11174298], [-67.94233573, -32.1117226], [-67.9423903, -32.11170261], [-67.94244497, -32.111683], [-67.94249977, -32.11166378], [-67.94255472, -32.11164495], [-67.94260983, -32.11162651], [-67.94266513, -32.11160847], [-67.94272062, -32.11159082], [-67.94277633, -32.11157357], [-67.94283228, -32.11155673], [-67.94288848, -32.11154028], [-67.94294496, -32.11152424], [-67.94300173, -32.11150861], [-67.94305881, -32.11149338], [-67.94311623, -32.11147856], [-67.94317399, -32.11146416], [-67.94323211, -32.11145017], [-67.94329056, -32.11143682], [-67.94334925, -32.11142431], [-67.94340816, -32.11141266], [-67.94346728, -32.11140185], [-67.94352658, -32.11139188], [-67.94358604, -32.11138275], [-67.94364563, -32.11137446], [-67.94370535, -32.111367], [-67.94376516, -32.11136037], [-67.94382505, -32.11135457], [-67.94388499, -32.11134959], [-67.94394497, -32.11134544], [-67.94396491, -32.11134433], [-67.94400496, -32.1113421], [-67.94406494, -32.11133957], [-67.94412489, -32.11133786], [-67.94418479, -32.11133695], [-67.94424462, -32.11133685], [-67.94430436, -32.11133756], [-67.94436398, -32.11133906], [-67.94442347, -32.11134135], [-67.9444828, -32.11134444], [-67.94454196, -32.11134832], [-67.94460092, -32.11135299], [-67.94465966, -32.11135843], [-67.94471819, -32.11136461], [-67.94477662, -32.11137131], [-67.94483498, -32.11137849], [-67.94489326, -32.11138617], [-67.94495145, -32.11139435], [-67.94500956, -32.11140303], [-67.94506758, -32.11141222], [-67.94512551, -32.11142193], [-67.94518335, -32.11143215], [-67.9452411, -32.1114429], [-67.94529875, -32.11145418], [-67.9453563, -32.11146598], [-67.94541376, -32.11147833], [-67.94547111, -32.11149121], [-67.94552836, -32.11150464], [-67.9455855, -32.11151862], [-67.94564253, -32.11153316], [-67.94569945, -32.11154825], [-67.94575626, -32.11156391], [-67.94581296, -32.11158014], [-67.94586953, -32.11159693], [-67.94592599, -32.11161431], [-67.94598233, -32.11163227], [-67.94603854, -32.11165082], [-67.94609463, -32.11166995], [-67.94615059, -32.11168969], [-67.94620643, -32.11171002], [-67.94626213, -32.11173096], [-67.94631769, -32.1117525], [-67.94637312, -32.11177466], [-67.94642842, -32.11179744], [-67.94648357, -32.11182085], [-67.94653858, -32.11184488], [-67.94659345, -32.11186954], [-67.94664817, -32.11189484], [-67.94670447, -32.11191266], [-67.94676085, -32.11193012], [-67.9468173, -32.11194725], [-67.94687384, -32.11196411], [-67.94693046, -32.11198073], [-67.94698717, -32.11199716], [-67.94704396, -32.11201342], [-67.94710084, -32.11202957], [-67.94715782, -32.11204564], [-67.94721489, -32.11206167], [-67.94727206, -32.11207771], [-67.94732932, -32.1120938], [-67.94738669, -32.11210976], [-67.94744415, -32.11212536], [-67.9475017, -32.11214062], [-67.94755932, -32.11215555], [-67.94761703, -32.11217017], [-67.94767481, -32.1121845], [-67.94773265, -32.11219855], [-67.94779054, -32.11221235], [-67.9478485, -32.11222591], [-67.94790649, -32.11223926], [-67.94796453, -32.11225239], [-67.9480226, -32.11226535], [-67.94808071, -32.11227813], [-67.94813883, -32.11229077], [-67.94819697, -32.11230327], [-67.94825512, -32.11231566], [-67.94831328, -32.11232796], [-67.94837144, -32.11234017], [-67.94842959, -32.11235232], [-67.94848773, -32.11236443], [-67.94854584, -32.11237651], [-67.94860394, -32.11238858], [-67.948662, -32.11240066], [-67.94872005, -32.11241267], [-67.94877909, -32.11241968], [-67.94883952, -32.11241968], [-67.94890113, -32.11241357], [-67.9489637, -32.11240225], [-67.94902703, -32.11238663], [-67.9490909, -32.11236763], [-67.94915509, -32.11234614], [-67.94921941, -32.11232308], [-67.94928362, -32.11229936], [-67.94934753, -32.11227588], [-67.94941092, -32.11225356], [-67.94947357, -32.11223329], [-67.94953528, -32.11221599], [-67.94959583, -32.11220257], [-67.94965501, -32.11219393], [-67.94971261, -32.11219099], [-67.94976842, -32.11219464], [-67.94982221, -32.1122058], [-67.94987379, -32.11222538], [-67.94992293, -32.11225428], [-67.94996944, -32.11229325], [-67.95116776, -32.11412264], [-67.95119897, -32.11416629], [-67.95123066, -32.11420965], [-67.95126289, -32.11425271], [-67.95129572, -32.11429542], [-67.95132918, -32.11433776], [-67.95136333, -32.1143797], [-67.95139822, -32.11442122], [-67.95143391, -32.11446227], [-67.95147012, -32.11450302], [-67.95150636, -32.11454374], [-67.95154262, -32.11458445], [-67.95157889, -32.11462515], [-67.95161518, -32.11466584], [-67.95165149, -32.11470652], [-67.9516878, -32.11474718], [-67.95172413, -32.11478784], [-67.95176047, -32.1148285], [-67.95179681, -32.11486914], [-67.95183316, -32.11490978], [-67.95186952, -32.11495042], [-67.95190588, -32.11499105], [-67.95194225, -32.11503169], [-67.95197861, -32.11507232], [-67.95201498, -32.11511295], [-67.95205134, -32.11515358], [-67.95208771, -32.11519421], [-67.95209329, -32.11520045], [-67.95212406, -32.11523485], [-67.95216041, -32.11527549], [-67.95219676, -32.11531613], [-67.95223309, -32.11535678], [-67.95226942, -32.11539744], [-67.95230573, -32.11543811], [-67.95234203, -32.11547878], [-67.95237833, -32.11551946], [-67.95241462, -32.11556014], [-67.95245092, -32.11560082], [-67.95248721, -32.1156415], [-67.95252351, -32.11568218], [-67.9525598, -32.11572287], [-67.95259609, -32.11576355], [-67.95263238, -32.11580423], [-67.95266867, -32.11584491], [-67.95270496, -32.1158856], [-67.9527115, -32.11589293], [-67.95274125, -32.11592628], [-67.95277754, -32.11596696], [-67.95281383, -32.11600765], [-67.95285012, -32.11604833], [-67.95288641, -32.11608902], [-67.95292269, -32.1161297], [-67.95295898, -32.11617039], [-67.95299527, -32.11621107], [-67.95303156, -32.11625176], [-67.95306784, -32.11629244], [-67.95310413, -32.11633313], [-67.95314042, -32.11637381], [-67.95317671, -32.1164145], [-67.95321299, -32.11645518], [-67.95324924, -32.11649589], [-67.95328514, -32.11653677], [-67.95332067, -32.11657784], [-67.95335587, -32.11661907], [-67.95339078, -32.11666046], [-67.95342544, -32.11670198], [-67.95345989, -32.11674361], [-67.95349417, -32.11678535], [-67.95352831, -32.11682716], [-67.95356236, -32.11686903], [-67.95359636, -32.11691094], [-67.95363034, -32.11695288], [-67.95366434, -32.11699482], [-67.95369841, -32.11703676], [-67.95373258, -32.11707866], [-67.9537669, -32.11712051], [-67.95380139, -32.1171623], [-67.95383611, -32.117204], [-67.95387109, -32.1172456], [-67.95390636, -32.11728708], [-67.95394198, -32.11732841], [-67.95397798, -32.11736959], [-67.95401439, -32.1174106], [-67.95405126, -32.11745141], [-67.95408863, -32.11749201], [-67.95412683, -32.11753206], [-67.95416651, -32.11757088], [-67.9542076, -32.11760849], [-67.95425004, -32.11764492], [-67.95429377, -32.11768021], [-67.95433267, -32.1177098], [-67.95433871, -32.11771439], [-67.95438481, -32.11774751], [-67.954432, -32.11777959], [-67.95448021, -32.11781066], [-67.95452937, -32.11784077], [-67.95457941, -32.11786995], [-67.95463028, -32.11789824], [-67.95468191, -32.11792566], [-67.95473422, -32.11795226], [-67.95478716, -32.11797806], [-67.95484065, -32.11800311], [-67.95489463, -32.11802745], [-67.95494904, -32.11805109], [-67.9550038, -32.11807409], [-67.95505885, -32.11809647], [-67.95511413, -32.11811826], [-67.95516957, -32.11813952], [-67.95522509, -32.11816026], [-67.95528065, -32.11818053], [-67.95533616, -32.11820038], [-67.95539166, -32.11822008], [-67.95544715, -32.11823975], [-67.95550265, -32.11825938], [-67.95555814, -32.11827896], [-67.95561364, -32.1182985], [-67.95566915, -32.11831799], [-67.95571864, -32.11833532], [-67.95572467, -32.11833743], [-67.9557802, -32.11835682], [-67.95583574, -32.11837616], [-67.9558913, -32.11839545], [-67.95594688, -32.11841467], [-67.95600248, -32.11843384], [-67.9560581, -32.11845295], [-67.95611375, -32.118472], [-67.95616942, -32.11849098], [-67.95622513, -32.1185099], [-67.95628087, -32.11852875], [-67.95633664, -32.11854753], [-67.95639245, -32.11856624], [-67.9564483, -32.11858488], [-67.95650419, -32.11860344], [-67.95656013, -32.11862192], [-67.95661611, -32.11864032], [-67.95667214, -32.11865864], [-67.95672821, -32.1186769], [-67.95678427, -32.11869517], [-67.95684032, -32.11871346], [-67.95689637, -32.11873175], [-67.9569524, -32.11875006], [-67.95700844, -32.11876836], [-67.95706447, -32.11878667], [-67.957094, -32.11879632], [-67.9571205, -32.11880497], [-67.95717653, -32.11882326], [-67.95723257, -32.11884154], [-67.95728861, -32.11885979], [-67.95734467, -32.11887803], [-67.95740073, -32.11889624], [-67.95745681, -32.11891442], [-67.95751291, -32.11893256], [-67.95756903, -32.11895066], [-67.95762516, -32.11896872], [-67.95768132, -32.11898673], [-67.95773751, -32.11900469], [-67.95779372, -32.11902259], [-67.95784996, -32.11904043], [-67.95790624, -32.11905821], [-67.95796254, -32.11907592], [-67.95801889, -32.11909355], [-67.95807527, -32.11911111], [-67.9581317, -32.11912855], [-67.95814666, -32.11913313], [-67.95818818, -32.11914583], [-67.95824471, -32.11916296], [-67.95830128, -32.11917995], [-67.9583579, -32.11919681], [-67.95841456, -32.11921355], [-67.95847126, -32.11923017], [-67.958528, -32.1192467], [-67.95858477, -32.11926313], [-67.95864157, -32.11927947], [-67.95869841, -32.11929575], [-67.95875528, -32.11931196], [-67.95881217, -32.11932812], [-67.95886909, -32.11934423], [-67.95892603, -32.1193603], [-67.958983, -32.11937636], [-67.95903998, -32.11939239], [-67.95909698, -32.11940842], [-67.959154, -32.11942446], [-67.95921103, -32.1194405], [-67.95926807, -32.11945657], [-67.95932511, -32.11947267], [-67.95938217, -32.11948882], [-67.95943923, -32.11950501], [-67.95949629, -32.11952126], [-67.95955341, -32.1195374], [-67.9596106, -32.11955335], [-67.95966784, -32.11956912], [-67.95972515, -32.11958472], [-67.95978252, -32.11960015], [-67.95983994, -32.11961542], [-67.9598974, -32.11963054], [-67.95995491, -32.11964551], [-67.96001245, -32.11966034], [-67.96007003, -32.11967503], [-67.96012765, -32.11968959], [-67.96018528, -32.11970403], [-67.96024294, -32.11971835], [-67.96030062, -32.11973256], [-67.96053141, -32.11978843], [-67.96057045, -32.11979773], [-67.96058911, -32.11980218], [-67.9606468, -32.11981586], [-67.96070447, -32.11982947], [-67.96076213, -32.11984302], [-67.96081977, -32.11985652], [-67.96085392, -32.11986449], [-67.96087739, -32.11986996], [-67.96093504, -32.11988321], [-67.96099309, -32.11989541], [-67.96105154, -32.11990638], [-67.96111035, -32.119916], [-67.96116948, -32.11992421], [-67.9612289, -32.11993089], [-67.96128854, -32.11993598], [-67.96134839, -32.11993937], [-67.96140839, -32.11994097], [-67.9614685, -32.1199407], [-67.96152868, -32.11993846], [-67.9615889, -32.11993416], [-67.9616491, -32.11992772], [-67.96170925, -32.11991904], [-67.96176931, -32.11990803], [-67.96182923, -32.1198946], [-67.96188898, -32.11987866], [-67.96194851, -32.11986013], [-67.96200778, -32.11983891], [-67.96206674, -32.1198149], [-67.96212537, -32.11978803], [-67.96218361, -32.11975819], [-67.96224143, -32.11972531], [-67.96229878, -32.11968928], [-67.96235472, -32.11965077], [-67.96240723, -32.11961151], [-67.96245638, -32.11957159], [-67.96250232, -32.11953101], [-67.96254521, -32.11948982], [-67.96258521, -32.11944801], [-67.96262248, -32.11940561], [-67.96265717, -32.11936264], [-67.96268944, -32.11931911], [-67.96271946, -32.11927505], [-67.96274737, -32.11923048], [-67.96277335, -32.1191854], [-67.96279753, -32.11913985], [-67.96282009, -32.11909383], [-67.96284119, -32.11904737], [-67.96286097, -32.11900049], [-67.9628796, -32.1189532], [-67.96289723, -32.11890552], [-67.96291308, -32.11886018], [-67.96291403, -32.11885747], [-67.96293015, -32.11880907], [-67.96294574, -32.11876034], [-67.96296098, -32.1187113], [-67.9629732, -32.11867117], [-67.96297601, -32.11866196], [-67.962991, -32.11861235], [-67.96300599, -32.11856254], [-67.96302077, -32.11851274], [-67.96303534, -32.11846296], [-67.9630497, -32.11841319], [-67.96306384, -32.11836343], [-67.96307778, -32.11831368], [-67.96309151, -32.11826392], [-67.96310504, -32.11821416], [-67.96311453, -32.11817875], [-67.96311838, -32.11816439], [-67.96313151, -32.11811461], [-67.96314446, -32.11806482], [-67.96315721, -32.118015], [-67.96316978, -32.11796517], [-67.96318216, -32.1179153], [-67.96319436, -32.11786541], [-67.96320638, -32.11781548], [-67.96321823, -32.11776551], [-67.9632299, -32.1177155], [-67.9632414, -32.11766545], [-67.96325274, -32.11761534], [-67.96326391, -32.11756519], [-67.96327492, -32.11751497], [-67.96328578, -32.11746469], [-67.96329647, -32.11741435], [-67.96330702, -32.11736394], [-67.96331734, -32.11731346], [-67.96332735, -32.11726295], [-67.96333707, -32.11721239], [-67.96334313, -32.11717984], [-67.96334649, -32.11716179], [-67.96335562, -32.11711115], [-67.96336445, -32.11706048], [-67.96337299, -32.11700978], [-67.96338125, -32.11695906], [-67.96338921, -32.11690831], [-67.9633969, -32.11685753], [-67.9634043, -32.11680675], [-67.96341142, -32.11675594], [-67.96341826, -32.11670512], [-67.96342482, -32.1166543], [-67.96343111, -32.11660347], [-67.96343712, -32.11655264], [-67.96344287, -32.1165018], [-67.96344835, -32.11645098], [-67.96345355, -32.11640015], [-67.9634585, -32.11634934], [-67.96346318, -32.11629854], [-67.9634676, -32.11624776], [-67.96347176, -32.116197], [-67.96347567, -32.11614625], [-67.96347929, -32.11609551], [-67.96348224, -32.11604439], [-67.96348427, -32.11599287], [-67.96348522, -32.11594105], [-67.96348494, -32.11588901], [-67.96348325, -32.11583685], [-67.96348001, -32.11578466], [-67.96347505, -32.11573253], [-67.96346822, -32.11568056], [-67.96345936, -32.11562883], [-67.96344984, -32.11558461], [-67.9634483, -32.11557745], [-67.96343489, -32.1155265], [-67.96341897, -32.11547607], [-67.96340038, -32.11542626], [-67.96337896, -32.11537716], [-67.96335455, -32.11532887], [-67.96332699, -32.11528146], [-67.96329613, -32.11523505], [-67.9632618, -32.11518972], [-67.96322385, -32.11514556], [-67.96318211, -32.11510266], [-67.96315779, -32.11508054], [-67.96313643, -32.11506112], [-67.96308665, -32.11502103], [-67.96303212, -32.11498217], [-67.96297607, -32.11494649], [-67.9629193, -32.11491406], [-67.96286234, -32.11488501], [-67.96280517, -32.11485912], [-67.96274782, -32.1148362], [-67.96269028, -32.11481605], [-67.96263257, -32.11479846], [-67.96257469, -32.11478323], [-67.96251665, -32.11477016], [-67.96245846, -32.11475904], [-67.96240012, -32.11474968], [-67.96234164, -32.11474186], [-67.96228303, -32.1147354], [-67.9622243, -32.11473009], [-67.96216545, -32.11472572], [-67.96210649, -32.11472209], [-67.96204742, -32.114719], [-67.96198827, -32.11471625], [-67.96192902, -32.11471364], [-67.96186969, -32.11471096], [-67.96181029, -32.11470801], [-67.96175083, -32.1147046], [-67.9616913, -32.11470051], [-67.96163173, -32.11469554], [-67.96157211, -32.11468967], [-67.96151249, -32.11468367], [-67.96145288, -32.11467769], [-67.96139326, -32.11467172], [-67.96133364, -32.11466575], [-67.96127402, -32.1146598], [-67.9612144, -32.11465386], [-67.96115479, -32.11464794], [-67.96109517, -32.11464203], [-67.96103555, -32.11463613], [-67.96097593, -32.11463025], [-67.96091631, -32.11462439], [-67.96085669, -32.11461854], [-67.96079707, -32.11461271], [-67.96073744, -32.1146069], [-67.96067782, -32.1146011], [-67.96061819, -32.11459533], [-67.96055856, -32.11458958], [-67.96049893, -32.11458385], [-67.9604393, -32.11457814], [-67.96037967, -32.11457245], [-67.96032003, -32.11456679], [-67.9602604, -32.11456115], [-67.96020076, -32.11455553], [-67.96014111, -32.11454994], [-67.96008146, -32.11454445], [-67.96002179, -32.11453915], [-67.9599621, -32.11453405], [-67.95990239, -32.11452912], [-67.95984266, -32.11452435], [-67.95978292, -32.11451971], [-67.95972316, -32.11451518], [-67.9596634, -32.11451076], [-67.95960362, -32.11450641], [-67.95954383, -32.11450212], [-67.95948404, -32.11449788], [-67.95942424, -32.11449367], [-67.95936444, -32.11448946], [-67.95930463, -32.11448523], [-67.95924482, -32.11448098], [-67.95918502, -32.11447668], [-67.95912521, -32.11447231], [-67.95906541, -32.11446786], [-67.95900561, -32.1144633], [-67.95894583, -32.11445862], [-67.95888604, -32.1144538], [-67.95882627, -32.11444882], [-67.95876651, -32.11444366], [-67.95870677, -32.11443831], [-67.95864704, -32.11443273], [-67.95858755, -32.11442609], [-67.95852847, -32.11441789], [-67.95846983, -32.1144081], [-67.95841167, -32.11439671], [-67.95826116, -32.11435867], [-67.95824049, -32.11435268], [-67.95818465, -32.11433466], [-67.9581295, -32.11431493], [-67.95807507, -32.11429348], [-67.9580214, -32.11427027], [-67.95796853, -32.11424529], [-67.95791649, -32.11421853], [-67.95786534, -32.11418995], [-67.9578151, -32.11415955], [-67.95776581, -32.11412729], [-67.95771753, -32.11409317], [-67.95767028, -32.11405715], [-67.9576241, -32.11401922], [-67.95757905, -32.11397936], [-67.95753514, -32.11393754], [-67.95749243, -32.11389376], [-67.95745095, -32.11384798], [-67.95741093, -32.11380035], [-67.95737379, -32.11375228], [-67.95733971, -32.11370406], [-67.95730856, -32.1136557], [-67.95728017, -32.1136072], [-67.95725441, -32.11355857], [-67.95723112, -32.1135098], [-67.95721016, -32.1134609], [-67.95719137, -32.11341187], [-67.95717461, -32.11336272], [-67.95715973, -32.11331344], [-67.95714658, -32.11326404], [-67.95713501, -32.11321452], [-67.95712487, -32.11316489], [-67.95711602, -32.11311513], [-67.9571083, -32.11306527], [-67.95710157, -32.1130153], [-67.95709568, -32.11296522], [-67.95709048, -32.11291503], [-67.95708582, -32.11286474], [-67.95708155, -32.11281435], [-67.95707753, -32.11276386], [-67.9570736, -32.11271328], [-67.95706962, -32.1126626], [-67.95706543, -32.11261183], [-67.95706128, -32.11256098], [-67.95705753, -32.11251007], [-67.9570542, -32.11245911], [-67.95705132, -32.1124081], [-67.95704889, -32.11235705], [-67.95704695, -32.11230596], [-67.95704551, -32.11225483], [-67.95704458, -32.11220369], [-67.9570442, -32.11215252], [-67.95704437, -32.11210134], [-67.95704512, -32.11205016], [-67.95704646, -32.11199897], [-67.95704842, -32.11194778], [-67.95705102, -32.1118966], [-67.95705426, -32.11184544], [-67.95705819, -32.1117943], [-67.9570628, -32.11174319], [-67.95706813, -32.11169211], [-67.95707419, -32.11164107], [-67.95708099, -32.11159007], [-67.95708857, -32.11153913], [-67.95709694, -32.11148824], [-67.95710611, -32.11143741], [-67.95711612, -32.11138665], [-67.95712698, -32.11133597], [-67.95713895, -32.11128559], [-67.95715211, -32.11123558], [-67.95716647, -32.11118595], [-67.95718204, -32.11113668], [-67.95719882, -32.1110878], [-67.95721683, -32.11103929], [-67.95723607, -32.11099116], [-67.95725654, -32.11094341], [-67.95727825, -32.11089604], [-67.95730121, -32.11084906], [-67.95732543, -32.11080246], [-67.95733205, -32.11079045], [-67.95735091, -32.11075625], [-67.95737766, -32.11071044], [-67.95740568, -32.11066501], [-67.95743499, -32.11061998], [-67.95746559, -32.11057534], [-67.95749185, -32.11053891], [-67.95749749, -32.1105311], [-67.95753068, -32.11048725], [-67.95756519, -32.11044381], [-67.95760102, -32.11040077], [-67.95763817, -32.11035813], [-67.95767665, -32.11031589], [-67.95771646, -32.11027407], [-67.95775779, -32.11023311], [-67.95780171, -32.11019602], [-67.95784822, -32.11016306], [-67.95789711, -32.11013386], [-67.95794815, -32.11010806], [-67.95800113, -32.1100853], [-67.95805581, -32.11006521], [-67.95811199, -32.11004743], [-67.95816945, -32.1100316], [-67.95822795, -32.11001736], [-67.95828729, -32.11000434], [-67.95834723, -32.10999218], [-67.95840757, -32.10998052], [-67.95846807, -32.10996899], [-67.95852852, -32.10995724], [-67.95857295, -32.10994813], [-67.9585887, -32.1099449], [-67.95864839, -32.1099316], [-67.95870736, -32.10991699], [-67.9587654, -32.1099007], [-67.95882229, -32.10988237], [-67.9588778, -32.10986164], [-67.95893171, -32.10983814], [-67.95898381, -32.10981151], [-67.95903386, -32.1097814], [-67.95908167, -32.10974742], [-67.95912776, -32.10971066], [-67.95917338, -32.10967349], [-67.95921849, -32.10963596], [-67.959263, -32.10959805], [-67.95930684, -32.10955976], [-67.95934993, -32.10952106], [-67.95939219, -32.10948195], [-67.95943353, -32.10944241], [-67.9594739, -32.10940243], [-67.95951319, -32.109362], [-67.95955135, -32.10932109], [-67.95958828, -32.10927971], [-67.95962391, -32.10923784], [-67.95963691, -32.10922175], [-67.95965816, -32.10919546], [-67.95969096, -32.10915256], [-67.95972222, -32.10910912], [-67.95975187, -32.10906515], [-67.95977982, -32.10902061], [-67.95980601, -32.1089755], [-67.95983035, -32.10892981], [-67.95985276, -32.10888352], [-67.95987317, -32.10883661], [-67.9598915, -32.10878909], [-67.95990766, -32.10874093], [-67.95992168, -32.1086921], [-67.95993386, -32.10864261], [-67.95994426, -32.10859251], [-67.95995289, -32.10854187], [-67.95995976, -32.10849076], [-67.95996489, -32.10843924], [-67.95996827, -32.10838738], [-67.95996994, -32.10833526], [-67.95996989, -32.10828294], [-67.95996814, -32.10823048], [-67.9599647, -32.10817796], [-67.95995958, -32.10812545], [-67.9599528, -32.108073], [-67.95994436, -32.1080207], [-67.95993428, -32.1079686], [-67.95992256, -32.10791678], [-67.95990923, -32.1078653], [-67.95989428, -32.10781423], [-67.95987774, -32.10776365], [-67.95985962, -32.10771361], [-67.95983992, -32.10766418], [-67.95981865, -32.10761544], [-67.95979584, -32.10756745], [-67.95977148, -32.10752029], [-67.95974564, -32.10747398], [-67.95971886, -32.10742814], [-67.95969139, -32.10738262], [-67.95966331, -32.10733738], [-67.95963467, -32.10729239], [-67.95960556, -32.10724762], [-67.95957605, -32.10720303], [-67.9595462, -32.1071586], [-67.95951609, -32.1071143], [-67.95948579, -32.1070701], [-67.95945538, -32.10702595], [-67.95942491, -32.10698184], [-67.95939447, -32.10693773], [-67.95936412, -32.10689359], [-67.95933394, -32.10684939], [-67.959304, -32.1068051], [-67.95927436, -32.10676069], [-67.95924511, -32.10671612], [-67.95921631, -32.10667136], [-67.95918803, -32.10662639], [-67.95916035, -32.10658118], [-67.95913333, -32.10653568], [-67.95910706, -32.10648988], [-67.95908159, -32.10644373], [-67.959057, -32.10639722], [-67.95903315, -32.10635039], [-67.95900936, -32.10630353], [-67.95898554, -32.10625667], [-67.95896172, -32.10620981], [-67.95893789, -32.10616295], [-67.95891406, -32.10611608], [-67.95889023, -32.10606921], [-67.95886641, -32.10602233], [-67.95884261, -32.10597545], [-67.95881883, -32.10592855], [-67.95879508, -32.10588164], [-67.95877135, -32.10583472], [-67.95874766, -32.10578778], [-67.95872402, -32.10574082], [-67.95870041, -32.10569385], [-67.95867686, -32.10564686], [-67.95865337, -32.10559984], [-67.95862994, -32.1055528], [-67.95860658, -32.10550574], [-67.95858329, -32.10545865], [-67.95856007, -32.10541153], [-67.95853694, -32.10536439], [-67.9585139, -32.10531721], [-67.95849095, -32.10527], [-67.9584681, -32.10522276], [-67.95844531, -32.10517549], [-67.95842255, -32.10512822], [-67.95839981, -32.10508094], [-67.95837709, -32.10503365], [-67.9583544, -32.10498636], [-67.95833173, -32.10493906], [-67.95830908, -32.10489176], [-67.95828645, -32.10484445], [-67.95826384, -32.10479713], [-67.95824126, -32.1047498], [-67.95821869, -32.10470247], [-67.95819615, -32.10465513], [-67.95817364, -32.10460779], [-67.95815114, -32.10456044], [-67.95812867, -32.10451308], [-67.95810622, -32.10446571], [-67.95808379, -32.10441834], [-67.95806138, -32.10437096], [-67.958039, -32.10432357], [-67.95801663, -32.10427618], [-67.95799429, -32.10422878], [-67.95797197, -32.10418137], [-67.95794968, -32.10413395], [-67.95792741, -32.10408653], [-67.95790516, -32.10403909], [-67.95788319, -32.10399157], [-67.95786157, -32.10394394], [-67.95784026, -32.10389622], [-67.95781924, -32.1038484], [-67.95779846, -32.1038005], [-67.95777791, -32.10375254], [-67.95775754, -32.10370451], [-67.95773733, -32.10365643], [-67.95771725, -32.10360831], [-67.95769726, -32.10356016], [-67.95767733, -32.10351198], [-67.95765744, -32.1034638], [-67.95763754, -32.10341561], [-67.95761761, -32.10336743], [-67.95759761, -32.10331926], [-67.95757752, -32.10327112], [-67.9575573, -32.10322302], [-67.95753693, -32.10317496], [-67.95751636, -32.10312695], [-67.95749557, -32.10307901], [-67.95747452, -32.10303115], [-67.95745319, -32.10298336], [-67.95743155, -32.10293568], [-67.95740955, -32.10288809], [-67.95738715, -32.10284063], [-67.95736419, -32.10279338], [-67.95734067, -32.10274634], [-67.95731664, -32.10269951], [-67.95729213, -32.10265285], [-67.95726716, -32.10260638], [-67.95724177, -32.10256007], [-67.95722943, -32.10253798], [-67.95721599, -32.10251391], [-67.95718985, -32.1024679], [-67.95716338, -32.10242201], [-67.95713662, -32.10237624], [-67.95710959, -32.10233059], [-67.95708234, -32.10228503], [-67.95705488, -32.10223955], [-67.95702726, -32.10219415], [-67.9569995, -32.10214881], [-67.95697164, -32.10210352], [-67.95694371, -32.10205826], [-67.95691574, -32.10201304], [-67.95688776, -32.10196784], [-67.9568598, -32.10192263], [-67.9568319, -32.10187743], [-67.95680408, -32.1018322], [-67.95677639, -32.10178695], [-67.95674885, -32.10174165], [-67.95672108, -32.1016966], [-67.95669244, -32.10165224], [-67.95666299, -32.10160851], [-67.95663281, -32.10156533], [-67.95660199, -32.10152262], [-67.95657061, -32.1014803], [-67.95653874, -32.1014383], [-67.95650647, -32.10139653], [-67.95647387, -32.10135492], [-67.95644104, -32.10131339], [-67.95640804, -32.10127186], [-67.95637496, -32.10123025], [-67.95634189, -32.10118849], [-67.9563089, -32.10114648], [-67.95627607, -32.10110417], [-67.95624348, -32.10106146], [-67.95621122, -32.10101829], [-67.95617936, -32.10097456], [-67.95614799, -32.10093021], [-67.95611719, -32.10088515], [-67.95608703, -32.10083931], [-67.9560576, -32.1007926], [-67.95602898, -32.10074495], [-67.95600125, -32.10069628], [-67.95597458, -32.10064659], [-67.95594994, -32.10059656], [-67.9559275, -32.10054642], [-67.95590717, -32.10049616], [-67.95588884, -32.10044581], [-67.95587242, -32.10039537], [-67.95585779, -32.10034485], [-67.95584487, -32.10029425], [-67.95583354, -32.10024359], [-67.95582371, -32.10019288], [-67.95581528, -32.10014211], [-67.95580814, -32.10009131], [-67.95580219, -32.10004048], [-67.95579733, -32.09998963], [-67.95579347, -32.09993876], [-67.95579049, -32.09988789], [-67.95578829, -32.09983703], [-67.95578679, -32.09978618], [-67.95578586, -32.09973535], [-67.95578542, -32.09968456], [-67.95578536, -32.0996338], [-67.95578558, -32.09958309], [-67.95578598, -32.09953244], [-67.95578646, -32.09948185], [-67.95578691, -32.09943134], [-67.95578746, -32.09938089], [-67.95578868, -32.09933046], [-67.95579064, -32.09928004], [-67.95579336, -32.09922963], [-67.95579688, -32.09917924], [-67.95580123, -32.09912887], [-67.95580643, -32.09907851], [-67.95581253, -32.09902818], [-67.95581954, -32.09897788], [-67.9558275, -32.09892759], [-67.95583645, -32.09887734], [-67.95584641, -32.09882711], [-67.95585741, -32.09877692], [-67.95586949, -32.09872675], [-67.95588268, -32.09867662], [-67.955897, -32.09862653], [-67.95591249, -32.09857647], [-67.95592917, -32.09852645], [-67.95594709, -32.09847648], [-67.95596627, -32.09842654], [-67.95598674, -32.09837665], [-67.95600854, -32.09832681], [-67.95603169, -32.09827701], [-67.95605623, -32.09822729], [-67.95608334, -32.09817929], [-67.95611356, -32.09813394], [-67.95614663, -32.09809099], [-67.9561823, -32.09805021], [-67.95622032, -32.09801139], [-67.95626042, -32.0979743], [-67.95630237, -32.09793869], [-67.95634589, -32.09790436], [-67.95636788, -32.09788804], [-67.95639075, -32.09787106], [-67.95643667, -32.09783857], [-67.95648341, -32.09780667], [-67.95653072, -32.09777512], [-67.95657834, -32.0977437], [-67.95662601, -32.09771217], [-67.95667348, -32.09768032], [-67.95672049, -32.0976479], [-67.9567668, -32.09761471], [-67.95681214, -32.09758049], [-67.95685627, -32.09754504], [-67.95689892, -32.09750811], [-67.95693985, -32.09746949], [-67.95697879, -32.09742894], [-67.9570155, -32.09738623], [-67.95704972, -32.09734115], [-67.95708154, -32.09729374], [-67.95711315, -32.09724581], [-67.95714481, -32.09719774], [-67.95717636, -32.09714953], [-67.95720764, -32.09710119], [-67.95723847, -32.09705275], [-67.95725873, -32.09702022], [-67.9572687, -32.0970042], [-67.95729816, -32.09695557], [-67.95732667, -32.09690687], [-67.95735409, -32.09685811], [-67.95738023, -32.0968093], [-67.95740493, -32.09676045], [-67.95742803, -32.09671158], [-67.95744937, -32.09666271], [-67.95746877, -32.09661383], [-67.95748606, -32.09656497], [-67.9575011, -32.09651614], [-67.9575137, -32.09646735], [-67.9575237, -32.09641861], [-67.95753094, -32.09636994], [-67.95753524, -32.09632135], [-67.95753645, -32.09627286], [-67.9575344, -32.09622446], [-67.95752892, -32.09617618], [-67.95751986, -32.09612803], [-67.95750816, -32.09607997], [-67.9574947, -32.09603194], [-67.95747962, -32.09598395], [-67.95746304, -32.09593598], [-67.95744511, -32.09588804], [-67.95742597, -32.09584011], [-67.95740574, -32.0957922], [-67.95738457, -32.0957443], [-67.95736259, -32.0956964], [-67.95733994, -32.09564851], [-67.95731676, -32.0956006], [-67.95729318, -32.09555269], [-67.95726934, -32.09550475], [-67.95724537, -32.0954568], [-67.95722142, -32.09540882], [-67.95719761, -32.09536081], [-67.95717409, -32.09531277], [-67.95715098, -32.09526468], [-67.95712844, -32.09521655], [-67.95710659, -32.09516837], [-67.95708557, -32.09512014], [-67.95706552, -32.09507184], [-67.95704657, -32.09502348], [-67.95702886, -32.09497504], [-67.95701229, -32.09492651], [-67.95699583, -32.09487775], [-67.95697938, -32.09482876], [-67.95696298, -32.09477956], [-67.95694667, -32.09473016], [-67.9569305, -32.09468059], [-67.95691451, -32.09463086], [-67.95689875, -32.09458098], [-67.95688326, -32.09453098], [-67.95686809, -32.09448088], [-67.95685328, -32.09443068], [-67.95683887, -32.09438041], [-67.95682492, -32.09433008], [-67.95681145, -32.09427972], [-67.95679853, -32.09422933], [-67.95678619, -32.09417894], [-67.95677447, -32.09412856], [-67.95676343, -32.09407821], [-67.95675311, -32.09402791], [-67.95674354, -32.09397768], [-67.95673478, -32.09392752], [-67.95672687, -32.09387747], [-67.95671985, -32.09382753], [-67.95671377, -32.09377773], [-67.95670869, -32.09372807], [-67.95670579, -32.09367859], [-67.95670568, -32.09362927], [-67.9567083, -32.09358013], [-67.95671357, -32.09353117], [-67.95672143, -32.0934824], [-67.95673181, -32.09343381], [-67.95674464, -32.09338543], [-67.95675986, -32.09333724], [-67.95677738, -32.09328925], [-67.95679715, -32.09324148], [-67.9568191, -32.09319392], [-67.95684245, -32.09314795], [-67.95684315, -32.09314658], [-67.95686924, -32.09309946], [-67.9568973, -32.09305257], [-67.95692727, -32.09300591], [-67.95695906, -32.09295949], [-67.95699262, -32.09291331], [-67.95702787, -32.09286738], [-67.95706475, -32.0928217], [-67.95710318, -32.09277627], [-67.95710333, -32.09277611], [-67.95714311, -32.09273111], [-67.95718445, -32.09268622], [-67.95722715, -32.09264159], [-67.95727109, -32.09259728], [-67.95731547, -32.09255403], [-67.95736002, -32.09251214], [-67.95737343, -32.09249998], [-67.95740475, -32.09247158], [-67.95744971, -32.09243233], [-67.95749493, -32.09239436], [-67.95754043, -32.09235767], [-67.95758625, -32.09232221], [-67.95763243, -32.09228798], [-67.95767898, -32.09225495], [-67.95772595, -32.0922231], [-67.95777337, -32.09219241], [-67.95782126, -32.09216285], [-67.95786967, -32.0921344], [-67.95791861, -32.09210704], [-67.95796813, -32.09208076], [-67.95801826, -32.09205552], [-67.95806902, -32.0920313], [-67.95812046, -32.09200809], [-67.95817259, -32.09198587], [-67.95822546, -32.0919646], [-67.95827909, -32.09194427], [-67.95833351, -32.09192486], [-67.95838877, -32.09190634], [-67.95844488, -32.09188869], [-67.95850164, -32.09187171], [-67.95855847, -32.09185494], [-67.95861534, -32.09183835], [-67.95867226, -32.09182193], [-67.95872921, -32.09180565], [-67.95878619, -32.09178949], [-67.95884319, -32.09177345], [-67.95890022, -32.0917575], [-67.95895725, -32.09174162], [-67.9590143, -32.09172579], [-67.95907135, -32.09171001], [-67.95912839, -32.09169424], [-67.95918543, -32.09167847], [-67.95924245, -32.09166269], [-67.95929945, -32.09164687], [-67.95935643, -32.091631], [-67.95941337, -32.09161506], [-67.95947028, -32.09159903], [-67.95952715, -32.09158289], [-67.95958397, -32.09156663], [-67.95964074, -32.09155023], [-67.95969745, -32.09153367], [-67.95975409, -32.09151693], [-67.95981067, -32.09149999], [-67.95986717, -32.09148284], [-67.95992364, -32.09146562], [-67.95998013, -32.09144842], [-67.96003663, -32.09143123], [-67.96009313, -32.09141406], [-67.96014964, -32.09139689], [-67.96020615, -32.09137973], [-67.96026266, -32.09136258], [-67.96031918, -32.09134541], [-67.96070123, -32.09122891], [-67.96071459, -32.09122482], [-67.96077103, -32.09120747], [-67.96082745, -32.09119009], [-67.96088386, -32.09117266], [-67.96094024, -32.09115518], [-67.9609966, -32.09113764], [-67.96105293, -32.09112005], [-67.96110924, -32.0911024], [-67.96116552, -32.09108468], [-67.96117673, -32.09108113], [-67.96122177, -32.09106689], [-67.96127798, -32.09104902], [-67.96133412, -32.091031], [-67.9613902, -32.09101285], [-67.96144622, -32.09099456], [-67.96150217, -32.09097615], [-67.96155808, -32.09095763], [-67.96161394, -32.09093901], [-67.96166976, -32.0909203], [-67.96172555, -32.09090151], [-67.96178131, -32.09088266], [-67.96183704, -32.09086376], [-67.96189275, -32.09084481], [-67.96194845, -32.09082583], [-67.96200414, -32.09080682], [-67.96205982, -32.09078781], [-67.96211551, -32.0907688], [-67.96217121, -32.09074979], [-67.96222692, -32.09073082], [-67.96228265, -32.09071187], [-67.9623384, -32.09069297], [-67.96239418, -32.09067413], [-67.96245, -32.09065536], [-67.96250586, -32.09063666], [-67.96256176, -32.09061806], [-67.96261771, -32.09059955], [-67.96267373, -32.09058118], [-67.96272983, -32.09056303], [-67.96278602, -32.09054507], [-67.96284228, -32.0905273], [-67.96289862, -32.09050971], [-67.96295503, -32.09049228], [-67.96301149, -32.09047501], [-67.96306802, -32.09045787], [-67.9631246, -32.09044086], [-67.96318122, -32.09042396], [-67.96323789, -32.09040717], [-67.96329459, -32.09039046], [-67.96335133, -32.09037384], [-67.96340809, -32.09035728], [-67.96346488, -32.09034078], [-67.96352168, -32.09032431], [-67.96357849, -32.09030788], [-67.96363531, -32.09029146], [-67.96369213, -32.09027505], [-67.96374895, -32.09025864], [-67.96380576, -32.0902422], [-67.96386256, -32.09022573], [-67.96391933, -32.09020921], [-67.96397609, -32.09019265], [-67.96403281, -32.09017601], [-67.96408985, -32.09015896], [-67.96414743, -32.09014135], [-67.9642055, -32.09012333], [-67.96426402, -32.09010507], [-67.96432292, -32.09008672], [-67.96438216, -32.09006843], [-67.96444169, -32.09005038], [-67.96450145, -32.0900327], [-67.96456139, -32.09001557], [-67.96462146, -32.08999914], [-67.96468161, -32.08998357], [-67.96474179, -32.08996902], [-67.96480194, -32.08995564], [-67.96486201, -32.08994359], [-67.96492194, -32.08993304], [-67.9649817, -32.08992414], [-67.96504122, -32.08991704], [-67.96510046, -32.08991191], [-67.96515935, -32.0899089], [-67.96521786, -32.08990817], [-67.96527592, -32.08990989], [-67.96533349, -32.0899142], [-67.96539051, -32.08992127], [-67.96544694, -32.08993125], [-67.96550241, -32.08994447], [-67.96555581, -32.08996157], [-67.96560713, -32.08998237], [-67.96565652, -32.0900066], [-67.96570408, -32.09003403], [-67.96574996, -32.09006438], [-67.96579427, -32.09009741], [-67.96583714, -32.09013285], [-67.96587869, -32.09017046], [-67.96591906, -32.09020999], [-67.96595837, -32.09025116], [-67.96599674, -32.09029373], [-67.96603431, -32.09033745], [-67.96607119, -32.09038205], [-67.96610751, -32.09042728], [-67.9661434, -32.0904729], [-67.96617899, -32.09051863], [-67.96621439, -32.09056423], [-67.96624974, -32.09060944], [-67.96628517, -32.09065401], [-67.96632079, -32.09069768], [-67.96635674, -32.09074019], [-67.96639282, -32.09078161], [-67.96642647, -32.09082444], [-67.96645739, -32.09086907], [-67.96648589, -32.09091526], [-67.96651232, -32.09096279], [-67.96653698, -32.09101141], [-67.96656022, -32.09106091], [-67.96658236, -32.09111105], [-67.96660372, -32.09116159], [-67.96662463, -32.09121231], [-67.96664542, -32.09126297], [-67.96666641, -32.09131334], [-67.96668793, -32.09136319], [-67.96671031, -32.09141228], [-67.96673387, -32.09146039], [-67.96675895, -32.09150729], [-67.96678586, -32.09155273], [-67.96681494, -32.0915965], [-67.96684651, -32.09163835], [-67.96688089, -32.09167805], [-67.96691842, -32.09171539], [-67.96695942, -32.09175011], [-67.96700422, -32.09178199], [-67.967053, -32.09181073], [-67.96710423, -32.09183534], [-67.96715731, -32.09185573], [-67.96721209, -32.09187212], [-67.9672684, -32.09188469], [-67.9673261, -32.09189367], [-67.96738505, -32.09189924], [-67.96744508, -32.09190162], [-67.96750605, -32.091901], [-67.9675678, -32.09189759], [-67.96763019, -32.0918916], [-67.96769307, -32.09188322], [-67.96775628, -32.09187266], [-67.96781966, -32.09186013], [-67.96788308, -32.09184582], [-67.96794638, -32.09182994], [-67.96800941, -32.09181269], [-67.96807201, -32.09179428], [-67.96813404, -32.0917749], [-67.96819535, -32.09175477], [-67.96825577, -32.09173409], [-67.96831518, -32.09171305], [-67.9683734, -32.09169187], [-67.96843029, -32.09167074], [-67.96848571, -32.09164988], [-67.96854043, -32.09162929], [-67.9685953, -32.09160886], [-67.96865031, -32.09158853], [-67.96870541, -32.09156828], [-67.96876059, -32.09154807], [-67.96881581, -32.09152786], [-67.96887105, -32.0915076], [-67.96892627, -32.09148727], [-67.96898145, -32.09146682], [-67.96903656, -32.09144622], [-67.96909157, -32.09142542], [-67.96914645, -32.0914044], [-67.96920118, -32.09138311], [-67.96925572, -32.09136151], [-67.96931005, -32.09133957], [-67.96936414, -32.09131725], [-67.96941796, -32.09129451], [-67.96947148, -32.09127131], [-67.96952468, -32.09124761], [-67.96957752, -32.09122339], [-67.96962998, -32.09119859], [-67.96968202, -32.09117318], [-67.96973363, -32.09114713], [-67.96978476, -32.09112039], [-67.96983543, -32.09109296], [-67.96988597, -32.09106536], [-67.96993648, -32.09103773], [-67.96998697, -32.09101009], [-67.97003745, -32.09098244], [-67.97008791, -32.09095477], [-67.97013835, -32.09092709], [-67.97018878, -32.0908994], [-67.9702392, -32.0908717], [-67.97028961, -32.09084399], [-67.97034001, -32.09081628], [-67.97039041, -32.09078856], [-67.9704408, -32.09076084], [-67.97049119, -32.09073313], [-67.97054157, -32.09070541], [-67.97059196, -32.09067769], [-67.97064234, -32.09064998], [-67.97069273, -32.09062228], [-67.97074313, -32.09059458], [-67.97079353, -32.09056689], [-67.97084393, -32.09053922], [-67.97089435, -32.09051155], [-67.97094478, -32.0904839], [-67.97099522, -32.09045627], [-67.97104568, -32.09042865], [-67.97109615, -32.09040106], [-67.97114667, -32.09037351], [-67.97119721, -32.090346], [-67.97124778, -32.09031852], [-67.97129838, -32.09029107], [-67.971349, -32.09026365], [-67.97139965, -32.09023625], [-67.97145031, -32.09020888], [-67.97150098, -32.09018152], [-67.97155167, -32.09015417], [-67.97160236, -32.09012683], [-67.97162202, -32.09011624], [-67.97165306, -32.0900995], [-67.97170377, -32.09007217], [-67.97175447, -32.09004485], [-67.97180516, -32.09001751], [-67.97185585, -32.08999017], [-67.97190653, -32.08996282], [-67.9719572, -32.08993545], [-67.97200785, -32.08990807], [-67.97205848, -32.08988066], [-67.9721091, -32.08985323], [-67.97215968, -32.08982577], [-67.97221024, -32.08979828], [-67.97226076, -32.08977075], [-67.97231126, -32.08974319], [-67.9723599, -32.08971399], [-67.97240523, -32.08968187], [-67.97244753, -32.08964709], [-67.97248711, -32.08960989], [-67.97252427, -32.08957055], [-67.97255931, -32.08952932], [-67.97259254, -32.08948646], [-67.97262426, -32.08944223], [-67.97265477, -32.08939689], [-67.97268437, -32.0893507], [-67.97271337, -32.08930392], [-67.97274206, -32.08925681], [-67.97277076, -32.08920963], [-67.97279975, -32.08916264], [-67.97282935, -32.08911609], [-67.97285985, -32.08907025], [-67.97288717, -32.08903158], [-67.97289156, -32.08902538], [-67.97292477, -32.08898173], [-67.9729598, -32.08893957], [-67.97299695, -32.08889916], [-67.97303651, -32.08886075], [-67.97307879, -32.0888246], [-67.97312408, -32.08879098], [-67.97317271, -32.08876014], [-67.97322401, -32.08873171], [-67.97327575, -32.08870418], [-67.97332781, -32.08867746], [-67.97338019, -32.08865153], [-67.97343289, -32.08862635], [-67.9734859, -32.08860192], [-67.97353921, -32.08857819], [-67.97359282, -32.08855516], [-67.97364674, -32.0885328], [-67.97370094, -32.08851108], [-67.97375544, -32.08848998], [-67.97381022, -32.08846949], [-67.97386528, -32.08844956], [-67.97392061, -32.08843019], [-67.97397622, -32.08841135], [-67.9740321, -32.08839301], [-67.97408824, -32.08837516], [-67.97414463, -32.08835776], [-67.97420129, -32.0883408], [-67.97425819, -32.08832425], [-67.97431534, -32.0883081], [-67.97437273, -32.0882923], [-67.97443036, -32.08827685], [-67.97448822, -32.08826172], [-67.9745463, -32.08824688], [-67.97460441, -32.088232], [-67.97466245, -32.08821694], [-67.97472043, -32.08820178], [-67.97477837, -32.08818656], [-67.97483627, -32.08817135], [-67.97489415, -32.08815621], [-67.97495203, -32.08814119], [-67.97500991, -32.08812637], [-67.97506782, -32.08811179], [-67.97512575, -32.08809752], [-67.97518373, -32.08808362], [-67.97524178, -32.08807014], [-67.97529989, -32.08805716], [-67.97535809, -32.08804472], [-67.97541639, -32.08803289], [-67.9754748, -32.08802173], [-67.97553333, -32.0880113], [-67.97559201, -32.08800165], [-67.97565083, -32.08799285], [-67.97570982, -32.08798496], [-67.97576899, -32.08797804], [-67.97582835, -32.08797214], [-67.97588791, -32.08796733], [-67.97594769, -32.08796367], [-67.97600767, -32.08796108], [-67.97606767, -32.0879588], [-67.97612768, -32.08795669], [-67.97618768, -32.08795476], [-67.97624768, -32.08795298], [-67.97630768, -32.08795137], [-67.97636768, -32.08794992], [-67.97642767, -32.08794862], [-67.97648767, -32.08794746], [-67.97654766, -32.08794645], [-67.97660766, -32.08794558], [-67.97666765, -32.08794484], [-67.97672764, -32.08794423], [-67.97678763, -32.08794374], [-67.97684762, -32.08794338], [-67.97690761, -32.08794313], [-67.9769676, -32.08794299], [-67.97702759, -32.08794295], [-67.97708758, -32.08794302], [-67.97714756, -32.08794319], [-67.97720755, -32.08794344], [-67.97726754, -32.08794379], [-67.97732753, -32.08794422], [-67.97738752, -32.08794472], [-67.97744751, -32.0879453], [-67.9775075, -32.087946], [-67.97756749, -32.0879469], [-67.97762748, -32.08794797], [-67.97768747, -32.0879492], [-67.97774745, -32.08795056], [-67.97780744, -32.08795203], [-67.97786743, -32.08795359], [-67.97792741, -32.08795521], [-67.9779874, -32.08795687], [-67.97804738, -32.08795856], [-67.97810736, -32.08796024], [-67.97816735, -32.08796189], [-67.97822733, -32.0879635], [-67.97828732, -32.08796503], [-67.9783473, -32.08796647], [-67.97840729, -32.0879678], [-67.97846727, -32.08796898], [-67.97852726, -32.08797], [-67.97858725, -32.08797084], [-67.97864723, -32.08797147], [-67.97870722, -32.08797187], [-67.97876721, -32.08797202], [-67.9788272, -32.0879719], [-67.9788872, -32.08797147], [-67.97894719, -32.08797073], [-67.97900718, -32.08796971], [-67.97906716, -32.08796847], [-67.97912713, -32.08796702], [-67.9791871, -32.08796538], [-67.97924706, -32.08796356], [-67.97930701, -32.08796158], [-67.97936696, -32.08795945], [-67.9794269, -32.0879572], [-67.97948683, -32.08795482], [-67.97954677, -32.08795234], [-67.9796067, -32.08794978], [-67.97966662, -32.08794714], [-67.97972655, -32.08794445], [-67.97978647, -32.08794172], [-67.97984639, -32.08793896], [-67.97990631, -32.08793619], [-67.97996623, -32.08793342], [-67.98002615, -32.08793068], [-67.98008607, -32.08792796], [-67.980146, -32.0879253], [-67.98020592, -32.0879227], [-67.98026585, -32.08792018], [-67.98032578, -32.08791776], [-67.98038571, -32.08791545], [-67.98044565, -32.08791325], [-67.9805056, -32.0879111], [-67.98056555, -32.08790898], [-67.98062552, -32.08790691], [-67.98068549, -32.0879049], [-67.98074548, -32.08790295], [-67.98080547, -32.08790107], [-67.98086546, -32.08789926], [-67.98092546, -32.08789755], [-67.98098546, -32.08789593], [-67.98104547, -32.08789441], [-67.98110548, -32.08789301], [-67.98116549, -32.08789173], [-67.98122549, -32.08789058], [-67.9812855, -32.08788956], [-67.98134551, -32.0878887], [-67.98140552, -32.08788798], [-67.98146552, -32.08788743], [-67.98152552, -32.08788705], [-67.98158551, -32.08788685], [-67.98164549, -32.08788684], [-67.98170547, -32.08788702], [-67.98176545, -32.08788741], [-67.98182541, -32.08788801], [-67.98188536, -32.08788884], [-67.98194563, -32.08789112], [-67.98200665, -32.08789702], [-67.98206814, -32.08790646], [-67.9821298, -32.08791929], [-67.98219136, -32.08793539], [-67.98225021, -32.08795388], [-67.98225251, -32.0879546], [-67.98231296, -32.0879768], [-67.98237242, -32.08800184], [-67.98243061, -32.08802959], [-67.98248722, -32.08805991], [-67.98254197, -32.08809266], [-67.98259457, -32.0881277], [-67.98264472, -32.08816489], [-67.98269214, -32.0882041], [-67.98273652, -32.08824519], [-67.98277758, -32.08828802], [-67.98281504, -32.08833245], [-67.98284858, -32.08837835], [-67.98287793, -32.08842557], [-67.9829028, -32.08847397], [-67.98292288, -32.08852343], [-67.9829379, -32.0885738], [-67.98294815, -32.08862484], [-67.98295672, -32.08867596], [-67.98296416, -32.08872707], [-67.98297052, -32.08877817], [-67.98297587, -32.08882926], [-67.98298028, -32.08888035], [-67.98298382, -32.08893143], [-67.98298656, -32.08898251], [-67.98298855, -32.08903358], [-67.98298987, -32.08908464], [-67.98299059, -32.0891357], [-67.98299076, -32.08918676], [-67.98299047, -32.08923781], [-67.98298977, -32.08928887], [-67.98298873, -32.08933992], [-67.98298742, -32.08939097], [-67.98298591, -32.08944201], [-67.98298426, -32.08949306], [-67.98298346, -32.08951694], [-67.98298254, -32.08954411], [-67.98298082, -32.08959516], [-67.98297916, -32.08964621], [-67.98297763, -32.08969726], [-67.9829763, -32.08974832], [-67.98297523, -32.08979938], [-67.98297449, -32.08985044], [-67.98297387, -32.08990151], [-67.98297293, -32.08995257], [-67.9829717, -32.09000363], [-67.98297021, -32.0900547], [-67.98296849, -32.09010576], [-67.98296656, -32.09015682], [-67.98296447, -32.09020788], [-67.98296224, -32.09025894], [-67.9829599, -32.09031], [-67.98295749, -32.09036106], [-67.98295503, -32.09041212], [-67.98295256, -32.09046318], [-67.98295011, -32.09051424], [-67.98294771, -32.0905653], [-67.98294539, -32.09061636], [-67.98294318, -32.09066742], [-67.98294111, -32.09071847], [-67.98293922, -32.09076953], [-67.98293754, -32.09082059], [-67.98293609, -32.09087165], [-67.98293491, -32.0909227], [-67.98293402, -32.09097376], [-67.98293347, -32.09102482], [-67.98293328, -32.09107588], [-67.98293355, -32.09112692], [-67.98293776, -32.09117718], [-67.98294761, -32.09122627], [-67.9829626, -32.09127428], [-67.98298226, -32.09132132], [-67.98300613, -32.09136748], [-67.98303372, -32.09141285], [-67.98306456, -32.09145753], [-67.98309818, -32.09150161], [-67.98313409, -32.09154519], [-67.98317184, -32.09158836], [-67.98321094, -32.09163122], [-67.98325092, -32.09167386], [-67.9832913, -32.09171637], [-67.98333161, -32.09175886], [-67.98337138, -32.09180141], [-67.98341012, -32.09184413], [-67.98344737, -32.0918871], [-67.98348265, -32.09193042], [-67.98351549, -32.09197418], [-67.98354541, -32.09201849], [-67.98357194, -32.09206343], [-67.9835946, -32.0921091], [-67.98361292, -32.0921556], [-67.98362642, -32.09220302], [-67.98363441, -32.09225117], [-67.98363676, -32.09229968], [-67.98363401, -32.09234853], [-67.98362672, -32.09239768], [-67.98361544, -32.09244712], [-67.98360071, -32.0924968], [-67.9835831, -32.0925467], [-67.98356316, -32.09259679], [-67.98354143, -32.09264704], [-67.98351847, -32.09269742], [-67.98349484, -32.0927479], [-67.98348158, -32.09277611], [-67.98347108, -32.09279846], [-67.98344775, -32.09284906], [-67.9834254, -32.09289968], [-67.98340458, -32.09295028], [-67.983386, -32.09300041], [-67.98349134, -32.09306667], [-67.98356888, -32.09312411], [-67.98464776, -32.09392328], [-67.98664651, -32.09497976], [-67.98707481, -32.0960648], [-67.98747456, -32.09666442], [-67.98780581, -32.09688275], [-67.98810274, -32.09707845], [-67.98878802, -32.09723549], [-67.98927343, -32.09717838], [-67.9898445, -32.09670725], [-67.99018714, -32.09603624], [-67.99035847, -32.09539379], [-67.99044413, -32.0947085], [-67.99044413, -32.09416599], [-67.99008721, -32.09306667], [-67.98995872, -32.09235284], [-67.99008801, -32.09191193], [-67.99014431, -32.09158189], [-67.9904013, -32.09133919], [-67.99078677, -32.09099654], [-67.99148122, -32.09055221], [-67.9920574, -32.09023987], [-67.99292828, -32.09002572], [-67.99351363, -32.09009711], [-67.99428458, -32.09023987], [-67.99496986, -32.09006855], [-67.99564087, -32.08984013], [-67.99619766, -32.08934044], [-67.99686867, -32.0886266], [-67.99709843, -32.08801686], [-67.99723987, -32.0876415], [-67.99743974, -32.08615672], [-67.99689722, -32.08497175], [-67.99646892, -32.08441495], [-67.99645464, -32.08412942], [-67.9967259, -32.08347269], [-67.99812503, -32.0827874], [-67.99836773, -32.08267319], [-67.99848194, -32.08255897], [-67.99855333, -32.08241621], [-67.99865327, -32.08225916], [-67.9987532, -32.08213067], [-67.99908157, -32.08203073], [-68.00013805, -32.08190224], [-68.00143724, -32.08181658], [-68.00227956, -32.08160243], [-68.00309334, -32.08088859], [-68.00376435, -32.08034608], [-68.00456763, -32.08017696], [-68.00512064, -32.08006054], [-68.00579165, -32.07973217], [-68.00631989, -32.07974645], [-68.00780467, -32.08026042], [-68.00856134, -32.08107419], [-68.010246, -32.08231627], [-68.01111986, -32.08258675], [-68.01144525, -32.08268747], [-68.01235896, -32.08325854], [-68.01274846, -32.08404835], [-68.01287293, -32.08430074], [-68.01404362, -32.0853715], [-68.01470035, -32.08554282], [-68.01564595, -32.08549895], [-68.01705602, -32.08549999], [-68.02069659, -32.08604251], [-68.02263823, -32.08652792], [-68.02392314, -32.08652792], [-68.02546503, -32.08608534], [-68.0264073, -32.08567131], [-68.02703548, -32.0854286], [-68.02749233, -32.08547143], [-68.02792064, -32.08565703], [-68.02869158, -32.0857998], [-68.0296624, -32.08552854], [-68.03047618, -32.08548571], [-68.03099315, -32.08557309], [-68.03148983, -32.08565703], [-68.03211077, -32.08576742], [-68.03213228, -32.08577125], [-68.03283184, -32.08574269], [-68.03357424, -32.08544288], [-68.03421669, -32.08487181], [-68.03460216, -32.08431502], [-68.03484487, -32.0835869], [-68.03464499, -32.08258753], [-68.03444512, -32.08208784], [-68.03440229, -32.0813169], [-68.03464499, -32.08064589], [-68.03494481, -32.08040318], [-68.03575858, -32.07997488], [-68.0365438, -32.07957513], [-68.03700066, -32.07896123], [-68.03725764, -32.07847582], [-68.03762884, -32.07827594], [-68.03805246, -32.0783289], [-68.03842834, -32.07837588], [-68.03891375, -32.07861859], [-68.03948482, -32.07900406], [-68.03981795, -32.07948604], [-68.04015582, -32.07997488], [-68.04025576, -32.08028897], [-68.04061268, -32.08037463], [-68.04102671, -32.0803318], [-68.04118375, -32.08000343], [-68.041111, -32.07942954], [-68.04109809, -32.07894695], [-68.04128369, -32.07850437], [-68.04164061, -32.07797613], [-68.04228306, -32.07747645], [-68.04303973, -32.07727657], [-68.04359653, -32.07736223], [-68.04386778, -32.07751928], [-68.04385351, -32.07794758], [-68.04368219, -32.07878991], [-68.04349659, -32.07948947], [-68.04349659, -32.0799035], [-68.04375357, -32.08068872], [-68.04401055, -32.08097425], [-68.04471011, -32.08135973], [-68.04583798, -32.08135973], [-68.04682307, -32.08103136], [-68.04787956, -32.08043174], [-68.04880755, -32.07938953], [-68.04929522, -32.07889156], [-68.05010673, -32.07843299], [-68.05025971, -32.07807966], [-68.04997824, -32.07756211], [-68.04989258, -32.07711953], [-68.05002107, -32.07656273], [-68.05047793, -32.07643424], [-68.05137736, -32.07649135], [-68.05256233, -32.07671978], [-68.05370448, -32.07660556], [-68.0538605, -32.07660896], [-68.05436121, -32.07661984], [-68.05517839, -32.07659912], [-68.05577461, -32.07660556], [-68.05630285, -32.07637713], [-68.05674543, -32.07606305], [-68.05681681, -32.07552053], [-68.05664549, -32.07520644], [-68.05638851, -32.07482097], [-68.05547479, -32.07422134], [-68.05464674, -32.07375021], [-68.05410423, -32.07360744], [-68.0538605, -32.07364311], [-68.05293353, -32.07377876], [-68.05226252, -32.07377876], [-68.0518485, -32.07367883], [-68.05160579, -32.07375021], [-68.05160015, -32.07406062], [-68.05164862, -32.07454971], [-68.05149158, -32.07496374], [-68.05064925, -32.07519216], [-68.05033516, -32.0751065], [-68.04970698, -32.07473531], [-68.04950711, -32.07447832], [-68.04950711, -32.07423562], [-68.04986828, -32.07344962], [-68.05020417, -32.07274944], [-68.05114893, -32.07156586], [-68.05179139, -32.07110901], [-68.05290498, -32.07103762], [-68.0538605, -32.07141563], [-68.05420416, -32.07155159], [-68.05598876, -32.07259379], [-68.05748782, -32.07339329], [-68.05957223, -32.07385015], [-68.06068581, -32.07450688], [-68.06175657, -32.07490663], [-68.06255607, -32.07536348], [-68.06355544, -32.07634858], [-68.06446916, -32.07767632], [-68.06563985, -32.07861859], [-68.0667701, -32.07974645], [-68.06696045, -32.08094808], [-68.06696045, -32.08126931], [-68.06686527, -32.0817571], [-68.06686527, -32.08229247], [-68.06694856, -32.08332754], [-68.06711512, -32.08460055], [-68.06628231, -32.08567131], [-68.06562796, -32.08700381], [-68.06520582, -32.08789874], [-68.06503309, -32.08826492], [-68.06512486, -32.08875688], [-68.06523534, -32.08965691], [-68.06580641, -32.09052541], [-68.06606816, -32.09115597], [-68.06698425, -32.09246467], [-68.06882833, -32.09435634], [-68.07148143, -32.09656924], [-68.07230234, -32.09753292], [-68.07283772, -32.09836573], [-68.07291922, -32.09860495], [-68.07306377, -32.09880593], [-68.07325413, -32.0989725], [-68.07363484, -32.09910337], [-68.07411701, -32.09910928], [-68.07486026, -32.09906768], [-68.07566928, -32.09891301], [-68.07627604, -32.09875835], [-68.0773706, -32.09824676], [-68.07795044, -32.09782154], [-68.07870309, -32.09722359], [-68.07897673, -32.09666442], [-68.07895778, -32.09632336], [-68.07894608, -32.09617271], [-68.07892453, -32.09597335], [-68.07885776, -32.09537951], [-68.07840557, -32.09492733], [-68.07796546, -32.09448721], [-68.07768275, -32.0941741], [-68.0773269, -32.09377999], [-68.07685901, -32.09326179], [-68.07662737, -32.09305201], [-68.07644887, -32.09289034], [-68.07643995, -32.09288226], [-68.07622845, -32.09269072], [-68.07604999, -32.0923219], [-68.07597861, -32.09198878], [-68.07599138, -32.0914917], [-68.07612953, -32.09081823], [-68.07632525, -32.08986407], [-68.07654555, -32.0888807], [-68.07687284, -32.08773519], [-68.07685901, -32.0870395], [-68.07703747, -32.08650412], [-68.07714455, -32.0861353], [-68.07741818, -32.08583787], [-68.07783459, -32.0852906], [-68.07873879, -32.08494557], [-68.07967867, -32.0848385], [-68.08032113, -32.08489798], [-68.0804401, -32.08469573], [-68.08049959, -32.08460055], [-68.08068994, -32.08458865], [-68.0808922, -32.08473142], [-68.08121342, -32.08499316], [-68.08141568, -32.08544526], [-68.08159414, -32.08602823], [-68.08167742, -32.0865993], [-68.08165362, -32.08709899], [-68.08163057, -32.08744477], [-68.08160604, -32.08781282], [-68.08165362, -32.08801508], [-68.08179639, -32.08846718], [-68.08195106, -32.0887884], [-68.08226039, -32.0892643], [-68.08307462, -32.09009908], [-68.08359289, -32.09045403], [-68.08411264, -32.09085083], [-68.08469934, -32.09129873], [-68.08540128, -32.09159617], [-68.08581804, -32.09161377], [-68.08640333, -32.09158125], [-68.0866982, -32.09156487], [-68.08683432, -32.09155731], [-68.08757206, -32.09151632], [-68.08809007, -32.09125115], [-68.08832801, -32.09066818], [-68.08894667, -32.09045403], [-68.08944636, -32.09032316], [-68.09052901, -32.09028746], [-68.09079908, -32.09036748], [-68.0914927, -32.090573], [-68.09292831, -32.0911076], [-68.09321361, -32.09121384], [-68.09400303, -32.09158427], [-68.09510948, -32.09177463], [-68.09532301, -32.0917648], [-68.09556773, -32.09175353], [-68.09572611, -32.09174624], [-68.0957711, -32.09174158], [-68.09671561, -32.09164376], [-68.09760791, -32.09221483], [-68.09785775, -32.09290487], [-68.09771989, -32.09322983], [-68.09752463, -32.09369009], [-68.09685838, -32.09426116], [-68.09549019, -32.09484413], [-68.09464548, -32.09528433], [-68.09400303, -32.09592679], [-68.0937058, -32.09636882], [-68.09353903, -32.09661683], [-68.09286089, -32.09899629], [-68.09267053, -32.09949598], [-68.09247146, -32.09971368], [-68.09241731, -32.09998533], [-68.09255156, -32.10048345], [-68.09270622, -32.10057863], [-68.09312306, -32.10090587], [-68.09419539, -32.10140463], [-68.09431236, -32.10145903], [-68.09503809, -32.10156611], [-68.0955854, -32.10135719], [-68.09613675, -32.10076909], [-68.09619402, -32.10070801], [-68.09645387, -32.10000756], [-68.09688218, -32.0994127], [-68.09823847, -32.09871076], [-68.10015393, -32.09836573], [-68.10242632, -32.09810399], [-68.10408004, -32.09803261], [-68.10479918, -32.09809255], [-68.10531736, -32.09800881], [-68.10578618, -32.09767382], [-68.10624535, -32.09712841], [-68.10659246, -32.09692423], [-68.10664986, -32.09689047], [-68.10719714, -32.09680719], [-68.10761354, -32.09679529], [-68.10807754, -32.09690237], [-68.1095647, -32.09760431], [-68.10979075, -32.09773518], [-68.11049269, -32.09815158], [-68.11245575, -32.09930562], [-68.11288405, -32.09965064], [-68.11307298, -32.10001881], [-68.11312902, -32.10012803], [-68.11334805, -32.10055484], [-68.11351461, -32.10136385], [-68.11368117, -32.10197062], [-68.11422845, -32.10251789], [-68.11466865, -32.10273204], [-68.11512496, -32.10274667], [-68.11547766, -32.10269635], [-68.11636996, -32.10237513], [-68.11803558, -32.10138765], [-68.11924911, -32.10111401], [-68.11992382, -32.10106748], [-68.12028417, -32.10104263], [-68.1210456, -32.1007452], [-68.12189031, -32.10036448], [-68.12250017, -32.09991455], [-68.12279451, -32.09976962], [-68.12298486, -32.09988859], [-68.12316746, -32.10023231], [-68.12338937, -32.10065002], [-68.12354404, -32.10126868], [-68.12361542, -32.10237513], [-68.12359163, -32.10306517], [-68.12378191, -32.10363974], [-68.12414714, -32.10474261], [-68.12424735, -32.1050108], [-68.12468618, -32.1060276], [-68.12465495, -32.10639614], [-68.12462669, -32.10672954], [-68.12479325, -32.1068961], [-68.12579263, -32.10696749], [-68.12727979, -32.1064678], [-68.1281727, -32.1060218], [-68.12975443, -32.1051591], [-68.13024222, -32.1051234], [-68.1307776, -32.10521858], [-68.13175966, -32.10554309], [-68.13214579, -32.10567068], [-68.13271686, -32.10569447], [-68.13373186, -32.10557019], [-68.13388279, -32.10555171], [-68.13513201, -32.10524238], [-68.13581016, -32.10498064], [-68.13638825, -32.10495528], [-68.13716645, -32.10492115], [-68.13751147, -32.10502822], [-68.13757096, -32.10532566], [-68.13748768, -32.10565878], [-68.13716169, -32.10622137], [-68.13675004, -32.10693179], [-68.1360719, -32.1077765], [-68.13576257, -32.10839516], [-68.13548893, -32.10878777], [-68.13552462, -32.10918038], [-68.1356436, -32.10966817], [-68.13592913, -32.11003699], [-68.13646271, -32.11027239], [-68.13673815, -32.11039391], [-68.13811823, -32.11063186], [-68.1387012, -32.1108936], [-68.13921724, -32.11120511], [-68.13930797, -32.11126241], [-68.14025975, -32.11171451], [-68.14032023, -32.11210334], [-68.14034303, -32.11224989], [-68.14034303, -32.11244025], [-68.14089031, -32.11272578], [-68.14187778, -32.11272578], [-68.14317459, -32.11246404], [-68.14381579, -32.11229611], [-68.14417396, -32.1122023], [-68.14480452, -32.11228558], [-68.14514954, -32.11216661], [-68.14574441, -32.11183348], [-68.14607753, -32.1112981], [-68.14638686, -32.11096498], [-68.1466724, -32.1108936], [-68.14694603, -32.11090549], [-68.14727916, -32.11109585], [-68.14745762, -32.11138139], [-68.1475409, -32.11184538], [-68.14749331, -32.11272578], [-68.14771793, -32.11304024], [-68.14811415, -32.11359496], [-68.14844497, -32.11409573], [-68.14884404, -32.11470493], [-68.14911134, -32.11547406], [-68.1490469, -32.11612496], [-68.14899237, -32.11667569], [-68.14901617, -32.11692553], [-68.14902806, -32.11719917], [-68.14902806, -32.11747281], [-68.1493017, -32.11782973], [-68.14990846, -32.11844838], [-68.1506461, -32.11892428], [-68.15149081, -32.11918602], [-68.15199049, -32.1192693], [-68.1528352, -32.11935258], [-68.15366893, -32.11915728], [-68.15435806, -32.11866254], [-68.15482205, -32.11847218], [-68.15649957, -32.11847218], [-68.15725584, -32.11853403], [-68.1581295, -32.11851977], [-68.1585578, -32.11857926], [-68.15910508, -32.11872202], [-68.15966425, -32.11856736], [-68.16062794, -32.1174966], [-68.16078149, -32.11735701], [-68.1616749, -32.11654482], [-68.16229356, -32.11624738], [-68.1630074, -32.11593805], [-68.16374949, -32.11539399], [-68.16525599, -32.11387982], [-68.16614829, -32.11327306], [-68.16636244, -32.11295183], [-68.16635054, -32.11257112], [-68.16588654, -32.11201194], [-68.16555342, -32.11148846], [-68.16567239, -32.11100067], [-68.16596983, -32.11070324], [-68.16699299, -32.11058427], [-68.1682898, -32.1104177], [-68.1687419, -32.11004889], [-68.16995542, -32.109573], [-68.17053839, -32.10945402], [-68.17103808, -32.1095373], [-68.17321528, -32.11106016], [-68.17419086, -32.11171451], [-68.17476193, -32.11208333], [-68.17524972, -32.11266629], [-68.17590408, -32.11296373], [-68.17634428, -32.11302321], [-68.17690345, -32.11282096], [-68.17723657, -32.1126306], [-68.17760539, -32.1122023], [-68.17812887, -32.11178589], [-68.17865235, -32.11166692], [-68.17925912, -32.1117621], [-68.17969932, -32.11203574], [-68.18008003, -32.11223799], [-68.18052023, -32.11215471], [-68.18112699, -32.11179779], [-68.18146012, -32.11157174], [-68.18192411, -32.11141708], [-68.18319712, -32.11148846], [-68.18380389, -32.11167882], [-68.18457721, -32.11161933], [-68.18532674, -32.11147656], [-68.18589781, -32.11113154], [-68.18611196, -32.11057237], [-68.18624283, -32.11023924], [-68.18661165, -32.10992991], [-68.18702806, -32.10970387], [-68.18765861, -32.10952541], [-68.1881702, -32.10918038], [-68.18864609, -32.10925177], [-68.18891973, -32.10951351], [-68.18897921, -32.10972766], [-68.18893162, -32.11008458], [-68.18877696, -32.11052478], [-68.18868178, -32.11084601], [-68.1886104, -32.11104826], [-68.1886104, -32.11152415], [-68.18857471, -32.11182159], [-68.18922906, -32.11245214], [-68.18989531, -32.11292804], [-68.19022843, -32.11318978], [-68.19046638, -32.11371326], [-68.19066418, -32.11401966], [-68.19110428, -32.11413901], [-68.19145385, -32.11408207], [-68.19197733, -32.11408207], [-68.19294102, -32.11393931], [-68.19329794, -32.1139631], [-68.19351209, -32.11420105], [-68.19355968, -32.11458176], [-68.19352596, -32.11499899], [-68.1934645, -32.11575959], [-68.19353588, -32.11627118], [-68.19410695, -32.11696122], [-68.19495145, -32.11749486], [-68.19548445, -32.11795172], [-68.1961057, -32.11829372], [-68.19639123, -32.11853167], [-68.19668867, -32.11871013], [-68.19712887, -32.11886479], [-68.19769994, -32.11904325], [-68.19783663, -32.11919087], [-68.19788336, -32.11919596], [-68.19794127, -32.11920116], [-68.19799933, -32.11920539], [-68.19805753, -32.11920868], [-68.19811585, -32.11921109], [-68.19817428, -32.11921264], [-68.19823281, -32.11921336], [-68.19829142, -32.11921331], [-68.1983501, -32.11921251], [-68.19840883, -32.119211], [-68.1984676, -32.11920883], [-68.1985264, -32.11920601], [-68.19858522, -32.1192026], [-68.19864403, -32.11919863], [-68.19870283, -32.11919413], [-68.19876159, -32.11918914], [-68.19882032, -32.11918371], [-68.19887898, -32.11917786], [-68.19893758, -32.11917164], [-68.19899609, -32.11916507], [-68.1990545, -32.11915821], [-68.19911279, -32.11915107], [-68.19917096, -32.11914371], [-68.19922899, -32.11913616], [-68.19928686, -32.11912845], [-68.19934457, -32.11912062], [-68.19940216, -32.1191125], [-68.19945969, -32.11910392], [-68.19951718, -32.11909494], [-68.19957463, -32.11908559], [-68.19963203, -32.11907592], [-68.19968941, -32.11906596], [-68.19974675, -32.11905575], [-68.19979605, -32.1190468], [-68.19980408, -32.11904535], [-68.19986138, -32.11903478], [-68.19991867, -32.11902409], [-68.19997595, -32.11901332], [-68.20003323, -32.11900251], [-68.20009051, -32.1189917], [-68.2001478, -32.11898093], [-68.2002051, -32.11897025], [-68.20026242, -32.11895969], [-68.20031976, -32.11894929], [-68.20037712, -32.11893911], [-68.20043452, -32.11892917], [-68.20049195, -32.11891952], [-68.20054943, -32.11891019], [-68.20060695, -32.11890124], [-68.20066453, -32.1188927], [-68.20072216, -32.11888461], [-68.20077985, -32.11887701], [-68.20083763, -32.11886997], [-68.20089554, -32.11886356], [-68.20095356, -32.11885777], [-68.2010117, -32.11885256], [-68.20106994, -32.11884793], [-68.20112828, -32.11884385], [-68.2011867, -32.11884029], [-68.20124519, -32.11883725], [-68.20130375, -32.1188347], [-68.20136238, -32.11883261], [-68.20142105, -32.11883098], [-68.20147976, -32.11882977], [-68.20153851, -32.11882896], [-68.20159727, -32.11882855], [-68.20165606, -32.11882849], [-68.20171485, -32.11882879], [-68.20177363, -32.11882941], [-68.20183241, -32.11883033], [-68.20189116, -32.11883154], [-68.20194989, -32.11883301], [-68.20200858, -32.11883472], [-68.20206722, -32.11883665], [-68.2021258, -32.11883879], [-68.20218432, -32.1188411], [-68.20224277, -32.11884358], [-68.20230122, -32.11884618], [-68.20235999, -32.11884887], [-68.20241907, -32.11885175], [-68.20247837, -32.11885493], [-68.20253782, -32.11885855], [-68.20259735, -32.1188627], [-68.20265688, -32.11886752], [-68.20271634, -32.11887311], [-68.20277565, -32.11887959], [-68.20283475, -32.11888709], [-68.20289356, -32.11889571], [-68.202952, -32.11890558], [-68.20301, -32.1189168], [-68.2030675, -32.11892951], [-68.2031244, -32.11894381], [-68.20318064, -32.11895982], [-68.20323615, -32.11897766], [-68.20329085, -32.11899745], [-68.20334467, -32.1190193], [-68.20339754, -32.11904333], [-68.20344937, -32.11906965], [-68.20350011, -32.11909839], [-68.20354966, -32.11912966], [-68.20359797, -32.11916357], [-68.20364495, -32.11920025], [-68.20369047, -32.11923963], [-68.20373376, -32.11927992], [-68.20377477, -32.11932059], [-68.20381366, -32.11936163], [-68.20385058, -32.11940301], [-68.20388567, -32.11944471], [-68.2039191, -32.1194867], [-68.20395101, -32.11952896], [-68.20398156, -32.11957146], [-68.20401091, -32.11961419], [-68.20403919, -32.11965711], [-68.20406658, -32.11970019], [-68.20409322, -32.11974343], [-68.20411926, -32.11978678], [-68.20414485, -32.11983023], [-68.20417016, -32.11987376], [-68.20419533, -32.11991733], [-68.20422051, -32.11996093], [-68.20424586, -32.12000452], [-68.20427154, -32.12004809], [-68.20429769, -32.12009161], [-68.20432446, -32.12013505], [-68.20435202, -32.12017839], [-68.20438024, -32.12022173], [-68.2044076, -32.12026571], [-68.20443398, -32.12031036], [-68.20445952, -32.12035556], [-68.20448437, -32.12040123], [-68.20450868, -32.12044725], [-68.20453261, -32.12049351], [-68.2045563, -32.12053992], [-68.20457991, -32.12058637], [-68.20460359, -32.12063275], [-68.20462748, -32.12067896], [-68.20465174, -32.1207249], [-68.20467652, -32.12077045], [-68.20470197, -32.12081552], [-68.20472824, -32.12086001], [-68.20475548, -32.12090379], [-68.20478385, -32.12094678], [-68.20481349, -32.12098887], [-68.20484455, -32.12102994], [-68.20487719, -32.12106991], [-68.20489881, -32.12109375], [-68.20491178, -32.12110806], [-68.20494997, -32.12114004], [-68.20499184, -32.12116532], [-68.20503711, -32.12118425], [-68.20508549, -32.1211972], [-68.2051367, -32.12120452], [-68.20519047, -32.12120659], [-68.2052465, -32.12120377], [-68.20530453, -32.12119641], [-68.20536426, -32.12118489], [-68.20542542, -32.12116956], [-68.20548772, -32.1211508], [-68.20555089, -32.12112895], [-68.20561464, -32.1211044], [-68.20563999, -32.12109375], [-68.20567869, -32.12107749], [-68.20574277, -32.1210486], [-68.20580658, -32.12101808], [-68.20586984, -32.12098631], [-68.20593229, -32.12095364], [-68.20599362, -32.12092043], [-68.20605357, -32.12088706], [-68.20611185, -32.12085387], [-68.20616819, -32.12082125], [-68.20622229, -32.12078954], [-68.20627388, -32.12075912], [-68.20632297, -32.12073019], [-68.20637172, -32.12070175], [-68.20642058, -32.12067348], [-68.20646952, -32.12064535], [-68.20651848, -32.1206173], [-68.20656742, -32.12058929], [-68.20661629, -32.12056127], [-68.20666506, -32.12053318], [-68.20671367, -32.12050498], [-68.20676208, -32.12047662], [-68.20681025, -32.12044804], [-68.20685813, -32.1204192], [-68.20690567, -32.12039005], [-68.20695284, -32.12036054], [-68.20699958, -32.12033062], [-68.20704586, -32.12030024], [-68.20709162, -32.12026935], [-68.20713682, -32.1202379], [-68.20718142, -32.12020584], [-68.20722538, -32.12017312], [-68.20726864, -32.1201397], [-68.20731116, -32.12010552], [-68.2073529, -32.12007053], [-68.20739381, -32.12003469], [-68.20743385, -32.11999794], [-68.20747298, -32.11996025], [-68.20751168, -32.11992222], [-68.20755023, -32.11988417], [-68.20758861, -32.1198461], [-68.20762683, -32.119808], [-68.20766488, -32.11976986], [-68.20770277, -32.11973168], [-68.20774048, -32.11969345], [-68.20776597, -32.11966745], [-68.20777802, -32.11965516], [-68.20781538, -32.1196168], [-68.20785257, -32.11957837], [-68.20788957, -32.11953986], [-68.20792639, -32.11950126], [-68.20796303, -32.11946256], [-68.20799947, -32.11942375], [-68.20803573, -32.11938484], [-68.20807179, -32.1193458], [-68.20810766, -32.11930664], [-68.20814333, -32.11926734], [-68.2081788, -32.1192279], [-68.20821407, -32.11918831], [-68.20824913, -32.11914856], [-68.20828399, -32.11910865], [-68.20831863, -32.11906856], [-68.20835307, -32.11902829], [-68.20838728, -32.11898784], [-68.20842128, -32.11894722], [-68.20845505, -32.11890647], [-68.20848862, -32.11886561], [-68.20852202, -32.11882465], [-68.20855526, -32.1187836], [-68.20858838, -32.11874249], [-68.20862138, -32.11870131], [-68.2086543, -32.11866009], [-68.20868717, -32.11861884], [-68.20871999, -32.11857758], [-68.2087528, -32.1185363], [-68.20878561, -32.11849504], [-68.20881846, -32.1184538], [-68.20885136, -32.1184126], [-68.20888434, -32.11837145], [-68.20891742, -32.11833036], [-68.20895062, -32.11828935], [-68.20898396, -32.11824842], [-68.20901748, -32.1182076], [-68.20905119, -32.1181669], [-68.20908511, -32.11812633], [-68.20911927, -32.1180859], [-68.20915369, -32.11804563], [-68.2091884, -32.11800553], [-68.20922341, -32.11796562], [-68.20925871, -32.11792587], [-68.2092941, -32.11788619], [-68.20932956, -32.11784656], [-68.20936509, -32.11780697], [-68.20940067, -32.11776742], [-68.20943632, -32.11772791], [-68.20947201, -32.11768843], [-68.20950775, -32.11764899], [-68.20954354, -32.11760957], [-68.20957937, -32.11757019], [-68.20961524, -32.11753082], [-68.20965113, -32.11749148], [-68.20968706, -32.11745215], [-68.20972301, -32.11741284], [-68.20975898, -32.11737354], [-68.20979497, -32.11733425], [-68.20983097, -32.11729496], [-68.20986698, -32.11725568], [-68.20990299, -32.1172164], [-68.209939, -32.11717712], [-68.20997501, -32.11713783], [-68.21001101, -32.11709853], [-68.210047, -32.11705922], [-68.21008297, -32.11701989], [-68.21011892, -32.11698055], [-68.21015485, -32.11694119], [-68.21019072, -32.11690186], [-68.21022652, -32.11686258], [-68.21026228, -32.11682334], [-68.21029802, -32.11678415], [-68.21033374, -32.11674501], [-68.21036947, -32.11670591], [-68.21040523, -32.11666685], [-68.21044103, -32.11662784], [-68.21047689, -32.11658888], [-68.21051282, -32.11654996], [-68.21054885, -32.11651108], [-68.21058499, -32.11647225], [-68.21062125, -32.11643346], [-68.21065766, -32.11639471], [-68.21069423, -32.116356], [-68.21072619, -32.11632239], [-68.2106799, -32.11621169], [-68.21072674, -32.11592285], [-68.21093115, -32.11575479], [-68.21181014, -32.11555734], [-68.21212732, -32.11564053], [-68.21253588, -32.1157477], [-68.21268172, -32.11581596], [-68.21309505, -32.11600944], [-68.21502491, -32.1174195], [-68.21528416, -32.11762747], [-68.2155459, -32.11785352], [-68.21589092, -32.11791301], [-68.21604363, -32.11795104], [-68.21620716, -32.1178988], [-68.2163616, -32.11780341], [-68.21650061, -32.11768782], [-68.21679511, -32.11697312], [-68.21691805, -32.11648838], [-68.21717583, -32.11558113], [-68.21734049, -32.11470322], [-68.21736753, -32.11428691], [-68.21737456, -32.11417857], [-68.2175271, -32.11383194], [-68.21789012, -32.11331324], [-68.21848518, -32.11296575], [-68.21857971, -32.11269009], [-68.21859161, -32.11249973], [-68.21846074, -32.11230938], [-68.21795069, -32.11200851], [-68.21738998, -32.11159554], [-68.21702116, -32.11103636], [-68.2168546, -32.11072703], [-68.21689988, -32.11060596], [-68.21703306, -32.11054857], [-68.21719929, -32.11058551], [-68.21746136, -32.11064375], [-68.21809192, -32.11076273], [-68.21843694, -32.11073893], [-68.21919837, -32.11031063], [-68.21959098, -32.10987043], [-68.22005497, -32.10943023], [-68.22032861, -32.10897813], [-68.22036108, -32.10868256], [-68.22050543, -32.10852217], [-68.22107814, -32.10827619], [-68.22179916, -32.10807779], [-68.22232736, -32.10797876], [-68.22248202, -32.10801445], [-68.22262479, -32.10803824], [-68.22283894, -32.10820481], [-68.22363606, -32.10856172], [-68.22446887, -32.10870449], [-68.22550394, -32.10847844], [-68.22570661, -32.10838217], [-68.22597983, -32.10825239], [-68.22630106, -32.10806204], [-68.22651073, -32.10752556], [-68.22683151, -32.10706208], [-68.22943005, -32.10620606], [-68.2296442, -32.10611088], [-68.22982266, -32.10578965], [-68.22982266, -32.1055636], [-68.22984646, -32.10524238], [-68.22997733, -32.10508771], [-68.23011359, -32.10498939], [-68.23050419, -32.1050298], [-68.23124499, -32.10519143], [-68.23153779, -32.10530952], [-68.2319239, -32.10539128], [-68.23211468, -32.10522321], [-68.23220129, -32.10501633], [-68.2322417, -32.10473348], [-68.23221007, -32.10456456], [-68.23218587, -32.10446816], [-68.23209354, -32.10410043], [-68.23212048, -32.10383105], [-68.23220818, -32.1035304], [-68.23255529, -32.10326089], [-68.23290051, -32.10322001], [-68.23314412, -32.10310372], [-68.23342697, -32.10292863], [-68.23349432, -32.10275353], [-68.23361554, -32.10236293], [-68.23361554, -32.10206661], [-68.2335886, -32.10191845], [-68.23341719, -32.10170294], [-68.23311719, -32.1016356], [-68.23274005, -32.10148744], [-68.23261883, -32.10136622], [-68.23258255, -32.10102148], [-68.23282349, -32.10062246], [-68.23322494, -32.10026175], [-68.2335886, -32.10007319], [-68.2341543, -32.0999789], [-68.23469306, -32.09985768], [-68.23551468, -32.09965565], [-68.23636323, -32.0995479], [-68.2367673, -32.09933239], [-68.23757544, -32.09899566], [-68.23804686, -32.09853772], [-68.23853174, -32.09783733], [-68.23896275, -32.09692143], [-68.23900234, -32.09662261], [-68.23892234, -32.09630186], [-68.23892234, -32.09574962], [-68.23890888, -32.09548024], [-68.23888287, -32.09533893], [-68.23894646, -32.09519357], [-68.23926443, -32.09496645], [-68.23948779, -32.09492584], [-68.23967198, -32.09489235], [-68.23986403, -32.09485743], [-68.24065441, -32.09485743], [-68.24074516, -32.0948907], [-68.24114054, -32.09503564], [-68.24128896, -32.09504492], [-68.2418586, -32.09526474], [-68.24234348, -32.09542637], [-68.24278796, -32.09556106], [-68.24319203, -32.09543984], [-68.24363651, -32.09522433], [-68.24405405, -32.09482026], [-68.24424262, -32.09464516], [-68.24461975, -32.09456435], [-68.24537402, -32.09434884], [-68.24596666, -32.09398518], [-68.24628991, -32.09366192], [-68.2464246, -32.09323091], [-68.24668268, -32.09208052], [-68.2479319, -32.09154515], [-68.26831084, -32.10981975], [-68.27410753, -32.11501787], [-68.27630452, -32.116988], [-68.28056433, -32.12080794], [-68.28468711, -32.124505], [-68.29158381, -32.13068955], [-68.29287525, -32.13184763], [-68.29931073, -32.13761858], [-68.30103707, -32.13916667]], [[-68.29902406, -32.13687403], [-68.29904468, -32.13678288], [-68.29922133, -32.13600201], [-68.29902406, -32.13687403]], [[-69.82267342, -30.32123107], [-69.82284837, -30.31994092], [-69.82295744, -30.31913662], [-69.82267342, -30.32123107]], [[-68.59644316754648, -31.004260684754023], [-68.635762, -31.00422281], [-68.75576152, -31.00410722], [-68.59644316754648, -31.004260684754023]], [[-68.50563368, -31.02134057], [-68.50479908, -31.01939427], [-68.5032744, -31.01583868], [-68.50563368, -31.02134057]], [[-68.50682831, -31.03136571], [-68.50692854, -31.03224098], [-68.50682831, -31.03136572], [-68.50650086, -31.02986724], [-68.50682831, -31.03136571]], [[-68.50676731, -31.03507246], [-68.5068154, -31.03590243], [-68.5067673, -31.03507246], [-68.50680705, -31.03345814], [-68.50676731, -31.03507246]], [[-68.51070913, -31.04463901], [-68.51115647, -31.04524501], [-68.51070913, -31.04463902], [-68.51052293, -31.04417832], [-68.51070913, -31.04463901]], [[-68.51582802, -31.0619034], [-68.51606746, -31.062206445], [-68.51582801, -31.0619034], [-68.51522373, -31.06123369], [-68.51582802, -31.0619034]], [[-68.51428743, -31.10114079], [-68.51502657, -31.1021357], [-68.51428743, -31.1011408], [-68.51242929, -31.09965461], [-68.51428743, -31.10114079]], [[-68.53250788, -31.15177937], [-68.53094882, -31.15318972], [-68.53250787, -31.15177937], [-68.53223141, -31.15041646], [-68.53250788, -31.15177937]], [[-68.53660123, -31.16617987], [-68.5366012293756, -31.166179875503484], [-68.53636816, -31.16450146], [-68.53660123, -31.16617987]], [[-68.53805801, -31.17290444], [-68.5384392, -31.17433085], [-68.53805801, -31.17290445], [-68.53766287, -31.17219051], [-68.53805801, -31.17290444]], [[-68.53440658, -31.20955438], [-68.53421082, -31.20853338], [-68.53417124, -31.20832691], [-68.53440658, -31.20955438]], [[-68.53567835, -31.21128164], [-68.53504702, -31.2104242], [-68.53440658, -31.20955438], [-68.53567835, -31.21128164]], [[-68.53647255, -31.21411652], [-68.53660479, -31.21394662], [-68.5370956, -31.21331606], [-68.53647255, -31.21411652]], [[-68.53887438, -31.2230361], [-68.53886107, -31.22293115], [-68.53863179, -31.22112316], [-68.53887438, -31.2230361]], [[-68.5389228, -31.23468001], [-68.53862614, -31.2337485], [-68.53848858, -31.23331656], [-68.5389228, -31.23468001]], [[-68.54655071, -31.24408705], [-68.54629845, -31.24388994], [-68.54601734, -31.24367028], [-68.54655071, -31.24408705]], [[-68.54580638, -31.2482693], [-68.54609824, -31.24870325], [-68.54580637, -31.2482693], [-68.54565146, -31.24773662], [-68.54580638, -31.2482693]], [[-68.54754328, -31.24947497], [-68.54844497, -31.24971264], [-68.54754327, -31.24947497], [-68.54691636, -31.24914017], [-68.54609824, -31.24870325], [-68.54754328, -31.24947497]], [[-68.54767694, -31.2632747], [-68.54685704, -31.26248566], [-68.54664225, -31.26227895], [-68.54767694, -31.2632747]], [[-68.54809173, -31.27537981], [-68.54917526, -31.27717841], [-68.54809172, -31.27537981], [-68.54767927, -31.27379099], [-68.54809173, -31.27537981]], [[-68.55109958, -31.28910807], [-68.5514905, -31.28943444], [-68.55090468, -31.28894536], [-68.55109958, -31.28910807]], [[-68.55225171, -31.29725663], [-68.55413476, -31.29885956], [-68.55225171, -31.29725664], [-68.55175234, -31.29624476], [-68.55225171, -31.29725663]], [[-68.55885134, -31.31002341], [-68.55916156, -31.31107971], [-68.55885133, -31.31002341], [-68.55872528, -31.30966006], [-68.5581465, -31.3079917], [-68.55885134, -31.31002341]], [[-68.56146537, -31.31491167], [-68.56263828, -31.31798215], [-68.56146537, -31.31491168], [-68.56043639, -31.31253615], [-68.56146537, -31.31491167]], [[-68.59574503, -31.38565664], [-68.60145329, -31.40065692], [-68.59574503, -31.38565665], [-68.59203120305733, -31.37357825732869], [-68.59574503, -31.38565664]], [[-68.64209129739571, -31.50247326425238], [-68.64209129, -31.50247327], [-68.64206073, -31.50240581], [-68.64183385897552, -31.501905103070484], [-68.64209129739571, -31.50247326425238]], [[-69.16457864, -31.25251987], [-69.16583901, -31.25283393], [-69.16644819, -31.25299098], [-69.165839, -31.25283393], [-69.16457864, -31.25251987]], [[-69.08841328797475, -31.290403439414554], [-69.09021175, -31.29027141], [-69.08841329, -31.29040344], [-69.08841328797475, -31.290403439414554]], [[-69.06865109, -31.2957594], [-69.0695542, -31.29552441], [-69.07093518, -31.29525308], [-69.06955421, -31.29552441], [-69.06865109, -31.2957594]], [[-69.02333723, -31.33360979], [-69.02327023, -31.33284444], [-69.02345368, -31.33108567], [-69.02327024, -31.33284444], [-69.02333723, -31.33360979]], [[-69.00812375, -31.36276274], [-69.00952167, -31.36267696], [-69.00900315, -31.36270878], [-69.00812375, -31.36276274]], [[-69.00583532, -31.36737614], [-69.00547261, -31.36614505], [-69.00552588, -31.36632585], [-69.00583532, -31.36737614]], [[-69.00815635, -31.40557179], [-69.00844278, -31.40420087], [-69.00851885, -31.40237902], [-69.00844278, -31.40420088], [-69.00815635, -31.40557179]], [[-69.00322294, -31.43447799], [-69.00289946, -31.4336708], [-69.00266802, -31.43263812], [-69.00289946, -31.43367079], [-69.00322294, -31.43447799]], [[-68.99215839, -31.48375294], [-68.99253481, -31.48149372], [-68.99243673, -31.48208239], [-68.99215839, -31.48375294]], [[-68.99708532, -31.51740722], [-68.99749593, -31.51680296], [-68.99744884, -31.51687226], [-68.99708532, -31.51740722]], [[-68.99469531935588, -31.520022619618732], [-68.9953586, -31.51999559], [-68.99469532, -31.52002262], [-68.99469531935588, -31.520022619618732]], [[-68.9846303, -31.51976928], [-68.98477757, -31.52057198], [-68.98529338, -31.52105004], [-68.98477756, -31.52057198], [-68.9846303, -31.51976928]], [[-68.9771666, -31.51629589], [-68.97736651, -31.51676491], [-68.97729878, -31.51660601], [-68.9771666, -31.51629589]], [[-68.97536626, -31.51657514], [-68.97579806, -31.51597096], [-68.97551371, -31.51636883], [-68.97536626, -31.51657514]], [[-68.96694421, -31.51576154], [-68.96773393, -31.51536491], [-68.96729096, -31.51558739], [-68.96694421, -31.51576154]], [[-68.95337408, -31.51527932], [-68.95387945, -31.51521637], [-68.95376995, -31.51523001], [-68.95337408, -31.51527932]], [[-68.94297221, -31.51600563], [-68.94397235, -31.51600608], [-68.94367885, -31.51600595], [-68.94297221, -31.51600563]], [[-68.94003464, -31.51646425], [-68.94102449, -31.51611298], [-68.9405825, -31.51626983], [-68.94003464, -31.51646425]], [[-68.92769555, -31.51697195], [-68.92872738, -31.5168643], [-68.92962239, -31.51668442], [-68.92872738, -31.51686431], [-68.92769555, -31.51697195]], [[-68.8718703, -31.51369045], [-68.8724595, -31.51394356], [-68.87228182, -31.51386724], [-68.8718703, -31.51369045]], [[-68.86344844, -31.51354645], [-68.86453251, -31.513737], [-68.86545893, -31.51373798], [-68.8645325, -31.513737], [-68.86344844, -31.51354645]], [[-68.83805644, -31.51327332], [-68.83911921, -31.51357229], [-68.84042419, -31.51382645], [-68.8391192, -31.51357229], [-68.83805644, -31.51327332]], [[-68.83075599, -31.51597856], [-68.83085215, -31.51519404], [-68.83081547, -31.5154933], [-68.83075599, -31.51597856]], [[-68.78879367, -31.51059504], [-68.78984622, -31.51066892], [-68.78879366738435, -31.51059504051831], [-68.78879367, -31.51059504]], [[-68.77313331, -31.5088817], [-68.77392232, -31.50909955], [-68.77551094, -31.50949918], [-68.77392231, -31.50909955], [-68.77313331, -31.5088817]], [[-68.73136329, -31.50296112], [-68.73237098, -31.50303087], [-68.73136328668684, -31.502961120462842], [-68.73136329, -31.50296112]], [[-68.70994572, -31.49926173], [-68.71122297, -31.49980124], [-68.71204802, -31.50020444], [-68.71122296, -31.49980124], [-68.70994572, -31.49926173]], [[-68.68442613, -31.49598613], [-68.68589039, -31.49562446], [-68.68908796, -31.49548797], [-68.68589039, -31.49562447], [-68.68442613, -31.49598613]], [[-68.67018128, -31.48207469], [-68.67063418, -31.48272071], [-68.67040824, -31.48239844], [-68.67018128, -31.48207469]], [[-68.664334, -31.4765174], [-68.66524366, -31.47669114], [-68.6669974836011, -31.478098586021325], [-68.66524365, -31.47669114], [-68.664334, -31.4765174]], [[-68.64812509, -31.47613491], [-68.64808049, -31.47698667], [-68.64801255, -31.47828406], [-68.64812509, -31.47613491]], [[-68.64791854, -31.48251023], [-68.64789757, -31.48253573], [-68.64763196, -31.48285869], [-68.64791854, -31.48251023]], [[-68.64624701, -31.49080461], [-68.64658446, -31.49048249], [-68.64624701, -31.49080462], [-68.64568351, -31.49162379], [-68.64624701, -31.49080461]], [[-68.64566834, -31.49564882], [-68.64535235, -31.49662909], [-68.64529716, -31.4968003], [-68.64566834, -31.49564882]], [[-69.0630173, -30.39389211], [-69.0524288, -30.36296557], [-69.05623549, -30.37408402], [-69.0630173, -30.39389211]]]}}]}