{"type": "FeatureCollection", "crs": {"type": "name", "properties": {"name": "urn:ogc:def:crs:OGC:1.3:CRS84"}}, "features": [{"type": "Feature", "properties": {"name": "cataluna (43 comarcas, disuelto)", "source_study": "cataluna_comarques", "n_source_polygons": 43}, "geometry": {"type": "MultiPolygon", "coordinates": [[[[0.55234163, 40.57263644], [0.55238645, 40.57255416000001], [0.55230022, 40.57253134], [0.55234163, 40.57263644]]], [[[0.55113133, 40.57272319], [0.55118433, 40.57276638], [0.55118501, 40.57268279999999], [0.55113133, 40.57272319]]], [[[0.61690536, 40.57371295], [0.61713426, 40.57339105], [0.61692763, 40.57359135], [0.61690536, 40.57371295]]], [[[0.64414719, 40.57462053], [0.64474135, 40.57436242], [0.64482987, 40.57416596], [0.6441526, 40.57460776], [0.64414719, 40.57462053]]], [[[0.64610237, 40.57504548], [0.64614817, 40.57536998], [0.64676254, 40.57470413], [0.64673357, 40.574327459999985], [0.64644876, 40.57440129], [0.64610237, 40.57504548]]], [[[0.60218465, 40.57481273], [0.60205631, 40.57476782], [0.60193657, 40.57499782], [0.60218465, 40.57481273]]], [[[0.64347895, 40.57498972], [0.64356865, 40.5749248], [0.64353801, 40.574835090000015], [0.64347895, 40.57498972]]], [[[0.64418237, 40.57505199], [0.64439735, 40.57472616], [0.64397726, 40.57499556], [0.64390551, 40.57515516], [0.64418237, 40.57505199]]], [[[0.64388674, 40.57498984], [0.64379668, 40.57502791000001], [0.64382625, 40.5750776], [0.64388674, 40.57498984]]], [[[0.64414852, 40.57519173], [0.64418923, 40.57513582], [0.64416416, 40.57513674], [0.64414852, 40.57519173]]], [[[0.64168892, 40.57563091], [0.64228885, 40.57501406], [0.64175069, 40.57550345], [0.64168892, 40.57563091]]], [[[0.64123377, 40.57551011000001], [0.64127799, 40.57525617], [0.6408706, 40.57556762], [0.64086549, 40.57565228], [0.64123377, 40.57551011000001]]], [[[0.6128205, 40.575813649999986], [0.61281503, 40.5757448], [0.61275001, 40.57573932], [0.6128205, 40.575813649999986]]], [[[0.64159301, 40.57650468], [0.64143121, 40.5769602], [0.64285256, 40.57544524], [0.6428872, 40.57509456], [0.64159301, 40.57650468]]], [[[0.64006355, 40.5762521], [0.64026382, 40.57585094], [0.64000198, 40.57614146], [0.64006355, 40.5762521]]], [[[0.6408474, 40.57630128], [0.64118071, 40.57607479], [0.64127208, 40.57581293], [0.64107584, 40.57598968], [0.6408474, 40.57630128]]], [[[0.64185403, 40.57616662], [0.64204621, 40.57570667], [0.64179148, 40.57589996], [0.64128532, 40.57658738], [0.64185403, 40.57616662]]], [[[0.64475571, 40.57669057], [0.64485728, 40.57650934], [0.64487735, 40.57663108], [0.64528729, 40.57638164], [0.64545161, 40.57605513], [0.6453473, 40.57658032], [0.64570784, 40.57650651], [0.64585709, 40.5758383], [0.64554429, 40.57561555], [0.64455263, 40.57590952], [0.64393053, 40.57656276], [0.6449761, 40.575890499999986], [0.64438405, 40.57674803], [0.64475571, 40.57669057]]], [[[0.64274034, 40.57696256], [0.64357726, 40.57597202], [0.64257605, 40.57666852], [0.64252255, 40.57692054], [0.64274601, 40.57677377], [0.64274034, 40.57696256]]], [[[0.61453549, 40.5768494], [0.61490155, 40.5770436], [0.61512023, 40.57681049], [0.61506285, 40.57662996], [0.61466038, 40.57665273], [0.61453549, 40.5768494]]], [[[0.61573078, 40.576463969999985], [0.61527556, 40.57639529], [0.61522941, 40.57690958], [0.61496215, 40.57734291], [0.61591517, 40.57725261], [0.61627273, 40.57663513], [0.61591779, 40.57674319], [0.61573078, 40.576463969999985]]], [[[0.64211183, 40.57700329], [0.64214498, 40.57663188], [0.64183991, 40.57692174000001], [0.64182865, 40.57718654], [0.64211183, 40.57700329]]], [[[0.64870838, 40.57684662], [0.64848278, 40.57669358], [0.64802329, 40.57732602], [0.6483638, 40.57703823], [0.64862696, 40.57708331], [0.64870838, 40.57684662]]], [[[0.6398266, 40.57728919], [0.64023726, 40.57676784], [0.6398301, 40.57709897999999], [0.6398266, 40.57728919]]], [[[0.64394632, 40.57615323], [0.64343753, 40.57640858], [0.64328307, 40.57688446], [0.64195383, 40.57854158], [0.64253364, 40.57808466], [0.64394632, 40.57615323]]], [[[0.61611834, 40.57759919], [0.61636344, 40.57769352], [0.61622628, 40.57714131], [0.61611834, 40.57759919]]], [[[0.63312525, 40.57763545000001], [0.63303447, 40.57766709], [0.63299038, 40.57780859999998], [0.63312525, 40.57763545000001]]], [[[0.64925323, 40.57772012], [0.64923006, 40.5775621], [0.64872968, 40.577907899999985], [0.64872844, 40.57796705], [0.64925323, 40.57772012]]], [[[0.63301711, 40.57799876], [0.63325555, 40.57775305], [0.6332422, 40.57775305], [0.63301711, 40.57799876]]], [[[0.63208476, 40.57796541], [0.63205453, 40.57800857], [0.63218695, 40.57804226999998], [0.63208476, 40.57796541]]], [[[0.64358605, 40.57853455], [0.64356473, 40.57867779], [0.64363379, 40.57859461], [0.64403601, 40.57822909], [0.64358605, 40.57853455]]], [[[0.6464849, 40.5788558], [0.64690151, 40.57834563], [0.64687715, 40.57813381], [0.6467197, 40.57828426], [0.6464849, 40.5788558]]], [[[0.64409626, 40.57844382], [0.64337991, 40.57919441], [0.64353884, 40.57918953], [0.64409626, 40.57844382]]], [[[0.64880332, 40.57860831], [0.64876008, 40.57844418], [0.64831653, 40.578886549999986], [0.64816513, 40.57925859], [0.64880332, 40.57860831]]], [[[0.64657513, 40.57839843], [0.6455713, 40.5786075], [0.64535379, 40.57888417], [0.64541373, 40.579320739999986], [0.64576721, 40.57927003000001], [0.64657513, 40.57839843]]], [[[0.63889276, 40.57939402], [0.63891846, 40.57906964], [0.6387805, 40.579209859999985], [0.63889276, 40.57939402]]], [[[0.63444719, 40.57766946999999], [0.63381036, 40.57831155], [0.63344892, 40.57983095], [0.63369161, 40.58000787999999], [0.63408079, 40.57984949], [0.63453123, 40.5810607], [0.63529327, 40.58133852999999], [0.63588429, 40.58118579], [0.63604842, 40.58081263], [0.63596208, 40.58049325], [0.63555391, 40.58014098], [0.6353287, 40.57928658], [0.63509654, 40.57908582000001], [0.63429235, 40.57905952], [0.63418007, 40.5789267], [0.63432444, 40.57842054], [0.63447119, 40.57838959], [0.63453127, 40.57870979], [0.63519207, 40.57873503], [0.63555259, 40.57830023], [0.63584344, 40.57757926], [0.63500941, 40.57737095], [0.63444719, 40.57766946999999]]], [[[0.63714391, 40.57972008], [0.63742838, 40.57944838], [0.63735751, 40.57932378999999], [0.63707358, 40.57962028], [0.63714391, 40.57972008]]], [[[0.64843314, 40.57911565], [0.648026, 40.57990877], [0.64805562, 40.58018203000001], [0.64908237, 40.5789488], [0.64894892, 40.57887312], [0.64843314, 40.57911565]]], [[[0.64977455, 40.579424629999984], [0.64968958, 40.57945227], [0.64961504, 40.57971864], [0.64977455, 40.579424629999984]]], [[[0.64933688, 40.57951786999999], [0.6492299, 40.5790508], [0.64897128, 40.57917597], [0.64847587, 40.5800372], [0.64846065, 40.58026594999998], [0.64894103, 40.58006973], [0.64933688, 40.57951786999999]]], [[[0.6382866, 40.57937658], [0.63810058, 40.57927099], [0.63778806, 40.58004772], [0.6378361, 40.58014635], [0.6382175, 40.58010497], [0.63846803, 40.5798577], [0.6382866, 40.57937658]]], [[[0.64290703, 40.57976071], [0.64295565, 40.57963946999999], [0.6427323, 40.57979208], [0.64269894, 40.57983652], [0.64290703, 40.57976071]]], [[[0.65518402, 40.58045467], [0.65537209, 40.58052254], [0.65608352, 40.5795727], [0.65588622, 40.57897752], [0.65549342, 40.57863221], [0.65453142, 40.57919979], [0.6541167, 40.57964734], [0.654024, 40.58014979], [0.65369246, 40.58039762], [0.6532216, 40.58136556], [0.65447309, 40.58090944], [0.65518402, 40.58045467]]], [[[0.64935139, 40.58004133], [0.64940608, 40.57977177], [0.64901757, 40.58018839], [0.64902427, 40.58028725], [0.64935139, 40.58004133]]], [[[0.63673093, 40.58008455], [0.63659476, 40.580173729999984], [0.63662173, 40.58036397999999], [0.63673093, 40.58008455]]], [[[0.63795369, 40.58024910000001], [0.63777431, 40.58037775], [0.63792001, 40.58041064], [0.63799627, 40.58025772], [0.63795369, 40.58024910000001]]], [[[0.6392424, 40.58015124], [0.63915952, 40.58020332], [0.63901041, 40.58053644], [0.6392424, 40.58015124]]], [[[0.64307374, 40.58005684], [0.64277526, 40.58009885], [0.64287177, 40.57992048], [0.64242194, 40.58045086], [0.6423631, 40.58078403], [0.64307374, 40.58005684]]], [[[0.63846176, 40.58066394], [0.63884495, 40.58024932], [0.63840245, 40.580556350000016], [0.63846176, 40.58066394]]], [[[0.6448095, 40.58038285], [0.64474251, 40.58069946], [0.64496557, 40.58043675], [0.6448095, 40.58038285]]], [[[0.64501371, 40.58086254], [0.64474148, 40.58090058], [0.6445835, 40.58110994], [0.64459873, 40.5811978], [0.64501371, 40.58086254]]], [[[0.63814772, 40.58096324], [0.63786431, 40.58106995], [0.63786217, 40.58121826], [0.63820361, 40.58098636], [0.63814772, 40.58096324]]], [[[0.63176911, 40.58117261], [0.63168164, 40.58089915], [0.63055547, 40.58045169], [0.63001347, 40.58056118], [0.62976824, 40.58122929], [0.62984906, 40.58148325], [0.63023727, 40.581751], [0.63055191, 40.58154965], [0.63126681, 40.58163972], [0.63176911, 40.58117261]]], [[[0.63478699, 40.58142004], [0.63447768, 40.58117878], [0.63412284, 40.58130113], [0.63427637, 40.58153712], [0.63478699, 40.58142004]]], [[[0.63883147, 40.58127709], [0.63862228, 40.58157817], [0.63888079, 40.58156788], [0.63883147, 40.58127709]]], [[[0.65254824, 40.58106651], [0.65178052, 40.58147588], [0.65143944, 40.58189447], [0.6527977, 40.58150747], [0.65297024, 40.58107374000002], [0.65254824, 40.58106651]]], [[[0.63349869, 40.58185042], [0.63384036, 40.58137460999998], [0.63337003, 40.5811704], [0.63290043, 40.58132706], [0.63349869, 40.58185042]]], [[[0.64121841, 40.58174888], [0.64185358, 40.58129681], [0.64137377, 40.58152425], [0.64121841, 40.58174888]]], [[[0.63806981, 40.58180192], [0.63841529, 40.58171293], [0.63857737, 40.58133603], [0.63814391, 40.581672969999985], [0.63806981, 40.58180192]]], [[[0.63698896, 40.58168501], [0.63696779, 40.58128274], [0.63666515, 40.58162712], [0.63677909, 40.58193129], [0.63698896, 40.58168501]]], [[[0.63224682, 40.58114422], [0.63174117, 40.58141183], [0.63117185, 40.58205419], [0.6313034, 40.58215976], [0.63307309, 40.58202932], [0.63301332, 40.58184128], [0.63264296, 40.58169326], [0.63224682, 40.58114422]]], [[[0.63374463, 40.58193527], [0.63408028, 40.58168732], [0.63402362, 40.58145124], [0.63375416, 40.581779], [0.63374463, 40.58193527]]], [[[0.65179982, 40.58189324], [0.65164214, 40.58199002], [0.65177764, 40.58199368], [0.65190379, 40.58188329], [0.65179982, 40.58189324]]], [[[0.63915338, 40.58200024], [0.63918971, 40.58177011], [0.63899762, 40.58176627000001], [0.6386275, 40.58214557], [0.63915338, 40.58200024]]], [[[0.63409337, 40.58235820999999], [0.63485911, 40.5816295], [0.63439859, 40.581669609999985], [0.63410359, 40.58217223], [0.63409337, 40.58235820999999]]], [[[0.63588467, 40.58208711], [0.63594123, 40.58149430000001], [0.63478789, 40.5818872], [0.63448273, 40.58246344], [0.6349818, 40.58252639], [0.63588467, 40.58208711]]], [[[0.64593558, 40.58208485], [0.64614075, 40.58201004], [0.64595094, 40.58204817], [0.64593558, 40.58208485]]], [[[0.64161978, 40.58251521], [0.6421728, 40.58197014999999], [0.64225335, 40.58163797], [0.64147513, 40.58256933], [0.64185365, 40.58248652999998], [0.64198962, 40.58218377], [0.64187188, 40.58240736], [0.64161978, 40.58251521]]], [[[0.64517217, 40.58226935], [0.64541489, 40.58218107], [0.6456696, 40.5820697], [0.64517217, 40.58226935]]], [[[0.65216777, 40.58240885], [0.65257496, 40.58208276], [0.65190607, 40.58233795], [0.6517901, 40.58245152], [0.65216777, 40.58240885]]], [[[0.65374866, 40.58312909], [0.6534667, 40.58335729], [0.65458288, 40.58363336], [0.65544077, 40.58218216], [0.6558053, 40.58121997], [0.65557445, 40.5813586], [0.65508773, 40.58234144999999], [0.65456038, 40.58269501], [0.65437781, 40.58320628], [0.65421059, 40.58270403], [0.65393854, 40.58299351], [0.65413107, 40.58319099], [0.65393768, 40.58325814], [0.65374866, 40.58312909]]], [[[0.64228587, 40.582673429999986], [0.64250935, 40.58230813], [0.64239946, 40.58247309], [0.64203585, 40.58279804], [0.64228587, 40.582673429999986]]], [[[0.64564111, 40.58283775], [0.64504578, 40.58297892], [0.64521391, 40.58241667], [0.64503067, 40.58248995], [0.64490719, 40.58311067000002], [0.64520419, 40.58331292], [0.64636666, 40.58263546], [0.64571832, 40.58269188], [0.64564111, 40.58283775]]], [[[0.64927623, 40.5832869], [0.64927968, 40.58343785], [0.65002125, 40.58309832], [0.64972791, 40.58305055], [0.64975386, 40.58286948], [0.64952927, 40.58292346000001], [0.64927623, 40.5832869]]], [[[0.64671223, 40.58335971000001], [0.64656576, 40.58324456], [0.64667886, 40.58310887], [0.64649229, 40.58313624], [0.64639428, 40.58336408], [0.64671223, 40.58335971000001]]], [[[0.64328872, 40.58376645], [0.6436796, 40.58366643999999], [0.64382373, 40.583317], [0.64334851, 40.58340907999999], [0.64336223, 40.58361095], [0.64322261, 40.58341769], [0.64305736, 40.58343719], [0.64330348, 40.58281366], [0.64287785, 40.58327643], [0.64300793, 40.58349491], [0.64266904, 40.58354005999998], [0.64328872, 40.58376645]]], [[[0.64583693, 40.583870889999986], [0.64623308, 40.5832004], [0.64593697, 40.58345694], [0.64583693, 40.583870889999986]]], [[[0.64730358, 40.58382114], [0.64740138, 40.58367491], [0.6473598, 40.58366664], [0.64730358, 40.58382114]]], [[[0.64496955, 40.58391174], [0.64464668, 40.58396513999999], [0.64441105, 40.58366099], [0.64408663, 40.583879], [0.6444887, 40.58418116999999], [0.64506319, 40.58406173], [0.6453304, 40.58384758], [0.64536083, 40.58353842], [0.64496955, 40.58391174]]], [[[0.64724042, 40.58406577], [0.64762965, 40.58366313], [0.64746568, 40.58376040000001], [0.64724042, 40.58406577]]], [[[0.64704672, 40.58379438], [0.64682109, 40.58383716], [0.64706323, 40.58405126], [0.64704672, 40.58379438]]], [[[0.64778894, 40.58404344], [0.64759544, 40.5841302], [0.64755332, 40.58397322], [0.64708119, 40.58443562], [0.64769769, 40.58483317000001], [0.64810078, 40.58475338], [0.64847836, 40.58426553], [0.6478894, 40.58329406], [0.64778894, 40.58404344]]], [[[0.64683667, 40.58408015], [0.64643887, 40.5844273], [0.64608531, 40.58422301], [0.64659902, 40.5840943], [0.64603465, 40.58415829], [0.64622926, 40.58397938], [0.64591534, 40.58411730000001], [0.6460466, 40.58455541], [0.64626125, 40.584666259999985], [0.64680413, 40.5843854], [0.64683667, 40.58408015]]], [[[0.65248174, 40.58420047], [0.65232234, 40.58426191], [0.65235488, 40.5844765], [0.65241189, 40.5845018], [0.65248174, 40.58420047]]], [[[0.65189048, 40.58485349], [0.6515976, 40.58489707], [0.65192089, 40.58440651], [0.65168666, 40.58465126], [0.65151263, 40.5846207], [0.6518764, 40.58407079], [0.6516628, 40.5842494], [0.65125141, 40.58420193], [0.65058641, 40.58479417], [0.65043259, 40.58475672], [0.65047121, 40.58443999], [0.6501852, 40.58472592], [0.6498965, 40.58461960999998], [0.64972678, 40.58471236], [0.64937937, 40.58463935], [0.64919986, 40.58427971], [0.64900776, 40.58431985], [0.64904326, 40.58483104], [0.64982601, 40.585185029999984], [0.65052742, 40.58510212], [0.65136474, 40.58529489], [0.65177234, 40.58514357], [0.65226233, 40.58526451], [0.65340646, 40.58494493], [0.65408052, 40.58453905], [0.65463835, 40.58407109], [0.65465249, 40.58376133], [0.65349843, 40.58351755000001], [0.65328954, 40.58381497], [0.65289506, 40.58389208], [0.65315916, 40.58428964], [0.65280051, 40.58469373], [0.65196913, 40.58495940000001], [0.65189048, 40.58485349]]], [[[0.5626516, 40.586662709999985], [0.56264372, 40.58668119], [0.56268812, 40.58666897], [0.5626516, 40.586662709999985]]], [[[0.7165922, 40.60328511], [0.71707577, 40.60320315], [0.71723903, 40.60276272], [0.71657029, 40.602655529999986], [0.7162236, 40.60277901], [0.71673246, 40.60300781], [0.7165922, 40.60328511]]], [[[0.70761328, 40.6356127], [0.70767731, 40.63527386], [0.7073874, 40.63520874999998], [0.70726265, 40.63534058], [0.70761328, 40.6356127]]], [[[0.74026659, 40.6374205], [0.74009079, 40.6372832], [0.73905884, 40.63742774], [0.73900024, 40.63783618], [0.73920317, 40.63825604], [0.74026659, 40.6374205]]], [[[0.73460951, 40.63866653], [0.73452882, 40.63867495], [0.73458952, 40.63876126000001], [0.73460951, 40.63866653]]], [[[0.87395919, 40.71747076], [0.87427333, 40.71743602], [0.87388838, 40.71735163], [0.87427993, 40.71734056], [0.87382279, 40.71729251], [0.87380008, 40.71714997], [0.87405112, 40.71708409], [0.87363498, 40.7169895], [0.87333526, 40.71647394999999], [0.87241267, 40.71378835], [0.87202931, 40.71138806], [0.87146862, 40.70958490000001], [0.86992673, 40.70648536], [0.86951473, 40.70481394], [0.86880755, 40.70394995], [0.86756371, 40.70144393], [0.86701475, 40.69969644], [0.86500985, 40.69530324], [0.86372886, 40.69327946], [0.86146621, 40.69036762], [0.8597455, 40.68869425], [0.85503316, 40.68491658], [0.85298041, 40.68346147], [0.84559211, 40.67903435], [0.83897818, 40.675555], [0.83669544, 40.674656519999985], [0.8345565, 40.67356537], [0.82984339, 40.67183484], [0.82869066, 40.6712048], [0.82711517, 40.67067370999999], [0.82616653, 40.67013448], [0.81651589, 40.66606229], [0.80807595, 40.66292407], [0.80075879, 40.6595841], [0.79626152, 40.65787938], [0.7950365, 40.65717028000001], [0.79291714, 40.65636474], [0.79135334, 40.65549117], [0.79055385, 40.65521786], [0.78523168, 40.65247718], [0.78276248, 40.65143713], [0.76697425, 40.64531302000001], [0.76669656, 40.6450238], [0.76322339, 40.64362909], [0.76058534, 40.64234549], [0.75672646, 40.640172], [0.75363048, 40.63820408], [0.75121197, 40.63635771], [0.74832425, 40.63367903999998], [0.74524031, 40.63112399], [0.74318087, 40.62871984], [0.74106344, 40.62681573], [0.73975912, 40.625109], [0.73624506, 40.62119708], [0.73436395, 40.61944128], [0.73353839, 40.61836018], [0.73120005, 40.61597396], [0.72979241, 40.61482084], [0.72282697, 40.60750551], [0.71961557, 40.60393892], [0.71611375, 40.59960591], [0.71441905, 40.59710644], [0.71389355, 40.5966967], [0.71296742, 40.5951414], [0.71255524, 40.59481662], [0.70825636, 40.5889196], [0.70470536, 40.58444499], [0.70129351, 40.58078083], [0.69627743, 40.57621327], [0.69187984, 40.57252041], [0.68755862, 40.56941673], [0.68293206, 40.56641028], [0.67903138, 40.56418079], [0.67564097, 40.56256529], [0.66436288, 40.55832939], [0.65357906, 40.55499255], [0.65075952, 40.554259059999985], [0.64108319, 40.55247868], [0.63612768, 40.55188245], [0.63032617, 40.550955760000015], [0.62238989, 40.550808199999985], [0.62183728, 40.551050670000016], [0.62054119, 40.55107383], [0.62045763, 40.55128441], [0.61877102, 40.55166501], [0.61500455, 40.55228489999998], [0.61484371, 40.55250174], [0.61506223, 40.55247972], [0.61511954, 40.55260348], [0.61483429, 40.55291417], [0.61298188, 40.55342409], [0.60904335, 40.55482849], [0.60641717, 40.55620139], [0.60419177, 40.55767308], [0.60332683, 40.55833309], [0.6034075, 40.55842408], [0.60418284, 40.55775662], [0.60505332, 40.5572935], [0.6016949, 40.56036073], [0.60048506, 40.56116306], [0.60052695, 40.56143639], [0.60007776, 40.56196631], [0.59623532, 40.56580085], [0.59506746, 40.56749581], [0.59466991, 40.56864688], [0.59368521, 40.57043153], [0.59318266, 40.57267193], [0.59265259, 40.57405319], [0.59183878, 40.5754465], [0.59147394, 40.57698760000001], [0.59157153, 40.57842263], [0.59194507, 40.57967063], [0.59257557, 40.58027377], [0.59287259, 40.58004612], [0.59471816, 40.57940742], [0.59771886, 40.57717932], [0.59848381, 40.57684448], [0.59995744, 40.57670891], [0.60052318, 40.57603482], [0.60015054, 40.57594382], [0.59985217, 40.57632212], [0.59938506, 40.57626058], [0.59853345, 40.57648319], [0.59926775, 40.57622937], [0.59971188, 40.57628064], [0.6001232, 40.57584172], [0.60150406, 40.57550128], [0.60186678, 40.57459373], [0.60171521, 40.57423685], [0.60147116, 40.57411108], [0.60150988, 40.573953070000016], [0.60174181, 40.57417336], [0.60188962, 40.57394457], [0.6019031, 40.57437064], [0.602295, 40.57473269], [0.60254818, 40.57458338], [0.60245918, 40.5749485], [0.60271034, 40.57476618], [0.60303745, 40.57466037], [0.60257127, 40.57495543], [0.6026167, 40.57506932], [0.6019417, 40.57540643], [0.60379485, 40.57622073], [0.60409749, 40.57619477], [0.603925, 40.57657888], [0.60428519, 40.57641025], [0.60443077, 40.5759955], [0.60452919, 40.57642531], [0.60465916, 40.57617976], [0.60526443, 40.57609845], [0.60467242, 40.57669554000001], [0.60510622, 40.5766223], [0.60503226, 40.57682452], [0.60524998, 40.57685768], [0.60539251, 40.5772005], [0.60591073, 40.57744689], [0.6070232, 40.57756714], [0.60835426, 40.57733145000001], [0.60725123, 40.57699934], [0.60709489, 40.57673551], [0.60716333, 40.57636986], [0.60779109, 40.57601878], [0.60785823, 40.57573589], [0.60780354, 40.57619298], [0.60842108, 40.57603904], [0.60786971, 40.576295409999986], [0.60772116, 40.57658536], [0.60862456, 40.57725118], [0.60886633, 40.577339059999986], [0.60906135, 40.57716385], [0.60895589, 40.57747459], [0.60911627, 40.57738639], [0.61015181, 40.57800162], [0.6113993, 40.57812886], [0.61174324, 40.57788529], [0.6120328, 40.57729407], [0.6116823, 40.57645388], [0.61197781, 40.57596421], [0.61223394, 40.57606679], [0.61234395, 40.57584], [0.61315436, 40.57563030999999], [0.61326558, 40.57606741], [0.61439752, 40.57659992], [0.61513093, 40.57626314], [0.61517048, 40.57603786], [0.61594956, 40.57621123], [0.61622324, 40.57608933], [0.61640836, 40.57568987], [0.6163423, 40.57520813], [0.61621575, 40.57512256], [0.61596372, 40.5755663], [0.6158152, 40.57518455], [0.6166089, 40.57344551], [0.61702919, 40.57320621], [0.61714002, 40.57258309], [0.61761634, 40.572655609999984], [0.61808363, 40.572416639999986], [0.61846808, 40.57196536], [0.61834159, 40.57246745], [0.61774956, 40.57302939], [0.61748629, 40.57392365], [0.61710772, 40.57414201999998], [0.61678938, 40.57463736], [0.61678781, 40.57521057], [0.61720593, 40.57550862], [0.61684337, 40.57633768], [0.616759, 40.57728976], [0.61691069, 40.57758907], [0.61721838, 40.57767405], [0.61661708, 40.57794962], [0.61648884, 40.57861003], [0.61603364, 40.57923909], [0.61611423, 40.57909862], [0.61585594, 40.57912301], [0.61569829, 40.57879539], [0.61570241, 40.57860955], [0.61596986, 40.5784369], [0.61571486, 40.57815916], [0.61620807, 40.57793667], [0.615928, 40.57782595], [0.61551302, 40.57794141], [0.61526308, 40.57894133], [0.61589874, 40.57982379], [0.61586163, 40.58034312999999], [0.61621375, 40.58040138], [0.61692476, 40.5800943], [0.61631239, 40.58057781], [0.61634237, 40.580744979999984], [0.61654439, 40.58079509], [0.6173661, 40.58046489], [0.61673533, 40.58086109], [0.61673248, 40.58102759], [0.61790571, 40.58079949], [0.61669368, 40.58121207], [0.61659692, 40.5819106], [0.61665449, 40.58238559], [0.61737238, 40.58252427], [0.61690945, 40.58294429], [0.61704452, 40.58346583], [0.61730877, 40.58351389], [0.61769592, 40.58332137], [0.61702139, 40.58387448], [0.61762493, 40.58403962], [0.61781461, 40.58392499], [0.61768341, 40.58412306], [0.61809227, 40.58409772], [0.61797424, 40.58414438], [0.61824345, 40.58423569], [0.61740782, 40.58412837], [0.61770898, 40.58460091], [0.61732322, 40.58427813], [0.61733586, 40.58407527], [0.61706091, 40.58415562], [0.61675612, 40.58458043], [0.61654688, 40.585448509999985], [0.61674784, 40.58564524], [0.61728218, 40.58578328], [0.61802917, 40.58575572], [0.61899313, 40.58540386], [0.6200002, 40.58467212999999], [0.62018135, 40.58434825000001], [0.62051301, 40.58439436], [0.62075761, 40.58405369], [0.6210295, 40.58397273], [0.62094802, 40.58364182], [0.62111934, 40.5835949], [0.62125286, 40.58377123], [0.62122881, 40.58345304], [0.62147854, 40.58352051], [0.62152487, 40.58371683999999], [0.62179854, 40.58353242], [0.62194155, 40.583811], [0.62238142, 40.58382411], [0.62485327, 40.58315447], [0.62722662, 40.58225161], [0.62782629, 40.58212242], [0.62895686, 40.58214123], [0.62967687, 40.58188263], [0.62970096, 40.58176278], [0.62918362, 40.58149121000001], [0.62935646, 40.5814145], [0.62962842, 40.58154862], [0.62988994, 40.58054315], [0.63037332, 40.58022347999999], [0.63109949, 40.58014451999998], [0.63121198, 40.58001991], [0.63105936, 40.579734930000015], [0.63144233, 40.57893281], [0.63120959, 40.57876545], [0.63119334, 40.57888789], [0.63028032, 40.57900598], [0.6305264, 40.57840058], [0.63116247, 40.57795172], [0.63142392, 40.57807193], [0.63170115, 40.57800582], [0.63201204, 40.5774884], [0.63250367, 40.57713484], [0.63220837, 40.57772303], [0.63224245, 40.57787884], [0.63240576, 40.57787111], [0.63334111, 40.57721282], [0.6338862, 40.57636114000001], [0.63405822, 40.57658202], [0.63457337, 40.57624452], [0.63496194, 40.57632103], [0.63535573, 40.57591375], [0.63684816, 40.57585909], [0.63847639, 40.57531861], [0.63956629, 40.57512697], [0.6399864, 40.57488775], [0.64151438, 40.57453633], [0.64192228, 40.57456368], [0.64275393, 40.57379699], [0.64277666, 40.57400363], [0.6423071, 40.57440362], [0.64250057, 40.57448531], [0.64303965, 40.57407692], [0.64313627, 40.57431678], [0.64339129, 40.57416524], [0.64320595, 40.5741513], [0.64327132, 40.57401913000001], [0.64362474, 40.57387862], [0.64336832, 40.57463805], [0.64388251, 40.57445407], [0.64425257, 40.5739807], [0.64429916, 40.57415433], [0.64476173, 40.57386921], [0.64514594, 40.5739283], [0.64569431, 40.57373267], [0.64606085, 40.57384121], [0.64533188, 40.57457831], [0.64479475, 40.57462149], [0.64438323, 40.57525291], [0.64481684, 40.57539273], [0.64550949, 40.57518301000001], [0.6454361, 40.57536906], [0.64577521, 40.57513132], [0.64602616, 40.574338630000014], [0.64689079, 40.57343791], [0.6472418, 40.5733186], [0.64693015, 40.57371381], [0.64698546, 40.57394563], [0.64759072, 40.57361296], [0.64765096, 40.57380867], [0.64790543, 40.57379133], [0.64820306, 40.57319973], [0.64753551, 40.57316587], [0.64837014, 40.57250710999999], [0.64846977, 40.57283954], [0.64874533, 40.57266176], [0.6489449, 40.57301784], [0.64828087, 40.57400994], [0.64774295, 40.57413005], [0.64758727, 40.57400131], [0.64733678, 40.57413105], [0.64712076, 40.57474989], [0.64741016, 40.57496972], [0.64705813, 40.575387439999986], [0.64816037, 40.57430699], [0.64816696, 40.57443234], [0.64846949, 40.57438887], [0.64806178, 40.57497984], [0.64892217, 40.57461823], [0.64878898, 40.57379321], [0.64971584, 40.57277763], [0.64928827, 40.57452345], [0.64953775, 40.5746622], [0.64926433, 40.57512279], [0.64905101, 40.5751488], [0.64860766, 40.57565817], [0.64849626, 40.57558383], [0.64909853, 40.57471641], [0.64824746, 40.57510532], [0.64772631, 40.57563976], [0.64749481, 40.57533878], [0.64690952, 40.57580201], [0.64672596, 40.57559244], [0.64627199, 40.57571326], [0.64596495, 40.57600651], [0.64588847, 40.57682636], [0.64616569, 40.57684454], [0.6467558, 40.5761128], [0.64689337, 40.57646501], [0.6472917, 40.57611849], [0.6473833, 40.57626186999999], [0.64767851, 40.57602972], [0.64779582, 40.57630262], [0.64813697, 40.57615166], [0.64862543, 40.57642571], [0.64885351, 40.57627489], [0.6489163, 40.57647216999999], [0.64912725, 40.57648331], [0.64887111, 40.5766932], [0.64896572, 40.57696356], [0.64938007, 40.57723547], [0.65010592, 40.577265289999985], [0.65047232, 40.57764179], [0.65086158, 40.57773619], [0.6499891, 40.57826016], [0.65003181, 40.57863296], [0.65034427, 40.57842763], [0.64994564, 40.57925174], [0.64981941, 40.58015769], [0.64941944, 40.58074972999999], [0.64956609, 40.58098143], [0.64993348, 40.58112095], [0.65054281, 40.58106841], [0.6513311, 40.58063533], [0.65211434, 40.58054199], [0.65274744, 40.58027914], [0.65338589, 40.57926533], [0.65346345, 40.57879724], [0.65370916, 40.57880107], [0.65396154, 40.57859406], [0.65396963, 40.57814609], [0.65373293, 40.57787105], [0.65455429, 40.57790972], [0.65422517, 40.57846043], [0.65458833, 40.57887631], [0.65493374, 40.5785422], [0.6553832, 40.57849656], [0.65577137, 40.5782271], [0.65638381, 40.57828088], [0.65689532, 40.57812272], [0.65711935, 40.57825689], [0.6562719, 40.58227056], [0.65567457, 40.58262189], [0.65522753, 40.58360528], [0.65544481, 40.58424087], [0.65535741, 40.58455103], [0.65569848, 40.58471775000001], [0.65561023, 40.58504546], [0.6552039, 40.58510657], [0.65527807, 40.58492837], [0.65485906, 40.58475736], [0.65484547, 40.58455099], [0.65437702, 40.58495304], [0.6541882, 40.58540616], [0.65475201, 40.58614013], [0.6551082, 40.58731791000001], [0.65624921, 40.58884032999999], [0.65784741, 40.59010943], [0.65892827, 40.59072748], [0.65900294, 40.59093095], [0.66028221, 40.59150185], [0.66166927, 40.59137439], [0.6641535, 40.59152052], [0.66452704, 40.59128532], [0.66481492, 40.59128754], [0.66549157, 40.59150678000001], [0.66563425, 40.59176990000001], [0.66814121, 40.59179651], [0.67166618, 40.59265952], [0.67247379, 40.59299793], [0.67285671, 40.59293827], [0.67339805, 40.5925523], [0.67373069, 40.59262043], [0.67426119, 40.59206985], [0.67546559, 40.59159688], [0.67744669, 40.59115691], [0.67943495, 40.59108988], [0.68041226, 40.5907312], [0.68107362, 40.59017672], [0.68312461, 40.58986966], [0.68352992, 40.58948578], [0.68353033, 40.58908719], [0.68378525, 40.58901718], [0.68478398, 40.58926872], [0.6865303, 40.58935363], [0.6867914, 40.58945347], [0.68678364, 40.58961308], [0.68723517, 40.58957505], [0.68774707, 40.58983415], [0.69160618, 40.58911115], [0.69171914, 40.58889531], [0.69477709, 40.58948976000001], [0.6952835, 40.58934926], [0.69639422, 40.58951339], [0.69686323, 40.58938493], [0.69724832, 40.58895437999998], [0.69751422, 40.58890834], [0.69848156, 40.58921543000001], [0.69873299, 40.58988755], [0.70178982, 40.58973037], [0.70197669, 40.58986872], [0.70244538, 40.58971239], [0.70361146, 40.58969734], [0.70637564, 40.59145449], [0.70709323, 40.5908912], [0.70713572, 40.59118834], [0.70681191, 40.59123558999999], [0.70757918, 40.59145751], [0.70771432, 40.59120945], [0.70746032, 40.59130385], [0.70723258, 40.59079719], [0.7075786, 40.59060877], [0.70799664, 40.5913103], [0.70838638, 40.59144673999999], [0.70874019, 40.59122493000001], [0.70888085, 40.59173403000001], [0.70986639, 40.59218052], [0.70972537, 40.59248409], [0.70936877, 40.59259072], [0.70953251, 40.59282041], [0.7091819, 40.5928828], [0.70951393, 40.59316126], [0.70936119, 40.59353358], [0.70896739, 40.59369395], [0.70937805, 40.59398182], [0.70830233, 40.59403378], [0.70917605, 40.59444736999998], [0.70996425, 40.59505058], [0.71108838, 40.59549989], [0.71128496, 40.59601338], [0.71193803, 40.59578634], [0.71209365, 40.59585081999998], [0.71302705, 40.59707577], [0.71242704, 40.59688633], [0.71166624, 40.59693035], [0.71320368, 40.59762867], [0.71326784, 40.59795862], [0.71284649, 40.5983874], [0.71391971, 40.59807591], [0.71469355, 40.59910538], [0.71356854, 40.59932672], [0.71465205, 40.60019486], [0.71440179, 40.60064676], [0.71496103, 40.60059342], [0.71535063, 40.60032754], [0.71560014, 40.60041926], [0.71584405, 40.60099329], [0.71610848, 40.60106346], [0.71726031, 40.60231024], [0.72057854, 40.60646307999998], [0.71989437, 40.60661365], [0.719445, 40.6064898], [0.71937533, 40.60659456], [0.72039379, 40.60742991], [0.72013117, 40.60693239], [0.72047102, 40.60690302], [0.72049999, 40.60724806000001], [0.72111434, 40.6073106], [0.7204103, 40.60750002], [0.72067258, 40.60778302], [0.72111286, 40.60769245], [0.72135693, 40.60738965], [0.72174276, 40.60756242], [0.72249533, 40.60852424], [0.72304613, 40.60889521], [0.72306825, 40.60924649], [0.72275352, 40.60936487], [0.72240237, 40.60933888000001], [0.72200291, 40.60903713], [0.72183813, 40.60908543], [0.72319293, 40.61030214], [0.72362476, 40.61036104], [0.72352228, 40.61059127], [0.7230645, 40.6105079], [0.72311081, 40.61034613000001], [0.72294727, 40.61052866], [0.72329411, 40.61116688], [0.7236286, 40.61131017], [0.72353372, 40.61115258], [0.7243905, 40.61080528999999], [0.72521711, 40.61153582], [0.72515101, 40.61182081], [0.72594777, 40.61253453], [0.72561925, 40.61245112], [0.72567777, 40.61230901], [0.72541644, 40.61246574], [0.72554064, 40.61242383], [0.72700563, 40.61365574], [0.72784622, 40.61481909], [0.72847663, 40.61482344], [0.72946843, 40.61540142], [0.72976338, 40.61574470999999], [0.72964491, 40.61606961], [0.73022289, 40.61631439], [0.73028579, 40.61670279], [0.73100428, 40.61712655], [0.73156256, 40.61789262], [0.73164113, 40.61821557], [0.73115488, 40.6183261], [0.7317271, 40.61852642], [0.73207017, 40.61884481], [0.73204867, 40.61958417], [0.73261059, 40.6198167], [0.7330387, 40.62021627], [0.73475128, 40.62243491], [0.73487625, 40.62286747000001], [0.73553074, 40.62290279], [0.73574156, 40.62326486], [0.73610769, 40.62341644], [0.73737516, 40.62468483], [0.73745706, 40.62516518000001], [0.73818213, 40.62531377], [0.73849794, 40.62561725], [0.73874837, 40.62654997], [0.73940772, 40.62679091], [0.73968943, 40.62722001], [0.73966283, 40.62754035], [0.74017566, 40.62778848], [0.74012495, 40.62835498], [0.74080881, 40.62845435], [0.7408744, 40.62860463], [0.74031355, 40.62886686], [0.74083889, 40.62864789999998], [0.74152304, 40.62951558], [0.74150188, 40.62985584], [0.7412608, 40.62982942], [0.74088416, 40.630527489999984], [0.74150328, 40.63104867], [0.74201417, 40.63106623], [0.74214563, 40.63124545], [0.74197182, 40.63167027], [0.74166692, 40.63148010000001], [0.74193918, 40.63169846], [0.74235343, 40.63165621], [0.74178374, 40.63172199000001], [0.74201598, 40.63218756], [0.74251036, 40.63222848], [0.74225946, 40.63247784], [0.7424703, 40.63265598], [0.7420786, 40.63262412], [0.74244591, 40.63305350000001], [0.74334098, 40.63302497], [0.74263561, 40.63316449], [0.743161, 40.63342923], [0.74325638, 40.63371124], [0.74300032, 40.63370632], [0.74317714, 40.6339329], [0.74352279, 40.63388966], [0.74379449, 40.63408639], [0.74398513, 40.63399409], [0.74388834, 40.63386267], [0.74428782, 40.63395884], [0.74408948, 40.63404829], [0.74421835, 40.63413629], [0.74392852, 40.63417215], [0.74406384, 40.63446205], [0.74385309, 40.63418248], [0.74348962, 40.63409502], [0.74373149, 40.63445439], [0.74415286, 40.63467665], [0.74406651, 40.63492348], [0.74430649, 40.63474928], [0.74428411, 40.63492944], [0.7445738, 40.63505923], [0.74471961, 40.63538528], [0.74451101, 40.63556856], [0.74529989, 40.63585376000001], [0.74513426, 40.63599708], [0.74561157, 40.63611386], [0.74580286, 40.63661708], [0.7448847, 40.63637837], [0.74440931, 40.63640808], [0.7427878, 40.63688009], [0.74288851, 40.6370388], [0.74321703, 40.63684102], [0.74333398, 40.63695329], [0.74321902, 40.63710489000001], [0.74321834, 40.63695661], [0.74307819, 40.63697864], [0.74281013, 40.63737515], [0.74211744, 40.63729161], [0.74115195, 40.63767122], [0.74083516, 40.63795552], [0.7401396, 40.63804423], [0.73930421, 40.63840142], [0.7390896, 40.63824355], [0.73859523, 40.63745505], [0.73821172, 40.63738638], [0.73853049, 40.63826223], [0.73741474, 40.63852095], [0.73660889, 40.63909831], [0.73653577, 40.63890015], [0.73590054, 40.63907199000001], [0.73659598, 40.63879801], [0.73708933, 40.63822335], [0.73770799, 40.63790481], [0.73795251, 40.63780709000001], [0.73823376, 40.63789629], [0.73817085, 40.6377421], [0.73747216, 40.637510779999985], [0.73573579, 40.63786614], [0.73488958, 40.63855628], [0.73473789, 40.63925509], [0.73498921, 40.63940757000001], [0.734643, 40.63944906], [0.73415287, 40.63912039], [0.73399191, 40.63965931], [0.73381332, 40.63971985], [0.73379738, 40.63953037], [0.73363697, 40.63946939], [0.73338002, 40.6400213], [0.73367555, 40.64061116], [0.73354392, 40.64070297], [0.73280848, 40.64004718], [0.73294638, 40.63911021], [0.73328178, 40.63866163], [0.73280932, 40.63838735], [0.73239577, 40.63837481], [0.73078827, 40.63889701], [0.72932946, 40.63881338], [0.72823057, 40.63909639], [0.72713726, 40.63913117], [0.7261258, 40.63971575], [0.72413791, 40.63945302], [0.72346768, 40.63914903], [0.72258601, 40.63912565], [0.72145192, 40.63846465], [0.72002481, 40.63883488], [0.71766359, 40.63877508], [0.7175767, 40.63914329], [0.71496781, 40.63872091000001], [0.71410329, 40.63897105], [0.71304156, 40.63844433], [0.71349497, 40.63792312], [0.7133949, 40.63781341], [0.713744, 40.6376598], [0.71390999, 40.63733125], [0.71281079, 40.63798937], [0.71259537, 40.63773045], [0.71174622, 40.63791677], [0.71175774, 40.63768919], [0.71136924, 40.63787797], [0.71002724, 40.637349839999985], [0.70896128, 40.63662842], [0.70795435, 40.63628962], [0.70785159, 40.63661803], [0.70713682, 40.6371533], [0.70520672, 40.63789258], [0.70445316, 40.63795360000001], [0.70359063, 40.63838814], [0.70310992, 40.63827836], [0.7034134, 40.63820362], [0.70359421, 40.63796527], [0.70334532, 40.63793725], [0.70387328, 40.6375209], [0.70288478, 40.63764875999998], [0.70254006, 40.63784858999998], [0.70161145, 40.63746575], [0.70103834, 40.63768186], [0.70061806, 40.63763602], [0.70077586, 40.63773778], [0.70062348, 40.63798782], [0.70071651, 40.63818714], [0.7002416, 40.63830592], [0.69971323, 40.63812590000001], [0.70005768, 40.63797377], [0.69978771, 40.637675], [0.69932348, 40.6376099], [0.69887198, 40.637297789999984], [0.69589334, 40.63712856], [0.69499519, 40.636918499999986], [0.69490977, 40.63650739], [0.69456142, 40.63642522], [0.69432344, 40.63696345000001], [0.69430158, 40.63816878], [0.69273311, 40.63969487], [0.69222369, 40.63837722], [0.6919877, 40.63839376], [0.69204523, 40.638690449999984], [0.69192294, 40.63838913], [0.69290571, 40.63691539], [0.69299486, 40.63651732], [0.69285139, 40.63636060000001], [0.69248234, 40.63626153], [0.69178568, 40.636456489999986], [0.69116363, 40.63623651], [0.69025435, 40.63623178], [0.6894424, 40.63596868], [0.68884075, 40.63601797], [0.68875081, 40.63588655], [0.68772382, 40.63572402], [0.68706959, 40.63510452], [0.68725892, 40.63486384], [0.68618237, 40.63486685999999], [0.6853322, 40.6345839], [0.68505683, 40.63482654], [0.68442718, 40.63641106], [0.68379546, 40.63627967], [0.68365495, 40.6361066], [0.6833881, 40.6362769], [0.68306059, 40.63622493], [0.68267594, 40.63504963], [0.68330819, 40.63443692], [0.68371525, 40.63434546], [0.68351045, 40.63417165], [0.68071252, 40.63383199], [0.68049624, 40.63362119], [0.67977922, 40.63358119], [0.67923671, 40.63320692], [0.67788053, 40.63286284], [0.67664733, 40.63179241], [0.67512065, 40.63134749999998], [0.67406874, 40.63070388], [0.67287405, 40.63043371], [0.67149904, 40.62954187], [0.66894377, 40.62852539], [0.66731168, 40.62896234999999], [0.66706206, 40.62874283], [0.66729174, 40.62844842], [0.6663082, 40.62807499], [0.66629899, 40.6276845], [0.66605983, 40.627650029999984], [0.66579232, 40.627829099999985], [0.66540253, 40.62776437999999], [0.66409819, 40.62723773], [0.66413198, 40.62695753], [0.66569812, 40.62543629], [0.66385522, 40.62712152], [0.66367499, 40.62703952], [0.6637199, 40.62676867], [0.66336107, 40.62670151], [0.66342564, 40.62649105], [0.66220928, 40.62669936], [0.65988509, 40.62686259], [0.65930608, 40.62675275], [0.65864177, 40.62690862], [0.65649472, 40.62644142], [0.65556144, 40.62664154], [0.65432627, 40.62669454], [0.65295912, 40.62637733], [0.65236013, 40.62600142], [0.6521828, 40.62554248], [0.65228533, 40.62486007], [0.65210686, 40.62479447], [0.65185385, 40.62495362], [0.65143706, 40.62473940999998], [0.65182629, 40.62422524], [0.650929, 40.62484256], [0.64914858, 40.62507231], [0.64671326, 40.62440134], [0.64477491, 40.62414616], [0.64411616, 40.62388483], [0.64399096, 40.62379409], [0.64410912, 40.62291483], [0.64382212, 40.62442361], [0.64221485, 40.62421379], [0.64224866, 40.62407621], [0.64366788, 40.62417365], [0.64379721, 40.62294997], [0.64365855, 40.62349109999999], [0.64341862, 40.62364375], [0.64111369, 40.6239481], [0.63592521, 40.62331931], [0.63582264, 40.62314066], [0.63417903, 40.62324849], [0.62985809, 40.62302023], [0.62915857, 40.62285742], [0.62826223, 40.62293143], [0.62765905, 40.62279896], [0.62757133, 40.62253917], [0.62614511, 40.62252679], [0.62602621, 40.62227249], [0.62344203, 40.6224554], [0.62237584, 40.62230545], [0.61589959, 40.62307047], [0.61192268, 40.62339126], [0.60878182, 40.62314437], [0.6080136, 40.62327482], [0.60792628, 40.62312799], [0.60750032, 40.623075489999984], [0.60493336, 40.62321113], [0.60457174, 40.623157869999986], [0.60427334, 40.62282461], [0.60216852, 40.62229197], [0.60096323, 40.62167323], [0.600288, 40.62158065], [0.60011164, 40.62140512], [0.60045583, 40.6208947], [0.60029093, 40.62079227000001], [0.60063526, 40.62074683], [0.60084522, 40.62092476999999], [0.60089353, 40.62131202], [0.60109718, 40.62130643], [0.60122263, 40.62092577], [0.60128436, 40.62148354], [0.60174231, 40.62135812], [0.6016108, 40.62172326], [0.60182916, 40.621983329999985], [0.60381719, 40.6225885], [0.60499705, 40.62274559], [0.60786822, 40.62294678], [0.60831674, 40.61855445], [0.60852435, 40.61824438], [0.60838247, 40.61803057], [0.60850754, 40.61659861], [0.60428681, 40.61629337], [0.60396059, 40.61566435], [0.60345554, 40.61551443], [0.60388084, 40.61574602], [0.60407638, 40.616098939999986], [0.60395697, 40.61766028], [0.60707544, 40.61783792], [0.60666678, 40.62158914], [0.60693001, 40.62159947], [0.60665899, 40.62167807], [0.6066411, 40.62183893], [0.60686329, 40.62191614999998], [0.60663021, 40.62190114], [0.60653396, 40.62276918], [0.60382506, 40.62255148000001], [0.60185509, 40.62194966], [0.60211754, 40.62070678], [0.60267157, 40.62073428], [0.60268272, 40.6206176], [0.60479892, 40.62075261], [0.60374682, 40.62065329], [0.60375214, 40.61976227], [0.60355183, 40.61947987], [0.60358225, 40.61925387], [0.60491228, 40.61930274], [0.60326405, 40.61920385], [0.60338042, 40.61821688], [0.60265058, 40.61768909], [0.60331832, 40.61823467], [0.60320497, 40.61919659], [0.60265738, 40.61924735], [0.60159926, 40.61849099], [0.60260967, 40.61928446], [0.60196951, 40.61980227], [0.60086846, 40.61901087], [0.60194228, 40.61982333], [0.60146568, 40.62021219], [0.60033948, 40.61943953], [0.60144519, 40.62023291], [0.60122602, 40.62040827], [0.60098118, 40.6204882], [0.59994111, 40.61974309], [0.60092032, 40.62049692], [0.59996199, 40.62042459], [0.5981689, 40.61992773], [0.59925935, 40.61900183], [0.59944201, 40.61912992], [0.59993168, 40.618726119999984], [0.60070216, 40.6184356], [0.60245927, 40.61700648], [0.6024633, 40.61622948], [0.5990793, 40.61385085], [0.59879112, 40.61410833], [0.59905653, 40.61429859], [0.5991852, 40.61419435], [0.60180188, 40.61607095], [0.59992188, 40.61759338], [0.59820229, 40.61636023], [0.59871081, 40.61525828], [0.59857605, 40.61522215], [0.59805446, 40.61635247], [0.60009493, 40.61782109], [0.59937274, 40.61840373], [0.59849343, 40.61777887], [0.59933464, 40.61843446], [0.59852795, 40.61908533], [0.59712635, 40.61807661999999], [0.59789073, 40.61742783], [0.59710518, 40.6180302], [0.59645324, 40.61753634], [0.59751498, 40.61669524], [0.59648742, 40.61747301], [0.59628557, 40.61733341999999], [0.59724634, 40.61653914], [0.59625528, 40.61731433], [0.59605211, 40.61716534], [0.59669415, 40.61657682], [0.59602505, 40.61714541], [0.59560025, 40.61689381], [0.59607261, 40.61648173], [0.59551107, 40.61692834], [0.59525851, 40.61674905], [0.59572645, 40.61637119999999], [0.59523477, 40.61673216], [0.59498394, 40.61655408], [0.59532339, 40.61623895000001], [0.59419969, 40.61707009], [0.59390486, 40.61684335000001], [0.59488624, 40.61605528], [0.59388644, 40.61682648], [0.59364078, 40.616636340000014], [0.5945459, 40.61590785], [0.59362192, 40.61661505], [0.59341386, 40.61645092], [0.59422467, 40.61579441], [0.59338748, 40.61643181], [0.59320489, 40.61629586], [0.59409854, 40.61557407], [0.59461742, 40.61549571], [0.59615774, 40.61595366999999], [0.5960938, 40.61607862999998], [0.59657424, 40.61622555], [0.59708289, 40.61581936], [0.59670468, 40.61569294000001], [0.59680086, 40.61554894], [0.59667153, 40.61567154], [0.59664889, 40.61550505], [0.59646823, 40.61556903], [0.596597, 40.61546551], [0.59591381, 40.61510872], [0.59600618, 40.61503138], [0.59537452, 40.61457289], [0.59653411, 40.61363602], [0.59675606, 40.61379503], [0.59771534, 40.61302746], [0.59745297, 40.61283702], [0.59851524, 40.61197688], [0.59880536, 40.61181348], [0.59897611, 40.61203898], [0.6037819, 40.60995566], [0.60354729, 40.60964138], [0.60463156, 40.60924233], [0.60462488, 40.60906186000001], [0.59886156, 40.61148515], [0.59569068, 40.6139648], [0.59521901, 40.6140056], [0.59290457, 40.61366451], [0.59068558, 40.61298073], [0.59015354, 40.61249431000001], [0.59080077, 40.61175879], [0.59037461, 40.61198441], [0.58868103, 40.6114829], [0.58876438, 40.61126531], [0.58814669, 40.61054585], [0.58834284, 40.61028107], [0.58786653, 40.60986046], [0.58828146, 40.6095462], [0.58768445, 40.60967821], [0.5870815, 40.60941015], [0.58685729, 40.60919658], [0.58700084, 40.60887305], [0.58643003, 40.60874875999998], [0.58621419, 40.60853228], [0.5863653, 40.60837453], [0.58585312, 40.60813989], [0.58587381, 40.60782469], [0.58560679, 40.60750691], [0.5861627, 40.60705879], [0.58567919, 40.60735088], [0.58519589, 40.60719403], [0.58463428, 40.60681946], [0.58446508, 40.60613584], [0.58444566, 40.60635999], [0.58401821, 40.60637852], [0.58275296, 40.60589499], [0.5823445, 40.60531490000001], [0.58296491, 40.60496263], [0.58245068, 40.60515546], [0.58209129, 40.60496121], [0.58173953, 40.604376], [0.58174653, 40.60394428], [0.58161108, 40.60430369], [0.58135698, 40.60437598], [0.58042547, 40.60411814], [0.58022011, 40.60383106], [0.58031966, 40.60369482], [0.58007832, 40.60363397], [0.58025084, 40.603363219999984], [0.58009178, 40.60276673], [0.57910624, 40.60216192], [0.57914128, 40.6019771], [0.57863243, 40.60158334], [0.57860964, 40.60126534], [0.57815582, 40.60105972], [0.57819092, 40.60084022], [0.57765059, 40.60050407], [0.5777498, 40.60021115], [0.57742265, 40.60016321], [0.57746027, 40.59998872], [0.57668588, 40.59976898], [0.57604965, 40.599379189999986], [0.5761713, 40.59866815999999], [0.57594914, 40.59871061], [0.5758547, 40.59853118], [0.57601636, 40.59841675], [0.57452613, 40.59798406999999], [0.57409787, 40.59715763], [0.57362342, 40.59730448], [0.57285937, 40.59668923], [0.57241361, 40.59662446], [0.57188088, 40.59628761], [0.57168746, 40.59593631], [0.57175005, 40.595594], [0.57199239, 40.59551623], [0.57135118, 40.59540609], [0.57118637, 40.59486342000001], [0.57088122, 40.59471459], [0.57086812, 40.59452804], [0.57073879, 40.59460152], [0.57077136, 40.59449835], [0.57046287, 40.59441565], [0.57038053, 40.59414414], [0.57010548, 40.59418213], [0.56925866, 40.59387687], [0.56877188, 40.59329166], [0.56791155, 40.59282829], [0.56777559, 40.5926251], [0.56795967, 40.59215941], [0.56767312, 40.59184666], [0.56690367, 40.59153671], [0.56673874, 40.5907802], [0.56613887, 40.59054839999999], [0.56624749, 40.59026091], [0.56536009, 40.59022247], [0.56515994, 40.58982498], [0.56471442, 40.589732439999985], [0.56471301, 40.58935797], [0.56438057, 40.58930429], [0.56430058, 40.58906985], [0.56405157, 40.5890682], [0.56382048, 40.5887812], [0.5630007, 40.58839116], [0.5631649, 40.58778698], [0.56249777, 40.58728063], [0.56256332, 40.58712501], [0.5623665, 40.58696511], [0.56257373, 40.58669881], [0.56201077, 40.58657404999999], [0.56157537, 40.585999], [0.56113458, 40.58583557], [0.5611461, 40.5854828], [0.56073386, 40.58466413], [0.56053, 40.58459091], [0.56059595, 40.58446665], [0.55972418, 40.58412764], [0.55965271, 40.58363035], [0.55867593, 40.58302132], [0.55863455, 40.58273959], [0.55816328, 40.5827752], [0.55807614, 40.58259501], [0.55774681, 40.58252526], [0.55773589, 40.58227993], [0.5574848, 40.58208942], [0.55639661, 40.58188841], [0.55634506, 40.58145351000001], [0.55475078, 40.58044692999999], [0.55438184, 40.57992442], [0.55417815, 40.57993794], [0.55373177, 40.57962141], [0.55328955, 40.578970699999985], [0.55307077, 40.57891219], [0.55318924, 40.57878626], [0.55294415, 40.57865531], [0.55286724, 40.57836067], [0.55255051, 40.57806922], [0.55209803, 40.57793019], [0.55138947, 40.57702944], [0.55037706, 40.5763914], [0.55033024, 40.57597812], [0.54949882, 40.57544434], [0.54921209, 40.57496292], [0.54867861, 40.57488197], [0.54816691, 40.57461108], [0.5482145, 40.57438314999999], [0.54785254, 40.57402753], [0.54950789, 40.57210226], [0.55015123, 40.57216959], [0.55025785, 40.57243299], [0.55079864, 40.57262714], [0.55110771, 40.57247696], [0.55185915, 40.57274790000001], [0.55192404, 40.57290556], [0.55213819, 40.57286083], [0.55180464, 40.57254534000001], [0.55201087, 40.57240658], [0.549817, 40.57175022], [0.55135587, 40.56994162], [0.5520991, 40.57016186], [0.55193458, 40.57042679000001], [0.55534722, 40.57164839], [0.5555359, 40.5714072], [0.5562959, 40.57172918], [0.55642827, 40.57148382], [0.55133059, 40.56970842], [0.55091138, 40.56998354000001], [0.54831519, 40.57314956], [0.54727687, 40.57300663], [0.54488272, 40.57229728], [0.54456522, 40.57179619], [0.5439935, 40.57159568], [0.54404697, 40.57118022], [0.54371403, 40.5710173], [0.54367881, 40.57083082], [0.54303169, 40.57069292], [0.54280951, 40.57079583], [0.54207269, 40.57016583], [0.54173775, 40.56972534], [0.54305682, 40.56843417000001], [0.54172108, 40.56953223], [0.53991633, 40.56878687], [0.53822506, 40.56762748], [0.53786466, 40.56709023], [0.53786879, 40.56666516], [0.53739894, 40.56612045], [0.53736677, 40.56579963], [0.53758176, 40.56566379], [0.53729509, 40.56560255], [0.53712481, 40.5653277], [0.53700913, 40.56457877], [0.53671256, 40.5642724], [0.53683332, 40.56392674], [0.53653192, 40.56351406], [0.53659422, 40.56329677999999], [0.53571768, 40.56266042], [0.53574452, 40.56245382], [0.53522303, 40.5617146], [0.53518666, 40.56136369999999], [0.53539262, 40.56143169], [0.53550441, 40.56082192], [0.53477172, 40.55998415], [0.5347303, 40.55970006], [0.53495304, 40.5593592], [0.53466686, 40.55930481], [0.53435446, 40.55892882], [0.53385344, 40.5578972], [0.53411573, 40.55773661], [0.53400437, 40.55753696], [0.5342015, 40.55737219], [0.53397198, 40.55692348], [0.53420238, 40.55650559], [0.53318919, 40.55520999], [0.53325395, 40.55498385], [0.53277808, 40.55456104000002], [0.53281302, 40.55400529000001], [0.53214052, 40.55361188], [0.53208035, 40.55309275], [0.53274876, 40.55260711], [0.53239958, 40.551789859999985], [0.53227206, 40.55170272999999], [0.53218179, 40.55180673], [0.53255742, 40.55255321], [0.53187869, 40.55304015], [0.5315627, 40.55279191], [0.53205555, 40.55239827], [0.53154192, 40.55277570000002], [0.53133153, 40.55261041], [0.53195671, 40.5521861], [0.53130502, 40.55258958], [0.53098737, 40.55225815], [0.53169157, 40.55193614], [0.53096629, 40.55223725], [0.53033887, 40.55149206], [0.53134967, 40.55110770000001], [0.53164851, 40.55150744999999], [0.53137389, 40.55109777], [0.53167266, 40.55096904], [0.53396787, 40.55200721], [0.53421264, 40.55193083], [0.53171528, 40.55076359000001], [0.53055439, 40.55121247], [0.53012746, 40.55100455], [0.5248639, 40.54600051], [0.52463914, 40.54559795], [0.52504766, 40.54539075999999], [0.52464936, 40.54539447], [0.52486105, 40.54520223], [0.52453783, 40.54523641], [0.52260642, 40.543093169999985], [0.52179656, 40.54138605], [0.52182566, 40.54095872], [0.52213323, 40.540680409999986], [0.52229218, 40.5401993], [0.52194307, 40.53895709], [0.52164747, 40.53832903], [0.51920951, 40.53520233], [0.51883403, 40.53384244], [0.51749024, 40.53194431], [0.51753222, 40.53139257], [0.51643821, 40.528549], [0.51640319, 40.5274127], [0.51535173, 40.5261828], [0.51487383, 40.52519511], [0.51503377, 40.52476683], [0.5147099, 40.52393775], [0.51470956, 40.52293693], [0.51291322, 40.52356933], [0.51121936, 40.52358791], [0.5096852, 40.5238662], [0.50612851, 40.52606430999999], [0.5041728, 40.52618091], [0.50209023, 40.52605116], [0.50121005, 40.52628206], [0.49961125, 40.527459440000015], [0.49854863, 40.52790834], [0.49677847, 40.52772846], [0.49509004, 40.52808332], [0.49337151, 40.52806085], [0.49049254, 40.52889629], [0.48925065, 40.52891812], [0.48702811, 40.52926374], [0.48631712, 40.52957022], [0.48388489, 40.53114185], [0.48210875, 40.53201816], [0.48112588, 40.53231868], [0.47901844, 40.53247814], [0.47835752, 40.53189182], [0.47777154, 40.53197222], [0.47536058, 40.53356107], [0.47336471, 40.53466543], [0.47241551, 40.53502804], [0.46784457, 40.5360275], [0.4643373, 40.53700505], [0.46274267, 40.53703356], [0.46142329, 40.53734558], [0.45909916, 40.53875172], [0.45706595, 40.5394377], [0.45665736, 40.53967017], [0.45619898, 40.54033787], [0.4547264, 40.54095355], [0.45060963, 40.54196203], [0.44994103, 40.54187525], [0.44924419, 40.54150825], [0.44809275, 40.54170733], [0.44710554, 40.54235233], [0.44704999, 40.54408833], [0.44670189, 40.5446271], [0.44599017, 40.54507952], [0.4441298, 40.54565287], [0.44269472, 40.54575846], [0.43870329, 40.54640375], [0.43868104, 40.54700337], [0.43710563, 40.54827058], [0.43613179, 40.54968042], [0.43615685, 40.5505337], [0.43676873, 40.5525194], [0.4364641, 40.55355583], [0.43699592, 40.55416688999998], [0.43681872, 40.55428017], [0.43643266, 40.55568841], [0.43686063, 40.5577125], [0.43628043, 40.55861974], [0.43565627, 40.55886668], [0.43529036, 40.55934352], [0.43458793, 40.56249412], [0.43464978, 40.5641438], [0.43357839, 40.56578588], [0.43431364, 40.56655531], [0.43442166, 40.56704707], [0.43472931, 40.56739236], [0.43633959, 40.56778856], [0.43641738, 40.56806574], [0.43757413, 40.569018860000014], [0.4379398, 40.569909], [0.43882422, 40.57085021], [0.43824771, 40.57135609], [0.43735649, 40.57134803], [0.43688793, 40.57154275], [0.43674964, 40.57224588], [0.43725465, 40.57310982], [0.4376986, 40.57345959], [0.43980103, 40.57440729999998], [0.44080567, 40.57668299], [0.44135142, 40.57728701], [0.44177195, 40.57744578], [0.44283879, 40.5772848], [0.44327558, 40.57742048], [0.44352902, 40.5781323], [0.44323737, 40.57869555], [0.44277601, 40.57901753], [0.44191464, 40.5792821], [0.43947026, 40.57913591], [0.43488737, 40.57940735], [0.43197821, 40.57933019], [0.43047147, 40.57991391], [0.4281111, 40.58148271000001], [0.42573303, 40.58367407], [0.42366874, 40.5840929], [0.42118837, 40.58502328], [0.42004999, 40.58580747], [0.41907489, 40.58692127], [0.41858179, 40.58714848], [0.41796719, 40.587969], [0.41712213, 40.58840648000001], [0.41650433, 40.58913730000001], [0.41557679, 40.58978739], [0.41391185, 40.59035748], [0.41184494, 40.59148645], [0.4106904, 40.59189293], [0.40940698, 40.59283868], [0.40760055, 40.59363026], [0.40665149, 40.59442564], [0.40487946, 40.59508241], [0.40488008, 40.59605525], [0.40657817, 40.59719493], [0.40682412, 40.5977615], [0.40657949, 40.59803396], [0.40525189, 40.59848796], [0.40502283, 40.59905587], [0.40516584, 40.59972308], [0.40424896, 40.60026523], [0.40356317, 40.60100130999999], [0.40311075, 40.60216298], [0.40194013, 40.60277426], [0.40151261, 40.60289661], [0.39819903, 40.603039649999985], [0.39604784, 40.6028703], [0.39467774, 40.60314534], [0.39308713, 40.60377019], [0.39169431, 40.60472429], [0.39014178, 40.60617165], [0.3885945, 40.60679643], [0.3876948, 40.6067781], [0.3846083, 40.60617469], [0.38234041, 40.60616196], [0.37970446, 40.60661124], [0.37639428, 40.60674170999999], [0.37399374, 40.60622691], [0.37170511, 40.60497135], [0.37093106, 40.60508812], [0.369536, 40.6056428], [0.36856125, 40.6062437], [0.36723591, 40.6064955], [0.36543242, 40.605974799999984], [0.36211298, 40.6059336], [0.36068516, 40.60568918], [0.35842884, 40.60667202], [0.35600449, 40.60698206], [0.35409251, 40.60792511], [0.3531072, 40.60794092], [0.35212376, 40.60814846], [0.35117794, 40.60805664], [0.34843946, 40.6083449], [0.34780571, 40.60815521], [0.34739017, 40.6077316], [0.3454293, 40.60750801], [0.34358126, 40.60762024999999], [0.34177213, 40.60811038], [0.33927608, 40.60831322], [0.33106346, 40.61030654], [0.3295095, 40.61106455], [0.32704762, 40.61177589], [0.323215, 40.6124018], [0.32236377, 40.6128876], [0.32138969, 40.61371524], [0.31916679, 40.61472464], [0.31795391, 40.61470992999999], [0.31640962, 40.61377942], [0.31538244, 40.61395317], [0.31140205, 40.61649257], [0.31009223, 40.61771596], [0.30942697, 40.61788924], [0.30843744, 40.61869009], [0.30755629, 40.61903903], [0.30617394, 40.62038419], [0.30414051, 40.62106785], [0.30319667, 40.62171073], [0.30221951, 40.62214846], [0.30099792, 40.62237032], [0.30048176, 40.62261732], [0.30008518, 40.62305355], [0.29929218, 40.62518445], [0.29897446, 40.62556849], [0.29838905, 40.625845509999984], [0.29794972, 40.62587265], [0.29726985, 40.62565126], [0.29524932, 40.62449535999998], [0.29374606, 40.62401971], [0.2924746, 40.62309035], [0.29213161, 40.62307079], [0.28973788, 40.62467118], [0.28643087, 40.62577796], [0.2838843, 40.62683462], [0.28340953, 40.62724283], [0.28239063, 40.62753151], [0.28041192, 40.62914118], [0.27976481, 40.62957848], [0.27907516, 40.62979593], [0.27872952, 40.63010885], [0.27876635, 40.63033049], [0.27927582, 40.63053084], [0.27930433, 40.63086973], [0.27813903, 40.63168083], [0.27702667, 40.63357972], [0.27681385, 40.63418897], [0.27689787, 40.63549126999999], [0.27625771, 40.63609678], [0.27610991, 40.63660663], [0.2752212, 40.63695274], [0.27249601, 40.63741781], [0.27064326, 40.63792689], [0.2703673, 40.63847442], [0.27061286, 40.63949754], [0.27023081, 40.64028582], [0.26821132, 40.64218302], [0.26747862, 40.64310034], [0.2662532, 40.64384652], [0.2659866, 40.64450018], [0.26571767, 40.64472427], [0.2656005, 40.64527322], [0.26628743, 40.64671822], [0.26685716, 40.64700703], [0.26793293, 40.64705813], [0.2692562, 40.6477727], [0.26939495, 40.64800528], [0.26904023, 40.64905843], [0.26923815, 40.65016307], [0.26895672, 40.650843150000014], [0.26895405, 40.65218041], [0.26932827, 40.65322306], [0.26915103, 40.65393811], [0.26783405, 40.65630162], [0.26804155, 40.65705221], [0.26766281, 40.65809314], [0.26806382, 40.65923983], [0.27278871, 40.66519626], [0.27350521, 40.665855829999984], [0.27339395, 40.66770452], [0.27384416, 40.66864219], [0.27511733, 40.67007637], [0.27707752, 40.67030763], [0.27750332, 40.67077133], [0.27922549, 40.67116746], [0.27999092, 40.67159843], [0.2810729, 40.67175246], [0.28223604, 40.67211895], [0.28314501, 40.67277612], [0.28359968, 40.67400194], [0.28525409, 40.67607314], [0.28562399, 40.6772249], [0.28563881, 40.67859209], [0.2869861, 40.67906451], [0.28751638, 40.67945162], [0.28942244, 40.68143251], [0.29011342, 40.6825084], [0.29129189, 40.68383227], [0.29240572, 40.68475617], [0.29184319, 40.68504838], [0.29163632, 40.68546266], [0.29177528, 40.68623931000001], [0.29225477, 40.68702396], [0.2920363, 40.68812903], [0.28994528, 40.68877598], [0.28929863, 40.68944687], [0.28814597, 40.68926011], [0.28617025, 40.68980991], [0.28530728, 40.69056051], [0.28347896, 40.69135323], [0.28255245, 40.69277841], [0.28121012, 40.69362745], [0.28049319, 40.69360556], [0.28010843, 40.69331458], [0.27950291, 40.69321298], [0.27838524, 40.69357455999999], [0.27800375, 40.69384747], [0.27739376, 40.69385553], [0.27674268, 40.69412012], [0.27658851, 40.69545786], [0.2763613, 40.69601815], [0.27572518, 40.69673378], [0.27553088, 40.69747397], [0.27262331, 40.69883356], [0.27236096, 40.6997984], [0.27251267, 40.70025452], [0.27126168, 40.7010852], [0.27098683, 40.70205211], [0.27038593, 40.70296416], [0.26899046, 40.70353920999999], [0.26761169, 40.70347828], [0.2666349, 40.70324207999999], [0.26598174, 40.70327923], [0.26423981, 40.70471117000001], [0.26198904, 40.70602219], [0.26042411, 40.70562174], [0.25970966, 40.70564812], [0.25753107, 40.70513191], [0.25688106, 40.70517425], [0.25607686, 40.70494251], [0.25533311, 40.70502184], [0.25508246, 40.70518101], [0.25296692, 40.70484785], [0.25152906, 40.70485489], [0.25036634, 40.70420689999999], [0.24937205, 40.70288239], [0.24887896, 40.70258164], [0.24795175, 40.70252018], [0.24204434, 40.70018166], [0.23608513, 40.70164519], [0.23497931, 40.70590599], [0.22737482, 40.71494851], [0.22463206, 40.72555818], [0.22638267, 40.73313161], [0.22538578, 40.73267279], [0.2238083, 40.73224669], [0.21897477, 40.73227078], [0.21802301, 40.732662719999986], [0.2161094, 40.73228196], [0.21509982, 40.73188061], [0.21386721, 40.73099204], [0.2132025, 40.73019749], [0.21079863, 40.7289906], [0.20916028, 40.72918296000002], [0.20800096, 40.72899875], [0.20715509, 40.72833139], [0.20708566, 40.72778266], [0.20649545, 40.72741283], [0.20587279, 40.726479460000014], [0.20359335, 40.7260698], [0.20264406, 40.72570769], [0.20109184, 40.72585203], [0.19905954, 40.72504501], [0.19814478, 40.72488103], [0.19729303, 40.72414217], [0.19676396, 40.72501739], [0.19597354, 40.72576035], [0.19525715, 40.72582762], [0.1948145, 40.72617296], [0.19490465, 40.72667675999998], [0.19456283, 40.72733941], [0.19446959, 40.72840332], [0.19327428, 40.72913423], [0.1927654, 40.729289049999984], [0.19103907, 40.73109609], [0.18918352, 40.73068979], [0.18900724, 40.7301138], [0.18811479, 40.72937566], [0.18561221, 40.72818709], [0.18172839, 40.72814593], [0.17025011, 40.73273506], [0.17048939, 40.7332943], [0.17022693, 40.73460044], [0.16834005, 40.73607846], [0.16782129, 40.73695125], [0.16699957, 40.73762533], [0.16684987, 40.73880292], [0.16723336, 40.7393718], [0.16677515, 40.7397279], [0.16606735, 40.73990935], [0.1640745, 40.73998843], [0.16375996, 40.74123779], [0.16320584, 40.74218131], [0.16466239, 40.74273277], [0.16492168, 40.74299192], [0.16307624, 40.74554161], [0.16262518, 40.74645732], [0.16022034, 40.74808999], [0.15982855, 40.7485488], [0.15967677, 40.74930336], [0.15908082, 40.75028964], [0.15965058, 40.75083962], [0.16108053, 40.7501941], [0.16377247, 40.74928092], [0.16577638, 40.74724445], [0.16631102, 40.74594246], [0.16687855, 40.74529423], [0.16833193, 40.7447162], [0.16873969, 40.74418632], [0.16955215, 40.74369867], [0.17136423, 40.74303019], [0.17196239, 40.74301717], [0.1724578, 40.74263709], [0.17259932, 40.74201761], [0.17397449, 40.74149296], [0.17437075, 40.7411612], [0.17466762, 40.74118967], [0.17526037, 40.74155696], [0.17555794, 40.74209662], [0.17574057, 40.74325691], [0.17557998, 40.74510243], [0.17514154, 40.74555937], [0.17470034, 40.74645117], [0.17485731, 40.74718395], [0.17411456, 40.74774127], [0.17390378, 40.74894434], [0.17427983, 40.74990762], [0.17487406, 40.75005468], [0.17474637, 40.75064543], [0.1748706, 40.75087089], [0.17583378, 40.75098628], [0.17568995, 40.75194076], [0.17589735, 40.75248204], [0.17636591, 40.75296179], [0.17604721, 40.75305051], [0.17602755, 40.75351473], [0.17565734, 40.75348779], [0.17548445, 40.7537591], [0.17518546, 40.75384853], [0.17515673, 40.75399518], [0.17548197, 40.75406932], [0.17534852, 40.75426052], [0.17548248, 40.7544125], [0.17529271, 40.75457181], [0.17546166, 40.75484476], [0.17642013, 40.75498319], [0.17765218, 40.75491161], [0.17894872, 40.75416135], [0.18095769, 40.75349838], [0.18161338, 40.75281378], [0.18239356, 40.75296361], [0.1831741, 40.75340479], [0.18321178, 40.75399672], [0.18410454, 40.75578679], [0.18449923, 40.75593941], [0.18483415, 40.75513257], [0.18475082, 40.754582419999984], [0.18502326, 40.75347377], [0.18483051, 40.7531402], [0.18497365, 40.75286725], [0.18705666, 40.75181807], [0.18811358, 40.75147586], [0.18816045, 40.75110762], [0.18922558, 40.7506488], [0.18990259, 40.75047984], [0.19023635, 40.75055351], [0.19061991, 40.75167695], [0.19179585, 40.75286736], [0.19304891, 40.75362985000001], [0.19312053, 40.75406138], [0.19416078, 40.75466161], [0.19431833, 40.75515685], [0.19417002, 40.75553446], [0.19497662, 40.75603387999998], [0.19524534, 40.75663023], [0.19562274, 40.7567475], [0.19544596, 40.75810072], [0.19568341, 40.7584163], [0.19674544, 40.758966409999985], [0.1975065, 40.75912789], [0.1993541, 40.75860381], [0.20000238, 40.75865232], [0.20117649, 40.75821314], [0.20165769, 40.75785543], [0.20209578, 40.75782722], [0.20286898, 40.7586772], [0.2035803, 40.76011836], [0.20424305, 40.76056935], [0.20479246, 40.76129462], [0.20546507, 40.7614161], [0.20549443, 40.76173896000001], [0.20591981, 40.76215067], [0.20717746, 40.76276163], [0.20860819, 40.76321621], [0.20959075, 40.76403524], [0.21114176, 40.76572463], [0.21153621, 40.7671191], [0.21211779, 40.76759032], [0.2176422, 40.76730902], [0.21880407, 40.76706865], [0.22148416, 40.76694283], [0.22361603, 40.76642408], [0.22389612, 40.766052129999984], [0.22390537, 40.76551855], [0.22464478, 40.76526031], [0.22535185, 40.76556762], [0.22578712, 40.76638547], [0.22700375, 40.76726789], [0.2287852, 40.76753535], [0.22946886, 40.76731361], [0.23004518, 40.76730548], [0.22954526, 40.7679402], [0.22968353, 40.76820021000001], [0.22951614, 40.76874623], [0.22965347, 40.76987296], [0.22932845, 40.77083524], [0.23004356, 40.77177583], [0.23028249, 40.77256831], [0.23077113, 40.77320843], [0.23080161, 40.77363586], [0.23307937, 40.77469187], [0.23504629, 40.77657836], [0.23490527, 40.77756069], [0.23312492, 40.77938098], [0.23412979, 40.7869604], [0.24499497, 40.79197769000002], [0.25059272, 40.79852203], [0.25875923, 40.80019246], [0.25964625, 40.80434214999998], [0.26578673, 40.81338616], [0.2677426, 40.81468224], [0.26958889, 40.81519416], [0.27093538, 40.8158043], [0.27146823, 40.8164369], [0.27178557, 40.81646655], [0.27297831, 40.81734674], [0.27292726, 40.8187178], [0.27327838, 40.81935844], [0.27375043, 40.819643179999986], [0.27433418, 40.81975668], [0.27534781, 40.81970041], [0.27648879, 40.82004415], [0.27705533, 40.82041758], [0.27778956, 40.82041639], [0.27920521, 40.82116257], [0.2782708, 40.82179243], [0.27803033, 40.8226222], [0.27814968, 40.82339793], [0.2773649, 40.82353287], [0.27632667, 40.82425079], [0.27496492, 40.8248594], [0.27432387, 40.82539235], [0.27287382, 40.82578559], [0.27276101, 40.82716116999999], [0.27128591, 40.828036130000015], [0.27121699, 40.82856467], [0.26990809, 40.82896918], [0.26961185, 40.82966574], [0.26804849, 40.83025953], [0.2674495, 40.831394369999984], [0.26706729, 40.83287318], [0.26555341, 40.83417567], [0.26424523, 40.83464161], [0.26403501, 40.83549298], [0.26198697, 40.83596455999999], [0.26151084, 40.8363429], [0.26135909, 40.83677779], [0.2615063, 40.83728156], [0.26230472, 40.83752586000002], [0.26255965, 40.83791326], [0.26202713, 40.83836723], [0.26021619, 40.83833251], [0.25983797, 40.83853744], [0.26000434, 40.83908552], [0.25987921, 40.8400522], [0.26036785, 40.84096371], [0.26047006, 40.84160394], [0.26030941, 40.84196786], [0.25908131, 40.84266416], [0.25898567, 40.84355181], [0.25930633, 40.84506823], [0.25911898, 40.84553814], [0.2587377, 40.84574633], [0.25816863, 40.84573478], [0.25615636, 40.84520988], [0.25550476, 40.84545883], [0.25625039, 40.84693044], [0.25741917, 40.84773739], [0.25769347, 40.84814988], [0.256499, 40.84854688], [0.25550257, 40.84953566], [0.25533078, 40.85012959], [0.25552455, 40.85067023], [0.25532161, 40.8510106], [0.25580644, 40.85190701], [0.25578298, 40.85274635], [0.25523732, 40.85301292], [0.25431563, 40.85296545], [0.25362292, 40.85322608], [0.25352409, 40.85457169], [0.25320235, 40.85507453], [0.25291155, 40.85529368], [0.25136917, 40.85546719], [0.25082514, 40.85584803], [0.25098347, 40.85627723000001], [0.25120597, 40.85631657], [0.25297607, 40.85815341], [0.25335233, 40.85907583], [0.25264029, 40.8605381], [0.25150631, 40.86150058], [0.25131627, 40.86200064], [0.25299878, 40.863233079999986], [0.25322457, 40.86356838], [0.25349232, 40.86493691], [0.25435952, 40.86595098], [0.25392258, 40.86728330999998], [0.25408968, 40.86787921], [0.25338991, 40.86876619], [0.25331176, 40.86949695], [0.25540297, 40.87300674], [0.25552972, 40.87387422], [0.2552779, 40.87409643999999], [0.25464212, 40.873561940000016], [0.25403469, 40.8735931], [0.25375841, 40.87391448999998], [0.25372047, 40.87461989], [0.25296354, 40.87568458], [0.25253658, 40.87593111], [0.25151892, 40.87588783], [0.25091748, 40.87662068], [0.25089239, 40.8780953], [0.25064534, 40.87868654], [0.24980391, 40.8795109], [0.24690322, 40.87973773], [0.24444154, 40.88040302], [0.24212948, 40.88135129], [0.24025588, 40.88222884], [0.23868325, 40.88379353], [0.23861421, 40.88449396], [0.23922029, 40.88544565], [0.24064082, 40.88640747], [0.24233585, 40.88686279], [0.24487392, 40.88666783], [0.24549582, 40.88677395], [0.24590425, 40.8872248], [0.24609709, 40.88784082], [0.24593648, 40.88861886], [0.24601906, 40.89010317000001], [0.24579849, 40.89046769], [0.24564308, 40.89167697], [0.2459713, 40.89261262], [0.24741809, 40.89367195], [0.24923477, 40.894633630000016], [0.2502262, 40.89543775], [0.25022883, 40.89573725], [0.24921324, 40.89732907], [0.24922888, 40.89791883], [0.2497976, 40.89955226], [0.24944405, 40.9005857], [0.2493907, 40.90175179], [0.2503797, 40.90279826], [0.25284343, 40.90441983], [0.25337871, 40.905048590000014], [0.25348949, 40.9057623], [0.2533068, 40.90618002], [0.25240166, 40.90673642], [0.25049867, 40.90682031], [0.24946181, 40.90716821], [0.24847173, 40.9085629], [0.24847853, 40.90936538], [0.24923931, 40.91047866], [0.25031035, 40.91154418999999], [0.2509138, 40.91191983], [0.25226695, 40.91198442], [0.2536974, 40.91139301], [0.25424938, 40.91180162], [0.25373606, 40.91379839], [0.25398907, 40.91472903], [0.2544539, 40.91554813], [0.25444729, 40.91613165], [0.25420879, 40.91650432], [0.25332517, 40.91714299], [0.25310951, 40.91763762], [0.25310771, 40.91825407], [0.25359248, 40.91924926], [0.25537488, 40.92187761], [0.25611498, 40.92244547], [0.25714005, 40.92429291], [0.25818809, 40.92500927], [0.25961704, 40.92717979], [0.26021538, 40.92737908], [0.26034614, 40.92803913999999], [0.2618921, 40.92858547], [0.26315779, 40.92870501], [0.26406235, 40.92859854999998], [0.26507282, 40.92821493], [0.26669746, 40.92829339], [0.26698767, 40.92881849], [0.26732282, 40.92901168], [0.26786666, 40.93002396], [0.26895497, 40.93083602], [0.26982417, 40.93095743], [0.27057568, 40.93198153], [0.27201731, 40.93301333], [0.2720743, 40.93376926], [0.27308064, 40.93508105], [0.27442336, 40.93599009], [0.27367711, 40.93807104], [0.27408647, 40.93949934], [0.27400337, 40.9402584], [0.27361035, 40.94067877], [0.2727334, 40.94087958], [0.27194795, 40.94154544], [0.27147486, 40.94233997], [0.27128707, 40.94381409], [0.2718995, 40.94527558], [0.27290339, 40.94579774000001], [0.27423534, 40.94601533], [0.27546506, 40.94642817], [0.27574337, 40.94701289], [0.27617447, 40.94718589], [0.27660204, 40.94765784], [0.27673054, 40.9479433], [0.27636636, 40.94875371], [0.27545372, 40.94920727], [0.274671, 40.94985826], [0.27469441, 40.95014124], [0.27530737, 40.95058103], [0.27637567, 40.95103158], [0.27860671, 40.95080853], [0.27943296, 40.95048415], [0.27990634, 40.95048204], [0.28109017, 40.95110805], [0.28149523, 40.95159606], [0.28148794, 40.952030769999986], [0.2808918, 40.95332453], [0.28152796, 40.95421505], [0.28292548, 40.95497567000001], [0.28339556, 40.95616554], [0.28278855, 40.95697764], [0.28278751, 40.95732011], [0.28345011, 40.95798966], [0.2849545, 40.95893422], [0.28567285, 40.96001438], [0.28570962, 40.96077446], [0.28548612, 40.96120113], [0.28467962, 40.96194965], [0.28407884, 40.9633991], [0.28421879, 40.96431002], [0.28611279, 40.96515983], [0.28667779, 40.96613337], [0.28833989, 40.9672374], [0.29106064, 40.96822574999999], [0.2928495, 40.96860107], [0.29330075, 40.96914329], [0.29360529, 40.96999394], [0.29350723, 40.97095321], [0.29233363, 40.97204944], [0.29159542, 40.973216599999986], [0.290657, 40.9738657], [0.28958209, 40.97404636], [0.28753813, 40.97391923], [0.28657819, 40.97364178], [0.28563474, 40.97307631], [0.28558391, 40.97281926999999], [0.28521706, 40.9725714], [0.28434954, 40.97277357], [0.28298178, 40.97237866999998], [0.28212234, 40.97245856], [0.28202582, 40.97310086], [0.2816327, 40.97354026], [0.28155646, 40.9740834], [0.28108825, 40.9746981], [0.28094382, 40.97526207], [0.28124392, 40.97597066], [0.28124701, 40.97723092], [0.28181381, 40.97844191], [0.28171454, 40.97885832], [0.28129794, 40.979096], [0.28129446, 40.97979015], [0.28205826, 40.98077026], [0.28233597, 40.98243115], [0.28195613, 40.98387539], [0.28174518, 40.98409323], [0.28176166, 40.98473727], [0.28110534, 40.98630922], [0.28113187, 40.98688298], [0.28069557, 40.98739701], [0.27950759, 40.98825844], [0.27876969, 40.98837849], [0.27768964, 40.98895141], [0.2772536, 40.98945819], [0.27651555, 40.9898819], [0.2762475, 40.99053777000001], [0.27580223, 40.99086308], [0.27320257, 40.99200885], [0.27293164, 40.99236991], [0.27240823, 40.99256363], [0.2721197, 40.99290825], [0.27197406, 40.99348628], [0.2720104, 40.99491908], [0.27221795, 40.99532537], [0.27200868, 40.99582846], [0.27136588, 40.9963701], [0.27053341, 40.9965348], [0.2691183, 40.99740164], [0.2683672, 40.998195629999984], [0.26866859, 41.00008491], [0.26930613, 41.0014054], [0.26925469, 41.00184172], [0.26947797, 41.00227189], [0.27022317, 41.00271986], [0.27454561, 41.00456333], [0.27510452, 41.00507375], [0.27513732, 41.00555184], [0.274573, 41.00696681], [0.27417377, 41.00738767], [0.27277136, 41.00811564], [0.27144042, 41.00904280000001], [0.27085711, 41.00907844], [0.26959312, 41.00959523], [0.26736175, 41.00981893], [0.26446593, 41.00989122], [0.26186453, 41.01074968], [0.26019469, 41.01187794], [0.25927863, 41.01301688], [0.25884983, 41.01408967], [0.25882048, 41.01437799], [0.25914773, 41.01473781], [0.25909044, 41.01617278], [0.25923789, 41.01664637], [0.26075012, 41.01845961], [0.26224135, 41.01934121], [0.26431053, 41.01958383], [0.26528282, 41.01939358], [0.26817541, 41.01920575], [0.27062088, 41.01910159], [0.27111586, 41.01919513], [0.27215405, 41.01904643], [0.27227551, 41.01914897000001], [0.27477954, 41.01798547], [0.27641513, 41.01777584], [0.27743779, 41.01800306], [0.27921239, 41.018904], [0.27981084, 41.01931378], [0.27989, 41.01960111], [0.27928949, 41.02066904], [0.27813063, 41.02187829], [0.27551754, 41.0239576], [0.27268994, 41.02542003], [0.27112262, 41.02600899], [0.26979085, 41.02624266999999], [0.26792183, 41.02596178], [0.266481, 41.02524655], [0.26574041, 41.02522419000001], [0.2649043, 41.02567987], [0.26140528, 41.02696597], [0.26085295, 41.02734951], [0.26063899, 41.02779128], [0.25968949, 41.02839238], [0.25789224, 41.02904258999999], [0.25633543, 41.03043689], [0.25230462, 41.03281404], [0.25183571, 41.03437522], [0.25090447, 41.03604961], [0.25037055, 41.03765463], [0.24741885, 41.04032499], [0.24718172, 41.04071361], [0.24606042, 41.04141563], [0.24509003, 41.04152624], [0.24406637, 41.04132492], [0.24331146, 41.04103682], [0.24288888, 41.04057507], [0.24273546, 41.03979], [0.24286578, 41.03886117], [0.24328592, 41.03779352], [0.24429754, 41.03707216999999], [0.24445516, 41.03647138], [0.24391414, 41.03567225], [0.2419439, 41.03441115999998], [0.24146713, 41.03426592999998], [0.23944635, 41.03429158], [0.23762556, 41.034138], [0.23503979, 41.03437074], [0.23427215, 41.03431103], [0.23312026, 41.03449783], [0.23223273, 41.03484165], [0.23124066, 41.03564628], [0.23040562, 41.03699556], [0.23012433, 41.03776007], [0.22985874, 41.03977994], [0.22992732, 41.04014811], [0.23040228, 41.04062703], [0.23360708, 41.04287831], [0.23465347, 41.04441379], [0.23483502, 41.04509519], [0.234694, 41.04606274], [0.23385487, 41.04666499], [0.23261216, 41.04724094], [0.2310765, 41.04754823999998], [0.2296297, 41.04754457], [0.22861567, 41.04737218], [0.22665931, 41.04658235], [0.22584433, 41.04606479999999], [0.22448436, 41.04477893], [0.22297168, 41.04249974999998], [0.22254104, 41.04214082], [0.22152968, 41.04169043], [0.22093691, 41.04153782], [0.2199593, 41.04167466], [0.21935854, 41.04200283], [0.21859077, 41.0427647], [0.21732758, 41.045168449999984], [0.21719788, 41.04685824], [0.21741238, 41.04731709], [0.21877027, 41.04838999], [0.22075582, 41.04948355], [0.22347537, 41.05032923], [0.22449139, 41.05084611], [0.22812189, 41.0514951], [0.22942825, 41.05223468], [0.2301483, 41.05292696], [0.23069161, 41.05417376], [0.23032437, 41.0568288], [0.22953496, 41.05824409], [0.22840073, 41.05903698], [0.2260407, 41.059104629999986], [0.223919, 41.05845876], [0.22307954, 41.058432989999986], [0.2221286, 41.05871157], [0.22013214, 41.05977818], [0.2195225, 41.06036926], [0.2189356, 41.06128729999998], [0.21745701, 41.06566921], [0.21739395, 41.06664416000001], [0.21845051, 41.06885379], [0.21906489, 41.06975023], [0.21993284, 41.07066393], [0.22129966, 41.07173601], [0.22184241, 41.07246], [0.22191344, 41.07285138000001], [0.22167394, 41.07341188], [0.22106134, 41.07396449], [0.21988968, 41.07462944], [0.21747454, 41.07557535], [0.21643768, 41.07663061], [0.21625763, 41.07740294], [0.21646437, 41.07801298], [0.21689412, 41.07831087], [0.21956197, 41.07915504000001], [0.2194529, 41.07947531], [0.2204019, 41.08167156], [0.21999748, 41.08283141], [0.21959516, 41.08329176], [0.21759234, 41.08399799], [0.21577425, 41.08429999], [0.21544918, 41.08447883], [0.21165064, 41.08385623], [0.20822854, 41.08283449], [0.20716043, 41.08288255], [0.20152506, 41.08412782], [0.20092575, 41.0844778], [0.20063138, 41.08485667], [0.20086382, 41.08632477], [0.20045761, 41.10217729], [0.20215211, 41.10565766], [0.20362123, 41.10654439], [0.20506585, 41.10809024000001], [0.20599911, 41.10941251], [0.20609797, 41.10972503], [0.2050318, 41.11008923], [0.20510001, 41.11044462000001], [0.20655095, 41.11339449], [0.20781913, 41.1154101], [0.20853844, 41.11642396], [0.2090991, 41.11666658], [0.2074695, 41.11842224], [0.20546904, 41.12010745], [0.20361927, 41.12114797], [0.2017003, 41.1230512], [0.20097902, 41.12443344], [0.20090198, 41.1259394], [0.20108959, 41.12641546], [0.20178483, 41.127174], [0.20298896, 41.1280333], [0.20377355, 41.12837161], [0.20659168, 41.12854808], [0.2087934, 41.1288618], [0.21329112, 41.130179], [0.21690703, 41.13069378], [0.21824713, 41.13118809], [0.21957459, 41.131891], [0.22007553, 41.13324893], [0.21978987, 41.1340849], [0.21936004, 41.13435757], [0.21756163, 41.13487261], [0.21599317, 41.13503672], [0.21259331, 41.13637293], [0.21399066, 41.13716401], [0.23797794, 41.12983381], [0.24010821, 41.12971495], [0.24118554, 41.129457129999984], [0.24224184, 41.12955276], [0.24295911, 41.12945273], [0.24316333, 41.12946231], [0.24360695, 41.1299576], [0.24478138, 41.12955327], [0.24545885, 41.1296347], [0.24591162, 41.12949966], [0.24647529, 41.12958866], [0.24718048, 41.13009288], [0.2475843, 41.1302055], [0.24864915, 41.12999443], [0.24883835, 41.1304119], [0.24973788, 41.13137459], [0.24978912, 41.13219048], [0.24951123, 41.13255889], [0.25092837, 41.13317182], [0.25190498, 41.13378256], [0.25226347, 41.13509226], [0.25133919, 41.13598015], [0.25121632, 41.13703714], [0.25041181, 41.13802677000001], [0.25172618, 41.13924329], [0.25337611, 41.13991096], [0.25289268, 41.14047866], [0.25281188, 41.14094591], [0.25354849, 41.141287859999984], [0.2541913, 41.14112363], [0.2552532, 41.141566], [0.25616529, 41.14296324], [0.25622642, 41.14353868], [0.25580783, 41.14363778], [0.25554779, 41.14396601], [0.2549796, 41.14426979], [0.25478279, 41.14464894], [0.25584713, 41.1467467], [0.25492003, 41.14732061], [0.25455791, 41.14783004], [0.25382858, 41.14809246], [0.25333251, 41.14847403], [0.25286292, 41.14940616], [0.25301831, 41.14991631], [0.25370789, 41.14934264], [0.25774379, 41.15043227], [0.26017874, 41.149142689999984], [0.26222747, 41.14889216], [0.26342581, 41.14895709], [0.26478752, 41.14873608], [0.26919694, 41.14884515], [0.27215674, 41.14856281], [0.27801603, 41.15177869], [0.27926922, 41.15279439], [0.27987419, 41.15359966], [0.28411761, 41.15574381], [0.28470406, 41.15617683], [0.28607436, 41.15604657], [0.2871624, 41.15671676], [0.28811044, 41.15697514], [0.29214577, 41.1563685], [0.2928817, 41.1573189], [0.29289599, 41.15867916], [0.29647623, 41.16039001], [0.29792954, 41.16100383], [0.30199276, 41.16098353], [0.30229116, 41.16238829], [0.30353859, 41.16325495000001], [0.30329747, 41.16453152], [0.30057672, 41.1665892], [0.30040483, 41.16699674], [0.30063605, 41.16737125], [0.30147303, 41.168029269999984], [0.30205294, 41.16822726], [0.30284947, 41.1682157], [0.30321808, 41.16839664], [0.3041218, 41.17045414], [0.30466291, 41.17090229999999], [0.30486331, 41.171339309999986], [0.3047468, 41.17247675], [0.30516517, 41.1735945], [0.30469509, 41.17439697], [0.30494679, 41.17539126], [0.30447789, 41.17631019], [0.30454565, 41.17689472], [0.30544909, 41.17798595999999], [0.30616921, 41.17935413], [0.305874, 41.18009971], [0.30623268, 41.18145797], [0.30575951, 41.18296628], [0.3058765, 41.18339529], [0.30565826, 41.18505616], [0.30623654, 41.18559764], [0.30714919, 41.18580853999999], [0.30825356, 41.18651814], [0.30834518, 41.18700142], [0.30794055, 41.1876778], [0.30778999, 41.18839754], [0.30843925, 41.19021689], [0.30988226, 41.19217883000001], [0.30990692, 41.19236417], [0.30927628, 41.19319204], [0.30963964, 41.19422994], [0.31015153, 41.19459519], [0.31205687, 41.19529898], [0.31244176, 41.19582286], [0.31226476, 41.19723165], [0.31257623, 41.1978285], [0.31183348, 41.19884394], [0.3131975, 41.20061108], [0.31317595, 41.2014004], [0.31346888, 41.20252507], [0.3140486, 41.20340098], [0.31373717, 41.20396164], [0.31379152, 41.20522428], [0.31442446, 41.20586949], [0.31480134, 41.20676267], [0.31528606, 41.20721848], [0.31535058, 41.2078758], [0.31724422, 41.20976153], [0.31753057, 41.21069863000001], [0.3171815, 41.2112793], [0.31731216, 41.21196354], [0.31662743, 41.21247345], [0.31705154, 41.21291099], [0.31689007, 41.21344198], [0.31785987, 41.21457958], [0.31787137, 41.21674674], [0.31825545, 41.218125929999985], [0.31871659, 41.21875097], [0.3184177, 41.21983957], [0.32121083, 41.22404584], [0.32240571, 41.2248455], [0.32366774, 41.22385887], [0.32636714, 41.22254886], [0.32866063, 41.22212966], [0.32990339, 41.2221027], [0.33105144, 41.2223451], [0.33261364, 41.22306585], [0.33347661, 41.22365504], [0.33534111, 41.22530537], [0.33676933, 41.22726551], [0.33775788, 41.22913362], [0.33791886, 41.22978094], [0.33893224, 41.23061353], [0.34017158, 41.23097886], [0.34077192, 41.23100018], [0.3422678, 41.23081152], [0.34375887, 41.22988986], [0.34437065, 41.228715829999985], [0.34698443, 41.22756844], [0.34909146, 41.22688691], [0.35431994, 41.22568935], [0.35794872, 41.22514772000001], [0.35996723, 41.22506941999998], [0.36115104, 41.22522306], [0.36225629, 41.22567623], [0.36342636, 41.22641733], [0.36451183, 41.22791541], [0.36461997, 41.2316623], [0.36434869, 41.232588], [0.36322531, 41.23463537], [0.36314736, 41.23577709], [0.36421189, 41.23854725], [0.36889444, 41.23810912], [0.3713347, 41.23741107], [0.37617295, 41.23651651], [0.37981856, 41.23631244], [0.3817224, 41.23663326], [0.38173269000164073, 41.23496125605654], [0.38183194, 41.23516821], [0.3816706, 41.23732613], [0.37875461, 41.23760181], [0.37891988, 41.23823472], [0.37878113, 41.23976719], [0.37840688, 41.24032954], [0.37826958, 41.24156607], [0.37792766, 41.241898609999986], [0.37721648, 41.24222349], [0.37719233, 41.24258345], [0.37688016, 41.24299569], [0.37518439, 41.24385404], [0.37390595, 41.24502047], [0.37384329, 41.24543101], [0.37402407, 41.24579627], [0.37461425, 41.24643382], [0.37352659, 41.24860147], [0.37382048, 41.24905205999998], [0.37487831, 41.24959966], [0.37559669, 41.25023831], [0.37635672, 41.2503872], [0.37663566, 41.2513616], [0.37805802, 41.2527899], [0.37777303, 41.25333235], [0.37803245, 41.25442594], [0.37791668, 41.2551115], [0.37803227, 41.25557007], [0.3783844, 41.25590567], [0.37843808, 41.25647655], [0.37753809, 41.25782149], [0.37741358, 41.25888401], [0.37767379, 41.25943752], [0.37677057, 41.26106652], [0.37709035, 41.26161772], [0.37721322, 41.262827], [0.37800481, 41.263948], [0.3779963, 41.26532289], [0.37905319, 41.26777579999999], [0.3795713, 41.27068756], [0.38077907, 41.27155021], [0.38098084, 41.27289802], [0.38191836, 41.27398202], [0.38269754, 41.27414354], [0.38296769, 41.27517727], [0.38369879, 41.27619343], [0.38367793, 41.27671551000001], [0.38569497, 41.27854896], [0.37658446, 41.28762169], [0.36963998, 41.29606237], [0.36858862, 41.29822453], [0.36865263, 41.29897051], [0.36678207, 41.30079508], [0.36652562, 41.3024994], [0.36546787, 41.30372306], [0.36674648, 41.3044893], [0.36758403, 41.30521286], [0.36842524, 41.30643235], [0.37032273, 41.31214688], [0.37044129, 41.31399888], [0.37017103, 41.31535398], [0.36790071, 41.31928315], [0.36600788, 41.32060109], [0.36380422, 41.32145813], [0.36277168, 41.32171699], [0.35675315, 41.32254629], [0.35315361, 41.32365356], [0.35118935, 41.32448161], [0.34982702, 41.32558891], [0.34903883, 41.32682072], [0.34860862, 41.32790667], [0.34863575, 41.32891755], [0.3488947, 41.32981391], [0.34985597, 41.33131719], [0.35123448, 41.33261605], [0.35445711, 41.33465935], [0.35675003, 41.33666408], [0.35994354, 41.33999935], [0.36088945, 41.34144672], [0.36188372, 41.34118117], [0.36333287, 41.34122959], [0.36434445, 41.34207674], [0.36465441, 41.34216711], [0.3651142, 41.34206319], [0.36564973, 41.34155066], [0.36685506, 41.34105346], [0.36744445, 41.34118001], [0.36743092, 41.34209911], [0.36658411, 41.34336419], [0.36689472, 41.34365323999999], [0.36738614, 41.34359191], [0.36837936, 41.34394683], [0.36941032, 41.34538849], [0.37041456, 41.34602279], [0.37085483, 41.34649624], [0.37119656, 41.34654121], [0.37193157, 41.34634218999999], [0.37200815, 41.34692457], [0.3728044, 41.34748152], [0.37298563, 41.34785692], [0.37285298, 41.34822939], [0.37239268, 41.34859987], [0.3723884, 41.34916643999998], [0.37292672, 41.34991955], [0.37347684, 41.350012], [0.37381618, 41.34982528], [0.37432399, 41.35043873999999], [0.37426164, 41.35090619], [0.3749725, 41.35157051], [0.37430088, 41.35171058], [0.37439607, 41.35220878], [0.37368321, 41.35225396], [0.37339563, 41.35351168], [0.37184934, 41.35489703], [0.37175444, 41.35546122], [0.37119338, 41.3553684], [0.37110376, 41.35548474], [0.37093184, 41.35595757], [0.37099775, 41.3568518], [0.36964772, 41.35800061], [0.369253, 41.35875366], [0.36816519, 41.35924472], [0.36763317, 41.36044193], [0.36673145, 41.36083546], [0.36520163, 41.36332569], [0.36465518, 41.36371078], [0.36455858, 41.36415824], [0.36330687, 41.36465969], [0.36243731, 41.36588846], [0.36234858, 41.36652871], [0.36185264, 41.36713978], [0.36225188, 41.36775712], [0.36202865, 41.36835921], [0.36208263, 41.36875862], [0.36146591, 41.36911251], [0.36106221, 41.36973679], [0.35829813, 41.3719932], [0.3576885, 41.3722557], [0.3558965, 41.37236762], [0.35205067, 41.37400476], [0.33773578, 41.38333361], [0.33377155, 41.38567529], [0.33143402, 41.38662978], [0.32245099, 41.39288033], [0.322507, 41.3929726], [0.32001965, 41.39418636], [0.33509817, 41.40649997], [0.33712843, 41.40846126000001], [0.33892743, 41.40986804], [0.34227021, 41.41318668], [0.34342213, 41.41489469], [0.34512043, 41.41862861], [0.3462567, 41.42045866], [0.34759511, 41.425428459999985], [0.34789288, 41.426162529999985], [0.34840623, 41.42673243], [0.34739373, 41.4294381], [0.34753617, 41.43018002], [0.3489245, 41.43368976], [0.34881418, 41.43568775], [0.34822313, 41.43975362], [0.34853, 41.44189972], [0.34881387, 41.44258679], [0.34953204, 41.443330799999984], [0.35053923, 41.44387027], [0.35164237, 41.44417531], [0.35296603, 41.44554533], [0.35554888, 41.44936727000001], [0.35669135, 41.45145213], [0.35668195, 41.45234215], [0.35644809, 41.45296483], [0.35605946, 41.45380395], [0.35527121, 41.45482058000001], [0.3540527, 41.45563732], [0.35039353, 41.45740686], [0.34741213, 41.45937965000001], [0.34591639, 41.46087042], [0.34508558, 41.4621184], [0.34473959, 41.46448048], [0.34476095, 41.46713114], [0.34526505, 41.46918583], [0.34531986, 41.47090011], [0.34487993, 41.47340579], [0.34422931, 41.47511121], [0.34320227, 41.47625264], [0.34272903, 41.47717020000001], [0.34230429, 41.47826916], [0.34182329, 41.48067206999998], [0.34200696, 41.48239677], [0.34278938, 41.48395914], [0.34368826, 41.48487162], [0.34668248, 41.48684344], [0.34781511, 41.487903119999984], [0.36098412, 41.48640619], [0.36702565, 41.48595909], [0.36863029, 41.48630505], [0.37079839, 41.48514317], [0.37189527, 41.48474418], [0.37955859, 41.48541911], [0.38624423, 41.48642295], [0.3945186, 41.48971437], [0.39738489, 41.49057249], [0.3998915, 41.49315274], [0.40244463, 41.49641119], [0.40289289, 41.4966806], [0.40372916, 41.49804108], [0.40369227, 41.49848824], [0.40472959, 41.49894297], [0.40612597, 41.500566290000016], [0.40816279, 41.50238215000001], [0.40941719, 41.50443414], [0.40962471, 41.50523839999999], [0.41076327, 41.50747429], [0.4113559, 41.50814597], [0.41223835, 41.50857887], [0.41302237, 41.50981086], [0.41598535, 41.51329654], [0.41739779, 41.51630026], [0.41798276, 41.51706987], [0.41896948, 41.51776657], [0.4208933, 41.51834353], [0.42129978, 41.51874248999999], [0.42689735, 41.52240135000001], [0.42904308, 41.52558083], [0.43119411, 41.52922719], [0.43239792, 41.530518419999986], [0.43244383, 41.53113698], [0.43411478, 41.53232519], [0.43478224, 41.5334121], [0.43744551, 41.53575278999999], [0.43862541, 41.53712787], [0.4436211, 41.54117841999999], [0.44712201, 41.54201669], [0.44616516, 41.54300655], [0.44491339, 41.54724814], [0.4394632, 41.55564731], [0.43624741, 41.55835052], [0.43574226, 41.5598013], [0.43256794, 41.56238114], [0.43009705, 41.565109499999984], [0.43305811, 41.56880061], [0.43216213, 41.57319480000001], [0.43023026, 41.57733060000001], [0.43133003, 41.580996509999984], [0.43320605, 41.58283927], [0.43615785, 41.58489164], [0.43555831, 41.58811012], [0.43340899, 41.59286512], [0.43370588, 41.5933694], [0.42880889, 41.60219846], [0.41064121, 41.5957787], [0.40221062, 41.59262247999999], [0.39223002, 41.59521017], [0.34979448, 41.599551], [0.3490777, 41.6021407], [0.34905392, 41.602965099999984], [0.3492386, 41.6032131], [0.34886673, 41.60338826], [0.34915608, 41.60388616], [0.34884609, 41.604014], [0.34866184, 41.60438357000001], [0.34780003, 41.61100945], [0.34794767, 41.61196786], [0.34740607, 41.61330647], [0.34749908, 41.61432855], [0.34723587, 41.61457543], [0.34711453, 41.61724825], [0.34664461, 41.6184313], [0.34663814, 41.61925645], [0.34629206, 41.62024408], [0.34645222, 41.62061443000001], [0.34599113, 41.62199697], [0.34639771, 41.62229764], [0.34790317, 41.62287612999999], [0.34912578, 41.62369344], [0.35101747, 41.62675775], [0.35303758, 41.62807533], [0.35381673, 41.62952759], [0.35824714, 41.63196791], [0.35553637, 41.6345777], [0.3519253, 41.63503875], [0.34967257, 41.63648201], [0.3393123, 41.65064397], [0.33622037, 41.65459498], [0.3330034, 41.6597777], [0.32895286, 41.66135536], [0.32629685, 41.66256179], [0.32579668, 41.67338405], [0.32832071, 41.68153094], [0.33202503, 41.68538604], [0.33404135, 41.68802258], [0.3371377, 41.69022945], [0.34102535, 41.69425438], [0.34154465, 41.6960556], [0.35047201, 41.70223615], [0.35231559, 41.70301143], [0.35415368, 41.70433229000001], [0.35877151, 41.70842716], [0.36355719, 41.71091007], [0.36820996, 41.71364651], [0.36887947, 41.72413550000001], [0.37270341, 41.72345382], [0.38521016, 41.73961554], [0.39081401, 41.73419122], [0.39279877, 41.73299761], [0.39524054, 41.73182099], [0.39508279, 41.73317533], [0.39550994, 41.73446526], [0.39480671, 41.73769925], [0.39867019, 41.74906236], [0.39837383, 41.75034427], [0.3995749, 41.75104163], [0.39876674, 41.75322939], [0.39797358, 41.75427919], [0.39954217, 41.7546836], [0.39845033, 41.75712869], [0.39974561, 41.75604426000001], [0.40685259, 41.75866268], [0.4235943, 41.76017625], [0.42820403, 41.76160574], [0.43798373, 41.76132184], [0.44814018, 41.76470972], [0.46447715, 41.76331394999998], [0.4698207, 41.76543247999999], [0.47032331, 41.76952419], [0.47189176, 41.774419490000014], [0.47293792, 41.78030057999999], [0.47293724, 41.78203108], [0.47408715, 41.7880565], [0.47754794, 41.79215062], [0.47906483, 41.79455931], [0.48148899, 41.79749858], [0.48245011, 41.79948823], [0.48274927, 41.80107273], [0.4833052, 41.80145284000001], [0.4847833, 41.80183133], [0.48585819, 41.80253738], [0.48807556, 41.80433664], [0.48852162, 41.80504029], [0.49486814, 41.80434361], [0.49887949, 41.80711584], [0.49992197, 41.81068127000001], [0.50194114, 41.81437201], [0.51050312, 41.82016759], [0.51554376, 41.82210288], [0.51710914, 41.82132481], [0.51965065, 41.82052758], [0.52512613, 41.822248], [0.53039657, 41.82109599], [0.53576588, 41.82096704], [0.54247302, 41.82008776], [0.54354938, 41.82041017], [0.54410744, 41.82135109], [0.54363577, 41.82200693], [0.54373422, 41.82227854], [0.54475804, 41.82294834], [0.54547018, 41.82427014], [0.5465393, 41.82453203], [0.54676075, 41.82518421], [0.54734515, 41.82545257], [0.54774945, 41.82626359], [0.54892834, 41.82635935], [0.54914098, 41.82762402999999], [0.54895447, 41.82857732999999], [0.54959221, 41.82920131], [0.54969087, 41.82973841], [0.55030273, 41.8300322], [0.55031882, 41.83039749], [0.55117654, 41.83113445], [0.55115941, 41.83247539], [0.55161359, 41.83392477], [0.55209979, 41.83430824], [0.55312072, 41.83471371], [0.55243708, 41.83664249], [0.55340965, 41.84009662], [0.55132445, 41.84059128], [0.55153847, 41.84420826], [0.55305788, 41.84765622], [0.55312617, 41.84863576], [0.55256638, 41.84910813], [0.55488706, 41.85248971], [0.55536105, 41.85292836], [0.55645702, 41.85326734], [0.55715472, 41.85391348000001], [0.55758236, 41.85390172000001], [0.55917332, 41.85279228], [0.56121234, 41.85192167000001], [0.56231248, 41.85187103], [0.5626931, 41.85214133], [0.5627264, 41.8523863], [0.56225318, 41.85282667], [0.56227324, 41.85319556999998], [0.56859871, 41.85199491], [0.58002842, 41.85081203], [0.58195764, 41.85726318], [0.57989348, 41.86317376], [0.58412198, 41.86352934], [0.58462706, 41.86459187], [0.58524148, 41.86514147], [0.58701092, 41.86571389], [0.58848188, 41.86556935], [0.58869197, 41.86564748], [0.58877186, 41.86598827], [0.58967753, 41.86604091], [0.59006686, 41.86575008], [0.59158565, 41.86537318], [0.59406355, 41.86790656999999], [0.59873683, 41.8692555], [0.6034903, 41.86914752], [0.60515896, 41.86990307], [0.60677719, 41.87100002], [0.60768308, 41.87243722], [0.6073811, 41.873267669999976], [0.6083214, 41.87835549], [0.60371868, 41.88000045], [0.60314603, 41.88054414], [0.59780295, 41.88275243], [0.59296139, 41.88417711000001], [0.5920762, 41.88480072], [0.59262819, 41.885445099999984], [0.59320324, 41.88663796], [0.59505025, 41.88860118], [0.59589981, 41.89085663], [0.59635383, 41.89299028], [0.59711572, 41.89480719], [0.59801094, 41.89615891], [0.59845658, 41.90027769], [0.59933273, 41.90313209], [0.6006353, 41.90573851], [0.60095442, 41.90711425], [0.6008528, 41.90949754999998], [0.600151, 41.91030832], [0.59631436, 41.91339394], [0.59575655, 41.91409276000001], [0.59495063, 41.91581034], [0.59480664, 41.91666411], [0.59498023, 41.91762901], [0.5952321, 41.91799999], [0.59656003, 41.91867633], [0.598774, 41.91897883], [0.59974966, 41.91890988], [0.60256925, 41.91795016], [0.6039636, 41.91784972], [0.60592391, 41.91800381], [0.60639382, 41.918162], [0.60759418, 41.91922857], [0.60611203, 41.9197978], [0.60595875, 41.92022928], [0.60487185, 41.92058133], [0.60458821, 41.9210101], [0.60365895, 41.92170767], [0.60248973, 41.92247017], [0.6017026, 41.922766], [0.59993349, 41.92311122999999], [0.59867292, 41.923631960000016], [0.59642477, 41.923994599999986], [0.5951258, 41.92455696], [0.59412285, 41.92454093], [0.5927266, 41.92475397], [0.59205671, 41.92513213], [0.5913086, 41.92518888], [0.59050322, 41.92561165], [0.58909856, 41.92604681], [0.5873648, 41.92633763], [0.58639832, 41.92668453999999], [0.5848447, 41.92689917], [0.5806917, 41.92800082], [0.57999949, 41.92843589], [0.57904491, 41.92864309], [0.57869127, 41.92888295], [0.57788662, 41.92884099], [0.5774761, 41.92899221], [0.57683819, 41.92940592], [0.57615515, 41.93021589], [0.57564856, 41.93016522], [0.57357332, 41.93107566], [0.57268255, 41.93118673], [0.57208218, 41.93149129], [0.57173787, 41.93148401], [0.57145529, 41.93128789], [0.57086124, 41.93166281], [0.56934075, 41.93170556], [0.56747266, 41.93200323], [0.56591684, 41.93247643], [0.56264467, 41.93268649], [0.56221684, 41.93421358], [0.56181882, 41.93476236], [0.56176218, 41.93687483], [0.56126047, 41.93876517], [0.56126231, 41.93888403], [0.56244804, 41.93908744], [0.56387531, 41.93960107], [0.56477656, 41.94236411], [0.5659047, 41.94437887], [0.56730692, 41.94536027], [0.56773288, 41.94661811000002], [0.56944779, 41.9484377], [0.57073456, 41.94926715], [0.57137624, 41.95016087], [0.57599598, 41.95349308], [0.5772394, 41.95484059], [0.5781822, 41.95757257], [0.58014398, 41.95821758000001], [0.5860106, 41.96159533], [0.58701277, 41.96650276], [0.59271148, 41.96872121], [0.59307959, 41.96870819], [0.59524455, 41.96690092999999], [0.59781987, 41.96542024999999], [0.59928852, 41.96341659], [0.59965783, 41.96330821], [0.59966617, 41.96281619], [0.60013406, 41.96206372], [0.60057739, 41.96178524], [0.601182, 41.96172883], [0.60168361, 41.96134292], [0.60262589, 41.96126772], [0.60291596, 41.96083712], [0.60391758, 41.9605501], [0.60427227, 41.96028995999998], [0.60557937, 41.95999453], [0.60583875, 41.96043613], [0.60579903, 41.96083055], [0.60506456, 41.96163525], [0.60509322, 41.96242092], [0.60426058, 41.96336801], [0.60356592, 41.96506426], [0.6035341, 41.96553956000001], [0.60390709, 41.96582105], [0.60664244, 41.96649051], [0.60900298, 41.96675519], [0.61048986, 41.96789211], [0.61080945, 41.96978285999999], [0.61161246, 41.9710659], [0.61190923, 41.97317352], [0.61179125, 41.97414282], [0.61068244, 41.97639254], [0.61063612, 41.97765051], [0.61165606, 41.97816578], [0.6138821, 41.97993466], [0.61424598, 41.98115651], [0.61449623, 41.98143114], [0.61897075, 41.98307631], [0.61844639, 41.98363438], [0.61686434, 41.98645589], [0.61691086, 41.9869839], [0.62132255, 41.98945681], [0.62146166, 41.98989903], [0.62196905, 41.99050091], [0.62405201, 41.991812309999986], [0.62544149, 41.99223003], [0.62658201, 41.99227937], [0.62957855, 41.99282246], [0.63200876, 41.99264112], [0.63346907, 41.99284841], [0.63493521, 41.99240166], [0.63886415, 41.99474009], [0.64233808, 41.98617463], [0.64185564, 41.98201166], [0.64310663, 41.9828764], [0.6436127, 41.98375996], [0.64382334, 41.98470503], [0.6444298, 41.98596944], [0.64577629, 41.98739841], [0.64569905, 41.98839447], [0.64610865, 41.98995715], [0.64526823, 41.99219128], [0.64661997, 41.99626297000001], [0.64710436, 41.99675217], [0.65071225, 41.99828667], [0.65201527, 41.99872173], [0.65374114, 41.99893673], [0.65416306, 41.99910874], [0.65718865, 42.00124722], [0.65749458, 42.0019737], [0.65819083, 42.00258943], [0.65829458, 42.0030757], [0.65814296, 42.00389420000001], [0.65845093, 42.00432195], [0.65851563, 42.00553166], [0.65879574, 42.00618291], [0.65957667, 42.00697776], [0.65970663, 42.00845687], [0.66003255, 42.00932246], [0.6627175, 42.01178328], [0.66322974, 42.01317882], [0.66325091, 42.0137361], [0.66404551, 42.01510204], [0.66399667, 42.0154835], [0.66337381, 42.01565454], [0.66161995, 42.01462315], [0.65988778, 42.01386761], [0.65877134, 42.01407424], [0.65726261, 42.01483302], [0.65686758, 42.01545982], [0.65593775, 42.01623307], [0.65580485, 42.01753809999999], [0.65523495, 42.01820134], [0.65466025, 42.02053966], [0.65519264, 42.02160287], [0.65518526, 42.02226261], [0.65426188, 42.02279755], [0.65235732, 42.02323199], [0.65172029, 42.02380939], [0.65163995, 42.02549952], [0.65192473, 42.02633924], [0.65357703, 42.02702725000001], [0.65448226, 42.027693959999986], [0.65742171, 42.03124698], [0.65657507, 42.03417923], [0.65672719, 42.03968511], [0.65688871, 42.04010439], [0.65739975, 42.04064242], [0.65923356, 42.04136767], [0.66305419, 42.04095229], [0.66488596, 42.04108862], [0.66647302, 42.04146302], [0.66854863, 42.04284091999999], [0.66898262, 42.04353733], [0.66950765, 42.04503346], [0.67069376, 42.04595783], [0.67117257, 42.04673729], [0.67202104, 42.04731719], [0.67211281, 42.04753287], [0.67180451, 42.04795424000001], [0.66948452, 42.04898972], [0.66906579, 42.04962238000001], [0.66914288, 42.05073467], [0.66868494, 42.05287196], [0.66914235, 42.05412857000002], [0.66847178, 42.05506079], [0.67000312, 42.05633542], [0.66989755, 42.05851983], [0.67044945, 42.05992478], [0.66973844, 42.06156909999998], [0.67334548, 42.065279160000024], [0.67376209, 42.06815083], [0.67493115, 42.06911836], [0.67565559, 42.07027077], [0.67699432, 42.07175662], [0.67941418, 42.07391675], [0.68027903, 42.07601352], [0.68135926, 42.0783334], [0.68139495, 42.07996095], [0.68252995, 42.08101386], [0.68281192, 42.08150998], [0.68239075, 42.08253077], [0.68269413, 42.08300547], [0.68344724, 42.08347661], [0.68361142, 42.083758570000015], [0.68298086, 42.08628467], [0.6828143, 42.088099009999986], [0.6832307, 42.08869387], [0.68400998, 42.08918166], [0.68430896, 42.08958237], [0.68462448, 42.09151385], [0.68503315, 42.09241773], [0.68862613, 42.09550508], [0.69053565, 42.09633789], [0.69233809, 42.09681973], [0.6962761, 42.09900289], [0.69624041, 42.09935981000001], [0.69464022, 42.10052574], [0.69452125, 42.1009124], [0.69485437, 42.10123363], [0.69750747, 42.10272673999998], [0.69829269, 42.10349412], [0.69970252, 42.10535605], [0.69950027, 42.10841960000001], [0.69891135, 42.10989487], [0.70054128, 42.11373175], [0.70081373, 42.11490483], [0.70190148, 42.11592392], [0.70225093, 42.11673225], [0.70217812, 42.12148013], [0.70142859, 42.12261038], [0.69981056, 42.12436523], [0.69871006, 42.12609629], [0.69721022, 42.12764094], [0.69669071, 42.12868402], [0.6968299, 42.13476906], [0.69658089, 42.13564628000001], [0.69554868, 42.137697739999986], [0.6953078, 42.13874513], [0.69532242, 42.13972125], [0.69658559, 42.14183322], [0.6966895, 42.142551990000015], [0.69617212, 42.14493582], [0.69596542, 42.14818104], [0.69599439, 42.14881795], [0.69632245, 42.14887178], [0.69563655, 42.15148703], [0.69856457, 42.154031809999985], [0.69899399, 42.15407448], [0.69958757, 42.15443239999998], [0.70005702, 42.154460169999986], [0.70013441, 42.15476134], [0.70055725, 42.15510383], [0.70077983, 42.15500343999999], [0.70118036, 42.15508986], [0.70148338, 42.15559288], [0.70226779, 42.15607782], [0.70226546, 42.15701482], [0.70309416, 42.15734984], [0.70349017, 42.15798956], [0.70853535, 42.15959242], [0.71396425, 42.16307857], [0.70888486, 42.16670381], [0.70110482, 42.16917624], [0.70059366, 42.16913976], [0.7003826, 42.16981795], [0.69869363, 42.17108152], [0.69791811, 42.17198662], [0.69781786, 42.17253865], [0.69799271, 42.17306177], [0.69985729, 42.17496497], [0.7007891, 42.17629363], [0.7009128, 42.17755063], [0.70057115, 42.1796945], [0.70059988, 42.18138361], [0.7009879, 42.182826380000016], [0.7014696, 42.18348134], [0.70310509, 42.18487669], [0.70348177, 42.18544979999999], [0.70329806, 42.18641752], [0.70208532, 42.187408429999984], [0.70181866, 42.1882675], [0.70187178, 42.1888585], [0.70283618, 42.190164250000024], [0.70344587, 42.19058847], [0.70410786, 42.19065961], [0.70557142, 42.19031057999999], [0.70640904, 42.19042329], [0.70676757, 42.19072275], [0.70661174, 42.19203203], [0.70673415, 42.19283736], [0.70795615, 42.19456617], [0.70930401, 42.1973187], [0.70915642, 42.19917507], [0.70793407, 42.20246255], [0.70798288, 42.2044024], [0.7088807, 42.20582846], [0.71025521, 42.20724265], [0.71184298, 42.20843836], [0.71328684, 42.20891735], [0.71392835, 42.20963997], [0.71415088, 42.21036243], [0.71408776, 42.21108466], [0.71337644, 42.21255119], [0.71305246, 42.21412099], [0.71346627, 42.21604522], [0.71443606, 42.21703119], [0.71645598, 42.21749521999999], [0.71688305, 42.21777436], [0.71713557, 42.21822936], [0.71661357, 42.22007838], [0.71491324, 42.2208858], [0.7141647, 42.22169854], [0.71402366, 42.22262371], [0.71441914, 42.2241436], [0.71551269, 42.22553005], [0.71673312, 42.22672316], [0.71868756, 42.22772276], [0.71945384, 42.22839698], [0.72299613, 42.23386253000001], [0.72495865, 42.23583459000001], [0.72493682, 42.23628274], [0.7241903, 42.2381152], [0.72413217, 42.23918528], [0.72564077, 42.24333948], [0.72763536, 42.24473269], [0.72793135, 42.24524983], [0.72783171, 42.2460172], [0.72805507, 42.24636734], [0.72990229, 42.24698581], [0.73167842, 42.24719075], [0.73227147, 42.24744172], [0.7343362, 42.25073948], [0.73438047, 42.25180184], [0.73485967, 42.25258419], [0.73530675, 42.25477241], [0.73660873, 42.25684414], [0.73626299, 42.25889786], [0.7368925, 42.25969967000001], [0.73760375, 42.26147922], [0.73758808, 42.26220367], [0.73704309, 42.26387038], [0.73734436, 42.26545616], [0.73761912, 42.26625687], [0.7383664, 42.26732968], [0.73883102, 42.268774059999984], [0.73975505, 42.27036564], [0.73943129, 42.27268251], [0.73874615, 42.27479077], [0.73857659, 42.2759396], [0.73920426, 42.27829241], [0.739648, 42.27893067], [0.73974674, 42.27946989999999], [0.73951663, 42.27993121], [0.73826602, 42.28100138], [0.73796605, 42.28156981], [0.73784856, 42.28237201], [0.73955013, 42.28432125], [0.74133474, 42.28402827], [0.74185415, 42.28506205999999], [0.74301356, 42.28517744], [0.74369306, 42.28565369], [0.74274648, 42.28945284], [0.74320754, 42.29090518999999], [0.74438735, 42.30124025], [0.75612082, 42.30935387], [0.75467145, 42.313906899999985], [0.75892396, 42.31717671], [0.76013268, 42.32046165], [0.76567084, 42.32282186], [0.76517707, 42.32333062], [0.76396395, 42.32346667], [0.763236, 42.3237635], [0.76241078, 42.32387488], [0.76090768, 42.32452081999999], [0.75964388, 42.32480715], [0.75941368, 42.32554799], [0.75832599, 42.32629729], [0.75758309, 42.3264817], [0.75621946, 42.32660072], [0.75448943, 42.32641868], [0.75401911, 42.32497595], [0.75371861, 42.3250028], [0.75305074, 42.32558089], [0.75193861, 42.32604415], [0.75075413, 42.32685784], [0.75030706, 42.32696671], [0.74791645, 42.32719751], [0.74545886, 42.32662254], [0.74417928, 42.3265287], [0.74353655, 42.32752925], [0.74373969, 42.32939176], [0.74329227, 42.33005011], [0.74173062, 42.3313346], [0.74106164, 42.3327987], [0.74091883, 42.33355835], [0.74105319, 42.3348286], [0.74164729, 42.33617462], [0.74470386, 42.33826249], [0.74552839, 42.33900544], [0.74645662, 42.34017216], [0.74685791, 42.34179552], [0.74736622, 42.34240119], [0.74772895, 42.34258701999999], [0.75091985, 42.34317388], [0.75312509, 42.34449733], [0.75339299, 42.34483694], [0.75358555, 42.34575766999998], [0.75328537, 42.34632425], [0.75527511, 42.34699599], [0.75725884, 42.34676282], [0.75803435, 42.347375], [0.75815006, 42.34798603], [0.75874483, 42.34826564], [0.76008888, 42.34845503], [0.7621905, 42.34827234], [0.76386124, 42.34663023], [0.76356533, 42.34701417], [0.7666083, 42.34861093], [0.7665918, 42.3487216], [0.76926415, 42.3500243], [0.77096132, 42.35031633], [0.76734469, 42.35245779], [0.76603347, 42.35292559], [0.76519275, 42.35588207], [0.76446529, 42.35634592000001], [0.76449506, 42.35668865], [0.76258492, 42.35607072], [0.76067307, 42.35660925], [0.76032862, 42.35707605], [0.76012024, 42.35868943], [0.76024046, 42.35696054], [0.75795419, 42.35703206], [0.75371551, 42.35611743], [0.75216613, 42.35617988], [0.75023191, 42.35656168], [0.74928668, 42.35730859], [0.74856943, 42.35703784], [0.74807665, 42.35628386], [0.74650064, 42.35644607], [0.7452874, 42.35681398], [0.74011968, 42.35898332], [0.73929252, 42.35953819], [0.73750277, 42.36136528], [0.73613382, 42.36175970999999], [0.73345679, 42.36179508], [0.73016508, 42.36243762], [0.72743682, 42.3632702], [0.72513301, 42.36520712], [0.72299836, 42.36544293], [0.72209366, 42.36655823], [0.72188326, 42.36721938], [0.72235088, 42.368666969999985], [0.72509118, 42.37014944], [0.73402033, 42.37160331], [0.73534536, 42.37395555], [0.73482459, 42.37620408], [0.73650888, 42.37632267], [0.73726775, 42.37653907], [0.74057242, 42.37780366], [0.74250744, 42.37886838], [0.74266007, 42.38022231], [0.74408192, 42.38341313], [0.74566063, 42.38448024], [0.74516183, 42.38483211], [0.74419527, 42.38652912], [0.74256889, 42.38781859], [0.7420283, 42.39050996], [0.74140563, 42.39180209], [0.73975083, 42.39119598], [0.73965184, 42.39234767], [0.73920746, 42.39319711], [0.73936499, 42.393927879999985], [0.7388185, 42.39457061], [0.73899256, 42.39587761], [0.73786562, 42.39685938], [0.73749392, 42.3976139], [0.73791627, 42.3991784], [0.73632701, 42.39893258], [0.73531148, 42.39975552], [0.73416577, 42.40041344], [0.73262388, 42.40100354], [0.73160717, 42.40163376000001], [0.73049069, 42.40183874], [0.72886539, 42.40327538], [0.72646333, 42.40479619], [0.72698501, 42.40595691], [0.72796794, 42.40733048], [0.72797473, 42.40784137], [0.73109773, 42.4079571], [0.73329075, 42.4071934], [0.73473262, 42.40786753], [0.7349687, 42.41036018], [0.73540923, 42.41228999], [0.73575511, 42.41272333], [0.73479701, 42.41428574], [0.73458725, 42.415078319999985], [0.73360153, 42.41692458999999], [0.72915344, 42.42200902], [0.7288346, 42.42283803], [0.72791109, 42.42411709000002], [0.72786251, 42.42507153], [0.7272005, 42.42564574], [0.72714049, 42.42633108], [0.72679101, 42.4267392], [0.72534014, 42.42720377], [0.72427415, 42.42725570000001], [0.72346648, 42.42747198], [0.72132365, 42.42836129], [0.72078038, 42.42886473], [0.7201334, 42.42917606000001], [0.72023224, 42.42954671], [0.71907983, 42.43009384], [0.7179794, 42.43128053], [0.71502431, 42.43301101], [0.71384287, 42.43402369999998], [0.71164904, 42.43491232], [0.71061518, 42.43572977], [0.71053616, 42.43619936], [0.71080832, 42.43735979], [0.71169135, 42.43888301], [0.71168149, 42.43944062], [0.71115838, 42.44029030999999], [0.70981305, 42.44167813], [0.71003784, 42.44301333], [0.70977088, 42.44426766], [0.70843161, 42.44514814], [0.70796478, 42.44571849], [0.70803819, 42.44629491], [0.70855693, 42.44721748], [0.70846426, 42.44767653], [0.70642644, 42.44959527000001], [0.70702754, 42.45031527], [0.70792497, 42.45208632], [0.70750065, 42.45351862], [0.70678064, 42.45477470999999], [0.70681197, 42.45590552], [0.70723839, 42.45673351], [0.70891433, 42.4580998], [0.70911145, 42.45844797], [0.70903297, 42.45887053], [0.70642801, 42.46368674], [0.70472471, 42.46403318], [0.69658492, 42.47352869], [0.69450382, 42.4762267], [0.6905751, 42.4835605], [0.6901289, 42.48650571], [0.69260064, 42.48651207000001], [0.69327854, 42.4863313], [0.69460388, 42.48625536], [0.69769191, 42.48552846], [0.7006752, 42.490208739999986], [0.69913065, 42.49490288], [0.70070968, 42.49543989999999], [0.70473136, 42.49376456], [0.70658588, 42.49219667], [0.70828749, 42.49141516], [0.70924498, 42.48919146999999], [0.7134006, 42.48723048], [0.72784649, 42.49795212999999], [0.73042757, 42.49727558], [0.73406247, 42.5041966], [0.73474201, 42.50426495], [0.73627269, 42.5037592], [0.73807934, 42.50343929], [0.73924607, 42.50391205], [0.73987556, 42.50448663], [0.74056693, 42.50452119], [0.74111134, 42.50488489], [0.74099545, 42.50547616], [0.74060372, 42.505952149999985], [0.7390902, 42.50627527], [0.73813009, 42.50673479999998], [0.73692678, 42.5082537], [0.73625589, 42.50843393], [0.73558243, 42.50839186], [0.73395237, 42.50890609000001], [0.73264031, 42.50971421], [0.73220955, 42.51019202], [0.73158685, 42.51040717], [0.73106463, 42.51116554], [0.72890386, 42.51257126], [0.72819513, 42.51281867], [0.72700606, 42.5129598], [0.72115032, 42.51298357000001], [0.71993109, 42.51287341], [0.72020836, 42.51525997], [0.72064083, 42.51565576], [0.72217935, 42.51630287], [0.72244528, 42.51727559], [0.72328536, 42.517839659999986], [0.72380275, 42.52057109], [0.72353662, 42.52114632], [0.72186389, 42.52282867999999], [0.72129178, 42.52372435], [0.72113407, 42.5244002], [0.72226713, 42.52657893], [0.72314959, 42.52736358], [0.72366282, 42.52839287], [0.72573768, 42.52897677], [0.72586198, 42.5291453], [0.72580215, 42.53116552999999], [0.72594382, 42.53158253], [0.72697354, 42.53287558], [0.72907872, 42.53621223], [0.73475834, 42.5406095], [0.73539831, 42.54087895], [0.73620948, 42.54102235], [0.7363511, 42.53923481000001], [0.73728791, 42.53857405], [0.7377067, 42.53806665], [0.73894241, 42.5375029], [0.74247894, 42.53634666], [0.74376147, 42.535491769999986], [0.74599446, 42.53545911], [0.75305391, 42.53382093], [0.75065634, 42.53473188], [0.74832999, 42.53586821], [0.74728269, 42.5359235], [0.7470556, 42.53608678], [0.74700077, 42.53675462], [0.74669445, 42.53725184000001], [0.74519382, 42.53840896], [0.74562158, 42.53975108], [0.74466379, 42.54037422], [0.74371237, 42.54136404], [0.74173619, 42.54203543], [0.74128965, 42.54331269], [0.74129547, 42.54408320000001], [0.74203484, 42.54485989], [0.74264925, 42.5449859], [0.74251925, 42.545173859999984], [0.74284019, 42.54621566999999], [0.74215761, 42.54616458999999], [0.74203926, 42.54669255000001], [0.74206652, 42.54715744], [0.74245988, 42.54766606], [0.74261883, 42.54832739], [0.74429769, 42.54827334], [0.74480056, 42.54873367], [0.74470099, 42.54926942], [0.74485301, 42.54950636], [0.74572304, 42.54986916], [0.74638305, 42.54963773], [0.74699798, 42.54974061], [0.74766419, 42.55117482], [0.74792495, 42.55127772], [0.74861294, 42.55249481], [0.74936003, 42.55307481], [0.74937281, 42.55454016], [0.74914422, 42.55489777], [0.74849997, 42.55526484], [0.74822896, 42.55676536], [0.74828579, 42.55729722], [0.74859789, 42.55783411], [0.74857567, 42.55831258], [0.74969828, 42.55966491], [0.75001255, 42.56053664], [0.75096003, 42.5612119], [0.75218296, 42.561795969999984], [0.75290315, 42.56312896], [0.75361537, 42.56342898], [0.75463002, 42.56428203], [0.75488996, 42.56480923], [0.75483078, 42.56604422], [0.75552435, 42.56723349], [0.7560873, 42.56792586], [0.75678421, 42.56823574], [0.75720884, 42.56862978], [0.75770889, 42.56935423], [0.75895335, 42.57321294], [0.75883454, 42.57429186000001], [0.75833053, 42.57514477], [0.75815666, 42.57664104], [0.757723, 42.57753151], [0.75900501, 42.57862388], [0.75917356, 42.58000281], [0.76024405, 42.58069336], [0.76065624, 42.5814963], [0.75979876, 42.58286689], [0.75971835, 42.58343309], [0.76075693, 42.58533139], [0.75960489, 42.58660024000001], [0.76120462, 42.588736], [0.76124516, 42.5890034], [0.76064719, 42.59002852], [0.76072196, 42.59045952], [0.7609831, 42.59072382], [0.760859, 42.59250989], [0.76109837, 42.59303298], [0.76198912, 42.59390946], [0.762504, 42.59618562], [0.76359181, 42.59774425], [0.763486, 42.59843366], [0.76408189, 42.59950185], [0.76445511, 42.60208075], [0.76583484, 42.60311439], [0.76603643, 42.60408018], [0.76657196, 42.60476343], [0.76653066, 42.60591885], [0.76714331, 42.60727641], [0.7677167, 42.60765638], [0.7673327, 42.60820708], [0.76790652, 42.6097084], [0.76728597, 42.6106144], [0.76756851, 42.6115851], [0.74496243, 42.61513565], [0.74439301, 42.61492592], [0.74407121, 42.61454634], [0.74123376, 42.61260613], [0.73940981, 42.6125422], [0.73840809, 42.61230292], [0.73742672, 42.61262077], [0.73357234, 42.61532222], [0.73076456, 42.61530388], [0.72914893, 42.61487438], [0.72813175, 42.6157154], [0.72763519, 42.61580492], [0.72692872, 42.61627118], [0.72627636, 42.61632861], [0.72590854, 42.6167312], [0.72451732, 42.6166042], [0.72375656, 42.61671329], [0.72334816, 42.61715233], [0.72276242, 42.61738082], [0.72188364, 42.61811274999998], [0.721272, 42.61828275], [0.7210952, 42.61867257], [0.71899649, 42.61903654], [0.71726977, 42.61980536], [0.71446045, 42.61996361], [0.71310458, 42.61992683], [0.71266244, 42.61971801], [0.71047535, 42.62053528], [0.70861339, 42.62074548], [0.70778608, 42.62102722], [0.70742036, 42.62148767], [0.70616961, 42.62203732], [0.7057661, 42.62247871], [0.70391077, 42.62358154000001], [0.70222356, 42.62498622], [0.7014968, 42.625804], [0.70094956, 42.62682196], [0.70044684, 42.62709211], [0.6999816, 42.62787937], [0.69873515, 42.62874699], [0.69853711, 42.63011383], [0.69898833, 42.63084268], [0.70079177, 42.63228039], [0.70088756, 42.63260679], [0.70059645, 42.63410652000001], [0.69967552, 42.63605418], [0.69951503, 42.63699533], [0.70079737, 42.63953877], [0.70150364, 42.64043152], [0.70341121, 42.64185784], [0.7034099, 42.64207605], [0.70289531, 42.64264018], [0.70143395, 42.64311735], [0.69973141, 42.64408764], [0.6995502, 42.64466801], [0.69834624, 42.645463779999986], [0.69840128, 42.64700453999998], [0.69708451, 42.64879793], [0.69684027, 42.64947945], [0.69626024, 42.65004765], [0.69620372, 42.651151869999985], [0.69561167, 42.65182116], [0.6948859, 42.65311365], [0.69493649, 42.65334791], [0.69609786, 42.6542251], [0.69613107, 42.65439736], [0.69527863, 42.65551558], [0.69556371, 42.65583163], [0.69532761, 42.65646575], [0.69578065, 42.65745692], [0.69575554, 42.658270520000016], [0.69555973, 42.65861705], [0.69208079, 42.65906538], [0.6911858, 42.65865671], [0.68994772, 42.65843095000001], [0.68948513, 42.65810035], [0.68815852, 42.65812833], [0.68692751, 42.65824585], [0.68629559, 42.65846937], [0.68465894, 42.65947159000001], [0.68408456, 42.660100779999986], [0.68390212, 42.66112294], [0.68391478, 42.66177991], [0.68476576, 42.66381819], [0.68441663, 42.66403926], [0.68413518, 42.66513058], [0.68245277, 42.6653884], [0.68048321, 42.66603289], [0.67994262, 42.66736721], [0.6800498, 42.6682131], [0.6797176, 42.66858882], [0.67907341, 42.668797179999984], [0.6782357, 42.66883051], [0.67697129, 42.67021379], [0.67593352, 42.67092219], [0.67579869, 42.67132003], [0.67536571, 42.67174554], [0.67530558, 42.67282165], [0.67406219, 42.67498205], [0.67425909, 42.67544745], [0.67397302, 42.67584819], [0.67417149, 42.67629539], [0.6736689, 42.67686695], [0.67384584, 42.67733899], [0.67349436, 42.67811384], [0.67350317, 42.67897535], [0.67159059, 42.68042113], [0.67138422, 42.680874049999986], [0.6708618, 42.68087853], [0.6694166, 42.68146112], [0.66914798, 42.68138765], [0.66866369, 42.68160445], [0.66761458, 42.68172664], [0.66651723, 42.68218028], [0.66565767, 42.682846529999985], [0.66501953, 42.68361550999999], [0.66360454, 42.68448197], [0.66268097, 42.68573072], [0.66139772, 42.68691524], [0.66013882, 42.68780731], [0.65991436, 42.68844585], [0.6604386, 42.68958216], [0.66019695, 42.69085422], [0.66203825, 42.69142359], [0.66278885, 42.69128438], [0.66327685, 42.69136879], [0.66470409, 42.69104915], [0.66558455, 42.69043782], [0.66632201, 42.69013909], [0.6671117, 42.68947989], [0.6687632, 42.68916059], [0.67050367, 42.68972559], [0.67065631, 42.68996368], [0.67291577, 42.69011358], [0.67511226, 42.69064974], [0.67567326, 42.69064664], [0.67593099, 42.69081864], [0.67674643, 42.69082556], [0.67614049, 42.69287132], [0.67621863, 42.69418267], [0.67545644, 42.69461226], [0.67497709, 42.69461534], [0.67417372, 42.69604516], [0.67405541, 42.69677837], [0.67445552, 42.697599299999986], [0.6742752, 42.69759538], [0.67409464, 42.69784151], [0.67394856, 42.69899508], [0.67426183, 42.69924296], [0.67422317, 42.69960011], [0.67467471, 42.70014152], [0.67473296, 42.7004846], [0.6751765, 42.70076858], [0.67510771, 42.70117815], [0.67621717, 42.70295806], [0.67824932, 42.70365249], [0.67933848, 42.70453783], [0.68098777, 42.70526259], [0.68155854, 42.70618164], [0.6818529, 42.70745721], [0.68266507, 42.70890049], [0.6812988, 42.71028401], [0.68057844, 42.71060841], [0.67959957, 42.71077789], [0.67893185, 42.71121946], [0.67860418, 42.71169809], [0.67821581, 42.71183268], [0.67726503, 42.71258113], [0.6768099, 42.71325757], [0.67664295, 42.71401763], [0.67470386, 42.7157374], [0.67382852, 42.71692953], [0.67375349, 42.71739638], [0.6738702, 42.71781320999999], [0.67514161, 42.71929571], [0.67739115, 42.72131266], [0.67941438, 42.72246113], [0.67982284, 42.72289545999999], [0.67989606, 42.72323166000001], [0.68017282, 42.72325069], [0.67958413, 42.7235892], [0.67934501, 42.72395642], [0.67894509, 42.7240422], [0.67865462, 42.72441189], [0.67851154, 42.7249404], [0.67867983, 42.72512574999998], [0.67856342, 42.72565844], [0.67869769, 42.72605443], [0.67788161, 42.72660163], [0.67779093, 42.72740653], [0.6765536, 42.72848069], [0.67476091, 42.72928372], [0.6719835, 42.72993489], [0.67045365, 42.73090548], [0.67025113, 42.73172773], [0.66978694, 42.73201537], [0.66964314, 42.73234597], [0.67005666, 42.7332329], [0.66976595, 42.73357558], [0.670025, 42.73420639], [0.66903807, 42.73481008000001], [0.66847114, 42.73552905], [0.6683727, 42.73597576], [0.66722655, 42.73653190000001], [0.66699884, 42.73694611], [0.66694433, 42.73787953], [0.66745195, 42.73851936], [0.6665326, 42.73920006], [0.66668531, 42.73971342], [0.66646413, 42.73999465], [0.66717204, 42.74145292], [0.66670305, 42.74155335], [0.66623203, 42.74191729], [0.66534513, 42.74187906], [0.66424393, 42.74219328], [0.66322688, 42.74326852], [0.66332987, 42.74371244], [0.66310995, 42.74399189], [0.66316137, 42.74474772], [0.66273786, 42.74508209999998], [0.6626665, 42.74561307], [0.66306885, 42.74689919], [0.66411819, 42.74781802], [0.66381796, 42.74831611], [0.6637424, 42.74946285], [0.66269553, 42.75011588000001], [0.66165233, 42.75044033000001], [0.66120447, 42.75074179], [0.66086609, 42.75123455], [0.66089761, 42.75187282], [0.65948183, 42.752234530000024], [0.6473148, 42.75144574], [0.63927965, 42.75486514], [0.64105534, 42.7544233], [0.64152219, 42.75446497999999], [0.64413086, 42.75502727], [0.64501582, 42.75554058], [0.64571081, 42.75562063], [0.64604384, 42.75580696], [0.6479718, 42.7581822], [0.64895127, 42.75841024], [0.65006133, 42.76023641], [0.65091322, 42.76236452], [0.65109264, 42.76327251], [0.6509469, 42.76364045], [0.64994349, 42.76432221], [0.6505516, 42.76517752], [0.65248167, 42.76638328], [0.65400055, 42.76702889], [0.6556714, 42.7685396], [0.65677031, 42.76865161], [0.65707321, 42.7684458], [0.65856455, 42.76815237], [0.65969353, 42.76846875], [0.66005449, 42.76910652], [0.66229647, 42.77001053], [0.66375655, 42.77117042], [0.66440087, 42.77143654], [0.66573945, 42.77359639], [0.66581179, 42.77420532999999], [0.66664375, 42.77492074], [0.66722271, 42.77511244], [0.66681008, 42.77540549], [0.66558383, 42.77565585], [0.66298507, 42.77563249], [0.66178792, 42.77591762], [0.65926392, 42.77583942], [0.65922813, 42.77618228], [0.65698777, 42.77728175], [0.65601269, 42.777266730000015], [0.65470167, 42.77689171], [0.65419593, 42.7769571], [0.6537929, 42.7773216], [0.65337379, 42.77744914999999], [0.65163068, 42.777674539999985], [0.65042315, 42.77854673], [0.65021187, 42.77903057], [0.64948122, 42.77937257], [0.6494755, 42.78042044], [0.64910947, 42.78047268000001], [0.64788392, 42.78184822], [0.64658577, 42.78251148999998], [0.64482228, 42.78298401], [0.64568572, 42.78339048], [0.64556197, 42.7835469], [0.64617675, 42.7837763], [0.64702271, 42.78478171], [0.64764179, 42.78512584], [0.64958233, 42.78530026], [0.65062107, 42.78506692], [0.65047084, 42.78537551], [0.65071424, 42.7859107], [0.6526169, 42.78766877], [0.65297326, 42.78900705], [0.65371606, 42.79003084], [0.65375091, 42.79089249], [0.65423773, 42.7922678], [0.65540611, 42.79361394], [0.65647942, 42.79380474000001], [0.65728893, 42.79493431], [0.6577612, 42.79515782999999], [0.65806324, 42.7962209], [0.65935234, 42.79790031999999], [0.65989353, 42.79832414], [0.66043235, 42.79844295], [0.66084585, 42.7981848], [0.6625603, 42.79832205000001], [0.66311174, 42.79852209], [0.66408885, 42.79916409], [0.66507623, 42.79939881], [0.66615107, 42.79998085], [0.66656054, 42.80082727], [0.66726556, 42.80137157], [0.66824986, 42.80147124], [0.66953722, 42.80187346000001], [0.66985049, 42.80228688], [0.67003897, 42.80328411], [0.67081781, 42.80454875], [0.67077504, 42.80604293], [0.67009324, 42.80641044], [0.6695449, 42.80695356], [0.66903813, 42.80786102], [0.66906284, 42.80852455], [0.66828961, 42.80983012], [0.66680337, 42.81103022], [0.66567066, 42.81227938], [0.66559401, 42.81269692], [0.66491588, 42.81370049], [0.66506411, 42.81490737], [0.66495092, 42.81541317], [0.66561519, 42.81618509], [0.66657149, 42.81784047], [0.66654261, 42.81825544999999], [0.66685652, 42.81883712], [0.6680437, 42.81967438], [0.66840482, 42.82029845999998], [0.67041058, 42.82162937], [0.66984352, 42.82391551], [0.67010865, 42.82428291], [0.66935098, 42.8248305], [0.66828536, 42.82519416], [0.66743319, 42.82599426], [0.66611099, 42.82641619000001], [0.66512354, 42.82760106], [0.66252403, 42.82838916], [0.66188084, 42.82906514], [0.66156116, 42.82953766], [0.66134466, 42.830756399999984], [0.66088798, 42.8310793], [0.66083434, 42.83150094], [0.66106648, 42.83183706], [0.66055195, 42.83210921], [0.66022537, 42.83260047], [0.6598371, 42.832802509999986], [0.65940709, 42.83422259999998], [0.65944577, 42.83490085], [0.65915085, 42.8353946], [0.65890497, 42.8366127], [0.65930455, 42.83870942], [0.66154761, 42.84032097], [0.66303015, 42.84160464], [0.66384772, 42.84194541], [0.66458541, 42.84247965], [0.66630557, 42.84308564], [0.66836424, 42.84415237], [0.67051339, 42.84436729], [0.67157251, 42.84466197], [0.67416551, 42.845974970000015], [0.67521485, 42.84608768], [0.67550802, 42.84670487], [0.67606836, 42.84706156], [0.67678942, 42.84715993999998], [0.67758635, 42.847837509999984], [0.67853557, 42.847642149999984], [0.67884729, 42.84871403999998], [0.67887446, 42.84968621], [0.67930594, 42.85039274], [0.67901344, 42.85067519], [0.67822953, 42.85324912], [0.67829072, 42.85459358], [0.67802238, 42.8552499], [0.6783485, 42.85498347], [0.67979157, 42.8547331], [0.68073911, 42.854949699999985], [0.68254072, 42.85463059], [0.68380178, 42.85483504], [0.68504806, 42.85528745000001], [0.68602523, 42.85516009], [0.68637461, 42.85498411], [0.68723799, 42.85501172], [0.68771772, 42.85543138], [0.68800206, 42.85547619], [0.68897039, 42.8553864], [0.68955097, 42.85511553], [0.69139813, 42.85506443], [0.69415153, 42.85605564], [0.69591458, 42.85618347], [0.69686271, 42.85663385], [0.69968315, 42.85732588], [0.70041962, 42.85781126], [0.70201351, 42.85835279], [0.70259678, 42.858816889999986], [0.7049017, 42.85968576], [0.70582006, 42.86045928], [0.70661249, 42.86055178], [0.70829027, 42.86141887], [0.7095965, 42.86130558], [0.71016502, 42.86088944], [0.71255752, 42.86056441999999], [0.71315465, 42.86018222], [0.7141589, 42.8600192], [0.71727724, 42.85838446], [0.71755884, 42.85926274], [0.71959412, 42.85960314], [0.72345591, 42.85893088], [0.72483806, 42.85850787], [0.72701463, 42.85752282], [0.72830285, 42.85712266], [0.730946, 42.85507503], [0.73155578, 42.85495928], [0.73252416, 42.85524153], [0.73483436, 42.85432207], [0.73482835, 42.85359558], [0.73539386, 42.85276854], [0.73478168, 42.85203431], [0.7357285, 42.85013512], [0.73595, 42.84897795], [0.73789591, 42.84876717], [0.74100408, 42.84803562], [0.74227229, 42.84789949000001], [0.74356703, 42.84739507], [0.74518403, 42.84702875], [0.74947225, 42.84709637000001], [0.75067819, 42.84646181], [0.75127144, 42.84570182], [0.75187344, 42.84542844], [0.75646691, 42.84430836], [0.75958999, 42.8431457], [0.76161844, 42.84278683], [0.76192525, 42.84107413000001], [0.76279801, 42.840281809999986], [0.76530099, 42.84023143000001], [0.76599808, 42.83942824], [0.76644307, 42.83917303], [0.76965127, 42.83874142], [0.7710395, 42.83836906], [0.77226971, 42.83845129], [0.77365959, 42.83758867], [0.7747254, 42.83727164], [0.77709189, 42.83621603999999], [0.77998474, 42.83593771], [0.78268296, 42.83656295], [0.78411968, 42.83642172], [0.78547275, 42.83603766], [0.78604913, 42.83630863], [0.7865377, 42.83625395], [0.78740648, 42.83648597], [0.78802135, 42.83622787999999], [0.78930079, 42.83623627], [0.78977952, 42.83637567000001], [0.79007626, 42.83692962], [0.79161202, 42.83710878], [0.79268988, 42.837661709999985], [0.79327644, 42.83773045], [0.79376872, 42.83822184], [0.79377188, 42.83891097999999], [0.79479169, 42.83925578999999], [0.79541429, 42.84001793], [0.7976866, 42.83985950000001], [0.79881485, 42.8400212], [0.79943594, 42.84034069], [0.80069861, 42.84060047], [0.80150918, 42.8405973], [0.80220783, 42.84045059], [0.80307838, 42.84002494], [0.80471655, 42.83963208], [0.80575026, 42.83899565], [0.8082432, 42.83881903], [0.80883573, 42.83902184], [0.81050515, 42.83867361], [0.81088623, 42.83871377], [0.81141248, 42.83850232], [0.8114797, 42.83824282], [0.81193916, 42.83788967], [0.81249283, 42.83792345], [0.81339509, 42.837464179999984], [0.81565331, 42.83709099], [0.81663851, 42.83643998], [0.81715214, 42.83574968], [0.8173776, 42.83505171], [0.81781848, 42.83457312], [0.81842987, 42.834501], [0.8198031, 42.83474480999999], [0.82063707, 42.834604339999984], [0.82125628, 42.83334585], [0.8217863, 42.83312903], [0.82228108, 42.83241763], [0.82366403, 42.83178093], [0.82555879, 42.83167363], [0.82672918, 42.83129435], [0.8285295, 42.83052898], [0.82888428, 42.83013065], [0.83045255, 42.82970736], [0.83235664, 42.82892188], [0.83315251, 42.82835775], [0.83433233, 42.82850932], [0.8356487, 42.82807892], [0.84136586, 42.82883282], [0.84215704, 42.82918247], [0.84375376, 42.82926496], [0.84578242, 42.82854201], [0.84635084, 42.82867037], [0.84697455, 42.82859294], [0.84777767, 42.8283239], [0.84834771, 42.82791345], [0.84955321, 42.82747077], [0.85069086, 42.82727588], [0.85100081, 42.82702393], [0.85196543, 42.82671582], [0.85276044, 42.82663189], [0.85412254, 42.82687773], [0.85553222, 42.82686094999998], [0.85654905, 42.82642881], [0.85734119, 42.82585904], [0.85806965, 42.82572337], [0.85783479, 42.82519692], [0.85825643, 42.82390281], [0.85855306, 42.82348055], [0.8592439, 42.82303828], [0.85959875, 42.82242828], [0.8606983, 42.82173779], [0.86099884, 42.82117528], [0.86166166, 42.82102838], [0.86254783, 42.82045686], [0.86398213, 42.81989894], [0.86431143, 42.81948362], [0.86520286, 42.819000330000016], [0.86595669, 42.81880305], [0.8675499, 42.81757540000001], [0.86948727, 42.81678994], [0.87042854, 42.81621136], [0.87094938, 42.81563521000002], [0.87130921, 42.81578538], [0.87368727, 42.81598195999999], [0.87461303, 42.81530499], [0.87529092, 42.81515786], [0.87660872, 42.81446494], [0.87720876, 42.81432271], [0.87908371, 42.81488872], [0.87994899, 42.81500211999999], [0.88044897, 42.81483385], [0.88163517, 42.81380312999998], [0.88215564, 42.81356875], [0.88395424, 42.81356558], [0.88519659, 42.81323568], [0.88750279, 42.81156936], [0.89031007, 42.81039949], [0.89128126, 42.80952628], [0.89128397, 42.80901361], [0.89206342, 42.80820498], [0.89416442, 42.8072685], [0.89571862, 42.80678899], [0.89661349, 42.80687312], [0.89687428, 42.80702575], [0.89755339, 42.80682678], [0.89822652, 42.80621842], [0.89845997, 42.80553937], [0.89926548, 42.80481666], [0.8989816, 42.80455923], [0.89950806, 42.80374919], [0.90089819, 42.80337794], [0.90120428, 42.803426209999984], [0.90228654, 42.80305520999999], [0.90256755, 42.802613649999984], [0.90287697, 42.80260351], [0.90324272, 42.80225087], [0.90502556, 42.80155622], [0.90567012, 42.80153374], [0.90592631, 42.80140741], [0.9060714, 42.80107563], [0.90639761, 42.80107391], [0.90642389, 42.79990327], [0.90705856, 42.79940834], [0.90715373, 42.79907199], [0.90684454, 42.79795687], [0.90747661, 42.79688891], [0.91048518, 42.7964079], [0.91150549, 42.79653212], [0.91203036, 42.79677981], [0.91363248, 42.79645031], [0.91532103, 42.79629877], [0.91626833, 42.79593849999998], [0.91666699, 42.79568629], [0.91666504, 42.7947184], [0.91717152, 42.79370642], [0.91758892, 42.7935787], [0.91883368, 42.79364156], [0.9202052, 42.793097], [0.92085153, 42.79268048], [0.92094263, 42.79245557], [0.92070104, 42.79217564], [0.92119744, 42.79168245999998], [0.92201956, 42.79154099], [0.92236158, 42.79099264], [0.92293002, 42.79087502999999], [0.92394995, 42.79015271], [0.92627073, 42.78935571], [0.92672954, 42.78929802999998], [0.92729612, 42.78954015], [0.92807631, 42.78930608], [0.92899125, 42.78940292], [0.93078669, 42.78881425], [0.93209266, 42.78938544], [0.93271334, 42.78937762], [0.93311268, 42.78954993], [0.93333228, 42.7896594], [0.93336102, 42.79019066], [0.93423742, 42.79144164], [0.93537087, 42.79223074], [0.93555878, 42.79306099], [0.93590911, 42.79351388], [0.93692429, 42.79405783], [0.9373487, 42.79452293], [0.93808731, 42.79570288], [0.93767954, 42.7959388], [0.93778468, 42.79621156], [0.93859785, 42.79625419], [0.93984611, 42.79704725], [0.94058911, 42.7971056], [0.94207746, 42.79777731], [0.94226494, 42.79820907], [0.94316736, 42.79859518], [0.94345207, 42.79890287], [0.94396174, 42.799066459999985], [0.94450801, 42.79892042], [0.94630881, 42.79912388000001], [0.94696449, 42.80056179], [0.94695221, 42.80152522999999], [0.94765649, 42.80177007], [0.94997962, 42.80170658], [0.95082764, 42.80204481], [0.95101351, 42.80231641000001], [0.95271928, 42.80257926], [0.95431732, 42.80312697], [0.9569696, 42.80335309], [0.95805856, 42.80423315], [0.95843882, 42.80518388], [0.95902364, 42.80525761], [0.96005767, 42.80593751], [0.96189717, 42.80549127], [0.96214614, 42.80521896], [0.96341598, 42.80488779], [0.9644196, 42.80430960000001], [0.96597504, 42.80370498], [0.9663261, 42.80281845], [0.96699098, 42.80203951], [0.96689955, 42.80165010000001], [0.96764631, 42.80097435], [0.96761553, 42.80031715], [0.96805461, 42.79956721], [0.968709, 42.79933134999999], [0.96957571, 42.79857691], [0.97438753, 42.79729894], [0.97476868, 42.79694635], [0.97522681, 42.79680299], [0.975207, 42.79660023], [0.97558908, 42.79629083], [0.97652089, 42.79590816], [0.97702216, 42.79519174], [0.97776015, 42.7947973], [0.9778851, 42.79450553], [0.97827918, 42.79441222], [0.97815023, 42.79425688], [0.97859891, 42.79385788], [0.97844188, 42.79349153], [0.97865401, 42.79304579], [0.97853688, 42.79269099], [0.97792279, 42.79208755], [0.97759331, 42.7919743], [0.97720623, 42.79207763], [0.97718472, 42.79188834], [0.97677798, 42.79178442], [0.97669333, 42.79162002], [0.97690525, 42.79139105], [0.97775949, 42.79116432], [0.97800202, 42.79096831], [0.9781459, 42.79065891], [0.97791563, 42.79039731], [0.97815166, 42.79014182], [0.97973278, 42.78952131], [0.98010535, 42.78906150999999], [0.9814931, 42.78824035], [0.98208612, 42.78762099], [0.98281681, 42.78718681], [0.98291422, 42.7869134], [0.98409162, 42.7866972], [0.98524096, 42.78700844], [0.98669803, 42.78686222], [0.98791876, 42.78698138], [0.98899232, 42.78665974], [0.98939253, 42.78659888], [0.98968892, 42.78671508], [0.99002513, 42.78659816], [0.99044851, 42.78671493], [0.99085513, 42.7866452], [0.99153178, 42.7869601], [0.99204675, 42.78693557], [0.99324572, 42.78740236], [0.99401934, 42.78724324], [0.9947534, 42.7868855], [0.99621739, 42.78763605], [0.99695137, 42.78784765000001], [0.99714458, 42.7881238], [0.99785054, 42.78812079999999], [0.99890053, 42.78873135], [0.99983369, 42.78879824], [1.00018271, 42.78919602], [1.00081951, 42.78935811], [1.00116511, 42.78971355], [1.00164324, 42.78976654], [1.00184814, 42.78995205], [1.00235426, 42.78983016], [1.00305592, 42.78995297], [1.00416098, 42.79056269999999], [1.00516893, 42.79087109999998], [1.00742692, 42.79037612], [1.00984986, 42.78855744], [1.01125731, 42.7878613], [1.01173112, 42.78782600999999], [1.01205138, 42.7882457], [1.01271884, 42.7882257], [1.01330607, 42.788588279999985], [1.01443837, 42.78858137], [1.01510368, 42.78801624], [1.0170148, 42.78705141999998], [1.01835032, 42.78731538], [1.01874611, 42.78723994], [1.0192536, 42.78743461], [1.02087465, 42.78688081], [1.0228316, 42.78650318], [1.02483773, 42.78669037], [1.02580182, 42.78645719], [1.026109, 42.78654559], [1.02812181, 42.78642793], [1.02944256, 42.785939529999986], [1.03136812, 42.78479124], [1.03243923, 42.78529122], [1.03297287, 42.78641004], [1.03302637, 42.78706672], [1.03540087, 42.786436579999986], [1.03572676, 42.7866944], [1.03722617, 42.78695303], [1.03773736, 42.78678609], [1.03820672, 42.78702674], [1.03863499, 42.7870013], [1.03989734, 42.78639568], [1.04225385, 42.7858613], [1.04371656, 42.78506951], [1.0440891, 42.7844494], [1.0434846, 42.78383393], [1.04263891, 42.78236678], [1.04378646, 42.78110422], [1.04605642, 42.78113934], [1.04794045, 42.7809587], [1.05020747, 42.78191919999998], [1.05353589, 42.7826183], [1.05723588, 42.78188313], [1.05845129, 42.78201579], [1.05879658, 42.78268224], [1.05931034, 42.78294787999999], [1.05941571, 42.78352273], [1.0602311, 42.78309227], [1.06086498, 42.783051569999984], [1.06168411, 42.78327776], [1.06505387, 42.7832541], [1.06631064, 42.78298896], [1.06710853, 42.78256892], [1.06805745, 42.78278481], [1.07025346, 42.78262199], [1.07147037, 42.782747329999985], [1.07343584, 42.7825767], [1.07439516, 42.78335176], [1.07440411, 42.78390549], [1.07490738, 42.78434266], [1.07567059, 42.78600234], [1.07665351, 42.78711280000001], [1.07672864, 42.78779503], [1.0770627, 42.78810683], [1.07779924, 42.78832332], [1.07887013, 42.78832632999998], [1.0791139, 42.78800779999999], [1.0800612, 42.7876479], [1.08024768, 42.78728877], [1.08118844, 42.78683070000001], [1.08245813, 42.78550697], [1.08294622, 42.78540687000001], [1.08336524, 42.78484592], [1.08315549, 42.78394813], [1.08295598, 42.78377726], [1.08333254, 42.78317058], [1.08321427, 42.78286895], [1.0838958, 42.781862980000014], [1.08443359, 42.78140219], [1.08523428, 42.78085525], [1.0867827, 42.78044218], [1.08699585, 42.78027239], [1.08750039, 42.77915081], [1.0873889, 42.77838251], [1.08845905, 42.77821632], [1.08885712, 42.77795539], [1.09011931, 42.77759203], [1.09067409, 42.77657387], [1.09154291, 42.77625386000001], [1.09171653, 42.77583692], [1.09190966, 42.77579269000001], [1.09203188, 42.7760494], [1.09232503, 42.77615715999998], [1.09305361, 42.77586882], [1.09343565, 42.77587202], [1.09335145, 42.775758990000014], [1.09414109, 42.77502291], [1.09505323, 42.77457143], [1.09713989, 42.77415609], [1.0973205, 42.77389756], [1.09887339, 42.77360043], [1.09952477, 42.77324412], [1.10053696, 42.7730543], [1.10171447, 42.77258678], [1.10402051, 42.77285336], [1.10565982, 42.7724875], [1.10626756, 42.77260708], [1.10708791, 42.77223392], [1.10837452, 42.77193825], [1.10887805, 42.77154599], [1.1093216, 42.77074524], [1.10912739, 42.76868304], [1.10960522, 42.76630083], [1.10933449, 42.76569164], [1.10990879, 42.76571167], [1.11113351, 42.76528716], [1.11281673, 42.76547870999999], [1.11429828, 42.76451094], [1.11508129, 42.76438082], [1.11615257, 42.76443293], [1.11793966, 42.7636018], [1.11933155, 42.76344007], [1.12038908, 42.76199079], [1.12100181, 42.76070639], [1.12167257, 42.76015692], [1.121814, 42.75959457], [1.12283944, 42.75940028], [1.12333133, 42.75913548], [1.12478033, 42.75765255], [1.12624127, 42.75727428], [1.12711983, 42.75621936], [1.12815168, 42.75563389], [1.1283489, 42.75515616], [1.12901408, 42.75451032], [1.12992888, 42.75228679], [1.13066752, 42.7516701], [1.1308034, 42.75135319], [1.13119163, 42.75127272], [1.13280524, 42.75035199], [1.13246266, 42.74969486], [1.13195497, 42.74931546], [1.13184075, 42.74823599], [1.13133295, 42.74767041], [1.13062183, 42.74739448], [1.12983635, 42.74582572], [1.12983923, 42.74520428000001], [1.13010116, 42.74442009], [1.13129328, 42.74271227], [1.13057885, 42.74178152], [1.13037687, 42.74070053], [1.13055829, 42.73945895], [1.13135249, 42.73908247], [1.13151639, 42.73876605], [1.13246862, 42.73806495], [1.13412026, 42.73765843], [1.13511817, 42.73568278], [1.13492905, 42.73495998], [1.13381047, 42.733622], [1.13359881, 42.73257503], [1.13282655, 42.73158664], [1.13279323, 42.731104], [1.13319469, 42.72961803], [1.13311221, 42.72853824], [1.13328033, 42.728203], [1.13367233, 42.72792383], [1.13431774, 42.7277687], [1.13508546, 42.72787021], [1.13662818, 42.72636003], [1.14004324, 42.72435445], [1.14076579, 42.7242267], [1.14092598, 42.72387063], [1.14186668, 42.72355778999999], [1.14246358, 42.72308608], [1.14331167, 42.72292272], [1.14416495, 42.72232864], [1.14487958, 42.72237160000001], [1.14498279, 42.72227176], [1.1458504, 42.72245227], [1.14639245, 42.72236093], [1.14937836, 42.721021260000015], [1.14958272, 42.72061648], [1.15034181, 42.72014303], [1.15037825, 42.71995569], [1.15126464, 42.71962115], [1.15167537, 42.71805615], [1.15203911, 42.71766311], [1.1518533, 42.71744586], [1.15206901, 42.71702868], [1.15230045, 42.7169994], [1.15295955, 42.71644597], [1.15641858, 42.71513317], [1.15720332, 42.71415378], [1.15815947, 42.71392291], [1.15875497, 42.71348797999999], [1.15933931, 42.7125573], [1.16126289, 42.71227648], [1.16152457, 42.71198419000001], [1.16128316, 42.71167336], [1.16366923, 42.71076369999999], [1.16429496, 42.71014129], [1.16604017, 42.70893819], [1.16672375, 42.70911088], [1.16695557, 42.70895207], [1.16867694, 42.70869824], [1.17047065, 42.70792669], [1.17131594, 42.70819205], [1.17304585, 42.70813075], [1.17439596, 42.70859267], [1.17484136, 42.70858318], [1.17630933, 42.70937085], [1.17632183, 42.70978926], [1.17651375, 42.70989145], [1.17683029, 42.71068737], [1.17649897, 42.71129779], [1.17665901, 42.71163957], [1.17719985, 42.7118934], [1.17768816, 42.71257893], [1.17826799, 42.71302948], [1.17878497, 42.71318937], [1.17944441, 42.71312234], [1.18031262, 42.71343838], [1.1818415, 42.71364873], [1.18268152, 42.71400924], [1.18340451, 42.71460249], [1.18507269, 42.71484483], [1.18577976, 42.7152849], [1.18773413, 42.71585492], [1.18903831, 42.71741038], [1.19045893, 42.71745868], [1.19063358, 42.71756865999998], [1.19237262, 42.71686776], [1.19332262, 42.71710684], [1.19546623, 42.71728149], [1.19732039, 42.71782355], [1.19857721, 42.71780513], [1.19963702, 42.71753157], [1.20059426, 42.7177743], [1.20153934, 42.71773981], [1.20198297, 42.71794782], [1.20214027, 42.71862048], [1.20380119, 42.71878775], [1.20494225, 42.71916213], [1.20533087, 42.71949331], [1.20589143, 42.72053875999998], [1.20661387, 42.72040786], [1.20687805, 42.72054269], [1.20831311, 42.72056042], [1.20997534, 42.72096505], [1.21183548, 42.72060581], [1.21202353, 42.72043988], [1.21429125, 42.72039138], [1.21621048, 42.7199728], [1.21662063, 42.72004169], [1.2170479, 42.72038786], [1.21761649, 42.72133714], [1.21844314, 42.72146782], [1.21871613, 42.72171429], [1.220406, 42.72221544], [1.22064742, 42.7229767], [1.22093997, 42.72326216], [1.2223222, 42.72373389], [1.22373017, 42.72384269], [1.2252185, 42.72463632], [1.22698188, 42.72589224], [1.22739501, 42.72666623], [1.22824575, 42.72712999], [1.22859579, 42.72757286], [1.229242, 42.72782368], [1.23019694, 42.72746982999998], [1.23272315, 42.72739283], [1.23321678, 42.72688385], [1.23326352, 42.72634861], [1.23400898, 42.7258213], [1.23406173, 42.725288859999985], [1.23516689, 42.72488618], [1.23547792, 42.72484634], [1.23552924, 42.7249641], [1.23585468, 42.72485165], [1.23627679, 42.72501059], [1.23676287, 42.72482973000001], [1.23728346, 42.7248383], [1.2380668, 42.72446808], [1.24070405, 42.72495032], [1.24116847, 42.72467825], [1.24154598, 42.72397217], [1.24271256, 42.72298675], [1.24357411, 42.72277156], [1.24472143, 42.722989120000015], [1.24716266, 42.72264869], [1.2476021, 42.72211089], [1.24802897, 42.72105845], [1.24897643, 42.7208644], [1.2503222, 42.72003832], [1.25036647, 42.71974226], [1.25098451, 42.71902299], [1.25102672, 42.71855153], [1.25272186, 42.71603858], [1.25297104, 42.71513162], [1.25283, 42.71454835], [1.25312387, 42.71446861], [1.25574451, 42.71484229], [1.2568016, 42.71530018], [1.25912733, 42.715668079999986], [1.25948495, 42.7156586], [1.26066649, 42.71493226], [1.26153548, 42.71519639], [1.26592216, 42.7155706], [1.26696072, 42.715998409999976], [1.26718505, 42.71784478], [1.26824258, 42.71845635], [1.26967671, 42.71813419], [1.27133851, 42.71835889], [1.27307534, 42.71835724], [1.27434357, 42.71869336], [1.27470122, 42.71864246], [1.27480379, 42.71876193], [1.27600381, 42.71818949], [1.27611065, 42.71771187], [1.27655656, 42.71748073], [1.27650573, 42.71726137000001], [1.27711236, 42.71633853], [1.27742798, 42.71519336], [1.27815524, 42.71406651], [1.28166068, 42.71479553000001], [1.28292519, 42.71558744], [1.28389049, 42.71589789], [1.2841552, 42.71585446999999], [1.28534713, 42.71666947], [1.28564998, 42.71665634], [1.28585399, 42.71681069], [1.28622844, 42.71664401000001], [1.28726494, 42.71673255000001], [1.28965083, 42.71800816], [1.2917417, 42.71890849], [1.29389721, 42.71918658], [1.29489647, 42.71950737], [1.29582505, 42.71940974], [1.29674466, 42.71949363], [1.29790863, 42.71893746], [1.29895773, 42.71863847], [1.30150555, 42.71859708], [1.30303869, 42.71817713], [1.30538376, 42.71827093], [1.30724515, 42.71868258], [1.30826737, 42.71838308], [1.30871169, 42.7179926], [1.30900543, 42.71799904], [1.3093409, 42.71761853], [1.31036113, 42.71805911], [1.31422977, 42.71894477], [1.31694178, 42.71896135], [1.31779665, 42.71947121], [1.31845609, 42.72007602], [1.31837355, 42.72023121], [1.31880937, 42.72034417], [1.3194253, 42.72093571], [1.32137936, 42.72203116], [1.32373911, 42.72293417], [1.32535713, 42.72431026999999], [1.32705633, 42.72439258999999], [1.32766934, 42.72428345], [1.32873938, 42.72444225], [1.32981242, 42.72432679], [1.33228317, 42.72476909999999], [1.33298287, 42.72478449], [1.33528846, 42.72430684], [1.3352545, 42.72357516], [1.33582253, 42.72183841], [1.33680807, 42.72128266], [1.33740368, 42.72054277], [1.33711946, 42.72015975], [1.33712803, 42.71913376], [1.33742934, 42.71874724], [1.33802922, 42.71849754], [1.33932509, 42.71877486], [1.34025546, 42.71938103], [1.34162222, 42.71935454], [1.3433644, 42.71890757], [1.34391767, 42.71900876], [1.34419655, 42.71923791], [1.34838244, 42.71996625], [1.3503131, 42.72001130000001], [1.35046479, 42.71990932], [1.35063533, 42.72004594], [1.3518413, 42.72005552], [1.35379681, 42.71978253000002], [1.35427347, 42.71957493], [1.35569729, 42.71960039999998], [1.35689916, 42.71940931], [1.35731844, 42.71946251], [1.35737762, 42.71969903], [1.35804013, 42.71649055999998], [1.35779439, 42.71594991], [1.35781251, 42.71517767999999], [1.3575195, 42.7148863], [1.3541008, 42.71312871], [1.35320216, 42.71230462], [1.35246257, 42.71129051], [1.35256905, 42.71028583], [1.35284678, 42.70973613000001], [1.35190515, 42.70879625], [1.35178308, 42.70845623], [1.35218959, 42.70770798], [1.35224905, 42.70677002], [1.3524835, 42.7062844], [1.35140519, 42.70543685], [1.35101747, 42.70478967], [1.35113799, 42.70346146], [1.3509258, 42.70307509], [1.35115278, 42.70263793], [1.35228669, 42.70156184], [1.35249949, 42.70089244], [1.35304051, 42.7006022], [1.35392192, 42.69974344], [1.35683462, 42.69883764], [1.35809136, 42.6987607], [1.35957036, 42.698108], [1.36064322, 42.69806598000001], [1.36160134, 42.69781177], [1.36169132, 42.69734371], [1.36232215, 42.69697836000001], [1.36256175, 42.69660882], [1.36298231, 42.69648036], [1.36332675, 42.6958939], [1.36375768, 42.69574311], [1.36494241, 42.69471084], [1.36650204, 42.69521937], [1.36679237, 42.69508261999999], [1.36754807, 42.69513191], [1.36831432, 42.69558785], [1.36928321, 42.69564308], [1.36945023, 42.69581739], [1.36974503, 42.69560784999999], [1.37017532, 42.69556674], [1.37069296, 42.69510519], [1.37125362, 42.69493567], [1.3716283, 42.69505198], [1.372564, 42.69476765000001], [1.37469154, 42.69476131], [1.37546707, 42.69488639], [1.37569751, 42.69479817], [1.37646233, 42.69535114], [1.37697757, 42.69541111], [1.37720453, 42.69452874999999], [1.37768701, 42.69436431], [1.37811488, 42.69397151], [1.37840217, 42.69394259], [1.37913497, 42.69319379], [1.38039043, 42.69249967], [1.38090749, 42.69183573], [1.38337576, 42.69136405], [1.38467185, 42.69087193], [1.38512519, 42.69034909], [1.38613723, 42.68994439], [1.38727421, 42.68916477], [1.38747416, 42.688723539999984], [1.38929647, 42.68691915], [1.38965098, 42.68635345], [1.3899165, 42.68521446], [1.38960267, 42.68492647], [1.38954823, 42.68438247999999], [1.38902006, 42.68325044], [1.38802247, 42.68287391], [1.38820396, 42.68234967], [1.38756153, 42.68173658], [1.38872949, 42.6797425], [1.3881528, 42.6791331], [1.3878044, 42.67842192], [1.38738396, 42.6781566], [1.3867684, 42.67802772000001], [1.38740124, 42.67713619], [1.38785338, 42.67555129], [1.38874489, 42.67486779], [1.38910186, 42.67394602000001], [1.38956894, 42.67336133], [1.38943755, 42.673088679999985], [1.38893726, 42.67293546], [1.38782178, 42.67118847], [1.38745723, 42.670358350000015], [1.38747005, 42.66861847], [1.38794338, 42.66837921], [1.39005452, 42.66813762], [1.39240519, 42.66901827], [1.39495651, 42.66881108], [1.39572265, 42.66838103], [1.3966513, 42.66815575], [1.39748452, 42.66763408], [1.39807889, 42.66666908], [1.39931601, 42.66572629], [1.39987025, 42.66546661000001], [1.40021124, 42.6654735], [1.40131849, 42.66477605], [1.40151656, 42.66377454], [1.40128992, 42.6631084], [1.40235061, 42.66175199], [1.40237562, 42.66101767], [1.40401123, 42.66024265], [1.40342446, 42.65973571], [1.40321825, 42.65890172], [1.40373492, 42.65832042999999], [1.40532398, 42.65732888], [1.40590885, 42.65670273], [1.4065294, 42.65673176], [1.40677093, 42.65658698], [1.40724633, 42.65693397], [1.40791735, 42.65694397], [1.40843805, 42.65728354], [1.40954122, 42.65712819], [1.41076619, 42.65612485], [1.41215185, 42.65588465], [1.41248439, 42.65566297], [1.41330635, 42.65572193], [1.41370011, 42.6555785], [1.41388967, 42.654611920000015], [1.41442434, 42.6540803], [1.4139141, 42.65317709], [1.4139274, 42.65277803], [1.41361922, 42.65215028], [1.41387918, 42.65195361], [1.41358771, 42.65156261], [1.41397208, 42.65127066], [1.41402145, 42.65062034000001], [1.41457698, 42.64999192], [1.41462415, 42.64964641], [1.41453885, 42.64928903999998], [1.4143008, 42.64926303], [1.41408157, 42.64885872], [1.41419907, 42.64865904], [1.41402386, 42.64820412], [1.41361588, 42.64775295], [1.41385121, 42.64626731], [1.41410991, 42.645802639999985], [1.41461591, 42.64542617], [1.41408676, 42.64513146], [1.41406472, 42.64495669], [1.41457131, 42.64469263], [1.41454249, 42.64391616], [1.41529714, 42.64330868], [1.4158029, 42.6431642], [1.41655741, 42.6425612], [1.4168154, 42.64198681], [1.41712484, 42.64193923], [1.41709178, 42.64077964], [1.41742495, 42.63999235], [1.41697533, 42.63941648], [1.41578444, 42.63900318], [1.4159772, 42.63831902], [1.41624928, 42.63825651], [1.41613442, 42.63800123], [1.41594012, 42.638025319999976], [1.41596399, 42.63786382], [1.41646277, 42.63766078], [1.41655205, 42.63737795], [1.41652623, 42.63680386], [1.41620934, 42.636633709999984], [1.41616881, 42.63642179], [1.41641412, 42.63635798], [1.41632507, 42.63591514999999], [1.41688602, 42.63557455], [1.4172389, 42.63468865], [1.41758749, 42.63454363], [1.41778014, 42.63413104], [1.4181879, 42.63387001000001], [1.41807904, 42.63348352999998], [1.41887615, 42.63274087], [1.41976839, 42.63230715], [1.41920312, 42.63182041], [1.41889427, 42.63175828999998], [1.41868231, 42.63068328], [1.41989797, 42.62864923], [1.41997738, 42.6271568], [1.42039279, 42.62665578], [1.42025855, 42.62594791], [1.42042874, 42.62492442], [1.42090477, 42.62461223], [1.42211298, 42.62419575], [1.4226573, 42.62297905], [1.42341988, 42.62256048], [1.42382411, 42.62206557], [1.4245036, 42.62215292], [1.42527484, 42.62199883000001], [1.42624955, 42.62134327], [1.42832355, 42.62082886], [1.42785398, 42.62040742], [1.42815584, 42.61892007], [1.42917378, 42.61796748], [1.4306649, 42.61743637], [1.43065183, 42.61683641], [1.43017062, 42.61630511], [1.43026064, 42.61594585000001], [1.42974472, 42.61543831], [1.42976035, 42.61499343], [1.42911026, 42.61440479], [1.42909589, 42.61394419], [1.42937671, 42.61364259], [1.42917946, 42.6128304], [1.42963105, 42.61183802], [1.43087662, 42.61146876], [1.43114583, 42.61082888], [1.43165292, 42.61057735], [1.4321768, 42.61001854], [1.43257297, 42.60900196], [1.43304494, 42.60847116], [1.43298386, 42.60816184], [1.43328353, 42.60774631], [1.43319977, 42.60719387], [1.43345833, 42.60681281], [1.43496645, 42.60618029], [1.43521164, 42.605843079999985], [1.4355293, 42.60579917], [1.43569994, 42.60551842], [1.4355258, 42.60520385], [1.43614168, 42.60443326], [1.43663885, 42.60418606], [1.43699157, 42.60346916999998], [1.43793447, 42.60284903], [1.44072904, 42.60353456], [1.44218557, 42.60373384], [1.44306978, 42.60257925], [1.44267329, 42.60043373], [1.44278467, 42.59874569], [1.44204976, 42.59835105], [1.44127141, 42.59734583999999], [1.44091527, 42.59576599], [1.44043053, 42.594947449999985], [1.44053804, 42.59440305], [1.43986329, 42.59416813], [1.43870575, 42.59331268], [1.4386246, 42.59268556], [1.43794993, 42.59210848], [1.43705203, 42.59181918], [1.43542435, 42.59172024], [1.43416215, 42.59024753], [1.43295292, 42.58952008], [1.43188576, 42.58856201], [1.43092212, 42.5880321], [1.43031015, 42.58782171], [1.4284888, 42.587739180000014], [1.42766645, 42.58748289], [1.4273527, 42.58666668], [1.42754893, 42.58496636], [1.42666366, 42.58365005], [1.42648169, 42.58280173], [1.42743616, 42.58165731], [1.42769025, 42.58094518], [1.42820521, 42.58030397999999], [1.42818431, 42.57966551], [1.42892485, 42.57945676], [1.4294002, 42.578600989999984], [1.43052082, 42.57739609], [1.43156514, 42.57683341], [1.43175915, 42.57579045], [1.43214226, 42.57535243], [1.4340946, 42.57419629000001], [1.43513429, 42.57391288], [1.43609411, 42.57336243], [1.43789337, 42.57296849], [1.4409579, 42.57272349], [1.44343422, 42.571916], [1.44354239, 42.57035413], [1.44403795, 42.56927242], [1.44494715, 42.56801257], [1.44445109, 42.56737456], [1.44357014, 42.56714768], [1.44223992, 42.56539858], [1.44182001, 42.56446048], [1.44092125, 42.56398216], [1.44032931, 42.56370802], [1.43715416, 42.56307492], [1.43572874, 42.56238289], [1.42979193, 42.56024497], [1.42821975, 42.55919838], [1.42627924, 42.55862521], [1.42408925, 42.55693619], [1.42363062, 42.55613458], [1.42271755, 42.55527851], [1.42267685, 42.55332626], [1.42141742, 42.55101597], [1.42089101, 42.55046008], [1.42069122, 42.54987355], [1.42009061, 42.54947359], [1.41894535, 42.54929275], [1.41888675, 42.54760230999999], [1.41954175, 42.54653256999998], [1.41935473, 42.54474805], [1.41872372, 42.54391708], [1.41753525, 42.54346778], [1.41692194, 42.54305929], [1.41623217, 42.54225758], [1.41590216, 42.54155002], [1.41460043, 42.54035776], [1.41434184, 42.53997157], [1.41444835, 42.53923816], [1.41427189, 42.53829057], [1.41366107, 42.53705362], [1.4136385882809575, 42.535363177603166], [1.4168743, 42.53548897000001], [1.41802619, 42.53593969], [1.42046848, 42.5372499], [1.42552618, 42.53921521], [1.43093936, 42.53932075], [1.43258974, 42.54010315], [1.4365467, 42.54267787], [1.43883055, 42.54346262], [1.44335458, 42.5427017], [1.44455349, 42.54226795999998], [1.44611155, 42.54140606], [1.44806831, 42.54101485], [1.45054522, 42.53989206], [1.4525006, 42.53862745], [1.45234591, 42.53662563000001], [1.45283916, 42.53466162], [1.45231006, 42.5332146], [1.45230878, 42.53268343], [1.45238545, 42.53239232], [1.45445362, 42.53049302], [1.45477242, 42.53001241], [1.45530007, 42.52836217], [1.45511916, 42.52650544], [1.45680643, 42.52609755], [1.45789948, 42.525379669999985], [1.46011032, 42.523096549999984], [1.46084024, 42.52104223], [1.46366527, 42.51832991], [1.46423921, 42.51647974], [1.46499276, 42.51544189], [1.46612988, 42.51295746], [1.46836603, 42.51001591], [1.46766022, 42.5098454], [1.46696138, 42.50943152], [1.4651057, 42.508153409999984], [1.46477924, 42.50767095], [1.46350562, 42.50721646], [1.46290134, 42.50659177], [1.46107013, 42.50565479], [1.46037197, 42.50473662000001], [1.45783071, 42.50425046], [1.45666578, 42.50378265], [1.45572182, 42.50265794], [1.45459397, 42.50219767], [1.45398088, 42.50161829], [1.45344316, 42.50141414], [1.45234793, 42.50055641], [1.45206887, 42.49988298], [1.44334231, 42.49521633], [1.43480246, 42.49385512], [1.43196991, 42.49354175], [1.42555511, 42.4931509], [1.42547866, 42.492757699999984], [1.42372093, 42.49095294], [1.42337555, 42.48950771], [1.42209222, 42.48804472], [1.42155325, 42.48695811], [1.4196516, 42.48500579], [1.41919299, 42.48419517], [1.41897287, 42.4827991], [1.42108104, 42.482852690000016], [1.42544256, 42.48243191], [1.42802768, 42.48234986], [1.4293033, 42.48232748], [1.43130154, 42.48254719], [1.43353889, 42.48184823], [1.43384683, 42.48121504], [1.43507428, 42.47999697], [1.43628293, 42.47954493], [1.43709897, 42.47904509], [1.437728, 42.47830939], [1.4390529, 42.47743864], [1.4396321, 42.47668686], [1.44119196, 42.47535679], [1.44080399, 42.47468757], [1.44074931, 42.47374431], [1.44035499, 42.47298531], [1.44025822, 42.47196265], [1.43994496, 42.47131755], [1.44040434, 42.46956200999998], [1.44025528, 42.46831629], [1.44063115, 42.46606879], [1.44039781, 42.46500641], [1.44059155, 42.46362133], [1.44216425, 42.46333516], [1.44383659, 42.46256791], [1.44752593, 42.46006554], [1.44664793, 42.45900124], [1.44554912, 42.458080559999985], [1.44330227, 42.45708744], [1.44139764, 42.45577485], [1.44116798, 42.45545063], [1.44119804, 42.45518836], [1.44212174, 42.45398201], [1.4418017, 42.45272492999999], [1.44190662, 42.45163140999998], [1.44372299, 42.45032735], [1.44615458, 42.44809898], [1.44532026, 42.44661879], [1.44634078, 42.44523758], [1.44679597, 42.44377029], [1.4425834, 42.44470831], [1.44325673, 42.44391685], [1.44382367, 42.44231019], [1.44439299, 42.44142373], [1.44723059, 42.4394407], [1.45004497, 42.43798971], [1.45240431, 42.43697953], [1.45518271, 42.43605202], [1.45654411, 42.43588194], [1.45979576, 42.43631341], [1.46145445, 42.43639278], [1.47233706, 42.43525649], [1.47534241, 42.43530099], [1.47661311, 42.43505319], [1.47888131, 42.43413607], [1.48106408, 42.43355538], [1.48271236, 42.43331972], [1.48458119, 42.43276928], [1.48548583, 42.43301291], [1.49129083, 42.4332893], [1.49430544, 42.43312587], [1.49544029, 42.43318931], [1.49597732, 42.43305116], [1.49799508, 42.43322392], [1.50104514, 42.43270778], [1.50291042, 42.43194109], [1.50474663, 42.43161669], [1.50634766, 42.43072531], [1.50763653, 42.43039541], [1.50838815, 42.42986159], [1.50906667, 42.42966378], [1.50969326, 42.42992719], [1.51089367, 42.42988885], [1.51162654, 42.42909466], [1.51281094, 42.42900292], [1.51347826, 42.42915665], [1.51455731, 42.428952], [1.51625843, 42.42894787], [1.51719076, 42.42873098], [1.51928016, 42.42989992], [1.52001391, 42.430132020000016], [1.52260266, 42.43047085], [1.52411621, 42.43039298], [1.52556358, 42.431083], [1.52610124, 42.43162894], [1.52823279, 42.43203075], [1.53473237, 42.43233144], [1.53899106, 42.43307185], [1.53954658, 42.4330228], [1.54132608, 42.43242096], [1.54250159, 42.43237428], [1.54368968, 42.43266922], [1.54591887, 42.43257163], [1.54750713, 42.43302169], [1.54833511, 42.43304279], [1.5494584, 42.432610969999985], [1.55066741, 42.4323558], [1.55095916, 42.43252426], [1.55167545, 42.43251376], [1.55242406, 42.43278108], [1.55288272, 42.43324], [1.55333695, 42.43414025], [1.55299488, 42.43445098], [1.55287757, 42.43534698], [1.55319318, 42.43567655], [1.55328397, 42.43709546], [1.55356101, 42.43806579], [1.5539156, 42.43842982000001], [1.55386021, 42.43934136], [1.5544976, 42.44025233], [1.5529381, 42.44338456], [1.55543113, 42.44658064], [1.55876142, 42.44774448], [1.5596651, 42.44830271], [1.56022577, 42.44899165], [1.5598002, 42.45016109], [1.55886186, 42.45146803], [1.55818749, 42.45189107], [1.55623477, 42.45412977], [1.55806384, 42.4555425], [1.56003494, 42.45790395], [1.56107374, 42.45864585], [1.56195657, 42.45807942], [1.56266988, 42.45802396], [1.56464655, 42.45828722999999], [1.56565694, 42.45880513], [1.56698326, 42.45898628], [1.56744953, 42.45887762], [1.56887528, 42.4579203], [1.57138007, 42.45525414999999], [1.5725243, 42.45360574], [1.57349772, 42.45278349], [1.57490916, 42.45179965], [1.57633594, 42.45119334000001], [1.57760085, 42.45003526], [1.57919465, 42.44971935], [1.58083039, 42.44997798], [1.58092905, 42.45018036], [1.58239359, 42.45257147], [1.58269347, 42.453847], [1.58349956, 42.45522829], [1.58386831, 42.45678017], [1.58444764, 42.45738721], [1.58550845, 42.45909142], [1.58551975, 42.46024345], [1.58935326, 42.46311497], [1.59009988, 42.46401239], [1.59067205, 42.46418751], [1.59275415, 42.46439205], [1.5938468, 42.46503249], [1.5973704, 42.46632269], [1.60024958, 42.46678331], [1.60197646, 42.46595761], [1.60305931, 42.46563497], [1.60382838, 42.46567609], [1.60454511, 42.46517007], [1.6058638, 42.46474789], [1.60637415, 42.46441223], [1.60694198, 42.46436238], [1.60814633, 42.46470108], [1.60923811, 42.46466615], [1.61057957, 42.4652154], [1.6114904, 42.46503467], [1.61379384, 42.46543709], [1.61502119, 42.46526159], [1.61624545, 42.46537431], [1.61716199, 42.4649412], [1.61942224, 42.46492207], [1.62092602, 42.46552768], [1.62203699, 42.46575296], [1.6258498, 42.46452756], [1.62698143, 42.4643738], [1.62751789, 42.464064], [1.62991078, 42.46403031], [1.63110261, 42.46304573], [1.63143674, 42.46296019], [1.63101833, 42.46371541000001], [1.63099315, 42.46452677], [1.6317932, 42.46515168], [1.63211015, 42.46598521], [1.63289449, 42.4662326], [1.63400479, 42.46710605], [1.63505455, 42.46732467], [1.63587411, 42.46804781], [1.63622835, 42.46806947999998], [1.63782985, 42.46752744], [1.63841427, 42.46704458], [1.64016668, 42.46640635], [1.64237614, 42.46668595], [1.64437692, 42.46759523], [1.64498331, 42.46806583], [1.64670295, 42.46862632], [1.64713887, 42.46843756], [1.64744853, 42.46785775999999], [1.6481621, 42.46747766], [1.64933436, 42.46705191], [1.65028665, 42.46710327], [1.65085592, 42.46690908], [1.65170643, 42.46706360000001], [1.65336667, 42.46698713], [1.65702087, 42.46821611], [1.65720504, 42.46873084], [1.65776161, 42.46934746], [1.65789384, 42.46998134], [1.65926263, 42.47170837], [1.66003213, 42.47224429], [1.66085104, 42.47246306], [1.66178019, 42.47301947], [1.66232528, 42.47380761], [1.66250674, 42.47444848], [1.66118481, 42.47711338], [1.65998277, 42.4786119], [1.66288065, 42.47979945], [1.66244052, 42.48238343], [1.66182805, 42.48363287], [1.66163342, 42.48461319], [1.66222509, 42.48651589], [1.6621628, 42.48813009], [1.66241973, 42.48994737], [1.66303357, 42.49100281000001], [1.66281344, 42.4918041], [1.66196264, 42.49263107], [1.66198526, 42.49309834], [1.6621945, 42.49362104], [1.6635656, 42.49487974], [1.66564158, 42.4961277], [1.66544792, 42.4966308], [1.6656007, 42.49819121], [1.66748044, 42.50006839], [1.6687433, 42.50280803], [1.66958178, 42.5039353], [1.66997792, 42.50418925], [1.67133768, 42.50300833], [1.67265919, 42.50131574000001], [1.67333039, 42.49955065], [1.67387439, 42.49901523], [1.67532553, 42.49808263], [1.67557305, 42.49748728], [1.67616963, 42.49684166], [1.6778167, 42.49609009999999], [1.67947539, 42.49468077], [1.68277041, 42.49400583], [1.68395, 42.49481292], [1.68569026, 42.49547101], [1.69032268, 42.49494818999999], [1.70059043, 42.49106066], [1.70257319, 42.48992579999999], [1.70361005, 42.48980218], [1.70611514, 42.49043749], [1.70740281, 42.4910598], [1.70941143, 42.49156239], [1.71137363, 42.492255929999985], [1.7179555, 42.49774714], [1.72565936, 42.50467641], [1.7255613, 42.50435017], [1.72590032, 42.50270749], [1.72635495, 42.50211671], [1.72671567, 42.50120613], [1.72781894, 42.50035583], [1.72857807, 42.49888165], [1.72867346, 42.49801123], [1.7289424, 42.49747242], [1.72876458, 42.49691156], [1.72904635, 42.49654751], [1.72901641, 42.49579892], [1.72939061, 42.49532463], [1.7299002, 42.49503265], [1.72996026, 42.49429341], [1.7303835, 42.49343858000001], [1.7303777, 42.49279596], [1.73010075, 42.49238917], [1.73408662, 42.493206929999985], [1.7353808, 42.4937387], [1.73663259, 42.49351599], [1.73741608, 42.49385996], [1.73767501, 42.494205419999986], [1.73818109, 42.49448095], [1.74065721, 42.49440133], [1.74127514, 42.49461017999999], [1.74396792, 42.49458806], [1.74447892, 42.49485769], [1.74542618, 42.49495146], [1.74615459, 42.49547623], [1.74679249, 42.49557468], [1.74808857, 42.4952328], [1.74954529, 42.494424719999984], [1.74987544, 42.49411306999998], [1.74984332, 42.49367685], [1.75020319, 42.49326637], [1.75096668, 42.49302222], [1.75090628, 42.49284632], [1.75120674, 42.49266879000001], [1.75132432, 42.49236639], [1.75195295, 42.49193278], [1.75228762, 42.49190759], [1.75304195, 42.49134166], [1.75426359, 42.49123362], [1.75496417, 42.49090306], [1.75684926, 42.49093684], [1.75747152, 42.49071904], [1.75864015, 42.49063552], [1.76037838, 42.48982121], [1.76086437, 42.48934389], [1.76161834, 42.48789447], [1.76267196, 42.48676805], [1.76273463, 42.48750567], [1.77792131, 42.48620871], [1.79194614, 42.4855132], [1.8043044, 42.4903876], [1.80802482, 42.48690732], [1.8167207, 42.4831563], [1.823421, 42.48662740000001], [1.82498594, 42.48486987], [1.82715418, 42.48378243], [1.8301629, 42.4830998], [1.8318764, 42.48292296], [1.8344558, 42.482394], [1.8351147, 42.4814898], [1.84018459, 42.47857093], [1.84208054, 42.47723241], [1.84374501, 42.47662242], [1.84393558, 42.47611368], [1.84374824, 42.47482651], [1.84614697, 42.47249783], [1.8468675, 42.4706179], [1.84727097, 42.47003908], [1.8475989, 42.46815171], [1.84872189, 42.46770677], [1.84964133, 42.46754822], [1.85246508, 42.46627505999999], [1.85298164, 42.46586917], [1.85346744, 42.46480691], [1.85438518, 42.46418895], [1.85565651, 42.46364818], [1.85679884, 42.46349009], [1.85952223, 42.46246775], [1.8622094, 42.465979], [1.86289537, 42.46580451], [1.86367166, 42.46627874], [1.86495251, 42.46622254], [1.86835104, 42.46510714999999], [1.86965267, 42.46410349], [1.87168015, 42.46313886], [1.87243344, 42.46306423], [1.8748129, 42.46203709999999], [1.87650089, 42.46171253], [1.8810335, 42.45989185], [1.8830307, 42.4579416], [1.8830689, 42.4555254], [1.8841321, 42.4504851], [1.8847779, 42.44958639999999], [1.88698077, 42.44928889], [1.889813, 42.4499302], [1.8911673, 42.4477168], [1.8957483, 42.4475892], [1.8966209, 42.4496176], [1.89820446, 42.45001264], [1.90086542, 42.44980271], [1.90190409, 42.44902197], [1.90261883, 42.44885949], [1.90309238, 42.44891994999998], [1.90349105, 42.44866253], [1.90666314, 42.44856853000001], [1.90927655, 42.44705444], [1.91126433, 42.44761439], [1.91629614, 42.44623568999999], [1.92074986, 42.44694227], [1.9267143, 42.45091073], [1.93272246, 42.45463978], [1.93698867, 42.45369445], [1.93967832, 42.44957], [1.94045826, 42.44801552], [1.94290968, 42.44445292000002], [1.94300373, 42.44083278], [1.94185862, 42.43659329], [1.94069524, 42.43374429], [1.94095781, 42.43003412], [1.94144851, 42.43005980999999], [1.94352829, 42.42859159], [1.94338256, 42.42840160999999], [1.94460471, 42.42806787], [1.95080252, 42.42727591], [1.95159428, 42.4271389], [1.95222087, 42.42684358], [1.9535631, 42.42668872], [1.95537158, 42.42572328], [1.95609074, 42.42487374], [1.95729417, 42.4243608], [1.95789894, 42.42435445], [1.95857131, 42.42414369], [1.95637631, 42.41679461], [1.95638676, 42.41504141], [1.95601328, 42.41275071], [1.95507992, 42.41169926], [1.95551959, 42.41101868], [1.95534427, 42.410686369999986], [1.95572499, 42.40988801], [1.95687762, 42.40864017], [1.95755533, 42.40820057], [1.9577464, 42.40754151], [1.95842405, 42.40661228], [1.95931495, 42.40555809], [1.96017196, 42.40491409], [1.96073976, 42.40412648], [1.96070051, 42.40358746], [1.9614541, 42.40112521], [1.96117081, 42.39949165], [1.96066102, 42.39850374], [1.96071883, 42.39756921], [1.96000973, 42.39568785], [1.96020859, 42.39460195], [1.96004886, 42.39414066000001], [1.96008822, 42.39305553], [1.96038067, 42.39275626], [1.96096502, 42.39090339], [1.96201299, 42.39016634], [1.96321946, 42.38884666], [1.9644599, 42.38810986], [1.96485049, 42.38761294], [1.96426597, 42.38521521], [1.96467998, 42.38430559], [1.96475866, 42.38297429], [1.96453375, 42.38220136], [1.96534765, 42.3809353], [1.96691763, 42.37974735], [1.96749194, 42.3785544], [1.96807115, 42.378051769999985], [1.96922074, 42.37754639000001], [1.96968079, 42.37716212], [1.96998681, 42.37644164], [1.97085102, 42.37558171], [1.9713612, 42.37477768], [1.97152031, 42.37397992], [1.97229218, 42.37353547], [1.97247642, 42.37322696], [1.97393019, 42.37287085], [1.97468544, 42.37227723], [1.97585877, 42.37183394], [1.97806896, 42.3719444], [1.97917325, 42.37160235], [1.98072546, 42.36922251], [1.98324554, 42.36620188], [1.98641407, 42.36192746], [1.98795582, 42.36156247], [1.98944375, 42.35993421], [1.99143926, 42.359106], [1.99221434, 42.35907691], [1.99313871, 42.35929847], [1.99443453, 42.3600772], [1.99615352, 42.35927741], [1.99736798, 42.35823317], [1.99818511, 42.35611254], [1.99889036, 42.35563345], [2.00124998, 42.35533912], [2.00332458, 42.3558959], [2.00565983, 42.35388118], [2.00719294, 42.35310182], [2.00890442, 42.35275597], [2.01027571, 42.35278725], [2.01199401, 42.35305133], [2.01240443, 42.35286975], [2.01262594, 42.35271168], [2.01227808, 42.35126329], [2.0124775, 42.34988196], [2.01435667, 42.34793402], [2.01606866, 42.34709383], [2.0183057, 42.35058983], [2.02125186, 42.35367425000001], [2.02335445, 42.35560496], [2.02473369, 42.35512525], [2.02820593, 42.35547477], [2.02963915, 42.35621414], [2.03050653, 42.35719657], [2.03248849, 42.35791086], [2.03384388, 42.35789183], [2.03574455, 42.35757451], [2.04065861, 42.35749251], [2.04198592, 42.35787946], [2.04473284, 42.3576584], [2.04647717, 42.357696], [2.04997281, 42.35843643], [2.05399828, 42.35856555], [2.05676524, 42.35844042], [2.05807689, 42.35773545], [2.05884806, 42.35773099], [2.06221058, 42.35963489000002], [2.06370563, 42.35997525000001], [2.06461685, 42.36034006], [2.06578766, 42.36128557], [2.06661225, 42.36167898], [2.06927519, 42.36230732], [2.0711884, 42.36322371], [2.07234496, 42.36474929], [2.07247072, 42.36527868], [2.07277359, 42.36550562], [2.07529172, 42.36490763], [2.0780885, 42.36476655], [2.07930456, 42.3645689], [2.08027212, 42.36499158], [2.0807791, 42.36448666], [2.08301653, 42.36342228], [2.08466854, 42.361761579999985], [2.08602148, 42.36318106], [2.08689787, 42.36384057], [2.08672178, 42.36833276], [2.08738395, 42.37016126000001], [2.08875568, 42.37129323], [2.0894808, 42.3737719], [2.09163077, 42.37426431], [2.09349533, 42.37527322], [2.09460588, 42.37566024], [2.09544825, 42.37583102], [2.09634787, 42.37575377999999], [2.09737692, 42.37625872], [2.09919649, 42.37672570999999], [2.10055953, 42.37796141], [2.10121593, 42.37829375], [2.1021388, 42.37849304], [2.10284368, 42.3791395], [2.10410719, 42.37943309], [2.10445138, 42.37977564], [2.10527907, 42.38014758], [2.10555097, 42.3801506], [2.10646752, 42.37968209], [2.10690529, 42.37913186], [2.10809069, 42.37977942], [2.10976401, 42.38105761], [2.11024208, 42.38124936], [2.11143468, 42.381305979999986], [2.11257669, 42.38105098], [2.11330608, 42.38145739], [2.11353031, 42.38175439], [2.11506193, 42.38222588], [2.11619801, 42.38315522], [2.11678373, 42.38326674], [2.11588374, 42.38403115], [2.11513488, 42.38646715], [2.1150238, 42.38803961], [2.11456848, 42.38903746], [2.11460183, 42.38972097], [2.11504464, 42.39056014], [2.11472915, 42.39277252], [2.11493075, 42.39359049], [2.11483556, 42.39448876], [2.11520411, 42.39499401], [2.11593742, 42.39538255999999], [2.11684416, 42.39541667000001], [2.11776144, 42.39604915], [2.12014641, 42.39657274], [2.12144256, 42.39717955], [2.12158194, 42.39900140000001], [2.12198276, 42.40075187], [2.12175373, 42.40102694], [2.12222974, 42.40234159], [2.12276353, 42.40266484], [2.12279648, 42.403004199999984], [2.12318795, 42.40349791], [2.12307546, 42.40423112], [2.12268835, 42.40469906], [2.12309015, 42.40510892], [2.12312859, 42.40582733], [2.12387409, 42.40671838], [2.12419504, 42.4077793], [2.12487229, 42.40845169], [2.12520024, 42.40937275], [2.12556932, 42.40979751], [2.12639857, 42.41047844], [2.12784631, 42.41122406], [2.12892454, 42.41271188000001], [2.13029272, 42.41319319], [2.13192118, 42.41411887], [2.13280774, 42.41441857], [2.13325208, 42.41431983999998], [2.13448446, 42.41503366], [2.13715624, 42.4155903], [2.13761466, 42.41595337], [2.13836702, 42.41621483], [2.14225442, 42.41619502], [2.14272105, 42.416404859999986], [2.14474976, 42.41798521], [2.14690251, 42.41863094], [2.14817407, 42.4203505], [2.14887363, 42.42094038], [2.14989319, 42.42091544], [2.15091389, 42.42125712], [2.15416932, 42.4216163], [2.15463244, 42.42184085], [2.15520855, 42.4224389], [2.15598217, 42.42265288], [2.15698098, 42.42339974], [2.15789461, 42.42258582], [2.15933087, 42.42209366999999], [2.1619846, 42.42266327], [2.16574479, 42.42273357], [2.16643826, 42.42311041], [2.16732339, 42.42422645], [2.16762655, 42.42488576], [2.16815464, 42.42418439], [2.17080841, 42.42275498], [2.17293276, 42.42232725], [2.17382954, 42.42228174], [2.17615961, 42.42096352], [2.17875695, 42.41974214], [2.17937173, 42.41890722], [2.18026452, 42.41819796], [2.18266269, 42.41870519], [2.18425929, 42.41946930000001], [2.18478995, 42.41887855], [2.18677054, 42.41767813], [2.18691869, 42.4174038], [2.18779519, 42.41773843], [2.19041542, 42.41731705], [2.19084136, 42.41767808], [2.19094608, 42.41861167], [2.19359758, 42.41827434], [2.19437577, 42.41841438], [2.19565757, 42.41810571], [2.19634507, 42.41777879], [2.19777899, 42.4174899], [2.19989919, 42.41654915], [2.20135632, 42.41640286], [2.2017781, 42.41669945000001], [2.20238596, 42.41666758], [2.20450429, 42.41723016], [2.20649547, 42.41741819], [2.20717294, 42.41959637], [2.2092302, 42.41978148], [2.2112322, 42.42040277], [2.21164924, 42.42078457], [2.2122576, 42.42091507], [2.21260923, 42.42126717], [2.21391014, 42.42190630000001], [2.21401416, 42.42221654], [2.21443011, 42.42246731], [2.21477232, 42.42295283], [2.21582019, 42.42301839], [2.21651606, 42.42290391], [2.21837094, 42.42305291], [2.21913096, 42.42295693000001], [2.21973903, 42.42310187], [2.22046311, 42.42378104], [2.22290605, 42.42507324000001], [2.22365204, 42.4256685], [2.22433513, 42.42591655999998], [2.2257449, 42.42620048], [2.22758844, 42.42619855], [2.2290891, 42.42637707], [2.23086341, 42.42687519], [2.23179932, 42.42641572], [2.23304902, 42.4261342], [2.23435568, 42.42611615], [2.23575412, 42.42641173], [2.23685642, 42.42724741], [2.23761348, 42.42760203999999], [2.24068287, 42.428661650000016], [2.24250525, 42.42895773], [2.24437176, 42.42868552], [2.24499237, 42.42887045], [2.24641438, 42.42891914], [2.2476966, 42.43132263], [2.24975422, 42.43246037999999], [2.25140631, 42.43425617], [2.25215772, 42.43664638], [2.25662732, 42.43870933999999], [2.25700799, 42.43866849], [2.25867931, 42.43793919999999], [2.26138633, 42.4374596], [2.2632594, 42.43556209], [2.26629539, 42.43417757999999], [2.26695501, 42.43402762], [2.26748169, 42.43361146], [2.2700322, 42.43418615], [2.27153679, 42.43430503], [2.27268436, 42.43375539], [2.27363401, 42.43288407], [2.27498184, 42.43214677], [2.275749, 42.43210187], [2.27663243, 42.43241553999999], [2.27698112, 42.43150293], [2.27816651, 42.43039373], [2.28515645, 42.42775405], [2.28576836, 42.427392820000016], [2.28605885, 42.42702176], [2.2858786, 42.42589966], [2.2865152, 42.42553615], [2.28763437, 42.42527469], [2.28808068, 42.42487886], [2.28857549, 42.42482025], [2.29114752, 42.42293574], [2.29224621, 42.42332833], [2.29405141, 42.42306603], [2.29472421, 42.42313147], [2.29539546, 42.42294146], [2.29632658, 42.42296416], [2.2986135, 42.42327287], [2.30050191, 42.42387933], [2.30227762, 42.42517548], [2.30381158, 42.42571675], [2.30527428, 42.42733031], [2.30578505, 42.4283121], [2.30653097, 42.42864174], [2.30817176, 42.42872893], [2.30950963, 42.42842536], [2.3116466, 42.42850561], [2.31223286, 42.42837434], [2.31267141, 42.42808331], [2.31384113, 42.4277927], [2.31540609, 42.42692046], [2.31622184, 42.42684914], [2.31787327, 42.4256665], [2.31819948, 42.42524481], [2.31860484, 42.42509721], [2.31873392, 42.42458949], [2.3184369, 42.42388465], [2.31840164, 42.42219088999999], [2.31971967, 42.42150277], [2.32062061, 42.4203951], [2.32152592, 42.42008236], [2.32238734, 42.41901794], [2.32501545, 42.41740105], [2.32626279, 42.41708469], [2.32877936, 42.41687078999998], [2.32974292, 42.4165348], [2.33136241, 42.41549061], [2.33251903, 42.41603042], [2.33436338, 42.4156445], [2.33555656, 42.41616170000001], [2.33813646, 42.41661042000001], [2.34033069, 42.41621109], [2.34236074, 42.41688612], [2.34398306, 42.41688475], [2.34542198, 42.41604557], [2.3459333, 42.41539914], [2.34584249, 42.4145542], [2.34496039, 42.41245101], [2.34492795, 42.41186749], [2.34526993, 42.41016163], [2.34564619, 42.40989901], [2.34595835, 42.40924040999999], [2.34662845, 42.40851819], [2.34815004, 42.407429270000016], [2.35071572, 42.406187379999984], [2.35596608, 42.40445142], [2.35702725, 42.40393479], [2.35801363, 42.40396351], [2.35937664, 42.40374909], [2.36115273, 42.40266027], [2.3627328, 42.40244092], [2.36424563, 42.4024], [2.36486064, 42.40252848], [2.36606262, 42.40236685], [2.36820048, 42.40169748000001], [2.36896741, 42.40113161], [2.37233506, 42.40039912000001], [2.37294576, 42.40048382], [2.3733868, 42.40080307], [2.37648102, 42.40094839], [2.3775931, 42.40113496], [2.37844092, 42.40144525], [2.38025113, 42.40137003], [2.38271731, 42.40037376], [2.38506103, 42.40029912], [2.38639089, 42.40042392], [2.38753657, 42.40019851], [2.38834785, 42.39936283], [2.38861126, 42.3987078], [2.38928532, 42.39854834], [2.39141845, 42.39677496], [2.39185975, 42.396553809999986], [2.39248688, 42.39649501], [2.3932014, 42.39611884], [2.39423291, 42.39611092], [2.39519224, 42.39529998], [2.39624061, 42.39515487], [2.39915615, 42.39512422], [2.40202698, 42.39445941000001], [2.40344707, 42.39343867], [2.40484508, 42.39333838], [2.40547011, 42.39262011], [2.40631234, 42.39258824], [2.40739, 42.3929514], [2.40796188, 42.39293835], [2.41173994, 42.39181182], [2.41353302, 42.39159364000001], [2.41409227, 42.39130455], [2.41512069, 42.39192591], [2.41638699, 42.39225263], [2.41804934, 42.39295542], [2.41898972, 42.39290625000001], [2.41972411, 42.39309133], [2.42105869, 42.39309643], [2.42365368, 42.39378210999998], [2.42555626, 42.39372175], [2.42651778, 42.39398906000001], [2.42884403, 42.39421148], [2.43102348, 42.39387872], [2.43227561, 42.39474422], [2.43284744, 42.3946677], [2.43326335, 42.39443090000001], [2.43364691, 42.39285729], [2.43464185, 42.3913958], [2.43483624, 42.39092213], [2.43485343, 42.39000574], [2.43581325, 42.38824865], [2.43479952, 42.38742017], [2.4346267, 42.38705954999999], [2.4347464, 42.38590113], [2.43532589, 42.38517008], [2.43553095, 42.384603959999986], [2.43539276, 42.3839576], [2.43471965, 42.382375129999986], [2.43339615, 42.38151106], [2.43315083, 42.38114132], [2.4335517, 42.38066961], [2.43364939, 42.37953013], [2.43273918, 42.378211], [2.43347557, 42.37716379], [2.43371681, 42.37693303], [2.43465914, 42.37664816], [2.43499635, 42.37576796999998], [2.43582262, 42.375193799999984], [2.43640208, 42.3745097], [2.43803052, 42.37393329], [2.43994948, 42.37284546], [2.44232646, 42.37120979], [2.44256068, 42.37086592], [2.44396483, 42.37059355], [2.44541752, 42.36975363], [2.44691824, 42.36931782], [2.44748997, 42.36893689], [2.44922756, 42.36924552], [2.450563, 42.3692036], [2.4529495, 42.36949663], [2.45413258, 42.36988263], [2.45477844, 42.36981603], [2.45550619, 42.36840693], [2.45636602, 42.36794125], [2.45627162, 42.36715946], [2.45685285, 42.36327382], [2.45891055, 42.36323117], [2.46083312, 42.36278517], [2.46274938, 42.362230989999986], [2.46628876, 42.36056828999999], [2.46738977, 42.35925540999999], [2.46757783, 42.35801756], [2.46818468, 42.35697244], [2.47048091, 42.35544366], [2.47188917, 42.35382458], [2.47222853, 42.35316543], [2.47211712, 42.35224064], [2.47254014, 42.35121103], [2.4724883, 42.350445939999986], [2.47306398, 42.34921886], [2.4749054, 42.3482295], [2.47575448, 42.34807482], [2.47597742, 42.34790741], [2.47621307, 42.34610082], [2.47669934, 42.34498137], [2.47775737, 42.34436181], [2.47878386, 42.34344372], [2.47974461, 42.34227521], [2.48035825, 42.34196758], [2.48092346, 42.34103052], [2.48356216, 42.33995164], [2.48536413, 42.34101113], [2.4864953, 42.34042096], [2.48701058, 42.34040571], [2.48847409, 42.34102918], [2.4888761, 42.34106232], [2.48959315, 42.34164981], [2.49209988, 42.34275574], [2.49333758, 42.34204738], [2.49443423, 42.342514], [2.49561139, 42.34272891], [2.5002001, 42.34320118], [2.50089315, 42.342708049999985], [2.50296825, 42.34173635], [2.5054523, 42.34159023], [2.50739278, 42.34060246], [2.51022718, 42.33953799], [2.5110789, 42.33806612], [2.51118024, 42.33749705], [2.51360934, 42.33690873000001], [2.51525758, 42.33618864], [2.51603264, 42.33600506], [2.52013338, 42.33557941], [2.52112323, 42.33480975], [2.52166422, 42.33460732], [2.52432298, 42.33411895], [2.52651837, 42.3334156], [2.52873133, 42.33331395], [2.53066072, 42.33296659], [2.53163647, 42.33308643], [2.53264688, 42.33292185], [2.53348845, 42.33316956], [2.53447562, 42.33385516], [2.53554738, 42.33373652], [2.5360647, 42.33392578], [2.53698221, 42.33380079], [2.53872261, 42.33384561999998], [2.54171211, 42.3335627], [2.54215494, 42.334252929999984], [2.54405225, 42.33750876], [2.5444527, 42.33943462], [2.54435333, 42.34007170000001], [2.54476575, 42.34009428], [2.54687868, 42.33961286], [2.54782147, 42.339824659999984], [2.54840459, 42.33954306], [2.55005299, 42.341235630000014], [2.54975839, 42.34169545000001], [2.55158786, 42.34228348], [2.55254881, 42.34284466], [2.5525462, 42.343221609999986], [2.55173752, 42.34440483], [2.55341545, 42.34537867], [2.55395332, 42.3463261], [2.5535049, 42.34765433000001], [2.55445884, 42.34783773999999], [2.55467089, 42.34809804], [2.55452705, 42.34870887000001], [2.55359255, 42.35006344], [2.55402975, 42.35128765], [2.55401186, 42.35411061], [2.55627735, 42.35374366], [2.55658189, 42.35404253], [2.55715539, 42.3542624], [2.55804207, 42.35445305], [2.55938986, 42.35445439], [2.56223671, 42.35529527], [2.56189515, 42.35581080999999], [2.56137347, 42.35605146], [2.56134425, 42.35625603], [2.56168741, 42.3582201], [2.56135714, 42.359859519999986], [2.56179399, 42.36059949], [2.56186531, 42.36113441], [2.56306111, 42.36090194], [2.56389354, 42.36035432], [2.56480736, 42.35936026], [2.5657613, 42.35870053], [2.56656813, 42.35774659], [2.56714763, 42.35735878], [2.56721895, 42.35682386], [2.56769036, 42.35637766], [2.56927252, 42.35670836], [2.5702383, 42.357940519999985], [2.57076795, 42.3582376], [2.57230352, 42.35739518], [2.57480308, 42.35759552999998], [2.5752104, 42.35783292], [2.57688564, 42.35807157], [2.57921494, 42.35787417], [2.57983758, 42.35767932], [2.58030597, 42.35730048000001], [2.58091076, 42.35739786], [2.58164453, 42.35707911], [2.58354288, 42.35702891], [2.58510153, 42.35712649], [2.5861499, 42.35735072999998], [2.58698057, 42.35722071], [2.58790247, 42.35688627000001], [2.58829462, 42.35644915999998], [2.58769412, 42.35485232], [2.58999931, 42.35381513], [2.59222465, 42.35291569000001], [2.5950207, 42.35266566], [2.59611482, 42.35231074], [2.59799359, 42.35215588000001], [2.60012326, 42.35159963000001], [2.60100507, 42.3492461], [2.60270355, 42.34936251], [2.60355396, 42.34913702], [2.60448328, 42.34912555], [2.60600156, 42.34857141], [2.60720724, 42.34831287], [2.60764325, 42.34834075], [2.60809508, 42.34857913], [2.60860894, 42.348000089999985], [2.60944596, 42.34751664], [2.61020281, 42.34680887], [2.6114639, 42.34689645], [2.61400105, 42.34641327], [2.61516978, 42.34640636999998], [2.61595273, 42.34616299000001], [2.61617579, 42.34574171], [2.61713878, 42.34594309], [2.61764504, 42.34568255], [2.61844006, 42.34554344], [2.61998602, 42.34580353], [2.62139991, 42.34538315], [2.6229634, 42.34515813], [2.62424102, 42.34570814], [2.62569784, 42.34560048], [2.62784926, 42.34582517], [2.62885054, 42.3466793], [2.62988739, 42.34637751000001], [2.63115045, 42.34660333], [2.63244389, 42.3464727], [2.63292627, 42.34625226], [2.63335052, 42.34629938], [2.63339982, 42.34602933999999], [2.6326377, 42.34557494], [2.63288608, 42.34491548], [2.63388805, 42.34428674], [2.63421257, 42.34424413], [2.63447799, 42.34389466], [2.63597131, 42.34399329], [2.63773872, 42.34360848], [2.63848301, 42.343605369999985], [2.63982421, 42.34444740999999], [2.64039574, 42.34445865], [2.6408012, 42.34412672], [2.6412051, 42.34409153], [2.64256514, 42.34468929], [2.64319333, 42.34452316], [2.64394408, 42.34396123], [2.6443831, 42.34394866], [2.64512398, 42.34427976], [2.64566876, 42.34372589999999], [2.64686936, 42.3438024], [2.64738825, 42.34351494], [2.64849661, 42.34372718], [2.64947306, 42.3441209], [2.65073844, 42.34412957], [2.65290109, 42.3430866], [2.65356551, 42.34302951], [2.65451051, 42.34321911], [2.65434603, 42.34185383], [2.65470226, 42.3414126], [2.65558166, 42.3413593], [2.65684814, 42.34161491000001], [2.65886957, 42.34091774], [2.66089025, 42.34135797], [2.66113053, 42.34125657], [2.66115551, 42.34084133], [2.66153792, 42.3408213], [2.66191898, 42.34054925], [2.66248971, 42.3405033], [2.66287947, 42.3405987], [2.66304968, 42.34090789], [2.66387249, 42.34123629], [2.66434325, 42.3411077], [2.6644902, 42.3405873], [2.66470938, 42.34047333], [2.66549634, 42.3412521], [2.66582107, 42.34105016], [2.66674593, 42.34131493], [2.66781401, 42.34091946], [2.66983771, 42.34049728], [2.67175157, 42.34086514], [2.67259566, 42.34182831], [2.67550499, 42.34240552], [2.67659347, 42.34640302], [2.67627473, 42.34654895000001], [2.67661049, 42.34698179], [2.6765075, 42.3473779], [2.67593667, 42.34759145999998], [2.67525072, 42.34763192], [2.6751126, 42.3477701], [2.67531388, 42.34809767], [2.6759143, 42.34839598], [2.67615217, 42.3494204], [2.67568665, 42.3498513], [2.67578852, 42.35029757], [2.67557361, 42.3507129], [2.67594, 42.35119833999999], [2.67565809, 42.35168431000001], [2.67603494, 42.35187076], [2.67629988, 42.35259626], [2.67562755, 42.35304987], [2.67626085, 42.35356595], [2.6758669, 42.35393012], [2.67605965, 42.35431098], [2.67497207, 42.35477583], [2.6748711, 42.35509712000001], [2.67424728, 42.35544284999999], [2.67473836, 42.35592878], [2.67516686, 42.35703103], [2.67430265, 42.35709846999998], [2.67403828, 42.35734719], [2.67314776, 42.35750089], [2.67308634, 42.35795074], [2.67394974, 42.35868169], [2.6739472, 42.3590362], [2.67263678, 42.35917912], [2.67267432, 42.35976179], [2.67249813, 42.35992723], [2.67121028, 42.36000702], [2.67114588, 42.36076379999999], [2.66992773, 42.361958160000015], [2.6685209, 42.36205613], [2.66746811, 42.36182195], [2.6667242, 42.362087320000015], [2.66595538, 42.36263914], [2.66504171, 42.36270142], [2.66465435, 42.36342538], [2.664089, 42.36401066], [2.66411496, 42.36450591], [2.66389311, 42.36474228], [2.66331379, 42.36500232], [2.66277392, 42.36490492], [2.66232508, 42.36534051999998], [2.66139448, 42.36558603], [2.66088019, 42.366021279999984], [2.6608685, 42.36744742], [2.66119115, 42.36800003], [2.66106138, 42.36913073], [2.66161664, 42.36993731], [2.66212514, 42.3701711], [2.66282568, 42.37161539], [2.66279371, 42.37226744999999], [2.66168913, 42.37319823], [2.66179285, 42.37422294999999], [2.66152471, 42.374553849999984], [2.66117828, 42.37731348], [2.66083635, 42.37802655], [2.65959245, 42.37914214], [2.65828473, 42.38082556], [2.6567614, 42.38214246], [2.65273585, 42.38427005000001], [2.65151917, 42.38546516], [2.65146953, 42.38702654], [2.65160401, 42.38743336000001], [2.65230219, 42.38803189], [2.65194882, 42.38888261000001], [2.6513215, 42.389699059999984], [2.65235104, 42.38887119], [2.65308674, 42.38857573], [2.65412481, 42.388551069999984], [2.65490875, 42.388187809999984], [2.65636384, 42.38820754], [2.65702889, 42.38799224000001], [2.65856522, 42.3871384], [2.66573393, 42.3856166], [2.6660808, 42.386231], [2.66665583, 42.38650292], [2.66720413, 42.38651629], [2.66785494, 42.38632015], [2.66853663, 42.38641643], [2.66896044, 42.38655641], [2.66981834, 42.38725897], [2.67120467, 42.38760667], [2.67137923, 42.3877935], [2.67139213, 42.38936135], [2.67231737, 42.39036754], [2.67180877, 42.39105621], [2.67177284, 42.39169408], [2.67244658, 42.39326296], [2.67271304, 42.39557638], [2.67322998, 42.39748708], [2.67306155, 42.39844693], [2.6734181, 42.39955046999999], [2.67266628, 42.40064092], [2.67163687, 42.401463089999986], [2.67128534, 42.40205666], [2.6712983, 42.40236054], [2.6720037, 42.40338164], [2.67433865, 42.4049823], [2.67854326, 42.40602107999999], [2.67920586, 42.40650547], [2.68147367, 42.40652709], [2.68280553, 42.40697352999999], [2.68478465, 42.40680866000001], [2.68600946, 42.4071506], [2.68668441, 42.4070922], [2.68917405, 42.40602577], [2.69173366, 42.40615778], [2.69332105, 42.40664643], [2.69420155, 42.40733325], [2.69522326, 42.40855967], [2.69620925, 42.40928833999999], [2.69700205, 42.4103419], [2.69904278, 42.41098279], [2.7003365, 42.41110531], [2.70114599, 42.41095818], [2.70157529, 42.41142849], [2.70249121, 42.41154177], [2.70295682, 42.41130228], [2.70394097, 42.41200285], [2.70458624, 42.4127068], [2.70578512, 42.41332462], [2.70583386, 42.41410016], [2.70628856, 42.41483753], [2.70730345, 42.41466639999999], [2.70831973, 42.41522961], [2.70934794, 42.41532503], [2.71062043, 42.415984219999984], [2.71216359, 42.41736730999999], [2.71244385, 42.41788311], [2.7130102, 42.41821047], [2.71335046, 42.41892953], [2.71420377, 42.41920982], [2.71487866, 42.41966074], [2.71539861, 42.41962111], [2.7160349, 42.42011296], [2.7164938, 42.42128973], [2.71720115, 42.42154958], [2.71785878, 42.42157445], [2.71820341, 42.42182733], [2.71908164, 42.42199868], [2.72003624, 42.42186548], [2.7209764, 42.4222474], [2.72150126, 42.422149], [2.72487948, 42.42299238], [2.72698938, 42.42270377], [2.72735591, 42.42278889], [2.72768463, 42.42265247], [2.73032291, 42.42258169], [2.73110061, 42.42341074], [2.73308988, 42.42416185], [2.73354263, 42.42483012], [2.73497147, 42.42421242999998], [2.737614, 42.42395301], [2.73947369, 42.4235849], [2.74033848, 42.42408296], [2.7409598, 42.42402875], [2.74190884, 42.42422145], [2.74308175, 42.42506948], [2.74451282, 42.42511057], [2.74576246, 42.42495617], [2.74655577, 42.42528869], [2.74682545, 42.42519796], [2.74822459, 42.42538259], [2.74947623, 42.42533541], [2.7495696, 42.42519796000001], [2.74999613, 42.42515078], [2.75039286, 42.42534245], [2.75180533, 42.42542232], [2.7523806, 42.4261938], [2.75312519, 42.42640278], [2.75441788, 42.42632017], [2.75592842, 42.42576768999999], [2.75644224, 42.42532186], [2.75685794, 42.42445985], [2.75762544, 42.42420758], [2.75804554, 42.42314503], [2.75801526, 42.42220728], [2.75841574, 42.42161508], [2.75812935, 42.42126146999998], [2.75914446, 42.42015223], [2.75979417, 42.41860146], [2.76151494, 42.41747936], [2.76359197, 42.41734988000001], [2.7643364, 42.41697544], [2.76549093, 42.41566043], [2.76610754, 42.415215], [2.76665338, 42.41438694], [2.76829412, 42.41370151], [2.77046997, 42.41162559], [2.77097043, 42.41177824], [2.77214395, 42.41269651], [2.77299859, 42.41290044], [2.77467991, 42.41274213], [2.77570182, 42.41284268], [2.77689359, 42.41200532], [2.77740202, 42.41200054], [2.77856238, 42.41245269], [2.77992553, 42.41416898], [2.78121229, 42.41491318], [2.78253033, 42.41652171], [2.78343361, 42.41734797], [2.78395177, 42.41750201], [2.7850231, 42.41729895], [2.78582135, 42.41685781], [2.78750887, 42.41694184], [2.78818808, 42.41729895], [2.78992409, 42.41764893], [2.79045678, 42.41800967], [2.79070185, 42.41879391], [2.79210929, 42.4184368], [2.7932113, 42.41834888], [2.79662916, 42.41854174], [2.7978453, 42.418171070000014], [2.79823081, 42.41819117], [2.79904118, 42.41855993], [2.80066243, 42.41840878999999], [2.80118409, 42.41865387], [2.8022971, 42.42062804], [2.80203835, 42.42107312], [2.800897, 42.42130769], [2.80064492, 42.42159127], [2.80061691, 42.42194138], [2.80101111, 42.42269415], [2.80091592, 42.42425365], [2.80163162, 42.42537522], [2.80235415, 42.427325990000014], [2.80407919, 42.42931459], [2.80426173, 42.43066522], [2.80365351, 42.43190618], [2.80396257, 42.43304184], [2.80497269, 42.43213702], [2.80582474, 42.431664370000014], [2.80637619, 42.43159036], [2.80765253, 42.43109459], [2.80859498, 42.43112811], [2.80994056, 42.43164577], [2.81034291, 42.433929079999984], [2.81225239, 42.43577658], [2.81355973, 42.43629611], [2.81381636, 42.43717307], [2.81440031, 42.43778377000001], [2.81450283, 42.43811809], [2.81862617, 42.44051631], [2.81962448, 42.44027112], [2.82018279, 42.43981753], [2.82188917, 42.43993681], [2.8238475, 42.43926290999999], [2.82459842, 42.43877546], [2.82563021, 42.43889686], [2.82659347, 42.43880309], [2.82749469, 42.43929716], [2.82907941, 42.4417146], [2.82952872, 42.44207617], [2.83033778, 42.44349548000001], [2.83179091, 42.44492484], [2.83349144, 42.44823386], [2.83339458, 42.44962517], [2.8328472, 42.45008059], [2.83253276, 42.45123842], [2.83215814, 42.45176709], [2.83230519, 42.452229229999986], [2.83273618, 42.45268908], [2.83388647, 42.45330729], [2.83467192, 42.45416533], [2.83561699, 42.45448016000001], [2.83577126, 42.4547325], [2.83558197, 42.45613697], [2.83664672, 42.45667765000001], [2.83761244, 42.45691128], [2.83791016, 42.45809027], [2.83834105, 42.45875174], [2.83908727, 42.45941165], [2.84061675, 42.45876575], [2.84291196, 42.45822527], [2.84373622, 42.45823008], [2.84480709, 42.45784701], [2.84643267, 42.45771371], [2.84773011, 42.45686958999998], [2.84956422, 42.45606307], [2.85107328, 42.45576014], [2.85280588, 42.45509271], [2.8539943, 42.45511841], [2.85675317, 42.45406307], [2.8616139, 42.45500584], [2.86426367, 42.45961528], [2.86412914, 42.46094123], [2.86338713, 42.46354389], [2.86412738, 42.46433903], [2.86519346, 42.46431452], [2.86572738, 42.46448957], [2.8669392, 42.46544274], [2.86636721, 42.46558103], [2.86812521, 42.46663838], [2.8704795, 42.46743070999999], [2.87143455, 42.46731504], [2.87239118, 42.466911739999986], [2.87492029, 42.4662461], [2.8762915, 42.46567149], [2.8771976, 42.46481954], [2.87880184, 42.46385543], [2.87982945, 42.4628408], [2.88047977, 42.46176713], [2.88097548, 42.46130045], [2.88169285, 42.46075065], [2.88259398, 42.46040066], [2.88418228, 42.46028943], [2.88623934, 42.45981884], [2.88766006, 42.46031095], [2.88880301, 42.4613068], [2.88908163, 42.46196686], [2.88975249, 42.46165895999999], [2.89147017, 42.46201395], [2.8941448, 42.46141024], [2.89555666, 42.46082775], [2.89864639, 42.46011131], [2.89919414, 42.45981436], [2.90074411, 42.4584024], [2.90463603, 42.45692042000001], [2.90740103, 42.45703182], [2.91101136, 42.45746633999999], [2.91182662, 42.45734806], [2.91244929, 42.45703665], [2.91454945, 42.45653761], [2.91636623, 42.45644945], [2.91837142, 42.45614568], [2.91871145, 42.45661397], [2.92116395, 42.45786618], [2.92427485, 42.45838822000001], [2.92450586, 42.45854526], [2.9247524, 42.45915098], [2.9249012, 42.4612445], [2.92530078, 42.46214013], [2.92519136, 42.46302462], [2.92470187, 42.46397226], [2.92541968, 42.46505957], [2.92721203, 42.4663999], [2.92818704, 42.46826114000001], [2.92838558, 42.46899263999999], [2.92976869, 42.47094787], [2.93006619, 42.47230705], [2.93195675, 42.47422437999999], [2.93307175, 42.47443425], [2.93392933, 42.47428472], [2.93505962, 42.4745343], [2.93566416, 42.47508661], [2.93640485, 42.47540512], [2.93735644, 42.4761535], [2.93801259, 42.477584], [2.93902544, 42.47794487], [2.94007416, 42.47807683], [2.9416523, 42.4789388], [2.94206473, 42.47895117], [2.94268081, 42.47925039], [2.94512877, 42.47972334], [2.9456755, 42.48004759], [2.94652319, 42.48099843], [2.94702996, 42.48212855], [2.94727604, 42.48205517000001], [2.94733973, 42.48140381], [2.9479335, 42.48049701], [2.95026087, 42.4781885], [2.95143661, 42.47788839], [2.95326829, 42.47667743], [2.95667061, 42.4756432], [2.95880349, 42.47438245], [2.9592631, 42.47439117], [2.96005619, 42.47397899], [2.96070147, 42.47298568], [2.96141281, 42.47232228], [2.96167827, 42.47111738000001], [2.96196121, 42.47072905], [2.96321818, 42.4697372], [2.96363353, 42.46902019], [2.96447168, 42.46878568], [2.96551259, 42.4678818], [2.96654307, 42.46670232], [2.96628149, 42.4659918], [2.96690109, 42.46596089], [2.96741459, 42.46549947], [2.96957254, 42.46587042], [2.97083003, 42.46588905], [2.97152378, 42.466294], [2.97613041, 42.46763751], [2.97969457, 42.46735138], [2.98062622, 42.46862627], [2.98157834, 42.468919839999984], [2.9825397, 42.46957021], [2.98208833, 42.47131869], [2.98243729, 42.47179769], [2.98508982, 42.47300151], [2.98642082, 42.47331529], [2.98733446, 42.47324897], [2.98795934, 42.47378651], [2.98880131, 42.47401862], [2.98966634, 42.47398437], [2.99043679, 42.473687789999985], [2.9920877, 42.47350519], [2.99537427, 42.47347353], [2.99600997, 42.47359661], [2.99893937, 42.47315796999999], [2.99987388, 42.4733335], [3.00116189, 42.47258604], [3.00249992, 42.47209878], [3.00278967, 42.47180012], [3.00279508, 42.47114674], [3.00339145, 42.47076149], [3.00354887, 42.47046582], [3.00428487, 42.47019595], [3.0049678, 42.47020977], [3.00549165, 42.46974917], [3.00597689, 42.46977635], [3.00738641, 42.469389], [3.00869098, 42.46876202], [3.00948639, 42.46819268], [3.00996897, 42.46816081], [3.01207258, 42.46718087], [3.01251627, 42.46659804], [3.01302185, 42.46639985], [3.01666159, 42.46935331], [3.01729537, 42.46945619000001], [3.01838315, 42.47011491], [3.02077684, 42.47099922], [3.02223785, 42.47112195], [3.02310112, 42.471673199999984], [3.02346751, 42.47215801999999], [3.02493801, 42.47232647], [3.02568603, 42.47211812], [3.02624006, 42.47213981], [3.02750845, 42.47255355], [3.02931699, 42.47378093], [3.03019476, 42.47396690999999], [3.03084386, 42.47448257], [3.0318202, 42.47492003], [3.03360933, 42.474862090000016], [3.03524341, 42.47402414], [3.03727362, 42.4735816], [3.03956105, 42.4737651], [3.04044211, 42.4742174], [3.04049521, 42.47345554], [3.04108955, 42.47214525], [3.04188772, 42.47130732999999], [3.04205036, 42.47053624], [3.04175891, 42.47002912], [3.04173238, 42.46946291], [3.04225583, 42.46852847999999], [3.04294637, 42.46784054], [3.04324648, 42.46668413], [3.04310496, 42.46619219], [3.043933, 42.464563709999986], [3.0449192, 42.46360408], [3.04558053, 42.46210612], [3.04553782, 42.46155568], [3.04669713, 42.46115091], [3.04687714, 42.45964153], [3.04724468, 42.45865799], [3.04716415, 42.45729014], [3.04731, 42.45694755999999], [3.04834378, 42.45635679], [3.04880578, 42.45583196], [3.05022577, 42.45530108], [3.05127211, 42.454593139999986], [3.05140027, 42.45309398], [3.05237974, 42.45245323], [3.05321108, 42.45165944], [3.05382336, 42.45088949], [3.05416108, 42.44997421], [3.05503928, 42.44917798], [3.05666458, 42.44838192], [3.05676406, 42.44784142], [3.05755462, 42.4470615], [3.05790593, 42.44619362], [3.05827631, 42.44577531], [3.0602709, 42.44526059], [3.06146829, 42.44452357], [3.06294198, 42.44424192], [3.06371228, 42.44425265], [3.06452664, 42.44350048], [3.06582365, 42.44314342], [3.06704597, 42.44258285], [3.06720918, 42.442300369999984], [3.06701362, 42.44141278], [3.06805525, 42.44049448], [3.06901554, 42.43823551], [3.06970386, 42.43766268000001], [3.06972479, 42.43676088], [3.07004639, 42.43591749], [3.07378047, 42.43522094], [3.07445439, 42.43529945], [3.07537197, 42.43517792], [3.07653013, 42.43536207999998], [3.07669295, 42.435150329999985], [3.07675696, 42.43360956], [3.07734471, 42.43244055], [3.07752119, 42.43149503], [3.07994867, 42.42957402], [3.08050738, 42.42837995], [3.08141791, 42.4281159], [3.08395827, 42.42692766], [3.08500973, 42.426161259999986], [3.08522579, 42.42581639], [3.08586682, 42.4255604], [3.08715288, 42.42542685], [3.08826841, 42.42564476], [3.0885512, 42.42554507], [3.0894575, 42.42566251], [3.09058703, 42.42533094], [3.09283408, 42.42517817], [3.09397002, 42.42529902], [3.09473222, 42.42515266], [3.09571909, 42.42522519], [3.0963451, 42.42505345], [3.09831313, 42.42510458], [3.09888407, 42.42515513], [3.09929036, 42.42541281], [3.10207773, 42.42626753], [3.10230609, 42.42657605], [3.10267938, 42.42661077999998], [3.10258716, 42.42803201], [3.10285522, 42.42867498], [3.10400554, 42.42986376], [3.10596101, 42.43051344], [3.10653434, 42.4309185], [3.10689459, 42.43145011], [3.10697967, 42.43222663], [3.10755706, 42.43301925], [3.10761859, 42.43380525], [3.1090694, 42.43485827], [3.11019099, 42.43548426000001], [3.11256551, 42.43513318], [3.11524738, 42.43562486], [3.11639891, 42.43617350999999], [3.11755395, 42.43637947], [3.1181519, 42.43677422], [3.11857575, 42.4373607], [3.12087461, 42.4381833], [3.12085074, 42.43788544], [3.12191736, 42.43630178], [3.12370594, 42.435312], [3.12478321, 42.43516989], [3.12565844, 42.43485274], [3.12721043, 42.43481662], [3.12877561, 42.4351], [3.13020614, 42.43503228], [3.13299408, 42.43593889999999], [3.13635623, 42.43544835], [3.1381379, 42.43553821], [3.13849765, 42.43543735], [3.13915568, 42.43456329], [3.14007413, 42.433854040000014], [3.1415036, 42.43375228], [3.1435284, 42.43390648], [3.14483345, 42.43315161], [3.14776835, 42.43391443], [3.1489679, 42.43409106], [3.14938751, 42.43458637], [3.15025363, 42.435045], [3.15187694, 42.43518146], [3.15344176, 42.43577697], [3.15556168, 42.43446855], [3.1564159, 42.43413983], [3.15758086, 42.43426224], [3.160587, 42.43539122], [3.16352694, 42.43609389], [3.16670291, 42.43512519], [3.16842917, 42.43553829], [3.17008401, 42.43552282999999], [3.1722329, 42.43452466], [3.17436959, 42.43515163], [3.17497968, 42.43498872], [3.17496548, 42.43486626], [3.17435193, 42.43506307], [3.1744194, 42.43471048], [3.17404009, 42.43475959], [3.17474477, 42.43445619], [3.17407303, 42.4345806], [3.17391046, 42.4343982], [3.1746352, 42.43400822], [3.17490367, 42.43353707], [3.17422195, 42.43391879], [3.17394668, 42.43377682], [3.1734862, 42.43397385], [3.17300067, 42.43377069000001], [3.17298621, 42.43350837000001], [3.17267782, 42.43343462], [3.17276153, 42.43332859], [3.17189957, 42.43341994], [3.17194792, 42.43313978], [3.17150091, 42.43341433], [3.17089601, 42.43299006], [3.17041861, 42.43214799], [3.17026078, 42.43218019], [3.1706593, 42.431687959999984], [3.17041258, 42.43171517], [3.17057067, 42.43128373], [3.17038296, 42.43146178], [3.17022837, 42.43120958], [3.16991926, 42.43141006], [3.16970182, 42.43129114], [3.16937861, 42.43139978], [3.16943063, 42.43116933], [3.16911578, 42.43113116], [3.16908218, 42.43098036], [3.16880082, 42.43105453], [3.1690542, 42.43079254], [3.16873186, 42.43081499], [3.16855482, 42.43066674], [3.16871049, 42.43055267], [3.16854941, 42.43028272999999], [3.16910563, 42.43002398], [3.16879406, 42.43012008], [3.16884443, 42.42999906], [3.16847164, 42.42983939], [3.1675849, 42.43006116], [3.16729117, 42.43037697], [3.16708595, 42.43032495], [3.16714102, 42.43014079000002], [3.16666043, 42.43022254], [3.16677069, 42.429993899999985], [3.16626309, 42.43015962], [3.16652266, 42.4299812], [3.16638239, 42.42994502000001], [3.16562794, 42.43017811], [3.16553483, 42.42995246], [3.16488784, 42.43027545], [3.16502035, 42.42999634], [3.16424055, 42.43044326], [3.16394243, 42.43010389], [3.1641089, 42.43012166], [3.16420841, 42.4299133], [3.1639555, 42.42998616], [3.16432098, 42.42977175], [3.1640175, 42.42970797], [3.16435387, 42.42951647000001], [3.16425081, 42.42934271], [3.16365427, 42.42938895], [3.16278601, 42.42989507], [3.16288162, 42.42954289], [3.1624561, 42.42976405], [3.16194078, 42.42934357], [3.16186117, 42.4291143], [3.16218175, 42.42878774], [3.16185254, 42.42892446], [3.16177364, 42.42849715], [3.16119245, 42.42831767], [3.16075314, 42.4283752], [3.16057495, 42.4281956], [3.16056303, 42.42752584], [3.16162101, 42.42667473], [3.16237319, 42.42665808999999], [3.1622405, 42.42691297], [3.16242616, 42.42720927], [3.16352764, 42.42729812], [3.16418079, 42.42682681], [3.1640189, 42.42665259], [3.16434892, 42.42636753], [3.16502595, 42.42606279], [3.16520888, 42.42624003000001], [3.16550397, 42.42612199], [3.16516838, 42.42572115999999], [3.16679945, 42.4249768], [3.16698018, 42.4251943], [3.16753168, 42.42495772], [3.16784897, 42.42542186999999], [3.16802724, 42.42540252], [3.16795618, 42.42555591], [3.16665063, 42.42611294], [3.16659469, 42.42628702], [3.16557465, 42.42655895], [3.16573936, 42.42674108], [3.16614389, 42.42668267], [3.16830966, 42.42573109], [3.16871034, 42.42505821], [3.16893231, 42.42510534], [3.16924026, 42.42493783], [3.16931194, 42.42519421], [3.16942391, 42.42492837], [3.16953742, 42.42500899], [3.16990779, 42.42486479], [3.17017014, 42.42455973], [3.1703458, 42.42456352], [3.17065806, 42.42397055], [3.17022264, 42.42414979], [3.17021821, 42.42399489], [3.16990162, 42.4240648], [3.16956704, 42.42382258], [3.16927812, 42.42387461], [3.1694126, 42.42352759], [3.16912409, 42.42359575], [3.16901338, 42.42347253], [3.169198, 42.423325009999985], [3.16880937, 42.42331909], [3.16885989, 42.42280469], [3.16927339, 42.4225665], [3.16884635, 42.42269754], [3.16898515, 42.42214779], [3.16865424, 42.42149687], [3.1689352, 42.42129112], [3.16881906, 42.42104335], [3.16902047, 42.42090545], [3.16879798, 42.42075141], [3.16924167, 42.42062611], [3.16875021, 42.42057145], [3.16907495, 42.42046344], [3.16875078, 42.42032766], [3.16879504, 42.41978957], [3.16938976, 42.41960101], [3.16903639, 42.41945519], [3.16936347, 42.41927188], [3.16900802, 42.41884903], [3.16898443, 42.41821279], [3.16948077, 42.41778707], [3.16975088, 42.41775335], [3.16967014, 42.417516789999986], [3.17048182, 42.41747055], [3.17010032, 42.41730217], [3.17097179, 42.4164073], [3.17049436, 42.41644925], [3.17034816, 42.41627475], [3.17070186, 42.41610041], [3.17069995, 42.415932], [3.17020392, 42.41610764], [3.1702741, 42.41594353], [3.17003497, 42.4157445], [3.16899162, 42.41545695], [3.16881397, 42.41529258], [3.16900631, 42.41509065], [3.16805606, 42.41520975], [3.16722027, 42.41495169], [3.16712883, 42.41470641], [3.16667259, 42.41476039], [3.16661239, 42.41447013], [3.16643511, 42.41457783], [3.16580021, 42.41417221], [3.16603763, 42.4137304], [3.16583342, 42.413674399999984], [3.16562564, 42.41383429], [3.16563427, 42.41355446], [3.16516833, 42.41361331], [3.16525736, 42.413317339999985], [3.16497845, 42.41341572], [3.16454503, 42.41326964], [3.16476508, 42.41282992], [3.16449523, 42.41281419], [3.16450612, 42.41251642999999], [3.16481776, 42.41247951], [3.16515113, 42.41182988], [3.16537456, 42.41189566], [3.16553131, 42.41137831], [3.1649786, 42.4112007], [3.16495097, 42.41136888], [3.16449334, 42.41078811], [3.16453026, 42.41105832], [3.16430268, 42.41117168], [3.16413405, 42.41105124], [3.16382421, 42.41121721], [3.16273419, 42.41126848], [3.16259735, 42.41146040999999], [3.1620915, 42.41135593], [3.16153295, 42.41064939], [3.16180323, 42.41045799], [3.16160734, 42.41051456], [3.16153614, 42.4103793], [3.16159975, 42.40978202], [3.16179954, 42.40963593], [3.16145448, 42.40914829], [3.16122952, 42.40904981], [3.16109682, 42.40914762], [3.16098108, 42.40894154], [3.16049686, 42.40896825], [3.16042682, 42.408764], [3.15977537, 42.40864153], [3.1595009, 42.4084273], [3.15960601, 42.40832583], [3.15856803, 42.40832034], [3.15840977, 42.40811432000001], [3.1585684, 42.40789057], [3.15893319, 42.40787485], [3.15870584, 42.40754896], [3.15803868, 42.40789311], [3.15732489, 42.40743082], [3.15726857, 42.40760453], [3.1564113, 42.40759418], [3.15596398, 42.40715781], [3.15567818, 42.40618708], [3.15571026, 42.40554815], [3.1559147, 42.40522022999998], [3.15622991, 42.40516397], [3.1568086, 42.40458094], [3.15745309, 42.4044156], [3.15753411, 42.40464415999999], [3.15768026, 42.40462603000001], [3.15733211, 42.4035602], [3.15783324, 42.4037997], [3.15789551, 42.40410906], [3.15816359, 42.40396685], [3.15880603, 42.4046315], [3.15830956, 42.40489507999999], [3.15788416, 42.40491592999999], [3.15792068, 42.40513409], [3.15840256, 42.40505471], [3.15913442, 42.40464915], [3.16046122, 42.40485507], [3.16101176, 42.404733350000015], [3.16093695, 42.40456261], [3.16117531, 42.40458254], [3.16105343, 42.40444337999998], [3.16125078, 42.40439799], [3.16208359, 42.40445724], [3.16216047, 42.40430205], [3.16255023, 42.40455394], [3.1627305, 42.4043415], [3.16261402, 42.40408157], [3.16289513, 42.40400156], [3.16314282, 42.40420069], [3.16320235, 42.40363269], [3.16339652, 42.40362755], [3.16347217, 42.4032762], [3.16373936, 42.40331428], [3.16414571, 42.4030337], [3.16395462, 42.40263572], [3.1641527, 42.40245001], [3.16407526, 42.40192633], [3.16425568, 42.40191327999999], [3.16426944, 42.40164362], [3.16440378, 42.40167206999999], [3.16487148, 42.40106457], [3.16334514, 42.39979483], [3.16170251, 42.39901751], [3.1613504, 42.39850691], [3.16098367, 42.39840206], [3.160038, 42.39745721], [3.15967332, 42.39749248], [3.15893431, 42.39700376], [3.15866977, 42.39704582000001], [3.15772904, 42.39664482], [3.15752051, 42.39638843], [3.15775315, 42.39622844], [3.15777795, 42.39593967], [3.15751554, 42.39630724], [3.15732947, 42.39632556], [3.15723907, 42.39608198], [3.1572057, 42.39634248], [3.15680779, 42.3963593], [3.15646026, 42.3960944], [3.15638852, 42.39577811], [3.15563952, 42.39531388000001], [3.15527386, 42.39533779], [3.15454418, 42.39476924], [3.15401864, 42.39460162000001], [3.15395389, 42.39470627], [3.15310501, 42.39426624], [3.1526775, 42.39354223], [3.15319487, 42.39185372], [3.15407818, 42.3909758], [3.15473658, 42.39093879], [3.15443642, 42.39080852], [3.15510919, 42.39073475], [3.1556337, 42.39049782], [3.15658997, 42.39084054], [3.15650486, 42.39057273], [3.1567762, 42.39039269], [3.15671769, 42.3902674], [3.157318, 42.39017598], [3.15729003, 42.38992439], [3.15800641, 42.38951399], [3.15854521, 42.38940923], [3.1588995, 42.38951609], [3.15883493, 42.38929913], [3.15915017, 42.389193769999984], [3.15936489, 42.38930776], [3.15927869, 42.38913713], [3.15968231, 42.38910260999998], [3.15969903, 42.38893904], [3.16021505, 42.38891436], [3.16070595, 42.38913631], [3.16081089, 42.38936203], [3.1606555, 42.38959983], [3.16093888, 42.38991176], [3.16077332, 42.38997215], [3.16128169, 42.39051009], [3.16149461, 42.39039379], [3.16172568, 42.39062573], [3.16229724, 42.39046003], [3.16288436, 42.39077026000001], [3.16299704, 42.39111981], [3.16264363, 42.39126612], [3.16262305, 42.39143429], [3.16325885, 42.39177201], [3.163196, 42.39156866], [3.16356459, 42.39141962], [3.16341779, 42.39112497], [3.16367824, 42.39139244], [3.16386857, 42.39142135], [3.1639274, 42.39129122], [3.16430033, 42.39140857], [3.16412855, 42.39131993], [3.16413693, 42.39099318], [3.16392056, 42.39090379], [3.16432478, 42.3907674], [3.16432695, 42.39038707], [3.16463466, 42.39074741], [3.16451905, 42.390070499999986], [3.16521505, 42.39024529999999], [3.16540543, 42.38982831], [3.16569869, 42.39023649], [3.1661502, 42.38960704], [3.16631284, 42.39019301], [3.16632637, 42.38984103], [3.16665006, 42.38971826], [3.1667649, 42.38936235], [3.16688018, 42.3899537], [3.16700255, 42.38968848], [3.16686139, 42.38941633999998], [3.16706869, 42.38929328], [3.16711225, 42.38890631999998], [3.16696449, 42.38871372], [3.16676391, 42.38885009], [3.16630614, 42.38857652], [3.16610106, 42.38884907], [3.16592644, 42.38855555], [3.16553345, 42.38842787], [3.16506603, 42.38863937], [3.16496131, 42.38841041], [3.16429841, 42.388156850000016], [3.16453065, 42.38785833], [3.16398341, 42.38764756], [3.16436153, 42.38753066], [3.16378385, 42.38715143], [3.16390244, 42.38697186000001], [3.16336489, 42.38660716], [3.1630177, 42.38670897], [3.16302778, 42.38633224], [3.16331607, 42.38638019], [3.16325189, 42.38627122], [3.16256377, 42.38626166], [3.1626942, 42.38614971], [3.16254011, 42.38617748], [3.16255046, 42.38599924], [3.16281705, 42.38578452], [3.16287444, 42.38603706], [3.16326556, 42.38606271], [3.16278859, 42.38469023], [3.16250965, 42.38473106], [3.1616075, 42.38557125], [3.16086916, 42.38558831999999], [3.1598275, 42.38522558], [3.15895737, 42.38433131], [3.15887462, 42.38369533], [3.15820243, 42.38358359], [3.15775475, 42.38303709], [3.15797513, 42.38294961], [3.15757765, 42.38294899000001], [3.15756044, 42.38223303], [3.15775219, 42.3821618], [3.15732892, 42.381802409999985], [3.15735944, 42.38157136], [3.15754198, 42.38160398], [3.15755948, 42.38151092], [3.15713891, 42.38145268999999], [3.15728191, 42.38126688], [3.15699347, 42.3812426], [3.15711576, 42.38108338], [3.15660558, 42.38143073], [3.15581175, 42.3811917], [3.15537964, 42.38058789], [3.15547414, 42.38024372999999], [3.15516139, 42.3799647], [3.15592927, 42.378952369999986], [3.15567855, 42.37905006], [3.1551577, 42.37895954], [3.15502192, 42.3786238], [3.15536532, 42.37862306], [3.15507148, 42.378423699999985], [3.15565688, 42.37834249], [3.15644954, 42.37773683000001], [3.15702912, 42.37790472], [3.1572675, 42.37763583], [3.1572114, 42.37730278], [3.15681946, 42.37687435], [3.15715246, 42.3765105], [3.15737423, 42.37640131], [3.15762764, 42.37660919], [3.15844599, 42.37652845], [3.15869393, 42.37624855], [3.15832507, 42.37602022], [3.15872235, 42.37605263], [3.15882632, 42.37542639], [3.15849622, 42.37553771], [3.15845254, 42.37516933], [3.15799931, 42.37529667], [3.15806935, 42.37503404999999], [3.15842637, 42.37490486], [3.15771396, 42.37450741], [3.1580149, 42.37424528], [3.15826502, 42.37435508], [3.15812392, 42.3745644], [3.15856827, 42.37472598], [3.15848108, 42.37458759], [3.1592017, 42.37405208], [3.1592409, 42.37389793], [3.15883878, 42.374200729999984], [3.15917231, 42.37367089], [3.1587942, 42.373344], [3.15898569, 42.37215028], [3.1594077, 42.37169932], [3.16038903, 42.37139723], [3.16211626, 42.37144821], [3.16122658, 42.37258288000001], [3.1611274, 42.37303017], [3.16298516, 42.37384404], [3.16316039, 42.37364331], [3.16299572, 42.3737029], [3.16154048, 42.37307705], [3.1613731, 42.37264473], [3.16251091, 42.37122844], [3.1638507, 42.37179257], [3.16370142, 42.37197615], [3.16261479, 42.371522169999984], [3.16368677, 42.37199409], [3.16349887, 42.37222527], [3.16241333, 42.37177165], [3.16348289, 42.37224484], [3.16329522, 42.37247566], [3.16220991, 42.37201762], [3.16327961, 42.37249496], [3.1630917, 42.37272605], [3.16200955, 42.37226909], [3.16307499, 42.37274652], [3.16284471, 42.37302973], [3.16179095, 42.372611720000016], [3.16353632, 42.37345833], [3.16370294, 42.37335687], [3.16428992, 42.37362153], [3.16443083, 42.3740963], [3.16421775, 42.37412786], [3.16427969, 42.37435815], [3.16291238, 42.37463334], [3.16272037, 42.37436189999998], [3.16263821, 42.37481016], [3.16285695, 42.37489964], [3.16456191, 42.3746617], [3.16507833, 42.37427559], [3.16493057, 42.37346525000001], [3.16457905, 42.37308651], [3.16478579, 42.37304352], [3.16455299, 42.37273477], [3.16503907, 42.37305955], [3.16525656, 42.3729055], [3.16522564, 42.37264725], [3.16477734, 42.372184269999984], [3.16459536, 42.37151772], [3.16481757, 42.37126226], [3.16553245, 42.37126204], [3.16536618, 42.3709848], [3.16558236, 42.37084273], [3.16606788, 42.37109636000001], [3.16620388, 42.37071521], [3.1659653, 42.37056263], [3.16583579, 42.37077896], [3.16579954, 42.370431019999984], [3.16550447, 42.37050422], [3.16535053, 42.37025119], [3.16563522, 42.36988161999998], [3.16607127, 42.36989188], [3.16594385, 42.36965854000001], [3.16602079, 42.36949515], [3.16564068, 42.36923317], [3.16588626, 42.36909367], [3.1658404, 42.36883625], [3.16599491, 42.36893825], [3.16616485, 42.36867295], [3.16639616, 42.36865326], [3.16651804, 42.3689075], [3.16710239, 42.36887909], [3.16707086, 42.36876089], [3.16675379, 42.36872911], [3.16669236, 42.36850675], [3.16689877, 42.36844223], [3.16691576, 42.36866583], [3.16698198, 42.36840204], [3.16743016, 42.36818198999999], [3.16702808, 42.36833658], [3.16695451, 42.36825582], [3.16752332, 42.36795806], [3.16713207, 42.36797862], [3.16675304, 42.36826196], [3.16713532, 42.367829929999985], [3.16676956, 42.36775660999999], [3.16657468, 42.36708431999998], [3.16632022, 42.36707406], [3.16605785, 42.3666906], [3.16643214, 42.36604306], [3.16539081, 42.36629835999999], [3.16444578, 42.36562543], [3.16448653, 42.36546444], [3.16468548, 42.36547343], [3.16441557, 42.36530999], [3.16477153, 42.3653111], [3.16475921, 42.36505805], [3.16430034, 42.3652255], [3.16445079, 42.36507578], [3.16420476, 42.36503525], [3.1641227, 42.36523584], [3.16411256, 42.36512121], [3.16381704, 42.36519467], [3.16339369, 42.36501056], [3.16322449, 42.36457779], [3.16347388, 42.36436912], [3.16322023, 42.36443334], [3.16306499, 42.36422858], [3.16311161, 42.36338032], [3.16362801, 42.36283309], [3.16415516, 42.36282369], [3.16400337, 42.36268711], [3.16419152, 42.36270233], [3.1642626, 42.36229749], [3.16462158, 42.36220728], [3.16425274, 42.361917], [3.16415377, 42.36163624], [3.16329781, 42.36151687], [3.16294482, 42.36129123], [3.16281213, 42.36074124], [3.16303901, 42.36028872], [3.16429361, 42.36017183], [3.16677658, 42.35929898], [3.16680898, 42.3594279], [3.16708331, 42.35915822], [3.16722686, 42.35925545], [3.16736215, 42.35907793], [3.16735046, 42.35920421], [3.16751413, 42.35919622], [3.16798044, 42.35883404], [3.16814802, 42.358926459999985], [3.16872696, 42.35850071], [3.16877628, 42.35778069], [3.16909597, 42.35808498], [3.16901819, 42.35819803], [3.1692189, 42.35814748], [3.16963997, 42.35835409], [3.17027319, 42.3581597], [3.17018082, 42.35781373], [3.17033125, 42.35775893], [3.17038801, 42.35787025], [3.1705079, 42.35779172], [3.17111358, 42.35796625999998], [3.17118241, 42.3575127], [3.17105233, 42.35741221], [3.17085847, 42.3575248], [3.17106894, 42.35731473], [3.17079568, 42.35720635], [3.17149326, 42.35648104], [3.17205586, 42.35626881999998], [3.17201396, 42.3559552], [3.17241856, 42.35591172], [3.17209554, 42.35568183], [3.17265845, 42.35576132], [3.17323326, 42.35540192], [3.17449803, 42.3551418], [3.1747686, 42.35502233], [3.17457609, 42.35500334999998], [3.17478211, 42.35455038], [3.17508567, 42.35472617], [3.17542551, 42.35454103], [3.17549233, 42.354295509999986], [3.17601901, 42.35436351], [3.17628274, 42.35444686], [3.17616484, 42.35401313], [3.17675475, 42.35446315], [3.17773194, 42.35453892], [3.17772809, 42.35429396], [3.17787231, 42.35432560999999], [3.17799239, 42.35393492], [3.17809342, 42.35410921], [3.17822591, 42.35385801000001], [3.17802095, 42.35377115], [3.17805365, 42.35339698], [3.17783687, 42.35308328], [3.17803282, 42.35289988], [3.17838778, 42.35283178], [3.17901048, 42.353023], [3.17907324, 42.35331821], [3.1792799, 42.353276819999984], [3.17951414, 42.353325], [3.17949033, 42.35349066], [3.17974464, 42.35351052], [3.17973374, 42.35334915], [3.18040123, 42.35336287], [3.18035617, 42.353231], [3.18073219, 42.35335109], [3.18085305, 42.35273218], [3.18131422, 42.35252756], [3.18181596, 42.35253667], [3.18226414, 42.35283892], [3.18225394, 42.35262892], [3.18250802, 42.35261023], [3.18246531, 42.35241044999999], [3.18183292, 42.35231239], [3.18151172, 42.35179127], [3.18185658, 42.35171849], [3.1818685, 42.35147143], [3.1821451, 42.35151828], [3.18212355, 42.35128775], [3.18243333, 42.35113416], [3.18287911, 42.35123927], [3.18304979, 42.351562049999984], [3.18317933, 42.35147547], [3.18329736, 42.35164738999998], [3.18364256, 42.35164936], [3.18384027, 42.35116244], [3.18417172, 42.35099034], [3.18400588, 42.35082787], [3.18426381, 42.35038742], [3.18457781, 42.35039168], [3.18484178, 42.35064541], [3.18509644, 42.35054062], [3.18499722, 42.35094533], [3.18523091, 42.35097333], [3.18521696, 42.35110178], [3.18559668, 42.35107694], [3.18567228, 42.35131196], [3.1854164, 42.35158112], [3.18543977, 42.3516842], [3.18577472, 42.351585939999985], [3.18615748, 42.35181038], [3.18655205, 42.35171464], [3.18659156, 42.35185579], [3.18718581, 42.35206728], [3.18746418, 42.35197127], [3.18741325, 42.35178997], [3.18786534, 42.35180607], [3.18791276, 42.35166739], [3.18747185, 42.35153031], [3.18809204, 42.35148472], [3.18787922, 42.35100603], [3.18836935, 42.35123849], [3.18827341, 42.35086641999999], [3.18842157, 42.35075441], [3.18805819, 42.35080148], [3.18822446, 42.35045213], [3.1878343, 42.35035343], [3.18827978, 42.35031524], [3.18805416, 42.34993906], [3.18815687, 42.34985541000001], [3.18713893, 42.34936291], [3.18643207, 42.34932488], [3.18616401, 42.34916816], [3.18608919, 42.34858216], [3.18638868, 42.34807635], [3.18608176, 42.34824319], [3.18655601, 42.34746843], [3.18604616, 42.34737109], [3.18615128, 42.34674580999999], [3.18578189, 42.3463523], [3.18538844, 42.34636536], [3.18524793, 42.34622546], [3.18573823, 42.34607966], [3.1851339, 42.34555423], [3.18528285, 42.34521860999999], [3.18548291, 42.34525305], [3.18517373, 42.34472993], [3.18540804, 42.3445243], [3.18551001, 42.3436527], [3.18602608, 42.34307088], [3.18684098, 42.34255755999999], [3.18735569, 42.342505570000014], [3.18759569, 42.34270934], [3.18772868, 42.34243957], [3.1878071, 42.34256102], [3.18789353, 42.34239733], [3.18814399, 42.34252148], [3.18816999, 42.34240859], [3.18844063, 42.34245993], [3.18839167, 42.34220549], [3.18812132, 42.34204356], [3.18860359, 42.34182482], [3.1887891, 42.34146256], [3.18957403, 42.3417364], [3.18987622, 42.34158342], [3.19006057, 42.34116271], [3.18985645, 42.3411871], [3.18950078, 42.34062868], [3.18984324, 42.340427], [3.19006581, 42.33992058], [3.19036881, 42.33983857], [3.19017123, 42.33985538], [3.19011243, 42.3395182], [3.1902649, 42.33907556], [3.19067325, 42.33886576], [3.19084106, 42.33896275], [3.19090651, 42.33860689999999], [3.19114153, 42.33884778], [3.19134773, 42.33879259], [3.1914071, 42.33855752], [3.19167045, 42.33869353], [3.19180995, 42.33853821], [3.19244749, 42.3385348], [3.19257573, 42.338233149999986], [3.19302174, 42.33823789], [3.1930848, 42.33805748000001], [3.19327368, 42.338332119999976], [3.19340575, 42.3379748], [3.19362734, 42.33807071], [3.19358483, 42.33782518000001], [3.19406893, 42.33762641], [3.19405891, 42.33720908], [3.19423584, 42.337033790000014], [3.19409699, 42.33676132], [3.19450785, 42.33647234], [3.19430029, 42.33608417], [3.19440537, 42.33591341], [3.19472487, 42.33575624999999], [3.19516047, 42.33589592], [3.19586315, 42.33576593], [3.19589084, 42.335263880000014], [3.19648845, 42.33495782], [3.1977452, 42.33489361], [3.19792226, 42.33476578], [3.20009358, 42.33514144], [3.20171245, 42.33580794], [3.20284193, 42.33659101], [3.20296464, 42.33715061], [3.20210693, 42.33731235], [3.20339559, 42.3371576], [3.20334711, 42.33770895], [3.20213169, 42.33791824], [3.20236308, 42.33868056], [3.20340101, 42.33850067], [3.20395611, 42.3391683], [3.2039454, 42.33953469], [3.20296226, 42.33916817], [3.20397306, 42.33960209], [3.20375978, 42.33987068], [3.20256481, 42.33935584000001], [3.20374338, 42.33990268], [3.20353228, 42.34017017], [3.20232071, 42.33966383], [3.20351136, 42.3401939], [3.2033693, 42.340376069999984], [3.20269197, 42.34009304], [3.20334899, 42.34040205], [3.20321165, 42.34057817999999], [3.20221711, 42.34017862], [3.20242742, 42.34027138], [3.20235306, 42.34036427], [3.20246694, 42.34029283], [3.20318541, 42.34060948], [3.20307528, 42.34079151], [3.20337767, 42.34078611000001], [3.20328002, 42.34126243], [3.20322079, 42.34134349999999], [3.20266314, 42.34101802], [3.20269711, 42.34089944], [3.20258261, 42.34100618], [3.20207822, 42.34070789], [3.20213261, 42.34059522], [3.20117561, 42.34096462], [3.20203983, 42.34073678], [3.20301789, 42.34132864], [3.20252109, 42.34214935], [3.20192356, 42.34226055], [3.20191067, 42.34206433], [3.20252804, 42.341855829999986], [3.20255022, 42.34180625], [3.20198647, 42.34200484], [3.20183157, 42.34173951999998], [3.20265908, 42.341417], [3.20181997, 42.34171973], [3.20165955, 42.34143857], [3.20229422, 42.34117114], [3.20163823, 42.34141492], [3.20157511, 42.34130273], [3.20140764, 42.34135751], [3.20175934, 42.34174181], [3.20112917, 42.3419724], [3.20030294, 42.34071452], [3.20010845, 42.34067361], [3.19997408, 42.34083226], [3.20094118, 42.34244744], [3.2008996, 42.34292691], [3.20128788, 42.34335653999999], [3.20120107, 42.34358374], [3.2017385, 42.34376616], [3.20172389, 42.34405609], [3.20204761, 42.34426401], [3.20193936, 42.34454276], [3.20217764, 42.34468347], [3.20194487, 42.34482554], [3.20189117, 42.34518975], [3.20239487, 42.34564052], [3.20300715, 42.34553848], [3.20273379, 42.34577772], [3.20295252, 42.34610541999999], [3.20344462, 42.34634186], [3.20329434, 42.34642228], [3.20342834, 42.34705311], [3.20368339, 42.34693188], [3.20366586, 42.34714283], [3.20401835, 42.34726559], [3.20531599, 42.34730957], [3.20581377, 42.34697328999998], [3.20562611, 42.34694867999998], [3.2058591, 42.34683802], [3.20552628, 42.34671524], [3.20604866, 42.34651806], [3.20592253, 42.34637067], [3.2063101, 42.34634719], [3.20647505, 42.34614687], [3.20713517, 42.34578444], [3.20658983, 42.34623572999998], [3.20705156, 42.34616753], [3.2072335, 42.34596853], [3.20769683, 42.34597949], [3.20887556, 42.3455002], [3.20944943, 42.34542134], [3.20919269, 42.34528537], [3.20932485, 42.34523379], [3.20914351, 42.34509957], [3.20930217, 42.34505795], [3.20905865, 42.34491708], [3.20926882, 42.34455556], [3.20902495, 42.34408813], [3.20935441, 42.34382509], [3.21003014, 42.34378945000001], [3.21020817, 42.34387721000002], [3.21020281, 42.34441776], [3.21044865, 42.3445262], [3.21040315, 42.34489733], [3.21136006, 42.34486243], [3.21107322, 42.34527265], [3.21137841, 42.34537349], [3.21130576, 42.34575855], [3.21154884, 42.34591066], [3.21131674, 42.34617272], [3.21152939, 42.34619286], [3.2113579, 42.34653595], [3.21175682, 42.34681711], [3.21143148, 42.34689876], [3.21139803, 42.34710002], [3.21172611, 42.34710959], [3.21179076, 42.34727041], [3.21191497, 42.34716634], [3.21176282, 42.34705061999998], [3.21192454, 42.34701538], [3.21261159, 42.34730095], [3.21289705, 42.34705852], [3.21266781, 42.34687279], [3.2132249, 42.34689157], [3.2135854, 42.34668817], [3.21357384, 42.34649986999999], [3.2138262, 42.34645077], [3.21394357, 42.34672848], [3.21445776, 42.34669861], [3.21439222, 42.34681167], [3.21460242, 42.34686054], [3.21454337, 42.34666756], [3.21481141, 42.34676711], [3.21510746, 42.34649935], [3.21523344, 42.34726904], [3.21602115, 42.34758926], [3.21555186, 42.34786230999999], [3.21563408, 42.34857976], [3.21515462, 42.34854302], [3.21500001, 42.34867065000001], [3.21509922, 42.348854369999984], [3.21490111, 42.34921931], [3.21538274, 42.349393849999984], [3.21531144, 42.34948927], [3.21595497, 42.34942934], [3.21605895, 42.349233529999985], [3.21657764, 42.34969447], [3.2173738, 42.34985066], [3.21722038, 42.34990076], [3.21732799, 42.35001448], [3.21820882, 42.34997057000001], [3.21761593, 42.34985984], [3.21817702, 42.34983383], [3.21802008, 42.34977712], [3.21923238, 42.3497712], [3.21954866, 42.34931624], [3.21982254, 42.349271759999986], [3.21957363, 42.34906042], [3.22002426, 42.34890528], [3.21989192, 42.34872991], [3.22118622, 42.34891664], [3.22116635, 42.34875448], [3.22150513, 42.3487314], [3.22136095, 42.34871322], [3.22152653, 42.34856835], [3.22137751, 42.34848443], [3.22158505, 42.34839613], [3.22142794, 42.34829088], [3.22183225, 42.34825903], [3.2223934, 42.34766894], [3.22234773, 42.34732058], [3.22283246, 42.34723463], [3.22293689, 42.34734168], [3.22272468, 42.34755293], [3.22281119, 42.34774198], [3.22258117, 42.34827541], [3.22286958, 42.34873749], [3.22309762, 42.34881342], [3.22283756, 42.3489193], [3.22313088, 42.34895025], [3.22315335, 42.34908979999999], [3.22346044, 42.34896141], [3.22364784, 42.34925392], [3.22458224, 42.34932198], [3.22449762, 42.34925487], [3.22514173, 42.34878304], [3.22532044, 42.3488469], [3.22505599, 42.34887759], [3.22501499, 42.34909355], [3.22520999, 42.34916494], [3.22534095, 42.3495243], [3.22573333, 42.34938051], [3.22621775, 42.34967928], [3.22684508, 42.34923683], [3.22681579, 42.34946474], [3.2270928, 42.34958352999998], [3.22710576, 42.34981127], [3.22661386, 42.35033774], [3.22698123, 42.35073365], [3.22741788, 42.35044233], [3.22777216, 42.35070838999999], [3.22748726, 42.35136415], [3.22788788, 42.35145018], [3.22829255, 42.35124519999999], [3.22850222, 42.35154243999999], [3.22883281, 42.35143208], [3.22926091, 42.35156074], [3.22957432, 42.35146915], [3.22922161, 42.3512375], [3.22945882, 42.35116038], [3.23155537, 42.35113968], [3.231512, 42.35076809], [3.23248602, 42.35044496], [3.23237497, 42.35009395], [3.2331253, 42.35035144], [3.23330448, 42.34998308], [3.23364854, 42.35027013000001], [3.23429875, 42.3500822], [3.23467273, 42.3501533], [3.2346806, 42.34985581], [3.23443357, 42.34980228], [3.23480601, 42.34939408], [3.23500917, 42.34940464999998], [3.23526545, 42.34982075], [3.23584486, 42.35011928], [3.2365025, 42.34961548], [3.23740542, 42.34931542000001], [3.2378148, 42.34898693], [3.23832965, 42.348971], [3.2379155, 42.34880633], [3.23857518, 42.34840157], [3.23834544, 42.34794346000001], [3.23845335, 42.34787254], [3.23815546, 42.34766151], [3.2384657, 42.34738132], [3.23874142, 42.34734994], [3.23803203, 42.34709402], [3.23820321, 42.34712303], [3.23823756, 42.3468317], [3.23862809, 42.34679036], [3.23814156, 42.34674436000001], [3.23860391, 42.34646286], [3.23842288, 42.34646071], [3.23847805, 42.34608829], [3.23767125, 42.34604223], [3.23805877, 42.34591129], [3.23807925, 42.345804069999986], [3.2378058, 42.34588939], [3.23826444, 42.3454946], [3.2378115, 42.34537386], [3.23790822, 42.34513716], [3.23744815, 42.34505454], [3.23750553, 42.34484962], [3.23810495, 42.34470176], [3.23768835, 42.34426637], [3.23820674, 42.34410246], [3.2371167, 42.34388731], [3.23707831, 42.34368809], [3.23727736, 42.34357726000001], [3.23685891, 42.34361568], [3.2367846, 42.34348262999998], [3.23710116, 42.34304941], [3.2368965, 42.34289394], [3.2373316, 42.34257071], [3.23738748, 42.34222476], [3.23808436, 42.34214073], [3.23846217, 42.34182086], [3.23788173, 42.34155566], [3.23797742, 42.34140353], [3.23782072, 42.3412802], [3.23799444, 42.34099021], [3.23891652, 42.34046305], [3.23965204, 42.34026671], [3.23971641, 42.34004980000001], [3.23995229, 42.33989269000001], [3.24009235, 42.33934311], [3.23993149, 42.33911515], [3.24013808, 42.33863018], [3.23990013, 42.33865743], [3.23994997, 42.33819585], [3.2395719, 42.33824519], [3.23977726, 42.33785218], [3.2395658, 42.33785388], [3.23952066, 42.33750616], [3.23980507, 42.33728023], [3.23994842, 42.33743646], [3.24029359, 42.337388], [3.24051301, 42.33715032], [3.24060337, 42.33694146], [3.24028382, 42.33683172], [3.24056583, 42.33680581999999], [3.24074451, 42.33655039], [3.24038702, 42.33626276], [3.24099287, 42.33594492], [3.24077024, 42.33565837], [3.24083098, 42.33531907], [3.24127877, 42.33516034], [3.24156087, 42.3355081], [3.24183352, 42.33547907], [3.24253983, 42.33575398], [3.24276481, 42.33567136000001], [3.24275151, 42.33590672], [3.24301904, 42.33599829], [3.24291638, 42.3362613], [3.24315424, 42.33627548], [3.24297095, 42.33637232], [3.2431939, 42.33648713], [3.2435939, 42.33652591], [3.24377848, 42.33648076], [3.24363451, 42.33638425], [3.24411477, 42.33633576], [3.24455481, 42.33655547], [3.24521553, 42.33617959], [3.24540842, 42.33643171], [3.24530856, 42.33656809], [3.24575376, 42.33664811], [3.24672278, 42.33626615], [3.24668303, 42.33591166], [3.24561676, 42.33547418], [3.24616504, 42.33518661], [3.24632918, 42.33478936], [3.24689289, 42.33429146], [3.24678053, 42.33424036], [3.24756181, 42.33381926], [3.24729032, 42.33358344], [3.24752892, 42.33329545], [3.24715607, 42.33302553], [3.24733969, 42.3324908], [3.24685571, 42.33214105], [3.24754526, 42.33213929], [3.24819741, 42.33172991], [3.24910548, 42.33056957], [3.24952638, 42.33046625], [3.24964624, 42.33005369], [3.24944218, 42.33001568], [3.24975711, 42.32969744], [3.25082347, 42.32977752], [3.25121992, 42.32993840000001], [3.25132083, 42.33016567], [3.25110015, 42.33135054999999], [3.2513235, 42.33150605], [3.25002634, 42.33261322], [3.25064804, 42.33273326], [3.25048701, 42.3329585], [3.25075524, 42.33325737], [3.25071892, 42.33364894], [3.25089609, 42.33372808], [3.25076453, 42.33403665], [3.25102512, 42.33400104], [3.25033273, 42.33522235], [3.25052136, 42.335372970000016], [3.25039929, 42.33569178], [3.25057035, 42.33581893], [3.25108609, 42.33574864], [3.2510014, 42.33557618], [3.25117447, 42.33547835], [3.25096338, 42.33532571], [3.25150259, 42.33493348], [3.25166401, 42.33501752], [3.25183194, 42.33491015], [3.25182765, 42.33450363], [3.25222827, 42.33460641], [3.25278451, 42.33425754], [3.25274083, 42.3344728], [3.2529532, 42.33451997], [3.25333379, 42.334260569999984], [3.25357003, 42.33378371], [3.25355105, 42.33332011], [3.25337271, 42.33325251], [3.25352133, 42.33311259], [3.25422237, 42.33388052], [3.25437221, 42.33377338], [3.25494009, 42.33414578], [3.25490752, 42.33443701999999], [3.25406001, 42.33503925], [3.25450188, 42.33525595], [3.25469548, 42.33510178], [3.25528602, 42.33519296], [3.25549451, 42.33508974], [3.25534974, 42.33531098], [3.25560272, 42.33537238], [3.25555547, 42.33524478], [3.2567491, 42.33534406], [3.25868907, 42.3350987], [3.2590729, 42.334775589999985], [3.25896812, 42.33441449999999], [3.25921743, 42.33405595], [3.25994972, 42.33372682], [3.26019145, 42.33347627], [3.26013128, 42.3331901], [3.26045573, 42.33310101], [3.2602858, 42.33327981], [3.26050434, 42.33355679000001], [3.25975756, 42.33428555], [3.26004384, 42.3348594], [3.26041954, 42.33506848], [3.26072227, 42.33480067], [3.2621585, 42.3342464], [3.26248169, 42.33428979], [3.26261131, 42.33454743], [3.26255155, 42.33474237], [3.26236892, 42.33469938], [3.2616488, 42.33532857], [3.26197202, 42.33546698], [3.26193194, 42.33578193], [3.26161232, 42.33580976], [3.26071923, 42.33629984], [3.261021, 42.33671073], [3.26118903, 42.33656886], [3.26134297, 42.33672189], [3.26080143, 42.33765472], [3.26139575, 42.33765345], [3.26187239, 42.33716955], [3.26177042, 42.33763765], [3.26201473, 42.33771247], [3.26210831, 42.33689072], [3.26249031, 42.33694721], [3.26309942, 42.33662043], [3.26326367, 42.33671209], [3.26306345, 42.33716628], [3.26266016, 42.33727528], [3.26294838, 42.33766233], [3.26283081, 42.33805491], [3.26299315, 42.33818008], [3.26246391, 42.3384214], [3.26274425, 42.33855008], [3.26263883, 42.3389166], [3.2622309, 42.33916638], [3.26227992, 42.33942537], [3.26186353, 42.33974586], [3.2619434, 42.34003657], [3.26138308, 42.34013359], [3.26112071, 42.34044805], [3.26155083, 42.34018778], [3.26148808, 42.34051341], [3.2621089, 42.34071589], [3.26295703, 42.34011765], [3.26273262, 42.34039258], [3.26318434, 42.34033598], [3.26311199, 42.34059786], [3.26367515, 42.34071329], [3.26539938, 42.34069202], [3.265735, 42.34056714], [3.26574699, 42.34035898], [3.2662334, 42.34040909], [3.26599581, 42.34026302], [3.26679029, 42.34045012999999], [3.26761428, 42.34043812], [3.26771864, 42.34008501999999], [3.26837653, 42.34012473], [3.26791907, 42.33994396], [3.26822214, 42.33993038], [3.26815827, 42.339698439999985], [3.26862355, 42.33957694], [3.2680798, 42.33937188], [3.26996235, 42.33896633], [3.27018323, 42.33881189], [3.27007616, 42.33844326], [3.27108087, 42.33828913], [3.27087096, 42.338115], [3.27099985, 42.33799491], [3.27079469, 42.33790677999998], [3.2708207, 42.3377166], [3.27155728, 42.3381911], [3.27255321, 42.33800285], [3.27286836, 42.33780919], [3.27303119, 42.3379873], [3.27314416, 42.33792156], [3.27293797, 42.33770842], [3.27317592, 42.3377999], [3.27386332, 42.33759535], [3.27385408, 42.33739562], [3.27434897, 42.33705554], [3.27444042, 42.3372331], [3.27505771, 42.33723881999999], [3.27479089, 42.33693073], [3.27507131, 42.33701526], [3.27550941, 42.33690568], [3.27631391, 42.336196589999986], [3.27628881, 42.33634092], [3.27664414, 42.33637519], [3.27608375, 42.33686044], [3.27602652, 42.33729323], [3.2764644, 42.3374633], [3.27710664, 42.33715058], [3.27728682, 42.33729866], [3.27792968, 42.3371277], [3.27821411, 42.33666283], [3.27811146, 42.33628816], [3.27854447, 42.33651235], [3.27893631, 42.33609827999999], [3.27882095, 42.33661173], [3.2792617, 42.33677277], [3.28030538, 42.33622094], [3.28016331, 42.33599046], [3.2806566, 42.33590361000001], [3.28060003, 42.33557448], [3.27957687, 42.3354128], [3.27973241, 42.33525823], [3.27882859, 42.3350977], [3.27845838, 42.33488245], [3.27853099, 42.33477753], [3.27976762, 42.33465762], [3.28005876, 42.3345338], [3.28016953, 42.33424731], [3.28034114, 42.33426815], [3.28015721, 42.33376993], [3.27989677, 42.33366978], [3.28004721, 42.33357161], [3.2795128, 42.33327976], [3.27977593, 42.33297282], [3.27866625, 42.33305334], [3.27864946, 42.33282435000001], [3.27778522, 42.3327952], [3.27745723, 42.33257174], [3.2786029, 42.33250637], [3.27887412, 42.33235198], [3.2788704, 42.33203218], [3.27903529, 42.33232069], [3.27918447, 42.33226665], [3.27920175, 42.33249582], [3.27967607, 42.33240505], [3.27979555, 42.33224913], [3.27994226, 42.33235144], [3.28055608, 42.33218603], [3.28094567, 42.3319592], [3.28120605, 42.33220777], [3.2817441, 42.33214718], [3.28174416, 42.33202578], [3.28216297, 42.33214444], [3.28137313, 42.3326039], [3.28157188, 42.33264231], [3.28140782, 42.33276088], [3.28155008, 42.33292426], [3.28209471, 42.3329485], [3.28269258, 42.3327742], [3.28259602, 42.33257063], [3.28278294, 42.33248821], [3.28343909, 42.33245183], [3.28349742, 42.33230515], [3.283774, 42.33237517], [3.28392187, 42.33224782], [3.28332007, 42.33213979], [3.2835538, 42.33196638], [3.28409696, 42.33196459], [3.28434079, 42.331689119999986], [3.28510168, 42.33176135], [3.28570237, 42.33151498], [3.28557619, 42.33131409], [3.28598095, 42.33106334], [3.2857848, 42.33095531], [3.28619061, 42.33069699], [3.28678842, 42.32982154], [3.28677852, 42.32953959], [3.2862843, 42.32930387], [3.2868168, 42.32922932], [3.28702307, 42.32897312], [3.28656801, 42.32787218], [3.2867554, 42.32789683], [3.28654749, 42.32781576], [3.28691193, 42.3276204], [3.28678644, 42.32730073], [3.28710653, 42.32717519], [3.28644811, 42.32691152], [3.28659302, 42.32669609], [3.28624062, 42.32614661], [3.28630914, 42.32584157999999], [3.28577677, 42.32569493], [3.28600042, 42.32542158], [3.28655068, 42.32549766], [3.28690962, 42.32574992], [3.28713175, 42.32650228], [3.28819966, 42.32652527], [3.2879302, 42.32681423], [3.28836088, 42.32709126], [3.28808637, 42.32757765], [3.28812625, 42.32799247], [3.28849259, 42.32786699], [3.28853266, 42.32763183], [3.28898729, 42.32754693], [3.28905621, 42.32733033], [3.28923548, 42.32725279000001], [3.28897239, 42.32853341], [3.28917647, 42.32883604], [3.28902044, 42.32935293], [3.28924894, 42.32944845], [3.2898105, 42.32941155], [3.29035852, 42.32896697], [3.29035769, 42.32912773000001], [3.29063303, 42.32916883], [3.2917262, 42.3280283], [3.29180321, 42.32817185], [3.29194659, 42.328049], [3.29236221, 42.32734987], [3.2930515, 42.32675425], [3.29279677, 42.32775404], [3.29213597, 42.32884457], [3.29232142, 42.32876403], [3.2921996, 42.32906163000001], [3.29252434, 42.32920481], [3.29223793, 42.32934496], [3.29210114, 42.32965989], [3.29238259, 42.32936612], [3.2928789, 42.32944572000001], [3.2934068, 42.32888068], [3.29338504, 42.32929087999999], [3.29382859, 42.32950976], [3.29375588, 42.32961334], [3.29422017, 42.32964529], [3.29428976, 42.32991385], [3.29458354, 42.32953403], [3.2951355, 42.32941850000001], [3.29552874, 42.32897493], [3.29588849, 42.32915629], [3.29638301, 42.32890581], [3.29646051, 42.3290733], [3.29703672, 42.32892978], [3.29719895, 42.32853093], [3.2970374, 42.32842796], [3.29718991, 42.328391], [3.2968288, 42.3282826], [3.29707925, 42.32819018], [3.29691955, 42.32778433], [3.29761755, 42.32772938], [3.29759003, 42.32763417], [3.29865103, 42.32721659], [3.29844728, 42.3271466], [3.29937205, 42.32702738], [3.2995695, 42.32687007], [3.29960136, 42.32696013], [3.29973083, 42.32649292], [3.29990742, 42.32672193], [3.30026909, 42.32679582999999], [3.30060038, 42.32673498], [3.30070857, 42.32651611], [3.30107481, 42.32653064], [3.30073158, 42.32630153], [3.30078635, 42.32572193], [3.3009387, 42.32618859], [3.3017245, 42.32642924], [3.30174898, 42.32654706000001], [3.30215422, 42.32664633], [3.30261105, 42.32626524], [3.30259141, 42.32665004], [3.30369908, 42.32650841], [3.30390846, 42.32621012], [3.30446405, 42.32602672], [3.30443519, 42.32577976], [3.30469471, 42.32578735], [3.30535451, 42.32536969], [3.30553283, 42.32562535000001], [3.3053808, 42.32576022], [3.30566099, 42.32577514], [3.30509604, 42.32603035], [3.30569555, 42.32599444], [3.3044337, 42.32665309], [3.304624, 42.32670193], [3.30452465, 42.32678938], [3.30549729, 42.32708579], [3.3065529, 42.32704551], [3.30676779, 42.32693488000001], [3.30676231, 42.3266811], [3.30702978, 42.32662419], [3.30722668, 42.32688205], [3.30764562, 42.3270008], [3.30745597, 42.32683604], [3.30809555, 42.3267041], [3.30763008, 42.32645092], [3.30806981, 42.32642903], [3.30791598, 42.3263664], [3.30860602, 42.32598169], [3.30822279, 42.32544542], [3.30830523, 42.325178069999986], [3.30739772, 42.32521816], [3.30781437, 42.32496874], [3.30767349, 42.32489842], [3.30733107, 42.32511368], [3.30726643, 42.32499966], [3.30779532, 42.32472067], [3.30817493, 42.3242924], [3.30792831, 42.32357032], [3.3082065, 42.32357344], [3.30825889, 42.32339282], [3.30892098, 42.32310473], [3.30874204, 42.32294527], [3.30824712, 42.323143289999976], [3.30797336, 42.32305117], [3.30749928, 42.32349384], [3.30759746, 42.32267094999998], [3.3070145, 42.32268314], [3.30693334, 42.32254061], [3.30809984, 42.32201125], [3.3087961, 42.32129303], [3.30878309, 42.32108971], [3.30942302, 42.32066956], [3.30918283, 42.32101244], [3.30924091, 42.32147394], [3.30990352, 42.32124826], [3.31099652, 42.32002199], [3.31101267, 42.32027151], [3.31122388, 42.32020717000001], [3.31122863, 42.32033369], [3.31177879, 42.32007255], [3.31158055, 42.32055168], [3.31119676, 42.32078562], [3.3116696, 42.32084198], [3.31154756, 42.32114688999999], [3.31169379, 42.32111885000001], [3.3117629, 42.32147485], [3.31122049, 42.32242576], [3.31088002, 42.32256312], [3.31076862, 42.3228853], [3.31093848, 42.32292465], [3.3105259, 42.32332969], [3.31052629, 42.3238289], [3.31087786, 42.32402203], [3.31143097, 42.32403332], [3.31119117, 42.32457695], [3.3118411, 42.32455726], [3.31175153, 42.3247533], [3.31263921, 42.32450997], [3.31294417, 42.32418402], [3.31322534, 42.32417686], [3.31318417, 42.32431854], [3.31342225, 42.32438526], [3.31392473, 42.32421871], [3.31373906, 42.32402730000001], [3.31422262, 42.3239877], [3.3139516, 42.32391117], [3.31483723, 42.32343042], [3.31475597, 42.32317468999999], [3.3151662, 42.32295931], [3.31523576, 42.32259950000001], [3.31499015, 42.32223966], [3.31565491, 42.32276289], [3.31596286, 42.32282185], [3.31557058, 42.32296054], [3.31546637, 42.3232837], [3.31612915, 42.32338346], [3.31667695, 42.3230861], [3.31639062, 42.32286191], [3.31694436, 42.32244304], [3.31781593, 42.32245648], [3.31817114, 42.32206958], [3.31878452, 42.32202564], [3.31998661, 42.32121354], [3.32002218, 42.32109582], [3.31932355, 42.32093439], [3.31849341, 42.32090077], [3.31890509, 42.32078732], [3.31906407, 42.32054713], [3.31957061, 42.32044927], [3.32010703, 42.32004492], [3.32015246, 42.31981442], [3.32069709, 42.31964421], [3.320724, 42.31987704], [3.32101489, 42.31982795], [3.32100351, 42.31992884999999], [3.32224476, 42.31948047], [3.32208881, 42.31919225999999], [3.32160645, 42.31903213], [3.32176353, 42.31899251], [3.32129875, 42.31901912], [3.32119818, 42.3189053], [3.3212919, 42.31872176], [3.32102457, 42.31850987], [3.32144879, 42.31816896999999], [3.32139096, 42.31794236000001], [3.32009537, 42.31743434], [3.32088843, 42.317295049999984], [3.32068431, 42.31691241], [3.32038556, 42.31674798], [3.31898548, 42.31678476], [3.31803566, 42.31699895], [3.31767914, 42.31721969], [3.31780086, 42.31705139], [3.31757487, 42.317044], [3.31776492, 42.31685308], [3.31752051, 42.31668417], [3.31707795, 42.31685354], [3.31695997, 42.31740514000001], [3.3165326, 42.31726618], [3.3160499, 42.31761227], [3.31580911, 42.31743713], [3.31534651, 42.31770274], [3.3151115, 42.31764079], [3.3154629, 42.31743944], [3.31561363, 42.31702726], [3.31615991, 42.31670351], [3.31591241, 42.31671572], [3.31664983, 42.31639541], [3.31657733, 42.31616713], [3.31683368, 42.31598503], [3.3168446, 42.31571779], [3.31705995, 42.31566019], [3.31694297, 42.3156126], [3.31752351, 42.31561523], [3.31769841, 42.31545299], [3.31789702, 42.31554133], [3.31829239, 42.31532823], [3.31840449, 42.31493894], [3.31811085, 42.31479773], [3.31839167, 42.31468104], [3.31843958, 42.314460979999986], [3.31744934, 42.31464349], [3.31640836, 42.31436294], [3.31574058, 42.31448177], [3.31263426, 42.31760101], [3.31215648, 42.317401379999986], [3.31178201, 42.317651869999985], [3.31144956, 42.31763827], [3.31153308, 42.31742289], [3.31106463, 42.31724503], [3.31104334, 42.31708514], [3.31163421, 42.31698888], [3.31172221, 42.31709239], [3.31268749, 42.31641682], [3.31212346, 42.3163681], [3.31223825, 42.31616993], [3.31208561, 42.31617366999998], [3.31205315, 42.31567104], [3.31243796, 42.31535496], [3.31202346, 42.31533492], [3.31199707, 42.31522395], [3.31215637, 42.31526737], [3.31266475, 42.31483802000001], [3.31253202, 42.31474318], [3.31268667, 42.31448607999999], [3.3124179, 42.31429066], [3.31262014, 42.31406118], [3.31241737, 42.3139152], [3.3128751, 42.31391755], [3.31262217, 42.31366301], [3.31267826, 42.313522089999985], [3.31297887, 42.31350542], [3.31276186, 42.31302985], [3.31165778, 42.31254392], [3.31125257, 42.31273036], [3.31027955, 42.31278596], [3.3101511, 42.31294589], [3.30952574, 42.31307817], [3.30964968, 42.31289006], [3.30927323, 42.31263296], [3.30894025, 42.31280488], [3.30887041, 42.31296331], [3.30902606, 42.31303143], [3.30868246, 42.3131642], [3.30874409, 42.313311290000016], [3.30846173, 42.31318848], [3.30841167, 42.31339882], [3.30758793, 42.31406001], [3.30746911, 42.31395667], [3.30802963, 42.31328843999999], [3.30830427, 42.3126017], [3.30814574, 42.3124393], [3.30762357, 42.31260858], [3.30760475, 42.31248002], [3.30743861, 42.31252531], [3.30778748, 42.31225383], [3.30727473, 42.31198753999998], [3.30772512, 42.31205613], [3.30776277, 42.31191536], [3.30729447, 42.31188131], [3.30698217, 42.31166258], [3.30681192, 42.31178669], [3.30664727, 42.31171228], [3.30730184, 42.31139982], [3.30704512, 42.31138304000001], [3.30786579, 42.31074374], [3.30765146, 42.31083411], [3.30772817, 42.31069033999999], [3.30742651, 42.31076347], [3.30747144, 42.31064411], [3.30661901, 42.31081508], [3.30679506, 42.31051209], [3.30627979, 42.31042358], [3.30585211, 42.31058323], [3.30618195, 42.310891], [3.30628224, 42.31160573], [3.3065959, 42.31217921], [3.30637383, 42.31275188], [3.30646119, 42.31300075], [3.30622686, 42.31332317], [3.30588702, 42.31287962], [3.30619248, 42.31268896000001], [3.30618494, 42.31250903], [3.30560074, 42.31141905], [3.30543009, 42.31148516], [3.30543356, 42.31119812], [3.30516586, 42.31184746000001], [3.30488246, 42.31175851], [3.30501457, 42.31165026], [3.30468252, 42.31141185], [3.30448082, 42.31140428], [3.30435945, 42.31160031], [3.30401099, 42.3115816], [3.3040063, 42.31138951], [3.30367038, 42.31163123], [3.30347683, 42.31157815000001], [3.30388742, 42.3110185], [3.30355435, 42.31127138], [3.30385861, 42.31055152], [3.30411718, 42.31040106], [3.30418192, 42.30988565], [3.30394641, 42.31018861], [3.3039325, 42.30997214], [3.30370321, 42.31028229], [3.30379572, 42.31044397], [3.3030389, 42.31112], [3.30290891, 42.31146681], [3.30274465, 42.31144914], [3.30303655, 42.31052947], [3.30270987, 42.31004157000001], [3.30219228, 42.31022512], [3.30187342, 42.31002756], [3.30150944, 42.31013506], [3.30173645, 42.30992849], [3.30224714, 42.3098986], [3.30223989, 42.30977991], [3.30251562, 42.30971353], [3.30252184, 42.30946765], [3.30270853, 42.30943203], [3.30272104, 42.30907923], [3.30201657, 42.30900525], [3.30219447, 42.30890913999998], [3.30200523, 42.30884029], [3.30230232, 42.30882798], [3.30256623, 42.30865319], [3.30236794, 42.3085705], [3.3027764, 42.30847945], [3.30226818, 42.30838893], [3.30259095, 42.30829], [3.30235307, 42.30820174], [3.30276413, 42.30822245], [3.30276192, 42.30806583], [3.3026068, 42.3079769], [3.30203848, 42.30810593000001], [3.30219357, 42.30785785], [3.30093706, 42.30788862], [3.30103201, 42.30777508], [3.30077073, 42.307510079999986], [3.30024696, 42.30776912], [3.29998528, 42.30777809], [3.30012758, 42.30718493], [3.29969405, 42.30738771], [3.29978691, 42.30703713], [3.29941493, 42.30709474999998], [3.29912483, 42.30689017], [3.29847152, 42.30703165], [3.29869381, 42.30685337], [3.29799763, 42.30672937], [3.29903457, 42.30648242], [3.29899468, 42.30630799], [3.29944551, 42.30581453], [3.29957943, 42.30578356], [3.29952826, 42.30599471], [3.30007609, 42.30571922], [3.30011389, 42.30547794000001], [3.29989004, 42.30545275999999], [3.30033996, 42.30441254], [3.29983887, 42.3046146], [3.29987459, 42.30439485], [3.29965364, 42.30434084999999], [3.29979577, 42.30425087], [3.29958626, 42.30417954], [3.29841716, 42.30500189], [3.29899269, 42.30422153], [3.29849482, 42.30431091], [3.29882186, 42.30401619], [3.29851394, 42.30394134], [3.29745774, 42.30436764], [3.29694186, 42.30488404], [3.29675654, 42.30481968], [3.29691238, 42.304574399999986], [3.29625052, 42.30459565], [3.29593247, 42.30484504], [3.29578849, 42.30482551], [3.2958291, 42.30463718], [3.29504989, 42.30509436], [3.29495503, 42.305646049999986], [3.29515455, 42.30633198], [3.2946487, 42.30669209], [3.29480877, 42.30693278], [3.29465519, 42.30709501], [3.29429706, 42.307154920000016], [3.29379345, 42.30682515], [3.29389513, 42.30638187], [3.29352004, 42.3066577], [3.29352516, 42.30655925], [3.29326101, 42.3070531], [3.29255344, 42.30711399], [3.29256267, 42.30701094], [3.29215705, 42.30698405], [3.29199342, 42.30722953], [3.29190381, 42.30710925], [3.29153802, 42.30722006], [3.29127441, 42.30709906], [3.29090558, 42.30739341], [3.29073347, 42.30732702000001], [3.29087556, 42.30706539], [3.29075984, 42.30683576], [3.29032814, 42.30686243], [3.29037034, 42.30675173], [3.29008397, 42.30669103], [3.28950378, 42.30696061], [3.28918471, 42.30675499], [3.28961566, 42.30640699], [3.28951583, 42.30620109], [3.28996048, 42.30603623], [3.28985996, 42.30594481], [3.28955295, 42.30604087], [3.28967867, 42.30588662999999], [3.28926258, 42.30566406], [3.28993402, 42.30553105], [3.2900819, 42.30534173], [3.28984983, 42.30519082999999], [3.29018821, 42.30497806], [3.29003847, 42.30486758], [3.29008897, 42.30458303], [3.28989046, 42.30460659], [3.28992245, 42.30430525], [3.28975859, 42.30421272000001], [3.28946728, 42.30431649], [3.28948085, 42.30420757], [3.28912054, 42.30434546], [3.28869005, 42.304289], [3.28878888, 42.30401145], [3.28860543, 42.30403667999999], [3.28862776, 42.30382561], [3.28879729, 42.30364758000002], [3.28814466, 42.30356474], [3.28838785, 42.30315003], [3.28824847, 42.30307563], [3.28790598, 42.30313124], [3.28767955, 42.30301509], [3.28677633, 42.30371939], [3.28653501, 42.3035849], [3.2870937, 42.30291371], [3.28715781, 42.30244523], [3.2880587, 42.30192728], [3.28850965, 42.30208573], [3.28856997, 42.30235486], [3.28890804, 42.30244912], [3.28911446, 42.3027259], [3.2896036, 42.30216016], [3.28986388, 42.30259342], [3.29048331, 42.30250377], [3.29113892, 42.30210349], [3.29200761, 42.30237048], [3.29230592, 42.30228686], [3.29216389, 42.30219023], [3.29268355, 42.3020938], [3.29237192, 42.30189474], [3.29281301, 42.30188686], [3.29300394, 42.30169617], [3.29289188, 42.30157343], [3.29246377, 42.30160829], [3.2928537, 42.30137160999998], [3.2925699, 42.30144528], [3.29286489, 42.30101205], [3.2926329, 42.30092763], [3.29285875, 42.30086455], [3.29262067, 42.30088055], [3.29284833, 42.30068535], [3.29229078, 42.3008496], [3.29230451, 42.30017167], [3.2918802, 42.30029164], [3.29211083, 42.3000822], [3.29175003, 42.299899119999985], [3.29141413, 42.30006262], [3.29149072, 42.299887980000015], [3.2910293, 42.29990428], [3.29171884, 42.29960596], [3.29181477, 42.29938974], [3.29146945, 42.29927381], [3.29200182, 42.29904352], [3.29165073, 42.29893949], [3.29144324, 42.29906259], [3.29141863, 42.2988819], [3.29123003, 42.29889238], [3.29141849, 42.29879823], [3.29140232, 42.298659309999984], [3.29122041, 42.29875299], [3.29138133, 42.29860533], [3.29096411, 42.29865619], [3.29103485, 42.29852641], [3.29066397, 42.29862831], [3.29035433, 42.29893567], [3.28950464, 42.29915063], [3.2892555, 42.29873652], [3.28985603, 42.29805234], [3.28943743, 42.2979854], [3.28906197, 42.29817367], [3.28886288, 42.29771783], [3.28858986, 42.29781119], [3.28856465, 42.29725818999999], [3.28947599, 42.29673668], [3.28955942, 42.29699324], [3.28992129, 42.29720451], [3.29039248, 42.29704724], [3.29085501, 42.29717189], [3.29124386, 42.29704851], [3.29166861, 42.29621426], [3.29145392, 42.29580142], [3.29210599, 42.294993259999984], [3.29201991, 42.29487154], [3.29175355, 42.29493265], [3.29182279, 42.29479513], [3.2910746, 42.29475056], [3.29056889, 42.29428081], [3.28976655, 42.29446504], [3.28929348, 42.29415291], [3.28928341, 42.29388833], [3.28852757, 42.2941316], [3.28817898, 42.29398316000001], [3.28757496, 42.29437419], [3.28664627, 42.29376851], [3.28619301, 42.29324719000001], [3.28666802, 42.29289566], [3.2866734, 42.29261015], [3.28711853, 42.29203696], [3.28785896, 42.29182130000002], [3.28881738, 42.29129194], [3.29078001, 42.28949195], [3.29108323, 42.289591150000014], [3.29145171, 42.28940063999998], [3.29161372, 42.28955], [3.2905482, 42.29065065], [3.29036252, 42.2912911], [3.29044455, 42.29224753], [3.29174996, 42.291658], [3.29313395, 42.29085698], [3.29325768, 42.29064708], [3.29407594, 42.29061545], [3.29582002, 42.289919289999986], [3.29815798, 42.28766267000001], [3.2978732, 42.28728101], [3.2980789, 42.28720077], [3.29815748, 42.286864], [3.29758582, 42.28645012], [3.29771757, 42.2862493], [3.29757197, 42.28603209], [3.2980576, 42.28612981], [3.29848112, 42.28581637], [3.29913747, 42.28577449], [3.29932459, 42.28551003], [3.2989688, 42.28537344], [3.2992198, 42.28507657], [3.29928117, 42.28451217], [3.29886434, 42.28441644], [3.29801471, 42.28523957], [3.29789182, 42.28523466], [3.29805613, 42.28509779], [3.29740536, 42.2854237], [3.29671044, 42.28543883], [3.29590901, 42.28584123], [3.29575183, 42.28571393], [3.2962481, 42.28526297], [3.29581868, 42.28553579], [3.29563321, 42.28545575], [3.29565437, 42.28526045], [3.29629591, 42.284929879999986], [3.29632406, 42.2845701], [3.29672024, 42.28416686], [3.29645283, 42.28406965], [3.2971298, 42.28377304], [3.29668719, 42.28366449], [3.2969009, 42.28348336], [3.29663899, 42.28349719], [3.29591928, 42.28396512], [3.29515494, 42.2842298], [3.29559455, 42.2837227], [3.29547283, 42.28363034], [3.29523862, 42.28375892], [3.29539164, 42.28346411], [3.29567709, 42.2834269], [3.29527777, 42.28323529], [3.29570401, 42.28311306], [3.29562946, 42.28296627], [3.29541824, 42.28310884], [3.29502999, 42.28305409], [3.29586819, 42.28258658], [3.29604373, 42.28233558], [3.29528032, 42.28284693], [3.29459367, 42.28301649], [3.29454043, 42.28288819], [3.29424781, 42.28292253999998], [3.29363394, 42.28317466], [3.29203936, 42.28282848], [3.29139255, 42.28359269], [3.29112305, 42.28351312], [3.29129781, 42.28272004], [3.29075418, 42.28274088], [3.2908629, 42.28232911], [3.29046872, 42.28214215], [3.28987243, 42.28257974], [3.28917243, 42.28272524], [3.28865901, 42.28354439], [3.28802003, 42.28340325], [3.28818114, 42.28245413], [3.28760009, 42.28251431], [3.28694749, 42.28407132], [3.28705126, 42.28427361], [3.28734677, 42.28417731], [3.28761126, 42.28430192], [3.28778905, 42.28491057], [3.28625817, 42.28585771], [3.28569658, 42.28588280000001], [3.28524411, 42.2856829], [3.28477824, 42.28517341], [3.28396361, 42.28551424], [3.28375642, 42.28575126000001], [3.28320038, 42.28582441], [3.2831387, 42.28602477], [3.28168765, 42.28686178], [3.28148798, 42.28731933999999], [3.28168871, 42.2876446], [3.2810987, 42.28793667], [3.28086239, 42.28823257], [3.28092696, 42.2884871], [3.2806601, 42.28870229], [3.28031481, 42.28865765], [3.27964124, 42.28892939], [3.27863218, 42.28865824], [3.2772457, 42.28806386], [3.27736247, 42.28744629], [3.27650421, 42.28745232], [3.27609214, 42.28705668], [3.27673206, 42.285775], [3.27620882, 42.28549851], [3.27641403, 42.28521999], [3.27613443, 42.28532352], [3.27599302, 42.28516156], [3.27615398, 42.28505184], [3.27564419, 42.28454926], [3.27554869, 42.28392518], [3.27567344, 42.28374638], [3.2756377, 42.28397855], [3.27616413, 42.28320933], [3.27697098, 42.28291639], [3.2774683, 42.2825127], [3.27859282, 42.28223087], [3.27887515, 42.28186886], [3.27933959, 42.28165896], [3.27948879, 42.2814438], [3.27937388, 42.28134952], [3.28077285, 42.28041504], [3.28051837, 42.28048879], [3.28067053, 42.28034126], [3.28003551, 42.28064326], [3.28065317, 42.28022863], [3.28055749, 42.28014826], [3.27903158, 42.28100919], [3.27882463, 42.28091837], [3.27891211, 42.28070561], [3.2787021, 42.28091066], [3.27841292, 42.28098233], [3.27835725, 42.280844579999986], [3.27802814, 42.28110313], [3.27723542, 42.28126598999999], [3.27674161, 42.28072384], [3.27673655, 42.27987241], [3.276998, 42.27989257999999], [3.27728345, 42.27963332], [3.27725795, 42.27973677], [3.27757735, 42.27975374], [3.27773194, 42.27944138999999], [3.27743511, 42.27953623], [3.27762479, 42.2792047], [3.27736478, 42.27929017000001], [3.27773035, 42.27905161], [3.27766115, 42.27884085], [3.27796849, 42.27884704], [3.27823616, 42.27854387], [3.27833023, 42.27864596], [3.27862392, 42.27855392], [3.27936308, 42.27797086000001], [3.27922076, 42.27795671], [3.28027792, 42.27683276], [3.28013351, 42.27664813], [3.28044091, 42.27664161], [3.28016898, 42.27652321], [3.28066396, 42.27563651], [3.2806407, 42.27534126], [3.28101463, 42.27502503], [3.28061468, 42.27486119999998], [3.28060623, 42.27465029], [3.28042651, 42.27467748], [3.28049554, 42.27435678], [3.28090939, 42.27440241999999], [3.28127594, 42.27406442], [3.28138211, 42.27413152], [3.28160765, 42.27393698], [3.28185638, 42.27402003], [3.28234135, 42.27361626], [3.28262635, 42.27351190000001], [3.28272286, 42.27375096], [3.28311456, 42.27350781], [3.28300942, 42.27331903000001], [3.28273308, 42.27337906], [3.28294184, 42.27293202], [3.28265479, 42.27295533], [3.28272965, 42.2725043], [3.28256138, 42.27256875], [3.28336249, 42.27116648], [3.28327202, 42.27084032], [3.28281009, 42.27039628], [3.28290478, 42.27020286], [3.28307443, 42.27012247], [3.28370526, 42.2702923], [3.28405991, 42.26995954], [3.28429387, 42.27045548], [3.28443625, 42.27037758], [3.28491731, 42.27056975], [3.28504419, 42.27109062], [3.28547059, 42.27133958], [3.28598889, 42.27112979], [3.28645998, 42.27142195], [3.28625519, 42.27115822], [3.28697146, 42.27112482], [3.28726654, 42.27097412], [3.28721987, 42.27084383], [3.28705413, 42.27093115000001], [3.28696693, 42.27066119], [3.28716801, 42.27018569], [3.28739306, 42.27020945], [3.28733263, 42.27009342], [3.28689752, 42.27006145], [3.2870421, 42.27004353], [3.28692962, 42.2698137], [3.28717772, 42.26984037], [3.28737968, 42.26945323], [3.28753645, 42.26944814999999], [3.28751516, 42.26922017], [3.28713589, 42.2691461], [3.28711882, 42.2686444], [3.28681618, 42.26841001], [3.28702851, 42.26825141], [3.28644733, 42.26825242000001], [3.28629985, 42.26768206], [3.28659258, 42.2669094], [3.2864842, 42.26667434], [3.28705128, 42.266693639999986], [3.28742641, 42.26655382], [3.28778885, 42.26623544000001], [3.28760681, 42.26593428000001], [3.28778596, 42.26592104], [3.28783319, 42.26569541], [3.28742829, 42.26568715], [3.28760701, 42.26544434], [3.28734932, 42.26535915999999], [3.2873805, 42.26509592], [3.28718158, 42.26494628], [3.28751341, 42.26496554], [3.28697151, 42.26455936], [3.28711208, 42.26419399], [3.28706784, 42.264089709999986], [3.28693567, 42.26416795], [3.28696505, 42.26393569], [3.28604488, 42.26358711], [3.28643832, 42.26342311], [3.2860344, 42.26341240999999], [3.28618115, 42.26326155], [3.28555079, 42.263344629999985], [3.28558567, 42.26298655], [3.28544821, 42.263020119999986], [3.28501706, 42.26242966], [3.2852781, 42.26197195], [3.28423616, 42.262036409999986], [3.28449852, 42.26184329], [3.28433381, 42.26188396], [3.28431543, 42.26159941], [3.28411707, 42.26154307], [3.28410191, 42.26097499], [3.28370683, 42.2607981], [3.28370147, 42.2605218], [3.28291577, 42.26010513], [3.28306927, 42.26010772], [3.28298846, 42.2599568], [3.28320479, 42.25966789], [3.28298675, 42.25962943], [3.28310179, 42.25946171999998], [3.28293927, 42.259097], [3.28273396, 42.259113], [3.28291389, 42.25884345], [3.28239438, 42.25917058], [3.28214099, 42.25903377], [3.28257572, 42.25867371], [3.28235457, 42.25864372], [3.28255075, 42.25837629], [3.28232605, 42.25831182], [3.28249479, 42.25822359], [3.28197093, 42.25825523], [3.28188155, 42.25794969], [3.28142096, 42.25813779], [3.28091914, 42.25813407], [3.28113277, 42.25797251], [3.28092643, 42.25797536], [3.28086447, 42.25775477], [3.28103771, 42.25769706], [3.28083312, 42.25765758], [3.28110845, 42.2575192], [3.28087661, 42.257429430000016], [3.28113549, 42.2571388], [3.28089601, 42.25715731], [3.28095936, 42.25687155999998], [3.28079117, 42.25686369], [3.28026781, 42.25596452], [3.2803514, 42.25581383], [3.27991233, 42.25595927], [3.28016756, 42.25580158], [3.28026443, 42.25530906], [3.28080828, 42.25517173], [3.28085753, 42.25474192], [3.28167449, 42.25427511], [3.28132233, 42.2543047], [3.28152061, 42.25415579], [3.28153483, 42.25378389], [3.2812198, 42.25379313], [3.28073556, 42.25416654], [3.28037693, 42.254242259999984], [3.28028268, 42.25442019], [3.27991874, 42.25452942], [3.2798529, 42.25474717], [3.27906061, 42.25492968], [3.27883028, 42.25487773], [3.27943982, 42.25402155], [3.27918548, 42.25352827], [3.27939925, 42.25309788], [3.27927636, 42.25313448], [3.27927648, 42.25299641], [3.27844138, 42.25314434], [3.2778232, 42.25352194], [3.27739767, 42.25329808], [3.27749265, 42.25317276], [3.27695823, 42.25299609000001], [3.27706974, 42.25274274], [3.27687197, 42.25262244], [3.27482781, 42.25312054], [3.27426922, 42.25368639], [3.27437755, 42.25401171], [3.27423821, 42.25428007], [3.27383913, 42.25380783], [3.27327472, 42.253927969999985], [3.27288922, 42.25381847], [3.27250664, 42.25396502], [3.27168717, 42.25386249], [3.27168676, 42.25365399], [3.27117225, 42.25382138], [3.27112242, 42.25367883], [3.27100829, 42.25377988000001], [3.27071423, 42.25362036], [3.26987321, 42.25377914], [3.26938006, 42.25369573], [3.26940098, 42.25345701], [3.26901525, 42.25340343], [3.26771107, 42.25340495], [3.26713211, 42.25369964], [3.26697158, 42.25355186], [3.26665727, 42.25373154], [3.26664007, 42.25359307], [3.26627056, 42.25364868], [3.26542995, 42.25347636], [3.26534195, 42.25330481000001], [3.26480386, 42.2531126], [3.26493175, 42.252966139999984], [3.2647714, 42.25288851], [3.26452072, 42.25324096], [3.26453007, 42.25246019], [3.26370109, 42.25213381999998], [3.26330377, 42.25214941], [3.26320477, 42.2519552], [3.26261074, 42.25198051], [3.2621196, 42.25228965], [3.26214707, 42.25151684999999], [3.26180592, 42.25107236], [3.26138131, 42.25096372], [3.25987807, 42.25145312], [3.25938032, 42.25213521], [3.25916779, 42.25210038], [3.25926912, 42.25183006], [3.25907419, 42.25162254], [3.25843676, 42.25170558], [3.2579528, 42.25214572], [3.2577307, 42.252827909999986], [3.25754206, 42.25264577], [3.25732968, 42.25276927], [3.25601759, 42.25272961], [3.25516946, 42.25338689], [3.25450854, 42.25330126], [3.25364423, 42.252558], [3.25344464, 42.25212164], [3.25360267, 42.25177608], [3.2545556, 42.25119667], [3.25534957, 42.25115338], [3.25500348, 42.25082371], [3.25549021, 42.25070852], [3.25542752, 42.25055267], [3.25573119, 42.25016482], [3.25548462, 42.24977188], [3.25526005, 42.24978697], [3.25531638, 42.24932708], [3.25549938, 42.24919374], [3.25554727, 42.24934683], [3.25597755, 42.24924311], [3.25633614, 42.24888854000002], [3.25626404, 42.24859609], [3.25597323, 42.24844471], [3.25604554, 42.24830990000001], [3.25575136, 42.24819564], [3.25580613, 42.2479193], [3.25498481, 42.2472126], [3.25424588, 42.24694351], [3.2531278, 42.24682828], [3.25261087, 42.24641746999998], [3.25287424, 42.24619786], [3.25414096, 42.24580833], [3.2540828, 42.24518036], [3.25430004, 42.24485457], [3.25398292, 42.24424258], [3.25450822, 42.24426537], [3.25461746, 42.24403249], [3.254977, 42.24388768], [3.25589662, 42.24385501], [3.25572576, 42.24368833], [3.25594594, 42.24361201], [3.25632118, 42.24369583], [3.257453, 42.24353541], [3.25895856, 42.24368342], [3.25904482, 42.24349769], [3.2599781, 42.24384007], [3.26043192, 42.24384229], [3.26072348, 42.24367735], [3.26114193, 42.243920199999984], [3.26155577, 42.24380829999998], [3.26188837, 42.24410096], [3.26249822, 42.24422647], [3.26335457, 42.2441366], [3.26379056, 42.2437867], [3.26430987, 42.2438254], [3.26444165, 42.24371495], [3.26419806, 42.24355097], [3.26369575, 42.24357662], [3.26404705, 42.24346846], [3.26535798, 42.24370887], [3.26625835, 42.24333735], [3.26628124, 42.24307494], [3.26595659, 42.24265852], [3.26642718, 42.24293086], [3.26662027, 42.24267175], [3.2659034, 42.24231623], [3.2659091, 42.24208718], [3.26507626, 42.24170508], [3.26503424, 42.24130908], [3.26451011, 42.24074767], [3.26467777, 42.24040802], [3.26578129, 42.24028271], [3.26537729, 42.24016116], [3.26514743, 42.23985719], [3.26552798, 42.23895289], [3.26442645, 42.23853582999999], [3.26387108, 42.23812084], [3.26393419, 42.23796705], [3.26434601, 42.23799366], [3.26436796, 42.23788049], [3.26306189, 42.23766986], [3.26302405, 42.23743100999999], [3.26265708, 42.23717238], [3.26199311, 42.23727684], [3.26184491, 42.2374311], [3.26155691, 42.23712978], [3.2603412, 42.23766652], [3.25990216, 42.23830354], [3.2593983, 42.23856299], [3.25939818, 42.23882912], [3.25921319, 42.2389396], [3.25887075, 42.23889687], [3.25872638, 42.23871392], [3.2580734, 42.23920281], [3.25687203, 42.23890001], [3.25653715, 42.23911151], [3.25437364, 42.23906679], [3.25424795, 42.23915524], [3.25475446, 42.23967027], [3.2537585, 42.23963024], [3.25363064, 42.23978588], [3.25222122, 42.23970595], [3.25163607, 42.23983242], [3.25090265, 42.24025642], [3.24921907, 42.24070572], [3.24920869, 42.24117713], [3.24833607, 42.24162583], [3.2478791, 42.24162096], [3.24794023, 42.24197190000001], [3.2477039, 42.24204076], [3.24756872, 42.24237303000001], [3.24799811, 42.24362911], [3.24792685, 42.24409695], [3.24677112, 42.24494234], [3.24665928, 42.24520188], [3.24630331, 42.24530387], [3.2464124, 42.24570883], [3.24552933, 42.24626479], [3.2453992, 42.24724918], [3.24514167, 42.247264499999986], [3.24486515, 42.24769685], [3.24499771, 42.24808979], [3.24445563, 42.24850199], [3.24422767, 42.248987009999986], [3.24434783, 42.24930855], [3.24386444, 42.24966686], [3.24279705, 42.25000469], [3.24244276, 42.24989016], [3.24246526, 42.24975313], [3.24229578, 42.24984301], [3.24231802, 42.24963717], [3.24196051, 42.249915589999986], [3.24190092, 42.24980332], [3.24165984, 42.24990623], [3.24166187, 42.24977149], [3.24063063, 42.25075822], [3.24057001, 42.25063046], [3.2403484, 42.25065749], [3.23989476, 42.251036249999984], [3.23986896, 42.25081908], [3.23943278, 42.25100714], [3.23908031, 42.25098815], [3.23878352, 42.25082026], [3.23868277, 42.25020462], [3.23852123, 42.25021856], [3.23857538, 42.24991899], [3.2383314, 42.249735229999985], [3.23789918, 42.24994444], [3.23809213, 42.24941924], [3.2374974, 42.24909175], [3.23787157, 42.24759737], [3.23763598, 42.2474851], [3.23771038, 42.24773549999998], [3.2367753, 42.24766917], [3.2363433, 42.24799969], [3.23645603, 42.24816238], [3.23444392, 42.24898212], [3.23389708, 42.24888146], [3.23364938, 42.24906696], [3.2325609, 42.24915518000001], [3.23180058, 42.24964558], [3.23005678, 42.25144278], [3.22943173, 42.25157362999999], [3.22814406, 42.25116713], [3.22713666, 42.25055175], [3.22688586, 42.25018326], [3.22719422, 42.24990346], [3.22694541, 42.24971815], [3.22675615, 42.24909944], [3.22804006, 42.24824202], [3.22799096, 42.24803623], [3.22828167, 42.24780932], [3.22822282, 42.24748999], [3.22854388, 42.24730894999998], [3.2283955, 42.24717208], [3.22862419, 42.246857040000016], [3.22938688, 42.24668782], [3.22919474, 42.246619219999985], [3.23011707, 42.24551617], [3.23037117, 42.24572704], [3.23059168, 42.2456649], [3.23088442, 42.24506711], [3.23069924, 42.24507757], [3.23059057, 42.24489343], [3.23021157, 42.24516969], [3.23025762, 42.24483213], [3.22981515, 42.24455536], [3.23021272, 42.24418503], [3.2297804, 42.24416392], [3.22962952, 42.24393808], [3.22892385, 42.24377639], [3.22836085, 42.243884319999985], [3.22816054, 42.24366262999999], [3.22786841, 42.24389512], [3.22661993, 42.24416418], [3.22607421, 42.24395397], [3.22584105, 42.24352753], [3.22665902, 42.24238554], [3.22639895, 42.24189107], [3.22736943, 42.24147729], [3.22758679, 42.2415218], [3.22747362, 42.24143079000001], [3.22790078, 42.24133736], [3.22810254, 42.2410556], [3.22879025, 42.24105297], [3.22893628, 42.24084554], [3.22870945, 42.24079483], [3.22893965, 42.24040242], [3.22861996, 42.24028156], [3.22849801, 42.24041033], [3.22833337, 42.24006148], [3.22800359, 42.24016643], [3.22804699, 42.23990111], [3.22782024, 42.24004107], [3.22774506, 42.2397613], [3.22726711, 42.23985087], [3.22758522, 42.23959978], [3.22747191, 42.23940186], [3.22741082, 42.23953618], [3.22704828, 42.23953086], [3.22658944, 42.23981105], [3.22580264, 42.23999462], [3.22493225, 42.23985187], [3.22446502, 42.23944219], [3.22453022, 42.23896275], [3.22541753, 42.23831309], [3.22609998, 42.23823592], [3.22604786, 42.23806706], [3.2264375, 42.23765399], [3.22611014, 42.23745046], [3.22515314, 42.23761698], [3.22535177, 42.23750986], [3.22523266, 42.23748533], [3.22468243, 42.23769319], [3.22423871, 42.23745017], [3.22403241, 42.23710275], [3.22347286, 42.23686806], [3.22226636, 42.23684023], [3.22203994, 42.23676493], [3.22212171, 42.23661463], [3.22195878, 42.23677544], [3.22191492, 42.23653722], [3.22150542, 42.23640643], [3.22102199, 42.23665576], [3.22104659, 42.2365162], [3.220839, 42.23666043], [3.22048322, 42.23657366], [3.22027472, 42.23628361], [3.22029142, 42.23585677], [3.22065551, 42.23523509], [3.22116803, 42.23492113], [3.22088544, 42.23479163], [3.22091011, 42.23401127], [3.22022228, 42.23392208], [3.22053343, 42.23348333], [3.22019995, 42.23360159], [3.22007718, 42.23321528000001], [3.2194995, 42.23319099], [3.21940253, 42.23311624], [3.21967162, 42.23284986], [3.2191856, 42.23283683000001], [3.21871542, 42.23312755], [3.21857597, 42.23268128], [3.21882929, 42.2323065], [3.21792889, 42.23238729], [3.21728522, 42.2330475], [3.21734223, 42.23352265], [3.21643193, 42.23390237], [3.21631281, 42.23450899], [3.21645302, 42.23485961], [3.21611685, 42.23493707], [3.21550759, 42.23450717], [3.21526768, 42.23452041], [3.21527627, 42.23437395], [3.21488635, 42.23439711], [3.21437728, 42.23477488000001], [3.21455069, 42.23491190999999], [3.21429365, 42.2350219], [3.21452768, 42.23516674], [3.2130473, 42.2361438], [3.21261294, 42.23657745], [3.21244385, 42.23704284], [3.21197127, 42.23743072], [3.21138597, 42.23724114], [3.21134078, 42.23739234], [3.21132556, 42.23715118], [3.21113465, 42.23707165], [3.2107079, 42.23721356], [3.21037873, 42.23754596], [3.2102881, 42.23737158], [3.20999133, 42.2376035], [3.20987518, 42.23740809], [3.2091689, 42.23746441], [3.20872466, 42.23767182999999], [3.20836598, 42.23750775], [3.20812456, 42.23758493], [3.20779231, 42.23720258], [3.20732197, 42.23736032], [3.20738557, 42.23783304], [3.20797411, 42.23827301], [3.20806828, 42.23853024], [3.20824622, 42.23850046], [3.20831513, 42.23870505], [3.20870673, 42.23859374], [3.20907274, 42.23902718], [3.20878996, 42.23975945], [3.20779436, 42.24056138000001], [3.20652242, 42.24107686], [3.20473521, 42.2411776], [3.20446287, 42.24133029], [3.20432174, 42.24105522], [3.20354957, 42.24091231], [3.2027138, 42.24184099], [3.20222073, 42.2420318], [3.20132525, 42.24191828], [3.2002988, 42.24220296], [3.19965186, 42.24291612], [3.19942749, 42.24302927], [3.19930007, 42.24294123], [3.19891553, 42.24334511], [3.19880559, 42.24315257], [3.19851218, 42.24308814], [3.19843274, 42.24388443], [3.19782049, 42.24423034], [3.19782025, 42.24442335], [3.19760003, 42.24446993], [3.19773758, 42.24457894], [3.19764286, 42.24483281], [3.19743927, 42.24488675], [3.19763351, 42.24506149], [3.19751401, 42.2456898], [3.19789367, 42.24604417], [3.19786756, 42.24622245], [3.1975184, 42.24659141], [3.19656573, 42.24708947], [3.19451145, 42.24744015999999], [3.19329583, 42.24663057], [3.19285164, 42.24653333], [3.19279672, 42.2462899], [3.19223277, 42.24607325], [3.19215449, 42.24576347999999], [3.19144493, 42.24581195], [3.19110827, 42.24563615999999], [3.19119659, 42.24550155], [3.1902672, 42.24572853], [3.18989402, 42.24574382], [3.18951135, 42.24554083], [3.18918567, 42.24571095000001], [3.18839154, 42.24569578], [3.18816522, 42.24552791], [3.18750853, 42.24570812], [3.18739528, 42.24557168], [3.18716455, 42.2456342], [3.1870701, 42.24542244], [3.1861506, 42.24588388], [3.18563087, 42.24569171999999], [3.18553638, 42.24542087999998], [3.18516751, 42.24533213], [3.18517952, 42.24546063], [3.18491975, 42.24554111], [3.18503478, 42.24558227], [3.18462463, 42.2456358], [3.18465703, 42.24573121], [3.18394504, 42.2457002], [3.18383902, 42.24554727], [3.183533, 42.24552137], [3.18360647, 42.24523269], [3.1834764, 42.245232], [3.18372123, 42.245141], [3.18357965, 42.24493003], [3.18229491, 42.24547669], [3.18217812, 42.24604661], [3.18164484, 42.24628063], [3.18110935, 42.2462949], [3.18088605, 42.24671167], [3.18096801, 42.24737699], [3.18043582, 42.24780811], [3.18060651, 42.24798103], [3.1808511, 42.24784213], [3.18105886, 42.24792618999999], [3.18092053, 42.24830034999999], [3.18129427, 42.24852059], [3.1816488, 42.249138760000015], [3.1815612, 42.24928156], [3.18205163, 42.24969317999999], [3.1820371, 42.25016117], [3.18163825, 42.25095553], [3.17737428, 42.25094995], [3.17680059, 42.25149418], [3.17699234, 42.25161529], [3.17744571, 42.25113429], [3.17784713, 42.2510636], [3.18002353, 42.25103778], [3.18002601, 42.25131246], [3.18039318, 42.25131162999999], [3.1803902, 42.25140935], [3.18002094, 42.25141256], [3.18028301, 42.25148219], [3.18002327, 42.25154167999999], [3.18002371, 42.25173927], [3.18026992, 42.25173925], [3.18027013, 42.25206825], [3.18003419, 42.25209969], [3.18107783, 42.2520994], [3.18107875, 42.25377627], [3.18045987, 42.25377644], [3.1804599, 42.25395665], [3.18107381, 42.2539565], [3.18107699, 42.25579143], [3.17997016, 42.25567302], [3.17998622, 42.25535202000001], [3.17986695, 42.25557412], [3.17843171, 42.25537507], [3.17909825, 42.25280309999999], [3.17935959, 42.2528371], [3.17942831, 42.25257482], [3.17891483, 42.2525033], [3.17820046, 42.25531004], [3.17672532, 42.25510158], [3.17664689, 42.25540791], [3.17788529, 42.25558297], [3.17764377, 42.25652567], [3.17664879, 42.25639419], [3.17762914, 42.25658324], [3.17755707, 42.25686444], [3.17790843, 42.25691406], [3.17796695, 42.25668548], [3.17897167, 42.256828200000015], [3.17798014, 42.25663386], [3.1781238, 42.25607299], [3.18099531, 42.25647882], [3.18064053, 42.25786445], [3.17776702, 42.25745835], [3.17780687, 42.25731698], [3.17745113, 42.257261689999986], [3.17741904, 42.25740485], [3.17679117, 42.2573226], [3.17621802, 42.25708212], [3.17580418, 42.25649572], [3.17558993, 42.25517294], [3.17574453, 42.25444284], [3.17633394, 42.25452281], [3.17639855, 42.25426009], [3.17596796, 42.25404901], [3.17555689, 42.25410035], [3.17524027, 42.25511953], [3.17576769, 42.25693006], [3.17656459, 42.25745696], [3.17879425, 42.25775603], [3.17724013, 42.25767784], [3.17758721, 42.25784346], [3.17949004, 42.25809871], [3.17920618, 42.2586804], [3.17758938, 42.25985054], [3.17703688, 42.26059174], [3.17589483, 42.26103086], [3.17272648, 42.25941888], [3.17545086, 42.26098408], [3.17539935, 42.2612113], [3.17504866, 42.26136584], [3.17149341, 42.25989121], [3.17471903, 42.26129213], [3.17431777, 42.26245842], [3.17367989, 42.26320664], [3.17265175, 42.26389203], [3.17085161, 42.26444726], [3.16861936, 42.2647122], [3.16628854, 42.26470533], [3.16428574, 42.26453008], [3.1616854, 42.26405446], [3.15838315, 42.26313025], [3.1562942, 42.26235561], [3.15102353, 42.25973220999999], [3.1508285, 42.2594948], [3.15137814, 42.25896279], [3.15157589, 42.258207], [3.15134857, 42.25769862], [3.15082245, 42.25726512], [3.15057052, 42.25736353], [3.1510754, 42.25774185], [3.1513173, 42.25831298], [3.15120979, 42.25883026000001], [3.15089169, 42.25920021], [3.15046637, 42.25853376], [3.15032194, 42.25785839], [3.15031606, 42.25823846999999], [3.15004189, 42.25832033], [3.14893778, 42.25817046], [3.14584009, 42.25646695], [3.14024418, 42.25228421], [3.13535123, 42.24804102], [3.13510639, 42.24754038], [3.13651057, 42.24641231], [3.13660422, 42.24610949], [3.1363924, 42.24568861], [3.13612864, 42.24580429], [3.13634883, 42.24611259], [3.13621276, 42.24642049], [3.1350564, 42.2473496], [3.13455274, 42.24706541], [3.13484773, 42.24681127], [3.13475876, 42.24669961], [3.13369561, 42.24752375], [3.13339397, 42.24732525], [3.13485674, 42.2460913], [3.13547056, 42.24636734], [3.13507752, 42.2458865], [3.13584117, 42.24520536], [3.13566686, 42.24514666], [3.13510367, 42.24564429], [3.13444041, 42.24536921], [3.13095971, 42.24219097], [3.12556816, 42.2362656], [3.12168566, 42.23097744], [3.11918478, 42.22693723], [3.11863647, 42.22561618], [3.11792812, 42.2245517], [3.11676922, 42.22181594], [3.11554326, 42.21815713], [3.11475588, 42.21659453], [3.11472842, 42.2157671], [3.1129184, 42.21048509], [3.1124313, 42.20790095], [3.11095187, 42.20257793], [3.11087791, 42.20178929], [3.11121045, 42.20100889], [3.11126769, 42.19984164], [3.11161673, 42.19907965], [3.11115951, 42.19497141], [3.11114078, 42.19163336], [3.11084682, 42.19032094], [3.1110632, 42.18790835], [3.11095189, 42.18685778], [3.11118693, 42.18618157], [3.11087, 42.18469593], [3.11135911, 42.18301509000001], [3.11116628, 42.18178347], [3.11121874, 42.17967994], [3.11161869, 42.17759345], [3.11158191, 42.17453603], [3.11224748, 42.17099779], [3.11216486, 42.16915435], [3.11259897, 42.16756614], [3.11243953, 42.16632447], [3.11271846, 42.16549712], [3.11260645, 42.16472269], [3.11317057, 42.16322751], [3.1138626, 42.15919822], [3.11375352, 42.15775331999998], [3.11407393, 42.15682578], [3.11414998, 42.15524194000001], [3.11467218, 42.15255076], [3.11509156, 42.15148543], [3.11521921, 42.15027772], [3.11581726, 42.14914719], [3.11650296, 42.14556791], [3.11748135, 42.14341054], [3.11789318, 42.14190811], [3.11856657, 42.14096867], [3.11940876, 42.14021801], [3.1216118, 42.14090974000001], [3.12174005, 42.14083341], [3.11950375, 42.14015325], [3.11920474, 42.13990228], [3.11962095, 42.13793448000001], [3.1200899, 42.13705865], [3.12068224, 42.13668183], [3.12099769, 42.13673707], [3.12089585, 42.13695459], [3.12114459, 42.136992069999984], [3.12155341, 42.13657491], [3.12150629, 42.13636276], [3.12164424, 42.13642458], [3.1216909, 42.13633716999998], [3.12177283, 42.13628025], [3.12173228, 42.13614475], [3.12156431, 42.13626453], [3.12174025, 42.13588625], [3.12250383, 42.13559039], [3.12183903, 42.134894], [3.12170725, 42.13426288], [3.12184102, 42.13391464], [3.12258387, 42.13330032], [3.12337635, 42.13338873], [3.12322765, 42.13357938], [3.12344471, 42.13363579], [3.12347111, 42.13339763], [3.12387537, 42.1330853], [3.12384133, 42.13294025], [3.12374029, 42.13306392], [3.12338879, 42.13306619], [3.12257825, 42.13245679], [3.12231356, 42.13210591], [3.12236965, 42.1314491], [3.12306991, 42.13110124], [3.12299292, 42.13133612], [3.12314189, 42.13115960999998], [3.12348289, 42.13111223], [3.12360724, 42.13128313], [3.12411958, 42.13074732], [3.12463764, 42.13090771], [3.12448419, 42.13002956], [3.12424523, 42.129971549999986], [3.12409812, 42.1301023], [3.12398528, 42.13000426], [3.12394693, 42.129386], [3.12415921, 42.12910594], [3.12371387, 42.12893386], [3.12365396, 42.12861699], [3.1246057, 42.12751501], [3.12565194, 42.12698942], [3.12656307, 42.12697275], [3.12708578, 42.12754093], [3.12762925, 42.12765147], [3.12835801, 42.12761265], [3.12851717, 42.12728283], [3.12896241, 42.12698584], [3.12933787, 42.12700523], [3.12949153, 42.12747979], [3.12984282, 42.12751163], [3.13096377, 42.127326899999986], [3.13156205, 42.12691479999999], [3.13217896, 42.12691094], [3.13261144, 42.12665033], [3.13338689, 42.12661683], [3.13377718, 42.12672121], [3.1336277, 42.12721107], [3.13385294, 42.12794204], [3.13435123, 42.1274479], [3.13440805, 42.12765597], [3.13439369, 42.12739083999998], [3.1347899, 42.12697581], [3.13475196, 42.12676933], [3.1351612, 42.12645849], [3.13550629, 42.12652996], [3.13568468, 42.12712336], [3.13587652, 42.12704469], [3.13597566, 42.12712788], [3.13630711, 42.12664933], [3.13639112, 42.12666896], [3.13671405, 42.1265061], [3.13666289, 42.1264033], [3.13647496, 42.12649755], [3.1366985, 42.1263068], [3.1365393, 42.12625827], [3.13666129, 42.126161660000015], [3.13651377, 42.12614482], [3.13643762, 42.12578249], [3.13657511, 42.12563696], [3.13642457, 42.12562399], [3.13634216, 42.12533345], [3.13657707, 42.12491806], [3.13656626, 42.12427987], [3.13769957, 42.12279984], [3.13808638, 42.12253683], [3.13836698, 42.12200331], [3.13833482, 42.12162598], [3.13849659, 42.1215785], [3.13833257, 42.1214772], [3.13838359, 42.12068411], [3.13851481, 42.12066873000001], [3.13837829, 42.12058532], [3.13850257, 42.12054536], [3.13834843, 42.11859374999999], [3.13754238, 42.11741019], [3.13744063, 42.11746237], [3.13693554, 42.11693564], [3.13745699, 42.1160758], [3.13806954, 42.11567212], [3.14046991, 42.11497264], [3.14174032, 42.11498765], [3.14292074, 42.11543921], [3.14319101, 42.11577428], [3.14271743, 42.11690905], [3.14334786, 42.1158093], [3.14389331, 42.11592165], [3.14444382, 42.11559528], [3.14515615, 42.11562996], [3.14572847, 42.11585655], [3.14540159, 42.11658541], [3.14579491, 42.11671344], [3.14540449, 42.11748354], [3.14351003, 42.11696679], [3.14349563, 42.11685891], [3.14328688, 42.11720096], [3.14715135, 42.1180806], [3.1466129, 42.1178682], [3.14668612, 42.1177222], [3.14657926, 42.11780871], [3.14554466, 42.11752128], [3.14571903, 42.1171734], [3.14641263, 42.11736616], [3.1466997, 42.1167937], [3.14690693, 42.11685126], [3.14701663, 42.11663226], [3.14723899, 42.116694029999984], [3.14734784, 42.11647692], [3.14836318, 42.11675905], [3.14820075, 42.117083219999984], [3.14844125, 42.11714154], [3.14866888, 42.11691834], [3.14897207, 42.11698946], [3.14926716, 42.11721262], [3.14850812, 42.11852693], [3.14536269, 42.11877494], [3.14529889, 42.11859659999998], [3.14501133, 42.11891057], [3.14513579, 42.11900606], [3.14637518, 42.11886038], [3.14641268, 42.11938505], [3.14680502, 42.1195001], [3.14701365, 42.11890235], [3.14836341, 42.11929591], [3.14791855, 42.12016191], [3.14809251, 42.1202114], [3.14854936, 42.11935033], [3.14921855, 42.11954437], [3.1503753, 42.12046422], [3.15063565, 42.12036327], [3.15049735, 42.12056079], [3.14932399, 42.12091357], [3.14801718, 42.12090365], [3.14661382, 42.12041892], [3.14573002, 42.11964441], [3.1455102, 42.11964334], [3.14542216, 42.11981331], [3.14623164, 42.12051325], [3.1473291, 42.12102441], [3.14840966, 42.1212299], [3.14981647, 42.12111161], [3.15089385, 42.12068905999999], [3.15200386, 42.1199515], [3.15217816, 42.11963847], [3.15251393, 42.11966612], [3.15250625, 42.11938864], [3.15275255, 42.11948865], [3.15283003, 42.11926023], [3.15301723, 42.11933239], [3.15336261, 42.11863077999999], [3.15328782, 42.11846876], [3.15414263, 42.11792677999998], [3.15497587, 42.11757837], [3.15651099, 42.11758295], [3.15706023, 42.11745097], [3.15833155, 42.1158159], [3.15950652, 42.11543879], [3.16032573, 42.11540135], [3.16096992, 42.11551276], [3.16151545, 42.11521947], [3.16277201, 42.11558389], [3.16283087, 42.11542052], [3.16339133, 42.11533849], [3.16332333, 42.11500237], [3.16387036, 42.11468366], [3.16382923, 42.11444469], [3.16405772, 42.11430269], [3.16396404, 42.11413909], [3.16433706, 42.11384449], [3.16452539, 42.11323584], [3.1648422, 42.11305111], [3.16533537, 42.11300789], [3.16675437, 42.11328639], [3.16678196, 42.11342955], [3.16694555, 42.11335618], [3.16733457, 42.11381936], [3.16719121, 42.11413137], [3.16736931, 42.11401159], [3.16755584, 42.114149119999986], [3.16779205, 42.11395631], [3.16818435, 42.11409713], [3.16826103, 42.11432128], [3.16859324, 42.11447706], [3.16857891, 42.11486364], [3.16871878, 42.11492387], [3.168737, 42.11472588], [3.16926784, 42.11501303], [3.1695989, 42.11491581], [3.16966082, 42.11468426], [3.17022501, 42.11468918], [3.17025485, 42.114539270000016], [3.17052054, 42.1146021], [3.17146178, 42.11438256000001], [3.17179555, 42.11381177], [3.17202609, 42.11371731], [3.17186359, 42.113074040000015], [3.17212894, 42.11283416], [3.17199633, 42.11273169], [3.17214723, 42.11266391], [3.17221689, 42.11203371], [3.17260376, 42.11173664], [3.17324526, 42.11180313], [3.17337314, 42.111635870000015], [3.17387567, 42.11152505], [3.17399002, 42.11176309], [3.17419447, 42.11164210000002], [3.17432104, 42.11174746], [3.17429114, 42.11160601], [3.17484622, 42.11147476], [3.17489173, 42.11135094], [3.17514636, 42.11148979], [3.17547935, 42.11144218], [3.17541453, 42.1113596], [3.17620532, 42.11143521], [3.17613046, 42.11152521], [3.17644268, 42.11157751], [3.17685619, 42.11147528], [3.17676223, 42.11113516], [3.17637199, 42.11094914000001], [3.17657701, 42.11073266999998], [3.17641215, 42.11033817], [3.1760488, 42.11025281], [3.17653224, 42.10976707], [3.17649161, 42.10959556], [3.17614538, 42.10957537], [3.1760808, 42.10944704], [3.17582073, 42.10965918], [3.17596961, 42.10939101], [3.1758341, 42.10924531], [3.17564285, 42.10910844], [3.17552617, 42.10920778], [3.17497281, 42.10881522], [3.1750653, 42.10840465], [3.17492598, 42.10841117], [3.17492405, 42.10797273], [3.17455495, 42.10745957], [3.17470693, 42.10726524], [3.17397874, 42.10737182], [3.17398676, 42.10756256], [3.17363931, 42.10744492], [3.17260259, 42.10787421], [3.17223068, 42.10783369], [3.17187136, 42.10824673], [3.17139404, 42.10818872], [3.17127602, 42.10811027], [3.17083511, 42.10822756], [3.17073116, 42.10807596], [3.17046255, 42.10808239], [3.17008328, 42.10812628], [3.16974677, 42.10817829], [3.16934423, 42.10781133], [3.16875795, 42.10661711999999], [3.16937973, 42.10551958], [3.16950066, 42.10551246], [3.16940807, 42.10544307], [3.17006099, 42.10473589999999], [3.17055773, 42.10465006], [3.17173424, 42.10319789], [3.17248061, 42.10329819], [3.17313905, 42.10286416000001], [3.17378949, 42.10291272], [3.17460195, 42.10250592], [3.17498345, 42.10265647], [3.17503071, 42.10304124], [3.17556732, 42.10281724], [3.17602073, 42.10285996], [3.17601209, 42.10332183], [3.17636929, 42.10351618], [3.17708012, 42.10353526], [3.17718007, 42.10372541], [3.17798734, 42.10349963], [3.17847905, 42.10344141], [3.1795552, 42.10279711], [3.17926246, 42.10303165], [3.17925902, 42.10314323999998], [3.17945292, 42.10306738], [3.17930786, 42.10334906], [3.17955887, 42.10349484], [3.17989509, 42.103411], [3.1801219, 42.10359528], [3.18068176, 42.10347101], [3.18076435, 42.10461813], [3.18112829, 42.10517371], [3.18181421, 42.10526953], [3.18192252, 42.10478517], [3.18213626, 42.1046247], [3.18154251, 42.10435995], [3.18168429, 42.10373782], [3.18265953, 42.10367818], [3.18284434, 42.1039733], [3.18310489, 42.10390318], [3.1830395, 42.10349817], [3.18365901, 42.10346818], [3.18365095, 42.10273029], [3.18389674, 42.10228128], [3.18365742, 42.10216305], [3.1832519, 42.10224493], [3.18432824, 42.10148261], [3.18444276, 42.10097805999999], [3.18425342, 42.1008267], [3.18441923, 42.10070196], [3.1841009, 42.10044426], [3.18436916, 42.09924281], [3.18494212, 42.099065], [3.18563921, 42.09919573], [3.18592569, 42.09869252], [3.18663958, 42.09874171], [3.18749892, 42.09819848], [3.18756745, 42.09765310999999], [3.18773543, 42.09777821], [3.18767503, 42.09812902], [3.18788391, 42.09801591], [3.18793456, 42.09772024], [3.18841089, 42.09738694], [3.18867637, 42.09666364], [3.18851364, 42.09614846], [3.1882674, 42.0963417], [3.1880533, 42.09624099], [3.18821038, 42.09574817], [3.18807759, 42.09578622], [3.18813669, 42.0956122], [3.18795536, 42.09579524], [3.18777968, 42.09539789], [3.18811623, 42.09539995], [3.188181, 42.09526025], [3.18841864, 42.09526733], [3.1883843, 42.09518417], [3.18910271, 42.09534087], [3.18913622, 42.09510295], [3.18966597, 42.095091449999984], [3.19020258, 42.09446128], [3.19049349, 42.09384241], [3.19003582, 42.09365070000001], [3.1905732, 42.09296126000001], [3.19067489, 42.09231379], [3.19111598, 42.09226001], [3.19153742, 42.09158544], [3.19120466, 42.09090663], [3.19142838, 42.09042918], [3.19190738, 42.09052349], [3.19207416, 42.09089572], [3.19267821, 42.09099476999999], [3.19255762, 42.09026284], [3.1921495, 42.0900162], [3.19204551, 42.08953651], [3.19257699, 42.08915329], [3.1932503, 42.08905038], [3.19306976, 42.08856551], [3.19354657, 42.0885004], [3.1940989, 42.08770626], [3.19445868, 42.08752831], [3.1948071, 42.08671939], [3.195362, 42.08602251], [3.19528111, 42.08574705], [3.19437432, 42.08504409], [3.19439142, 42.08466372], [3.19500085, 42.0844477], [3.19579715, 42.08472474], [3.19583105, 42.08454077], [3.19607256, 42.08456008], [3.19594811, 42.08407583000001], [3.19553465, 42.0840107], [3.19544476, 42.08379541], [3.19562947, 42.08370629], [3.19511813, 42.08338131], [3.19508353, 42.08313612], [3.19656542, 42.08367262999999], [3.19686961, 42.08363185], [3.19694227, 42.08327696], [3.19782142, 42.08348872], [3.19795227, 42.0836924], [3.19841246, 42.0835448], [3.19851771, 42.08298189], [3.19820646, 42.08269692], [3.19851503, 42.08239548], [3.19887583, 42.0826737], [3.19899004, 42.08204079], [3.19938175, 42.0817664], [3.19938259, 42.08145595], [3.19970017, 42.08132948], [3.20006277, 42.08152907], [3.20031114, 42.08238732], [3.20092844, 42.0827964], [3.20129284, 42.08279468], [3.20203013, 42.08215311], [3.20243047, 42.08124995], [3.20185244, 42.08121278], [3.20147424, 42.08177761], [3.20153073, 42.08128891], [3.20114887, 42.08085123], [3.20055775, 42.08068474], [3.20030418, 42.08082731], [3.19996199, 42.08077377], [3.19947296, 42.08043076], [3.19884992, 42.08037744], [3.19844616, 42.08000374], [3.19844545, 42.07969859], [3.19808853, 42.07922141], [3.19824939, 42.07916575], [3.19833716, 42.07873878], [3.19820336, 42.07820546], [3.19860151, 42.07759818], [3.19939123, 42.07768796], [3.19947761, 42.07735889], [3.19976103, 42.07729733], [3.19962792, 42.07691028], [3.19976387, 42.07662193], [3.20000911, 42.07652927], [3.20024248, 42.07666144], [3.20016298, 42.07625133000001], [3.20045103, 42.07620183], [3.20058682, 42.07582764], [3.20096748, 42.07605115], [3.20117795, 42.0760098], [3.20190826, 42.07566834], [3.202323, 42.07508794999998], [3.20321677, 42.07524867], [3.20422255, 42.07460319], [3.20424611, 42.07437195], [3.20406268, 42.074472340000014], [3.20396408, 42.07429625000001], [3.20356171, 42.07435497], [3.20254609, 42.07350619], [3.202798, 42.07350151], [3.20362748, 42.07394235000001], [3.2040015, 42.07378912], [3.20404995, 42.07336654], [3.20430025, 42.0733116], [3.20407848, 42.07291219], [3.20449763, 42.07292451], [3.20481082, 42.07265447], [3.20557896, 42.07270309], [3.20658208, 42.07252287], [3.20617034, 42.07203419], [3.20662395, 42.07220216], [3.20710786, 42.07213193], [3.20699215, 42.07137929], [3.2064856, 42.07061788], [3.20736792, 42.07114101], [3.20743073, 42.07093816], [3.20786942, 42.07090522], [3.20806262, 42.06965719], [3.20856336, 42.06934132], [3.20885093, 42.06923128], [3.20914829, 42.06948841], [3.20938955, 42.06948572], [3.20993239, 42.06936693], [3.21039894, 42.06898798], [3.21135559, 42.06921336000001], [3.21139696, 42.06896894], [3.21206687, 42.06867814], [3.21193986, 42.06785374], [3.21218064, 42.06737919], [3.21196776, 42.06686378], [3.21148416, 42.06687016], [3.21088859, 42.06759349], [3.21073568, 42.06711832], [3.21055188, 42.0670584], [3.21050129, 42.06725808], [3.21004591, 42.0671339], [3.20976664, 42.06635012000001], [3.2096513, 42.06626612], [3.20938334, 42.06627111], [3.20923793, 42.06619699], [3.20947247, 42.06613865], [3.20915481, 42.06602502], [3.20899193, 42.06567559], [3.20904694, 42.06556805], [3.20923085, 42.06566111], [3.20914731, 42.06547086], [3.20939191, 42.06538350000001], [3.2096326, 42.06565263], [3.20964771, 42.06528513], [3.20934092, 42.06513141000001], [3.20914006, 42.06521599], [3.20953064, 42.0648252], [3.20938641, 42.06418969], [3.20981817, 42.06386467], [3.2098191, 42.06359672], [3.21014702, 42.06374302], [3.21037746, 42.06358039], [3.21086076, 42.06356490999998], [3.2107525, 42.06335841], [3.21047422, 42.0633818], [3.20969559, 42.06301404], [3.2096195, 42.06266311], [3.2098338, 42.06266343], [3.21002329, 42.06232534], [3.20969642, 42.06212653], [3.20975195, 42.06155416], [3.2110375, 42.06127611], [3.21122943, 42.06091252], [3.21155085, 42.06078133], [3.21160873, 42.06106619], [3.21231955, 42.06096761], [3.2133098, 42.06147717], [3.21363744, 42.06125491], [3.21441938, 42.06131361], [3.21465226, 42.06120032], [3.21438415, 42.06115183], [3.21432106, 42.06082852], [3.21414707, 42.06106221], [3.21357256, 42.06111984], [3.2136158, 42.06092962999998], [3.21327668, 42.06086298], [3.21315401, 42.06050313], [3.21243195, 42.06020337999998], [3.21279455, 42.06006445], [3.21279824, 42.05990089], [3.21206375, 42.05942436], [3.21306513, 42.05969306], [3.21366028, 42.05952443], [3.21321225, 42.05887319], [3.21279262, 42.05890792], [3.21278167, 42.05874042], [3.21264489, 42.05882092], [3.21254734, 42.05867141], [3.21206467, 42.058647], [3.21224246, 42.05843033], [3.21195239, 42.05853805], [3.2125546, 42.05762466], [3.21223275, 42.05722212], [3.21191558, 42.05731745], [3.21203864, 42.05641702], [3.21145078, 42.05564525], [3.21099982, 42.05537084], [3.21125682, 42.05422509], [3.21212451, 42.054149459999984], [3.2113133, 42.05390904], [3.21059415, 42.05332997], [3.21035581, 42.05339688], [3.20996749, 42.05316539999998], [3.20865371, 42.0529674], [3.20856506, 42.052172009999985], [3.20679682, 42.05067471], [3.20571975, 42.05056181], [3.20560116, 42.05066074], [3.20655657, 42.05077747], [3.20829176, 42.052224209999984], [3.2083878, 42.05302778], [3.20770536, 42.05350473999999], [3.20704755, 42.05368200999999], [3.20645009, 42.05323527], [3.2042385, 42.05231102], [3.20425006, 42.05217484], [3.20371935, 42.05227111], [3.20362864, 42.05247872], [3.20374253, 42.05241872], [3.20652102, 42.05364576], [3.20575938, 42.05430596], [3.20469604, 42.05385825], [3.20413544, 42.0545061], [3.20299339, 42.05395333], [3.20280125, 42.05407854], [3.20293623, 42.05378655], [3.20277469, 42.05371568000001], [3.20322293, 42.05311486], [3.20337057, 42.05317619], [3.20346658, 42.05304624], [3.20309311, 42.05288804], [3.20214864, 42.05385322], [3.2007043, 42.05333085], [3.20061105, 42.05319267], [3.20404194, 42.05093921], [3.20494444, 42.05177243], [3.20558033, 42.05177093], [3.20557282, 42.051571], [3.20511989, 42.05150787], [3.20396039, 42.05059657], [3.20378467, 42.05085852], [3.20201893, 42.05197252], [3.20104917, 42.05149919], [3.19960123, 42.05032251], [3.19868952, 42.04893327], [3.19712179, 42.04511728], [3.19644957, 42.04023033], [3.19577343, 42.0379095], [3.19571456, 42.03682266], [3.19432623, 42.03112219], [3.19426765, 42.02889366], [3.19446651, 42.0278543], [3.19437941, 42.02588712], [3.19470554, 42.02347076], [3.19463347, 42.02192713], [3.19479653, 42.02088191], [3.19465871, 42.02044918], [3.19492043, 42.01634186], [3.19534064, 42.015219219999985], [3.1954384, 42.01353949], [3.19611366, 42.00971612], [3.19769066, 42.00461668], [3.19782771, 42.00180916], [3.19846194, 42.00034764], [3.19846728, 41.999656729999984], [3.20050177, 41.99474231], [3.200778, 41.99343027], [3.20202596, 41.99088667], [3.20265537, 41.9890382], [3.2031677, 41.98853319], [3.20501539, 41.98506765], [3.20725217, 41.98159939], [3.20969844, 41.97889387999999], [3.21012222, 41.97867081], [3.21002045, 41.97846896], [3.21059225, 41.97737386], [3.21076557, 41.97727648], [3.21084461, 41.97741395], [3.21117853, 41.97738902], [3.21108875, 41.97718230000001], [3.21082577, 41.97711865999999], [3.21084817, 41.97692236], [3.21134557, 41.97680706], [3.21087435, 41.97660641999999], [3.21128383, 41.97646015], [3.21115473, 41.97636761], [3.21137124, 41.97624931], [3.21064381, 41.97604485], [3.21066218, 41.97568635], [3.21042439, 41.97535246], [3.21075884, 41.97523953000001], [3.21026809, 41.97513577], [3.21064211, 41.97468853], [3.21030912, 41.97433014], [3.21054777, 41.97382577], [3.21024469, 41.97382443999999], [3.21045152, 41.97362463], [3.21133547, 41.97308828], [3.21213068, 41.97290143], [3.21231857, 41.97312465], [3.2128527, 41.97327354], [3.21300858, 41.97354309], [3.21278923, 41.97367527], [3.21289116, 41.97401977], [3.21330908, 41.97430467], [3.21345927, 41.97430152], [3.21352887, 41.97400093], [3.21379046, 41.97408348], [3.21407517, 41.97371934], [3.21592838, 41.97397571], [3.21619394, 41.97363908], [3.21656533, 41.97374754], [3.21704214, 41.97367854], [3.21731602, 41.97382636], [3.21756871, 41.9737396], [3.21765243, 41.97390156], [3.21960493, 41.97399889], [3.22005028, 41.97430444], [3.22031995, 41.97407065], [3.22061509, 41.97422023], [3.22109883, 41.97419238], [3.22152755, 41.97442066], [3.22181295, 41.97419674], [3.22197774, 41.9743127], [3.22228796, 41.9741806], [3.22200622, 41.97398249], [3.22228272, 41.97369663], [3.22212151, 41.97352037], [3.22308431, 41.97282984000001], [3.22326481, 41.97250327], [3.2233735, 41.97258889], [3.22401431, 41.97243155000001], [3.22405077, 41.97263647], [3.22430955, 41.97243367], [3.22431926, 41.97272475], [3.22456258, 41.97296187], [3.22506815, 41.97237364], [3.22507196, 41.97218855], [3.22476973, 41.97222012], [3.22507655, 41.97198273], [3.22494843, 41.97176187], [3.22512395, 41.97156337], [3.22536708, 41.97165933], [3.22532015, 41.97137997], [3.2258316, 41.97129935], [3.22587058, 41.97109382999999], [3.22638104, 41.97083469], [3.2267983, 41.97016493], [3.22820967, 41.97000594], [3.22834397, 41.96979474], [3.22904174, 41.96957628], [3.22922398, 41.96997924], [3.22997838, 41.97007149], [3.23038065, 41.96957018], [3.23023408, 41.96938971], [3.23059387, 41.96922588], [3.23102082, 41.96927906], [3.23094549, 41.968973519999984], [3.23125401, 41.96905162], [3.23121301, 41.96872539000001], [3.23066006, 41.96830418], [3.23030012, 41.96822132], [3.23021733, 41.96798893], [3.23042453, 41.96778253], [3.23038952, 41.96747863], [3.23122979, 41.96725861], [3.23147472, 41.96704295], [3.23188846, 41.96628492], [3.23179513, 41.9659098], [3.23160543, 41.96577976], [3.23110516, 41.96596883], [3.23069738, 41.96596884], [3.23065136, 41.96582546], [3.23040658, 41.9659153], [3.23034075, 41.96556336], [3.2300447, 41.96574781], [3.23006654, 41.96545844], [3.22995596, 41.965583399999986], [3.22965688, 41.96530479], [3.22943649, 41.96449292], [3.22921562, 41.96451867], [3.22887279, 41.964255729999984], [3.22803333, 41.96425046], [3.22704701, 41.96453109], [3.22693653, 41.964265779999984], [3.22719255, 41.96390969], [3.22813528, 41.96353431], [3.22817207, 41.96320126], [3.22876763, 41.96319927], [3.2291099, 41.96287785], [3.22928615, 41.96302809], [3.22905958, 41.96254308], [3.22921936, 41.96237586], [3.22949649, 41.96234524], [3.23021481, 41.96266318], [3.23048572, 41.96257129], [3.23043614, 41.96210853], [3.23064974, 41.96217692], [3.23092725, 41.96199838], [3.23085298, 41.96151523], [3.23064677, 41.96112034], [3.22967856, 41.96080705], [3.22974371, 41.96050231], [3.23008211, 41.9601258], [3.23062983, 41.96025701], [3.23148751, 41.95980648], [3.23181173, 41.95946852], [3.23212102, 41.95942446], [3.23243325, 41.95963863], [3.23236849, 41.96050972], [3.23264769, 41.96116268], [3.23300269, 41.96131552], [3.23289576, 41.96148173], [3.23307163, 41.96195486], [3.2335552, 41.96199783], [3.23350839, 41.96153813], [3.23322193, 41.96151133], [3.23370766, 41.96082394], [3.2340326, 41.96068349], [3.2335807, 41.96019508], [3.23371354, 41.96000818], [3.23348473, 41.95959137], [3.23372641, 41.95909181], [3.23364979, 41.95856562], [3.23348666, 41.95833844], [3.23298571, 41.95835585], [3.23259213, 41.95876601], [3.23209287, 41.95845224], [3.23218332, 41.95824148], [3.23184086, 41.95813849999998], [3.23160884, 41.95771583], [3.23175191, 41.95747056], [3.23155648, 41.95715024], [3.23177231, 41.95707476], [3.23159779, 41.95709727], [3.2312747, 41.95671352], [3.23110502, 41.95677385], [3.2310946, 41.95656692], [3.23089548, 41.9565881], [3.23082642, 41.95641018], [3.23075388, 41.95650481], [3.23060829, 41.95635189], [3.23039665, 41.95638853], [3.2305301, 41.95618741], [3.23036203, 41.95619371], [3.23042818, 41.95606829], [3.22983246, 41.95559691], [3.22985195, 41.95534504], [3.22967196, 41.95542286], [3.22973931, 41.95519485], [3.22952559, 41.95512088], [3.22964265, 41.95505616], [3.2294242, 41.95511082], [3.22947077, 41.95490645], [3.22933801, 41.95489897], [3.22948911, 41.95457164], [3.23053133, 41.95419007], [3.23048279, 41.95401372], [3.23083208, 41.95404067], [3.2314726, 41.95349041999999], [3.23073432, 41.95219854], [3.23164877, 41.95149642], [3.23283824, 41.95114535], [3.23347247, 41.9503747], [3.23211745, 41.94942509], [3.23006136, 41.94846956], [3.22821769, 41.94863159], [3.22798797, 41.94829493], [3.22724505, 41.9478322], [3.2278887, 41.947355], [3.22743068, 41.94720865], [3.22686883, 41.94734531999999], [3.22649879, 41.9467308], [3.2265897, 41.94662183], [3.22630489, 41.94655465], [3.22639966, 41.94643656], [3.22600986, 41.94610563], [3.22639633, 41.94587916], [3.22607842, 41.9460111], [3.22624733, 41.945741019999986], [3.22608804, 41.94576322], [3.22599892, 41.94553408], [3.22516531, 41.9455486], [3.22469312, 41.94531076], [3.22423262, 41.94469127], [3.22386176, 41.94472388], [3.2241477, 41.94493372], [3.22364986, 41.94491623000001], [3.22276309, 41.94445437], [3.22162952, 41.94420519], [3.22060968, 41.94345374], [3.22024989, 41.94344191], [3.21993341, 41.9432214], [3.21961098, 41.94323157], [3.21920249, 41.94298493], [3.21884904, 41.94302875], [3.21850529, 41.94273724], [3.2187246, 41.94259344], [3.21813499, 41.94268337], [3.21782029, 41.94241575], [3.21748789, 41.94116462], [3.21850089, 41.94102786], [3.21833453, 41.94092073], [3.21853733, 41.94071363], [3.21846532, 41.94050499], [3.21818945, 41.94053297], [3.21823828, 41.94029242], [3.21799282, 41.94019669], [3.21788903, 41.93989931], [3.2177911, 41.94004837], [3.21782236, 41.93955772], [3.2169204, 41.93941991], [3.21730936, 41.93939728], [3.21718988, 41.93934672000001], [3.21766667, 41.93914649], [3.21722716, 41.93863727], [3.21717556, 41.93821215], [3.21748199, 41.93779270000001], [3.21734792, 41.93767293], [3.21708193, 41.93819222], [3.21712818, 41.93861401], [3.21644542, 41.93869990000001], [3.21640463, 41.93843625], [3.21697788, 41.938298729999985], [3.2169312, 41.93791164], [3.21597931, 41.93791468], [3.21582834, 41.93828775], [3.21575104, 41.93804842], [3.21533511, 41.93797651], [3.21586176, 41.93736945], [3.21563585, 41.93726531], [3.21515944, 41.93735853], [3.21520692, 41.93720505], [3.21475293, 41.93714412], [3.21507618, 41.93692149], [3.21476636, 41.93668753], [3.2145442, 41.93670309], [3.21426298, 41.93658247], [3.21435727, 41.936463049999986], [3.2141943, 41.93632032], [3.214256, 41.93619303], [3.21440247, 41.93623644], [3.21427832, 41.93594403999998], [3.21440366, 41.93580195], [3.21472614, 41.93596068], [3.21589956, 41.9358077], [3.21577489, 41.93571705], [3.21591138, 41.93562871000001], [3.21567172, 41.93556467], [3.21608776, 41.93549183], [3.21577571, 41.93510639], [3.21598827, 41.93485749], [3.21588824, 41.93431466], [3.21666788, 41.93397515], [3.21762015, 41.93428246], [3.21779088, 41.93461466], [3.21766291, 41.93500912999998], [3.21799154, 41.93537878], [3.21839451, 41.93547258], [3.21850001, 41.93567035], [3.21910782, 41.93566244], [3.21937581, 41.93550998], [3.21889277, 41.93457636], [3.22002439, 41.93501363999999], [3.22052946, 41.93484091], [3.22003015, 41.93465264], [3.21984041, 41.93409341], [3.21922282, 41.93398705], [3.21914868, 41.93382363], [3.21849232, 41.93366375], [3.21861421, 41.93347157999999], [3.21790023, 41.93332262], [3.21801002, 41.9331892], [3.21884888, 41.93331298], [3.2190242, 41.93322410999998], [3.21897156, 41.93289087], [3.21855514, 41.93273872], [3.21858061, 41.93232247], [3.21806621, 41.93187464], [3.21875958, 41.93227692], [3.21934294, 41.932325339999984], [3.21924069, 41.93244182], [3.21979473, 41.93255568], [3.21999199, 41.93243092], [3.21968396, 41.93222832], [3.21956533, 41.93182495], [3.21841962, 41.93134284], [3.2178083, 41.93087196], [3.21703241, 41.93074274], [3.21656781, 41.93085323], [3.21626194, 41.93072214], [3.21645935, 41.93066573], [3.21634256, 41.93052186], [3.21574229, 41.93053289999999], [3.21591197, 41.93030948], [3.21544779, 41.93015148], [3.21578826, 41.93003744], [3.21519952, 41.92971034], [3.21581397, 41.92965117], [3.21590545, 41.92952302], [3.21514741, 41.92949473], [3.21526105, 41.92928772], [3.21492367, 41.92899338], [3.21541254, 41.9289994], [3.21551442, 41.92887996], [3.21606311, 41.92903068], [3.21616123, 41.9289053], [3.21696536, 41.92901375000001], [3.21684638, 41.92885438], [3.21606636, 41.92885162000002], [3.21636399, 41.9287292], [3.21601725, 41.92870094], [3.21666013, 41.92859948], [3.21725521, 41.92884091], [3.21797368, 41.92865563], [3.21828154, 41.92825126], [3.2180143, 41.92818917], [3.21815831, 41.92815485], [3.21810486, 41.927974370000015], [3.21752422, 41.92793314], [3.2177726, 41.92780216], [3.21749782, 41.92758256], [3.21814566, 41.92759412], [3.21851967, 41.92741606], [3.2183079, 41.92741485], [3.21862655, 41.92708864], [3.21795386, 41.92714468], [3.21808733, 41.92706093], [3.21797752, 41.92693694], [3.2186763, 41.92692931], [3.21934617, 41.92665026], [3.21826039, 41.92603104], [3.21855, 41.92575812], [3.21845825, 41.9255552], [3.2171343, 41.92521941], [3.21751945, 41.92505854], [3.21656836, 41.924489489999985], [3.21714558, 41.92438347], [3.21617891, 41.9241631], [3.21632766, 41.92396080000001], [3.21672022, 41.92403049], [3.21784764, 41.92382228], [3.21744794, 41.92356707], [3.21826493, 41.92354084], [3.21788101, 41.92327902000001], [3.21834689, 41.9232431], [3.21767199, 41.92288663], [3.21741682, 41.92239624], [3.21798808, 41.92263438], [3.21879152, 41.92263519], [3.21858878, 41.92245526], [3.21730558, 41.92209797000001], [3.21778864, 41.92211336], [3.21789887, 41.92186699], [3.21726879, 41.92188098], [3.21729352, 41.92202486], [3.21694212, 41.92217639], [3.21671674, 41.92189742], [3.2162793, 41.92181935], [3.21639634, 41.92165862], [3.21677225, 41.92165873], [3.21676396, 41.92148905], [3.2163353, 41.92158119], [3.21612645, 41.92144576], [3.21610169, 41.92161585999999], [3.21592765, 41.92146775], [3.21564839, 41.92162373], [3.21543774, 41.92152722], [3.21536177, 41.92135146], [3.21570871, 41.92130829], [3.21593226, 41.921082969999986], [3.21582447, 41.92087377], [3.21627778, 41.92076276], [3.21591637, 41.9204455], [3.21617664, 41.92052409], [3.21627868, 41.92042284], [3.21591377, 41.92028185], [3.21627262, 41.92019877], [3.21650831, 41.91992587], [3.21613537, 41.919694020000016], [3.2165512, 41.91977078], [3.21687294, 41.91962516], [3.21658818, 41.91954266], [3.21677713, 41.91946592], [3.21665935, 41.91922963], [3.21620197, 41.91906098], [3.21674782, 41.91914246000001], [3.21692676, 41.91903088], [3.21687468, 41.91889345], [3.21664022, 41.91888516], [3.21677957, 41.91851336], [3.21653415, 41.91850887], [3.21626339, 41.91817802], [3.21614416, 41.91840522], [3.21584457, 41.918213399999985], [3.21569926, 41.91839389], [3.21524539, 41.91840736], [3.2150295, 41.91829085], [3.21503552, 41.91800145], [3.21464115, 41.91773901], [3.21457167, 41.91791297], [3.21444716, 41.91793194], [3.21459542, 41.91769469], [3.21421199, 41.91796363], [3.21408955, 41.91780921], [3.213439, 41.91785861], [3.21402809, 41.9176772], [3.2138812, 41.91753021], [3.21360983, 41.91762583], [3.21340489, 41.91753596], [3.21330123, 41.91776979], [3.21221213, 41.91754015], [3.21217815, 41.91736558], [3.21178139, 41.91747268], [3.21147569, 41.91736291], [3.21184526, 41.91727495], [3.21182059, 41.91710882], [3.21071577, 41.91693567], [3.21049603, 41.91711108], [3.20996868, 41.91718491], [3.21005266, 41.91730734], [3.20969276, 41.91743886], [3.20991839, 41.91766119000001], [3.20951154, 41.91778064], [3.20946883, 41.91792213], [3.20894329, 41.91766369], [3.20873625, 41.91781673], [3.2088774, 41.91787096], [3.20876748, 41.91803545], [3.20853099, 41.91803281], [3.20761393, 41.91756459], [3.2072858, 41.91704288], [3.20730032, 41.91683282], [3.20760644, 41.91685487], [3.20785718, 41.91660438999999], [3.2076877, 41.91651436], [3.20820177, 41.91632734999999], [3.20784692, 41.91637771], [3.20811245, 41.9161535], [3.20831085, 41.91619727], [3.20898613, 41.915711389999984], [3.20914695, 41.91510791], [3.20873701, 41.91490222], [3.20926127, 41.91496116], [3.20942683, 41.91462887], [3.20902646, 41.91447342], [3.20927816, 41.91426220000001], [3.20915717, 41.91417533], [3.2085896, 41.91429534], [3.20864397, 41.91406899], [3.20832432, 41.91392699], [3.20830289, 41.91375212], [3.20848827, 41.91379961], [3.20831165, 41.91359043], [3.2078419, 41.91364127], [3.20811854, 41.91353638], [3.20795156, 41.91354515], [3.20804151, 41.91328136], [3.20735158, 41.91311121], [3.20728573, 41.91303342], [3.20800543, 41.91297618], [3.2082784, 41.91263397], [3.20866744, 41.91264767], [3.20879186, 41.9124175], [3.20865211, 41.91230977], [3.20903556, 41.91230871], [3.20950647, 41.91198784], [3.20932283, 41.91143795], [3.20869975, 41.91127615], [3.20947543, 41.91123691], [3.20966737, 41.9110448], [3.20952518, 41.91099976], [3.21066868, 41.91061101], [3.21090504, 41.91032569], [3.21123664, 41.910474229999984], [3.21166894, 41.91044542], [3.21116074, 41.91027505], [3.211544, 41.9100009], [3.21124859, 41.90970962], [3.21173644, 41.90941726], [3.21170417, 41.90917486], [3.21201002, 41.90916006], [3.21168902, 41.90893278], [3.21118479, 41.90901008999999], [3.21044482, 41.90882924], [3.20985504, 41.90899712], [3.20868682, 41.90897277], [3.20877195, 41.90882365], [3.20793591, 41.90857513], [3.20786549, 41.90827389], [3.20702157, 41.90823237], [3.20707366, 41.90811987], [3.2068228, 41.90802584], [3.20680361, 41.90779314], [3.20713229, 41.90742218], [3.20769646, 41.90720131], [3.20759073, 41.90705595], [3.20807927, 41.90712307], [3.20866676, 41.9066242], [3.20855071, 41.90634907], [3.20911527, 41.90632462], [3.20902083, 41.90605756], [3.20851167, 41.90591087], [3.20868175, 41.90552732], [3.21004963, 41.904909660000015], [3.21008686, 41.90438558], [3.21030732, 41.90403868], [3.20954363, 41.90417824], [3.20974562, 41.90396909], [3.20970119, 41.90362079], [3.20911513, 41.90332626], [3.20926686, 41.90297480000002], [3.20875742, 41.90292133], [3.20930425, 41.90261248], [3.20885315, 41.90199651999998], [3.20935823, 41.90212223], [3.20955456, 41.90202658], [3.20897904, 41.90137437], [3.20856576, 41.90167206999999], [3.20863434, 41.90133293], [3.20845209, 41.90108756], [3.20814861, 41.901039290000014], [3.2083854, 41.90067336], [3.20795797, 41.90036043], [3.20774299, 41.90046584], [3.20730604, 41.90041501999998], [3.20713968, 41.90056925], [3.20703861, 41.90003406], [3.20684788, 41.90029227], [3.20680776, 41.899965579999986], [3.20631533, 41.90020487], [3.20603839, 41.90065085], [3.20562843, 41.90055629], [3.2053535, 41.90027595], [3.20557894, 41.89993572], [3.20520134, 41.89948164], [3.20584479, 41.89907987], [3.20559084, 41.89917471], [3.20556489, 41.89894076], [3.20536424, 41.89911315], [3.20525561, 41.8989995], [3.20541592, 41.89816068], [3.20514198, 41.89818558000001], [3.20497006, 41.89848599], [3.20499173, 41.89749727], [3.20431395, 41.89752667], [3.20459449, 41.89632187], [3.2045069, 41.89618421999999], [3.20401916, 41.89630155], [3.20393625, 41.895932149999986], [3.20409211, 41.89589143], [3.20399665, 41.895856829999985], [3.20415439, 41.89549961], [3.20396214, 41.8953571], [3.20409874, 41.89498362], [3.20395903, 41.89475563], [3.20372611, 41.89471317], [3.20396739, 41.89461934], [3.20386064, 41.89444624], [3.2035226, 41.89432678], [3.20376141, 41.89432852], [3.20389603, 41.8940887], [3.20354973, 41.89387216], [3.2037184, 41.89365092], [3.20355389, 41.89324573], [3.2033037, 41.89311251], [3.20347169, 41.89309663], [3.20305813, 41.89299495], [3.20326106, 41.89285958], [3.20301016, 41.89257748], [3.20317662, 41.89234589], [3.20332747, 41.89247541], [3.20317133, 41.8920838], [3.20290692, 41.89198952], [3.20302397, 41.89172288999998], [3.20289524, 41.89157441], [3.20249734, 41.89146388000001], [3.20233388, 41.89157721], [3.20206324, 41.89126433], [3.20107193, 41.89123419], [3.20053899, 41.89141912999999], [3.20031409, 41.89169865], [3.19990215, 41.89180204], [3.19961058, 41.89165421], [3.1988651, 41.89203099], [3.19896424, 41.89161903], [3.1986863, 41.89162987], [3.19837827, 41.89216199], [3.19814859, 41.89230415], [3.19774642, 41.89240878], [3.19758032, 41.89276412], [3.19675414, 41.89218586], [3.19554412, 41.89289774999999], [3.19579139, 41.893104669999985], [3.19677455, 41.89243342], [3.19726808, 41.89279537], [3.19681121, 41.89334368], [3.19640244, 41.893303389999986], [3.19677369, 41.89352883], [3.19671048, 41.89367098], [3.19593659, 41.89379686], [3.19438418, 41.893596399999986], [3.19327556, 41.89312982], [3.19302035, 41.89284744], [3.1930333, 41.8923832], [3.19268126, 41.89196651], [3.19288394, 41.89197913999999], [3.19297524, 41.89147694], [3.19321925, 41.89140583], [3.19313389, 41.89132104], [3.19337482, 41.89135018], [3.19335615, 41.890994169999985], [3.19350807, 41.89100589], [3.19365994, 41.89052566], [3.19313275, 41.89030111], [3.1929273, 41.89000684], [3.19252761, 41.89021278], [3.19226646, 41.88987276], [3.1915999, 41.88988026], [3.1915325, 41.88955019], [3.19172513, 41.88963273000001], [3.19170171, 41.88934077], [3.19121761, 41.88909271], [3.19131328, 41.88851305], [3.19109822, 41.88842487], [3.19096345, 41.88858425], [3.19077843, 41.88846441], [3.19089869, 41.88837144], [3.19061822, 41.88809296], [3.19079149, 41.88815472999999], [3.19080899, 41.88803869], [3.19048444, 41.88797564], [3.19037288, 41.88815795], [3.18963867, 41.88798686], [3.18939701, 41.8877892], [3.18925616, 41.88784788], [3.18940413, 41.88795266], [3.18913208, 41.88811658], [3.1892295, 41.88828863], [3.18898527, 41.88860887], [3.18809683, 41.88866545], [3.18787058, 41.88845677], [3.18695584, 41.88833865], [3.18699699, 41.88798453], [3.1867154, 41.8876466], [3.18669295, 41.88784379], [3.18622419, 41.887845009999985], [3.18639202, 41.88802487], [3.1862206, 41.88797822], [3.185774, 41.88826482], [3.18555901, 41.8881969], [3.18560863, 41.88780628], [3.18536272, 41.88750908999999], [3.18550374, 41.88788382], [3.18535741, 41.88792378], [3.18538096, 41.88819151], [3.1848607, 41.888183159999976], [3.18497299, 41.88808076], [3.18476526, 41.88785556], [3.18474757, 41.8881593], [3.1841646, 41.8882231], [3.18388381, 41.888158969999985], [3.18388843, 41.88796379], [3.18354571, 41.88790696], [3.18359726, 41.887601459999985], [3.1833061, 41.88778557], [3.18356072, 41.88746713], [3.18346254, 41.88731814], [3.18342888, 41.8874777], [3.18304295, 41.88748588], [3.18248692, 41.88714523], [3.18246746, 41.88678769], [3.18225702, 41.88687692], [3.18239493, 41.88663027], [3.18201374, 41.88643516], [3.18210514, 41.88611005], [3.18190063, 41.88603652], [3.18196461, 41.88577459], [3.18224417, 41.88591843], [3.18245, 41.88573265], [3.18231487, 41.8855612], [3.18251565, 41.88542452], [3.1823992, 41.88529203], [3.18228926, 41.8855407], [3.18206296, 41.88568796], [3.18193151, 41.88566133], [3.18205081, 41.88522854], [3.18171099, 41.88516973], [3.18210688, 41.88477001], [3.18164486, 41.88454548], [3.18242887, 41.88360347], [3.18269531, 41.88383957], [3.1827043, 41.883526289999985], [3.18252311, 41.88359837], [3.18239538, 41.88335421], [3.1826467, 41.88340326], [3.18266023, 41.88324445], [3.18247985, 41.88330643], [3.18204944, 41.88308869999999], [3.18200234, 41.88271823], [3.18224779, 41.88269551], [3.18203959, 41.8824223], [3.18230653, 41.88253942], [3.1824536, 41.88225421], [3.18278836, 41.88231879], [3.18260014, 41.882205339999985], [3.18268126, 41.88199697], [3.18324646, 41.88176270000001], [3.18301681, 41.88170317], [3.18300709, 41.88146505], [3.18273548, 41.881272819999985], [3.18260709, 41.88155764], [3.18215818, 41.88114728], [3.18185663, 41.881317], [3.18149358, 41.88130361000001], [3.18136374, 41.88103442], [3.18095959, 41.88093887], [3.1808071, 41.8806299], [3.18064091, 41.88067322], [3.18065243, 41.88053017], [3.18041969, 41.88056782], [3.18054249, 41.88077749], [3.18038988, 41.88068028], [3.18026577, 41.88077802], [3.18002949, 41.88045612], [3.17954194, 41.88035754], [3.17986271, 41.88037856], [3.17943505, 41.87997185], [3.17979862, 41.87995768], [3.17951641, 41.87980303], [3.17978561, 41.87978882], [3.17974083, 41.87967802], [3.17896426, 41.87974615], [3.17877999, 41.87953181000001], [3.17907253, 41.87945903], [3.17820282, 41.87909875], [3.17816701, 41.87865847], [3.1787002, 41.87861945], [3.1788659, 41.87848453999999], [3.17869655, 41.87843463], [3.17883263, 41.87817998], [3.17930372, 41.87813448], [3.17923482, 41.87797156], [3.17892185, 41.8780197], [3.17885953, 41.87788748], [3.17913156, 41.87741978], [3.17907127, 41.87741069], [3.17903031, 41.87724143], [3.17929249, 41.87721994], [3.1792245, 41.87712565], [3.1794471, 41.87691311], [3.17999682, 41.87693206], [3.18060581, 41.87646896], [3.18103967, 41.8766023], [3.18124552, 41.87652001], [3.1812301, 41.87634999], [3.18147746, 41.87650154], [3.18169948, 41.87625954], [3.18154296, 41.87618269], [3.18153494, 41.87581828], [3.1813947, 41.87587498], [3.18117528, 41.87558855000001], [3.18036911, 41.87590911], [3.17981417, 41.87570408], [3.1797414, 41.87596692], [3.17931584, 41.87522416], [3.17913606, 41.875233989999984], [3.17914576, 41.87551274], [3.17902165, 41.87508988], [3.17865752, 41.87511062], [3.17837832, 41.87494533], [3.1788735, 41.87464049], [3.17924559, 41.87475267], [3.1792316, 41.87440413], [3.17937072, 41.8744249], [3.17952192, 41.87402017], [3.17947645, 41.87387739], [3.17925896, 41.87401724], [3.17918977, 41.87375255], [3.17947926, 41.87363501], [3.17934225, 41.87355056], [3.17908305, 41.87368426], [3.1789063, 41.87361059], [3.17885461, 41.873787749999984], [3.17874982, 41.8737191], [3.17852343, 41.87338998], [3.17827004, 41.87336110000001], [3.17846858, 41.87282128], [3.17816296, 41.87277348], [3.17802807, 41.87302021], [3.17794775, 41.87264988], [3.17770567, 41.87265511999998], [3.17744191, 41.87223238], [3.17780016, 41.8716616], [3.17815003, 41.87158739], [3.17822185, 41.87171814], [3.17829824, 41.87158608], [3.17790322, 41.87075779], [3.17760694, 41.87077076], [3.17708926, 41.87042462], [3.17695772, 41.86991801], [3.1775089, 41.86926488], [3.17725458, 41.86889149], [3.17753847, 41.86884619], [3.17774255, 41.86856838], [3.17795057, 41.86866812], [3.17780461, 41.86835292], [3.17793351, 41.86829733], [3.17815509, 41.86850838], [3.17823758, 41.86827128], [3.17780316, 41.86756627], [3.17749882, 41.86757935], [3.17728332, 41.86791122], [3.1772864, 41.8678071], [3.17721569, 41.86790052], [3.17671152, 41.86776727], [3.17629599, 41.86744041999999], [3.17607649, 41.86684532], [3.17685362, 41.8666004], [3.17675794, 41.86633259], [3.17639268, 41.86627794], [3.17636033, 41.86647353], [3.17628842, 41.86626521999999], [3.17598021, 41.86622885], [3.17579093, 41.86654051], [3.17569576, 41.86641681], [3.17546546, 41.86653632], [3.17467296, 41.8660517], [3.17463497, 41.86590531], [3.17494779, 41.865824129999986], [3.17473265, 41.86567053], [3.1740268, 41.8659373], [3.17331779, 41.86575201999999], [3.17306901, 41.86549687], [3.17336582, 41.86533223], [3.17322415, 41.86507575], [3.17304789, 41.86503917999999], [3.1731272, 41.86522865], [3.17290367, 41.8650411], [3.17295622, 41.86536059], [3.17263646, 41.86528433], [3.17277098, 41.86507643], [3.17250782, 41.86453993], [3.17269363, 41.86463197], [3.17273633, 41.86424668], [3.17223596, 41.86430345], [3.17210775, 41.86411855], [3.17232227, 41.86404879], [3.17228473, 41.86388645], [3.17176268, 41.863766], [3.17160587, 41.86352143], [3.17138866, 41.86366857], [3.17141004, 41.86341958], [3.17095416, 41.86357356], [3.17077684, 41.86327236], [3.17054127, 41.86335792], [3.1704495, 41.8632397], [3.17036549, 41.86382059000002], [3.169999, 41.86383519], [3.16987985, 41.86347554], [3.1699499, 41.86322189], [3.17011062, 41.86321436], [3.16994021, 41.86283902], [3.16944346, 41.86302872], [3.16924256, 41.86328842], [3.16875719, 41.86336344], [3.1682218, 41.86389536], [3.16804896, 41.86377978], [3.16824063, 41.86363197], [3.16799596, 41.86360314], [3.16814082, 41.86334020000001], [3.16705079, 41.86344618], [3.1670043, 41.86317748], [3.16676366, 41.86344786], [3.16649629, 41.8633979], [3.16641989, 41.8637663], [3.165794, 41.86378882], [3.16517261, 41.86317203], [3.1653668, 41.86254937], [3.165192, 41.86218737], [3.1652941, 41.86225036], [3.16538163, 41.86208802], [3.16521214, 41.86186435], [3.16514018, 41.86227445], [3.16459226, 41.86197116], [3.16453574, 41.86173211], [3.16429672, 41.86159996], [3.16442997, 41.86187871], [3.16428554, 41.86198502], [3.16353469, 41.86161816], [3.16303161, 41.86150404], [3.16271819, 41.86158365], [3.16263578, 41.86144182], [3.16237554, 41.86154298], [3.16212035, 41.86120909], [3.16211306, 41.86109102000001], [3.16199287, 41.86125332000001], [3.16163158, 41.86084023], [3.16158337, 41.8605492], [3.16119555, 41.86045958], [3.16026506, 41.86060779], [3.15969923, 41.86112773], [3.15957495, 41.86086292], [3.15910595, 41.86083457], [3.15888786, 41.86097241], [3.15878003, 41.86082818], [3.15907332, 41.86064781000001], [3.1589622, 41.86058564], [3.15945237, 41.86040716], [3.15956267, 41.86018832], [3.15949241, 41.85988957], [3.15899593, 41.85960816], [3.15849999, 41.85969523], [3.15788213, 41.86037024], [3.15784416, 41.86055881], [3.15815933, 41.86079517], [3.15821441, 41.86114546], [3.15804337, 41.86116578], [3.15828089, 41.861770079999985], [3.15771419, 41.86223832], [3.15607579, 41.86253481], [3.15471672, 41.86244811], [3.15432983, 41.86219761], [3.15420118, 41.86190984], [3.15431722, 41.861562009999986], [3.15413939, 41.86156522999998], [3.1541328, 41.86138212], [3.15399745, 41.86166431], [3.15352641, 41.86138708], [3.15301997, 41.8618771], [3.15255965, 41.861905], [3.15256891, 41.8616936], [3.15233859, 41.86166427], [3.15197955, 41.86202304], [3.15159149, 41.86198392], [3.15089203, 41.86151117], [3.15134272, 41.86138854], [3.15064738, 41.86143088], [3.15044992, 41.861181469999984], [3.15065234, 41.86092586], [3.15034697, 41.86105515], [3.15027376, 41.86087123], [3.15028251, 41.86033477], [3.15068252, 41.86008206], [3.15077297, 41.860115530000016], [3.15072797, 41.8599913], [3.15084074, 41.86004006], [3.1510174, 41.85979709], [3.15082999, 41.85966916999999], [3.15091736, 41.85942028], [3.1503689, 41.85910072], [3.15051608, 41.85877195], [3.15022349, 41.85905668], [3.15010222, 41.85861469], [3.14976853, 41.85837437], [3.14948807, 41.85843743], [3.14928791, 41.85826205], [3.1491026, 41.85846513], [3.1486995, 41.85837108], [3.14864624, 41.85805852], [3.1481408, 41.85825516], [3.14799364, 41.85786671], [3.14756554, 41.85779646], [3.14728505, 41.85800245], [3.14712235, 41.85787134000001], [3.1470868, 41.85808133], [3.14697355, 41.85792062], [3.14683466, 41.85824864], [3.1463656, 41.85849927000001], [3.14631313, 41.8583646], [3.14599895, 41.85868898], [3.14571299, 41.858727080000016], [3.14453798, 41.858157529999986], [3.14459102, 41.85763326], [3.14432095, 41.85760009], [3.14437253, 41.85787519], [3.14391238, 41.85785631], [3.14286883, 41.85690414], [3.14235449, 41.85575262], [3.14272968, 41.85511366], [3.14294459, 41.85505331], [3.14352441, 41.85434374999998], [3.1439276, 41.85432955], [3.14380387, 41.85443266], [3.1439255, 41.85446826], [3.14416302, 41.85428323], [3.14434337, 41.8543883], [3.14477138, 41.8542713], [3.14493145, 41.85409087], [3.14478232, 41.85409979], [3.14479282, 41.8539481], [3.14521205, 41.85388642], [3.14524557, 41.85368975], [3.14503292, 41.85357456], [3.14532293, 41.8535351], [3.14446492, 41.85310286], [3.14506677, 41.85314732], [3.14532306, 41.85263746999998], [3.14511856, 41.85191376], [3.14554796, 41.85182981], [3.1457583, 41.85130075], [3.14568615, 41.85088301], [3.14529779, 41.85073092], [3.14530453, 41.85083684], [3.14507157, 41.85084542], [3.14527871, 41.85023287], [3.14486532, 41.84987671], [3.14488111, 41.84966719], [3.14453128, 41.84950857], [3.14315813, 41.84951624], [3.14311506, 41.84926905], [3.14263106, 41.84922642], [3.14250296, 41.84898545999999], [3.14221169, 41.84931908], [3.14168565, 41.84900242], [3.14096285, 41.84920857], [3.14084736, 41.84938822], [3.13967726, 41.84926346999998], [3.13924395, 41.84876087], [3.13872255, 41.84874411], [3.13870891, 41.84884366], [3.13855232, 41.84873693], [3.13849761, 41.84883644], [3.1381445, 41.84871095], [3.13808494, 41.84891079], [3.13780238, 41.84887681], [3.1374972, 41.84840107], [3.13790963, 41.848053], [3.13771749, 41.84793867], [3.1375506, 41.84802479], [3.13718636, 41.84775988], [3.1374944, 41.84754263], [3.13771186, 41.84677012], [3.13760838, 41.84570040000001], [3.13688902, 41.84468735], [3.13578701, 41.84407367], [3.13557967, 41.84411498], [3.13556261, 41.84430442], [3.13610625, 41.84443366], [3.13663232, 41.84479745], [3.13711308, 41.84548375], [3.13691532, 41.84566898], [3.13705485, 41.84562865], [3.13727767, 41.8459003], [3.13735511, 41.846343349999984], [3.13712201, 41.84645108], [3.13639913, 41.84616354], [3.13632207, 41.8462881], [3.13728943, 41.84661029999999], [3.13687219, 41.84764155], [3.13521602, 41.84709003], [3.13508278, 41.84731365], [3.13239139, 41.84628036], [3.13310263, 41.84509814], [3.13326442, 41.84515241], [3.13314454, 41.84503252], [3.13332708, 41.84505029], [3.13319796, 41.84494815], [3.13336886, 41.84498107], [3.13323385, 41.84487377], [3.13336277, 41.84465962], [3.13333682, 41.84486554], [3.1334851, 41.84469001], [3.13555356, 41.84543984], [3.1358197, 41.84518166], [3.13332594, 41.84420697], [3.13271653, 41.843318879999984], [3.13270978, 41.84308217999999], [3.13241953, 41.84292679], [3.13258796, 41.84288498], [3.13269462, 41.84250963], [3.13248271, 41.84248871], [3.13211734, 41.84206112], [3.13197748, 41.84216855], [3.13137251, 41.84184139], [3.13141763, 41.84193222], [3.13122005, 41.84185148], [3.13101564, 41.84202735], [3.13091423, 41.84173438], [3.13047542, 41.84154887999998], [3.12973721, 41.84180254000001], [3.12952294, 41.84156671], [3.12957705, 41.84140228], [3.12916024, 41.84113488], [3.12874598, 41.84141402], [3.12863615, 41.84130444], [3.12862544, 41.84148963], [3.12846745, 41.84162915], [3.12842907, 41.841470489999985], [3.12820005, 41.841745989999986], [3.12849496, 41.84237237], [3.12106524, 41.8412371], [3.12036947, 41.84139572], [3.12005107, 41.84162312], [3.12008799, 41.84172072], [3.1208256, 41.84152089], [3.1206564, 41.84179452], [3.12517765, 41.84244403000001], [3.12510904, 41.84271557], [3.12572555, 41.84279894], [3.12585622, 41.84223549999999], [3.12711094, 41.84241272], [3.12701839, 41.84275518], [3.12713458, 41.84266967], [3.12808834, 41.84280623], [3.12821199, 41.84296128], [3.12781765, 41.84430303], [3.12740374, 41.84447147], [3.12630368, 41.84431038000001], [3.12618531, 41.84475626], [3.12530887, 41.8446286], [3.12561654, 41.84329128], [3.12578924, 41.84327533], [3.12554695, 41.84324542], [3.12514066, 41.84497177], [3.12412023, 41.84481922], [3.12416867, 41.84464038], [3.12386733, 41.84459657], [3.12413677, 41.84359192], [3.12431943, 41.84355624], [3.12406616, 41.84351634], [3.12371329, 41.84486046], [3.12335154, 41.84522491], [3.12382293, 41.84487403], [3.12771481, 41.84552845], [3.1271129, 41.84614086], [3.12648153, 41.84648283], [3.12401119, 41.84761436], [3.12225, 41.84814937], [3.12169347, 41.84808727], [3.12145105, 41.84729321], [3.12139384, 41.84781126], [3.1191885, 41.84828922], [3.11582694, 41.84864735], [3.11394587, 41.84855043], [3.11339537, 41.84821592], [3.11344689, 41.84737453], [3.1131732, 41.84812255], [3.11129482, 41.84803666], [3.11028607, 41.84775031], [3.11048361, 41.84704568999999], [3.1102147, 41.84764887], [3.10996494, 41.84769478], [3.10873591, 41.84749627], [3.10760638, 41.84707518], [3.10716116, 41.84664461], [3.10717004, 41.84618786], [3.10731814, 41.84601056], [3.10787649, 41.84616811], [3.10799896, 41.84607576], [3.10734131, 41.84581815], [3.10628385, 41.84554397], [3.10623252, 41.84567912], [3.10677677, 41.845842], [3.10639261, 41.84633963], [3.10557594, 41.84643117], [3.10486728, 41.84620827], [3.10427427, 41.84569245], [3.10421802, 41.845318439999986], [3.10437554, 41.844999], [3.10506748, 41.84524957], [3.10516449, 41.84512915], [3.1037822, 41.84449614], [3.10343797, 41.84451195], [3.10397022, 41.84478392], [3.10365003, 41.84514737], [3.10296876, 41.84523769], [3.10240041, 41.84506221], [3.10192511, 41.84469425], [3.10179163, 41.84407397], [3.10217559, 41.84374371], [3.10257994, 41.84403877], [3.10275982, 41.84399178], [3.10271216, 41.84386167], [3.10132139, 41.84293446999999], [3.10115259, 41.84306225], [3.10148669, 41.84326983], [3.10106587, 41.84352105], [3.10057141, 41.84352166], [3.099793, 41.84318494], [3.09811709, 41.84188065], [3.09478403, 41.83871175], [3.09409741, 41.83823549], [3.0935327, 41.83752423], [3.0934188, 41.83704875], [3.09365268, 41.83704334], [3.09398726, 41.83670909], [3.09360689, 41.83669553], [3.09350595, 41.83635893], [3.09377789, 41.83618118], [3.093849, 41.83597163], [3.09366725, 41.8359643], [3.09356399, 41.83568544], [3.09385391, 41.83562152], [3.09390957, 41.83530524], [3.09343316, 41.83516539], [3.09376417, 41.83503326], [3.09354673, 41.83499561], [3.09348966, 41.83476022], [3.09307503, 41.834863949999985], [3.09325474, 41.8343814], [3.09298381, 41.83441368], [3.0929805, 41.83429362], [3.09260055, 41.83422304], [3.09288522, 41.83394945], [3.09253092, 41.83404512], [3.09270908, 41.83373415], [3.0922337, 41.83363852], [3.09264725, 41.83353812], [3.09304061, 41.83263963000001], [3.0930236, 41.832283959999984], [3.09294796, 41.83253], [3.09271782, 41.83228006], [3.09235364, 41.83245149], [3.0921665, 41.83237967], [3.0918962, 41.83267622], [3.0918947, 41.832385749999986], [3.0916453, 41.8327337], [3.09133009, 41.83270864], [3.09094733, 41.83243811], [3.09044444, 41.83271457], [3.09024175, 41.83262646], [3.09025612, 41.83231472], [3.0901441, 41.832556549999985], [3.08995875, 41.832378], [3.08955306, 41.83258215], [3.08953541, 41.83218982000001], [3.08872594, 41.83215271], [3.08784901, 41.83166088], [3.08566048, 41.82944124], [3.08560933, 41.82919864], [3.08591944, 41.82893863999998], [3.08579189, 41.82846786], [3.08549133, 41.82866497], [3.08527381, 41.82800610000001], [3.08439174, 41.82766196], [3.08439117, 41.82732366], [3.08411863, 41.82721173], [3.08444456, 41.82708044], [3.08421841, 41.82662116], [3.08418744, 41.82688238], [3.08367436, 41.82662894], [3.08370616, 41.82644869], [3.08405321, 41.82645168], [3.08431255, 41.82622947], [3.08422363, 41.8260112], [3.08358351, 41.82603005], [3.0835274, 41.82631543], [3.08316505, 41.82640207], [3.08242053, 41.82615185], [3.0822908, 41.8259328], [3.08166072, 41.82590262999999], [3.08087383, 41.825270989999986], [3.08078759, 41.82430082], [3.08050568, 41.82428652], [3.08036115, 41.82397084], [3.07932878, 41.82412891], [3.07891355, 41.82391149], [3.07912402, 41.82360106], [3.07879779, 41.82357705], [3.07845505, 41.82325286], [3.07858665, 41.82304200999999], [3.07784879, 41.82307827], [3.07786811, 41.82351572], [3.07758168, 41.82355302], [3.07723555, 41.82330349], [3.07710626, 41.82342932], [3.07684241, 41.82331042], [3.07705973, 41.82319274], [3.07660075, 41.82322331], [3.07682105, 41.8229725], [3.07655718, 41.82273543], [3.07645994, 41.82297939999999], [3.07610861, 41.82260711], [3.07617191, 41.82247394], [3.07573973, 41.82256249999999], [3.07560997, 41.82280775], [3.07540496, 41.82275249], [3.07531131, 41.82267095], [3.0755577, 41.82249281], [3.07512835, 41.82242518], [3.07555606, 41.8224286], [3.07556804, 41.82216622], [3.07542588, 41.82220621], [3.07538129, 41.82217805], [3.07549963, 41.82205268], [3.07527107, 41.82214416], [3.07505603, 41.82195291], [3.07478514, 41.82218492], [3.07430842, 41.82197681], [3.07333367, 41.82101676], [3.07352417, 41.82059853], [3.07281063, 41.82039336], [3.07257209, 41.82017473], [3.07263666, 41.81998969], [3.07235147, 41.82003706], [3.07151466, 41.81920309], [3.06987606, 41.81678438], [3.06849207, 41.81398702], [3.06682186, 41.80953019], [3.06496067, 41.80359963], [3.06480578, 41.80220183], [3.06569356, 41.8019757], [3.06625796, 41.80158646], [3.06673985, 41.800926869999984], [3.06664262, 41.80072265], [3.06616674, 41.80067050000001], [3.06587629, 41.80127071], [3.06608285, 41.80138606], [3.06544553, 41.8018021], [3.06515368, 41.80150107], [3.06521039, 41.8018733], [3.06485824, 41.80193736], [3.06478453, 41.8015329], [3.06481744, 41.80194098], [3.06432005, 41.80193694], [3.06434521, 41.80146361], [3.06427936, 41.8019339], [3.06399669, 41.80191001], [3.06407852, 41.8014017], [3.06360147, 41.8012629], [3.06279217, 41.80173396], [3.06211799, 41.80239517], [3.06216498, 41.80293061], [3.06201513, 41.80307615], [3.0622061, 41.80387965], [3.06267447, 41.80447746], [3.06228211, 41.80455117], [3.06160842, 41.80387979], [3.06116388, 41.80402684], [3.06148404, 41.80460339], [3.06118022, 41.80474919], [3.06082888, 41.80416113], [3.05943119, 41.80406657], [3.05769066, 41.80475874], [3.05732381, 41.80456744], [3.05714136, 41.80462472], [3.05641901, 41.8050839], [3.05535452, 41.80512441], [3.05522212, 41.80500693], [3.05520668, 41.80483148], [3.05538189, 41.80490498], [3.05574247, 41.80467225], [3.05573721, 41.80429216], [3.05610051, 41.80428937], [3.05613512, 41.80464287], [3.0561332, 41.80450264], [3.05659566, 41.80446098], [3.0585597, 41.80345986], [3.05934154, 41.80345252], [3.05969424, 41.80369517], [3.06084994, 41.80364908], [3.06114083, 41.80333152], [3.06136437, 41.80332797], [3.06124216, 41.8031706], [3.06166218, 41.80282009], [3.06154871, 41.80236728], [3.06271936, 41.80125032], [3.06283933, 41.80084314], [3.06301896, 41.80087277], [3.06284976, 41.80067011], [3.06302168, 41.80069857], [3.06312733, 41.80054575], [3.06475542, 41.80107995], [3.06517872, 41.80102648], [3.06529061, 41.801207099999985], [3.06538848, 41.80085523], [3.06493781, 41.80038577], [3.06508405, 41.80013935], [3.06533488, 41.80023225], [3.06502641, 41.79992033], [3.0650433, 41.80007038], [3.06475802, 41.80007018], [3.06416393, 41.79989154], [3.06433989, 41.79963105], [3.06403591, 41.79958457], [3.06420084, 41.79948495], [3.06395949, 41.79936502], [3.06430844, 41.799483], [3.06390421, 41.79909088], [3.06323904, 41.79907674], [3.06299661, 41.798825940000015], [3.06286831, 41.79896040000001], [3.06306579, 41.79915943000001], [3.0626487, 41.79928026], [3.06221599, 41.79916629], [3.06160568, 41.79850497], [3.06166866, 41.79840802000001], [3.062073, 41.79856119], [3.06205816, 41.79827144], [3.06171648, 41.7981911], [3.0613816, 41.79829883], [3.06112905, 41.79815323], [3.06081917, 41.79695105], [3.06099026, 41.79662824], [3.06157582, 41.79660415], [3.06127021, 41.79635356], [3.0613554, 41.79619391], [3.06105024, 41.79602591], [3.06120307, 41.79600025], [3.06110122, 41.7958498], [3.06143718, 41.79586943], [3.06122258, 41.79575848999998], [3.06140667, 41.79568499], [3.06149264, 41.7957198], [3.06149123, 41.79512723], [3.06114993, 41.79504779], [3.06117089, 41.7948163], [3.06043481, 41.79421988], [3.0597636, 41.79400299], [3.06001839, 41.79386576999999], [3.06036389, 41.79393872], [3.06045333, 41.7936954], [3.06020786, 41.79337776], [3.05981048, 41.79329771], [3.06005616, 41.7931922], [3.05987817, 41.79308971], [3.06000571, 41.79304398], [3.05981881, 41.79254626], [3.05910479, 41.79221733], [3.05896178, 41.79165969000001], [3.05780368, 41.79134621], [3.05798958, 41.7911594], [3.05901891, 41.79122634], [3.05892779, 41.79108334999999], [3.05934371, 41.79079996], [3.05907282, 41.7905579], [3.05901586, 41.79065196], [3.05895859, 41.79054319], [3.05861718, 41.79057669], [3.0585442, 41.79039487], [3.05826053, 41.790397179999985], [3.05808652, 41.79068738], [3.05774439, 41.79059559], [3.05749267, 41.79012456], [3.05714752, 41.79001566], [3.05715705, 41.789901], [3.05675415, 41.78994461], [3.05656389, 41.78982599], [3.05670825, 41.78948059], [3.05622033, 41.78919495], [3.05643913, 41.78906037], [3.05562605, 41.78864338], [3.05634839, 41.78864393], [3.05630557, 41.78840516999998], [3.05667093, 41.78851461], [3.05639234, 41.78811943], [3.05671865, 41.78816989], [3.05632251, 41.78796058], [3.05646346, 41.78784774], [3.05628777, 41.78758537], [3.05595448, 41.78753581], [3.05603871, 41.78765745], [3.05541636, 41.7873444], [3.05573085, 41.78736569], [3.05569031, 41.78711135], [3.05543098, 41.78699087], [3.05512662, 41.787132069999984], [3.05504108, 41.7870143], [3.05493195, 41.78718917], [3.0552541, 41.78730602], [3.05486553, 41.78734223], [3.05492348, 41.78741615], [3.05456563, 41.78763411], [3.05466116, 41.78774954], [3.05439624, 41.78784936999999], [3.05450368, 41.78809999], [3.05425727, 41.78831888], [3.05441255, 41.78863685], [3.05401491, 41.78877079], [3.05409672, 41.78916994], [3.0539068, 41.78916084], [3.0539205, 41.78899024], [3.05368969, 41.78887893], [3.0537905, 41.78911388], [3.05366403, 41.78913411], [3.05407073, 41.78931812], [3.05394753, 41.789503539999984], [3.05425654, 41.79001706], [3.05419863, 41.79027568], [3.05305846, 41.79078493], [3.05185064, 41.79084042], [3.04915034, 41.79031452], [3.04759658, 41.78965775], [3.04560954, 41.78843262], [3.04545839, 41.78810437], [3.04573673, 41.7877257], [3.04545015, 41.78751703], [3.04563425, 41.78747138], [3.04549579, 41.78720321], [3.04582923, 41.78749283], [3.04596557, 41.78729633], [3.04555563, 41.78707438], [3.04576786, 41.78699612], [3.04522297, 41.7868742], [3.04534232, 41.78665302999999], [3.0448377, 41.78630466], [3.04522293, 41.7863064], [3.04537949, 41.78612358], [3.04585688, 41.7862712], [3.04613359, 41.78614904], [3.04592503, 41.78597538], [3.04640451, 41.78601734], [3.04554001, 41.78575009], [3.04568023, 41.78561232], [3.04643266, 41.78582521], [3.04658499, 41.78562645], [3.04682804, 41.78572741], [3.04656224, 41.78528519], [3.0469644, 41.78525584], [3.04689374, 41.7850533], [3.04609897, 41.78486006], [3.04699413, 41.78492914000001], [3.04690567, 41.78474877], [3.04726186, 41.78472061], [3.04695886, 41.78441693], [3.04657888, 41.7843308], [3.04699972, 41.78434071], [3.04686354, 41.78407425], [3.04624753, 41.78409342], [3.0462473, 41.78394102], [3.04599385, 41.783925], [3.04650306, 41.7838259], [3.04628538, 41.78367899], [3.04671974, 41.78375015], [3.04664499, 41.78357067000001], [3.04620652, 41.78347051], [3.04662975, 41.78346277], [3.04650916, 41.78295203], [3.04822879, 41.78292205000001], [3.04867481, 41.78265805], [3.0469831, 41.78234819], [3.04807897, 41.78228127], [3.04839248, 41.78200263999999], [3.04816932, 41.78209163], [3.04652831, 41.78196260999999], [3.04652828, 41.78226595999999], [3.0468193, 41.78232565000001], [3.04663157, 41.78232059], [3.04651061, 41.78229308], [3.0463361, 41.78192062], [3.04624048, 41.78199542], [3.04545729, 41.78160924], [3.04435901, 41.781649479999984], [3.04413084, 41.78180647], [3.04360477, 41.78169687], [3.04401141, 41.78155693], [3.04400829, 41.78139508], [3.04430349, 41.78140631], [3.04448214, 41.78116206], [3.04420538, 41.78100545], [3.04462655, 41.78099961], [3.04470357, 41.78083322], [3.04459124, 41.78040012000001], [3.04374304, 41.78011177], [3.04402545, 41.780089140000015], [3.04363365, 41.77992104], [3.04375863, 41.77985416], [3.04358831, 41.779780549999984], [3.043632, 41.77961525], [3.04427122, 41.77946144], [3.04353369, 41.77926699], [3.04375582, 41.77926339], [3.04368204, 41.77905824], [3.04400251, 41.77909063], [3.04354645, 41.77891589], [3.04386075, 41.77872383], [3.04370517, 41.77856022999999], [3.04326259, 41.77856274], [3.04356369, 41.77860676], [3.04341804, 41.77871039999999], [3.04274064, 41.7786222], [3.04291005, 41.77878012], [3.0424518, 41.77892639], [3.04112902, 41.778402929999984], [3.04045164, 41.77833031], [3.04013747, 41.77874447], [3.03987759, 41.77880094], [3.03964702, 41.77838562], [3.03899128, 41.77829451], [3.03915057, 41.77824672], [3.03905814, 41.77802392], [3.03854992, 41.77810533], [3.03880238, 41.77832673], [3.03854462, 41.77849525], [3.03802225, 41.77786259], [3.03307789, 41.776667], [3.03284225, 41.77683027], [3.03293836, 41.77700020999998], [3.03440289, 41.7772653], [3.03400297, 41.77827862], [3.03421923, 41.77832648], [3.0344969, 41.77732193], [3.03728852, 41.77794263], [3.03796753, 41.77833205], [3.0374987, 41.77911717], [3.03756462, 41.780101160000015], [3.03640415, 41.78015216], [3.0364583, 41.77909129], [3.03618755, 41.77908913000001], [3.03616927, 41.78039389], [3.0359823, 41.78045069], [3.03573923, 41.77980488], [3.03587121, 41.77954777], [3.03555163, 41.77937746], [3.0358393, 41.7792955], [3.03551119, 41.77913095], [3.03557194, 41.77932738], [3.0348228, 41.77985596], [3.03473829, 41.78024013], [3.03443304, 41.78030697], [3.03306452, 41.78039761999999], [3.03267795, 41.7802837], [3.03264046, 41.7799074], [3.03253, 41.78015971], [3.03223388, 41.78020555], [3.03022903, 41.779779889999986], [3.02955848, 41.77940312], [3.02930632, 41.77898021], [3.02939801, 41.7787252], [3.03019021, 41.77858295], [3.02953871, 41.77852935], [3.02930938, 41.77832054], [3.0293856, 41.77736532], [3.02961264, 41.7775899], [3.0300232, 41.77757863], [3.02989905, 41.77738222], [3.02963746, 41.77739048], [3.0296363, 41.77721583000001], [3.0303047, 41.77717576], [3.02996788, 41.77687132], [3.0297431, 41.77686174], [3.03014231, 41.77677021], [3.02982165, 41.77653729], [3.02980149, 41.77613747], [3.03018714, 41.77614764], [3.02950527, 41.77592246], [3.02990747, 41.77581301], [3.02965652, 41.77567401], [3.03044219, 41.77528947], [3.03058579, 41.77489421], [3.03033515, 41.77464397], [3.03060188, 41.77431991], [3.03036041, 41.774102190000015], [3.03052831, 41.77369476], [3.03113383, 41.77382943], [3.0315531, 41.77371844], [3.03103168, 41.7733302], [3.03126681, 41.7728851], [3.03115645, 41.77282352000001], [3.03192245, 41.77290788], [3.03199648, 41.77250282], [3.03213563, 41.7723792], [3.03225469, 41.77250103], [3.03177387, 41.77149292], [3.03079069, 41.77160253], [3.03062546, 41.77179227], [3.03004745, 41.77179143], [3.02999863, 41.77132505999999], [3.030335, 41.77099711], [3.03003618, 41.77083407], [3.02811821, 41.77137237], [3.02782196, 41.77159807], [3.02807243, 41.77262039], [3.0278906, 41.77284895], [3.02760425, 41.77285775], [3.02777355, 41.77317512], [3.02741172, 41.77311333], [3.02738304, 41.77329384], [3.02718411, 41.7731921], [3.02725392, 41.77353796], [3.02698485, 41.77347038], [3.0265231, 41.77386986], [3.02620674, 41.77377004], [3.02604221, 41.77396292], [3.02543335, 41.77388749], [3.02451112, 41.77305048], [3.0241807, 41.77331338], [3.02354983, 41.77324109], [3.02353606, 41.77341646], [3.02317113, 41.77344401], [3.02254996, 41.77390511], [3.02207818, 41.773939339999984], [3.02103552, 41.77370941], [3.01937179, 41.77360035], [3.01881401, 41.77328223], [3.01694759, 41.77284307], [3.01698589, 41.77296393], [3.01579464, 41.77316469], [3.01526161, 41.77310721], [3.01293872, 41.77205016], [3.01233928, 41.77199492], [3.01255103, 41.77189753], [3.01163689, 41.77215874], [3.01080524, 41.77208524], [3.0099148, 41.7715675], [3.00851329, 41.77127371], [3.00723872, 41.77081048], [3.00647081, 41.77034350999999], [3.0057698, 41.76972206], [3.00548689, 41.76917985], [3.00485715, 41.76889228999999], [3.00454455, 41.76847483], [3.00401734, 41.76843765], [3.00389316, 41.76819986000001], [3.00409504, 41.76806339999999], [3.00369175, 41.767932], [3.00297493, 41.76795688], [3.00350932, 41.76736493], [3.00350221, 41.76710084], [3.00182858, 41.76701252], [3.00150603, 41.76683148], [3.00159072, 41.7666408], [3.00134228, 41.76653155000001], [3.00126083, 41.76623675], [3.00151768, 41.76613893], [3.00154654, 41.76544233], [3.00255447, 41.76540664], [3.00278929, 41.76516236], [3.00195028, 41.76504295], [3.0019066, 41.76493622], [3.00160019, 41.76518238], [3.00122989, 41.76519464], [3.00141877, 41.765332169999986], [3.00133624, 41.76545161], [3.00118995, 41.76539945999998], [3.00106243, 41.76559734], [3.00073086, 41.76564085], [3.00065796, 41.76585134], [3.00022076, 41.76586369], [2.99945585, 41.76535407], [2.9978221, 41.76510185], [2.99732393, 41.76468571], [2.99739794, 41.76436426], [2.99785365, 41.7642487], [2.99785294, 41.76394868], [2.99762798, 41.76382069], [2.9982455, 41.7635993], [2.99843595, 41.76328271], [2.99785849, 41.76340069], [2.99773, 41.763672519999986], [2.99753631, 41.76367612], [2.99745693, 41.76326404999999], [2.9977394, 41.7632228], [2.9978336, 41.76304176], [2.99758494, 41.7629008], [2.99721874, 41.7630313], [2.99717496, 41.76289709], [2.99694542, 41.76290934], [2.99652832, 41.76317846], [2.99578029, 41.76298343], [2.99541865, 41.76316184], [2.99495021, 41.7630223], [2.99409852, 41.76247094], [2.99421922, 41.76208139], [2.99347811, 41.76146419], [2.99241734, 41.76122031], [2.99181415, 41.76131196], [2.99148299, 41.76117223], [2.99124983, 41.76129642], [2.98867595, 41.76112047], [2.9870929, 41.76077389], [2.98655347, 41.76022494], [2.98626788, 41.76027949], [2.98634533, 41.76038596], [2.98606721, 41.7603254], [2.98601858, 41.76049203], [2.98588244, 41.76032592], [2.98580877, 41.7605464], [2.98444382, 41.76076032], [2.98354288, 41.760415499999986], [2.9831716, 41.76010876], [2.98330738, 41.75931354], [2.98296917, 41.75910525], [2.982088, 41.75957763000001], [2.98222987, 41.75941174], [2.98206706, 41.75919005], [2.98262421, 41.75893127], [2.9824735, 41.75888108], [2.98172155, 41.75927124], [2.98138257, 41.75964219], [2.98099811, 41.75960916], [2.9804222, 41.75900244], [2.98083365, 41.7588674], [2.98046974, 41.75893039000001], [2.98058899, 41.75840359], [2.98089428, 41.75845254], [2.9808586, 41.75829617999999], [2.98063258, 41.75826596000001], [2.98073082, 41.75799235], [2.98058582, 41.7581513], [2.98013833, 41.75814798], [2.97991148, 41.75808714], [2.97997553, 41.75789386], [2.979557, 41.75800755], [2.97936098, 41.75784701], [2.97883954, 41.75810261999999], [2.97826361, 41.75802577], [2.97705919, 41.75748485], [2.97613646, 41.75676094], [2.97589977, 41.75632486], [2.97598889, 41.75606007], [2.97616367, 41.75604444], [2.97592831, 41.75593783], [2.97603776, 41.75562973000002], [2.97585986, 41.75561852], [2.97608533, 41.75547599], [2.97582288, 41.755429], [2.97578571, 41.75512591], [2.97519642, 41.75512253999999], [2.97502006, 41.75486067], [2.97499939, 41.754516139999986], [2.97532891, 41.75436192], [2.97512405, 41.75439034], [2.97532777, 41.75421015], [2.97516534, 41.75400016], [2.97526246, 41.75387129], [2.97497855, 41.75397716], [2.97384164, 41.75362535999999], [2.97198784, 41.75355836], [2.97115124, 41.75308024000001], [2.97091622, 41.75319772999998], [2.97115163, 41.75307999], [2.97083527, 41.752784], [2.97109152, 41.75266518], [2.9707985, 41.75269131], [2.97073842, 41.75256943], [2.97094099, 41.75252247], [2.97083929, 41.75241075], [2.97107164, 41.75247241999998], [2.97110444, 41.75228373], [2.97068878, 41.75220833], [2.97105116, 41.75202269], [2.97084033, 41.751696309999986], [2.97067725, 41.75192235], [2.97072822, 41.75145562], [2.97059965, 41.75142496], [2.97047781, 41.75168091], [2.97002278, 41.75170682000002], [2.96953684, 41.75120797], [2.96983307, 41.75098297], [2.9695849, 41.75079726], [2.96970233, 41.75071479], [2.9694238, 41.75064104], [2.9696247, 41.750573], [2.96936347, 41.75053717], [2.96926622, 41.75067441], [2.96861993, 41.75049329], [2.96857512, 41.75014929], [2.9682745, 41.7499824], [2.96862018, 41.74998808], [2.96880357, 41.74980168], [2.96826071, 41.749655439999984], [2.96815611, 41.74957003], [2.96827985, 41.74937488], [2.96790467, 41.74922255], [2.96825496, 41.74912682], [2.96785991, 41.74900259], [2.96826441, 41.74898216], [2.96820399, 41.74858043], [2.96757162, 41.74850135], [2.9682133, 41.74824564], [2.96802667, 41.74816146], [2.96785316, 41.74831328], [2.96717016, 41.74800081], [2.96689419, 41.74811935000001], [2.96649085, 41.74800178], [2.96640015, 41.747575089999984], [2.96695549, 41.74727063000001], [2.96608648, 41.74666383999998], [2.96603557, 41.74649702], [2.96632693, 41.74637155], [2.965984, 41.74621436], [2.96594248, 41.74604033], [2.96538551, 41.74603764000001], [2.96538039, 41.74616852], [2.96507891, 41.74609394], [2.96513877, 41.74570755], [2.96484521, 41.74545806], [2.96495225, 41.74502359], [2.96475023, 41.7449648], [2.96456515, 41.74515668], [2.96421276, 41.74472532], [2.96284404, 41.7444335], [2.9621543, 41.74301214], [2.96178381, 41.74294555], [2.96203502, 41.74276666], [2.96149083, 41.74275882], [2.96166503, 41.74266169], [2.96138056, 41.74254334], [2.96167212, 41.7424775], [2.96151446, 41.74226074], [2.96088647, 41.7422263], [2.96125478, 41.74212248], [2.96080843, 41.74200497], [2.96117802, 41.74197258], [2.96000788, 41.74175745], [2.96006444, 41.74149789], [2.9596587, 41.74145657999998], [2.95942666, 41.74098147], [2.95907009, 41.74097161], [2.95896151, 41.74075342], [2.95868687, 41.7406982], [2.95891284, 41.740513280000016], [2.95850388, 41.74045026], [2.9588974, 41.74040699], [2.95815034, 41.74041744], [2.95790112, 41.740286110000014], [2.95818287, 41.74014012], [2.95783036, 41.73999128], [2.9583417, 41.7398152], [2.95805217, 41.73973295], [2.9577705, 41.73940832], [2.9578634, 41.73912419], [2.9576352, 41.73905096], [2.95780938, 41.73860248], [2.95759617, 41.73841541], [2.95771716, 41.73803427], [2.95835325, 41.73775907000001], [2.95998982, 41.7379089], [2.96025902, 41.73759726], [2.96005171, 41.73739453], [2.95963934, 41.73762208], [2.95941382, 41.73730621], [2.95951732, 41.7371779], [2.95887833, 41.73711624], [2.95885934, 41.73691655], [2.95858773, 41.73684863], [2.95819811, 41.737034389999984], [2.95831565, 41.73675909], [2.95755512, 41.73666514], [2.95843465, 41.73571629], [2.95739085, 41.73575825], [2.95684507, 41.73606203], [2.95664113, 41.73604691], [2.95662952, 41.73578795], [2.95644665, 41.73574402], [2.95639486, 41.73656869], [2.95520695, 41.73734284], [2.95432772, 41.73725008], [2.95367018, 41.73689854], [2.953587, 41.73652508], [2.95444099, 41.73589717], [2.95450041, 41.73554313], [2.95413786, 41.73536122], [2.95414086, 41.73520594], [2.95483353, 41.7351601], [2.95461549, 41.73468498], [2.95418802, 41.73449818], [2.95448875, 41.73434005], [2.95455119, 41.733781], [2.95476853, 41.73370723], [2.95448042, 41.73353049], [2.95449498, 41.73334774], [2.95439151, 41.73343579], [2.95469884, 41.73278308], [2.95470352, 41.7322776], [2.95439051, 41.73229504], [2.95415425, 41.73261054999998], [2.95414175, 41.73226125], [2.95382707, 41.73226086], [2.95375833, 41.73103208], [2.95357602, 41.73106263], [2.95348471, 41.73161851], [2.95330417, 41.73136281999999], [2.95307565, 41.73177831], [2.95284006, 41.73148927], [2.95255455, 41.73189663], [2.95270525, 41.7313515], [2.95233484, 41.73241049], [2.9519854, 41.73274919], [2.95194211, 41.73259407], [2.95172387, 41.73274178], [2.95162139, 41.73310491], [2.95084884, 41.732913], [2.9511777, 41.73228678], [2.95123417, 41.73139204000001], [2.95107011, 41.73114428], [2.9504892, 41.7310073], [2.95006822, 41.73118492], [2.94991834, 41.73093914], [2.9495823, 41.7310532], [2.94938387, 41.73093999000001], [2.94905717, 41.73124446], [2.94896276, 41.73096637], [2.94845992, 41.730794559999985], [2.94795068, 41.73112048], [2.94800754, 41.73083363], [2.94781381, 41.73086002], [2.94775496, 41.73062987], [2.94658761, 41.73024617], [2.94715983, 41.72996946], [2.94767133, 41.7302681], [2.94815441, 41.73032363], [2.94840364, 41.730212229999985], [2.9483799, 41.72966738], [2.94822296, 41.72970829], [2.94786541, 41.72936109], [2.94790435, 41.72907936], [2.94816918, 41.72900508], [2.94799507, 41.72870849000001], [2.94824299, 41.72857061000001], [2.94792397, 41.728308], [2.94745544, 41.72826869999999], [2.9478742, 41.72800453], [2.94783733, 41.72780069], [2.94757085, 41.72798944], [2.94735065, 41.727603299999984], [2.94650015, 41.7278397], [2.94660745, 41.72720466], [2.94627357, 41.72747328], [2.9461276, 41.72748132000001], [2.94614241, 41.72731352], [2.9458666, 41.72744588], [2.94558808, 41.72722094], [2.94558754, 41.72686534], [2.94547036, 41.72709244], [2.94501899, 41.72668132], [2.9453201, 41.72620301], [2.94526069, 41.72593673], [2.94511525, 41.72603042], [2.94477438, 41.72590065], [2.94461268, 41.72545922], [2.94447555, 41.72539557], [2.94457916, 41.72557324000001], [2.94420486, 41.72545902000001], [2.94424165, 41.7255928], [2.94390835, 41.72575548], [2.94357894, 41.72558905000001], [2.94325158, 41.725684819999984], [2.94323469, 41.72548125], [2.94290166, 41.72532706], [2.94273363, 41.72539867], [2.94259731, 41.72524278], [2.94257471, 41.72537085], [2.94214914, 41.72531786], [2.94173729, 41.72550725], [2.94124948, 41.72541648], [2.94109074, 41.7250572], [2.94128974, 41.72490859], [2.94100808, 41.72472776], [2.94076573, 41.72416803], [2.94055058, 41.72410162], [2.94047497, 41.72421542999999], [2.93997918, 41.72379031], [2.93963374, 41.72406575], [2.9395055, 41.72401803], [2.93996221, 41.72342398], [2.93927989, 41.72267865], [2.93932752, 41.7222811], [2.93985912, 41.72193425], [2.93974887, 41.72168253], [2.9394063, 41.72185601000001], [2.93951575, 41.72167952], [2.93926648, 41.72147187], [2.9390425, 41.72159974], [2.93923767, 41.72168028], [2.93886344, 41.72190751], [2.93729959, 41.72186595], [2.93662233, 41.72128570999998], [2.93563216, 41.72092532], [2.93540828, 41.72058932], [2.93488507, 41.72047228999998], [2.93392857, 41.71895324], [2.93370364, 41.71813877999998], [2.93396928, 41.71758923], [2.93446118, 41.71774101], [2.93503237, 41.71733969999999], [2.9347911, 41.71685958], [2.93495938, 41.71676546], [2.93427902, 41.71635264], [2.93488503, 41.71634451], [2.93516241, 41.71570427000001], [2.93510021, 41.71526883], [2.93422371, 41.71506413999999], [2.93389528, 41.71472528], [2.93378664, 41.71516251], [2.93365225, 41.71480359], [2.93317832, 41.71474351], [2.9331415, 41.71512368], [2.93284612, 41.71502659], [2.93267765, 41.71530319], [2.93282957, 41.71544983], [2.93261817, 41.7153908], [2.93270218, 41.71575599], [2.9323756, 41.7158375], [2.93157293, 41.71515788], [2.93191976, 41.71514017], [2.93103326, 41.71485285], [2.93114523, 41.71468764], [2.93095057, 41.71460916], [2.92945814, 41.71505681], [2.92940048, 41.71501804], [2.92943993, 41.71478199], [2.92953724, 41.71472242], [2.9292772, 41.71463823], [2.92911725, 41.71425668], [2.92897462, 41.71431766], [2.92897525, 41.71417408], [2.92878364, 41.7141709], [2.9286088, 41.71443803], [2.9288918, 41.71452558], [2.92857806, 41.71451277], [2.92831507, 41.71470239], [2.9279562, 41.71441628], [2.92828257, 41.71431092], [2.9281554, 41.71397542], [2.92751449, 41.71393025], [2.92723559, 41.71415282], [2.92712584, 41.71382668999998], [2.92637975, 41.71378352], [2.92609967, 41.71356662999999], [2.92619096, 41.71319947], [2.92605329, 41.71302185], [2.92579946, 41.71308095], [2.92553679, 41.71267609], [2.92456524, 41.71249901], [2.92430313, 41.7123422], [2.92453696, 41.71211556], [2.92421766, 41.71214111], [2.92429138, 41.7120038], [2.92374025, 41.71209143], [2.92387312, 41.71215809], [2.92325068, 41.71206175], [2.92330855, 41.71232939], [2.9228471, 41.71250264], [2.92275038, 41.71236405], [2.92264466, 41.71251296], [2.92252061, 41.71241054999999], [2.92251678, 41.71269806], [2.92222539, 41.71259968], [2.92232701, 41.7127689], [2.92196337, 41.7130722], [2.92124572, 41.71297227], [2.92126957, 41.71263704], [2.92106395, 41.71249333], [2.92093473, 41.71269302], [2.92045053, 41.71259649], [2.92044095, 41.71275753], [2.92016905, 41.71255603], [2.92014354, 41.71286838000001], [2.91959509, 41.71300995], [2.91955455, 41.71264801], [2.91912901, 41.71246559], [2.91932327, 41.71245762], [2.91911245, 41.71224571], [2.91859375, 41.71206358], [2.9183754, 41.71229302], [2.91837714, 41.71196219], [2.91811855, 41.71189193], [2.91783117, 41.7114892], [2.91740427, 41.71133829], [2.91785785, 41.71130331], [2.91782156, 41.7111008], [2.91749284, 41.71098005], [2.91731756, 41.71071179], [2.91627716, 41.71036597], [2.91575294, 41.71046719], [2.91551523, 41.71033587], [2.91567256, 41.71016341], [2.91543013, 41.71006064], [2.91584431, 41.7099969], [2.9148602, 41.7097311], [2.91524864, 41.70977048], [2.91525122, 41.70954539], [2.91548383, 41.70971652], [2.91567063, 41.70961775], [2.91542193, 41.70925107], [2.91521055, 41.70920813], [2.91531355, 41.70931116], [2.91516552, 41.70945165], [2.91498225, 41.70915023], [2.91389791, 41.70870159], [2.91392032, 41.70884338], [2.91334905, 41.70835575], [2.9129304, 41.70826509], [2.91301411, 41.70813762], [2.91276172, 41.70811446], [2.91250119, 41.70851282], [2.91246096, 41.7083104], [2.91222423, 41.70826329], [2.91260174, 41.70819918], [2.91207264, 41.70792253], [2.91177552, 41.70800499], [2.91206553, 41.70828659], [2.91171238, 41.70837828], [2.91174636, 41.70893126], [2.9111601, 41.70878903], [2.91105806, 41.70921796], [2.91006108, 41.70888879], [2.90971099, 41.70850958], [2.90945146, 41.70886399], [2.90916122, 41.708743970000015], [2.90928118, 41.7089161], [2.90877807, 41.70913583], [2.90851872, 41.70969992], [2.90771468, 41.7098678], [2.90750156, 41.70970496000001], [2.90733663, 41.71004683], [2.90699969, 41.71013537], [2.9067461, 41.71011048], [2.9065826, 41.709877789999986], [2.90653681, 41.71012049], [2.90630515, 41.70997421], [2.9062777, 41.71016919], [2.90580651, 41.71032787], [2.90560613, 41.71057973], [2.9048856, 41.71043349], [2.90435081, 41.71051609], [2.90338024, 41.71030208], [2.90319165, 41.71013475], [2.90166502, 41.70969832], [2.90160974, 41.7094521], [2.90137725, 41.70954378], [2.90112652, 41.70937612], [2.90131955, 41.70914985], [2.90120687, 41.70895042], [2.90099341, 41.70901527], [2.90086822, 41.70882295], [2.90045364, 41.70890537], [2.89986562, 41.70828445], [2.89969418, 41.70830618], [2.89984972, 41.708072129999984], [2.89949271, 41.70793032000001], [2.89915849, 41.70751210000001], [2.89901951, 41.7072224], [2.8991913, 41.70712779], [2.89896452, 41.70687746], [2.89957074, 41.70621804000001], [2.8998154, 41.70633202], [2.90001285, 41.70627301], [2.89999626, 41.7060416], [2.9002227, 41.70612638], [2.90032269, 41.70574735], [2.9001974, 41.70562007], [2.89968015, 41.70565537], [2.89974973, 41.705428539999986], [2.89988131, 41.70545334], [2.89977609, 41.70533128999998], [2.89920801, 41.70543302], [2.8993385, 41.70530353], [2.89914358, 41.70528417], [2.89945832, 41.70508179], [2.89912666, 41.70495819], [2.89892924, 41.70507213], [2.89894746, 41.70533831], [2.89846536, 41.705335], [2.89770845, 41.704911], [2.89787629, 41.70510525], [2.89752009, 41.70499721], [2.89726824, 41.70540311], [2.89714235, 41.70520322], [2.89715338, 41.70537599], [2.89697066, 41.70523568], [2.89680233, 41.70542729000001], [2.89661139, 41.70531768], [2.89692076, 41.70509989], [2.89681878, 41.70446066], [2.89618221, 41.70395082], [2.89542728, 41.70373216], [2.89530991, 41.70391994], [2.89501144, 41.70386617], [2.89520312, 41.7041072], [2.89492007, 41.70410342000001], [2.89496986, 41.70423578], [2.89470285, 41.70404890999998], [2.89472728, 41.70425403], [2.89431044, 41.7040381], [2.89430935, 41.70426364], [2.89355329, 41.70400345], [2.89346311, 41.70417117], [2.8932748, 41.70393798], [2.89294949, 41.704121059999984], [2.89301528, 41.70387919], [2.8925443, 41.70370356], [2.89248064, 41.70403794], [2.89219128, 41.70385805999999], [2.89211197, 41.70413577], [2.89188872, 41.70409809], [2.89173336, 41.70399382], [2.89188024, 41.70349388000001], [2.891371, 41.70369787], [2.89102462, 41.70355306], [2.89098287, 41.70336279], [2.89071316, 41.70357682], [2.89010015, 41.70352588], [2.88957673, 41.70316852], [2.8896862, 41.70296992999999], [2.89000002, 41.70289763000001], [2.89002972, 41.7024001], [2.88981302, 41.70246979], [2.88958883, 41.702277], [2.88948902, 41.702523519999986], [2.88926603, 41.70254303], [2.88871073, 41.70193117999999], [2.88883156, 41.7019068], [2.88834984, 41.70177627], [2.88809153, 41.70192688999999], [2.88756563, 41.701697049999986], [2.88780644, 41.70158587], [2.88749309, 41.70145775], [2.8874218, 41.70167349], [2.88714451, 41.70161567], [2.88711846, 41.70173697], [2.88642237, 41.70192021], [2.88630638, 41.70213248000001], [2.88576624, 41.70220833], [2.88574226, 41.70230819], [2.88582901, 41.70232377], [2.88593323, 41.70238062], [2.88608712, 41.70276736], [2.88552916, 41.70299027], [2.8858094, 41.70308548], [2.88579556, 41.70329704999999], [2.88531569, 41.70367217], [2.88425056, 41.70393762], [2.88409157, 41.70386216], [2.88402405, 41.7039754], [2.883896, 41.70373784], [2.88367385, 41.70402522], [2.88257704, 41.70412201], [2.88163799, 41.70385453], [2.88177889, 41.70324453], [2.8806633, 41.70297667], [2.88055423, 41.70320237], [2.88158542, 41.70341844], [2.88148058, 41.70363378], [2.88079476, 41.70344608], [2.88147368, 41.70366133], [2.88138175, 41.70384994], [2.88083804, 41.70370121], [2.88121855, 41.703837339999986], [2.88113706, 41.70403541000001], [2.88051692, 41.70387723], [2.88062893, 41.7036247], [2.87981431, 41.7029584], [2.8801857, 41.70243656], [2.8799293, 41.70226425], [2.88006437, 41.70201688], [2.87840834, 41.70154794], [2.87860227, 41.70151365], [2.87861519, 41.70128902], [2.87846872, 41.70133039], [2.87844267, 41.7014452], [2.87839504, 41.70146191], [2.87837517, 41.70116339], [2.87780679, 41.70148912], [2.87761477, 41.701343], [2.8779406, 41.70114951], [2.8776648, 41.70094601], [2.87747835, 41.70096743], [2.87733157, 41.70136431], [2.87707498, 41.7014224], [2.87674249, 41.70132288], [2.87686251, 41.70116187], [2.87669068, 41.70095092], [2.87644254, 41.70092804], [2.87643873, 41.70115997], [2.87617894, 41.70100873], [2.87545636, 41.70120467], [2.87557052, 41.70096718], [2.87514156, 41.7009732], [2.87469484, 41.70115394], [2.87473647, 41.70137863], [2.87447511, 41.70141599], [2.87439058, 41.7016191], [2.87366011, 41.70179006], [2.87346207, 41.70165302999999], [2.87346891, 41.70141263], [2.87327727, 41.70150331], [2.87312397, 41.70116843], [2.87167291, 41.70022783], [2.87159346, 41.70035204], [2.87131156, 41.70026417], [2.87139638, 41.70052169], [2.87105421, 41.70016291], [2.87059577, 41.7003075], [2.87023268, 41.70007327], [2.86992023, 41.70011831], [2.86967497, 41.69974685000001], [2.86978191, 41.69963518999999], [2.86945183, 41.6996658], [2.86890846, 41.69949522], [2.86887796, 41.69936296], [2.86855447, 41.6994632], [2.86824594, 41.69923406], [2.86809768, 41.69962354], [2.86775787, 41.6992979], [2.86767943, 41.69945265], [2.86756579, 41.69931354], [2.86729726, 41.69944716], [2.86733811, 41.69910485], [2.86678073, 41.69891397], [2.86631641, 41.69899972], [2.86653504, 41.69870175], [2.86609204, 41.69888057], [2.86555195, 41.69835428], [2.86521297, 41.69867823], [2.86527436, 41.69909155], [2.8648813, 41.69911793], [2.86483037, 41.69939483999999], [2.8646349, 41.69947486], [2.86429976, 41.69945105], [2.86431213, 41.69928641], [2.86388711, 41.6990828], [2.86364355, 41.69939695], [2.86285184, 41.69925928], [2.86276048, 41.69904426], [2.86236673, 41.69888679000001], [2.86203571, 41.69907519], [2.86186753, 41.69898347], [2.86180919, 41.699174349999986], [2.86088937, 41.69948129], [2.86009925, 41.6991685], [2.86015106, 41.69882909], [2.85961228, 41.6986091], [2.85956356, 41.69885044], [2.85988429, 41.69886875], [2.85928187, 41.69895403000001], [2.8593977, 41.69913252], [2.8590932, 41.69943983000002], [2.85916016, 41.69960069], [2.85875183, 41.6997951], [2.85856556, 41.699674899999984], [2.85855476, 41.69978027], [2.85833417, 41.69974847000001], [2.8583766, 41.69958036], [2.85812068, 41.69982216], [2.85753912, 41.69992745], [2.85700103, 41.69982833], [2.8570191, 41.69964956], [2.85551142, 41.69979611999999], [2.85334431, 41.69956459], [2.85000278, 41.69881665], [2.84627386, 41.69752001], [2.84515566, 41.69658555], [2.84525331, 41.69595887], [2.84556309, 41.69576996], [2.84497796, 41.695616589999986], [2.84502443, 41.69533311], [2.84527332, 41.69538001], [2.84516532, 41.694864649999985], [2.84498829, 41.69496782], [2.84503785, 41.69514983], [2.84466022, 41.69471454], [2.84443758, 41.69489754], [2.84464816, 41.69513309], [2.84417082, 41.69503544], [2.84427234, 41.69534407], [2.84385745, 41.69526289], [2.84365758, 41.6950251], [2.84359199, 41.695260009999984], [2.84332227, 41.69473435], [2.84318441, 41.69494132], [2.84316209, 41.69463307], [2.84274416, 41.69432193], [2.84300547, 41.69420087], [2.8427296, 41.69373599], [2.84261974, 41.69384375], [2.84240278, 41.69361845], [2.84198011, 41.69352969], [2.84197354, 41.69366065], [2.84180829, 41.69351829], [2.84173901, 41.69373869], [2.84121712, 41.69319322], [2.8412469, 41.69349716], [2.84105125, 41.69320542], [2.84065763, 41.693180369999986], [2.84063352, 41.69301587], [2.84033687, 41.69313939], [2.84040544, 41.69330827999999], [2.84002288, 41.69337819], [2.83904591, 41.69307382], [2.83879773, 41.69313436], [2.83871183, 41.69297986], [2.83891759, 41.69297041999999], [2.83844774, 41.69272396], [2.83819113, 41.69283736], [2.83836719, 41.69316997], [2.83796855, 41.69289244], [2.83799373, 41.69339354], [2.83698749, 41.69417277], [2.83675867, 41.69413002000001], [2.83653798, 41.69434002], [2.83530285, 41.69438086000001], [2.83388272, 41.69420417000001], [2.83105879, 41.69332321], [2.83016743, 41.69279299], [2.82967011, 41.69231182], [2.82950678, 41.69190706], [2.82957904, 41.69171208], [2.82998399, 41.69171997], [2.83017722, 41.69153714], [2.82997706, 41.6915209], [2.82998917, 41.69125674], [2.82969236, 41.691300439999985], [2.82956008, 41.69152065], [2.82946363, 41.69127352999999], [2.82902703, 41.6913316], [2.82834295, 41.69109027], [2.82808831, 41.69068709], [2.82796318, 41.69083462], [2.82813012, 41.69095953], [2.82796345, 41.69109565], [2.82773383, 41.69077177], [2.82780053, 41.69054273], [2.82763435, 41.69049618], [2.82738783, 41.69074054], [2.82700288, 41.69053676], [2.82661433, 41.69060066], [2.82663488, 41.69037605], [2.82641693, 41.69027467], [2.82627767, 41.69040362], [2.82583487, 41.69026577000001], [2.82576767, 41.69041113], [2.82556594, 41.6903548], [2.82558235, 41.69050759], [2.82537716, 41.69057519], [2.82516228, 41.69049452], [2.82514941, 41.69072058], [2.82427195, 41.69058846], [2.82378474, 41.69030164], [2.82395413, 41.69009771000001], [2.82354554, 41.69001944], [2.82361149, 41.69015645], [2.82342566, 41.69017598], [2.82294808, 41.6900178], [2.82247824, 41.68962185], [2.82222628, 41.68961101], [2.82181662, 41.68892205], [2.82112066, 41.68869336], [2.8209602, 41.68875219000001], [2.8210419, 41.68884437], [2.81988697, 41.68907207], [2.8194079, 41.68893558], [2.81801564, 41.68775426], [2.8179264, 41.6867182], [2.81737025, 41.68678037], [2.81690128, 41.68660444000001], [2.81653704, 41.686237], [2.81656629, 41.68605114], [2.81679043, 41.68599367], [2.81669134, 41.68580778], [2.81645006, 41.68564175], [2.81642913, 41.68577359], [2.81617831, 41.6857504], [2.81597061, 41.68551948], [2.81632058, 41.68507428], [2.81608189, 41.68458688], [2.8165273, 41.6847163], [2.81619592, 41.68403645], [2.81637185, 41.68411573], [2.81642011, 41.68400123], [2.81609118, 41.68368897], [2.81598715, 41.68380716], [2.8161507, 41.68396711], [2.81589985, 41.68378864], [2.8157572, 41.68387115], [2.81565681, 41.68369133999999], [2.81576638, 41.683360229999984], [2.81590229, 41.68347988], [2.81595158, 41.68330198000002], [2.81615134, 41.68336472], [2.81608701, 41.68312827], [2.8158239, 41.68324764], [2.81599572, 41.68307723], [2.8156335, 41.68271466999999], [2.81613835, 41.68246949000001], [2.8157454, 41.68248849], [2.81573932, 41.68221692], [2.81499395, 41.68224463], [2.81501434, 41.68242589], [2.8147796, 41.68232752], [2.81486242, 41.68252472], [2.81430012, 41.68256255999999], [2.81389884, 41.68230394], [2.81368836, 41.68191765], [2.81343496, 41.68208576], [2.81332629, 41.68172899], [2.81301311, 41.68166985], [2.8132997, 41.68153196], [2.81296194, 41.68132983], [2.81289154, 41.68145087], [2.8128243, 41.681231979999986], [2.8126954, 41.68151351], [2.81234388, 41.68116661], [2.8122342, 41.68136936], [2.81143965, 41.68107939], [2.8112485, 41.68078724], [2.81156017, 41.68076574], [2.8116683, 41.68058220000001], [2.81155636, 41.68048447000001], [2.8114465, 41.68062481], [2.81147931, 41.6804754], [2.81126338, 41.68038473], [2.81127848, 41.68056202], [2.81108949, 41.68054087], [2.81074825, 41.67993124], [2.81076887, 41.68025215], [2.81056282, 41.68012724], [2.810093, 41.68028667], [2.81016607, 41.68005516], [2.81011811, 41.67996851], [2.80996412, 41.68011072], [2.80979198, 41.67979181], [2.80964236, 41.6799678], [2.80969635, 41.67978994], [2.80942774, 41.67952702], [2.80913089, 41.67931739], [2.80883786, 41.67935355999999], [2.80867987, 41.67906804], [2.80829465, 41.678957729999986], [2.80831566, 41.67924866], [2.80757137, 41.67896126], [2.80719672, 41.67803974], [2.80790174, 41.67775404], [2.80710776, 41.67693216], [2.80675594, 41.67682528999999], [2.80676608, 41.67668948], [2.80648324, 41.67653588000001], [2.80627715, 41.67659228], [2.80573058, 41.67608858], [2.80485708, 41.67563848], [2.80502825, 41.67588557], [2.80450717, 41.67565878], [2.80455669, 41.67596817], [2.80409143, 41.67583732], [2.80422791, 41.67599383], [2.80393907, 41.67596325], [2.80374687, 41.67611476], [2.80346668, 41.67612131], [2.80306023, 41.67585085], [2.8029475, 41.67558668], [2.80327381, 41.67542528], [2.80366801, 41.6746254], [2.80339392, 41.67456558], [2.80338825, 41.67441695], [2.80355787, 41.67442102], [2.80285923, 41.67357018], [2.8019094, 41.67412473], [2.8015551, 41.67413069], [2.80136514, 41.67404927], [2.80121147, 41.67274038], [2.80099691, 41.67244563], [2.79932706, 41.67153251], [2.79849887, 41.67183359], [2.79830995, 41.6717832], [2.79657394, 41.67246087], [2.79658388, 41.67259364], [2.79738301, 41.67236698], [2.79763033, 41.67254428], [2.79760782, 41.67237385], [2.79920632, 41.671770469999984], [2.80046594, 41.67244939], [2.80011677, 41.6728071], [2.80027893, 41.67289709], [2.79991413, 41.67327586], [2.79879748, 41.67256849], [2.79843772, 41.672939], [2.79856641, 41.67300908], [2.79877324, 41.67280032], [2.80091593, 41.67396832], [2.79924363, 41.6756534], [2.79818586, 41.6752592], [2.7982778, 41.67509196], [2.79807573, 41.67499061], [2.79748789, 41.67546372], [2.79614565, 41.67472495], [2.79586328, 41.67500779], [2.79552519, 41.67482093999999], [2.79648947, 41.67384961], [2.79796051, 41.67466772], [2.79810975, 41.67451451], [2.79750283, 41.67417382], [2.79771856, 41.67396157], [2.79756309, 41.67387193], [2.79734599, 41.67409346], [2.79673228, 41.67374534], [2.79687009, 41.67357882], [2.79747305, 41.6734635], [2.79748065, 41.67331993], [2.79672018, 41.6734449], [2.79647983, 41.67368964], [2.79571567, 41.67359594], [2.79598597, 41.67376002], [2.79560389, 41.67415919], [2.79484218, 41.6741582], [2.79415732, 41.67394848], [2.79403578, 41.67370866999999], [2.7935319, 41.67368219], [2.79255708, 41.67313217000002], [2.79180106, 41.67257471], [2.7912524, 41.67190628], [2.79106851, 41.67152457999999], [2.79114781, 41.67096187], [2.79157791, 41.67080241], [2.79196632, 41.670980280000016], [2.79205085, 41.67073021], [2.79216095, 41.67078554], [2.79174587, 41.67023571], [2.79150182, 41.67007025999999], [2.79134348, 41.6702584], [2.79147387, 41.67057893], [2.79095417, 41.67080965999999], [2.79040685, 41.67081037], [2.78975922, 41.67062932], [2.78897498, 41.670049179999985], [2.78763138, 41.66842217], [2.78515206, 41.66455889], [2.78220765, 41.65835668], [2.77871108, 41.651602], [2.77777471, 41.65038894], [2.777624586116067, 41.65068385115637], [2.77667828, 41.64986778], [2.77469182, 41.64880619], [2.77265841, 41.64807215], [2.77240289, 41.64786187], [2.77152432, 41.64782986], [2.76908562, 41.64704821], [2.75521502, 41.64478734], [2.75047289, 41.64359972], [2.74618646, 41.64233536], [2.74186629, 41.64080874], [2.73669134, 41.63835929], [2.73120927, 41.63666621], [2.7285188, 41.63535393], [2.72437581, 41.63277512], [2.72180877, 41.63097271], [2.71920979, 41.62953722], [2.71904193, 41.62926506], [2.71814854, 41.62920144000001], [2.71788918, 41.62907406999999], [2.71793815, 41.62896728000001], [2.71768546, 41.629072849999986], [2.71686275, 41.62901444], [2.71652608, 41.62875168], [2.71624942, 41.62884747], [2.71579158, 41.62875536], [2.71559929, 41.62853106], [2.71539869, 41.62874791], [2.71497565, 41.62863354999999], [2.71490057, 41.62875334], [2.71434861, 41.62874395], [2.71104445, 41.62812086], [2.70513763, 41.62608554], [2.70130719, 41.62407793], [2.70021033, 41.62366966], [2.6840579, 41.6187778], [2.68065806, 41.61739453], [2.67310475, 41.6154253], [2.66526198, 41.61286431], [2.6519486, 41.609507], [2.64811517, 41.60798621], [2.64432369, 41.60670523], [2.64381569, 41.60636201], [2.64188691, 41.60578235], [2.6399634, 41.60499237], [2.6398005, 41.60480042], [2.63960757, 41.60480136], [2.63958986, 41.60497868], [2.6393438, 41.60507887], [2.63753909, 41.60505383], [2.63472842, 41.60423672], [2.63353291, 41.6041963], [2.63180821, 41.60372947], [2.62620974, 41.60091022], [2.62546317, 41.60027593], [2.62526372, 41.60025718], [2.62538001, 41.60056858], [2.62487077, 41.60072491], [2.62332434, 41.60056418], [2.61982872, 41.59856468], [2.61867693, 41.59812149], [2.61537294, 41.59754217], [2.6128656, 41.59661192], [2.61249845, 41.5962304], [2.61186236, 41.59626595000001], [2.61082577, 41.59597061], [2.60874637, 41.595001490000016], [2.60656277, 41.59465061], [2.60567379, 41.59431646], [2.60416759, 41.59401858], [2.60174718, 41.59310552999999], [2.59927704, 41.59187656999999], [2.59658268, 41.59110486], [2.5943231, 41.59016329], [2.59221397, 41.58958131], [2.5867267, 41.58745339], [2.58328382, 41.58635679], [2.57838833, 41.58435043], [2.57187175, 41.58228513], [2.56876707, 41.58088897], [2.56223655, 41.57754877], [2.56139607, 41.57561351], [2.56057506, 41.57498292], [2.55799863, 41.57434695], [2.55652695, 41.57447063], [2.55657755, 41.57471852], [2.55788294, 41.57462042], [2.56010678, 41.57536592], [2.5597802, 41.57538513], [2.55994325, 41.5754233], [2.55986883, 41.5755993], [2.56037403, 41.57574255], [2.56131686, 41.57833071000001], [2.56150126, 41.57829178], [2.56109712, 41.57717675], [2.56165262, 41.57703638], [2.56211138, 41.57805982], [2.56192633, 41.57814154], [2.56284997, 41.57932068], [2.56174533, 41.57986007], [2.55941824, 41.57960807], [2.55815857, 41.57923331], [2.55819688, 41.57891108], [2.55782756, 41.57888858], [2.55719132, 41.57949863], [2.55543639, 41.57936414], [2.55531108, 41.57909379], [2.55643581, 41.57802645000001], [2.55968557, 41.57784754], [2.55980676, 41.57759904], [2.55966313, 41.57723477], [2.55645308, 41.577483829999984], [2.55632819, 41.57659234], [2.55846561, 41.57642376], [2.55848926, 41.57665047], [2.55896549, 41.57661348], [2.55891506, 41.57610969000001], [2.55610966, 41.57632452], [2.55586287, 41.57654137], [2.55595322, 41.57732607], [2.55531253, 41.57751914], [2.5536645, 41.57764768], [2.55196199, 41.57754224], [2.5493238, 41.57693521], [2.54709555, 41.57595033], [2.54479413, 41.57529866], [2.54086419, 41.57385188], [2.53917165, 41.57311756], [2.53869246, 41.57272627], [2.53877869, 41.57260997], [2.5384207, 41.57260205], [2.53836463, 41.57247473], [2.53818191, 41.57262075], [2.53707716, 41.57229763], [2.53379538, 41.57083812], [2.53328338, 41.57031687], [2.53176857, 41.5696265], [2.53163637, 41.56906195], [2.53126615, 41.56928628], [2.53094935, 41.56925447], [2.52882979, 41.56829656], [2.52802718, 41.56770559], [2.52821856, 41.56727858], [2.5274526, 41.56698756], [2.52767751, 41.56717638], [2.52742053, 41.56743259999999], [2.52626722, 41.56736645], [2.5259568, 41.56717443], [2.52596068, 41.56697802], [2.52506214, 41.56686439], [2.52338049, 41.56616671], [2.52295175, 41.56569242], [2.52165045, 41.56534599], [2.52000566, 41.56444871], [2.5190611, 41.56425202], [2.5179881, 41.563512], [2.51715711, 41.56332453], [2.51608554, 41.56278805], [2.51574304, 41.56244031], [2.51422868, 41.56205999], [2.51306761, 41.56124391], [2.50946744, 41.55940211], [2.50955455, 41.55867182], [2.5091977, 41.558065], [2.50842696, 41.55748002], [2.50783502, 41.55724545], [2.50687981, 41.55594340999998], [2.50582073, 41.5554204], [2.50560278, 41.55544477], [2.50559559, 41.555648040000015], [2.50691979, 41.55631557999999], [2.50732538, 41.55697494000001], [2.50734687, 41.55712897], [2.50699034, 41.55722562], [2.50694918, 41.55738749], [2.50819864, 41.55768341], [2.50901732, 41.55835192], [2.50918258, 41.55895324], [2.50856464, 41.55966353], [2.50774338, 41.55968181], [2.50772753, 41.55872012], [2.50764768, 41.55936561], [2.50650434, 41.55931882], [2.50647785, 41.5582916], [2.50780876, 41.5582702], [2.50781323, 41.55842652], [2.50810094, 41.55842179000001], [2.50809098, 41.55807630000001], [2.50589521, 41.55811175], [2.50539747, 41.55878128], [2.50490299, 41.558519289999985], [2.5052205, 41.55847806], [2.50447189, 41.55807716], [2.50472181, 41.55780937], [2.50544219, 41.55815313], [2.50474754, 41.55778586999999], [2.5048788, 41.55743076], [2.50577542, 41.55783567000001], [2.50483646, 41.55733922], [2.50498129, 41.55718465999998], [2.50417349, 41.55798805], [2.50254182, 41.55711765], [2.50358243, 41.55601047], [2.50372968, 41.55609036], [2.50383593, 41.55597985], [2.50598666, 41.5571262], [2.50622964, 41.55701231], [2.50610743, 41.55679390000001], [2.50361914, 41.55563241], [2.50249745, 41.55586652], [2.50251294, 41.55602034], [2.50280732, 41.55595938], [2.50292889, 41.55621346], [2.50229195, 41.55637716], [2.50213237, 41.55596727], [2.5018347, 41.55600354], [2.50178415, 41.55624544], [2.50098988, 41.55620632], [2.49886558, 41.55530139999998], [2.49849486, 41.55493705], [2.49855803, 41.55455245], [2.49778993, 41.55472987], [2.49584719, 41.55343503], [2.4931784, 41.55234846], [2.49185255, 41.5520895], [2.49078891, 41.55204886], [2.4832402, 41.54996322], [2.47823784, 41.54877292], [2.47018504, 41.54659569], [2.4679132, 41.54571725], [2.46451139, 41.54395323], [2.46127008, 41.54251952], [2.45922948, 41.54122973], [2.45534759, 41.53811441], [2.45484276, 41.53751457], [2.45499658, 41.53715608], [2.45451079, 41.53656064], [2.45431873, 41.53650407], [2.45427644, 41.536752769999985], [2.45395608, 41.53684751], [2.45336134, 41.53669309], [2.45003081, 41.53428755], [2.4481188, 41.53216924], [2.44935379, 41.53063436], [2.44945089, 41.53026624], [2.44928633, 41.52979716], [2.44442046, 41.52613398], [2.4439514, 41.52622277], [2.44397362, 41.52655345], [2.44459093, 41.52667604], [2.44626075, 41.52794126], [2.44554346, 41.52853256], [2.44634936, 41.52800844], [2.44876718, 41.529840249999985], [2.44774674, 41.53060161], [2.44820563, 41.53095051], [2.4467645, 41.53202474], [2.44439362, 41.53023778], [2.4454181, 41.52946969], [2.44477048, 41.52988705], [2.44465019, 41.52979747], [2.44431192, 41.52994003], [2.44457669, 41.52973935], [2.44444916, 41.52964428], [2.44512251, 41.52924553], [2.44477937, 41.52898987], [2.44461045, 41.52911786], [2.44475303, 41.52922412], [2.443894, 41.52986102], [2.44308477, 41.52924559], [2.44440776, 41.52826316], [2.44458246, 41.52839606], [2.44495003, 41.52812302], [2.44469542, 41.52784418], [2.44237133, 41.529537849999976], [2.44237335, 41.52938598999999], [2.44209174, 41.52944714], [2.44176219, 41.52931133], [2.44133407, 41.5288605], [2.44223529, 41.52802918], [2.44119752, 41.5286841], [2.44005684, 41.52860433], [2.43958088, 41.52836346], [2.43707805, 41.52677742], [2.43698353, 41.52655025], [2.43716074, 41.5262119], [2.43666636, 41.52653761], [2.43536709, 41.52598242], [2.43166182, 41.52373638], [2.42860832, 41.5216682], [2.42383471, 41.51912593], [2.42391218, 41.51901487], [2.42161422, 41.51790054], [2.41876255, 41.51675524999999], [2.41745203, 41.51602939], [2.40879608, 41.50993433], [2.4056235, 41.50810028], [2.40137656, 41.50531790999999], [2.39972464, 41.50443572], [2.39951532, 41.50400541], [2.39930498, 41.50397323], [2.39934637, 41.50421965], [2.39895194, 41.50429423], [2.39847032, 41.50418694], [2.39821457, 41.50396528999999], [2.3979518, 41.50409408], [2.39728434, 41.503910900000015], [2.38981175, 41.50001704], [2.38946906, 41.49974567], [2.3895045, 41.49949585000001], [2.38908421, 41.49881986], [2.38883386, 41.4988769], [2.3890683, 41.49923181], [2.38884252, 41.49938322], [2.38781643, 41.49931079], [2.38565273, 41.49834187], [2.3797811, 41.49516007], [2.37729991, 41.49436529], [2.37592181, 41.49373793], [2.37403539, 41.49251591], [2.37309132, 41.49169885], [2.37056152, 41.49034143], [2.37025787, 41.48996536], [2.37079642, 41.48908704999999], [2.37062788, 41.48875204], [2.36711902, 41.48738816], [2.36567921, 41.48725899], [2.3649136, 41.48752067], [2.36473151, 41.48773007], [2.36498423, 41.48784379], [2.36508569, 41.48766033], [2.36573788, 41.48743379000001], [2.36674231, 41.4875085], [2.3704275, 41.48893488], [2.36971411, 41.49037062], [2.3662993, 41.489320519999985], [2.36636422, 41.48920801], [2.365752, 41.48897841], [2.36528205, 41.48909448], [2.36580374, 41.488137], [2.36478614, 41.48852654], [2.36432545, 41.48931046], [2.363355, 41.48938762], [2.36164775, 41.48922906], [2.36133396, 41.48912596], [2.36127613, 41.48893982], [2.36073888, 41.48899835], [2.3566099, 41.48800011], [2.35456315, 41.48727822], [2.35457054, 41.48692058], [2.35421243, 41.48717262], [2.35176853, 41.48653736], [2.35061643, 41.48602576], [2.35082515, 41.48566737], [2.35071351, 41.48555929], [2.3502741, 41.4859871], [2.34945306, 41.4858877], [2.34556369, 41.48466323], [2.34116725, 41.48352634], [2.32937474, 41.48102961], [2.32154925, 41.47787797], [2.31700384, 41.4763048], [2.31625769, 41.47573809], [2.31438625, 41.47524433], [2.31296997, 41.47390873], [2.31229407, 41.47358646], [2.31118548, 41.47342229], [2.3109837, 41.47357817], [2.31114052, 41.47373178], [2.31140835, 41.4736607], [2.31218264, 41.47384052], [2.31281085, 41.47415422000001], [2.31339772, 41.47473123], [2.31314122, 41.47532824], [2.31331529, 41.47521029], [2.31325935, 41.4753584], [2.31632538, 41.47620346], [2.31661069, 41.47656671], [2.31667588, 41.47769212], [2.31609057, 41.47775908], [2.31486526, 41.47747959], [2.31536166, 41.47644849], [2.31519402, 41.47641029], [2.31479104, 41.47746447], [2.31320333, 41.47710271], [2.31308149, 41.47683373999998], [2.31288032, 41.47687488], [2.31306103, 41.47678677999998], [2.31294754, 41.47648877], [2.31391729, 41.47628478], [2.3141093, 41.47639644], [2.31414612, 41.47608473], [2.31329791, 41.47589259], [2.3125283, 41.47602608], [2.31213241, 41.47656424], [2.31093532, 41.47629181], [2.3112822, 41.47542972], [2.31111445, 41.47539151], [2.31076784, 41.47637512], [2.30905258, 41.4759848], [2.30899993, 41.47611554], [2.30852487, 41.47600739], [2.30911424, 41.47454264000001], [2.30934208, 41.47459445], [2.30941023, 41.47442507], [2.31115843, 41.47482287], [2.31110652, 41.47495199], [2.31145552, 41.47503146], [2.31152514, 41.47485866], [2.31238323, 41.47502106], [2.31228618, 41.47475206], [2.30997348, 41.47422254], [2.30900875, 41.47416819999999], [2.30871485, 41.47441593], [2.30852453, 41.47517221], [2.30742786, 41.47509375], [2.30726229, 41.47540549], [2.30442455, 41.47494309], [2.29691872, 41.47252512], [2.2965134, 41.47225269], [2.2888068, 41.46941366], [2.28642029, 41.46834937], [2.28473742, 41.46738539], [2.28312318, 41.46685582], [2.27995701, 41.46485661], [2.27985779, 41.464461519999986], [2.27916448, 41.46476136], [2.27853664, 41.46453521], [2.27819127, 41.46454691], [2.27791516, 41.46473507], [2.27701472, 41.46449902], [2.27650089, 41.46421559999999], [2.27630011, 41.46383524], [2.27588301, 41.46379523], [2.27586746, 41.46360986], [2.27278341, 41.46192727], [2.27234331, 41.462006729999985], [2.27151993, 41.46163455], [2.26997759, 41.46061486], [2.26802107, 41.45954757], [2.26752929, 41.45963078], [2.26588441, 41.45876798], [2.26219785, 41.45615142], [2.25725202, 41.45226746], [2.25091814, 41.44623824], [2.24711397, 41.44162205], [2.24702077, 41.44109954], [2.24590371, 41.43982614], [2.24501111, 41.43844088], [2.24481402, 41.43773422], [2.24562795, 41.4374669], [2.24441078, 41.43765987], [2.24432201, 41.43757381], [2.2442705, 41.43742305], [2.24491264, 41.4372708], [2.24499301, 41.43713153], [2.24278644, 41.43118544], [2.24255527, 41.43132406999999], [2.24269293, 41.43202234000001], [2.24357879, 41.43427436], [2.24327943, 41.43435931], [2.24360358, 41.43434415], [2.24434623, 41.436434879999986], [2.24164484, 41.43697827], [2.24083673, 41.43600536000002], [2.24036161, 41.43466489], [2.24271811, 41.43419186], [2.24251542, 41.43361981], [2.23994803, 41.43413522], [2.23982172, 41.433779309999984], [2.24041414, 41.43366045], [2.24045546, 41.43347292], [2.24051583, 41.43364365], [2.24077701, 41.43359124], [2.24050504, 41.43282363], [2.24182554, 41.43255851], [2.24209694, 41.43332458], [2.24239327, 41.4332651], [2.24203376, 41.432150489999984], [2.241191, 41.43223958], [2.24035234, 41.43172407], [2.24034257, 41.43118554], [2.24106984, 41.43072889], [2.24017332, 41.43112542], [2.24093216, 41.43056819000001], [2.2401051, 41.43085742], [2.2396026, 41.43061067], [2.23804952, 41.42795039], [2.23829565, 41.42767819], [2.23779205, 41.42729897], [2.23741682, 41.4261565], [2.23673769, 41.42523323999998], [2.23672797, 41.42456103], [2.23643685, 41.42451623], [2.23603666, 41.42416929999999], [2.23438369, 41.42207844], [2.23370023, 41.4204989], [2.23389055, 41.42019003], [2.23348943, 41.41999422], [2.23296242, 41.41899241999999], [2.23313856, 41.41858313], [2.23365517, 41.41829653], [2.23354071, 41.4181285], [2.23315164, 41.41826266], [2.23278657, 41.41792671], [2.23189974, 41.41581213], [2.23199764, 41.41518014], [2.23227087, 41.41484381], [2.23297668, 41.41500113], [2.23308091, 41.41489385], [2.23333947, 41.41520567], [2.23346779, 41.41508988], [2.22967883, 41.40920845], [2.2297629, 41.40895914], [2.22949188, 41.40879898], [2.22916199, 41.4089026], [2.22916574, 41.40932427], [2.22945977, 41.40930344], [2.23293122, 41.41466503], [2.23275062, 41.4147493], [2.22997992, 41.41355018], [2.23070162, 41.41267219], [2.23055892, 41.41260737], [2.22987027, 41.41350324], [2.22864721, 41.41297459], [2.22858608, 41.41305947999999], [2.22924049, 41.41333545], [2.22748739, 41.41546089], [2.22655269, 41.41441732], [2.22642203, 41.41393255], [2.22613923, 41.41387679], [2.22608707, 41.41400758000001], [2.22502762, 41.41323428], [2.225529, 41.41285862], [2.22603289, 41.41361206], [2.22672349, 41.41352474], [2.22660736, 41.41379229], [2.22676654, 41.41384993], [2.22683191, 41.41351322], [2.22755503, 41.41330721], [2.22794024, 41.41302002], [2.22781025, 41.41292268], [2.22804259, 41.41294523], [2.22791122, 41.41284373], [2.22804221, 41.41274472], [2.22817585, 41.41284358], [2.22928774, 41.41200977], [2.22882148, 41.41185667], [2.22955616, 41.41179341], [2.22871294, 41.41049248], [2.22899405, 41.41038645], [2.22890778, 41.41023491], [2.22844883, 41.41000115], [2.22808574, 41.4100987], [2.2279567, 41.410296], [2.22825699, 41.41035908], [2.22847667, 41.41070212], [2.22795472, 41.41088769], [2.22762966, 41.41039018], [2.22728148, 41.41049206], [2.22674602, 41.4096677], [2.22679736, 41.40937395], [2.22611826, 41.40853664], [2.22626624, 41.40853818], [2.22589352, 41.40804639], [2.22607247, 41.40788807], [2.22586874, 41.40775546], [2.22582866, 41.40794678000001], [2.22541725, 41.40731889], [2.2258212, 41.40707399], [2.22622088, 41.40741014], [2.22604954, 41.40718938], [2.22613757, 41.40662692], [2.22585943, 41.40662441], [2.22499879, 41.40730418], [2.22474891, 41.40690752], [2.22572176, 41.4063094], [2.22580786, 41.40602029], [2.22549172, 41.40596412], [2.22475404, 41.40650663], [2.22434865, 41.40617837], [2.22372305, 41.40641014], [2.22190906, 41.40508622], [2.22176869, 41.40517904], [2.22189042, 41.40529507], [2.22152658, 41.405569110000016], [2.22090775, 41.40516105], [2.22174188, 41.40448834], [2.22164355, 41.404387509999985], [2.22191597, 41.40402536], [2.22007547, 41.40531755], [2.21859388, 41.40471786], [2.21798687, 41.40431606], [2.21685401, 41.40313215], [2.2183415, 41.40206767], [2.21814161, 41.40204659], [2.21695886, 41.40283895], [2.2166669, 41.402785409999986], [2.21579022, 41.40232662], [2.21513277, 41.40176759], [2.21415559, 41.40036700999998], [2.21411235, 41.40013387], [2.2156854, 41.39894552], [2.21565452, 41.39878786], [2.21544387, 41.3989654], [2.21529951, 41.39885408], [2.21554179, 41.39860225999998], [2.21518919, 41.39871632], [2.21428421, 41.39948971], [2.2135355, 41.39931267], [2.21239015, 41.39869557], [2.21080074, 41.39676886], [2.21060597, 41.39612431], [2.21159037, 41.39533138], [2.21195091, 41.39528016], [2.21192007, 41.39507008], [2.21165179, 41.394988969999986], [2.21130852, 41.39535169], [2.21101643, 41.39516297], [2.21155591, 41.39486527], [2.21138821, 41.394657489999986], [2.21137516, 41.39478013], [2.21113423, 41.39470889], [2.21100594, 41.39498058], [2.20987446, 41.39580106], [2.20887392, 41.39549775], [2.20773585, 41.39465051], [2.20541679, 41.39187191], [2.2053101, 41.39156717], [2.20598361, 41.39099066], [2.20635387, 41.3908662], [2.20635116, 41.39069621], [2.20603999, 41.39062308000001], [2.20487087, 41.39170510000001], [2.20449582, 41.39144517], [2.20582527, 41.39064339999999], [2.20589936, 41.39030487], [2.20460401, 41.39121442], [2.20332114, 41.39081561], [2.20206567, 41.39003844], [2.20130438, 41.38878843], [2.20275901, 41.38768818], [2.20338914, 41.38816481], [2.20308382, 41.38780951], [2.20361659, 41.38741326], [2.20275929, 41.38614799], [2.20166688, 41.38499006], [2.200427, 41.38403143], [2.19951799, 41.38364652], [2.19974385, 41.38357297], [2.20058248, 41.38400241999999], [2.20066816, 41.38381332], [2.19974962, 41.38332683], [2.19930094, 41.38338082], [2.19885369, 41.38365973], [2.19939496, 41.3838768], [2.19945009, 41.38404292], [2.20002763, 41.38410215], [2.20065479, 41.38450392], [2.20172628, 41.38543409], [2.20273833, 41.38661083], [2.20253401, 41.3866331], [2.20240394, 41.38686288000001], [2.20120152, 41.38597703], [2.20141, 41.38581931], [2.20117428, 41.38564248], [2.20098643, 41.38570648], [2.20112816, 41.38559919], [2.20084515, 41.3853869], [2.20030276, 41.38578676], [2.20020105, 41.3858692], [2.20195607, 41.38719152], [2.20045321, 41.38832595], [2.20033148, 41.38823548], [2.20021099, 41.38832742], [2.19830709, 41.3868953], [2.1983093, 41.38671562], [2.19948476, 41.38582926], [2.19928559, 41.38567582999998], [2.19941551, 41.38557513], [2.19958706, 41.38569901], [2.19998287, 41.38518806], [2.199092, 41.38463853], [2.19867412, 41.38495999000001], [2.19836153, 41.38483926], [2.19822262, 41.38474597], [2.19830314, 41.38433498], [2.1981469, 41.38463042], [2.19788287, 41.38461633], [2.19670626, 41.38416837], [2.19608749, 41.38370917], [2.19542105, 41.382896809999984], [2.19518304, 41.38220931], [2.19532241, 41.38169136], [2.19552596, 41.38158451], [2.19577159, 41.38167342], [2.19720392, 41.38124088], [2.19732514, 41.38108923], [2.19708712, 41.38092598], [2.195722, 41.38144699], [2.19540859, 41.38102586], [2.19678131, 41.38053841], [2.19689226, 41.38026878], [2.19664387, 41.38022948], [2.19659043, 41.38039287], [2.19463296, 41.38109641], [2.19358785, 41.3802454], [2.19279222, 41.37898705], [2.1925718, 41.37770138], [2.19278219, 41.37723873], [2.19307222, 41.377045319999986], [2.19207041, 41.37670854], [2.19133829, 41.37604831999999], [2.19038122, 41.37440176], [2.18940615, 41.37152647], [2.18941175, 41.37036246], [2.18996478, 41.36965456], [2.19097989, 41.36940859], [2.19117587, 41.36944753], [2.19149786, 41.36998025], [2.19185595, 41.36985711], [2.18774514, 41.363434879999986], [2.18708891, 41.36154866], [2.18684748, 41.361590460000016], [2.18536295, 41.35773472], [2.18459494, 41.35789862], [2.18466259, 41.35806258999999], [2.18505641, 41.35797503], [2.18512909, 41.35814812999999], [2.18528084, 41.35811624], [2.18662407, 41.36162509], [2.18705906, 41.36293729], [2.18651244, 41.36305263], [2.18663774, 41.36338904], [2.18728722, 41.36355973], [2.18923994, 41.36657149], [2.18892656, 41.36677357], [2.18899304, 41.36686997000001], [2.1879567, 41.3672481], [2.1876804, 41.366794419999984], [2.18860537, 41.36654486], [2.18851573, 41.36639749], [2.18766022, 41.36676338], [2.18731073, 41.36618686], [2.18809966, 41.36598201], [2.18801113, 41.3658324], [2.18728757, 41.36615472], [2.18678646, 41.36533915], [2.18737804, 41.36519723], [2.1873289, 41.3651105], [2.18676299, 41.36530412], [2.18618088, 41.36435961999999], [2.1867312, 41.36416922], [2.18660737, 41.36402296], [2.18538202, 41.36467094], [2.1851434, 41.36530122], [2.18493552, 41.36525931], [2.18497627, 41.36567303999998], [2.18513414, 41.36568839], [2.18537277, 41.36534554], [2.18667472, 41.36690946], [2.18720569, 41.3700064], [2.1861713, 41.37012717], [2.18586536, 41.36847366], [2.18595158, 41.36802173], [2.18514349, 41.36810131], [2.18520269, 41.36848374], [2.18462356, 41.36860223], [2.18495722, 41.37039908], [2.1845526, 41.37051259], [2.18477617, 41.37183731], [2.18580497, 41.37174164], [2.18591382, 41.37240354], [2.18618966, 41.37225173], [2.18621084, 41.37237529], [2.18739844, 41.37227325], [2.18754326, 41.37315579], [2.18682213, 41.37328721], [2.18708867, 41.37378613], [2.18681013, 41.3735587], [2.187493, 41.37455273], [2.18666932, 41.374812089999985], [2.18594672, 41.37454027], [2.18562478, 41.37261596], [2.18489494, 41.3726489], [2.1842398, 41.37295222], [2.18430876, 41.37303225], [2.18493683, 41.37278944], [2.18499379, 41.37313069], [2.18439962, 41.37335951], [2.18495318, 41.37321336], [2.18506343, 41.3735776], [2.18445366, 41.37376199], [2.18507152, 41.37363864], [2.18513401, 41.37402577], [2.18447839, 41.37416642], [2.1851436, 41.3740816], [2.18520648, 41.37447594], [2.18454278, 41.37458311000001], [2.185215, 41.37453131], [2.18527722, 41.37492123], [2.18473593, 41.37503063], [2.18559162, 41.37511118], [2.18585628, 41.37533843], [2.18607841, 41.37530531], [2.18612079, 41.37546496], [2.18671893, 41.37555124], [2.18684539, 41.37585506], [2.18651817, 41.37590589], [2.18655891, 41.376053], [2.18688337, 41.37601269], [2.18718995, 41.37722554], [2.18643927, 41.37741085], [2.18725072, 41.37759827], [2.18663995, 41.37916577], [2.18511666, 41.37881703], [2.18513672, 41.37859153], [2.18496464, 41.37902227], [2.18509875, 41.37887202], [2.18662007, 41.37921697], [2.18645143, 41.37964994], [2.18603021, 41.3795496], [2.18594263, 41.379769469999985], [2.18487261, 41.37952762], [2.18490499, 41.37934346], [2.18476398, 41.37968898], [2.18485517, 41.37957082], [2.18598545, 41.37982627], [2.18591842, 41.38010907], [2.18557985, 41.38027153], [2.18466256, 41.3800483], [2.18467409, 41.379905770000015], [2.18457299, 41.38016809], [2.18464603, 41.3800842], [2.18553875, 41.38028833], [2.18466266, 41.38067302], [2.18367062, 41.38044118], [2.1850141, 41.3769839], [2.1852238, 41.37679552], [2.18496078, 41.37673329], [2.18305421, 41.37433584], [2.18256959, 41.37446598], [2.18267751, 41.37417481], [2.18250856, 41.37422063000001], [2.18123749, 41.37482528], [2.1810931, 41.37503881], [2.18209055, 41.37468461], [2.18165146, 41.37488425], [2.18149141, 41.37535528], [2.18325724, 41.377549], [2.18251445, 41.37946134], [2.18230736, 41.37955391], [2.17952379, 41.37606908], [2.17955986, 41.37580605], [2.18022807, 41.37556959], [2.18095012, 41.37496879], [2.18002102, 41.37533545], [2.1799289, 41.37555781999998], [2.17952695, 41.3757315], [2.17919433, 41.37566013], [2.17798068, 41.37413991], [2.17827651, 41.37400772], [2.17812572, 41.37381784999999], [2.18298765, 41.37160833], [2.18210063, 41.37039592], [2.17761983, 41.37236096], [2.17737785, 41.37212026], [2.17709317, 41.37214543], [2.17675242, 41.36984724], [2.17710726, 41.36982275], [2.17703991, 41.36936054], [2.1766849, 41.3693889], [2.17639712, 41.36742365], [2.1766887, 41.36739907], [2.17651977, 41.36713178], [2.1796722, 41.36597917], [2.17982211, 41.36621912], [2.18073862, 41.36577824], [2.1793195, 41.36356083], [2.17899339, 41.36367975], [2.17927538, 41.36412196], [2.17597651, 41.36532647], [2.17347273, 41.36203634], [2.17384278, 41.36187932], [2.17369141, 41.36164861000001], [2.17674186, 41.360553989999985], [2.17544254, 41.35863031], [2.17093588, 41.36025045], [2.16989696, 41.3586498], [2.17305129, 41.3565016], [2.1669052, 41.34714183], [2.16356369, 41.34839414], [2.16369544, 41.34852256], [2.16336593, 41.34864077], [2.16304114, 41.34845538], [2.16324092, 41.34836792], [2.15331363, 41.34270315], [2.15300963, 41.34294753999998], [2.15321687, 41.34446134], [2.15284989, 41.34449188], [2.15300565, 41.34559628], [2.15263773, 41.34562599], [2.15273758, 41.34634175], [2.15195125, 41.34640171], [2.15181884, 41.34572661], [2.15186465, 41.34640639], [2.15092047, 41.34648076], [2.14955985, 41.33666976], [2.14561872, 41.33654896], [2.14562223, 41.33632569], [2.14531812, 41.33643197], [2.144277, 41.33474666], [2.14728114, 41.33369814], [2.14584498, 41.33136921], [2.14608376, 41.33128568], [2.14590521, 41.33099422], [2.14866815, 41.33002592], [2.14892714, 41.33000505], [2.14919296, 41.3304384], [2.14880082, 41.33046503], [2.14892427, 41.33066628], [2.14920494, 41.33045810999999], [2.14952789, 41.33093151], [2.14955714, 41.33121891], [2.14917439, 41.331073539999984], [2.14940208, 41.33143509], [2.14972605, 41.33131507], [2.15035619, 41.33226236999999], [2.15030473, 41.33241494], [2.15000426, 41.33242198], [2.15012315, 41.33260348], [2.15050102, 41.33252088], [2.15110834, 41.33347836], [2.15107642, 41.33366341], [2.15078765, 41.33369407], [2.15089726, 41.33387665], [2.15127112, 41.33374456], [2.15193004, 41.33479809], [2.15187796, 41.33497092000002], [2.15160783, 41.33501973], [2.15169241, 41.33515159], [2.15207102, 41.33504044], [2.15279387, 41.33620729], [2.15246209, 41.33640264999999], [2.15254918, 41.33653444], [2.1529275, 41.33643716000001], [2.15364193, 41.33760106], [2.15331441, 41.3377897], [2.1533963, 41.33792659], [2.15375792, 41.337817819999984], [2.15409508, 41.33832517], [2.15426106, 41.33860298], [2.15387826, 41.3386964], [2.15415149, 41.33914716999998], [2.15440667, 41.33902663], [2.15463458, 41.3392489], [2.15462004, 41.33934752], [2.15455247, 41.33923974], [2.15437741, 41.33930214], [2.15463175, 41.33970791], [2.15481689, 41.3395039], [2.15490019, 41.33965232], [2.1546171, 41.33975914], [2.15465598, 41.33982113], [2.15491456, 41.3396781], [2.15622896, 41.34179317000002], [2.15671844, 41.34205607], [2.15661593, 41.34212992], [2.15696967, 41.34217107], [2.15685568, 41.34229823], [2.15710008, 41.34240153], [2.15709613, 41.3422264], [2.15785159, 41.34257285999998], [2.15828701, 41.34258191], [2.15914665, 41.34320269], [2.15948266, 41.34324703], [2.16117601, 41.34259147], [2.16104062, 41.34207633], [2.16279267, 41.3417895], [2.16286494, 41.3419981], [2.16261149, 41.34207759], [2.16253315, 41.34250191], [2.16424392, 41.342227989999984], [2.16421018, 41.34210849], [2.16397236, 41.34214369], [2.16394395, 41.34186056], [2.1636702, 41.34187388], [2.16363167, 41.3416621], [2.16623126, 41.34125004], [2.16603267, 41.34106836], [2.16530932, 41.34114383], [2.16510631, 41.34068081], [2.16528479, 41.34059392], [2.16518173, 41.34034374999999], [2.16552818, 41.34026267], [2.16572806, 41.34061461], [2.16559671, 41.34016508], [2.1649167, 41.34025445], [2.16407908, 41.33832237], [2.1651493, 41.33807333], [2.16522527, 41.33833826], [2.16538611, 41.33831213], [2.16517881, 41.33758723], [2.16502407, 41.33761232], [2.16510004, 41.33787823], [2.16392173, 41.33799155], [2.15916503, 41.32721165], [2.15877912, 41.32721685], [2.15892532, 41.32779014], [2.15428012, 41.32786377], [2.15448994, 41.32749546], [2.15418878, 41.3271742], [2.15403384, 41.32729115], [2.15424346, 41.327538869999984], [2.15396363, 41.32768371999999], [2.15228542, 41.32300184], [2.15172723, 41.32315355], [2.15224732, 41.32297057], [2.15203102, 41.322744419999985], [2.15220559, 41.32260572], [2.15244529, 41.32271567], [2.15239224, 41.32291958], [2.15260621, 41.32297663], [2.15271023, 41.32280769], [2.15244836, 41.3224052], [2.15263909, 41.32205207], [2.15243391, 41.321841759999984], [2.15207126, 41.32179666], [2.1521223, 41.32169408], [2.15385746, 41.32199366], [2.15633791, 41.32061872], [2.1565556, 41.3202849], [2.15645786, 41.31993888], [2.15291027, 41.31632481], [2.15399518, 41.31582354], [2.15394176, 41.31570811999999], [2.15462308, 41.31517007], [2.15477565, 41.315322749999986], [2.15495184, 41.31522697], [2.14399524, 41.30423706], [2.14397662, 41.30440676], [2.14320332, 41.30481702], [2.14278989, 41.30473119], [2.14234697, 41.30422317], [2.14244215, 41.30335915], [2.14266913, 41.30302231], [2.14298316, 41.30304883], [2.14413781, 41.3024057], [2.14476914, 41.30301499], [2.14509477, 41.30284076], [2.14492688, 41.30266234], [2.14469171, 41.30278823], [2.14427772, 41.3023209], [2.14518898, 41.30181874], [2.14273625, 41.299281509999986], [2.14434993, 41.29802567], [2.14561031, 41.29755197999999], [2.14711013, 41.29721234], [2.14833646, 41.29713621], [2.14998958, 41.29734263], [2.15145069, 41.2977856], [2.15258593, 41.29623897], [2.15288876, 41.29633486], [2.15420022, 41.29711108], [2.15524133, 41.29798526], [2.16630724, 41.30899652], [2.16703203, 41.310281300000014], [2.16717612, 41.31164079], [2.16513631, 41.3177765], [2.16541765, 41.31783529], [2.16584697, 41.31709176], [2.16750163, 41.31200984], [2.16755768, 41.31078790999999], [2.16709679, 41.30954783], [2.16665524, 41.30887429], [2.16631622, 41.30871321], [2.15553016, 41.29791], [2.15442433, 41.29696941000001], [2.15325076, 41.29628287], [2.15315018, 41.29607153], [2.15162606, 41.29545103], [2.14922569, 41.29502247], [2.14693394, 41.29504145], [2.14483459, 41.29549076], [2.14233591, 41.29656174], [2.13706348, 41.30060477], [2.13650057, 41.29755011000002], [2.13767424, 41.29541618], [2.13799009, 41.29378744], [2.13791062, 41.29311127], [2.13767105, 41.293218559999985], [2.13759487, 41.29434205], [2.13725875, 41.29555881], [2.13607832, 41.29762853], [2.1328086, 41.29776116], [2.12968495, 41.29741699], [2.12791217, 41.29686737], [2.1253801, 41.29563413], [2.12446265, 41.29574075999999], [2.12274866, 41.295164499999984], [2.11891858, 41.29286856], [2.11421247, 41.29037012], [2.11128941, 41.28909931], [2.10821795, 41.28803283], [2.10754003, 41.28764556], [2.1075041, 41.28741649], [2.10726956, 41.28755468], [2.10481374, 41.28686196], [2.09722308, 41.28389695], [2.08350035, 41.27941904999999], [2.08256101, 41.279326810000015], [2.07489843, 41.276764], [2.07457141, 41.27640257999999], [2.07427625, 41.27664782], [2.07401519, 41.27660879], [2.07397951, 41.27646348], [2.07375781, 41.27671509], [2.07296402, 41.27663871], [2.06707091, 41.27520491], [2.06608215, 41.27477029], [2.05878784, 41.27331415], [2.05542494, 41.27220837], [2.05276452, 41.271809630000014], [2.0484943, 41.27065645], [2.04841717, 41.27034835], [2.04824293, 41.27057372], [2.0457577, 41.27044225], [2.0458833, 41.2701084], [2.04440816, 41.2698158], [2.03038636, 41.26758242], [2.02384476, 41.26613876], [2.0171406, 41.26587304], [2.01431463, 41.26536505], [2.01205936, 41.26526408], [2.01109363, 41.26500707], [2.01000594, 41.26501197], [2.00715361, 41.26466143], [2.00455106, 41.26462966], [2.00159897, 41.26435971], [1.99582953, 41.26423578], [1.9946131, 41.26406469], [1.99178546, 41.26410608], [1.99067373, 41.26397208], [1.9881013, 41.26401552999999], [1.98784382, 41.263908950000015], [1.98612293, 41.26399502], [1.97901091, 41.26385568], [1.96708104, 41.26412539], [1.95846147, 41.26410813000001], [1.9545578, 41.26404787], [1.94449828, 41.26349245], [1.93769416, 41.26291912], [1.93254128, 41.26167578], [1.93023827, 41.26076567], [1.92918064, 41.26009162], [1.92904934, 41.25992491], [1.92929687, 41.25938612], [1.92987655, 41.25904138], [1.9298218, 41.25881928], [1.92964238, 41.25879798], [1.92912032, 41.25916703], [1.92885792, 41.259102349999985], [1.9260536, 41.25796351], [1.92402423, 41.25658891], [1.92141186, 41.25564272], [1.92016831, 41.25579617000001], [1.92003392, 41.25598317], [1.92023, 41.25608706], [1.92133516, 41.25582773], [1.92160817, 41.25621104], [1.92186876, 41.25606459], [1.9236368, 41.25671797], [1.92575716, 41.25816332], [1.92875437, 41.25937657], [1.92884486, 41.25960935], [1.92822443, 41.26084006], [1.92496596, 41.25990459], [1.92546729, 41.2588942], [1.92563843, 41.25888229], [1.92503221, 41.25871107], [1.9251726, 41.25881209], [1.92467127, 41.2598223], [1.92451911, 41.25977929], [1.92458198, 41.25959981000001], [1.92445635, 41.25985288], [1.92432196, 41.25981489], [1.92441826, 41.25957521], [1.92426397, 41.25987371], [1.92426617, 41.25970331], [1.92288811, 41.2593139], [1.92323267, 41.25861949], [1.9235353, 41.25870501], [1.92388998, 41.257990409999984], [1.92427602, 41.2580995], [1.92381419, 41.25787369], [1.92354141, 41.258412769999985], [1.92117252, 41.25773942999999], [1.92106025, 41.25796141], [1.92245188, 41.25835087], [1.92221835, 41.25904317], [1.92143617, 41.25941741], [1.92088598, 41.25912815], [1.92129346, 41.2595157], [1.92080582, 41.25930638], [1.92069524, 41.25912024], [1.92085593, 41.25901753], [1.92031931, 41.25859355], [1.92041265, 41.25879674], [1.91971854, 41.25859224], [1.92022052, 41.25851813], [1.92043967, 41.25704735], [1.92105828, 41.25668825], [1.92095357, 41.25655927], [1.92043891, 41.25677405], [1.92015766, 41.25723945], [1.91974207, 41.25717898], [1.92013623, 41.25733023], [1.91976526, 41.25774485], [1.91887621, 41.2580318], [1.91819109, 41.258065], [1.91566743, 41.25700313], [1.91380633, 41.25657484], [1.91225058, 41.25603149], [1.9107776, 41.25589659], [1.9086655, 41.25512698], [1.90658919, 41.25518438], [1.90553375, 41.25450085], [1.90439263, 41.25419236], [1.90306516, 41.25358958], [1.90310443, 41.25297778], [1.90239524, 41.25239769], [1.90080456, 41.24899492], [1.90009632, 41.24854715], [1.89932549, 41.2484942], [1.89883533, 41.24865696], [1.89899011, 41.24877166999999], [1.9001845, 41.2487975], [1.90069599, 41.24925574], [1.90076171, 41.24938482], [1.90055178, 41.24947178999999], [1.90071949, 41.24943458], [1.90175417, 41.25177824], [1.90100393, 41.25196826], [1.90089148, 41.25171993], [1.90064765, 41.25178318], [1.90065261, 41.2519432], [1.90036876, 41.251723679999984], [1.90028311, 41.25187013], [1.89960133, 41.25167220999999], [1.89939146, 41.25141140999999], [1.89979855, 41.25122856999999], [1.8995345, 41.25089646], [1.89902169, 41.25112738], [1.89834284, 41.2502793], [1.90020269, 41.24949883], [1.89999734, 41.24927474], [1.89854369, 41.24986858], [1.8975725, 41.24967796], [1.89776581, 41.24991482], [1.89739638, 41.25013666], [1.89572665, 41.24960127], [1.89529731, 41.24987441], [1.8945521, 41.2497525], [1.89348588, 41.24928782], [1.89314182, 41.24935027], [1.89239843, 41.2491418], [1.89185719, 41.24926819], [1.89113547, 41.24888004], [1.88890086, 41.24833029], [1.88870744, 41.24813044000001], [1.88816659, 41.24820547], [1.8876488, 41.24791313], [1.88734619, 41.24803614], [1.88723776, 41.2478216], [1.88699952, 41.24776651], [1.88615643, 41.24794239], [1.88516852, 41.24779825], [1.8849387, 41.24756407999999], [1.88348146, 41.2471011], [1.88347557, 41.24687216], [1.88324573, 41.2469828], [1.88311294, 41.24687558], [1.88273942, 41.24692898], [1.8817555, 41.24658047], [1.88100597, 41.24595976], [1.87980539, 41.24553149], [1.87783274, 41.24523825999999], [1.87610072, 41.24444293], [1.87369905, 41.24400601], [1.87286345, 41.24351106], [1.87125779, 41.24320826], [1.87022321, 41.2427797], [1.86943057, 41.24294222000001], [1.86842647, 41.24221165], [1.8685329, 41.24184505], [1.86831737, 41.2414302], [1.8684089, 41.24135408], [1.86794193, 41.24112619], [1.86761758, 41.24065587], [1.8665795, 41.24032811], [1.86625564, 41.23976973], [1.86699515, 41.23876094], [1.86748956, 41.23840723], [1.86742593, 41.23825687], [1.86767365, 41.2379608], [1.86594281, 41.23652119], [1.86566236, 41.2367228], [1.8673739, 41.2379392], [1.86612542, 41.23943684000001], [1.86484715, 41.23854143], [1.8640199, 41.23828151], [1.86374506, 41.23848939], [1.86331184, 41.23940127], [1.86222332, 41.23934378], [1.86182929, 41.23910263], [1.86150165, 41.23916181], [1.86135065, 41.239047269999986], [1.86124813, 41.23812712], [1.86089602, 41.23774703], [1.8613584, 41.23741147], [1.86104828, 41.23680525], [1.86042564, 41.23637871], [1.85881515, 41.23572204], [1.8586517, 41.23580942], [1.85837697, 41.23574328], [1.85821141, 41.23591089], [1.85703692, 41.23570251], [1.8559345, 41.23591261], [1.85575296, 41.23579848], [1.85585761, 41.23543633], [1.85503076, 41.23502088], [1.85408442, 41.23488968], [1.85361672, 41.23435375], [1.85350531, 41.23450848], [1.85277465, 41.23440112], [1.85122236, 41.2347827], [1.85089556, 41.23458369999999], [1.85017494, 41.23455705], [1.84996188, 41.23476498], [1.849526, 41.23451949], [1.84886795, 41.23466731], [1.84889688, 41.23483442], [1.84844359, 41.234962209999985], [1.84816065, 41.23522834], [1.84726241, 41.23535483], [1.84607578, 41.2352353], [1.84564613, 41.23499572], [1.84460739, 41.23475236], [1.84383838, 41.23499424], [1.84241688, 41.23504660999998], [1.84216861, 41.23519301], [1.8421964, 41.23534948], [1.84164538, 41.23550319999998], [1.84090541, 41.23536271], [1.84078581, 41.23518225], [1.8406842, 41.23524662], [1.84024396, 41.23492557], [1.83976395, 41.23481517], [1.83934653, 41.2349449], [1.83910242, 41.23529374], [1.83748619, 41.23529157], [1.83649813, 41.23587889], [1.83622392, 41.23573064], [1.83571774, 41.23573751], [1.83509279, 41.2359407], [1.83429286, 41.235844509999986], [1.83333236, 41.23597413000001], [1.83307018, 41.23575385], [1.83271624, 41.23598311], [1.83178885, 41.23590146], [1.83108046, 41.23610568], [1.83096086, 41.2359871], [1.83041848, 41.23598249], [1.83024449, 41.23606999], [1.83046634, 41.23631662], [1.8302536, 41.23624194], [1.83022229, 41.23649906], [1.82961807, 41.23636862], [1.82896679, 41.236675190000014], [1.82790207, 41.23630513], [1.82746901, 41.23600599], [1.82757252, 41.23540192], [1.82703727, 41.23484565], [1.8270232, 41.23306299], [1.82413527, 41.232029630000014], [1.82375022, 41.23220999], [1.82386683, 41.2325541], [1.8245117, 41.23279696], [1.82468656, 41.23251410000001], [1.82670135, 41.23329823000001], [1.82669285, 41.23422737], [1.8259839, 41.23463017], [1.82581204, 41.2345051], [1.82591095, 41.23467924], [1.82576783, 41.23453564], [1.82549045, 41.23480592], [1.82149304, 41.23459429], [1.82159896, 41.23348059], [1.82174115, 41.23338331999999], [1.82454842, 41.23353172], [1.8245306, 41.23372691999999], [1.82500422, 41.23375193], [1.82508077, 41.23357517], [1.82479313, 41.23330642], [1.82169956, 41.23313446], [1.8212623, 41.23345669], [1.82112082, 41.23494222], [1.82126581, 41.235439849999985], [1.82066039, 41.23575913], [1.8192966, 41.23606177], [1.8191314, 41.23591316], [1.81894974, 41.23612983999998], [1.81784805, 41.23569278], [1.81764252, 41.23593368999999], [1.81675273, 41.2359123], [1.81671495, 41.23606162], [1.81626147, 41.23604781], [1.81590891, 41.23584282], [1.81500452, 41.23597148], [1.81333695, 41.23547955], [1.8134037, 41.23525928], [1.81300798, 41.2349575], [1.81104158, 41.23422902999999], [1.80995898, 41.23305001], [1.80984088, 41.23314058], [1.81030173, 41.23370852], [1.8102061, 41.23382284], [1.8092423, 41.23412315], [1.80894444, 41.23403953999998], [1.80899451, 41.23364111], [1.80861879, 41.23434203], [1.80803674, 41.23433668], [1.80689425, 41.23405756], [1.80574003, 41.23348742], [1.8061461, 41.23280462000002], [1.80548082, 41.2334833], [1.80421443, 41.23326423], [1.80309593, 41.2327787], [1.80249325, 41.2323537], [1.80295589, 41.23164897], [1.80287305, 41.2315329], [1.80224885, 41.23242104], [1.80124582, 41.23230219], [1.80015072, 41.23190858], [1.79859114, 41.23092362], [1.79904107, 41.23018635], [1.79829616, 41.23096792], [1.79770418, 41.23089204], [1.79641226, 41.23040133], [1.79516118, 41.22952789], [1.79566645, 41.22875564], [1.79551039, 41.22857367], [1.79483487, 41.22831853999998], [1.79477272, 41.2284022], [1.79525646, 41.22859497999998], [1.79504041, 41.22888822], [1.79443954, 41.22911425], [1.79384618, 41.22905182], [1.79350874, 41.228666380000014], [1.79293397, 41.22861736], [1.79279932, 41.22832773], [1.79241833, 41.22811983], [1.79219295, 41.22819963], [1.79190572, 41.22796781000001], [1.79183811, 41.22758084], [1.79209668, 41.22712781], [1.79226042, 41.22702542], [1.79284592, 41.22724201], [1.79228684, 41.22683927], [1.79131802, 41.22628955], [1.79125413, 41.2264094], [1.79165798, 41.22665911], [1.79153308, 41.22686092], [1.79118784, 41.22704852], [1.79060808, 41.22705151], [1.79003856, 41.22674242], [1.78993324, 41.22638306], [1.78941905, 41.22622829], [1.78918963, 41.22583473000001], [1.78932178, 41.22548455], [1.78955459, 41.22536675], [1.78927088, 41.22530715], [1.78918103, 41.22497313], [1.78955728, 41.22491054], [1.78851661, 41.22374356], [1.78839781, 41.22384146999999], [1.78885245, 41.2243397], [1.7881447, 41.22463815], [1.78767138, 41.22452355], [1.78737601, 41.22422507], [1.78749834, 41.22377724], [1.78799864, 41.22389015000001], [1.78807197, 41.22380247], [1.78758437, 41.22364754], [1.78715948, 41.2237852], [1.78679474, 41.22448405], [1.78413755, 41.2239268], [1.7830242, 41.22341716], [1.7824591, 41.22331635], [1.78111704, 41.22348376], [1.78086926, 41.22364513], [1.77913651, 41.22378544], [1.77694116, 41.22363644], [1.77615171, 41.22342695999998], [1.77575403, 41.22289182], [1.77570338, 41.22317043000001], [1.77500891, 41.22313255], [1.77395656, 41.22282451], [1.7735277, 41.22235019], [1.77315943, 41.22240644], [1.7719655, 41.22212348], [1.77164687, 41.22180356], [1.77142734, 41.22135182], [1.77093837, 41.22122861], [1.77108692, 41.22087673], [1.76970554, 41.220909179999985], [1.76970763, 41.22126501], [1.76935199, 41.22141338], [1.76748943, 41.22110488], [1.76649728, 41.22047588], [1.76642688, 41.21977085], [1.76583943, 41.21969609], [1.76474108, 41.2200121], [1.76377316, 41.21995974], [1.76268946, 41.2195024], [1.76248072, 41.21920354], [1.76201294, 41.21915383], [1.76178667, 41.21897485], [1.76183022, 41.21860745], [1.76037602, 41.21884717], [1.76047987, 41.21922282], [1.75994687, 41.21955054], [1.75885722, 41.21942999], [1.75875327, 41.21918008], [1.75790044, 41.21948201], [1.75706882, 41.2191039], [1.75596869, 41.21960014], [1.75576781, 41.21951122], [1.75561438, 41.219700979999985], [1.75475027, 41.21955841], [1.75434773, 41.21978645], [1.75286231, 41.21972615], [1.75273465, 41.21958857], [1.75214951, 41.21955016], [1.75217194, 41.21934305], [1.75183286, 41.21922615], [1.75193998, 41.21900671], [1.75135639, 41.2182977], [1.75070287, 41.21789788], [1.75045919, 41.21802774000001], [1.75015251, 41.21779454], [1.75003319, 41.21788359], [1.74926042, 41.2177263], [1.74865483, 41.21789816], [1.74813479, 41.21871959], [1.74746351, 41.21865129999998], [1.74641156, 41.21827658], [1.7460571, 41.21836586], [1.74594492, 41.21855550999999], [1.74508633, 41.21841915], [1.74487601, 41.21853161], [1.74468139, 41.21844724999998], [1.74472786, 41.21831904], [1.7441496, 41.21809015], [1.74362628, 41.21827631], [1.74315399, 41.21798948], [1.74267048, 41.21824082], [1.74107293, 41.21737321], [1.7372731, 41.2145257], [1.73766075, 41.21359051], [1.73720362, 41.21341229], [1.73811806, 41.21076209], [1.73471485, 41.20993937], [1.73411049, 41.2086323], [1.73330661, 41.20770837], [1.72984499, 41.20584043], [1.72925565, 41.20591536], [1.7293099, 41.20627428], [1.72960388, 41.20636805], [1.72983918, 41.20627688], [1.73333356, 41.20819724], [1.73391585, 41.20895894], [1.73413223, 41.20955249], [1.73407792, 41.21055705], [1.73447292, 41.21075163], [1.73718467, 41.2113152], [1.73660665, 41.212900959999985], [1.73643462, 41.21286501], [1.73638586, 41.21300608], [1.73419983, 41.21261059], [1.73404776, 41.21278952], [1.73668961, 41.21340639], [1.73578014, 41.21591726], [1.73374672, 41.21549642], [1.73445485, 41.21357649], [1.73422944, 41.21345088000001], [1.73395947, 41.21347088000001], [1.7336844, 41.21420648], [1.73280696, 41.2140192], [1.73367021, 41.2142619], [1.73326228, 41.2153858], [1.73090541, 41.2148955], [1.73069585, 41.21548661], [1.7303347, 41.2154774], [1.72817122, 41.21493784], [1.7285392, 41.21392306], [1.73074847, 41.21438124], [1.73084716, 41.21410795], [1.72864387, 41.21364912], [1.728776, 41.21328118], [1.72855664, 41.21323173], [1.72845086, 41.21334758], [1.72849577, 41.21322142000001], [1.72821112, 41.21316171], [1.72875807, 41.21176139], [1.73076486, 41.2121759], [1.73078611, 41.21236629000001], [1.73111311, 41.21146283], [1.73094357, 41.21142783], [1.73078379, 41.21186913], [1.72905134, 41.21151125], [1.72951418, 41.21023367], [1.73124083, 41.21058815], [1.73106789, 41.21106852], [1.731241, 41.21110411], [1.73165253, 41.209960809999984], [1.7312699, 41.20976275], [1.73162296, 41.20980609], [1.73039797, 41.20917647], [1.73049135, 41.20907072], [1.73103373, 41.209297179999986], [1.72936457, 41.20844167], [1.72927695, 41.20853788999999], [1.72899306, 41.20839055], [1.72931024, 41.20814895], [1.72921126, 41.20798158], [1.72887555, 41.20812036999999], [1.72770808, 41.209474929999985], [1.72759986, 41.21012317999999], [1.72815675, 41.21076088], [1.72782479, 41.21108926], [1.72641985, 41.21148988], [1.72327684, 41.21173968], [1.72119933, 41.21164222], [1.7199785, 41.21137066], [1.71939451, 41.21098246], [1.71902775, 41.21014577], [1.71989979, 41.21025654], [1.71847033, 41.20982926], [1.71753393, 41.20983243], [1.71843502, 41.21007378], [1.71847829, 41.21022172], [1.71804907, 41.21078223], [1.7175138, 41.21108633], [1.71620416, 41.21125638], [1.71502722, 41.21108891], [1.7142203, 41.21076969], [1.71390341, 41.21046723], [1.71441785, 41.20994982], [1.71373468, 41.21038519], [1.71299868, 41.2104057], [1.71191516, 41.20997819], [1.7112918, 41.20955043], [1.71111148, 41.20913954], [1.71168213, 41.20887022], [1.71089112, 41.20909665], [1.70923549, 41.20887063], [1.70852076, 41.20813897], [1.7081233, 41.20818324], [1.70787859, 41.20765337], [1.70713257, 41.20739683], [1.70689021, 41.20740843], [1.70681659, 41.2075674], [1.70659698, 41.20740504999998], [1.70579296, 41.20757392], [1.70417285, 41.20760416000001], [1.7029918, 41.20797828], [1.70266876, 41.20782943], [1.70265405, 41.20800041], [1.70241599, 41.20806637], [1.69840151, 41.20812149], [1.69678265, 41.20756688], [1.69514461, 41.2067527], [1.69521507, 41.20622392], [1.69431139, 41.2059393], [1.69426235, 41.20603639], [1.69453693, 41.20613156000001], [1.69429925, 41.20639385], [1.69382575, 41.20647076], [1.6934276, 41.20636337], [1.69305382, 41.20593653000002], [1.69313428, 41.20567662], [1.69341548, 41.20576232], [1.69344846, 41.20566352], [1.6921784, 41.20524133], [1.69192428, 41.20522124], [1.69232473, 41.20542161], [1.69182683, 41.20581283], [1.69137392, 41.20588185], [1.69079106, 41.205740030000015], [1.69038657, 41.20549378], [1.69023319, 41.20511095], [1.69033251, 41.20477186], [1.69077908, 41.2048063], [1.69003565, 41.20455041], [1.68969525, 41.20450906], [1.6900876, 41.204696380000016], [1.68961333, 41.205082], [1.68870571, 41.20503294], [1.688213, 41.20452569], [1.68828088, 41.20411872], [1.68870677, 41.20415534], [1.68770574, 41.20375607], [1.68745761, 41.20323954], [1.68734092, 41.20331306], [1.68754655, 41.20387458], [1.68667466, 41.20402428], [1.68593052, 41.20375469], [1.68577382, 41.20348867], [1.68585618, 41.20300842], [1.6863933, 41.20303527], [1.68642837, 41.2029156], [1.68566324, 41.20287579], [1.68470431, 41.20248427], [1.68487198, 41.20288441], [1.68427363, 41.20306836], [1.6837682, 41.20296007], [1.68343895, 41.20272004], [1.6833743, 41.20235746], [1.68352755, 41.20204818], [1.68392213, 41.20223014], [1.6839667, 41.20208302], [1.68270369, 41.20144056999999], [1.68261159, 41.20153707], [1.6829316, 41.20170845], [1.68275621, 41.20191434], [1.68213591, 41.20202172999998], [1.68149419, 41.20183513], [1.68114374, 41.20158854], [1.68089943, 41.20112789], [1.6811109, 41.20068758], [1.68143211, 41.20086231], [1.68146936, 41.20077248000001], [1.6809287, 41.20047822999999], [1.68047196, 41.2007606], [1.67973392, 41.20047913], [1.67900311, 41.19988265], [1.67922829, 41.19945061], [1.67865495, 41.19993981], [1.67846733, 41.19992342], [1.67630232, 41.1988318], [1.67332859, 41.19814338], [1.67294362, 41.19717401], [1.67303427, 41.19777406], [1.67222671, 41.19810862], [1.67023242, 41.19791112], [1.66937379, 41.19750269], [1.66823359, 41.19741178], [1.66808644, 41.19721584], [1.66799467, 41.19755995], [1.66715947, 41.19760029], [1.66522651, 41.19698171000001], [1.66404485, 41.1969191], [1.66307433, 41.19669089], [1.66197331, 41.19585689], [1.66104201, 41.19610344], [1.65975319, 41.19579937000001], [1.65927971, 41.19549882], [1.65940908, 41.1952676], [1.6586582, 41.19589844], [1.65798036, 41.19584658], [1.65722972, 41.19559509], [1.65618573, 41.19491043], [1.655966, 41.19443684], [1.65608215, 41.19426863000001], [1.65584403, 41.19434746], [1.6560704, 41.19407155], [1.65359588, 41.1939957], [1.65694991, 41.19397031], [1.65680628, 41.19376876], [1.65326444, 41.19377504], [1.64722466, 41.19273412], [1.64731802, 41.19295518], [1.64745699, 41.1928662], [1.65260121, 41.19381518], [1.65288503, 41.19399179], [1.65237185, 41.19400490999998], [1.65229806, 41.19432385], [1.65269821, 41.1945528], [1.65328455, 41.19441584], [1.65422022, 41.19508346], [1.65481371, 41.19598712], [1.65481434, 41.19668052999999], [1.65459269, 41.19667254], [1.65408343, 41.19625502999999], [1.65169923, 41.19572443], [1.65091651, 41.19566977], [1.65084386, 41.196216579999984], [1.64934895, 41.19612704], [1.6490261, 41.19548107], [1.64908625, 41.19485742], [1.64888178, 41.19443638], [1.64831068, 41.19394415999999], [1.64742905, 41.19363233], [1.64741615, 41.19377792], [1.6478202, 41.19388635], [1.64775423, 41.19425502], [1.64683938, 41.19470271], [1.6457413, 41.19485695], [1.64495573, 41.19476549], [1.64442027, 41.19453942], [1.64391444, 41.19391618], [1.64392307, 41.19359592], [1.64414613, 41.19347804], [1.64346195, 41.1933477], [1.6428064, 41.19331398], [1.64192164, 41.194138659999986], [1.64050836, 41.19417820000001], [1.63987532, 41.193646079999986], [1.63981539, 41.19321248], [1.6399786, 41.19294150000001], [1.63952231, 41.19287887], [1.64041826, 41.19293572], [1.64053411, 41.19304788], [1.64047872, 41.19285508999999], [1.6387352, 41.19265930000001], [1.6387319, 41.19284724], [1.63932671, 41.19281248], [1.63911029, 41.1932667], [1.63869382, 41.1935629], [1.63791694, 41.19372837], [1.63721134, 41.19353329], [1.63684546, 41.19314929], [1.63682817, 41.19252279], [1.63728538, 41.19267124], [1.63733216, 41.19249119], [1.63609092, 41.19234787], [1.63599769, 41.19248449], [1.63627853, 41.192462040000024], [1.63635999, 41.19277569], [1.63568675, 41.19308124], [1.63520698, 41.19308687], [1.63452875, 41.19284308000001], [1.63427053, 41.19253751], [1.63429807, 41.19215265], [1.63472787, 41.192235789999984], [1.63476847, 41.19213538], [1.63328821, 41.19190903], [1.63326008, 41.19205164], [1.63369437, 41.19207463], [1.63352398, 41.19244084], [1.63310377, 41.19270986], [1.63240133, 41.19279828], [1.63190103, 41.1926415], [1.63093925, 41.1926415], [1.63015204, 41.19242975999999], [1.62966372, 41.19183304], [1.62974941, 41.1911816], [1.63042604, 41.19129808000001], [1.63043955, 41.19117088], [1.62875636, 41.19100762], [1.62873461, 41.19115275], [1.62913803, 41.19112909000001], [1.62917476, 41.19128905], [1.62906591, 41.191607879999985], [1.62874869, 41.19183227], [1.62811797, 41.19200473], [1.62758822, 41.191961929999984], [1.62744807, 41.19144449], [1.62732869, 41.19189038], [1.62685626, 41.19196339], [1.62622624, 41.1918058], [1.62570005, 41.19142751], [1.62562246, 41.19088424], [1.62607426, 41.19091323], [1.62608693, 41.19077521], [1.62448667, 41.19054785], [1.62413567, 41.19060806], [1.62463741, 41.19065512], [1.62439369, 41.19126442], [1.62385705, 41.19149225], [1.62309901, 41.19154457], [1.62200975, 41.1913577], [1.62144551, 41.19109516], [1.62116785, 41.19077422], [1.62113687, 41.19035785], [1.62118032, 41.19024492], [1.62169293, 41.19030267], [1.62101771, 41.19013523999999], [1.6196651, 41.19002932], [1.61961975, 41.19013363], [1.61999115, 41.19012791], [1.6200411, 41.19028128], [1.61962944, 41.190752], [1.61877884, 41.19089678], [1.61807368, 41.19078286], [1.61774467, 41.19094854], [1.61542076, 41.19065454], [1.61344372, 41.19014879], [1.61012937, 41.18895219], [1.60817912, 41.18842321], [1.60854528, 41.18478608], [1.60817355, 41.18412036999999], [1.60753953, 41.1836508], [1.6072989, 41.18385479], [1.60813887, 41.18452512], [1.60830833, 41.18536262], [1.60807754, 41.1855462], [1.60763373, 41.18535032], [1.60762155, 41.18562653], [1.6080791, 41.18598452], [1.60809348, 41.18648218], [1.60790966, 41.18762861], [1.60764876, 41.18769582], [1.60743413, 41.18829295], [1.60757727, 41.18837511], [1.60741385, 41.1884002], [1.60761435, 41.18848716], [1.60739973, 41.18847601], [1.60728759, 41.1890633], [1.60657195, 41.18915696], [1.60586166, 41.18891966], [1.60629575, 41.186308490000016], [1.60732654, 41.18640446], [1.60728634, 41.18668618], [1.60746445, 41.18670464], [1.60753578, 41.1861573], [1.60689009, 41.18608022], [1.60700295, 41.18534063], [1.60716934, 41.18529786], [1.60680372, 41.18526218], [1.60680734, 41.18604634], [1.60592692, 41.18596182000001], [1.60584823, 41.18520261], [1.60612016, 41.18482776], [1.60683523, 41.18472543], [1.60740584, 41.18490691], [1.60761852, 41.18470601], [1.60678049, 41.18452346], [1.60602759, 41.18465046], [1.60566636, 41.18498531], [1.60576895, 41.1869557], [1.60514475, 41.18723647], [1.60538503, 41.18717371], [1.60546152, 41.18730588], [1.60524024, 41.18740031], [1.60512508, 41.18814388], [1.60324595, 41.18859881], [1.59905205, 41.18882365], [1.5890546, 41.18839235], [1.57539935, 41.18695428], [1.56487265, 41.18568003], [1.55969009, 41.18489849], [1.55453386, 41.1838217], [1.55071003, 41.18367496], [1.5484804, 41.18331287], [1.54667005, 41.18335543], [1.5426016, 41.18284291], [1.53770799, 41.18185413], [1.53543924, 41.18115023], [1.53390734, 41.18093351], [1.53119251, 41.18013621], [1.52721592, 41.17832601], [1.52712816, 41.17815568], [1.52747092, 41.17794569], [1.52770101, 41.17681232999998], [1.52734093, 41.17667558], [1.52548181, 41.17634274], [1.52511016, 41.17725918], [1.5252526, 41.17738308], [1.52537813, 41.1772128], [1.52534656, 41.17731238], [1.52554209, 41.1773493], [1.52558197, 41.17687898], [1.52609516, 41.17697533], [1.52583211, 41.17777547], [1.52599858, 41.17780636], [1.52625634, 41.1770139], [1.52734539, 41.17721123], [1.52708218, 41.17802437], [1.5267625, 41.17829877], [1.52573637, 41.17802867], [1.52570055, 41.17813684], [1.52531652, 41.17804918], [1.5252437, 41.1777558], [1.52543721, 41.1775849], [1.52519353, 41.17771694000001], [1.52527252, 41.17806059], [1.52452713, 41.17859959], [1.52287786, 41.17892342], [1.52159806, 41.17887866], [1.51408351, 41.17781824], [1.50889457, 41.17632659], [1.5056563, 41.17580977], [1.50203587, 41.17471251], [1.501423, 41.17470669], [1.49765424, 41.17387475], [1.49569775, 41.17317037], [1.49297254, 41.17223264], [1.49049737, 41.17108879], [1.48890223, 41.17011266], [1.48823706, 41.1694742], [1.48879917, 41.16883806], [1.48873983, 41.16855696], [1.48658342, 41.16698412], [1.48521076, 41.16627339], [1.48387562, 41.16596308], [1.4830177, 41.16593439], [1.48283169, 41.16607138], [1.48300433, 41.16637451], [1.48336473, 41.16620153], [1.48386408, 41.16623612], [1.4839043, 41.1665339], [1.48406238, 41.16634151], [1.48532732, 41.16670882], [1.4859672, 41.16703439], [1.48536363, 41.16752835], [1.48556765, 41.16766552], [1.48551438, 41.16750935], [1.48602258, 41.16707754], [1.48817133, 41.16852185], [1.48751979, 41.16907536], [1.48733462, 41.16895845], [1.48754047, 41.16911446], [1.48725068, 41.16903202], [1.48614551, 41.17013101], [1.48414317, 41.16877839], [1.48425235, 41.16868048], [1.48366403, 41.16829027], [1.48398412, 41.16801471], [1.48344655, 41.16769388], [1.48400152, 41.1672184], [1.48389788, 41.16705013], [1.48300282, 41.16709095], [1.48315332, 41.16792438], [1.48186067, 41.16836414999999], [1.48160316, 41.16833067], [1.48153872, 41.16799312], [1.48121185, 41.16771516], [1.48026499, 41.16744911], [1.48053944, 41.16764306], [1.48022351, 41.1682666], [1.47937972, 41.16846042], [1.47671868, 41.16782885], [1.47649681, 41.16750642], [1.4759266, 41.16724756], [1.47417772, 41.16680465], [1.47387508, 41.16685559], [1.47316745, 41.16636043], [1.47128739, 41.16610147], [1.47075397, 41.16651702], [1.46945085, 41.16668648999999], [1.46691705, 41.16612692000001], [1.46024136, 41.16364528], [1.45565349, 41.16144828], [1.45460472, 41.16068307], [1.45347862, 41.16021226], [1.44456122, 41.15702456], [1.43631661, 41.15361552], [1.43342881, 41.15218226], [1.43103624, 41.15141522], [1.42835083, 41.15020834], [1.42697957, 41.14975419], [1.42101815, 41.14688559], [1.41695911, 41.14523121], [1.41420127, 41.14377287], [1.41101157, 41.14255846], [1.40784421, 41.14093218], [1.40605877, 41.13959203], [1.40430409, 41.13797853], [1.40370649, 41.13687141], [1.40489371, 41.13641163], [1.40504141, 41.13616714], [1.40270908, 41.13316647], [1.40152046, 41.13262583], [1.40117895, 41.13266793], [1.40115354, 41.132880249999985], [1.40170687, 41.13287297], [1.40239946, 41.13325396], [1.40254166, 41.13340348], [1.40224937, 41.13366028], [1.40256868, 41.1335369], [1.40449149, 41.13605252], [1.40270817, 41.13691108], [1.4025429, 41.13669594], [1.40394398, 41.13604457], [1.40252303, 41.13667035], [1.40238269, 41.13648816], [1.40378496, 41.13583672], [1.40236262, 41.13646077], [1.40220036, 41.13624936], [1.40362269, 41.13562541000001], [1.40217891, 41.13621997], [1.40199333, 41.13597771], [1.40341418, 41.13535545], [1.40196976, 41.1359473], [1.40178615, 41.13570722], [1.40283126, 41.13521171], [1.40176702, 41.13568038], [1.40157899, 41.13543628], [1.40297636, 41.13478478], [1.40155856, 41.13540915], [1.40132224, 41.13510241], [1.40260611, 41.13450321], [1.40129981, 41.13507434999999], [1.40101956, 41.13470791], [1.40192354, 41.13431268], [1.40214442, 41.13434241], [1.40196023, 41.1341017], [1.40092316, 41.13465928], [1.40008768, 41.1338533], [1.40026036, 41.13370401], [1.40118588, 41.13378055], [1.40122749, 41.13390201], [1.40163785, 41.13372359], [1.40164355, 41.13352307], [1.399613, 41.13342804], [1.39880445, 41.13371062], [1.39797317, 41.13326229], [1.3976716, 41.13337131999999], [1.39719711, 41.13304657], [1.39658921, 41.13290254], [1.39628785, 41.13258723], [1.39576239, 41.13275628], [1.39527724, 41.13234156999999], [1.39490199, 41.13160745], [1.39442654, 41.13214407], [1.39409761, 41.13183611], [1.39324096, 41.13174624], [1.39268517, 41.13187901], [1.39200724, 41.13167147], [1.39165406, 41.1317667], [1.39086381, 41.13156803], [1.39027738, 41.13160416], [1.3901166, 41.13184538], [1.39034255, 41.13196465], [1.3903834, 41.13223779], [1.39005555, 41.1326662], [1.38824412, 41.13232389], [1.38770788, 41.13252842], [1.3871216, 41.13258732], [1.38613708, 41.13243552999999], [1.38552197, 41.1328245], [1.38603311, 41.13346444], [1.38533615, 41.1340861], [1.38391752, 41.13441795], [1.38192092, 41.13439595], [1.37646441, 41.13358037], [1.37433405, 41.13302752], [1.37117628, 41.13175301], [1.37005688, 41.13110368000001], [1.36944508, 41.13128859], [1.36826506, 41.131327], [1.36379706, 41.13066524], [1.3626521, 41.130362439999985], [1.36159663, 41.129958669999986], [1.36131207, 41.12966944], [1.36095681, 41.12963628], [1.36071362, 41.12943709], [1.36087261, 41.12915678000002], [1.36063773, 41.12900202], [1.36046246, 41.12905114], [1.36053667, 41.12930972], [1.36035183, 41.12934583], [1.35925254, 41.12898563000001], [1.3590111, 41.12872106], [1.35844748, 41.12885085], [1.35798959, 41.12823307], [1.35768597, 41.1283507], [1.35689902, 41.12797296], [1.35608559, 41.12804558], [1.35581477, 41.12791398], [1.35482119, 41.1278825], [1.35391096, 41.12815801], [1.35355126, 41.12762151], [1.35314282, 41.12755298], [1.35258054, 41.12713401], [1.35184422, 41.127329389999986], [1.35109706, 41.12717223], [1.35101669, 41.12744158], [1.3503097, 41.12714078], [1.34963454, 41.12708211], [1.34902679, 41.12807864], [1.34836691, 41.12814142], [1.34739335, 41.12798657], [1.34425873, 41.12677427], [1.34421912, 41.12631702], [1.34402247, 41.126140800000016], [1.34330973, 41.12598057], [1.34313854, 41.12568716], [1.34406226, 41.12506037], [1.34398539, 41.12478229], [1.34373038, 41.12500372], [1.343084, 41.12482966999998], [1.34280295, 41.12513873], [1.3425231, 41.12504058], [1.34181599, 41.125485279999985], [1.34160726, 41.12546264], [1.34107315, 41.12623184000001], [1.34067499, 41.12618638], [1.34060865, 41.12645088], [1.3398672, 41.12698515], [1.33984481, 41.12724497], [1.33919521, 41.12737251], [1.33873847, 41.12785945000001], [1.33811042, 41.12791631999998], [1.33736398, 41.12764667], [1.3368667, 41.1276531], [1.33655692, 41.12798541], [1.33660518, 41.12837605], [1.33613641, 41.12855996], [1.33437506, 41.12857053], [1.33337567, 41.12795023], [1.33333999, 41.12818778], [1.33301851, 41.12802109], [1.33240679, 41.12826111], [1.33183015, 41.12806117], [1.33084317, 41.12808956], [1.33052508, 41.1279729], [1.3302324, 41.12815556], [1.32983947, 41.12814788], [1.32979325, 41.12839195], [1.32936874, 41.12870394], [1.32821707, 41.12868732], [1.32723117, 41.12857446], [1.32641398, 41.12786072], [1.32490708, 41.12770342999998], [1.32390536, 41.12792269], [1.32335894, 41.12831035], [1.32341973, 41.1281781], [1.32321989, 41.12822257], [1.32320826, 41.12909091], [1.32243482, 41.12934086], [1.32125522, 41.12946113], [1.31380495, 41.12946038], [1.30681676, 41.12904863], [1.30123452, 41.12836806], [1.29514679, 41.1269386], [1.29348017, 41.12629267], [1.29291657, 41.12599482], [1.29281474, 41.125723], [1.29232896, 41.12564923], [1.29205416, 41.12535934999999], [1.29160503, 41.12533773], [1.29107625, 41.12492878], [1.29126836, 41.12465033], [1.29066316, 41.12434518], [1.28991977, 41.12419192], [1.28963452, 41.12427308], [1.289505, 41.12399922], [1.28863492, 41.12366544000001], [1.2889094, 41.12320609], [1.28878544, 41.12309426], [1.28837934, 41.12295339], [1.28782502, 41.12299703], [1.28754904, 41.12317019], [1.28751158, 41.12343365], [1.28689069, 41.12347188], [1.28417369, 41.12241611], [1.28400098, 41.1222968], [1.28425112, 41.12193573], [1.28394672, 41.12130256], [1.28313504, 41.12091971], [1.28295948, 41.12101978], [1.28240029, 41.12090795000002], [1.28208881, 41.12007677], [1.28124351, 41.11988338], [1.28102381, 41.1200816], [1.28071324, 41.11996951], [1.28006485, 41.12036372], [1.27988285, 41.12024517], [1.27933386, 41.12046846], [1.27786367, 41.11992513], [1.27587916, 41.11866835], [1.2744, 41.11749252], [1.27489941, 41.11677877], [1.27490438, 41.11613895], [1.27446103, 41.11613573000001], [1.27425227, 41.11558423], [1.27363499, 41.11518748], [1.27189963, 41.11464325], [1.27165442, 41.11440141], [1.27153457, 41.11377621], [1.27042596, 41.11315084], [1.26948835, 41.11315288], [1.26951341, 41.11343663], [1.26914366, 41.11372436], [1.26817228, 41.11368336], [1.26745092, 41.11297083], [1.26650845, 41.11298557], [1.26662567, 41.11267225000001], [1.26639372, 41.11257517], [1.26620521, 41.11216699], [1.26558508, 41.113691], [1.26477089, 41.11424765], [1.26418137, 41.11423273], [1.26000313, 41.11363807], [1.25780285, 41.1128816], [1.25614751, 41.11211099], [1.25348426, 41.11018276], [1.25334215, 41.10983778], [1.25413716, 41.10918391], [1.25423681, 41.10881224], [1.25235933, 41.10639156], [1.25134745, 41.10562804], [1.25111047, 41.10564606], [1.25111186, 41.105795510000014], [1.25224624, 41.10657387], [1.2520419, 41.10689215], [1.25222532, 41.10700348000001], [1.25244614, 41.10689928], [1.25374136, 41.10860638], [1.25239958, 41.10937752], [1.25085602, 41.10773094], [1.25170847, 41.10729099], [1.25182396, 41.1073594], [1.25151889, 41.10702113], [1.25132361, 41.107056169999986], [1.2514679, 41.106981710000014], [1.25132031, 41.10697839], [1.25147461, 41.10665682], [1.25130739, 41.10684146], [1.25124119, 41.10687721], [1.25142234, 41.10652649999999], [1.25127504, 41.10652607], [1.25108894, 41.10688822], [1.25011727, 41.10732844], [1.24825632, 41.10518474], [1.24796847, 41.10480934], [1.24800621, 41.1042229], [1.24757608, 41.10384651], [1.24695766, 41.10122834], [1.24633829, 41.10046463], [1.24547359, 41.09994874999999], [1.23218567, 41.09488612], [1.22637237, 41.08739674], [1.22038288, 41.08315883], [1.21980694, 41.08292033], [1.21966218, 41.0830088], [1.21348379, 41.0786644], [1.21315301, 41.07893579999998], [1.21339824, 41.07910669000001], [1.21352993, 41.0789956], [1.22537385, 41.08726921], [1.22578489, 41.0893906], [1.22361825, 41.09031542000001], [1.22352884, 41.09056751], [1.22390401, 41.09061528], [1.22419385, 41.09097608], [1.22391786, 41.09046795], [1.2243245, 41.09027605], [1.22466791, 41.09067245], [1.22448287, 41.09076589], [1.22459436, 41.09089227], [1.22506729, 41.09070103], [1.22905804, 41.09596258], [1.2303777, 41.09538512000001], [1.233685, 41.09979065], [1.24504863, 41.10412932], [1.24487926, 41.10437173999998], [1.24520129, 41.1045005], [1.24429814, 41.10585993], [1.24436888, 41.10598495], [1.24382375, 41.10605456], [1.2438131, 41.10580164999999], [1.2437496, 41.10614857], [1.24299822, 41.10634415], [1.24265806, 41.10610145], [1.24286607, 41.10629054000002], [1.2423758, 41.1065042], [1.24221586, 41.10621874000001], [1.24199301, 41.10629596], [1.24141146, 41.10528472], [1.23722588, 41.10658285], [1.23705948, 41.10626792999999], [1.2364003, 41.10605985], [1.237085, 41.1040187], [1.23743173, 41.10408264], [1.23752743, 41.10378578], [1.23013123, 41.10095031], [1.22997277, 41.10101579], [1.22849553, 41.10535126], [1.22819925, 41.10528896000001], [1.22803088, 41.10564685], [1.22773214, 41.10577368], [1.22589021, 41.10526108], [1.22578655, 41.10462202], [1.22605795, 41.10392704], [1.22638282, 41.10394429], [1.22624493, 41.10434652], [1.22636384, 41.10437096], [1.22656689, 41.10382156], [1.22611384, 41.10366002], [1.22673059, 41.10212807], [1.22700335, 41.10213902000002], [1.22694037, 41.102674], [1.22715093, 41.10202672], [1.22669806, 41.10191643000001], [1.22707616, 41.10082658], [1.22743497, 41.10085237], [1.2275025, 41.10098897], [1.22776122, 41.10021533], [1.22762407, 41.10030744], [1.22728731, 41.10020165], [1.22749423, 41.09956971], [1.22774002, 41.0993565], [1.22761195, 41.09922582], [1.22724326, 41.0994973], [1.2269216, 41.09947227], [1.22530782, 41.09901505], [1.22579553, 41.0983343], [1.22643173, 41.09875493], [1.22655962, 41.09864430999998], [1.22272646, 41.09613789], [1.2223068, 41.09664376], [1.22247645, 41.0967197], [1.2227733, 41.09636173], [1.22554469, 41.09817776], [1.22489316, 41.09856126], [1.22474925, 41.09908967], [1.22490866, 41.09922373], [1.22460864, 41.1001458], [1.22412901, 41.09997294], [1.22380335, 41.10095793], [1.22392502, 41.10098097], [1.22399853, 41.10055542], [1.2244516, 41.10062681], [1.22400182, 41.10180301], [1.22240169, 41.101531430000016], [1.22192392, 41.10171357], [1.21865726, 41.10178677], [1.21882917, 41.10208343], [1.21837833, 41.10229075], [1.21747406, 41.1014224], [1.21706522, 41.10129636], [1.2173263, 41.10094181], [1.21755572, 41.100947800000014], [1.21593402, 41.1001948], [1.21604481, 41.10034703], [1.21576854, 41.10069944], [1.21546844, 41.10048915], [1.2151319, 41.10075416], [1.21488438, 41.10074357], [1.21511073, 41.100546389999984], [1.21496096, 41.10046643], [1.21483853, 41.10072187], [1.21473969, 41.10063855], [1.21485349, 41.1002049], [1.21430123, 41.10000637000001], [1.21423019, 41.09982458], [1.21402026, 41.09987275000001], [1.21293014, 41.09942853], [1.21472955, 41.09724114], [1.21561382, 41.09786825], [1.21573269, 41.09777011], [1.21475309, 41.09718944], [1.216011, 41.09565703], [1.21612199, 41.09577503], [1.21628315, 41.0956716], [1.21605349, 41.09559166], [1.21633939, 41.09523002], [1.21794052, 41.09392953], [1.21808476, 41.09402472], [1.21958683, 41.09249704], [1.2194357, 41.09239724], [1.2193295, 41.09248937], [1.21612251, 41.09037883], [1.21622896, 41.0902859], [1.21607162, 41.09018267], [1.20781936, 41.09735541], [1.20755617, 41.09718188], [1.20732251, 41.097384879999986], [1.20481007, 41.09572909], [1.20503141, 41.09553698], [1.20475572, 41.09535533], [1.20668811, 41.09367734], [1.20641975, 41.09350193], [1.20994846, 41.09041934], [1.21023666, 41.09060495], [1.21059963, 41.09028622999998], [1.21031407, 41.09010399], [1.21244424, 41.08823856], [1.21227613, 41.08812866999999], [1.21157211, 41.0887452], [1.20983194, 41.08760259000001], [1.20999463, 41.08746866], [1.20978609, 41.08734445], [1.21378054, 41.08744645], [1.21417145, 41.08739162], [1.21418824, 41.08711895], [1.20887436, 41.08709536], [1.19888528, 41.094019389999985], [1.19719028, 41.09293035], [1.19679084, 41.09243355], [1.19676056, 41.09183408], [1.19774709, 41.09085888], [1.19835524, 41.0910553], [1.19834457, 41.09093596], [1.19760474, 41.09072676], [1.19741331, 41.09093067], [1.19728854, 41.0908826], [1.19959519, 41.08806637], [1.20287187, 41.08571848], [1.20296827, 41.08579375], [1.20360802, 41.08538822], [1.20351646, 41.08525763], [1.20580897, 41.08362643], [1.20603263, 41.08364908999999], [1.20639206, 41.08340311], [1.20635422, 41.08323165], [1.20600366, 41.08310801], [1.20565219, 41.08334601], [1.20566638, 41.08351574999999], [1.2033945, 41.08512835], [1.20326968, 41.08503867], [1.20116925, 41.08674228000001], [1.20098014, 41.08660483], [1.20063024, 41.08684941], [1.20079824, 41.08697967], [1.1992898, 41.08796665], [1.19938346, 41.08802459], [1.19721933, 41.09070708], [1.19702253, 41.09064875], [1.19680549, 41.09095636], [1.19472348, 41.089968869999986], [1.19205276, 41.08807848], [1.19075417, 41.08693567], [1.19067867, 41.08658913], [1.19611102, 41.08275436], [1.19589558, 41.08272253000001], [1.19229103, 41.08525671], [1.18954146, 41.08371025999999], [1.18840307, 41.08289016], [1.18661332, 41.08108917], [1.18366388, 41.07710897999998], [1.18129364, 41.0735108], [1.17970097, 41.07063426], [1.17941668, 41.06980657], [1.17919455, 41.06861352], [1.17935838, 41.06783489], [1.17977094, 41.06715144], [1.18101959, 41.06607486], [1.18307111, 41.06701438], [1.18331903, 41.06692767], [1.180968, 41.06572275], [1.18096092, 41.06544422], [1.18165857, 41.06515501], [1.18147576, 41.0645851], [1.18162298, 41.06443385], [1.18092897, 41.06380552], [1.18038383, 41.06370008], [1.18045608, 41.0630352], [1.18014462, 41.06253064], [1.17951857, 41.06206704], [1.17553226, 41.06004988], [1.17454405, 41.05903872], [1.17413916, 41.05896313], [1.17290604, 41.05746355], [1.17294394, 41.05712601], [1.17316189, 41.05711514], [1.17338107, 41.05677597], [1.17301934, 41.056474069999986], [1.17271849, 41.05584751], [1.171699, 41.05503318], [1.17115213, 41.05500198], [1.17044623, 41.05465487999999], [1.16994197, 41.05465822], [1.17021092, 41.05503937], [1.16962528, 41.05484442], [1.16963651, 41.05503574], [1.16897182, 41.05501815], [1.16903521, 41.05515651999998], [1.1687244, 41.05518653], [1.16862428, 41.05553551], [1.16824149, 41.05528614], [1.16786128, 41.05527405], [1.16780286, 41.05584843], [1.16805336, 41.05618227], [1.16733347, 41.05662246], [1.16470595, 41.05576852], [1.16434527, 41.05594004], [1.16343036, 41.05566018], [1.16274271, 41.05600961], [1.16252294, 41.05581668], [1.16186504, 41.05589707], [1.16119116, 41.05573922], [1.16110101, 41.05588253], [1.1605713, 41.05585912], [1.16134887, 41.0567586], [1.16157779, 41.0573154], [1.16143813, 41.05747188], [1.16101344, 41.05734296], [1.16130677, 41.0579198], [1.16155508, 41.05817327], [1.16207994, 41.05827343], [1.16213667, 41.0585097], [1.16188946, 41.05873365], [1.16144573, 41.05857894], [1.16185273, 41.05900122], [1.16144367, 41.05940462], [1.16054641, 41.05916069999998], [1.16122418, 41.06014964], [1.16115085, 41.06031294999999], [1.16098882, 41.06020858], [1.16121719, 41.06053316], [1.16081198, 41.06088312], [1.16041798, 41.06101023], [1.15970313, 41.06095449], [1.15914353, 41.06162148], [1.15856956, 41.06168103], [1.15829341, 41.06156789], [1.15848599, 41.06247974], [1.15797812, 41.06283588], [1.15790883, 41.06308825], [1.15826425, 41.06361519], [1.15819493, 41.06379188999998], [1.15745945, 41.064426779999984], [1.15681966, 41.06473757], [1.1564642, 41.06473205999998], [1.15638234, 41.0649273], [1.15566052, 41.06503851], [1.15509421, 41.06533399], [1.15260059, 41.06578683], [1.15147659, 41.06585581], [1.1510939, 41.06550963], [1.15005524, 41.06513311], [1.14965833, 41.06519249], [1.14943698, 41.06567597], [1.14899311, 41.06585673], [1.14754285, 41.06533783], [1.14814554, 41.06627061], [1.14805679, 41.06663821999999], [1.14910534, 41.06750285], [1.14757148, 41.06894759], [1.14720127, 41.06873753], [1.14651704, 41.06880497], [1.14603195, 41.06949849], [1.14539545, 41.069299], [1.14485007, 41.07008287], [1.14427951, 41.07022159], [1.14426889, 41.07051461], [1.14489394, 41.07055449], [1.1449699, 41.07096871], [1.14471249, 41.07137359], [1.14392144, 41.07190733], [1.14156597, 41.072620399999984], [1.13844466, 41.07319314], [1.13659845, 41.07337802], [1.1326558, 41.07345767], [1.13233914, 41.07301351000001], [1.13126042, 41.072907919999984], [1.13033137, 41.07300210999998], [1.1297569, 41.07312960999999], [1.12968837, 41.07329656999999], [1.13006992, 41.07334862000001], [1.13080193, 41.07312216], [1.13182894, 41.07314972], [1.13165346, 41.07435738], [1.13078161, 41.074402059999976], [1.1306028, 41.07390762], [1.12995197, 41.07379338], [1.13033052, 41.07392635], [1.13031223, 41.07417294999998], [1.12997842, 41.07450639], [1.12924739, 41.07482365], [1.12846006, 41.07491841], [1.12544419, 41.07484316], [1.12072089, 41.07431942999999], [1.11781339, 41.0736479], [1.11567036, 41.0730992], [1.11284, 41.0719436], [1.11009758, 41.07177235], [1.10420771, 41.07049109], [1.0986363, 41.06856652], [1.09477072, 41.06752327], [1.09359139, 41.0670125], [1.09204897, 41.06659631], [1.08523505, 41.0639545], [1.08339398, 41.06362563], [1.08370519, 41.06168324], [1.08323648, 41.06375217], [1.08171573, 41.06377653], [1.08119735, 41.06401224], [1.07963598, 41.06430873], [1.07855898, 41.06409903], [1.07837879, 41.06399463000001], [1.07837156, 41.06371978], [1.07822621, 41.06421978999999], [1.0771863, 41.06422784], [1.07571846, 41.06458984], [1.07551649, 41.06459034], [1.07544459, 41.06441944], [1.07535279, 41.06508175], [1.07445273, 41.06569282], [1.0714986, 41.06613241], [1.06833468, 41.06575243], [1.06518758, 41.06474312], [1.06531746, 41.06367837], [1.06358249, 41.0618308], [1.06057553, 41.05998963], [1.06030886, 41.06005396], [1.06032677, 41.06021387], [1.0616482, 41.06091824], [1.06134961, 41.06127355], [1.062577, 41.06179462], [1.06358205, 41.06253865], [1.06381044, 41.06247803], [1.06344929, 41.06386379], [1.06363578, 41.06386359], [1.06385281, 41.06302946000001], [1.06441318, 41.06311137999999], [1.06436887, 41.06329196], [1.06477632, 41.06347921], [1.06471358, 41.06375236], [1.06509304, 41.06380701], [1.06468616, 41.06532065], [1.06403265, 41.06553211], [1.06192213, 41.06525867], [1.05881707, 41.06448336], [1.05858915, 41.06395393], [1.05884858, 41.06376807], [1.05911116, 41.0639648], [1.05993549, 41.06387348], [1.05913693, 41.06391002], [1.05890014, 41.06372669], [1.05979151, 41.06305904], [1.06177071, 41.06284087], [1.06178981, 41.06296855], [1.06198679, 41.06295178], [1.06218215, 41.062698], [1.0619522, 41.06252893], [1.05936629, 41.06283272], [1.05804983, 41.06381126], [1.05769115, 41.06388754], [1.05523464, 41.063376], [1.0540853, 41.06359646], [1.05248689, 41.06344335], [1.0526549, 41.06360967], [1.05260371, 41.0639128], [1.05233579, 41.06423218], [1.05196814, 41.0643218], [1.0513209, 41.06424745], [1.05095387, 41.06397768], [1.05087209, 41.06364005], [1.05101748, 41.06348407], [1.05133511, 41.06355682], [1.05128496, 41.06341743], [1.05062882, 41.06337048000001], [1.05075354, 41.063696149999984], [1.05024401, 41.06392437], [1.04903981, 41.06369039], [1.04860581, 41.06318461], [1.04866706, 41.06299724], [1.0489778, 41.063101219999986], [1.04894477, 41.06297078], [1.04748817, 41.06239367], [1.04734316, 41.06249237], [1.04783159, 41.06267638], [1.0476166, 41.06293406000001], [1.04701999, 41.06312319], [1.04625942, 41.06305506], [1.04557869, 41.06263992], [1.04553996, 41.06229376], [1.04569273, 41.06212157], [1.04589791, 41.06221998], [1.04599248, 41.06211692], [1.04561111, 41.06196687], [1.04536857, 41.06164164], [1.04517229, 41.0617191], [1.04558221, 41.06217877], [1.04500317, 41.06246412], [1.04365259, 41.06146894], [1.0436956, 41.06097363], [1.04390505, 41.06072223], [1.04472441, 41.06090183], [1.04472514, 41.06078889], [1.04311865, 41.06022504], [1.04370965, 41.06055727], [1.04353625, 41.06089896], [1.04303878, 41.06116883], [1.04220192, 41.06121757], [1.04158087, 41.06102794000001], [1.04098998, 41.06054816], [1.04006476, 41.06014231], [1.03959499, 41.05945165], [1.03971094, 41.05872087], [1.04000609, 41.05849944], [1.04070421, 41.05881388], [1.0408243, 41.05874107], [1.03908535, 41.05791991], [1.03866209, 41.05789945999999], [1.03927683, 41.05820006], [1.03890442, 41.05860256], [1.03750235, 41.05890331], [1.03673526, 41.05869577], [1.03625821, 41.05819908], [1.03547814, 41.05824838], [1.03486654, 41.05801060000001], [1.03443407, 41.05762807], [1.03429831, 41.05718394], [1.03448738, 41.05689658], [1.03487358, 41.05703486], [1.03495898, 41.05693200999998], [1.03300944, 41.05607033], [1.03290702, 41.05617288], [1.03339973, 41.05640603], [1.03333635, 41.05658447], [1.03291653, 41.05685995], [1.0321335, 41.05702078], [1.02977351, 41.05632948], [1.02910205, 41.05555875000001], [1.02918995, 41.05472713], [1.0284633, 41.0545577], [1.02813799, 41.05419264], [1.02997924, 41.05497756], [1.03006529, 41.05485725], [1.02755268, 41.05385245], [1.02795032, 41.05417872], [1.02764806, 41.05439554], [1.02710737, 41.05449711], [1.0264771, 41.05439483], [1.02541794, 41.05389736], [1.02468159, 41.05337985], [1.0243951, 41.05282374], [1.02442944, 41.05248807], [1.02529934, 41.05232105], [1.02402384, 41.05246635], [1.02338051, 41.05235795], [1.02298568, 41.05190307], [1.02281052, 41.05204483], [1.02240341, 41.05176253], [1.0201221, 41.05158394], [1.01983991, 41.05150305], [1.01981171, 41.05134187], [1.01953133, 41.05193037], [1.01867394, 41.05191299], [1.01549028, 41.05095675], [1.01207059, 41.04919169999999], [1.01069082, 41.04831446], [1.01048865, 41.04839347], [1.00818825, 41.04649469], [1.00584501, 41.04512528], [1.00445674, 41.04375713000001], [1.00441487, 41.04361051], [1.00481974, 41.04329927], [1.00418071, 41.043627330000014], [1.00346373, 41.04313234], [1.00325338, 41.04328095], [1.0009748, 41.04323614], [1.00075948, 41.04313672], [1.00076722, 41.04283521], [1.00056323, 41.04335369], [1.0002546, 41.04338069], [0.99846141, 41.0429973], [0.99742404, 41.04301909], [0.99503734, 41.04265907], [0.99304011, 41.04294431], [0.99193832, 41.04282101], [0.99122564, 41.04268787], [0.99074492, 41.04246254], [0.99065645, 41.04223821], [0.98596983, 41.04056604], [0.98569502, 41.04028776], [0.9820124, 41.03828826], [0.97954931, 41.03665350999999], [0.97372739, 41.03227460999999], [0.97084544, 41.02983527], [0.96888891, 41.02932206], [0.96688057, 41.02849062], [0.9651948, 41.02743046], [0.96122533, 41.02449257], [0.95555276, 41.0195552], [0.95260732, 41.01720006], [0.95106079, 41.01550188], [0.94969439, 41.01375578], [0.94965433, 41.01347667000001], [0.94840167, 41.01277125], [0.94809252, 41.01222628999999], [0.94767594, 41.01206206], [0.94700826, 41.01136425], [0.94687118, 41.01100345], [0.94500764, 41.00998857], [0.94455874, 41.00957992], [0.94448975, 41.0091436], [0.94381545, 41.00885653], [0.94390605, 41.00879062], [0.94328024, 41.00877704], [0.94203744, 41.00750815], [0.94188707, 41.00686664], [0.94082756, 41.006492479999984], [0.9408852, 41.00612146000001], [0.94012843, 41.00551734], [0.94017359, 41.00505342], [0.93937895, 41.00485934], [0.93848786, 41.00372651], [0.93558133, 40.99864961999999], [0.93364961, 40.99465048], [0.93269939, 40.9920109], [0.93126741, 40.99108125], [0.93017483, 40.98988347], [0.93006005, 40.98960657], [0.930875, 40.98836274], [0.92715151, 40.98686608], [0.9269477, 40.98694411], [0.92695115, 40.98705388], [0.9304089, 40.98849966], [0.92932936, 40.99007783], [0.9272714, 40.98926952], [0.92800241, 40.98820097], [0.92794219, 40.98805531], [0.92725184, 40.98778781], [0.92648447, 40.98891503], [0.92490338, 40.98869153], [0.92435288, 40.98848297], [0.92386013, 40.98804066], [0.92441257, 40.98718662], [0.92235697, 40.98635701], [0.92238295, 40.98648358], [0.92385359, 40.98708158], [0.92377529, 40.98747101], [0.92352348, 40.987928], [0.92297779, 40.98836316], [0.92142803, 40.98892824], [0.91989202, 40.98904146000001], [0.91875892, 40.98890816], [0.91720661, 40.98839044], [0.91540751, 40.98749547], [0.9123556, 40.98543381000001], [0.90992993, 40.98348624], [0.9076697, 40.98130496], [0.9041946, 40.97735667], [0.9026131, 40.9769603], [0.90195354, 40.97616823], [0.90047794, 40.97597589], [0.89970482, 40.97601745], [0.89824043, 40.97526288000001], [0.89542095, 40.97240148], [0.89282159, 40.96931804], [0.89095048, 40.9667997], [0.89091401, 40.96661902000001], [0.89125813, 40.96629303000001], [0.89091307, 40.96613936], [0.89055334, 40.96652802], [0.89016856, 40.96643983], [0.88972656, 40.96624662], [0.88965624, 40.96598106], [0.88856371, 40.96547789], [0.88811514, 40.96478895], [0.88819163, 40.96464401], [0.88772988, 40.96465391], [0.88765285, 40.96437976], [0.88722488, 40.96409143], [0.88719093, 40.96363242], [0.88667069, 40.96354352], [0.88594455, 40.96308719000001], [0.88593842, 40.96280085], [0.88560446, 40.962411909999986], [0.88599095, 40.962115719999986], [0.88579, 40.96189288], [0.88502626, 40.96169764], [0.88457503, 40.96203407], [0.88443928, 40.96140709], [0.88357132, 40.96121236], [0.88348123, 40.96100343], [0.88320002, 40.96105944], [0.88285724, 40.96091001], [0.88243918, 40.96061419], [0.88232528, 40.96016289], [0.88214873, 40.960262599999986], [0.88148926, 40.96012564], [0.88154628, 40.96000356], [0.88081289, 40.95994995], [0.88015647, 40.95913287], [0.87972586, 40.95823957000001], [0.87990676, 40.95788882], [0.87980096, 40.95625365], [0.87918379, 40.95556511], [0.87877563, 40.95538817], [0.87838703, 40.95483445], [0.87764917, 40.95465782], [0.87814769, 40.95445776], [0.87816733, 40.95431572], [0.87647825, 40.95352861], [0.87575383, 40.95235898], [0.87524736, 40.95189972], [0.87380499, 40.95115766], [0.87324734, 40.95054639], [0.87292083, 40.95064774], [0.872943, 40.95103312], [0.87244471, 40.95123443], [0.87161568, 40.950987], [0.87112704, 40.95016974], [0.8703727, 40.94944368], [0.86993448, 40.9494091], [0.86902897, 40.9496715], [0.8687715, 40.94927005], [0.86838214, 40.94940796], [0.86832758, 40.94902855], [0.86808247, 40.94890773], [0.86482957, 40.94781355], [0.86358155, 40.94785896], [0.86303626, 40.94748721], [0.86275725, 40.9470032], [0.86239329, 40.94718623], [0.86215929, 40.94706038], [0.86196368, 40.94663899], [0.86149003, 40.94631557], [0.8607031, 40.94522701], [0.8598834, 40.94345508], [0.85990501, 40.9431758], [0.85882539, 40.94193796], [0.85852088, 40.94064486], [0.8572168, 40.93740272], [0.85720347, 40.93658927], [0.85768754, 40.93580032], [0.85731034, 40.93531754], [0.85540082, 40.93425281], [0.85536247, 40.93378992], [0.85511614, 40.93374183], [0.85482033, 40.93332541], [0.85370552, 40.93321233000001], [0.8537338, 40.93290012], [0.85349306, 40.93284826], [0.85292885, 40.93200987], [0.85257743, 40.93199458999998], [0.85230381, 40.93174449], [0.85229261, 40.93148532], [0.85194051, 40.93133373], [0.85189682, 40.9308821], [0.85245514, 40.93064065], [0.85232468, 40.93054679999999], [0.85176425, 40.93072911], [0.8515891, 40.93058876], [0.85161748, 40.93023727], [0.851863, 40.92995775], [0.85231976, 40.92981881], [0.85258695, 40.93031488], [0.85281046, 40.93029679], [0.85241774, 40.92946683], [0.85265756, 40.92916144], [0.85076063, 40.9262092], [0.85050066, 40.92625705], [0.85081366, 40.92681162], [0.85070968, 40.92698587], [0.85111612, 40.92736563], [0.85083162, 40.9274668], [0.8511378, 40.92740053], [0.85217044, 40.92906085], [0.8520394, 40.92911353], [0.85215148, 40.92921713], [0.8514996, 40.92963086000001], [0.8497735, 40.92807326], [0.8496051, 40.92812056], [0.84973507, 40.92803858], [0.84954918, 40.92787091], [0.85020558, 40.9274499], [0.85039137, 40.92748516], [0.85017669, 40.92698935], [0.84956606, 40.92698823], [0.84908756, 40.92671376], [0.8491539, 40.92659817], [0.84841963, 40.92651691], [0.8476362, 40.9267172], [0.84751882, 40.92652837], [0.84809429, 40.926266189999986], [0.84830309, 40.92573496], [0.84795034, 40.92564469], [0.84790696, 40.92537834], [0.84718623, 40.92522824], [0.84726635, 40.92500978], [0.84692235, 40.92503073], [0.84604159, 40.92454607], [0.84618112, 40.92435268], [0.84590684, 40.92398203], [0.8451684, 40.92341967], [0.84485725, 40.92335431999999], [0.84466541, 40.92296872], [0.84333561, 40.92267291000001], [0.84294169, 40.92190306], [0.84323454, 40.92137674], [0.84228596, 40.92127837], [0.84163264, 40.92211959], [0.8414284, 40.92212657], [0.84117994, 40.9219234], [0.84162618, 40.9211872], [0.84130349, 40.92110468], [0.84135597, 40.92076544999998], [0.84047795, 40.92077981], [0.84018941, 40.92030872], [0.83975405, 40.92010906], [0.83938701, 40.92012678], [0.8389511, 40.91972903], [0.83809028, 40.91979872999999], [0.83831555, 40.91936159], [0.83824592, 40.91869986], [0.83804597, 40.91873204999998], [0.83784469, 40.91913667], [0.83672013, 40.918897229999985], [0.83703764, 40.91848623], [0.83660741, 40.91840655], [0.8365346, 40.91825421999999], [0.83749493, 40.91819856], [0.83742686, 40.91790076], [0.83687468, 40.91749344], [0.83663341, 40.91749296], [0.83649218, 40.91726486], [0.83667044, 40.91706030999998], [0.83646865, 40.91681044], [0.83672985, 40.91651296], [0.83645244, 40.91568015], [0.83693989, 40.9149515], [0.83568541, 40.91346676], [0.83549468, 40.91352614], [0.83556772, 40.91379116], [0.83532937, 40.91391982], [0.83565088, 40.91390271], [0.83582911, 40.91422266], [0.83568719, 40.91430718999998], [0.83585744, 40.91425697], [0.83640177, 40.91491483], [0.83632894, 40.91505821], [0.8361657, 40.91516279], [0.83585631, 40.91503763], [0.83597704, 40.91516969], [0.83584011, 40.915265029999986], [0.83506498, 40.915399549999975], [0.83454934, 40.91522341], [0.8337189, 40.91605153], [0.83361434, 40.91600273], [0.83420879, 40.9151726], [0.83481261, 40.91493534], [0.83572388, 40.91490417], [0.83520525, 40.91487426], [0.83504251, 40.91458548], [0.83543368, 40.91443106], [0.83535904, 40.91432778], [0.83491698, 40.91444432], [0.83466786, 40.91436083], [0.83496046, 40.91398504], [0.83455746, 40.91396342], [0.83450379, 40.91375272], [0.8339346, 40.91379525], [0.83400591, 40.91338955], [0.83326217, 40.91342862], [0.83280528, 40.91315224], [0.83223873, 40.91312871], [0.83221843, 40.91298322], [0.83265192, 40.91282743], [0.83262213, 40.91262349], [0.83234031, 40.91251896], [0.83271284, 40.91173278], [0.83354909, 40.91201273], [0.83387015, 40.91188915], [0.83384372, 40.91170562], [0.83362564, 40.91148290999999], [0.83321236, 40.9114892], [0.83272195, 40.91127244], [0.83296445, 40.91082393], [0.83279712, 40.91066531], [0.83187704, 40.91044462], [0.83139799, 40.91036743], [0.83006222, 40.91090967], [0.82957589, 40.91064497], [0.82984077, 40.9104381], [0.82975456, 40.91023174], [0.83020004, 40.90997747], [0.8300961, 40.90980491], [0.8296264, 40.90974337], [0.83000556, 40.9093205], [0.82923408, 40.90945766], [0.82874681, 40.90905521], [0.82819277, 40.90890453], [0.82831167, 40.90856197], [0.82796268, 40.90830237], [0.82708232, 40.90826236], [0.82686174, 40.90838521], [0.82664798, 40.90823426], [0.82656322, 40.90780652], [0.82737171, 40.9076372], [0.82747253, 40.90741518], [0.827159, 40.90718237], [0.82704726, 40.90733889], [0.82681916, 40.9073109], [0.8267515, 40.90694797], [0.82637981, 40.90689989], [0.82633341, 40.90647494], [0.8265427, 40.9062329], [0.82639903, 40.90621866], [0.82682418, 40.90598689], [0.82721538, 40.90597553], [0.82753179, 40.90568876], [0.82741979, 40.90539633], [0.82661689, 40.90502973], [0.82664109, 40.9047551], [0.82625131, 40.90452355], [0.82686415, 40.90421886], [0.82685906, 40.90334116], [0.82654354, 40.90316632], [0.82568004, 40.9034363], [0.82557234, 40.90322691], [0.82577334, 40.90308514], [0.82552967, 40.90306181], [0.82539261, 40.90284269], [0.82498023, 40.90286301], [0.82494865, 40.902642], [0.82463022, 40.90253421], [0.82417692, 40.9026187], [0.82410856, 40.90231413], [0.82506058, 40.90211024], [0.82485983, 40.90181316999998], [0.82509018, 40.90145694999999], [0.8249277, 40.90125635], [0.82470288, 40.90124499], [0.82479585, 40.9011283], [0.82447879, 40.90080886], [0.8244299, 40.90092431], [0.82425692, 40.90085601], [0.82365733, 40.90001123], [0.82323721, 40.89978316], [0.822788, 40.89988123], [0.82252098, 40.89973036], [0.82232067, 40.89888861], [0.82186711, 40.898316], [0.82095069, 40.897896219999986], [0.82080925, 40.89761972], [0.82005856, 40.89751789], [0.81967041, 40.89684841], [0.81981085, 40.89659165], [0.81948897, 40.89660826], [0.81928353, 40.89643702], [0.81950769, 40.89610708], [0.81893686, 40.89603773], [0.81863194, 40.89581281000001], [0.8181539, 40.89508019], [0.81837441, 40.89417849], [0.81783321, 40.8938256], [0.81784416, 40.89329049], [0.81748391, 40.89312424], [0.81685123, 40.8932326], [0.81636773, 40.89358228], [0.81601519, 40.8934086], [0.81618444, 40.89302972], [0.8170049, 40.89269993], [0.81687372, 40.89194262], [0.81544518, 40.89192844], [0.81506985, 40.89221713], [0.81489414, 40.89195501], [0.81417333, 40.89199332], [0.81419507, 40.89173684], [0.81390431, 40.8916563], [0.81393048, 40.891470609999985], [0.81359669, 40.89137727], [0.81336684, 40.89103666], [0.81293418, 40.89081371000001], [0.81268841, 40.89093452], [0.81246616, 40.89080997], [0.81263724, 40.89032978], [0.81249322, 40.89002125], [0.81206703, 40.88999848], [0.81143936, 40.88957771], [0.81094226, 40.88958161], [0.81073278, 40.88925003], [0.81028833, 40.88934202], [0.81063048, 40.88877817], [0.81009306, 40.88820526], [0.80982577, 40.88819469], [0.809706, 40.88782059], [0.80912219, 40.88785579], [0.80899844, 40.88768545], [0.80865533, 40.8878071], [0.80845703, 40.88714435], [0.80774345, 40.88691848], [0.80718712, 40.887096], [0.80701023, 40.88698083], [0.80695247, 40.88657517], [0.80801352, 40.88637785], [0.80812475, 40.88608245], [0.80792242, 40.88568948], [0.80728821, 40.88556229999999], [0.80656843, 40.88489944], [0.80649867, 40.8843383], [0.80636271, 40.88473186], [0.80584271, 40.88467918], [0.80547489, 40.88444258], [0.80545078, 40.88388645], [0.80606434, 40.88380859], [0.80542111, 40.88373562], [0.80559682, 40.88316815], [0.80531876, 40.88228259], [0.80405347, 40.8806939], [0.80283259, 40.87739876], [0.80265668, 40.87754313], [0.80287792, 40.87822741], [0.8026063, 40.87853862], [0.80278686, 40.87882404], [0.8029735, 40.87878905], [0.80362935, 40.88077896], [0.80339428, 40.88090013], [0.80363025, 40.88117871999999], [0.80377538, 40.88110735999999], [0.80475594, 40.8823342], [0.80498035, 40.88300944], [0.80423089, 40.8831456], [0.80401347, 40.88247796], [0.80379301, 40.88242269], [0.80387104, 40.88212297], [0.8036041, 40.88214193], [0.80375902, 40.88242412], [0.80332591, 40.88234209], [0.80248899, 40.88251061], [0.80201623, 40.8828964], [0.80185314, 40.88280727], [0.80227805, 40.88227555], [0.80257893, 40.88225319], [0.8022616, 40.88218093], [0.80256099, 40.88213205], [0.8022591, 40.88215593000001], [0.80222812, 40.88193016], [0.80121788, 40.88160185], [0.80135768, 40.88129367], [0.8031336, 40.88174159], [0.80313624, 40.88154348], [0.80301319, 40.88135503], [0.80169985, 40.88102402], [0.80146, 40.88045423], [0.80240944, 40.88022012], [0.80225411, 40.87983948], [0.80233468, 40.88011241], [0.80198604, 40.88019386], [0.8018625, 40.8799465], [0.80196389, 40.88020352], [0.80170053, 40.8802648], [0.80159569, 40.88000834], [0.80167707, 40.88027101], [0.80141191, 40.88033288], [0.80106994, 40.87952848], [0.80034935, 40.87910904], [0.80056298, 40.8788791], [0.80189259, 40.87960123], [0.8005834, 40.87885732999999], [0.80075209, 40.87868022], [0.80203188, 40.8794497], [0.80219389, 40.87927446], [0.80067589, 40.87848691], [0.79977608, 40.87886408], [0.79964229, 40.87873271999999], [0.79990127, 40.87844158999999], [0.79936668, 40.87832582], [0.79966908, 40.87805659], [0.79964127, 40.87774972], [0.79911889, 40.87773506], [0.79927784, 40.87759038], [0.79879931, 40.87751999], [0.79849373, 40.87767042999999], [0.79807556, 40.87741889], [0.79807535, 40.87711389], [0.79841241, 40.87696603], [0.79827853, 40.87679116], [0.79871084, 40.87653720999999], [0.79828746, 40.87658632], [0.79830205, 40.87640041], [0.7980608, 40.87626754], [0.79752039, 40.8762601], [0.79699564, 40.87597363], [0.7962273, 40.87625503], [0.7959656, 40.87614175], [0.79593004, 40.87581509], [0.79667186, 40.8753099], [0.79651073, 40.87523413], [0.79684098, 40.8748515], [0.79675719, 40.8747192], [0.79710554, 40.87443122], [0.79671854, 40.87426755], [0.79671026, 40.8740377], [0.79624935, 40.87411338], [0.79567822, 40.87462427], [0.79496882, 40.87422437], [0.79498603, 40.87410634], [0.79517927, 40.87401879], [0.79544994, 40.87347928], [0.7957617, 40.87319566], [0.79577139, 40.87241733], [0.7959868, 40.87226246], [0.79561292, 40.87158938999998], [0.79580209, 40.87114885], [0.79536329, 40.87103075], [0.79537027, 40.87064852], [0.79493861, 40.8704157], [0.79523985, 40.87007693000001], [0.79489526, 40.86995919], [0.79524624, 40.86993815999998], [0.79518756, 40.86982921], [0.79536025, 40.86978144], [0.79491819, 40.8696295], [0.79468467, 40.86969745], [0.79425057, 40.86941298], [0.79405918, 40.86912333], [0.79420214, 40.86882738], [0.79398693, 40.86885308], [0.79390609, 40.86867372], [0.79356071, 40.86889824], [0.79312398, 40.86892168], [0.79287045, 40.86877073], [0.79224323, 40.86761747], [0.79207507, 40.86696824], [0.79231058, 40.86675449], [0.79211028, 40.86650512], [0.79139865, 40.86629323], [0.79118748, 40.86594231], [0.79083684, 40.86582543], [0.7905764, 40.86592889], [0.79004791, 40.86585463], [0.78963888, 40.86559196000001], [0.78905185, 40.86578283], [0.78831605, 40.86570609], [0.78806577, 40.86547194], [0.78791266, 40.86482852999998], [0.78677583, 40.86416745], [0.78700346, 40.86367758], [0.78652449, 40.8636773], [0.78618172, 40.86345005], [0.78468413, 40.86319429], [0.78431082, 40.86259775], [0.78413484, 40.86270201], [0.78386005, 40.86241416], [0.78297572, 40.8623877], [0.78218172, 40.86200817], [0.78149716, 40.86119045], [0.78193767, 40.86059336000001], [0.78179111, 40.86042417], [0.78138412, 40.86047525], [0.78118574, 40.8607848], [0.78097292, 40.860813710000016], [0.7800935, 40.86030971], [0.77978758, 40.8604465], [0.77933222, 40.86041845], [0.77887257, 40.85932969000001], [0.77852455, 40.85925696], [0.7781082, 40.85946413], [0.77778589, 40.85932812], [0.77731387, 40.85935523], [0.77709876, 40.85926353], [0.77705209, 40.85899538], [0.77654977, 40.85923664], [0.77625689, 40.85883827], [0.77570336, 40.858862], [0.77554789, 40.85860498999999], [0.77510686, 40.8586634], [0.77487289, 40.8585363], [0.77423063, 40.85894572], [0.77319656, 40.8588082], [0.77262499, 40.85889958], [0.77246712, 40.8584666], [0.77195304, 40.85848135], [0.7708474, 40.85817192], [0.77037656, 40.85787395], [0.77055085, 40.85779589], [0.77051868, 40.85771141], [0.7702584, 40.85793039], [0.76987994, 40.85784245], [0.76970644, 40.8576249], [0.76989031, 40.85741308999999], [0.76972479, 40.85729729], [0.76957191, 40.85744098], [0.76859671, 40.85668512], [0.76812234, 40.85554955], [0.76789747, 40.85549151], [0.76791159, 40.8551804], [0.76745051, 40.85502384], [0.76677528, 40.85502337], [0.76679586, 40.85435416], [0.76637001, 40.85393679], [0.7661496, 40.85391531], [0.76587888, 40.85318497], [0.76561136, 40.85318203], [0.76552372, 40.85278599], [0.76522486, 40.8525469], [0.76522756, 40.85207505], [0.76465445, 40.85183605999999], [0.76484583, 40.85142883999998], [0.76462027, 40.85140267], [0.76454662, 40.85109157], [0.76415544, 40.85110794], [0.76407998, 40.85082635], [0.76375032, 40.85085454], [0.76352175, 40.84996188], [0.76375354, 40.84939423], [0.76364232, 40.84934334], [0.76414835, 40.84919543], [0.76428218, 40.84893707], [0.76408552, 40.84891201], [0.76378363, 40.8482351], [0.76360041, 40.84818425], [0.76363298, 40.84742763], [0.7628093, 40.84754037], [0.76256752, 40.84743218], [0.76281156, 40.84690556], [0.76261187, 40.84649509], [0.76108373, 40.84687563], [0.76065687, 40.84728294], [0.76051, 40.84709715], [0.76043467, 40.84729115], [0.75992468, 40.84727494], [0.75979743, 40.8474046], [0.75940871, 40.84738363], [0.75936023, 40.84724199], [0.75876919, 40.84768097], [0.75811893, 40.8473291], [0.75773437, 40.84761752], [0.75733147, 40.847507], [0.75693274, 40.84764255000001], [0.7568396, 40.84750257], [0.75615502, 40.84741223], [0.75626653, 40.84737693], [0.75606185, 40.84709768], [0.75645471, 40.8470484], [0.75665578, 40.8468546], [0.75646831, 40.84683149], [0.756601, 40.84662879], [0.75647142, 40.84652844999999], [0.75574747, 40.84709192], [0.75527398, 40.8469012], [0.75538888, 40.84666698999999], [0.75380126, 40.84679191], [0.75377579, 40.84667512], [0.75364315, 40.84676361000001], [0.7520495, 40.84628415], [0.75146763, 40.84548987999999], [0.75158591, 40.84525763], [0.75115756, 40.84509039000001], [0.75126279, 40.84498794999999], [0.75101748, 40.84457819], [0.75042515, 40.84398503], [0.75003845, 40.84394046], [0.74992082, 40.84370442], [0.74943961, 40.84384834], [0.74867104, 40.84304167], [0.74905312, 40.84232574], [0.74960742, 40.8421038], [0.74926779, 40.84091026], [0.7486703, 40.84031698], [0.74851682, 40.84025742], [0.74849203, 40.84038709], [0.74807447, 40.84008448], [0.74778443, 40.83948027], [0.74649094, 40.83902174], [0.7452463, 40.83897714], [0.74512584, 40.83860863], [0.74489438, 40.83851259], [0.74499557, 40.83837216], [0.74484865, 40.83836785], [0.74470823, 40.83796184], [0.74496222, 40.83732682], [0.74468599, 40.83701958], [0.74433264, 40.83695429999999], [0.74460578, 40.83688749], [0.74437422, 40.83661661], [0.74453554, 40.83638143], [0.74423493, 40.83634528000001], [0.74383446, 40.83602633], [0.74330869, 40.83473374], [0.74343132, 40.83440845], [0.74301621, 40.83398994], [0.7432278, 40.83365369], [0.74284103, 40.8336726], [0.74272436, 40.83349702], [0.74287978, 40.83304437], [0.74249946, 40.83272274], [0.74234801, 40.83182849], [0.74192749, 40.83093752], [0.74191615, 40.83011501], [0.74162408, 40.83011154], [0.74142837, 40.82957113], [0.74169918, 40.827657840000015], [0.74207926, 40.82724473], [0.74260877, 40.82708638], [0.74190247, 40.82657003], [0.74200241, 40.8257741], [0.7421222, 40.82559521], [0.74345945, 40.82563932], [0.74355938, 40.82555282], [0.74212513, 40.82551916], [0.74171525, 40.82521389], [0.74183509, 40.82513823], [0.74121502, 40.82503439], [0.74113133, 40.82453761], [0.74151578, 40.82437625], [0.74134458, 40.82336577], [0.74040302, 40.82321104], [0.7393611, 40.82376637], [0.73777806, 40.82386927], [0.73723326, 40.824070079999984], [0.73680051, 40.82404771], [0.73662236, 40.82386443], [0.73647559, 40.82413546], [0.73606986, 40.82397401], [0.73611332, 40.82381886], [0.73572471, 40.82398389999999], [0.73504729, 40.82384809], [0.73418318, 40.82321915], [0.73358049, 40.82239699], [0.73284359, 40.82202716], [0.73221366, 40.82103096999999], [0.73203035, 40.82055772], [0.73243366, 40.81903528], [0.73212155, 40.81851122], [0.73080668, 40.81831583], [0.73027786, 40.81794773], [0.72958201, 40.81801024], [0.72930018, 40.81782247], [0.72906912, 40.81792619], [0.72857943, 40.81766965], [0.72855945, 40.81747343], [0.72833259, 40.81759633], [0.7279576, 40.81730719], [0.7271038, 40.81731847], [0.72662002, 40.81712869], [0.72645611, 40.81686306999999], [0.72602992, 40.81675432], [0.72515018, 40.81732336], [0.7248224, 40.81727348], [0.72463702, 40.81683836], [0.72353789, 40.81658365], [0.72310065, 40.81629875], [0.72252428, 40.81639699], [0.72211014, 40.81600239], [0.72178045, 40.81595652], [0.72165755, 40.8154285], [0.72127552, 40.81493076999999], [0.72092639, 40.81467706], [0.72029603, 40.814520929999986], [0.71939274, 40.81357602], [0.71859748, 40.81338528], [0.71815281, 40.81364707], [0.71790327, 40.81363258], [0.7172617, 40.81299485000001], [0.71638199, 40.81262577999998], [0.71585224, 40.81291407], [0.71531637, 40.81291066], [0.71439025, 40.81193247], [0.71455106, 40.81148195], [0.71393028, 40.81198713], [0.71293373, 40.81184924], [0.71150721, 40.81019819], [0.71079317, 40.80890847], [0.7106784, 40.80746945], [0.71024782, 40.80759096], [0.71023997, 40.80780748], [0.70977485, 40.80783816], [0.70978516, 40.80796921], [0.71010632, 40.80807469], [0.70971988, 40.80815839000001], [0.71034158, 40.80816864], [0.71024814, 40.80879136], [0.71107847, 40.81014924], [0.71094945, 40.81022612999998], [0.7111635, 40.81044845], [0.71130983, 40.8103647], [0.71238711, 40.81151651], [0.71151456, 40.81214431], [0.71097445, 40.81189904], [0.71093757, 40.81149594], [0.71128381, 40.81108712000002], [0.71117812, 40.81104404], [0.71072752, 40.81166742], [0.71042024, 40.81157061], [0.71084601, 40.81077632], [0.71038904, 40.81156081000001], [0.71004985, 40.81145427], [0.71033061, 40.810933], [0.71002235, 40.81144742], [0.70979475, 40.81127446], [0.70991758, 40.81071943], [0.71050481, 40.81049401], [0.70930895, 40.81088776], [0.70917317, 40.81065798], [0.71024725, 40.81027866], [0.70890163, 40.81061845], [0.70881647, 40.81046786], [0.70994557, 40.8100709], [0.70869529, 40.81047888], [0.70851286, 40.81016143], [0.70964167, 40.80976249], [0.70808041, 40.81017208], [0.708088, 40.80985898999999], [0.70928383, 40.80946777], [0.70935623, 40.80958928], [0.70967528, 40.809485], [0.7095914, 40.8093325], [0.70816367, 40.80980041], [0.70734894, 40.80991674], [0.70752257, 40.80971133], [0.70689916, 40.81005185], [0.70669044, 40.8099751], [0.70600624, 40.80925976], [0.70562406, 40.80854723], [0.70516617, 40.80825294000001], [0.70507931, 40.80749198], [0.704578, 40.80712017], [0.70381609, 40.8068318], [0.70349015, 40.80642826], [0.7028528, 40.80644719], [0.70276075, 40.80600219], [0.70295845, 40.80586278], [0.70253747, 40.80554875], [0.70245716, 40.805635119999984], [0.70219264, 40.80551941999999], [0.70210167, 40.80528368], [0.7019384, 40.8053569], [0.70042644, 40.80416471], [0.69997375, 40.80328231], [0.69956494, 40.80067070000001], [0.70088061, 40.79779159], [0.7034756, 40.79374968], [0.70430433, 40.79213055], [0.70669099, 40.789122810000016], [0.70930152, 40.78656913999998], [0.70962734, 40.78594497999999], [0.70900363, 40.78613461], [0.70893291, 40.786019979999985], [0.7096197, 40.78566249], [0.71027902, 40.78562996], [0.71156282, 40.78475962], [0.71422125, 40.78244253], [0.71770802, 40.77985456], [0.71947507, 40.7789765], [0.72093626, 40.77875724], [0.72099943, 40.77865195], [0.72068056, 40.77863327999999], [0.72073467, 40.77852707], [0.72198327, 40.77862334000001], [0.72237844, 40.77805827000001], [0.72256868, 40.77719676], [0.72448142, 40.77539401], [0.72470621, 40.77535872], [0.72568545, 40.77402366000001], [0.72641242, 40.77372669], [0.7268062, 40.77267588], [0.72855987, 40.77058961], [0.72900559, 40.77016881], [0.72944636, 40.77020658], [0.7292103, 40.76991576999998], [0.72930451, 40.76981412], [0.72984979, 40.77018525], [0.73023567, 40.76947566], [0.73539507, 40.76754245], [0.73634456, 40.76710873], [0.73696623, 40.76662596], [0.73703443, 40.76677709], [0.73567343, 40.76750215], [0.73551391, 40.76775123], [0.73738784, 40.76766019], [0.73734059, 40.76755838], [0.7357158, 40.76760459], [0.73757331, 40.76659031], [0.73762327, 40.76724434], [0.73659242, 40.76738391], [0.73763946, 40.76735031], [0.73790968, 40.76796903], [0.73839598, 40.7681552], [0.73867295, 40.76859615], [0.73812495, 40.7674101], [0.73790903, 40.76742234], [0.73781521, 40.76658046], [0.73838274, 40.76668401], [0.73846288, 40.76715397], [0.73844578, 40.76669056], [0.73900806, 40.76675328000001], [0.73898839, 40.76712383], [0.73921714, 40.76711048], [0.7391, 40.76673203], [0.73961779, 40.76653473], [0.73972326, 40.76729919999999], [0.73836108, 40.76739580999999], [0.73851574, 40.76786228], [0.73877368, 40.7681309], [0.73900459, 40.76812732], [0.73889818, 40.768298989999984], [0.73908579, 40.76838806], [0.73962778, 40.76764844], [0.73999839, 40.76746943], [0.74011423, 40.76699484000001], [0.73999237, 40.76642362], [0.74017673, 40.76622042], [0.74942218, 40.76437159], [0.74968392, 40.7645564], [0.74980282, 40.76425913], [0.74995648, 40.76424852], [0.75018806, 40.76475152], [0.75010159, 40.76369757], [0.75030517, 40.76438431], [0.75031783, 40.76361946], [0.75422278, 40.76304232], [0.75421619, 40.76361796], [0.75368849, 40.76374234], [0.75371894, 40.76364007], [0.75317189, 40.76361807], [0.75389683, 40.76311758], [0.75282011, 40.76348583], [0.75262583, 40.76348222], [0.75274716, 40.7633374], [0.75258152, 40.76336985], [0.7523523, 40.76353454], [0.7523489, 40.76383569], [0.75335942, 40.7638397], [0.75359063, 40.76396752], [0.75354023, 40.76413426], [0.75395303, 40.76375975], [0.75411559, 40.76406872], [0.75445227, 40.76397394], [0.75447755, 40.76306854], [0.75464446, 40.76446562000001], [0.75490136, 40.76366147], [0.75461545, 40.76324435], [0.75472817, 40.76297514], [0.75831091, 40.76290989], [0.75812863, 40.76283105000001], [0.75831448, 40.7627753], [0.75864423, 40.76290403], [0.75958515, 40.76266973], [0.75857484, 40.76279027000001], [0.75854086, 40.76274754], [0.76036244, 40.76250648], [0.76062452, 40.76236078], [0.76087053, 40.7624786], [0.76064059, 40.76241505], [0.76038012, 40.76253024], [0.75989727, 40.76261797], [0.76026328, 40.76272524], [0.76114711, 40.76260683000001], [0.76080613, 40.76230089], [0.76130699, 40.76250248], [0.76136102, 40.76297867000001], [0.76165492, 40.76334964], [0.76191153, 40.76306691], [0.76167005, 40.76326589], [0.76174402, 40.76302115], [0.76140317, 40.762587660000015], [0.76164532, 40.76266505], [0.76198198, 40.76245377999999], [0.76232892, 40.76176323], [0.76259279, 40.76189248], [0.76279996, 40.76177661], [0.76307729, 40.76206266], [0.76325413, 40.76203177], [0.76322688, 40.76237074], [0.76350908, 40.7621939], [0.76392493, 40.76235887], [0.76375366, 40.76288772], [0.76441866, 40.76226107], [0.76353142, 40.76359429], [0.76408071, 40.76299152], [0.76479427, 40.76254866], [0.76500692, 40.76271474], [0.76516991, 40.76260206], [0.76512093, 40.76289701], [0.76558151, 40.76331496999999], [0.76595265, 40.763015], [0.76572511, 40.76334973], [0.7658163, 40.76365829], [0.76611605, 40.763325139999985], [0.76666987, 40.763262], [0.76634224, 40.76312946], [0.76791507, 40.76351715], [0.76781747, 40.76384926], [0.76818017, 40.76358894], [0.7681642, 40.76390326], [0.76874217, 40.76353955], [0.76905051, 40.76352299], [0.7698611, 40.76293759], [0.77040846, 40.76298942999998], [0.76939505, 40.76247712], [0.76827991, 40.76366707], [0.76940548, 40.76244147], [0.77257622, 40.7639172], [0.77248542, 40.76402507], [0.77177471, 40.7635752], [0.77131653, 40.76339628], [0.7711986, 40.76347615], [0.77156032, 40.76363789], [0.77140494, 40.7639625], [0.77208641, 40.7639898], [0.77224213, 40.764336], [0.77266759, 40.76405444], [0.77201175, 40.76502964], [0.7723605, 40.764729029999984], [0.77288581, 40.76459731], [0.77310906, 40.764954], [0.77342274, 40.76501896], [0.77333623, 40.76522176000001], [0.77364462, 40.7654947], [0.77410038, 40.76547008], [0.77418961, 40.76560781], [0.77479821, 40.76543706], [0.77392126, 40.76665148], [0.7746159, 40.76590509], [0.77479812, 40.76600049], [0.7752523, 40.76585269], [0.77537337, 40.76597393], [0.77525794, 40.76618789], [0.77581214, 40.76629847], [0.77543703, 40.76647697], [0.77535239, 40.76691149], [0.77572348, 40.76727642], [0.7758147, 40.76764596], [0.7765012, 40.76738879], [0.77674266, 40.76714312], [0.77685237, 40.76653542], [0.77646914, 40.766506329999984], [0.7763102, 40.76670017], [0.77617086, 40.76659749999999], [0.77642944, 40.76645314], [0.7769943, 40.76649303], [0.77707256, 40.76606803], [0.77715828, 40.76720689], [0.77721193, 40.76653587], [0.77750477, 40.76629487999998], [0.7772352, 40.76624645], [0.77719839, 40.76610666], [0.77787286, 40.76643024], [0.77751961, 40.76670627], [0.77708058, 40.76749066], [0.77725933, 40.76739556], [0.77728974, 40.76750685000001], [0.77801069, 40.76648208], [0.77818511, 40.76650264], [0.77695678, 40.76865944], [0.77711557, 40.76876519], [0.77805619, 40.76852606], [0.77799021, 40.76793938], [0.77791154, 40.76821314], [0.77751572, 40.7681203], [0.77792173, 40.76739184], [0.77815648, 40.76730142], [0.78062607, 40.76808867], [0.78077934, 40.76827844], [0.78149932, 40.76827121], [0.7815943, 40.76852885], [0.78129934, 40.76848481], [0.78070875, 40.76876178], [0.7801212, 40.76952026], [0.78061328, 40.76941605], [0.78070221, 40.7695527], [0.78116482, 40.76934055], [0.78086543, 40.76955755], [0.78113079, 40.76967606], [0.78096679, 40.77008969], [0.78156387, 40.76953595], [0.78156675, 40.76911823], [0.78202185, 40.76875434], [0.78194235, 40.76833044], [0.78235043, 40.76755616], [0.78212796, 40.76862388], [0.78230496, 40.7696464], [0.78263213, 40.76927788], [0.78264546, 40.7691977], [0.7824556, 40.76898228], [0.78238917, 40.76880301], [0.78245329, 40.76870237], [0.7826709, 40.76862864], [0.78273467, 40.76791169], [0.78242759, 40.76795776], [0.78257138, 40.76762751], [0.78271028, 40.76767621], [0.78283177, 40.76792031], [0.78276131, 40.7687781], [0.78441466, 40.76941275], [0.78394689, 40.76981244], [0.78423163, 40.76940149], [0.78288438, 40.76892495], [0.78264923, 40.76868884], [0.78246039, 40.76873115], [0.78261548, 40.76906597], [0.78300381, 40.76923819], [0.78270361, 40.76967568], [0.7830368, 40.76971775], [0.78369695, 40.76946877], [0.78385163, 40.76960235], [0.78285749, 40.771308199999986], [0.78452565, 40.76940263], [0.78359816, 40.77064434], [0.78382815, 40.77069722], [0.78429159, 40.77046004], [0.78467343, 40.76991512], [0.78415459, 40.77115990999999], [0.78303437, 40.7728728], [0.78274751, 40.77306905], [0.78230221, 40.77296672], [0.77671523, 40.77513899], [0.769943, 40.77747669], [0.76854891, 40.77839048], [0.76768721, 40.77874807], [0.76551005, 40.77936094], [0.76437979, 40.7794719], [0.76127216, 40.78075411], [0.7565725, 40.7817365], [0.75558624, 40.7822039], [0.75235393, 40.78317574], [0.75208667, 40.78332087], [0.75161796, 40.78413665], [0.75086109, 40.78461361], [0.74970418, 40.78479804], [0.7488951, 40.78469389], [0.74457873, 40.78590665], [0.74214776, 40.78639008], [0.7418909, 40.78653845], [0.74190163, 40.78711712], [0.74141087, 40.78740745999998], [0.74044468, 40.78767246], [0.73909002, 40.78765744], [0.73798384, 40.78789481], [0.73659481, 40.7875204], [0.73604706, 40.78756207999999], [0.73527829, 40.78804997], [0.73522578, 40.78836771000001], [0.73553898, 40.7887728], [0.73509625, 40.78898092], [0.73416453, 40.7888094], [0.73479519, 40.78802012], [0.73419116, 40.78792539], [0.73292627, 40.78859807], [0.73256026, 40.78896505], [0.73248209, 40.78941641], [0.73299833, 40.78968823], [0.73342233, 40.78940742000001], [0.73315497, 40.7897903], [0.73345931, 40.79005183], [0.73448457, 40.79054694], [0.73553507, 40.79078465000001], [0.73592282, 40.79102276], [0.73574998, 40.79124726], [0.73479853, 40.79124029], [0.73291703, 40.79073655], [0.7312147, 40.7906275], [0.7309758, 40.79035897], [0.73070503, 40.79042723], [0.73063444, 40.7907321], [0.73011266, 40.79047692], [0.73033792, 40.79029724], [0.73024185, 40.79014267], [0.72921864, 40.79004741], [0.729139, 40.79020743], [0.72948081, 40.79041917], [0.72927563, 40.79039207], [0.72799296, 40.78979385], [0.72812661, 40.78963831], [0.72771813, 40.78971025], [0.72762382, 40.78952526], [0.72741242, 40.78960081999998], [0.72683652, 40.78910189], [0.72613489, 40.78884233], [0.72634857, 40.78848814], [0.72568811, 40.78843242], [0.72555003, 40.78826261], [0.72593978, 40.78759338], [0.72521808, 40.78774885], [0.72524536, 40.78815779], [0.7255032, 40.78900958], [0.72576806, 40.78928079], [0.72791606, 40.79050924], [0.72977794, 40.79113518], [0.73492802, 40.7921062], [0.73650657, 40.79221412], [0.73804575, 40.79260236], [0.73846035, 40.79289144], [0.74332553, 40.79310699], [0.74381162, 40.79339618], [0.74597289, 40.79380134999999], [0.7524314, 40.79416952], [0.75732894, 40.79395959], [0.76072311, 40.79328458], [0.76376499, 40.79285963], [0.76695466, 40.79195654], [0.76826585, 40.79142534000001], [0.77020607, 40.7904878], [0.77319522, 40.78861379], [0.77557352, 40.78685015], [0.77845035, 40.78431556], [0.78250189, 40.78006061], [0.79621917, 40.76331536], [0.79819783, 40.76248634], [0.79821878, 40.76225714], [0.79787803, 40.76203238], [0.79895346, 40.76082985], [0.80403922, 40.75658789], [0.80549738, 40.75515947], [0.80626051, 40.754661], [0.80641344, 40.75437629000001], [0.80536642, 40.75384735], [0.80561553, 40.75380399], [0.8055401, 40.75359808], [0.8061568, 40.75409731], [0.80674325, 40.75424519], [0.81266834, 40.74788309], [0.81748606, 40.74289969], [0.81792119, 40.74268552], [0.81862862, 40.74173499], [0.82010133, 40.74028719], [0.8229931, 40.73774191], [0.82651603, 40.73505522], [0.83042478, 40.732963439999985], [0.83551238, 40.73123116], [0.83827317, 40.730802269999984], [0.84072336, 40.73059999], [0.84509439, 40.73074215], [0.84823505, 40.73124008], [0.85073096, 40.73187183], [0.85307696, 40.73284754], [0.85429815, 40.73367338], [0.85519433, 40.733488989999984], [0.85793916, 40.73395173], [0.85853155, 40.73385337], [0.85868594, 40.73410539], [0.85944363, 40.73382643], [0.85943497, 40.7339821], [0.85975918, 40.73412666], [0.85845427, 40.73501123], [0.85475356, 40.73466512999999], [0.85353182, 40.73372299], [0.85296133, 40.73382857], [0.85231003, 40.7337407], [0.85207983, 40.7334905], [0.85150709, 40.73393455], [0.84996533, 40.73306252], [0.84929554, 40.7330268], [0.84906242, 40.73246677], [0.84873371, 40.73251081], [0.84836298, 40.73232987], [0.84825931, 40.73196448], [0.84773979, 40.73154323], [0.84705803, 40.73149384], [0.8467945, 40.73174556], [0.84581452, 40.73143712000001], [0.84554052, 40.73116538], [0.84527083, 40.73121889], [0.84748413, 40.73262334], [0.85010434, 40.733952549999984], [0.85108066, 40.7347772], [0.85229469, 40.73503113], [0.85314451, 40.73539779], [0.86025883, 40.7357874], [0.86151662, 40.73667312], [0.86139743, 40.7368671], [0.85976567, 40.73715958], [0.85946962, 40.73711896], [0.85911376, 40.7368051], [0.85893429, 40.7369804], [0.85918284, 40.73743521], [0.85893363, 40.73732241], [0.85873185, 40.73689376999999], [0.85877414, 40.73732891], [0.85855521, 40.73696228], [0.85835125, 40.73698948], [0.85841902, 40.73718026000002], [0.85876476, 40.73752915], [0.85930879, 40.73764743], [0.86150611, 40.7372486], [0.86243077, 40.73677131], [0.86306371, 40.73610989], [0.86448208, 40.73268034], [0.86632295, 40.73026069], [0.86739736, 40.73019183], [0.86886389, 40.7297717], [0.87154191, 40.72943128], [0.87176717, 40.7305332], [0.87215157, 40.72971077], [0.87310843, 40.72606074], [0.87383504, 40.72215658], [0.87455807, 40.72043446], [0.87420956, 40.71994604], [0.8741583, 40.71938185], [0.8733368204751788, 40.71935477397759], [0.87354237, 40.71800239999999], [0.87378716, 40.71765009], [0.87429235, 40.71758419], [0.87395919, 40.71747076]], [[2.7778709, 42.214839560000016], [2.7764466, 42.21607298], [2.7778808187292565, 42.214801364617685], [2.7778709, 42.214839560000016]], [[2.77797099, 42.21445413], [2.7779186526742654, 42.214655672366455], [2.7778519401203376, 42.21427697297492], [2.77797099, 42.21445413]], [[2.777916890660304, 42.213811079256324], [2.7778014997570843, 42.213990644034595], [2.77779524, 42.21395511], [2.777916890660304, 42.213811079256324]], [[2.779682202639358, 42.21196142111047], [2.77967598, 42.21197967], [2.778883587260339, 42.21266653939223], [2.7791809, 42.21231453], [2.779682202639358, 42.21196142111047]], [[2.78022682, 42.21135812], [2.77981869, 42.21156115], [2.7802796174127096, 42.211281646573696], [2.78022682, 42.21135812]], [[2.78427114, 42.20603636], [2.7842066552782585, 42.20609531450585], [2.78483727, 42.20505609], [2.78427114, 42.20603636]], [[2.7847125962062416, 42.20348842974635], [2.78472819, 42.20353219], [2.784573861708825, 42.2043523409757], [2.7845309, 42.20423756000001], [2.7847125962062416, 42.20348842974635]], [[2.80749025, 42.20205173], [2.807436919830009, 42.20203957433329], [2.807615099648388, 42.20201080383069], [2.80749025, 42.20205173]], [[2.80806593, 42.20186302], [2.807936590727181, 42.20190541788454], [2.80820689, 42.20125978], [2.80806593, 42.20186302]], [[2.92878188, 42.11495593], [2.92802602, 42.11535905], [2.928852900440454, 42.11489019748948], [2.92878188, 42.11495593]], [[2.9320596466967626, 42.11385760903754], [2.931616289214554, 42.113722608657106], [2.93176834, 42.11369689], [2.9320596466967626, 42.11385760903754]], [[2.932496973952634, 42.11475557877092], [2.93246881, 42.11474347], [2.9323060272711756, 42.11399354154176], [2.93240323, 42.11404717], [2.932496973952634, 42.11475557877092]], [[2.94787599, 42.11427644], [2.947844124113205, 42.114270704213276], [2.9489920308303676, 42.11404699218553], [2.94787599, 42.11427644]], [[2.94995366, 42.11384929], [2.9498788366680078, 42.11386467299454], [2.95122268, 42.11333616999998], [2.94995366, 42.11384929]], [[2.95373149, 42.11288773], [2.9535462970951545, 42.113012457857465], [2.9539235487046525, 42.11255598764151], [2.95373149, 42.11288773]], [[2.9543092529015587, 42.112138011122035], [2.954243176232183, 42.112169241918366], [2.95427355, 42.11213249], [2.9543092529015587, 42.112138011122035]], [[2.98078786, 42.04830343], [2.97938318, 42.04994238], [2.9807790852893716, 42.04829888872141], [2.98078786, 42.04830343]], [[2.97177321, 42.03495493], [2.9741790771948904, 42.03551743345705], [2.97371483, 42.03543572], [2.97177321, 42.03495493]], [[2.96899673, 42.034565], [2.97059911, 42.03477737], [2.97011663, 42.03479972], [2.96899673, 42.034565]], [[2.95285713, 42.01769373], [2.9528284851750866, 42.01778969487614], [2.95257681, 42.01734924], [2.95285713, 42.01769373]], [[0.5780270633779374, 41.82705048091237], [0.57801851, 41.82691821], [0.57860797, 41.82543185], [0.5780270633779374, 41.82705048091237]], [[0.5803217750991103, 41.822572318200656], [0.58036676, 41.822417739999985], [0.5811104768159582, 41.82082328571522], [0.5803217750991103, 41.822572318200656]], [[0.5815313421849473, 41.8199209925621], [0.58166572, 41.8196329], [0.58409568, 41.81522321], [0.5815313421849473, 41.8199209925621]], [[0.59039183, 41.80310327], [0.59120781, 41.80165190000001], [0.591701, 41.80099741], [0.59039183, 41.80310327]], [[0.5936610580243787, 41.799190446164815], [0.59348405, 41.79940191], [0.591701, 41.80099741], [0.5936610580243787, 41.799190446164815]], [[0.68714356, 41.70520581000001], [0.6890311789136876, 41.70383349965249], [0.6889571, 41.70393409], [0.68714356, 41.70520581000001]], [[0.6891831860830024, 41.703627092009285], [0.6893772061103643, 41.70331188327679], [0.68935483, 41.70339402], [0.6891831860830024, 41.703627092009285]], [[0.6897350152546545, 41.70212377858261], [0.68974506, 41.70208649], [0.689903552284628, 41.70186917616334], [0.6897350152546545, 41.70212377858261]], [[0.6908616670833524, 41.700421788929056], [0.6910301776145834, 41.699852779171536], [0.69090055, 41.70036305], [0.6908616670833524, 41.700421788929056]], [[0.6918328207847966, 41.69669322557841], [0.6918682, 41.69642208000001], [0.6919209334045847, 41.696346375876345], [0.6918328207847966, 41.69669322557841]], [[0.6922308427313355, 41.69590146976452], [0.69243459, 41.69560897], [0.69301467, 41.695213129999985], [0.6922308427313355, 41.69590146976452]], [[0.7658784646358939, 41.68029013875589], [0.7659142386425528, 41.68018906618573], [0.76590366, 41.68028014], [0.7658784646358939, 41.68029013875589]], [[0.7659523429869249, 41.67986101767055], [0.76604172, 41.67749566], [0.76599481, 41.67949541], [0.7659523429869249, 41.67986101767055]], [[0.73689588, 41.65831509], [0.736888859564851, 41.64881615204932], [0.73690432, 41.64883759], [0.73689588, 41.65831509]], [[0.7285922500321469, 41.64044969024514], [0.72852632, 41.64034378], [0.72878265, 41.63923379], [0.7285922500321469, 41.64044969024514]], [[0.73157209, 41.63220094], [0.7315257918376459, 41.63221650422692], [0.73148237, 41.63192455], [0.7315660155609031, 41.631840666863226], [0.73157209, 41.63220094]], [[0.7316536580589996, 41.63175277543689], [0.73170418, 41.63170211], [0.731795681702331, 41.63169124137544], [0.7316536580589996, 41.63175277543689]], [[0.732630878242231, 41.63159203625257], [0.73291852, 41.63155787], [0.7331692449298935, 41.63159717918549], [0.732630878242231, 41.63159203625257]], [[0.7566154338411359, 41.535360767476725], [0.75080136, 41.53119145], [0.75649793, 41.535226], [0.7566154338411359, 41.535360767476725]], [[0.69334699, 41.48045398], [0.6930702192800277, 41.47786497277887], [0.69332267, 41.47921509], [0.69334699, 41.48045398]], [[0.6929850518234127, 41.47740949358726], [0.69240986, 41.47682533], [0.69296734, 41.47731476999998], [0.6929850518234127, 41.47740949358726]], [[0.6281152544747831, 41.45242275170089], [0.62810416, 41.45241428], [0.62793418, 41.45195415], [0.6281152544747831, 41.45242275170089]], [[0.6136601968927897, 41.2907392896887], [0.61367762, 41.29073167], [0.61416765, 41.29091656], [0.6136601968927897, 41.2907392896887]], [[0.62407736, 41.29225282], [0.6262991129334895, 41.29184207927684], [0.62527774, 41.29211547], [0.62407736, 41.29225282]], [[0.6264358530353171, 41.29180547807653], [0.6277238, 41.29091938], [0.62655237, 41.291774289999985], [0.6264358530353171, 41.29180547807653]], [[0.6282225356875234, 41.290884476564784], [0.6282805, 41.29088042], [0.6283032343181276, 41.2909406320527], [0.6282225356875234, 41.290884476564784]], [[0.6578802, 41.30230377], [0.6597946068811121, 41.30300219926395], [0.65976752, 41.30299966], [0.6578802, 41.30230377]], [[0.6614711394262565, 41.30324439436103], [0.6615072, 41.30324939], [0.6615198426713189, 41.30326785481382], [0.6614711394262565, 41.30324439436103]], [[0.66201689, 41.3039938], [0.661981022051738, 41.30470510072258], [0.66194176, 41.30452547], [0.66201689, 41.3039938]], [[0.6620428923982002, 41.30498816832982], [0.6622720907739255, 41.30561064133182], [0.66216145, 41.30553059], [0.6620428923982002, 41.30498816832982]], [[0.6624201758376289, 41.30571778453185], [0.66358828, 41.30611439], [0.66262254, 41.3058642], [0.6624201758376289, 41.30571778453185]], [[0.6641518958944888, 41.30681375244674], [0.66404187, 41.3067919], [0.66358828, 41.30611439], [0.6641518958944888, 41.30681375244674]], [[0.66449139, 41.30688118], [0.6642655241812445, 41.30683632037129], [0.66562164, 41.30657176], [0.6658666615071996, 41.306601840048515], [0.66449139, 41.30688118]], [[0.6659747766459585, 41.3066151127961], [0.66602599, 41.3066214], [0.6663527327444103, 41.30709489519163], [0.6659747766459585, 41.3066151127961]], [[0.66658393, 41.30738838], [0.6665604322905173, 41.30735855170145], [0.66808697, 41.30798087], [0.6681049686242025, 41.30802230395858], [0.66658393, 41.30738838]], [[0.66950158, 41.30961454], [0.6695971791661052, 41.30878621808103], [0.66961808, 41.30879187], [0.6695097895194592, 41.30962297860933], [0.66950158, 41.30961454]], [[0.6696390069563674, 41.309755801909716], [0.6697602827855808, 41.30985270956915], [0.66973666, 41.30985618], [0.6696390069563674, 41.309755801909716]], [[0.75140963, 41.318157350000014], [0.7518627030978287, 41.317820160551804], [0.7513662754251477, 41.318349747347746], [0.75140963, 41.318157350000014]], [[0.7513389467595252, 41.31847102550122], [0.75167106, 41.31885403], [0.75132897, 41.3185153], [0.7513389467595252, 41.31847102550122]], [[0.7518951483672511, 41.31957309066653], [0.75191782, 41.31964584], [0.7515781634343506, 41.32013634718857], [0.7518951483672511, 41.31957309066653]], [[0.7513965134548406, 41.32045912447251], [0.7513821103190794, 41.32056351197527], [0.75137898, 41.32049028], [0.7513965134548406, 41.32045912447251]], [[0.754405, 41.3267921], [0.7538401271359824, 41.32816964794948], [0.75383598, 41.32811861], [0.754405, 41.3267921]], [[0.7538518706779053, 41.328314173304314], [0.7540528011698231, 41.328844497313156], [0.75387881, 41.32864571], [0.7538518706779053, 41.328314173304314]], [[0.75418671, 41.32899749], [0.7541507895175689, 41.328956450353004], [0.75527034, 41.32930775], [0.7552848651742028, 41.32933745778777], [0.75418671, 41.32899749]], [[0.7558242003044994, 41.330365407561615], [0.75742347, 41.33137862000001], [0.75583582, 41.33038862], [0.7558242003044994, 41.330365407561615]], [[0.7626116066802398, 41.334563177207066], [0.76326516, 41.33441935], [0.76267364, 41.334590779999985], [0.7626116066802398, 41.334563177207066]], [[0.7907875933421219, 41.33189748088946], [0.79248418, 41.33133472], [0.79099141, 41.33187072], [0.7907875933421219, 41.33189748088946]], [[0.81088311, 41.32853379], [0.8115244716640762, 41.329036782421326], [0.81143707, 41.32902601], [0.81088311, 41.32853379]], [[0.8116530238779219, 41.329052626726174], [0.8124927002988764, 41.32890112105225], [0.81183536, 41.3290751], [0.8116530238779219, 41.329052626726174]], [[0.8126291, 41.32886502], [0.8125645312565956, 41.32888210947718], [0.8128755320674881, 41.32855644052413], [0.81291008, 41.32862042], [0.8126291, 41.32886502]], [[0.8125759981788657, 41.32800173233162], [0.81254425, 41.32795831], [0.8125469409990342, 41.32794792120601], [0.8125759981788657, 41.32800173233162]], [[0.812557752640153, 41.327906182093216], [0.812623, 41.32765429], [0.81286039, 41.32751604], [0.812557752640153, 41.327906182093216]], [[0.8142904118794476, 41.326863535226224], [0.81443468, 41.3268225], [0.8146263129331098, 41.32686491981424], [0.8142904118794476, 41.326863535226224]], [[0.8154951900924434, 41.32705725422722], [0.81562374, 41.327085709999984], [0.8156887685207018, 41.32713293376872], [0.8154951900924434, 41.32705725422722]], [[0.8165103171459874, 41.32772954310056], [0.8169737578160766, 41.32806609412142], [0.81693435, 41.32805761], [0.8165103171459874, 41.32772954310056]], [[0.8170188345565549, 41.3280757987074], [0.8175097, 41.32808932999998], [0.81851208, 41.32839728], [0.8170188345565549, 41.3280757987074]], [[0.8194184391800514, 41.32861313100606], [0.8195312, 41.32874569], [0.81958883, 41.32937588], [0.8194184391800514, 41.32861313100606]], [[0.82016454, 41.33096888999999], [0.82075678, 41.331537910000016], [0.8207651030714707, 41.33156916363884], [0.82016454, 41.33096888999999]], [[0.8208078694756711, 41.33172975408375], [0.82092968, 41.33218716], [0.8209083575421514, 41.332398441279494], [0.8208078694756711, 41.33172975408375]], [[0.8208552953197095, 41.33292422748717], [0.82085046, 41.33297213999999], [0.8208280177984639, 41.33297704893361], [0.8208552953197095, 41.33292422748717]], [[0.82140334, 41.33422447], [0.8222526, 41.33473809], [0.8222491733861031, 41.33475011001695], [0.82140334, 41.33422447]], [[0.8225084490683024, 41.338271658498066], [0.82339205, 41.33882157], [0.82250499, 41.33828572], [0.8225084490683024, 41.338271658498066]], [[0.8243114148911123, 41.33875223676675], [0.82433829, 41.33875021], [0.8244527766959523, 41.33880920224668], [0.8243114148911123, 41.33875223676675]], [[0.8246592139701221, 41.338915574419445], [0.82490061, 41.33903996], [0.82572652, 41.34008199], [0.8246592139701221, 41.338915574419445]], [[0.82567521, 41.34059342], [0.82616366, 41.34125799], [0.8261586870841738, 41.341371122317064], [0.82567521, 41.34059342]], [[0.82982458, 41.35233116], [0.83033231, 41.35322561], [0.8303223338317439, 41.35325913991673], [0.82982458, 41.35233116]], [[0.830092579021386, 41.35403134618482], [0.82995209, 41.35450353], [0.8299169470586596, 41.354518141254], [0.830092579021386, 41.35403134618482]], [[0.93901299738645, 41.31908160347943], [0.93912386, 41.319019639999986], [0.94015163, 41.31942925], [0.93901299738645, 41.31908160347943]], [[0.9522870106193269, 41.31688269437292], [0.95260961, 41.31686273], [0.9527307151904568, 41.31692253794601], [0.9522870106193269, 41.31688269437292]], [[0.952980842478396, 41.31704606361224], [0.95305604, 41.3170832], [0.9531054349573206, 41.317291902084854], [0.952980842478396, 41.31704606361224]], [[0.9700940689173355, 41.32794485772189], [0.97010577, 41.3279407], [0.97243975, 41.32858396], [0.9700940689173355, 41.32794485772189]], [[0.9734987676470077, 41.328313746336654], [0.97353771, 41.32830381], [0.9735613846761885, 41.328313695644866], [0.9734987676470077, 41.328313746336654]], [[0.9744807069233086, 41.32869756967041], [0.9747458214849958, 41.32880827143396], [0.97472441, 41.32880757], [0.9744807069233086, 41.32869756967041]], [[0.9761589121440514, 41.3289551565541], [0.97647266, 41.32898531], [0.9766862439639346, 41.32914544902099], [0.9761589121440514, 41.3289551565541]], [[0.9776974047443411, 41.33059581853108], [0.9768137654728303, 41.329241060925625], [0.97687625, 41.329287909999984], [0.97768384, 41.33054941], [0.9776974047443411, 41.33059581853108]], [[0.99894603, 41.35112979], [1.0000306334343032, 41.34926047746369], [0.99983128, 41.34979849], [0.99894603, 41.35112979]], [[1.0004086819425302, 41.348608911376566], [1.0005151, 41.3484255], [1.0006090701188897, 41.348380102447166], [1.0004086819425302, 41.348608911376566]], [[1.0039103543457228, 41.34046118891229], [1.00385338, 41.34035599], [1.00405655, 41.3395016], [1.0039103543457228, 41.34046118891229]], [[1.0017783931040105, 41.330536023728314], [1.00168299, 41.33038794], [1.001718141377016, 41.330301451895515], [1.0017783931040105, 41.330536023728314]], [[1.0055292469307906, 41.32566119744364], [1.00566951, 41.32562893], [1.005908898606175, 41.325730034211496], [1.0055292469307906, 41.32566119744364]], [[1.15987488, 41.2387681], [1.1604776706975009, 41.23848359395137], [1.16046974, 41.238504959999986], [1.15987488, 41.2387681]], [[1.1639035400264428, 41.227172276979736], [1.16479634, 41.22677417], [1.16409008, 41.227098799999986], [1.1639035400264428, 41.227172276979736]], [[1.259588951214056, 41.222511824108054], [1.25963145, 41.22250164], [1.26062821, 41.22319229], [1.259588951214056, 41.222511824108054]], [[1.2619733839900455, 41.22340074713062], [1.26201425, 41.22340708], [1.26231974, 41.224054719999984], [1.2619733839900455, 41.22340074713062]], [[1.2624770325156238, 41.22598007910168], [1.26245744, 41.22597749], [1.26231974, 41.224054719999984], [1.2624770325156238, 41.22598007910168]], [[1.26622377, 41.22890131], [1.26705953, 41.22989604], [1.2670706668056035, 41.229919672153315], [1.26622377, 41.22890131]], [[1.2671133124632805, 41.2300101656715], [1.26747892, 41.23078598], [1.2674680948158188, 41.23094802662527], [1.2671133124632805, 41.2300101656715]], [[1.2669697198226157, 41.23271625515899], [1.2671689233748709, 41.232869468892744], [1.26695266, 41.23274956], [1.2669697198226157, 41.23271625515899]], [[1.2673646852376583, 41.23297801056431], [1.26839442, 41.23307812], [1.26743643, 41.23301779], [1.2673646852376583, 41.23297801056431]], [[1.27649223, 41.23622153], [1.28129558, 41.23301198], [1.2813809142803523, 41.23301764843177], [1.27649223, 41.23622153]], [[1.2814477511969238, 41.233022088154], [1.28154232, 41.23302837], [1.28344299, 41.23357948], [1.2814477511969238, 41.233022088154]], [[1.31191485, 41.23162666], [1.31186046, 41.23134117], [1.3119930257878167, 41.231115630912505], [1.31191485, 41.23162666]], [[1.3120837526438058, 41.230961273950214], [1.31211101, 41.2309149], [1.31337026, 41.2308004], [1.3120837526438058, 41.230961273950214]], [[1.34171554, 41.21501251], [1.34260878, 41.21458118000001], [1.3427681101353366, 41.214566254681095], [1.34171554, 41.21501251]], [[1.34309909, 41.21453525], [1.34345534, 41.21467623], [1.3434997411273628, 41.21475636991043], [1.34309909, 41.21453525]], [[1.3436195833753148, 41.21497267403572], [1.34368195, 41.215085239999986], [1.34367106189284, 41.21512707930682], [1.3436195833753148, 41.21497267403572]], [[1.34629776, 41.22073503], [1.3461733920152654, 41.22152519572516], [1.34614752, 41.22149119], [1.34629776, 41.22073503]], [[1.3468242437861704, 41.22238066392942], [1.346936491951525, 41.222427235425116], [1.34685866, 41.2224259], [1.3468242437861704, 41.22238066392942]], [[1.3520128229552901, 41.22060236458125], [1.35203405, 41.22059779], [1.35270212, 41.22182423], [1.3520128229552901, 41.22060236458125]], [[1.34724371, 41.2406941], [1.3471264374515644, 41.241420037305794], [1.34708742, 41.24137451], [1.34724371, 41.2406941]], [[1.35388324, 41.25067607], [1.3539662089808238, 41.2514559745768], [1.35387493, 41.25136772], [1.35388324, 41.25067607]], [[1.354019252316105, 41.251507260393815], [1.35458941, 41.25173015], [1.35414867, 41.25163239], [1.354019252316105, 41.251507260393815]], [[1.35491682, 41.25145118], [1.35574656, 41.25135608], [1.355763619840412, 41.25138480404577], [1.35491682, 41.25145118]], [[0.8580928, 40.71885233], [0.85627822, 40.71865], [0.8559785921324867, 40.71859888988386], [0.8580928, 40.71885233]], [[0.23356553798334, 40.77999501224583], [0.23346156, 40.77995742], [0.23342186209432847, 40.77988944394028], [0.23356553798334, 40.77999501224583]], [[0.234400697534218, 40.78022371568944], [0.23423926, 40.78023859000001], [0.23394963203667507, 40.78013387777878], [0.234400697534218, 40.78022371568944]], [[0.2369175, 40.77995499], [0.23625048, 40.78035572000001], [0.23615842654664587, 40.78033489491326], [0.2369175, 40.77995499]], [[0.24961988104783672, 40.78252644738106], [0.24885788, 40.78242256999999], [0.24873077168931157, 40.782348631334145], [0.24961988104783672, 40.78252644738106]], [[0.24997786196089614, 40.78256648464858], [0.24996702, 40.78257377], [0.24989993970695645, 40.78256462549136], [0.24997786196089614, 40.78256648464858]], [[0.25260371, 40.78129524], [0.25265094686864975, 40.78129077439056], [0.25055783, 40.78217677], [0.25260371, 40.78129524]], [[0.25358111, 40.78120284], [0.2540624945271609, 40.781277260869906], [0.25277341523611635, 40.78127919665662], [0.25358111, 40.78120284]], [[0.75203238, 41.31763915], [0.7519846614978872, 41.317690055882224], [0.75189907, 41.3166809], [0.75203238, 41.31763915]], [[0.7522415844135009, 41.315758344391924], [0.7520841945634201, 41.315927298555806], [0.75210845, 41.31582856], [0.7522415844135009, 41.315758344391924]], [[0.71367378, 41.30249020999998], [0.71496172, 41.30305149], [0.71383635, 41.30260778], [0.71367378, 41.30249020999998]], [[0.7130305695834503, 41.29942087701979], [0.71348431, 41.30062947000001], [0.71301052, 41.29948641], [0.7130305695834503, 41.29942087701979]], [[0.7007856108677168, 41.262419443829145], [0.7005577408183982, 41.26305914063258], [0.70052603, 41.26290772], [0.7007856108677168, 41.262419443829145]], [[0.70142303, 41.26144947], [0.7011101954834329, 41.261808894466725], [0.7013756696693836, 41.26130953286077], [0.70142303, 41.26144947]], [[0.69401393, 41.25602527], [0.6943027451868979, 41.25691112324174], [0.69423862, 41.25685937], [0.69401393, 41.25602527]], [[0.6924828, 41.25042325], [0.6924109356901366, 41.2505199053895], [0.6924199, 41.24980186], [0.6924828, 41.25042325]], [[0.69255469, 41.24875132], [0.69268121, 41.24941828], [0.6924851369022165, 41.24869970674767], [0.69255469, 41.24875132]], [[0.687744662470155, 41.24643442874694], [0.68824635, 41.24646981], [0.69011434, 41.24694041], [0.6901808461503612, 41.246989762204706], [0.687744662470155, 41.24643442874694]], [[0.68564777, 41.24582207000001], [0.6870180292508132, 41.24626879109756], [0.68672985, 41.2462031], [0.68564777, 41.24582207000001]], [[0.68573302, 41.24240942], [0.6847631884867508, 41.24335634210743], [0.68473689, 41.24331385], [0.68573302, 41.24240942]], [[0.68650889, 41.23832889], [0.68640458, 41.23870051], [0.6864720289778227, 41.238264996783215], [0.68650889, 41.23832889]], [[0.6859399530886652, 41.236673082556145], [0.68606688, 41.23756273], [0.68590193, 41.23669889], [0.6859399530886652, 41.236673082556145]], [[0.68574476, 41.22472492], [0.68567027, 41.22550856], [0.68567455, 41.22486256], [0.68574476, 41.22472492]], [[0.6886944, 41.22389955], [0.68775751, 41.22408803], [0.6889522268825278, 41.22374513658755], [0.6886944, 41.22389955]], [[0.68906648, 41.22367671], [0.688977431204009, 41.22373004163217], [0.68980503, 41.22263095000001], [0.68906648, 41.22367671]], [[0.82224576, 41.09244214999999], [0.8222277342052275, 41.09236409554583], [0.8222786840540393, 41.09247041183307], [0.82224576, 41.09244214999999]], [[0.82656308, 41.0982642], [0.8265012543907219, 41.09816287068153], [0.8269630785956122, 41.09845251616645], [0.82656308, 41.0982642]], [[0.828820461500098, 41.09815865444428], [0.82832827, 41.09830041], [0.82705079, 41.09849381], [0.827033073368238, 41.098485469150276], [0.828820461500098, 41.09815865444428]], [[0.82894523, 41.09812272], [0.8289257133535796, 41.098128340968785], [0.83064507, 41.09715621], [0.82894523, 41.09812272]], [[0.84381661, 41.09954562], [0.8438076297600934, 41.09954828489648], [0.84389363, 41.0991159], [0.84381661, 41.09954562]], [[0.8538734411347841, 41.07903981275441], [0.8542825727935572, 41.079155404557916], [0.85394422, 41.07910565], [0.8538734411347841, 41.07903981275441]], [[0.85225094, 41.07746664], [0.8523033244443751, 41.07793227242343], [0.85223683, 41.07790013], [0.85225094, 41.07746664]], [[0.8520596147459721, 41.077126797409285], [0.8520043449778176, 41.07716418878215], [0.8519721, 41.07712464], [0.8520596147459721, 41.077126797409285]], [[0.85500286, 41.07517053999999], [0.8549641271859771, 41.07523961158953], [0.8548344499529735, 41.07470435364657], [0.85500286, 41.07517053999999]], [[0.8547430544557665, 41.07415170405488], [0.854710538433257, 41.07419289435941], [0.85470497, 41.07416991], [0.8547430544557665, 41.07415170405488]], [[0.8559438, 41.07446894], [0.8548274727004491, 41.07411134864216], [0.85486937, 41.07409132], [0.8559438, 41.07446894]], [[0.78096584, 41.02946129], [0.78146404, 41.03019822], [0.780615473179023, 41.02920867073438], [0.78096584, 41.02946129]], [[0.7805320559962025, 41.029031523127834], [0.7805294750369456, 41.029108384703584], [0.78049866, 41.02907245], [0.7805320559962025, 41.029031523127834]], [[0.592911674200715, 40.9506011024018], [0.59280278, 40.94951109], [0.59294612, 40.95055515], [0.592911674200715, 40.9506011024018]], [[0.61107412, 40.93058855], [0.61145169, 40.93020469], [0.6115326832702506, 40.930234954977784], [0.61107412, 40.93058855]], [[0.6130631359735822, 40.9306944530175], [0.61346976, 40.9307416], [0.61412688, 40.93104763], [0.6130631359735822, 40.9306944530175]], [[0.3799693776729011, 41.23406553968892], [0.38033677, 41.23415371], [0.38156274, 41.23460688], [0.38162051039357053, 41.23472734157141], [0.3799693776729011, 41.23406553968892]], [[0.3798095194162187, 41.23402717538139], [0.37864582, 41.23409243], [0.37964924, 41.233988709999984], [0.3798095194162187, 41.23402717538139]], [[0.37764541, 41.2339532], [0.37751654913088, 41.233911684580825], [0.37864582, 41.23409243], [0.37764541, 41.2339532]], [[0.37605435032662565, 41.233440604440695], [0.37451693, 41.23294529], [0.3743006375067726, 41.23282610624872], [0.37605435032662565, 41.233440604440695]], [[0.37417820117738854, 41.23275864010225], [0.37409042, 41.23271027], [0.37375698, 41.23216095], [0.37417820117738854, 41.23275864010225]], [[0.5679027542299288, 41.02007064875112], [0.56793533, 41.01997688], [0.56867315, 41.01948431999999], [0.5679027542299288, 41.02007064875112]], [[0.56978537, 41.01959093], [0.57058784, 41.01916439], [0.5703173, 41.01938966], [0.56978537, 41.01959093]], [[0.5701084029641513, 41.018360441148204], [0.57015384, 41.01837761], [0.57058784, 41.01916439], [0.5701084029641513, 41.018360441148204]], [[0.56315098, 41.00704932], [0.5647533589117354, 41.00710423608428], [0.56438186, 41.00716407], [0.56315098, 41.00704932]], [[0.5647855809805595, 41.00709904637177], [0.565392360092633, 41.00692460214433], [0.56517597, 41.00703617], [0.5647855809805595, 41.00709904637177]], [[0.31082959552798745, 40.83973377232196], [0.31075996, 40.83969262], [0.30552198, 40.83531703], [0.31082959552798745, 40.83973377232196]], [[0.321554820796684, 40.84411615041978], [0.3215336, 40.84412502], [0.31981012, 40.84345153000001], [0.321554820796684, 40.84411615041978]], [[0.5446236087516092, 41.008570979755255], [0.5442501, 41.00843558], [0.5420304, 41.00724493], [0.5446236087516092, 41.008570979755255]], [[0.54897459, 41.01010113], [0.54834682, 41.01006786], [0.5480045452225022, 41.009971350044786], [0.54897459, 41.01010113]], [[0.5549522125846358, 41.011484651934495], [0.55453858, 41.01111188], [0.5545080507503954, 41.01106979692986], [0.5549522125846358, 41.011484651934495]], [[0.5051729644664757, 41.289674108634706], [0.50379514, 41.28984369], [0.50516067, 41.28966504000001], [0.5051729644664757, 41.289674108634706]], [[0.906733183794591, 41.17910182923202], [0.90667013, 41.17879822], [0.90677787, 41.17899059], [0.906733183794591, 41.17910182923202]], [[0.9064760975708349, 41.17951562058585], [0.9066342974233608, 41.1793479911939], [0.90658694, 41.17946588], [0.9064760975708349, 41.17951562058585]], [[0.9059117428073675, 41.180113613847766], [0.9061514245839399, 41.179859645782514], [0.90600044, 41.18011108], [0.9059117428073675, 41.180113613847766]], [[0.903556276783673, 41.18049770308689], [0.9046545, 41.18014953], [0.90381025, 41.18048935], [0.903556276783673, 41.18049770308689]], [[0.87698773, 41.18760266], [0.8770042503501798, 41.18755693697899], [0.87725528, 41.18807641], [0.87698773, 41.18760266]], [[0.87803399, 41.18860583], [0.8781076336983838, 41.188705787666066], [0.87725528, 41.18807641], [0.87803399, 41.18860583]], [[0.9097715439249088, 41.23782445761714], [0.91062558, 41.23833021], [0.9107947579507415, 41.23855371182159], [0.90976607, 41.23785855], [0.9097715439249088, 41.23782445761714]], [[0.9189034559207124, 41.24076155811702], [0.91693055, 41.24048476], [0.9186102, 41.24066535], [0.9189034559207124, 41.24076155811702]], [[0.91980335, 41.24126546], [0.9192065982798531, 41.240861009666], [0.91927186, 41.24088242], [0.91980335, 41.24126546]], [[0.9760075573150295, 41.261372279197886], [0.97507806, 41.26054642], [0.97601649, 41.261348], [0.9760075573150295, 41.261372279197886]], [[1.1798921968175398, 41.2092787276412], [1.1801240542348472, 41.20956874724673], [1.17989712, 41.20932036], [1.1798921968175398, 41.2092787276412]], [[1.17856641, 41.20410054], [1.17967996, 41.20748397000001], [1.178272138782367, 41.20344904993779], [1.17856641, 41.20410054]], [[1.17816311, 41.20320767], [1.1782005458114095, 41.20329054952624], [1.17662935, 41.2015304], [1.17816311, 41.20320767]], [[1.17501, 41.19725276], [1.17559849, 41.19929902], [1.1748881290403328, 41.197093847532], [1.17501, 41.19725276]], [[1.17462476, 41.19675043], [1.1747252179583638, 41.19688142119049], [1.1730814, 41.19556194], [1.1730567900508615, 41.19549545421107], [1.17462476, 41.19675043]], [[1.16075232, 41.18155894], [1.1614235642651847, 41.18194044060612], [1.1585247876368183, 41.180686929934794], [1.16075232, 41.18155894]], [[1.15822926, 41.18057124], [1.1583078865101584, 41.18060201984831], [1.1570031, 41.18045055], [1.15822926, 41.18057124]], [[1.09474235, 41.09127363], [1.0940793852493325, 41.09227233304371], [1.09409318, 41.0922092], [1.09474235, 41.09127363]], [[1.23937461, 41.1076205], [1.23968883, 41.10745308], [1.23961827, 41.10729483], [1.24260744, 41.10690549999999], [1.24243931, 41.10661443], [1.24282354, 41.10651418], [1.24303813, 41.10670651999999], [1.24302177, 41.10646262], [1.24381554, 41.10625538999999], [1.24402584, 41.10645244], [1.24401894, 41.1062021], [1.24443098, 41.1060948], [1.24518151, 41.10741674], [1.24537132, 41.10735496], [1.24491183, 41.10654728], [1.24717601, 41.10581027], [1.24729219, 41.10601344], [1.24756169, 41.10593711], [1.24909788, 41.10864092], [1.24890531, 41.1088739], [1.24396032, 41.10975088], [1.24368091, 41.10900972000001], [1.24391083, 41.10975796], [1.24340096, 41.10984845999999], [1.24315597, 41.10905837], [1.24295957, 41.10909465], [1.24321692, 41.10988565000001], [1.24295017, 41.10993382], [1.24262081, 41.10947635], [1.24298958, 41.1087866], [1.24255505, 41.10945031], [1.24029394, 41.10876815], [1.24194484, 41.10828434], [1.24025982, 41.10871691], [1.2400064, 41.10814602], [1.24166528, 41.1076573], [1.23997608, 41.10809502], [1.23984037, 41.10778111], [1.24078215, 41.10753509], [1.2398125, 41.10772304], [1.23972477, 41.10753002], [1.23937461, 41.1076205]], [[0.78135864, 41.60544507], [0.782388637128457, 41.60866788977717], [0.78224467, 41.60837549], [0.78135864, 41.60544507]], [[0.7826868850731846, 41.60927363661338], [0.8167533, 41.61455974], [0.78270731, 41.60931512], [0.7826868850731846, 41.60927363661338]], [[0.81250202, 41.60793473], [0.81591999, 41.6130711], [0.81273847, 41.6083892], [0.81032612, 41.60528883], [0.81250202, 41.60793473]], [[0.8049363483666805, 42.36014553674078], [0.80541449, 42.35986295], [0.80498036, 42.36013032], [0.8049363483666805, 42.36014553674078]], [[0.80743402, 42.35597831], [0.8056642617511814, 42.354385844222115], [0.80569894, 42.35439523], [0.80743402, 42.35597831]], [[0.8036213682040161, 42.353366582657614], [0.8032322713921066, 42.35319129277279], [0.80353935, 42.35331314], [0.8036213682040161, 42.353366582657614]], [[0.8028315264999832, 42.35303227924118], [0.80133683, 42.35307874], [0.80277931, 42.35301156], [0.8028315264999832, 42.35303227924118]], [[0.77618813, 42.34626739999999], [0.7743941696737594, 42.345943237766996], [0.7749866, 42.34596742], [0.77618813, 42.34626739999999]], [[0.7742127506530584, 42.34593583247926], [0.77179372, 42.34611723], [0.77395276, 42.34592522], [0.7742127506530584, 42.34593583247926]], [[0.7793895092014905, 42.37548275468436], [0.78010659, 42.3752748], [0.77946884, 42.375498829999984], [0.7793895092014905, 42.37548275468436]], [[0.78066555, 42.37485897], [0.7807495064449316, 42.3748223570742], [0.78010659, 42.3752748], [0.78066555, 42.37485897]], [[0.76478245, 41.55065666], [0.7648457722206911, 41.550637648509024], [0.76446009, 41.55133648], [0.76478245, 41.55065666]], [[1.9801311032144455, 42.3309766021933], [1.98022318, 42.33094156], [1.98154902, 42.331255269999986], [1.9801311032144455, 42.3309766021933]], [[1.96419971, 42.33259938], [1.9627554740537196, 42.3323001983537], [1.96526112, 42.33267805], [1.96419971, 42.33259938]], [[1.96142624, 42.33202484000001], [1.9613136091927106, 42.3319314634045], [1.9616507875615345, 42.33207135629765], [1.96142624, 42.33202484000001]], [[1.96105268, 42.33171514], [1.95892637, 42.32837905], [1.9611284397106312, 42.33177794860473], [1.96105268, 42.33171514]], [[2.0613299694732863, 42.29377623751126], [2.06121186, 42.29385334], [2.06024519, 42.29401956000001], [2.0613299694732863, 42.29377623751126]], [[2.069981733805784, 42.28987872532498], [2.06984491, 42.29006622], [2.06931998, 42.29040748], [2.069981733805784, 42.28987872532498]], [[2.0702535705799154, 42.28922966838933], [2.0702183, 42.28955455], [2.0700559443568918, 42.289777031887326], [2.0702535705799154, 42.28922966838933]], [[2.0702930179957613, 42.288678295152685], [2.07031109, 42.28869985], [2.0702964189965285, 42.2888349864012], [2.0702930179957613, 42.288678295152685]], [[2.04801046, 42.27417264], [2.048009668399968, 42.274154967796996], [2.048134379315635, 42.274201887796494], [2.04801046, 42.27417264]], [[2.04240351, 42.26927528], [2.0424437696940787, 42.26923176942263], [2.0424470155363235, 42.2693125072994], [2.04240351, 42.26927528]], [[2.0256777862196436, 42.15280524750794], [2.02553454, 42.15280436], [2.025166608442726, 42.15263982480351], [2.0256777862196436, 42.15280524750794]], [[2.0332170204840687, 42.150513538066136], [2.033204, 42.15053529], [2.03197753, 42.15151066], [2.0332170204840687, 42.150513538066136]], [[2.0336914983548424, 42.14957088253148], [2.03368872, 42.14972552], [2.033256723137913, 42.15044721107735], [2.0336914983548424, 42.14957088253148]], [[2.034023339284677, 42.148451999241125], [2.03406394, 42.14846722], [2.034032069109187, 42.14849606064877], [2.034023339284677, 42.148451999241125]], [[2.06052375, 42.13517792], [2.05991362, 42.13574311], [2.06044073, 42.13518495], [2.06319124, 42.13494019], [2.06115272, 42.13515684], [2.06052375, 42.13517792]], [[2.12495566, 42.11239011], [2.125358600663383, 42.11239680632337], [2.12465076, 42.11252465], [2.12495566, 42.11239011]], [[2.09736278, 41.90341614], [2.097455912539028, 41.90341742924033], [2.09611879, 41.90367074], [2.09736278, 41.90341614]], [[2.09801148, 41.90342512], [2.09902586, 41.90370783], [2.0975455442281015, 41.90341867001814], [2.09801148, 41.90342512]], [[2.13032628, 41.91006885], [2.1303930705661234, 41.910091030048335], [2.12771412, 41.90962067], [2.13032628, 41.91006885]], [[2.13207325, 41.91064899], [2.132208976810532, 41.91074138683583], [2.130903406483077, 41.910260504211514], [2.13207325, 41.91064899]], [[2.13256322, 41.91098254], [2.13306019, 41.9118195], [2.132439256945324, 41.91089815141113], [2.13256322, 41.91098254]], [[2.13536638, 41.91345423], [2.1353813282322642, 41.914157439345686], [2.135323206622569, 41.91341933066283], [2.13536638, 41.91345423]], [[2.135395, 41.9148006], [2.13475608, 41.91527792], [2.1353936483940243, 41.91473701643127], [2.135395, 41.9148006]], [[2.1392201687864705, 41.908550659643616], [2.13922021, 41.90852778], [2.139846288900327, 41.90725555991565], [2.13984553, 41.90727538], [2.1392201687864705, 41.908550659643616]], [[2.25633513, 41.72819551], [2.256370771154702, 41.728214442084095], [2.25589572, 41.72819562], [2.25633513, 41.72819551]], [[2.2582857306580846, 41.72887908419558], [2.25805045, 41.72886078], [2.25770238, 41.728609210000016], [2.2582857306580846, 41.72887908419558]], [[2.26180578, 41.73066212], [2.26118851, 41.7304065], [2.25993213, 41.72975559], [2.26180578, 41.73066212]], [[2.2628361, 41.73076941999999], [2.262857200550615, 41.73080595310534], [2.262704066295238, 41.73075566969278], [2.2628361, 41.73076941999999]], [[2.26314762, 41.73130878], [2.26314896, 41.73145389], [2.2630572054297855, 41.731152237875605], [2.26314762, 41.73130878]], [[2.26293607, 41.73368095], [2.2627251, 41.73228613], [2.2627474226798365, 41.732165019648484], [2.26293607, 41.73368095]], [[2.26231167, 41.73431942], [2.2622355962216076, 41.73464907901049], [2.2621871, 41.734097679999984], [2.26231167, 41.73431942]], [[2.26236293, 41.73512578], [2.2622837758072545, 41.73519687788989], [2.262265304769646, 41.73498686334602], [2.26236293, 41.73512578]], [[2.2622073, 41.73526557], [2.2622011224389715, 41.735265977639244], [2.262213016245998, 41.73526043555274], [2.2622073, 41.73526557]], [[2.273362295612007, 41.77166944652246], [2.27326181, 41.77171112], [2.27277004, 41.77170342], [2.273362295612007, 41.77166944652246]], [[2.2742043, 41.77133328], [2.274279969764645, 41.771370465690794], [2.2741615216926028, 41.771352099476246], [2.2742043, 41.77133328]], [[2.27445199, 41.771455], [2.27468802, 41.7717893], [2.2743915330553754, 41.77142529020429], [2.27445199, 41.771455]], [[2.2909319970550386, 41.79291128534873], [2.29087205, 41.7928847], [2.290866061258649, 41.7928304062725], [2.2909319970550386, 41.79291128534873]], [[2.29595476, 41.79578762], [2.296571203052362, 41.79613617424421], [2.2956844079301963, 41.795717984272656], [2.29595476, 41.79578762]], [[2.29874408, 41.79736478], [2.29811988, 41.79709731], [2.2974468444644676, 41.79663128653306], [2.29874408, 41.79736478]], [[2.3048701838135512, 41.79828018383187], [2.30480366, 41.7983425], [2.30432904, 41.798566059999985], [2.3048701838135512, 41.79828018383187]], [[2.30586654, 41.79745652], [2.3059829302952455, 41.79740974328947], [2.305845190446305, 41.797475112907584], [2.30586654, 41.79745652]], [[2.36277849, 41.76792992], [2.362798102002669, 41.76794345611074], [2.3627594255529987, 41.767926174910784], [2.36277849, 41.76792992]], [[2.3633523657464424, 41.768326006304314], [2.36518946, 41.76959396], [2.3653732796986335, 41.76982689489007], [2.36364017, 41.76863156000002], [2.3633523657464424, 41.768326006304314]], [[2.36562076, 41.77014049999999], [2.36589317, 41.77138758000001], [2.3655121333662072, 41.770002849175896], [2.36562076, 41.77014049999999]], [[2.36568996, 41.77619287000002], [2.3656558188618066, 41.77623517582177], [2.3652573, 41.7747283], [2.36568996, 41.77619287000002]], [[2.36741028, 41.783104909999984], [2.36722488, 41.78343661], [2.3674011524490957, 41.7830193069194], [2.36741028, 41.783104909999984]], [[2.36622275, 41.78488676], [2.3662013437577074, 41.78489878130961], [2.36635648, 41.78384542], [2.36622275, 41.78488676]], [[2.3649119663821443, 41.7860600507773], [2.36490786, 41.78604736], [2.36563603, 41.78521625], [2.3649119663821443, 41.7860600507773]], [[2.39806792, 41.80432933], [2.398204609585108, 41.80428861560127], [2.3980391726958805, 41.804354192616685], [2.39806792, 41.80432933]], [[2.40412441, 41.80185498], [2.404476101050314, 41.801802678550665], [2.4016455380393125, 41.802924676643485], [2.40412441, 41.80185498]], [[2.40536565, 41.80167039], [2.4054424882158902, 41.80168449908403], [2.405234224290174, 41.80168993486785], [2.40536565, 41.80167039]], [[2.40997759, 41.80168778], [2.4099930346178464, 41.80169639467875], [2.4099687672341674, 41.8016877690647], [2.40997759, 41.80168778]], [[2.4122523983141266, 41.80359453598768], [2.41214812, 41.80354632], [2.41190255, 41.80303899], [2.4122523983141266, 41.80359453598768]], [[2.414555018180642, 41.80462716900433], [2.41440238, 41.80458864], [2.414351592800848, 41.804565157121615], [2.414555018180642, 41.80462716900433]], [[2.415538204415779, 41.80483238233528], [2.41546105, 41.80485586999998], [2.4154071252034424, 41.80484225827642], [2.415538204415779, 41.80483238233528]], [[2.41658704, 41.80443981], [2.41743297, 41.80425557], [2.4163020121289875, 41.80459986084849], [2.41658704, 41.80443981]], [[2.41914165, 41.80431692], [2.418393191877295, 41.80452733820446], [2.41841048, 41.80450442], [2.41914165, 41.80431692]], [[2.4266829389921227, 41.8048466469666], [2.42661916, 41.80489538], [2.4265576263845063, 41.80488817087814], [2.4266829389921227, 41.8048466469666]], [[2.5158863581052864, 41.76136756043471], [2.51592699, 41.76153296], [2.5158551719175186, 41.7617080475988], [2.5158863581052864, 41.76136756043471]], [[2.53755808, 41.72163544], [2.5395498, 41.72130988], [2.537520561652067, 41.72167092043282], [2.53755808, 41.72163544]], [[2.58792022, 41.70038203], [2.58792353941196, 41.70025718927424], [2.58847744, 41.70111788], [2.58792022, 41.70038203]], [[2.58792754, 41.70010673], [2.588104290938979, 41.69992220152269], [2.5879251652422965, 41.700196042950246], [2.58792754, 41.70010673]], [[2.59121531, 41.69264017], [2.5921401758550338, 41.6920601394064], [2.59031446, 41.69344164], [2.59121531, 41.69264017]], [[2.59293642, 41.69025276], [2.59282574, 41.69154138], [2.5927742555723428, 41.69158033774207], [2.59293642, 41.69025276]], [[2.599685656441264, 41.68382026155982], [2.59968474, 41.68382186], [2.59526848, 41.68605776], [2.599685656441264, 41.68382026155982]], [[2.7768387588029877, 41.65222757115308], [2.77665538, 41.65258781], [2.77235073, 41.65911388], [2.7768387588029877, 41.65222757115308]], [[2.18662669, 41.71807335], [2.18678785019892, 41.71739125468637], [2.18679898, 41.71741298], [2.18662669, 41.71807335]], [[2.186186135951948, 41.71822743082561], [2.1862779226404645, 41.71823746249054], [2.1862418, 41.71825446], [2.186186135951948, 41.71822743082561]], [[2.224811495069379, 41.492488402022666], [2.22427857, 41.49402877], [2.22469491, 41.49251668], [2.224811495069379, 41.492488402022666]], [[2.21390477, 41.47201932999999], [2.21407236, 41.47243194], [2.213496960276037, 41.47163935969715], [2.21390477, 41.47201932999999]], [[2.21327356, 41.47143121], [2.2133157201005553, 41.47147049201128], [2.2125695, 41.47121892], [2.21327356, 41.47143121]], [[2.1347579827730594, 41.44755764064021], [2.13573782, 41.44743249], [2.13477321, 41.44758284], [2.1347579827730594, 41.44755764064021]], [[2.0717354065832834, 41.43624512667548], [2.0717979064883627, 41.436309639686115], [2.07176783, 41.43630237], [2.0717354065832834, 41.43624512667548]], [[2.0787063413233953, 41.41846284361148], [2.07875767, 41.41886399], [2.07860367, 41.41857334], [2.0787063413233953, 41.41846284361148]], [[2.07903196, 41.41760117], [2.0786804055659593, 41.417969646758685], [2.07867206, 41.41792939], [2.07903196, 41.41760117]], [[2.07858461, 41.41497857], [2.07906699, 41.41493553999999], [2.077137582298946, 41.41546807467109], [2.07858461, 41.41497857]], [[2.07306418, 41.4114278], [2.07343956, 41.4118608], [2.073061751510261, 41.411426559735034], [2.07306418, 41.4114278]], [[2.0721933314191943, 41.41098304498774], [2.0730556979015264, 41.411423468069174], [2.07223149, 41.41108171], [2.0721933314191943, 41.41098304498774]], [[2.1227891423796814, 41.321882442032766], [2.11890079, 41.32273402], [2.12174501, 41.32206619], [2.1227891423796814, 41.321882442032766]], [[2.126718222003934, 41.32124410342523], [2.1239201749546255, 41.32168340124008], [2.12579805, 41.32135293000001], [2.126718222003934, 41.32124410342523]], [[0.81182819, 41.71142381], [0.8120253572663816, 41.7132194622713], [0.81196042, 41.7132303], [0.81182819, 41.71142381]], [[0.85552577, 41.73131243], [0.8629150052385824, 41.740031920203776], [0.8625565, 41.73966414], [0.85552577, 41.73131243]], [[0.863557200660857, 41.740690730000246], [0.8638296824075091, 41.74088114741602], [0.86373503, 41.74087316], [0.863557200660857, 41.740690730000246]], [[0.86694388, 41.74106602], [0.86562478, 41.74103263], [0.8651361907150972, 41.74099139950218], [0.8669926477712696, 41.741022796181966], [0.86694388, 41.74106602]], [[0.93870617, 41.70111127], [0.93892653, 41.70106931], [0.9398727500367108, 41.70112523423106], [0.93870617, 41.70111127]], [[0.9595629917757719, 41.70518001347395], [0.9596644772785813, 41.70517935098663], [0.95961658, 41.70518647], [0.9595629917757719, 41.70518001347395]], [[0.974222658815496, 41.706343864699946], [0.97497951, 41.70576867], [0.9742236411491421, 41.70634462210875], [0.974222658815496, 41.706343864699946]], [[0.9768112290652521, 41.70492993037389], [0.97705611, 41.7048178], [0.98172613, 41.70411564], [0.9768112290652521, 41.70492993037389]], [[0.98998589, 41.69985596], [0.99114281, 41.69940337], [0.99204829, 41.69911194], [0.98998589, 41.69985596]], [[1.041585185382163, 41.68749676673022], [1.03992258, 41.684723], [1.04163264, 41.68747227], [1.041585185382163, 41.68749676673022]], [[0.96440063, 41.57936308], [0.9609266104488807, 41.580708239052804], [0.96204345, 41.58020890000002], [0.96610442, 41.57858576999999], [0.9644129856443824, 41.57937724741565], [0.96440063, 41.57936308]], [[0.9685850057809914, 41.57778183315511], [0.96777184, 41.576898579999984], [0.96862377, 41.57776927], [0.9685850057809914, 41.57778183315511]], [[1.0364839045133383, 41.503446342467065], [1.03645475, 41.50338917], [1.03675431, 41.50227744], [1.0364839045133383, 41.503446342467065]], [[1.0370624076163326, 41.500414480071605], [1.03739436, 41.49891721], [1.03706815, 41.50041478], [1.0370624076163326, 41.500414480071605]], [[1.042331970181394, 41.50058691061087], [1.04307383, 41.50001698], [1.04249872, 41.50054126], [1.042331970181394, 41.50058691061087]], [[1.0508803653923062, 41.49570465042855], [1.05092982, 41.495651809999984], [1.0509817401280999, 41.495630391318095], [1.0508803653923062, 41.49570465042855]], [[1.07539657, 41.48529464], [1.0767100511661336, 41.4847279474989], [1.07611811, 41.485008579999985], [1.07539657, 41.48529464]], [[1.0792426638333261, 41.4835272649518], [1.0799055027799438, 41.48293992727738], [1.07948592, 41.48341193999999], [1.0792426638333261, 41.4835272649518]], [[1.080247823818372, 41.48255483071699], [1.08060899, 41.48163969], [1.08039399, 41.4823904], [1.080247823818372, 41.48255483071699]], [[1.08547286, 41.47834558], [1.0869690868537796, 41.47812867587548], [1.08641972, 41.47828545], [1.08547286, 41.47834558]], [[1.0871481776907943, 41.478077568297756], [1.08816201, 41.4773399], [1.08730968, 41.47803148], [1.0871481776907943, 41.478077568297756]], [[1.0910446724089227, 41.47655083663153], [1.09110957, 41.47652241], [1.091159955857155, 41.47654190054085], [1.0910446724089227, 41.47655083663153]], [[1.3881127980425367, 41.55596146444812], [1.38822941, 41.55595397], [1.38923442, 41.55616557], [1.3881127980425367, 41.55596146444812]], [[1.39247787, 41.57517586], [1.3925299190876619, 41.575219682496055], [1.39226932, 41.578800159999986], [1.39247787, 41.57517586]], [[1.38303649, 41.70648694], [1.3819681057808055, 41.7068261643805], [1.38193207, 41.70677648], [1.38303649, 41.70648694]], [[1.41061291, 41.77503532], [1.413823745398443, 41.77647895878215], [1.4138237453984386, 41.77647895878215], [1.41061291, 41.77503532]], [[1.42646849, 41.80185286], [1.4289475831737501, 41.80201560145066], [1.42868024, 41.80203588], [1.42646849, 41.80185286]], [[1.43777044, 41.80124395], [1.43866618, 41.80104177], [1.438845935189771, 41.80105135297682], [1.43777044, 41.80124395]], [[1.4408552687029055, 41.80113270667301], [1.44275268, 41.80093745], [1.44099269, 41.80113983], [1.4408552687029055, 41.80113270667301]], [[1.46814802, 41.79930602000001], [1.46950874, 41.79983222], [1.4695407969533048, 41.799852715144425], [1.46814802, 41.79930602000001]], [[1.4696588367164638, 41.79992818214128], [1.4702582240925397, 41.800311391697235], [1.47008171, 41.80026658], [1.4696588367164638, 41.79992818214128]], [[1.4712165195336577, 41.80055467451139], [1.471523390466236, 41.800437677298824], [1.4713303, 41.80058356], [1.4712165195336577, 41.80055467451139]], [[1.4717723285099324, 41.80024960092744], [1.47248635, 41.79936107000001], [1.47207149, 41.80002358], [1.4717723285099324, 41.80024960092744]], [[1.48417265690347, 41.77182936747908], [1.48419907, 41.77183583], [1.48431472, 41.77254854999999], [1.48417265690347, 41.77182936747908]], [[1.48257662, 41.79061136], [1.482778914643603, 41.79102092763545], [1.48270166, 41.79098273000001], [1.48257662, 41.79061136]], [[1.4937645317539294, 41.79004992940209], [1.49622145, 41.7902133], [1.49379908, 41.79007438999999], [1.4937645317539294, 41.79004992940209]], [[1.5010594583641526, 41.78955610298472], [1.5024001009421906, 41.78899005021933], [1.50113767, 41.78955168], [1.5010594583641526, 41.78955610298472]], [[1.502731173222852, 41.788850263237265], [1.50278717, 41.78882662], [1.50476125, 41.78820540000002], [1.502731173222852, 41.788850263237265]], [[1.58058232, 41.77740015], [1.58119406, 41.77553259], [1.5812716193791758, 41.77547862136788], [1.58058232, 41.77740015]], [[1.5817939363852245, 41.773858494053364], [1.58178337, 41.77383333], [1.5819343217485191, 41.77368200997556], [1.5817939363852245, 41.773858494053364]], [[1.5821153734219031, 41.77350051659168], [1.58214817, 41.77346764], [1.58263983, 41.77355899], [1.5821153734219031, 41.77350051659168]], [[1.6068323102285569, 41.71672222923873], [1.60681975, 41.71672988], [1.60592214, 41.71659615], [1.6068323102285569, 41.71672222923873]], [[1.6017235, 41.71719598], [1.5995799514855324, 41.717165011600656], [1.59974017, 41.71712149], [1.6017235, 41.71719598]], [[1.599339597343313, 41.7172303011649], [1.59528718, 41.71939488000001], [1.59927654, 41.71724743], [1.599339597343313, 41.7172303011649]], [[1.7979662066264273, 41.609179171777576], [1.79885453, 41.60818290000001], [1.79804245, 41.60917078], [1.7979662066264273, 41.609179171777576]], [[1.804567929252104, 41.60659608788108], [1.80526845, 41.60570693], [1.80460755, 41.6065995], [1.804567929252104, 41.60659608788108]], [[1.82031034, 41.59936715], [1.8220391985957103, 41.59809066674098], [1.82080081, 41.59912523], [1.82031034, 41.59936715]], [[1.8221455536309716, 41.59800181659146], [1.8224560367729088, 41.59769941357976], [1.82242455, 41.59776874], [1.8221455536309716, 41.59800181659146]], [[1.822500718952978, 41.59760103399663], [1.82230115, 41.5969969], [1.82252323, 41.59755147000001], [1.822500718952978, 41.59760103399663]], [[1.822665094738923, 41.59642466289111], [1.82281955, 41.59618181], [1.8228459664098007, 41.596168214292106], [1.822665094738923, 41.59642466289111]], [[1.86330817, 41.59227977], [1.86509261, 41.59138201], [1.8633037672054324, 41.592374998185726], [1.86330817, 41.59227977]], [[1.8632836907342094, 41.59280923282944], [1.8633183679177525, 41.59322649808078], [1.86326973, 41.59311119], [1.8632836907342094, 41.59280923282944]], [[1.890328583785089, 41.61549685289628], [1.8908400526226217, 41.6158196778806], [1.89041231, 41.6155658], [1.890328583785089, 41.61549685289628]], [[1.8928733226610013, 41.61710302169374], [1.89299503, 41.61717984], [1.8930657435056764, 41.61746940095574], [1.8928733226610013, 41.61710302169374]], [[1.893476201971419, 41.61892583667585], [1.8934889323311561, 41.61895054350593], [1.89348061, 41.61894655], [1.893476201971419, 41.61892583667585]], [[1.8939123526965955, 41.61918053666316], [1.89392134, 41.61918509], [1.89392663, 41.61962108], [1.8939123526965955, 41.61918053666316]], [[1.8935734538080802, 41.62020659843865], [1.89360272, 41.61995187], [1.89392663, 41.61962108], [1.8935734538080802, 41.62020659843865]], [[1.89316106, 41.62304875999999], [1.89338346, 41.62330053], [1.8933744915183983, 41.62332506882842], [1.89316106, 41.62304875999999]], [[1.9411327692574056, 41.649825041141455], [1.9411899, 41.64973522], [1.9418177367253182, 41.64916876354601], [1.9411327692574056, 41.649825041141455]], [[1.9421554663377678, 41.64886405196901], [1.94220632, 41.648818169999984], [1.9423032581593387, 41.64885579883071], [1.9421554663377678, 41.64886405196901]], [[1.9481182541741124, 41.649050749786035], [1.9482760434412512, 41.64904896595841], [1.94823898, 41.6490689], [1.9481182541741124, 41.649050749786035]], [[1.9502080001832596, 41.64609312844446], [1.95024509, 41.64607654], [1.9502607258660518, 41.646077726064306], [1.9502080001832596, 41.64609312844446]], [[1.9512471449684667, 41.64615255124406], [1.95132504, 41.64615846], [1.9513686199860378, 41.64618967725885], [1.9512471449684667, 41.64615255124406]], [[1.960480161987184, 41.644461138612016], [1.96049274, 41.64444642], [1.9606101298559298, 41.644406867849895], [1.960480161987184, 41.644461138612016]], [[1.9611756218546519, 41.64421633669845], [1.96126385, 41.64418661], [1.97144811, 41.64883228999999], [1.9611756218546519, 41.64421633669845]], [[2.004683917549918, 41.67576235961463], [2.0047121877035115, 41.67600457473001], [2.00467734, 41.67596973], [2.004683917549918, 41.67576235961463]], [[2.02087437, 41.69761998], [2.02198709, 41.69843318], [2.02217645, 41.69864197], [2.02087437, 41.69761998]], [[2.02217501, 41.69905611999998], [2.02182877, 41.69983092], [2.02217645, 41.69864197], [2.02217501, 41.69905611999998]], [[2.0204056572894085, 41.70515792559552], [2.020412268284862, 41.705234114089386], [2.02038447, 41.70519457], [2.0204056572894085, 41.70515792559552]], [[2.0206063192329093, 41.705510158747245], [2.02090392, 41.70577992], [2.021641489339362, 41.706982726548326], [2.0206063192329093, 41.705510158747245]], [[2.0221937828103322, 41.7077683844581], [2.02294812, 41.708276689999984], [2.022193782810337, 41.707768384458106], [2.0221937828103322, 41.7077683844581]], [[2.04287747, 41.71499696], [2.0437938126385684, 41.71463562320469], [2.043736, 41.71468028000001], [2.04287747, 41.71499696]], [[2.0494676, 41.71090239999999], [2.05077725, 41.710760239999985], [2.0508152604698346, 41.71077837778749], [2.0494676, 41.71090239999999]], [[2.09501203, 41.70935271], [2.09657533, 41.70900136], [2.0965928112576724, 41.70900551734925], [2.09501203, 41.70935271]], [[2.096762291653872, 41.709045822755805], [2.09691311, 41.70908169], [2.0969609907779616, 41.709114789626604], [2.096762291653872, 41.709045822755805]], [[2.0979948398836075, 41.710196678829185], [2.09804293, 41.71027832], [2.0981037, 41.71085072], [2.0979948398836075, 41.710196678829185]], [[1.92383373, 41.29125865], [1.92153766, 41.29053698], [1.9239575247026066, 41.29126361953121], [1.92383373, 41.29125865]], [[1.92434166, 41.29127904], [1.9242199728738274, 41.29127415507392], [1.924479795896761, 41.29121323545372], [1.92434166, 41.29127904]], [[1.92572687, 41.29061916], [1.925331985901721, 41.29080727307944], [1.925843391592983, 41.29045489824757], [1.92572687, 41.29061916]], [[1.92601356, 41.29021501], [1.9258804941841108, 41.29040259432276], [1.92633981, 41.28892792], [1.92601356, 41.29021501]], [[1.46828753, 41.47599855999999], [1.46733362, 41.47524543], [1.4687528378906818, 41.47626928715011], [1.46828753, 41.47599855999999]], [[1.47489439, 41.47865008], [1.474584838419967, 41.478291931872356], [1.47459253, 41.47829951], [1.47489439, 41.47865008]], [[1.6151899, 41.51328429], [1.6150973218683402, 41.5132817459776], [1.6158748103547638, 41.512987601966195], [1.6151899, 41.51328429]], [[1.6169927113663454, 41.51259031751638], [1.6168690636289276, 41.51261145022695], [1.61690036, 41.51259961], [1.6169927113663454, 41.51259031751638]], [[1.61802306, 41.51241422], [1.61790951922528, 41.51243362532338], [1.618175800167884, 41.51231924180426], [1.61802306, 41.51241422]], [[1.61847238, 41.51213482], [1.6182911121598875, 41.51224753751653], [1.61920335, 41.51128341], [1.61847238, 41.51213482]], [[1.79298894, 41.47625875], [1.79345989, 41.47572776], [1.7930127396623237, 41.47627816921266], [1.79298894, 41.47625875]], [[1.79322262, 41.47644942], [1.793177384551023, 41.47641251036693], [1.7932715353585948, 41.47645025299785], [1.79322262, 41.47644942]], [[1.7942692351585332, 41.47646724319907], [1.79515645, 41.47607911], [1.7952477132803466, 41.47608388479242], [1.79430017, 41.47646777], [1.7942692351585332, 41.47646724319907]], [[1.79666728, 41.47614312], [1.7966515673188603, 41.47614222530781], [1.79719351, 41.475775], [1.79666728, 41.47614312]], [[1.8064826967346443, 41.47346223099341], [1.8064393030227772, 41.473448882058776], [1.80648269, 41.47345577], [1.8064826967346443, 41.47346223099341]], [[1.84019613, 41.4943395], [1.83757724, 41.49477013], [1.8405634853293837, 41.494226707193526], [1.84019613, 41.4943395]], [[1.84159015, 41.49391147999999], [1.8411635103350739, 41.49404247547307], [1.8419333263648765, 41.493732345655786], [1.84159015, 41.49391147999999]], [[1.84302995, 41.49315992], [1.8426669914055382, 41.49334938045371], [1.8434999582741833, 41.49280198963745], [1.84302995, 41.49315992]], [[1.84387458, 41.4925167], [1.843697870823123, 41.49265127120485], [1.84428269, 41.49136270000001], [1.84387458, 41.4925167]], [[1.8557028166654723, 41.48440212473931], [1.8539102669399814, 41.4853616065679], [1.85397732, 41.48530223], [1.8557028166654723, 41.48440212473931]], [[1.86063022, 41.48277316], [1.8579591760438436, 41.48322509496747], [1.85812652, 41.4831378], [1.86063022, 41.48277316]], [[1.8964467892883805, 41.43422334723652], [1.89611072, 41.43514028], [1.89620465, 41.43465836999999], [1.8964467892883805, 41.43422334723652]], [[1.89713006, 41.43308972], [1.8968558706578111, 41.43348839955825], [1.8971050688631779, 41.43304069488102], [1.89713006, 41.43308972]], [[1.88313078, 41.34464851], [1.88352074, 41.34531858], [1.8825109016265258, 41.344031456010626], [1.88313078, 41.34464851]], [[1.88229239, 41.34381394], [1.8824112656681036, 41.34393227402871], [1.8821388170950981, 41.34378049038447], [1.88229239, 41.34381394]], [[1.88179838, 41.34370634], [1.8819570583360568, 41.3437409016262], [1.8797956, 41.34453307], [1.88179838, 41.34370634]], [[1.851869, 41.31946556], [1.85327534, 41.3214287], [1.8517757075123564, 41.31940253276634], [1.851869, 41.31946556]], [[1.85118894, 41.31900612], [1.8513533125663342, 41.31911716804264], [1.8509918650833022, 41.318968375140585], [1.85118894, 41.31900612]], [[1.400001452606456, 41.26346523848128], [1.40208168, 41.26536082], [1.39996796, 41.26347274], [1.400001452606456, 41.26346523848128]], [[1.54805398, 41.37459952], [1.5472593, 41.37329272], [1.5472613760521032, 41.37318162951739], [1.54805398, 41.37459952]], [[1.5472672292102008, 41.372868424392735], [1.54727174, 41.37262705], [1.5474453338285272, 41.372349968737275], [1.5472672292102008, 41.372868424392735]], [[1.5480409578101093, 41.371399265326176], [1.54819413, 41.37115478], [1.5482395398699467, 41.37113046609452], [1.5480409578101093, 41.371399265326176]], [[1.55222237, 41.36817618], [1.5534720321956377, 41.36811573898237], [1.5531207, 41.36821781], [1.55222237, 41.36817618]], [[1.553822544338495, 41.36809878615249], [1.55405486, 41.36808755], [1.5559058, 41.3686198], [1.553822544338495, 41.36809878615249]], [[1.57752751, 41.36272747], [1.57816783511793, 41.36243217082225], [1.57815618, 41.36248492], [1.57752751, 41.36272747]], [[1.59030515354817, 41.29576492785089], [1.58942531, 41.29481846], [1.59029965, 41.29574061999999], [1.59030515354817, 41.29576492785089]], [[1.588284085856389, 41.29365771144686], [1.58828521, 41.29362605], [1.5883426265928988, 41.29363334313023], [1.588284085856389, 41.29365771144686]], [[1.64136659, 41.23634297], [1.6415624388014556, 41.23627253997807], [1.64150806, 41.23633222], [1.64136659, 41.23634297]], [[1.6690182426298825, 41.246011323349244], [1.66983189, 41.24680295000001], [1.6698322905844896, 41.246819839896936], [1.6690182426298825, 41.246011323349244]], [[1.7775590182443506, 41.329037984318845], [1.7777603843439385, 41.32904275329821], [1.7775835, 41.32906229999998], [1.7775590182443506, 41.329037984318845]], [[1.7781536368662132, 41.32899929671182], [1.77959854, 41.32788826], [1.77818166, 41.3289962], [1.7781536368662132, 41.32899929671182]], [[1.637939201234337, 41.30982105705765], [1.6380387, 41.30983217], [1.64005473, 41.31048864999999], [1.6401414841290443, 41.31055719227125], [1.637939201234337, 41.30982105705765]], [[1.6421280292080245, 41.31256982845616], [1.64211564, 41.31255686], [1.64219116, 41.31217659], [1.6421280292080245, 41.31256982845616]], [[1.5085069214076616, 41.39383795679251], [1.508476212844943, 41.39381258573644], [1.5084986, 41.39380392000001], [1.5085069214076616, 41.39383795679251]], [[2.0708824694852623, 41.41832220946694], [2.07091472, 41.41828243], [2.07232752, 41.41827038], [2.0708824694852623, 41.41832220946694]], [[2.07515204, 41.41593773], [2.0760832365603887, 41.416067283332104], [2.07600448, 41.41611706], [2.07515204, 41.41593773]], [[2.076579141809586, 41.41575385533607], [2.07681003, 41.41557888], [2.076908912349323, 41.41554542979594], [2.076579141809586, 41.41575385533607]], [[1.8421756023715705, 41.49633283595772], [1.84216475, 41.49637314], [1.84170063, 41.496906059999986], [1.8421756023715705, 41.49633283595772]], [[1.83856109, 41.49961899], [1.8385611528179704, 41.499995325481194], [1.83853092, 41.49993044], [1.83856109, 41.49961899]], [[1.838694931839315, 41.500282441163954], [1.84045812, 41.50192065], [1.83876684, 41.50043677], [1.838694931839315, 41.500282441163954]], [[1.84102942, 41.50467523000001], [1.8431172410393606, 41.50684722489733], [1.84285432, 41.50667267], [1.84102942, 41.50467523000001]], [[1.8431852162814684, 41.50689235407922], [1.84401942, 41.50683923], [1.84326608, 41.50694603999998], [1.8431852162814684, 41.50689235407922]], [[1.8543475743312516, 41.507018622304464], [1.85440821, 41.50703058], [1.8544032531335082, 41.507095723076496], [1.8543475743312516, 41.507018622304464]], [[1.85537483, 41.51260459], [1.854012358857165, 41.513625772040264], [1.85414515, 41.51343093], [1.85537483, 41.51260459]], [[1.8537656051044116, 41.51398782935525], [1.8537775517267516, 41.514125659439735], [1.85372688, 41.51404465], [1.8537656051044116, 41.51398782935525]], [[1.854189230422695, 41.514810952154924], [1.85420315, 41.514831229999984], [1.85426829, 41.51562271], [1.854189230422695, 41.514810952154924]], [[1.8530239944460005, 41.52025753254685], [1.8528980195296845, 41.520509819571444], [1.85301315, 41.52026441], [1.8530239944460005, 41.52025753254685]], [[1.8527406211412811, 41.52082503765015], [1.85273686, 41.52083257], [1.85147131, 41.52088089], [1.8527406211412811, 41.52082503765015]], [[1.846565119554319, 41.52196807833144], [1.8464712014011104, 41.522320106566255], [1.84651162, 41.5219723], [1.846565119554319, 41.52196807833144]], [[1.8463601508874146, 41.52273635108317], [1.84632915, 41.52285255], [1.846046908027892, 41.52300785153326], [1.8463601508874146, 41.52273635108317]], [[1.845946097448041, 41.5230633218005], [1.8459065, 41.52308511], [1.84395361, 41.52336752], [1.845946097448041, 41.5230633218005]], [[1.86792562, 41.58963368], [1.86811501, 41.58914932], [1.86859559, 41.58857307], [1.86792562, 41.58963368]], [[1.86964567, 41.58820231], [1.8696547600470073, 41.58822220737527], [1.86859559, 41.58857307], [1.86964567, 41.58820231]], [[1.8706596645855833, 41.58920158763145], [1.8710311193469156, 41.589322696407415], [1.87077671, 41.58928147], [1.8706596645855833, 41.58920158763145]], [[1.87440762, 41.58961247999998], [1.8755170594167379, 41.589869060297595], [1.8753189, 41.58986858], [1.87440762, 41.58961247999998]], [[1.9275643248634904, 41.49516524065042], [1.92812968, 41.49521792], [1.92933716, 41.49550234], [1.9294586608086193, 41.49556363566379], [1.9275643248634904, 41.49516524065042]], [[1.9259354237301038, 41.49501346091643], [1.92518975, 41.49501823], [1.92356686, 41.49479276], [1.9259354237301038, 41.49501346091643]], [[1.9215705329657267, 41.493142350675356], [1.9215463, 41.49306706], [1.9215913329323304, 41.49235449948363], [1.9215705329657267, 41.493142350675356]], [[1.9216387359756717, 41.49160443646768], [1.9216541, 41.49136132999999], [1.921789540487474, 41.49092515836552], [1.9216387359756717, 41.49160443646768]], [[1.921971244961122, 41.4903399985013], [1.92201314, 41.49020508000001], [1.9221200036260246, 41.4900714608965], [1.921971244961122, 41.4903399985013]], [[1.9227124877007196, 41.48933063640972], [1.92298534, 41.48898947], [1.9232508402187733, 41.488803476448915], [1.9227124877007196, 41.48933063640972]], [[1.9268565602513277, 41.487207868380814], [1.92709242, 41.48712605], [1.93149578, 41.48610863], [1.9268565602513277, 41.487207868380814]], [[1.93799199, 41.47449797], [1.93849241, 41.47388025], [1.938840586922507, 41.47350758224195], [1.93799199, 41.47449797]], [[1.94425927, 41.46814214], [1.94515699, 41.46757704], [1.945233468719761, 41.46755766524026], [1.94425927, 41.46814214]], [[1.946535171710399, 41.46753480677107], [1.94658194, 41.4675483], [1.94807294, 41.4694608], [1.946535171710399, 41.46753480677107]], [[2.03995542, 41.44349727], [2.0406919110727575, 41.44417828780743], [2.04060439, 41.4441639], [2.03995542, 41.44349727]], [[2.04159653, 41.44424154], [2.0431250109691916, 41.44456585353139], [2.04308881, 41.44457232], [2.040958437778957, 41.44422210279738], [2.04159653, 41.44424154]], [[2.04451278, 41.44436275], [2.046711606981714, 41.44487394041705], [2.04637974, 41.44485952], [2.04445284344134, 41.44437314730983], [2.04451278, 41.44436275]], [[2.046793464164332, 41.44487749730814], [2.04915079, 41.44448963], [2.046985, 41.44488582], [2.046793464164332, 41.44487749730814]], [[2.05954482, 41.43613867], [2.05935819, 41.43538782], [2.0593697022269524, 41.435313278637864], [2.05954482, 41.43613867]], [[2.15213589, 41.32162615], [2.15335745, 41.32091023], [2.1504741, 41.3176445], [2.15278498, 41.31629579], [2.15647238, 41.320143819999984], [2.15618581, 41.32066217], [2.15380266, 41.32193475], [2.15213589, 41.32162615]], [[0.9497826350771701, 41.58443969494893], [0.95266099, 41.58422579], [0.94994404, 41.58444847], [0.9497826350771701, 41.58443969494893]], [[0.95962561, 41.58152963], [0.96068324, 41.58081705], [0.9607871246764182, 41.58077060315285], [0.95962561, 41.58152963]], [[1.07222464, 41.45678933], [1.071874014752098, 41.45590187861836], [1.07192854, 41.4559125], [1.07222464, 41.45678933]], [[1.0713876698100258, 41.45576091998461], [1.0713573, 41.45575611], [1.0713141537882651, 41.45564940583758], [1.0713876698100258, 41.45576091998461]], [[0.94736656, 41.35157772], [0.9451682055462549, 41.34977844540102], [0.94523168, 41.34975444], [0.94736656, 41.35157772]], [[0.9107536166982627, 41.34905733577192], [0.91047322, 41.34899706], [0.910319463111712, 41.34885618048133], [0.9107536166982627, 41.34905733577192]], [[0.9097503861534469, 41.34859251148387], [0.9092888170136091, 41.3484570008026], [0.90951079, 41.3484815], [0.9097503861534469, 41.34859251148387]], [[0.7704007003345635, 41.55034895020269], [0.77210896, 41.54975832], [0.77047345, 41.55034879], [0.7704007003345635, 41.55034895020269]], [[0.92772838, 41.58655401], [0.93348912, 41.585122980000016], [0.9374057980033597, 41.58429666220548], [0.92772838, 41.58655401]], [[0.9388252906293552, 41.58399718596183], [0.93891059, 41.58397919], [0.94074123, 41.58424167], [0.9388252906293552, 41.58399718596183]], [[1.0771469777640397, 42.04732959331679], [1.07711742, 42.04727868], [1.07702905, 42.04562435], [1.0771469777640397, 42.04732959331679]], [[1.0785550608878418, 42.04968390071743], [1.07834125, 42.04938673], [1.0775558791288131, 42.048033926861486], [1.0785550608878418, 42.04968390071743]], [[1.07942389, 42.05033001999998], [1.07878398, 42.05000207000001], [1.0787281696066269, 42.04992450044868], [1.07942389, 42.05033001999998]], [[1.14042990528981, 42.11979983672558], [1.14038154, 42.11977783], [1.13978376, 42.11861733], [1.14042990528981, 42.11979983672558]], [[1.14083254, 42.11982182], [1.14064727, 42.11989874], [1.1405012027444557, 42.119832277832124], [1.14083254, 42.11982182]], [[1.14209694, 42.11800976], [1.1421322776852951, 42.11800619332828], [1.14115306, 42.11908163], [1.14209694, 42.11800976]], [[1.14501366, 42.11604088], [1.1450673760718764, 42.11599101332678], [1.14476883, 42.11743113], [1.14501366, 42.11604088]], [[1.14569617, 42.11540728], [1.1460076831129555, 42.11535953682091], [1.1456713618956431, 42.11543031030713], [1.14569617, 42.11540728]], [[1.14623492, 42.11532471], [1.14722247, 42.11565016], [1.1461799184808674, 42.11533313965278], [1.14623492, 42.11532471]], [[1.1562413, 42.11863867000001], [1.1562582278534452, 42.11872739842845], [1.15578339, 42.11806917], [1.1562413, 42.11863867000001]], [[1.1676064062302882, 42.118873093418856], [1.16763929, 42.11890551], [1.16771921, 42.11931672], [1.1676064062302882, 42.118873093418856]], [[1.16701046, 42.11825323999999], [1.1669022428323172, 42.117872081529704], [1.167048776909791, 42.1182917183428], [1.16701046, 42.11825323999999]], [[1.16711357, 42.1170407], [1.1668535895173089, 42.1177007166389], [1.16684622, 42.11767476], [1.1670731408703405, 42.116818236159084], [1.16711357, 42.1170407]], [[1.16654094, 42.11653182], [1.167057, 42.11672942], [1.167066028722107, 42.11677910111397], [1.16654094, 42.11653182]], [[1.1664093750388473, 42.11437316936524], [1.16642896, 42.11438646], [1.16608317, 42.114957740000015], [1.1664093750388473, 42.11437316936524]], [[1.16497383, 42.11142313], [1.1649825946614432, 42.11139999443409], [1.1649818598428554, 42.111431975320286], [1.16497383, 42.11142313]], [[1.260375640761313, 42.00356341925907], [1.26025657, 42.00360088999998], [1.25757857, 42.00378938], [1.260375640761313, 42.00356341925907]], [[1.261322408245107, 42.00303627039743], [1.26091661, 42.00339318], [1.2605928651296587, 42.003495060260306], [1.261322408245107, 42.00303627039743]], [[1.26240287, 42.00116653], [1.26156554, 42.00282243], [1.2615115431575383, 42.0028699215597], [1.26240287, 42.00116653]], [[1.28919616, 41.95658058], [1.28967128, 41.95720475], [1.2891742578957113, 41.95657630247553], [1.28919616, 41.95658058]], [[1.29345543, 41.95547626], [1.291383993695213, 41.95854856502267], [1.29138332, 41.95851747999998], [1.29345543, 41.95547626]], [[1.2914154267209792, 41.959566817981234], [1.29140579, 41.95955427], [1.291402715697348, 41.95941241836463], [1.2914154267209792, 41.959566817981234]], [[1.29185265, 41.960571669999986], [1.29070103, 41.96160072], [1.2918497872275088, 41.960557818467386], [1.29185265, 41.960571669999986]], [[1.2902173081235413, 41.962405931024655], [1.29020828, 41.9623608], [1.29070103, 41.96160072], [1.2902173081235413, 41.962405931024655]], [[1.2903267778912362, 41.962816135575096], [1.29029298, 41.96278421], [1.290262984927541, 41.96263426650968], [1.2903267778912362, 41.962816135575096]], [[1.29102657, 41.96343915], [1.2910240682092116, 41.963474797804984], [1.290512249816403, 41.9629913328332], [1.29102657, 41.96343915]], [[1.2910683191933467, 41.965020316302855], [1.29100271, 41.96497992], [1.2910061088823528, 41.96486001718089], [1.2910683191933467, 41.965020316302855]], [[1.2913829223497437, 41.96518875916145], [1.29135622, 41.96519758], [1.291285520747984, 41.96515404969197], [1.2913829223497437, 41.96518875916145]], [[1.29499189, 41.96640976], [1.294974965473207, 41.96644946572405], [1.294902033635857, 41.9663256077802], [1.29499189, 41.96640976]], [[1.2943900900719725, 41.967821610515344], [1.29442501, 41.96749398], [1.2948415385631633, 41.9667624914373], [1.2943900900719725, 41.967821610515344]], [[1.2945388338534278, 41.968415921557835], [1.29435345, 41.96816538], [1.2943601020419595, 41.968102968303924], [1.2945388338534278, 41.968415921557835]], [[1.2950665030381887, 41.96907861970481], [1.29501603, 41.96906084], [1.2949813556309593, 41.969013978473086], [1.2950665030381887, 41.96907861970481]], [[1.29593267, 41.96936533], [1.2959435658845235, 41.96938757512079], [1.2956526922270866, 41.969285111549105], [1.29593267, 41.96936533]], [[1.29613023, 41.96976867], [1.2961729928877832, 41.96993164523476], [1.2960231776324707, 41.96955011107148], [1.29613023, 41.96976867]], [[1.29625773, 41.97025459000001], [1.2960074291358321, 41.970952346744525], [1.296233082135288, 41.97016065360455], [1.29625773, 41.97025459000001]], [[1.2959253118090233, 41.9716762813779], [1.29593453, 41.97120811], [1.2959518531010648, 41.97114733269897], [1.2959253118090233, 41.9716762813779]], [[1.29607007, 41.97236498], [1.29591474, 41.9722132], [1.2959174753223275, 41.97207427907437], [1.29607007, 41.97236498]], [[1.2983861, 41.97544707], [1.29860396, 41.97583216], [1.2966029, 41.97342932999999], [1.2983861, 41.97544707]], [[1.55023494, 42.20871571], [1.5503319910787534, 42.208755200399054], [1.54883644, 42.2086996], [1.55023494, 42.20871571]], [[1.55453077, 42.20954547], [1.55524269, 42.20970039], [1.5545137354733312, 42.20954964052747], [1.55453077, 42.20954547]], [[1.56457835, 42.2077941], [1.564942856021263, 42.207793619797094], [1.5645493591730053, 42.20780544415963], [1.56457835, 42.2077941]], [[1.56776643, 42.2077899], [1.5677798145355846, 42.20779501168564], [1.5676568971839049, 42.20779004429934], [1.56776643, 42.2077899]], [[1.6415463665751706, 42.19666385865308], [1.64150208, 42.19668135], [1.63964983, 42.19664139], [1.6415463665751706, 42.19666385865308]], [[1.6423885926714268, 42.19567783563437], [1.64185632, 42.19654144], [1.6416917646492497, 42.19660643248849], [1.6423885926714268, 42.19567783563437]], [[1.64313436, 42.19398081], [1.64267189, 42.195218189999984], [1.6425956882758934, 42.19534182614578], [1.64313436, 42.19398081]], [[1.66965413, 42.16325161], [1.66962279, 42.16422751], [1.66956854, 42.16300295], [1.66965413, 42.16325161]], [[1.6857169607533493, 42.172342271180916], [1.68568246, 42.17234069], [1.6856748872922904, 42.172320218539966], [1.6857169607533493, 42.172342271180916]], [[1.68636964, 42.17195589], [1.68591833, 42.1723515], [1.6858085209723663, 42.172346467416], [1.68636964, 42.17195589]], [[1.7259397, 42.16631922], [1.7259818480936262, 42.16635471445757], [1.7258972094923848, 42.16631561220911], [1.7259397, 42.16631922]], [[1.7382522994393774, 42.175065867000264], [1.73827773, 42.17508988], [1.73776162, 42.17598442], [1.7382522994393774, 42.175065867000264]], [[1.73674184, 42.1731464], [1.7367408951503809, 42.17312878975175], [1.73753141, 42.17397743], [1.73674184, 42.1731464]], [[1.7364643, 42.17250933000001], [1.7364858071736702, 42.172464120720846], [1.73671893, 42.1727194], [1.7364643, 42.17250933000001]], [[1.73646062, 42.17054235], [1.7364754164071705, 42.17050646605118], [1.73691074, 42.17114753], [1.73646062, 42.17054235]], [[1.73837952, 42.16405484], [1.73817744, 42.16468007], [1.73816812190028, 42.16468499478347], [1.73837952, 42.16405484]], [[1.73491587, 42.16026081], [1.7348899694477045, 42.16015586513411], [1.7349973016529654, 42.16032415314086], [1.73491587, 42.16026081]], [[1.7347913790615999, 42.15897184594066], [1.73482343, 42.15900338], [1.73466953, 42.15926268], [1.7347913790615999, 42.15897184594066]], [[1.7344800303807941, 42.15887003206135], [1.73467895, 42.15886123], [1.7347539158035192, 42.15893498684503], [1.7344800303807941, 42.15887003206135]], [[1.73414881, 42.15894152], [1.73382244, 42.15889913], [1.7341530169291584, 42.15888450218992], [1.73414881, 42.15894152]], [[1.73038481, 42.15831888], [1.7303241799992692, 42.15828327669551], [1.7307444, 42.158223009999986], [1.73038481, 42.15831888]], [[1.72983243, 42.15799451], [1.73013528, 42.15808107], [1.730217224588089, 42.1582204700647], [1.72983243, 42.15799451]], [[1.7221495117072525, 42.09130901862889], [1.72219779, 42.09138301], [1.72287334, 42.1000798], [1.7221495117072525, 42.09130901862889]], [[1.6823595009398744, 42.04807022110206], [1.68228592, 42.04800002], [1.68189923, 42.04698169000002], [1.6823595009398744, 42.04807022110206]], [[1.682796707176961, 42.04841165387042], [1.68269107, 42.04838656], [1.6825353539119297, 42.04823799651319], [1.682796707176961, 42.04841165387042]], [[1.7192864981524176, 41.98498386995247], [1.71930578, 41.9850052], [1.71937471, 41.98542554], [1.7192864981524176, 41.98498386995247]], [[1.6678317315116797, 41.970285609568776], [1.6678357, 41.97024043], [1.6678990834791003, 41.970258792093794], [1.6678317315116797, 41.970285609568776]], [[1.64739216, 41.95766142], [1.6474173223317758, 41.95765813095967], [1.6467852, 41.95840516], [1.64739216, 41.95766142]], [[1.8182864335091387, 41.923215189306156], [1.81798142, 41.92327257999999], [1.81719319, 41.92317595], [1.8182864335091387, 41.923215189306156]], [[1.8187627491310934, 41.92306591767198], [1.81866069, 41.92314477], [1.8185384947737608, 41.92316776199415], [1.8187627491310934, 41.92306591767198]], [[1.8249437963614061, 41.91963933353444], [1.82474102, 41.91982099], [1.82365708, 41.92031889], [1.8249437963614061, 41.91963933353444]], [[1.8259639, 41.91796663], [1.82534868, 41.91927662], [1.8252158234175682, 41.91939563908596], [1.8259639, 41.91796663]], [[1.8815674176627444, 41.90662161640862], [1.88125449, 41.90668008], [1.88040785, 41.90670884], [1.8815674176627444, 41.90662161640862]], [[1.8827199280841296, 41.906363660129315], [1.88257667, 41.90643306], [1.8822508788569068, 41.906493926847304], [1.8827199280841296, 41.906363660129315]], [[1.88403466, 41.90574952], [1.88538225, 41.90579483], [1.88400130705071, 41.905767163209724], [1.88403466, 41.90574952]], [[1.88602818, 41.90614076], [1.88640925, 41.9064606], [1.88538225, 41.90579483], [1.88602818, 41.90614076]], [[1.88662436, 41.90759512], [1.8866096973666862, 41.90766178222168], [1.88640925, 41.9064606], [1.88662436, 41.90759512]], [[1.88637674, 41.9087209], [1.8854691, 41.91019977], [1.8864035580779166, 41.90859897424377], [1.88637674, 41.9087209]], [[2.0271697282043513, 42.09510598026666], [2.02719036, 42.09514159], [2.0271241279064123, 42.09519048442356], [2.0271697282043513, 42.09510598026666]], [[2.07102279, 42.12913658], [2.0710006497168334, 42.129226512166944], [2.070952314448465, 42.12911080811739], [2.07102279, 42.12913658]], [[2.07089021, 42.12967511], [2.06979039, 42.13110732], [2.0709491115333996, 42.12943585639628], [2.07089021, 42.12967511]], [[1.13824822, 41.81471167], [1.1382207330281748, 41.81467729185252], [1.1383018217632839, 41.814730320783774], [1.13824822, 41.81471167]], [[1.14121177, 41.81574284], [1.138843932599788, 41.81491894875741], [1.13942205, 41.81504411], [1.14121177, 41.81574284]], [[1.14208184, 41.81621404], [1.14256997536442, 41.816662617622065], [1.14121177, 41.81574284], [1.14208184, 41.81621404]], [[1.14360332, 41.81821680999999], [1.1429502094560464, 41.81701203812523], [1.14302053, 41.81707666], [1.14360332, 41.81821680999999]], [[1.14390092, 41.81878797], [1.14392552, 41.81845563], [1.1439594739359495, 41.81890887146909], [1.14390092, 41.81878797]], [[1.14424728, 41.81950313], [1.144157941986546, 41.819318665934574], [1.1442801098888753, 41.81953809068397], [1.14424728, 41.81950313]], [[1.1459885709810163, 41.82072596288645], [1.145478747630514, 41.82031580687041], [1.14575718, 41.82043763999999], [1.1459885709810163, 41.82072596288645]], [[1.14626506, 41.8209484], [1.146207949196444, 41.82090245400785], [1.147558442986544, 41.8207788906201], [1.14626506, 41.8209484]], [[1.1487032, 41.82062886], [1.1484597522197333, 41.820660766003634], [1.1494537372161393, 41.820467790120254], [1.1487032, 41.82062886]], [[1.15125131, 41.82008202], [1.151158487509768, 41.82010194027446], [1.1514129795750858, 41.81984553619892], [1.15125131, 41.82008202]], [[1.15270568, 41.81813275999998], [1.1527235491777272, 41.818232592780134], [1.1521875443711658, 41.81784584102811], [1.15270568, 41.81813275999998]], [[1.1444386382599654, 41.8108145905989], [1.14440582, 41.81080163], [1.1431494112835812, 41.80899831163449], [1.14321659, 41.80903824], [1.1444386382599654, 41.8108145905989]], [[1.14288891, 41.80884348], [1.143103776054041, 41.80897118786342], [1.14191453, 41.80874634], [1.14288891, 41.80884348]], [[1.1400257222663641, 41.80714156115648], [1.141191837584369, 41.80830332833473], [1.14110525, 41.80825025], [1.1400257222663641, 41.80714156115648]], [[1.1393894659820367, 41.806410635832215], [1.1396680018448755, 41.8067741776905], [1.13940976, 41.80650896], [1.1393894659820367, 41.806410635832215]], [[1.1611861222936721, 41.781289313162084], [1.159607343855097, 41.78119979652766], [1.15963142, 41.78118963], [1.1611861222936721, 41.781289313162084]], [[1.16603064, 41.78315798], [1.1636505407955677, 41.78144732478269], [1.16366887, 41.7814485], [1.16603064, 41.78315798]], [[1.28264016, 41.87618508], [1.2824274797292448, 41.87572178928128], [1.28249465, 41.87577524], [1.28264016, 41.87618508]], [[1.30282667, 41.92347859], [1.3026175515669636, 41.92344470617435], [1.3035060955113427, 41.92334175939431], [1.30282667, 41.92347859]], [[1.30719711, 41.92259842], [1.307093772153124, 41.922619231376586], [1.3072599724869516, 41.922548986143205], [1.30719711, 41.92259842]], [[1.30831583, 41.92171868], [1.3082883913447818, 41.92174025723339], [1.30900132, 41.92040196], [1.30831583, 41.92171868]], [[1.31754944, 41.91160029], [1.31710775, 41.91213356999999], [1.3175534840145664, 41.91157357198364], [1.31754944, 41.91160029]], [[1.32002644, 41.90473711], [1.31961455, 41.90491859], [1.3200300038774346, 41.904727831642774], [1.32002644, 41.90473711]], [[1.32016463, 41.90437734], [1.3201333095714136, 41.904458880998575], [1.3201634752373128, 41.90437401054126], [1.32016463, 41.90437734]], [[1.318946996973561, 41.90265218075617], [1.31984988, 41.90346984], [1.31895261, 41.90269135], [1.318946996973561, 41.90265218075617]], [[1.3188194225606102, 41.901529260091465], [1.3188970894573304, 41.90230391236777], [1.31880209, 41.90164098000001], [1.3188194225606102, 41.901529260091465]], [[1.3186963073309945, 41.89989798806963], [1.31895936, 41.90062727], [1.31868851, 41.899954849999986], [1.3186963073309945, 41.89989798806963]], [[1.3191064891495168, 41.899106790378774], [1.3187091139039713, 41.89980459631017], [1.31874188, 41.899565649999985], [1.3191064891495168, 41.899106790378774]], [[1.3197908064759905, 41.89865983666035], [1.3191607217460222, 41.899038538803836], [1.31917496, 41.89902062], [1.3197908064759905, 41.89865983666035]], [[1.32037759, 41.89830716], [1.3203231597673497, 41.89833987440299], [1.3204594654406359, 41.898169314216005], [1.32037759, 41.89830716]], [[1.3205805, 41.89796554], [1.3205686200138458, 41.897985541187076], [1.32001414, 41.8968211], [1.3205805, 41.89796554]], [[1.31927344, 41.89646928], [1.3192535470190814, 41.89640982246777], [1.32001414, 41.8968211], [1.31927344, 41.89646928]], [[1.3185757501946813, 41.893224309650044], [1.318581, 41.89317451], [1.31927033, 41.89221955], [1.3192968793792337, 41.89221083481107], [1.3185757501946813, 41.893224309650044]], [[1.32237607, 41.89053096], [1.3223428217905622, 41.890545436493106], [1.3224442962927325, 41.8904057461315], [1.32237607, 41.89053096]], [[1.324320186121599, 41.88969909089932], [1.32329668, 41.88923235], [1.32429802, 41.8896771], [1.324320186121599, 41.88969909089932]], [[1.32446309, 41.89192148], [1.3251649730736752, 41.890537199845355], [1.32517848, 41.89055059999998], [1.32446309, 41.89192148]], [[0.97594326, 41.7076705], [0.9749462110402489, 41.70690174524277], [0.97903339, 41.70978148], [0.97594326, 41.7076705]], [[1.1043361396327664, 41.85299679006853], [1.10343715, 41.85292837], [1.10424995, 41.85297819], [1.1043361396327664, 41.85299679006853]], [[1.17406578, 41.76157746], [1.17457013, 41.76270753], [1.1745153234940453, 41.76278796412447], [1.17406578, 41.76157746]], [[1.1796613783534509, 41.7480534557222], [1.17981271, 41.74873719], [1.17981042, 41.74961566999998], [1.1796613783534509, 41.7480534557222]], [[1.1780083762531481, 41.74518570767161], [1.17959525, 41.74775468], [1.1796287977267703, 41.747906252597396], [1.1780083762531481, 41.74518570767161]], [[1.17575242, 41.742060659999986], [1.17754283, 41.74443204], [1.1776252077824474, 41.744565400479374], [1.17575242, 41.742060659999986]], [[0.97007125, 41.756202], [0.970450085899464, 41.75665062640929], [0.9691854343545022, 41.75549174802538], [0.97007125, 41.756202]], [[1.6318723947298057, 41.84349507231395], [1.63114232, 41.84385276000001], [1.63187011, 41.8434789], [1.6318723947298057, 41.84349507231395]], [[1.58344514, 41.87353845], [1.58574629, 41.87469712], [1.5832391200140012, 41.873516102595296], [1.58344514, 41.87353845]], [[1.58290076, 41.8734794], [1.5829630941301172, 41.87348616150921], [1.5828919846990472, 41.873492493618], [1.58290076, 41.8734794]], [[1.6510650559704751, 41.926539037507354], [1.6509845757766526, 41.926478542885086], [1.65103464, 41.92648246], [1.6510650559704751, 41.926539037507354]], [[2.0438872488931703, 41.90687537488448], [2.04273524, 41.90698567], [2.04346111, 41.90683478], [2.0438872488931703, 41.90687537488448]], [[2.0449398657477307, 41.90705882292624], [2.044542308790028, 41.90693777726377], [2.04484991, 41.90696708], [2.0449398657477307, 41.90705882292624]], [[2.04554109, 41.90801227], [2.045263874221293, 41.907389268575805], [2.04539704, 41.90752508], [2.04554109, 41.90801227]], [[2.045457657750459, 41.90851632386206], [2.04538123, 41.90841782], [2.04554109, 41.90801227], [2.045457657750459, 41.90851632386206]], [[2.04553889, 41.90862102], [2.0455192895501253, 41.90859575797149], [2.0462785578571503, 41.90878949664291], [2.04553889, 41.90862102]], [[2.0470651, 41.90896865], [2.047007415124164, 41.908955510921245], [2.0471182580327207, 41.90894682888582], [2.0470651, 41.90896865]], [[2.04755809, 41.90876628], [2.0474229865109166, 41.90882173932592], [2.047606384085628, 41.90869439225485], [2.04755809, 41.90876628]], [[2.04781772, 41.90837981], [2.0477669116529653, 41.90845544032731], [2.047840201046766, 41.908314858295014], [2.04781772, 41.90837981]], [[2.04798402, 41.90789934], [2.0479500257475296, 41.90799755538475], [2.047956390939479, 41.90765191444219], [2.04798402, 41.90789934]], [[2.04791137, 41.90724874], [2.047926354119164, 41.90738292675744], [2.04721296, 41.90597808], [2.04791137, 41.90724874]], [[2.0455976863457104, 41.90452515564331], [2.0462202326438326, 41.905085130528875], [2.04584939, 41.90484419], [2.0455976863457104, 41.90452515564331]], [[2.02240083, 41.70812511], [2.02151606, 41.70882383], [2.0223779403282713, 41.70809449227481], [2.02240083, 41.70812511]], [[2.02113598, 41.70956779], [2.0211170034203008, 41.70969724427818], [2.02081751, 41.70904852], [2.02113598, 41.70956779]], [[2.02104457, 41.71019137], [2.0209312665927825, 41.7103028412626], [2.0210712197502025, 41.710009570949225], [2.02104457, 41.71019137]], [[2.0151228026728876, 41.94281501902111], [2.01734254, 41.94315484], [2.01520759, 41.94288205], [2.0151228026728876, 41.94281501902111]], [[2.014589390643011, 41.94232742782537], [2.015010201585772, 41.94272599910091], [2.01473615, 41.94250934], [2.014589390643011, 41.94232742782537]], [[2.0145181, 41.94160691], [2.0144661629599665, 41.94217468379421], [2.01443514, 41.94213623], [2.0145181, 41.94160691]], [[1.7121300848139525, 41.89607943727683], [1.71202928, 41.89617976], [1.71029469, 41.89729008], [1.710256098632112, 41.897285498286486], [1.7121300848139525, 41.89607943727683]], [[1.313486845645704, 41.947908509176294], [1.3135032694974096, 41.94773149770675], [1.31351613, 41.94782387999999], [1.313486845645704, 41.947908509176294]], [[1.3104163972262886, 41.94108176141658], [1.31040367, 41.94105799], [1.31024907, 41.94036659], [1.3104163972262886, 41.94108176141658]], [[1.019786993412027, 41.84794144457334], [1.01959491, 41.84766233], [1.0195978506294943, 41.84753415070296], [1.019786993412027, 41.84794144457334]], [[1.68919653, 42.10191824], [1.689243, 42.10201814], [1.68894374, 42.10193741], [1.68919653, 42.10191824]], [[1.64851592, 42.11404566], [1.647552935312738, 42.11403181354882], [1.6488473567085833, 42.113956198957204], [1.64851592, 42.11404566]], [[1.6471514, 42.11402604], [1.6466714, 42.11352877], [1.647240729881938, 42.11402732444602], [1.6471514, 42.11402604]], [[1.6706289449300662, 42.114569392158636], [1.67105947, 42.11452798], [1.67260584, 42.11472521000001], [1.6706289449300662, 42.114569392158636]], [[1.94954958, 42.31534361], [1.94865627, 42.31530139], [1.9496447104274799, 42.31530371730353], [1.94954958, 42.31534361]], [[1.9509354, 42.31476247], [1.9500526682314867, 42.31513264126319], [1.95260167, 42.31394891], [1.9509354, 42.31476247]], [[0.76585759, 42.34601537], [0.765091728219563, 42.34600189543655], [0.76511444, 42.34596645], [0.76585759, 42.34601537]], [[0.7675823586038347, 42.3437289227613], [0.76628899, 42.34523076], [0.76751805, 42.34375895], [0.7675823586038347, 42.3437289227613]], [[0.84709139, 42.31429711], [0.8469968011631187, 42.31431136302076], [0.84907695, 42.31337601], [0.84709139, 42.31429711]], [[0.8623846047021106, 42.42993123249611], [0.86101251, 42.42875868], [0.8623498, 42.42989698], [0.8623846047021106, 42.42993123249611]], [[0.86800393, 42.43702423], [0.8626744773302983, 42.430216506050144], [0.86327947, 42.4308119], [0.86800393, 42.43702423]], [[0.92230742, 42.5073694], [0.9223577723273841, 42.507079897565966], [0.9223511220002193, 42.50752533125056], [0.92230742, 42.5073694]], [[0.92256889, 42.50830234], [0.9225033825597158, 42.50806860568502], [0.92284254, 42.50865104999998], [0.92256889, 42.50830234]], [[0.9281468958179053, 42.51141919585506], [0.92616422, 42.51047351], [0.92807805, 42.51133969], [0.9281468958179053, 42.51141919585506]], [[0.9284090386903595, 42.51177592579313], [0.9283306678511242, 42.51163142301835], [0.92841498, 42.51172879], [0.9284090386903595, 42.51177592579313]], [[0.9326073462615768, 42.51643333001704], [0.93162461, 42.51633107], [0.93251356, 42.51639291], [0.9326073462615768, 42.51643333001704]], [[0.9744461351419759, 42.55208052228638], [0.9727412579215443, 42.55174776038643], [0.97428439, 42.55198922], [0.9744461351419759, 42.55208052228638]], [[0.9801588215804637, 42.5528499590803], [0.97975461, 42.55313832], [0.98009012, 42.55285242], [0.9801588215804637, 42.5528499590803]], [[0.9902607842683849, 42.550576443367056], [0.99044631, 42.55172722], [0.99018459, 42.55069931], [0.9902607842683849, 42.550576443367056]], [[0.99120152, 42.54934754], [0.9903328666414095, 42.55046020734752], [0.99085055, 42.54962542], [0.99120152, 42.54934754]], [[0.996332236954289, 42.540428723906956], [0.9959368724870163, 42.5409576579837], [0.99604992, 42.54071449], [0.996332236954289, 42.540428723906956]], [[0.9970673296486212, 42.53944528809575], [0.9969946415482545, 42.53954253308471], [0.99702803, 42.53945936], [0.9970673296486212, 42.53944528809575]], [[0.99746432, 42.53937636], [0.9972399247969862, 42.53938348748207], [0.9977261823859074, 42.539209374723484], [0.99746432, 42.53937636]], [[1.04366548, 42.41776201], [1.04290301, 42.41933019], [1.04366587, 42.417628849999986], [1.04366548, 42.41776201]], [[1.15496386, 42.26832253], [1.154952323339103, 42.2683145858804], [1.1549701076002516, 42.2683228135327], [1.15496386, 42.26832253]], [[1.157303338304898, 42.2686601503243], [1.15645606, 42.26839025], [1.15715994, 42.26857438], [1.157303338304898, 42.2686601503243]], [[1.15776475, 42.26926702], [1.15743462308664, 42.26873867522956], [1.15756773, 42.26881829], [1.15776475, 42.26926702]], [[1.15769678, 42.2696393], [1.1577030800723462, 42.269604793733514], [1.15805012, 42.27006078], [1.15769678, 42.2696393]], [[1.15817316, 42.27064191], [1.1581665925132127, 42.27065025424839], [1.15805012, 42.27006078], [1.15817316, 42.27064191]], [[1.1580898564582884, 42.27746840587001], [1.15824023, 42.27710042], [1.15813429, 42.27743188], [1.1580898564582884, 42.27746840587001]], [[1.15760672, 42.2778882], [1.1576281694587838, 42.277871889073715], [1.15755239, 42.27840089], [1.15760672, 42.2778882]], [[1.1569589, 42.27849048], [1.1569638818218764, 42.278489727971454], [1.1569534551585967, 42.27850318534185], [1.1569589, 42.27849048]], [[1.15465942, 42.28117079], [1.1556665901047762, 42.280677098210525], [1.1556583, 42.28068956], [1.15465942, 42.28117079]], [[1.1530754472342515, 42.28210682943302], [1.15378957, 42.28187999], [1.15311165, 42.28210539], [1.1530754472342515, 42.28210682943302]], [[1.14852023, 42.282632090000014], [1.1503797086579945, 42.28262984082158], [1.15036376, 42.28263527], [1.14852023, 42.282632090000014]], [[1.31877421, 42.44550383], [1.318686111285137, 42.44549190275702], [1.3188076577220647, 42.445494040844174], [1.31877421, 42.44550383]], [[1.3195955644014281, 42.44526344393698], [1.319098773081878, 42.44540884001599], [1.31951301, 42.44524613999999], [1.3195955644014281, 42.44526344393698]], [[1.32073374, 42.44560975], [1.3197640838771483, 42.445298766710074], [1.32027916, 42.44540673], [1.32073374, 42.44560975]], [[1.322437833078504, 42.447273770218665], [1.32126992, 42.44632079], [1.32244366, 42.44725767], [1.322437833078504, 42.447273770218665]], [[1.5964230782969195, 42.44426278863872], [1.59280758, 42.44647532], [1.59495879, 42.44505266], [1.5964230782969195, 42.44426278863872]], [[1.59676024, 42.44405646], [1.5967058465360993, 42.44408974648912], [1.5973568, 42.44266419], [1.59676024, 42.44405646]], [[1.65218344, 42.28607592], [1.6521598128386727, 42.28608867465093], [1.6521811542456417, 42.286049038775126], [1.65218344, 42.28607592]], [[1.6521018601610515, 42.28511651419667], [1.6521477377020934, 42.285656049205386], [1.65207478, 42.28549219], [1.6521018601610515, 42.28511651419667]], [[1.65277658, 42.28430306], [1.652114715058181, 42.284938181660294], [1.65211776, 42.28489594], [1.65277658, 42.28430306]], [[1.66255498, 42.28182099], [1.6611015, 42.28257880999998], [1.662587591251046, 42.28178570820939], [1.66255498, 42.28182099]], [[1.66460239, 42.2804174], [1.6634133965108082, 42.280918456680176], [1.66343832, 42.28089121], [1.66460239, 42.2804174]], [[1.66547307, 42.28007512], [1.6653477686577858, 42.28011769810146], [1.665532863372081, 42.2799831840011], [1.66547307, 42.28007512]], [[1.6658104786008567, 42.279818158423936], [1.6657461254806227, 42.279828199777036], [1.665761, 42.27981739], [1.6658104786008567, 42.279818158423936]], [[1.6671553737363367, 42.279713720897846], [1.6669877320277449, 42.27966736187496], [1.66703051, 42.27965196], [1.6671553737363367, 42.279713720897846]], [[1.67495866, 42.28567548], [1.6749388957761753, 42.285662093115484], [1.67542981, 42.285318459999985], [1.67495866, 42.28567548]], [[1.7179012037707229, 42.284018457340146], [1.717287689190133, 42.28455605352471], [1.717324, 42.2844454], [1.7179012037707229, 42.284018457340146]], [[1.71950055, 42.28329107], [1.718598232167306, 42.2835028835121], [1.7187476, 42.2833924], [1.71950055, 42.28329107]], [[1.773188168034054, 42.29105358464417], [1.77224083, 42.29164296], [1.77288128, 42.29115734], [1.773188168034054, 42.29105358464417]], [[1.774689869228153, 42.29058020747615], [1.7739320941659298, 42.290802071675394], [1.7745538, 42.29059188], [1.774689869228153, 42.29058020747615]], [[1.78158309, 42.29293712], [1.7814797136373677, 42.29290124249264], [1.7816861448229917, 42.29294538822754], [1.78158309, 42.29293712]], [[1.78600929, 42.29329224], [1.7828058451210012, 42.2930352232937], [1.78296876, 42.29301968], [1.78600929, 42.29329224]], [[1.78785204, 42.29422909], [1.7878350762053044, 42.294206151764826], [1.7893960599398164, 42.294028912511074], [1.78785204, 42.29422909]], [[1.79395699, 42.29393904], [1.7931847477232565, 42.29359873237492], [1.79329389, 42.29358634], [1.79395699, 42.29393904]], [[1.8042853, 42.30189759999998], [1.80030605, 42.30017298], [1.8044031101592226, 42.3019136069683], [1.8042853, 42.30189759999998]], [[1.80482861, 42.30197142], [1.8045430955385804, 42.30193262690297], [1.80763683, 42.30153953], [1.80482861, 42.30197142]], [[1.8904679880233792, 42.31712984160552], [1.88964921, 42.31733113], [1.8902757, 42.31709966], [1.8904679880233792, 42.31712984160552]], [[1.89162525, 42.31791437999998], [1.8905729505610094, 42.317146316567666], [1.89068128, 42.31716332], [1.89162525, 42.31791437999998]], [[1.9137156389624796, 42.318344030740064], [1.90982933, 42.31972009], [1.91335314, 42.31839904], [1.9137156389624796, 42.318344030740064]], [[1.93194362, 42.31875464], [1.9318501330602387, 42.31873872138892], [1.9338735, 42.31797889], [1.93194362, 42.31875464]], [[1.6781415805236808, 42.278571960572236], [1.6763652947341836, 42.27938910185321], [1.67806703, 42.27857739], [1.6781415805236808, 42.278571960572236]], [[1.6751230887398705, 42.27996055144958], [1.67505427, 42.27999221000001], [1.6744096590253785, 42.27992410241413], [1.6751230887398705, 42.27996055144958]], [[1.6736601817030325, 42.27988581171088], [1.6727369352523902, 42.280076825744366], [1.67356189, 42.279880789999986], [1.6736601817030325, 42.27988581171088]], [[1.6719427157367581, 42.28026555781046], [1.6711722283277985, 42.28083013962187], [1.67179643, 42.28030032], [1.6719427157367581, 42.28026555781046]], [[2.02173449, 42.13102579], [2.021556364664583, 42.131021228272296], [2.02156021, 42.13102109], [2.02281624, 42.13066886], [2.02173449, 42.13102579]], [[2.0208058999680074, 42.1310020091332], [2.0206884, 42.130999], [2.020323666492073, 42.13087244212588], [2.0208058999680074, 42.1310020091332]], [[2.020220469233084, 42.13083663399355], [2.0201789, 42.13082221], [2.02015318, 42.13050438], [2.020220469233084, 42.13083663399355]], [[1.1580427824206176, 42.12505382580074], [1.15774774, 42.12436778], [1.15800058, 42.12468587], [1.1580427824206176, 42.12505382580074]], [[1.1580188656565675, 42.125858378380194], [1.1580908934289893, 42.12547329758342], [1.15810774, 42.12562018], [1.1580188656565675, 42.125858378380194]], [[1.15755424, 42.12663428], [1.1578845345986846, 42.12621840849869], [1.15782362, 42.12638167], [1.15755424, 42.12663428]], [[1.1615686163949843, 42.14113817435265], [1.16155872368629, 42.14109771387677], [1.16158111, 42.14110879], [1.1615686163949843, 42.14113817435265]], [[1.16074665, 42.14966954], [1.1611924649757956, 42.14837966524678], [1.16113834, 42.1487953], [1.16074665, 42.14966954]], [[1.16053372, 42.15098002], [1.1605463759419612, 42.150962707895104], [1.1605566074363995, 42.15100555925408], [1.16053372, 42.15098002]], [[1.15422537, 42.22005581], [1.15563911, 42.219701399999984], [1.1538932225699854, 42.22025000286938], [1.15422537, 42.22005581]], [[1.15373115, 42.22034476], [1.1538358840401766, 42.22028352633704], [1.15324478, 42.22213397], [1.15373115, 42.22034476]], [[1.14418848, 42.22633101], [1.1442302521413816, 42.2263312353791], [1.144040049996988, 42.226421147994714], [1.14418848, 42.22633101]], [[1.1419846, 42.22783403], [1.1423713, 42.22743454], [1.1419730570360336, 42.22794181408451], [1.1419846, 42.22783403]], [[1.1419498, 42.22815898], [1.1419598558127622, 42.22806508240353], [1.14245325, 42.22880811999999], [1.1419498, 42.22815898]], [[1.13921281, 42.23595326], [1.1392461033816275, 42.23590082765867], [1.1392010640167425, 42.23636449956341], [1.13921281, 42.23595326]], [[1.13918754, 42.236837989999984], [1.1391907607588139, 42.23672522775442], [1.14005819, 42.23816076], [1.13918754, 42.236837989999984]], [[0.9282922971529134, 42.59074602225978], [0.92837335, 42.59071875], [0.9288994953495262, 42.590786609672264], [0.9282922971529134, 42.59074602225978]], [[0.9378094, 42.58939064], [0.9375985348084757, 42.58896265176424], [0.9379327620581218, 42.589386051740924], [0.9377990035172561, 42.589397775499584], [0.9378094, 42.58939064]], [[0.9371141623017625, 42.58834904737302], [0.93706601, 42.58831873], [0.9370680361413677, 42.588290614629265], [0.9371141623017625, 42.58834904737302]], [[0.94480764, 42.58002499], [0.94632443, 42.57985063999999], [0.9463564150360311, 42.57984992904351], [0.94480764, 42.58002499]], [[0.8216894279819502, 42.610200591301385], [0.82168241, 42.610174319999985], [0.8217216065654822, 42.610139335826204], [0.8216894279819502, 42.610200591301385]], [[0.8245866155801962, 42.607397583637734], [0.82494799, 42.607004909999986], [0.82464837, 42.60738242], [0.8245866155801962, 42.607397583637734]], [[0.8467932145178743, 42.61441053400737], [0.84682051, 42.61447914], [0.8468002930615566, 42.61451125141108], [0.8467932145178743, 42.61441053400737]], [[0.8467356479337771, 42.61533178630414], [0.8470695879769982, 42.61560044636899], [0.84684031, 42.61553753], [0.8467356479337771, 42.61533178630414]], [[0.87626564, 42.63100402], [0.8769137239224196, 42.63129864188205], [0.8768119, 42.63130133], [0.87626564, 42.63100402]], [[0.8772586249062935, 42.63145543542911], [0.877882576436399, 42.63173908661648], [0.87744964, 42.63162639], [0.8772586249062935, 42.63145543542911]], [[0.8784508544485102, 42.63188701366488], [0.8786774730129092, 42.6318420151172], [0.8785435, 42.63191113], [0.8784508544485102, 42.63188701366488]], [[0.8794136612929924, 42.631462225444714], [0.87950455, 42.63140356], [0.8795594151854662, 42.63138703296396], [0.8794136612929924, 42.631462225444714]], [[0.8803460475162445, 42.631150075761006], [0.88052168, 42.63109717], [0.8806384539392358, 42.63109569247329], [0.8803460475162445, 42.631150075761006]], [[0.95433947, 42.60300799], [0.9542113245773869, 42.60287647243634], [0.95472636, 42.60321484], [0.95433947, 42.60300799]], [[0.95402406, 42.60268428], [0.95382423, 42.60162525], [0.9541264372439945, 42.60278935129658], [0.95402406, 42.60268428]], [[0.9535117376186277, 42.59483213832768], [0.953495091082915, 42.59475302289925], [0.95354832, 42.5947966], [0.9535117376186277, 42.59483213832768]], [[0.9529083, 42.59429521], [0.9528844611432252, 42.594253116384806], [0.9529884550652685, 42.5943382534469], [0.9529083, 42.59429521]], [[0.9527885549539834, 42.594083769412244], [0.9525834447740718, 42.59372159478842], [0.95264544, 42.59373126], [0.9527885549539834, 42.594083769412244]], [[0.95181825, 42.59364034], [0.9516377168847315, 42.59357415343289], [0.9521908375318224, 42.59366038633233], [0.95181825, 42.59364034]], [[0.93905584, 42.58957821], [0.9390201810855361, 42.58956757101274], [0.94022138, 42.58954722], [0.93905584, 42.58957821]], [[0.938266616104657, 42.589356789876646], [0.9381861554461145, 42.589363842146625], [0.93823295, 42.58934584], [0.938266616104657, 42.589356789876646]], [[2.24380802, 41.49053934], [2.2457851959025104, 41.49031506398651], [2.24573596, 41.49037429], [2.24380802, 41.49053934]], [[2.225891233126746, 41.49222650906777], [2.22699965, 41.491957659999976], [2.2270780029317354, 41.491951527609864], [2.225891233126746, 41.49222650906777]], [[2.23362196, 41.49204895], [2.2358313598661073, 41.491804129954524], [2.23569834, 41.49187204], [2.23362196, 41.49204895]], [[2.15470899, 41.3394931], [2.1546473, 41.33939258], [2.15479039, 41.3394647], [2.15470899, 41.3394931]], [[2.15405121, 41.3387782], [2.15428429, 41.33873956], [2.15437561, 41.33888643], [2.15422123, 41.33900428], [2.15405121, 41.3387782]], [[2.249542685260443, 41.49000069582351], [2.24994424, 41.49019072], [2.2503239619935145, 41.49042847989438], [2.249542685260443, 41.49000069582351]], [[2.2504870512683346, 41.49053059694164], [2.25051122, 41.49054573], [2.25102458, 41.49126884], [2.2504870512683346, 41.49053059694164]], [[2.252803298663706, 41.492202083876535], [2.2536204592440487, 41.492167441288], [2.25291813, 41.49225632], [2.252803298663706, 41.492202083876535]], [[2.253730870907949, 41.4921534688576], [2.25393905, 41.49195371], [2.25378752, 41.4921463], [2.253730870907949, 41.4921534688576]], [[2.32300712, 41.5166373], [2.32321753, 41.51680057], [2.32430956, 41.51801385000001], [2.32300712, 41.5166373]], [[2.52129439, 41.62643684], [2.52184098, 41.6260239], [2.5221735216976375, 41.62594387664374], [2.52129439, 41.62643684]], [[2.5223994199100654, 41.625889516143204], [2.52259912, 41.62584146], [2.522851880420973, 41.62590404349797], [2.5223994199100654, 41.625889516143204]], [[2.5239948001563146, 41.62618703050465], [2.52499294, 41.62643417], [2.52591562, 41.62681824], [2.5239948001563146, 41.62618703050465]], [[2.52913377, 41.6289028], [2.52941795, 41.62934451], [2.5294045002675305, 41.62948278585771], [2.52913377, 41.6289028]], [[2.5290709055193354, 41.63119946076725], [2.52908087, 41.63123458], [2.52872425, 41.63183104], [2.5290709055193354, 41.63119946076725]], [[2.60397976, 41.67803937], [2.6032642468925817, 41.67843548564958], [2.60335478, 41.67834836], [2.60397976, 41.67803937]], [[2.60266412, 41.67937808], [2.6015480208952013, 41.68047989462028], [2.60164817, 41.68029438], [2.60266412, 41.67937808]], [[2.6617655988955375, 42.016861554507614], [2.6616692812023817, 42.01665884751007], [2.66168921, 42.01666701], [2.6617655988955375, 42.016861554507614]], [[2.661986682571461, 42.01760720945829], [2.6620248169451686, 42.017521721767196], [2.66203766, 42.01755443], [2.661986682571461, 42.01760720945829]], [[2.644390542298586, 42.03353570554633], [2.6442285705589033, 42.03291128204681], [2.6444177, 42.03339285], [2.644390542298586, 42.03353570554633]], [[2.643961413010444, 42.03451310746659], [2.6443391340887903, 42.033806124157394], [2.64431963, 42.03390872], [2.643961413010444, 42.03451310746659]], [[2.64214062, 42.03661538], [2.6437692302307374, 42.034837360270714], [2.64374752, 42.03487399], [2.64214062, 42.03661538]], [[2.6391608988967956, 42.03870082078266], [2.64010845, 42.03806], [2.63916812, 42.03869931], [2.6391608988967956, 42.03870082078266]], [[2.63140513, 42.07927901], [2.631524072118381, 42.07922973533453], [2.6314137788904706, 42.079324118431856], [2.63140513, 42.07927901]], [[2.63154034, 42.0799842], [2.631474498494311, 42.07964080253386], [2.6316096732855767, 42.080029348830514], [2.63154034, 42.0799842]], [[2.6341099457872965, 42.0828672373036], [2.63308261, 42.08141919], [2.63413901, 42.08283847], [2.6341099457872965, 42.0828672373036]], [[2.63296946, 42.08341405], [2.6340150579602115, 42.08296115579222], [2.6338473, 42.0831272], [2.63296946, 42.08341405]], [[2.6318734500916245, 42.08458743514446], [2.63242456, 42.08382967], [2.63203789, 42.08448131], [2.6318734500916245, 42.08458743514446]], [[2.635510086499616, 42.08772066164794], [2.63485689, 42.08806328], [2.63543432, 42.08773467], [2.635510086499616, 42.08772066164794]], [[2.6379644646184426, 42.086898008330415], [2.63744857, 42.08698279], [2.63792641, 42.08689149], [2.6379644646184426, 42.086898008330415]], [[2.667568555721692, 42.08491634168906], [2.6660049, 42.08543548999999], [2.66752388, 42.08489942000001], [2.667568555721692, 42.08491634168906]], [[2.66972436, 42.0858047], [2.6683172370957813, 42.0851999174865], [2.6699685815278675, 42.08582539226174], [2.66972436, 42.0858047]], [[2.67024202, 42.08584856], [2.6701680712052625, 42.08584229450887], [2.67077799, 42.08573053], [2.67024202, 42.08584856]], [[2.7295616755044327, 42.079233710069275], [2.7292526, 42.0793087], [2.72940921, 42.07924155000001], [2.7295616755044327, 42.079233710069275]], [[2.75801904, 42.07169609], [2.758007815607063, 42.071699181125794], [2.75887255, 42.07098066], [2.75801904, 42.07169609]], [[2.78260772, 42.04252663], [2.7800337527732895, 42.04410358317413], [2.78006192, 42.04405941], [2.78260772, 42.04252663]], [[2.89410049, 42.075026919999985], [2.8944678668139594, 42.07414938079303], [2.89448085, 42.07424012], [2.89410049, 42.075026919999985]], [[2.41746716726577, 41.80575493368982], [2.4177315044601753, 41.80540451195974], [2.41752865, 41.80570795], [2.41746716726577, 41.80575493368982]], [[2.416955, 41.80586673], [2.41741849672462, 41.80579212659669], [2.41731845, 41.80586858], [2.416955, 41.80586673]], [[2.40783885, 41.82135591999999], [2.4078729353476382, 41.821342252284516], [2.40807302, 41.82196162], [2.40783885, 41.82135591999999]], [[2.40883517347908, 41.82536746245142], [2.4087528978088257, 41.825242997212946], [2.40883485, 41.82535457], [2.40883517347908, 41.82536746245142]], [[2.4099307, 41.82775768], [2.40973288, 41.8266506], [2.4100664569930164, 41.827904329512904], [2.4099307, 41.82775768]], [[2.45513111, 41.96767657999999], [2.4550269356342356, 41.96764941581462], [2.45577727, 41.96768723], [2.45513111, 41.96767657999999]], [[2.49422209, 42.020612090000014], [2.494253888471003, 42.020559969309204], [2.4942386548284414, 42.020661331401996], [2.49422209, 42.020612090000014]], [[2.4814778, 42.05054936000001], [2.48212892, 42.05041131], [2.4814061143438733, 42.05061693772039], [2.4814778, 42.05054936000001]], [[2.48128026, 42.05073558], [2.4813338757016283, 42.050685036738095], [2.4813151358768653, 42.05084795503446], [2.48128026, 42.05073558]], [[2.48137745, 42.05104874], [2.481349466153355, 42.050958572066925], [2.48188727, 42.05137144], [2.48137745, 42.05104874]], [[2.49281134, 42.05824129], [2.49244302, 42.05743313], [2.492862158932642, 42.058281412497536], [2.49281134, 42.05824129]], [[2.49361811, 42.05887825], [2.493292553119959, 42.05862121675594], [2.4936687537380573, 42.05889370866994], [2.49361811, 42.05887825]], [[2.49490635, 42.06151315], [2.49614083, 42.05900755], [2.4964138580687933, 42.05854038094063], [2.49490635, 42.06151315]], [[2.4966395084666493, 42.05815427820555], [2.49674249, 42.05797807], [2.49887428, 42.05529602], [2.49939068, 42.05478223], [2.4966395084666493, 42.05815427820555]], [[2.502882920536292, 42.05159490161767], [2.5028363507486793, 42.051640365001695], [2.50286783, 42.05159641], [2.502882920536292, 42.05159490161767]], [[2.69773345, 41.92444584], [2.697660065422095, 41.92486209425221], [2.69764295, 41.924769], [2.69773345, 41.92444584]], [[2.69808299, 41.92418296000001], [2.6982367522674333, 41.92414795570724], [2.69773345, 41.92444584], [2.69808299, 41.92418296000001]], [[2.81752124, 41.90355493], [2.81657717, 41.906227819999984], [2.81764854, 41.90280013], [2.81752124, 41.90355493]], [[2.8537235025310608, 41.794089592168945], [2.8538484270966196, 41.794323932089284], [2.85379805, 41.79428278], [2.8537235025310608, 41.794089592168945]], [[2.853589022555516, 41.793330497695585], [2.853601985254055, 41.79377468329926], [2.85352852, 41.793584299999985], [2.853589022555516, 41.793330497695585]], [[2.85413476, 41.79281943], [2.8536140869133853, 41.79322535516514], [2.85361954, 41.79320248], [2.85413476, 41.79281943]], [[2.3402817224531223, 42.168952072250725], [2.3404896914053412, 42.1689989239109], [2.34038011, 42.16900275], [2.3402817224531223, 42.168952072250725]], [[2.339422479788512, 42.21229523126078], [2.34008196, 42.21209847999999], [2.3394872, 42.212322919999984], [2.339422479788512, 42.21229523126078]], [[2.360399672687977, 42.24563689382481], [2.3605353, 42.245667979999986], [2.36109535, 42.24590346], [2.360399672687977, 42.24563689382481]], [[2.4066466506720094, 42.28211974826097], [2.40829775, 42.28339173], [2.4070444, 42.28253507], [2.4066466506720094, 42.28211974826097]], [[2.4149878807033116, 42.2867707090308], [2.4150986912823207, 42.28678954764092], [2.4150425, 42.28680361], [2.4149878807033116, 42.2867707090308]], [[2.4907534189568747, 42.06823383667571], [2.49073402, 42.06826523], [2.4906949992114717, 42.06828594550024], [2.4907534189568747, 42.06823383667571]], [[2.45340838, 42.07640082], [2.45009859, 42.07749641], [2.450082526298901, 42.07746571728403], [2.45340838, 42.07640082]], [[2.42797288, 42.06157012], [2.428175575748018, 42.06180936185765], [2.4278264223592445, 42.06148000828386], [2.42797288, 42.06157012]], [[2.42729255, 42.06115153], [2.427492512419771, 42.061274561865844], [2.4271985220276817, 42.06117945597908], [2.42729255, 42.06115153]], [[2.42687204, 42.06127642], [2.426982930178136, 42.061243486004734], [2.4262437, 42.06193167], [2.42687204, 42.06127642]], [[2.40902951, 42.07049068], [2.4090999972518925, 42.07045659493967], [2.4087881976303516, 42.070918639146015], [2.40902951, 42.07049068]], [[2.76756172, 42.19258028], [2.767589193114663, 42.192563466045776], [2.76800574, 42.19317515], [2.76756172, 42.19258028]], [[2.76876093, 42.18929582], [2.7649477465396997, 42.18697802309264], [2.76522, 42.18706714], [2.76876093, 42.18929582]], [[2.7646290545277323, 42.18687370542308], [2.7639468608260946, 42.18672717234711], [2.76423155, 42.18674359], [2.7646290545277323, 42.18687370542308]], [[3.01746005, 42.12824972], [3.0162862273493434, 42.128559832181004], [3.01655909, 42.12841925], [3.01746005, 42.12824972]], [[3.016089197271338, 42.128661344491405], [3.016016331838515, 42.1288134666516], [3.01603024, 42.12869172], [3.016089197271338, 42.128661344491405]], [[3.01493628, 42.13160325], [3.0143076898204253, 42.1326655802569], [3.01430984, 42.13264529], [3.01493628, 42.13160325]], [[3.0013743267590285, 42.1395679660736], [3.00134447, 42.13954437], [3.00060727, 42.137908299999985], [3.0013743267590285, 42.1395679660736]], [[2.9752432, 42.11509846], [2.96195637, 42.11442994], [2.961693560308313, 42.11438526652525], [2.9752432, 42.11509846]], [[2.961642581548349, 42.11437660094548], [2.9615218, 42.11435607], [2.96147485, 42.11403088], [2.961642581548349, 42.11437660094548]], [[2.960206743707085, 42.112250755760705], [2.95576523, 42.11276109], [2.96020656, 42.11224458], [2.960206743707085, 42.112250755760705]], [[2.954968924292002, 42.11225142714932], [2.954845745127841, 42.11222097466063], [2.95494543, 42.11223639], [2.954968924292002, 42.11225142714932]]], [[[0.76122112, 40.76298893], [0.76122619, 40.7626825], [0.76114965, 40.76283117], [0.76122112, 40.76298893]]], [[[0.77062822, 40.76307789], [0.77050361, 40.76329698], [0.77093465, 40.76326352], [0.77111542, 40.763306280000016], [0.77062822, 40.76307789]]], [[[0.76669478, 40.76335644], [0.76685741, 40.7634175], [0.76693475, 40.7633155], [0.76673434, 40.76326487], [0.76669478, 40.76335644]]], [[[0.75824865, 40.76310559], [0.75865603, 40.7629302], [0.75806564, 40.76306618], [0.75798589, 40.76376443], [0.75824865, 40.76310559]]], [[[0.75235764, 40.76342178], [0.75188895, 40.76345435], [0.7512537, 40.76381705], [0.75100545, 40.7635763], [0.75042741, 40.76367564], [0.75043558, 40.76419193000001], [0.75088568, 40.76387139], [0.75199454, 40.76378005], [0.75235764, 40.76342178]]], [[[0.75043572, 40.76423697], [0.75056127, 40.76428697999999], [0.75068395, 40.76415525], [0.75043572, 40.76423697]]], [[[0.76761784, 40.764769669999986], [0.76809511, 40.76403479], [0.76760082, 40.76465161], [0.76761784, 40.764769669999986]]], [[[0.750466, 40.76441042], [0.75043649, 40.76445659], [0.75047961, 40.76464975], [0.750466, 40.76441042]]], [[[0.7502079, 40.76502718], [0.75033125, 40.76513533], [0.75039219, 40.76501456], [0.75037959, 40.76498792], [0.7502079, 40.76502718]]], [[[0.78235526, 40.77015016999999], [0.78252016, 40.76993716], [0.78230322, 40.76977337], [0.78230468, 40.77009983], [0.78235526, 40.77015016999999]]], [[[0.78293228, 40.77001038], [0.78307353, 40.77009182], [0.78322162, 40.76991749], [0.78293228, 40.77001038]]], [[[0.7834041, 40.77009503], [0.78337717, 40.7700782], [0.78331444, 40.7701832], [0.7834041, 40.77009503]]], [[[0.78394513, 40.77069605], [0.784017, 40.77094676], [0.78428201, 40.77064127], [0.78394513, 40.77069605]]], [[[0.78400175, 40.771181110000015], [0.78394188, 40.77120014], [0.78375311, 40.77152511], [0.78400175, 40.771181110000015]]], [[[0.78369102, 40.771525449999984], [0.78361446, 40.77152587000001], [0.78362707, 40.77162069], [0.78369102, 40.771525449999984]]], [[[0.72281586, 40.77850053], [0.72280061, 40.77805553000002], [0.72229919, 40.77854301999999], [0.72281586, 40.77850053]]], [[[0.73487621, 40.78587035], [0.7343986, 40.78575973], [0.73383701, 40.78606594], [0.73397519, 40.78624367], [0.73487621, 40.78587035]]], [[[0.73255634, 40.78631172], [0.73235677, 40.78630824], [0.7323907, 40.78661039], [0.73255634, 40.78631172]]], [[[0.73465305, 40.78673511], [0.73396771, 40.78702114], [0.73368647, 40.78750239], [0.7346114, 40.78709225], [0.73487112, 40.7868428], [0.73465305, 40.78673511]]], [[[0.73434649, 40.787448969999986], [0.73420476, 40.7876475], [0.73441481, 40.78761452], [0.73461599, 40.78739995], [0.73434649, 40.787448969999986]]], [[[0.73492515, 40.7875786], [0.73451458, 40.78783104], [0.73484487, 40.78784158], [0.73503209, 40.78759493], [0.73492515, 40.7875786]]], [[[0.73078747, 40.78656994], [0.72965981, 40.78708262], [0.72894807, 40.7878501], [0.72949443, 40.78851012], [0.73035428, 40.7887697], [0.73081626, 40.788713669999986], [0.73132222, 40.78821146], [0.73171384, 40.78793488], [0.73086906, 40.78890999], [0.73113337, 40.7891529], [0.73154197, 40.789226959999986], [0.73225574, 40.78894258], [0.73329849, 40.78721598], [0.73218951, 40.78782768], [0.73232708, 40.7875498], [0.73182195, 40.78773893], [0.7315147, 40.78769235], [0.73191996, 40.78727247], [0.73107538, 40.78764705], [0.73106395, 40.78742245], [0.73209087, 40.78702803], [0.73078747, 40.78656994]]], [[[0.73247946, 40.81892287], [0.73253779, 40.8191492], [0.73254862, 40.81896026], [0.73247946, 40.81892287]]], [[[0.74285551, 40.82717444], [0.74303919, 40.82722343], [0.74304601, 40.82696280000001], [0.74272624, 40.82690223], [0.74285551, 40.82717444]]], [[[0.76154559, 40.846365939999984], [0.76145362, 40.84630021], [0.76143401, 40.84633306], [0.76154559, 40.846365939999984]]], [[[0.76120326, 40.84647522], [0.76148803, 40.84643716], [0.76132131, 40.846337], [0.76106462, 40.84641461], [0.76120326, 40.84647522]]], [[[0.75959297, 40.84729083], [0.75955173, 40.84725094], [0.7595575, 40.8473014], [0.75959297, 40.84729083]]], [[[0.79069888, 40.86582819], [0.79066725, 40.8658301], [0.79067401, 40.86587311], [0.79069888, 40.86582819]]], [[[0.87462884, 40.72046504], [0.87459247, 40.72053644], [0.8747695, 40.7205542], [0.87462884, 40.72046504]]], [[[0.79211201, 40.86638157], [0.79202446, 40.86639178], [0.79207923, 40.86640409], [0.79211201, 40.86638157]]], [[[0.79499833, 40.8741753], [0.79514585, 40.87412129], [0.79503765, 40.87412057], [0.79499833, 40.8741753]]], [[[0.80804134, 40.88696936], [0.80804686, 40.8869246], [0.8079959, 40.88691877], [0.80804134, 40.88696936]]], [[[0.81199278, 40.88981665], [0.81194007, 40.88980979], [0.81196578, 40.88983658], [0.81199278, 40.88981665]]], [[[0.8131657, 40.89086215], [0.81298437, 40.89071342], [0.813063, 40.89083786], [0.8131657, 40.89086215]]], [[[0.81413825, 40.89168893], [0.81415686, 40.8916718], [0.81410712, 40.89165753], [0.81413825, 40.89168893]]], [[[0.81467762, 40.89189786], [0.81462569, 40.89191047], [0.81467595, 40.89193061], [0.81467762, 40.89189786]]], [[[0.81455415, 40.89191659], [0.81456405, 40.89193308], [0.8145894, 40.89190943], [0.81455415, 40.89191659]]], [[[0.81953099, 40.89657564], [0.81953702, 40.89658007], [0.81962144, 40.8965723], [0.81953099, 40.89657564]]], [[[0.82196854, 40.89828188], [0.82189272, 40.89822677], [0.82187781, 40.89830476], [0.82196854, 40.89828188]]], [[[0.8241914, 40.90050429], [0.82416706, 40.90043196], [0.82414528, 40.90050964], [0.8241914, 40.90050429]]], [[[0.82687093, 40.90320357], [0.82681485, 40.90317964], [0.82679201, 40.90322082], [0.82687093, 40.90320357]]], [[[0.82673637, 40.90325589], [0.82675742, 40.90324025], [0.82674618, 40.90322086], [0.82673637, 40.90325589]]], [[[0.82685969, 40.90322759], [0.82686862, 40.90325226], [0.82690481, 40.90322745], [0.82685969, 40.90322759]]], [[[0.82705009, 40.90322847999999], [0.82698557, 40.90322654], [0.82698309, 40.90325865], [0.82705009, 40.90322847999999]]], [[[0.84473145, 40.92293915], [0.84474998, 40.92287672], [0.84472031, 40.92287607], [0.84473145, 40.92293915]]], [[[0.84486505, 40.92292796], [0.84478135, 40.92290181], [0.84484893, 40.92293793], [0.84486505, 40.92292796]]], [[[0.84528135, 40.92337549], [0.84529168, 40.92341567], [0.84532674, 40.92340381], [0.84528135, 40.92337549]]], [[[0.84585836, 40.92389862], [0.84590969, 40.92389786], [0.84581783, 40.92384138], [0.84585836, 40.92389862]]], [[[0.84604031, 40.92402983], [0.84597254, 40.92400298], [0.84603086, 40.92406857], [0.84604031, 40.92402983]]], [[[0.84604287, 40.92413022], [0.84606564, 40.92416398], [0.84608722, 40.92413204], [0.84604287, 40.92413022]]], [[[0.85218934, 40.9310731], [0.852132, 40.93106852], [0.85213261, 40.93112681], [0.85218934, 40.9310731]]], [[[0.87191184, 40.95099499], [0.87190573, 40.95094830999999], [0.87183135, 40.95094874], [0.87191184, 40.95099499]]], [[[0.88576313, 40.96251875999999], [0.88572321, 40.96249957], [0.88573848, 40.96253894], [0.88576313, 40.96251875999999]]], [[[0.88587021, 40.9626036], [0.88582237, 40.96253525], [0.88578944, 40.96260626], [0.88587021, 40.9626036]]], [[[0.885932, 40.96276352999999], [0.88596062, 40.96275307], [0.88593139, 40.96271309], [0.885932, 40.96276352999999]]], [[[0.90038778, 40.97592996], [0.90034726, 40.97591832], [0.90029373, 40.97596878], [0.90038778, 40.97592996]]], [[[0.94819927, 41.0122581], [0.94827593, 41.01212904], [0.94816241, 41.01224645], [0.94819927, 41.0122581]]], [[[1.02617169, 41.05370828], [1.02629702, 41.05373907], [1.02635537, 41.05364999], [1.02617169, 41.05370828]]], [[[1.16518119, 41.05582518], [1.1650859, 41.05579024], [1.16515557, 41.05583954], [1.16518119, 41.05582518]]], [[[1.03132383, 41.05590804], [1.03128595, 41.05580165], [1.03118188, 41.05594363], [1.03132383, 41.05590804]]], [[[1.03620124, 41.05763839], [1.03699333, 41.0578451], [1.03702536, 41.05767612], [1.03631936, 41.05754384], [1.03620124, 41.05763839]]], [[[1.17352482, 41.05810047], [1.17356531, 41.0581211], [1.17363774, 41.05804056], [1.17352482, 41.05810047]]], [[[1.0416306, 41.0597573], [1.0420104, 41.05983123], [1.04200084, 41.05971631], [1.0414121, 41.05955705], [1.0416306, 41.0597573]]], [[[1.11420269, 41.070691], [1.11406066, 41.0705713], [1.11298716, 41.07033133], [1.11291336, 41.07046902], [1.11420269, 41.070691]]], [[[1.2163263, 41.0953661], [1.21634914, 41.0953407], [1.21628884, 41.09534688], [1.2163263, 41.0953661]]], [[[1.21614117, 41.09709024], [1.21616401, 41.09706483], [1.21610371, 41.09707102], [1.21614117, 41.09709024]]], [[[1.21578171, 41.09763954], [1.21581917, 41.09765875999999], [1.21584201, 41.09763335000001], [1.21578171, 41.09763954]]], [[[1.21549985, 41.0979525], [1.21552268, 41.0979271], [1.21546239, 41.09793328], [1.21549985, 41.0979525]]], [[[1.21471493, 41.09809284], [1.21473777, 41.09806743], [1.21467747, 41.09807361], [1.21471493, 41.09809284]]], [[[1.22439691, 41.09950949], [1.22428102, 41.09950202999999], [1.22426343, 41.09956247], [1.22439691, 41.09950949]]], [[[1.32361587, 41.12801198], [1.32356199, 41.12799948], [1.32352581, 41.12804462], [1.32361587, 41.12801198]]], [[[1.32693175, 41.12818729], [1.32685885, 41.12811183], [1.32686267, 41.12818638], [1.32693175, 41.12818729]]], [[[1.33394478, 41.12825004], [1.33403918, 41.12828104], [1.33393881, 41.12809971], [1.33394478, 41.12825004]]], [[[1.35831429, 41.12829688], [1.35829656, 41.12830545], [1.35838132, 41.12839394], [1.35831429, 41.12829688]]], [[[1.36996883, 41.13014646], [1.37116704, 41.13037365000001], [1.37007289, 41.13010587], [1.36996883, 41.13014646]]], [[[1.38734814, 41.13252158], [1.38729432, 41.13250550999999], [1.38731638, 41.1325487], [1.38734814, 41.13252158]]], [[[1.39699941, 41.13292654], [1.39695407, 41.13289492], [1.39697322, 41.13293067999999], [1.39699941, 41.13292654]]], [[[1.39786188, 41.13318427], [1.39785023, 41.13318834], [1.39786293, 41.13323418], [1.39786188, 41.13318427]]], [[[1.39801491, 41.1332408], [1.39801336, 41.13325069], [1.39805803, 41.133246259999986], [1.39801491, 41.1332408]]], [[[1.39792535, 41.13326388], [1.39794279, 41.13323295], [1.39789852, 41.13323576], [1.39792535, 41.13326388]]], [[[1.61806995, 41.19063243], [1.61818172, 41.19065891000001], [1.61820588, 41.19053111], [1.61806995, 41.19063243]]], [[[1.6227477, 41.19121533], [1.62288869, 41.19108839], [1.62266754, 41.19113141], [1.6227477, 41.19121533]]], [[[1.63202385, 41.1922581], [1.63208711, 41.19214049], [1.63187739, 41.19218466], [1.63202385, 41.1922581]]], [[[1.64459828, 41.193338899999986], [1.64188953, 41.19311476], [1.64195066, 41.19322673], [1.64215388, 41.19313932], [1.64475924, 41.1934905], [1.64459828, 41.193338899999986]]], [[[1.65158567, 41.194873239999986], [1.65184639, 41.19468596], [1.65176451, 41.19447247], [1.65145233, 41.19439893000001], [1.6507708, 41.19439508], [1.65015676, 41.19461765], [1.65094764, 41.19507647], [1.65110671, 41.194979709999984], [1.65080862, 41.19475238], [1.65110268, 41.19460141], [1.65158567, 41.194873239999986]]], [[[1.66180069, 41.19510914], [1.66158719, 41.19512242], [1.66253257, 41.19530643999999], [1.66299192, 41.19528385], [1.66180069, 41.19510914]]], [[[1.6652335, 41.19565944], [1.666561, 41.19574292], [1.66528078, 41.19558622000001], [1.6652335, 41.19565944]]], [[[1.66891128, 41.19614105], [1.67035406, 41.19624509], [1.66941629, 41.19606599], [1.66891128, 41.19614105]]], [[[1.70117456, 41.20801229], [1.7011433, 41.208006799999986], [1.70115314, 41.20805213], [1.70117456, 41.20801229]]], [[[1.74368876, 41.21819033], [1.74365569, 41.21812926], [1.74363137, 41.21813476], [1.74368876, 41.21819033]]], [[[1.74512957, 41.21837917], [1.74508703, 41.2183452], [1.74510257, 41.21839978], [1.74512957, 41.21837917]]], [[[1.76114851, 41.21866785], [1.76112223, 41.21864424], [1.76111989, 41.21867349], [1.76114851, 41.21866785]]], [[[1.76197725, 41.21892745], [1.76199311, 41.21888338999999], [1.76195842, 41.21887572], [1.76197725, 41.21892745]]], [[[1.76195893, 41.21894328], [1.76192687, 41.21892285], [1.76194979, 41.21895354], [1.76195893, 41.21894328]]], [[[1.77107656, 41.22122017], [1.77106062, 41.22117845], [1.77102576, 41.22120128], [1.77107656, 41.22122017]]], [[[1.77127047, 41.22129944], [1.77128869, 41.22128371], [1.77123474, 41.22127798], [1.77127047, 41.22129944]]], [[[1.77152612, 41.2213899], [1.77149103, 41.22133377], [1.77148861, 41.22137494], [1.77152612, 41.2213899]]], [[[1.77159628, 41.22156179], [1.7715633, 41.22152622], [1.77154089, 41.22156363], [1.77159628, 41.22156179]]], [[[1.78975808, 41.22558948], [1.7896172, 41.22546505], [1.78961193, 41.22567973000001], [1.78975808, 41.22558948]]], [[[1.79021243, 41.22596321], [1.79005694, 41.22600382000001], [1.79014487, 41.22615255999999], [1.79028549, 41.22606477], [1.79021243, 41.22596321]]], [[[1.79038994, 41.22633997], [1.79039118, 41.22622099], [1.7902391, 41.22634172], [1.79038994, 41.22633997]]], [[[1.79302607, 41.22783281], [1.79285452, 41.22779237], [1.79281959, 41.22792108], [1.79295784, 41.22797424], [1.79302607, 41.22783281]]], [[[1.7929788, 41.22814551], [1.79315619, 41.22811431], [1.79310217, 41.22802178], [1.7929788, 41.22814551]]], [[[1.79358695, 41.22837825], [1.79366328, 41.22830221], [1.79347048, 41.22830767], [1.79358695, 41.22837825]]], [[[1.79382997, 41.22843115], [1.79364414, 41.22842163], [1.79359914, 41.2285588], [1.79383125, 41.228556280000014], [1.79382997, 41.22843115]]], [[[1.84717884, 41.23526905], [1.84722967, 41.23526884], [1.84722123, 41.23521966], [1.84717884, 41.23526905]]], [[[1.85854529, 41.23569135000001], [1.85852907, 41.23569092], [1.85853955, 41.23570553], [1.85854529, 41.23569135000001]]], [[[1.8585595, 41.23576644], [1.85858343, 41.23573524], [1.85854929, 41.23575652], [1.8585595, 41.23576644]]], [[[1.86840759, 41.24147865], [1.86844873, 41.24144563], [1.86839575, 41.241418], [1.86840759, 41.24147865]]], [[[1.88159227, 41.24629127], [1.8816071, 41.24630357], [1.88167307, 41.24631214], [1.88159227, 41.24629127]]], [[[1.88863936, 41.24805637], [1.88860941, 41.24804879], [1.88859299, 41.24810177], [1.88863936, 41.24805637]]], [[[1.90964945, 41.25543601], [1.90964449, 41.25538613], [1.90963873, 41.25538786], [1.90964945, 41.25543601]]], [[[1.90971721, 41.25539812], [1.90967933, 41.25541622], [1.90970835, 41.25544132999999], [1.90971721, 41.25539812]]], [[[1.91590578, 41.25703348], [1.91587524, 41.25702481], [1.91589406, 41.25707084], [1.91590578, 41.25703348]]], [[[1.98955174, 42.47752255999998], [1.98849376, 42.47653777999999], [1.98725425, 42.47583335], [1.98635538, 42.47558556], [1.98644847, 42.47280199], [1.98676345, 42.47225108], [1.9866606, 42.47139401], [1.98717956, 42.47059803], [1.98739419, 42.46959526], [1.98917819, 42.46895909], [1.98948325, 42.46864168], [1.98966752, 42.46805778], [1.9919926, 42.46573923], [1.99223013, 42.46430064], [1.99183147, 42.46261404], [1.99264923, 42.46204526999998], [1.99723737, 42.46081114], [1.99968493, 42.4598296], [2.00645978, 42.45661296999999], [2.01052917, 42.45589684], [2.01195501, 42.4530154], [2.0143889, 42.45179028], [2.01277664, 42.44835672], [2.00929901, 42.44849955], [2.00302001, 42.44695884], [1.98392448, 42.44673691], [1.97112532, 42.45093191], [1.97075969, 42.45084271], [1.96917711, 42.45188304], [1.95983015, 42.45328801], [1.95655961, 42.45793645], [1.95798385, 42.46431752], [1.96027461, 42.47052315], [1.96153695, 42.47265319000001], [1.96308327, 42.47870992], [1.9649793, 42.47918482], [1.96694535, 42.4798772], [1.97054869, 42.48053386], [1.97206517, 42.48452196], [1.97244787, 42.48486846], [1.97343765, 42.48531622], [1.97554831, 42.485642419999984], [1.97739209, 42.48553543], [1.97811909, 42.485973], [1.97812334, 42.48696177], [1.97767889, 42.48752709], [1.97805725, 42.48815509], [1.97807012, 42.48873371], [1.97776598, 42.48957602], [1.97709123, 42.49058009], [1.97767604, 42.49152772], [1.97844816, 42.49189518], [1.97820339, 42.49289296], [1.97846688, 42.49459384], [1.97915009, 42.49499052], [1.98197865, 42.49495289], [1.98714268, 42.49376837], [1.98963223, 42.49368887], [1.99293272, 42.49070358], [1.99842263, 42.48531818], [1.99715253, 42.48517016], [1.99520475, 42.48458431000001], [1.99353961, 42.48459234], [1.99273983, 42.48433205], [1.99248288, 42.48377886], [1.99162641, 42.48282102], [1.99122417, 42.48190915], [1.99134183, 42.48144327], [1.9911777, 42.48067401], [1.99013251, 42.47903901999999], [1.98955174, 42.47752255999998]]], [[[2.16458009, 41.33677896], [2.16443052, 41.33680264], [2.16452103, 41.33712685], [2.1646706, 41.33710317], [2.16458009, 41.33677896]]], [[[2.16519258, 41.33891432], [2.16504289, 41.33893675], [2.16513616, 41.33926098], [2.16528527, 41.33923657], [2.16519258, 41.33891432]]], [[[2.15506458, 41.3404806], [2.15513543, 41.34045491], [2.15509993, 41.34039935], [2.15506458, 41.3404806]]], [[[2.15509265, 41.34053702], [2.15513785, 41.34060986], [2.15517478, 41.34050808], [2.15509265, 41.34053702]]], [[[2.15558627, 41.34102705], [2.15540167, 41.3407452], [2.15541048, 41.34098847], [2.15558627, 41.34102705]]], [[[2.17007427, 41.33406292], [2.16996508, 41.33421004], [2.17015509, 41.33462468], [2.17014252, 41.33419322000001], [2.17084199, 41.33410665], [2.17109558, 41.33510067], [2.17073377, 41.33518057], [2.17047964, 41.33561218], [2.17120089, 41.33718791], [2.17095615, 41.33780513], [2.17003597, 41.3379225], [2.16998292, 41.33766633], [2.1698295, 41.33768263], [2.17222542, 41.34881365], [2.17187272, 41.34885669], [2.17190353, 41.34901012999999], [2.17210262, 41.34941087], [2.17242408, 41.34929563], [2.18240267, 41.36475178], [2.18290474, 41.3648556], [2.18285926, 41.36515532], [2.18300478, 41.36522175], [2.18328158, 41.36491502], [2.18307551, 41.36487149], [2.18347476, 41.36332044], [2.1830363, 41.363160229999984], [2.17674057, 41.35327542], [2.17592102, 41.3513395], [2.17537175, 41.35057343], [2.17229989, 41.33600556], [2.17175139, 41.3345479], [2.16988802, 41.3263953], [2.17293721, 41.31734605], [2.17261027, 41.31703852], [2.17230523, 41.31719072], [2.17242196, 41.31744521], [2.16938061, 41.32633263999998], [2.17117795, 41.33392847], [2.17007427, 41.33406292]]], [[[2.15549125, 41.34117534], [2.15557147, 41.34114584], [2.15544848, 41.34110927], [2.15549125, 41.34117534]]], [[[2.15562337, 41.34124558], [2.1555879, 41.34118785], [2.15555025, 41.34127107], [2.15562337, 41.34124558]]], [[[2.1653706, 41.34171769], [2.16556009, 41.34169529], [2.165537, 41.34158442], [2.1653706, 41.34171769]]], [[[2.16567528, 41.34173476999999], [2.16538507, 41.34178274], [2.16541758, 41.3418944], [2.1657078, 41.34184643], [2.16567528, 41.34173476999999]]], [[[2.16491582, 41.34185807], [2.16463259, 41.34190177], [2.16466261, 41.34201215], [2.16494584, 41.34196845], [2.16491582, 41.34185807]]], [[[2.16189208, 41.34245094], [2.1621102, 41.34241398], [2.1620882, 41.34234032], [2.16189208, 41.34245094]]], [[[2.16142465, 41.3425232], [2.16140374, 41.34244865], [2.16120512, 41.34255808], [2.16142465, 41.3425232]]], [[[2.18183726, 41.36436935], [2.1816699, 41.36442437], [2.18174395, 41.36453542], [2.18189499, 41.36448569], [2.18183726, 41.36436935]]], [[[2.1818127, 41.36461175], [2.18196318, 41.36484504], [2.18213579, 41.36478186], [2.18198531, 41.36454858], [2.1818127, 41.36461175]]], [[[2.18065533, 41.36481177], [2.18048797, 41.36486679], [2.18056202, 41.36497784], [2.18071305, 41.36492811], [2.18065533, 41.36481177]]], [[[2.18216776, 41.36487369], [2.18200039, 41.36492871], [2.18207445, 41.36503976], [2.18222548, 41.36499003], [2.18216776, 41.36487369]]], [[[2.18056215, 41.36506305], [2.18071262, 41.365296339999986], [2.18088523, 41.36523316000001], [2.18073475, 41.36499987], [2.18056215, 41.36506305]]], [[[2.1809654, 41.36531344999999], [2.18079804, 41.36536846], [2.18087209, 41.36547951], [2.18102313, 41.36542979], [2.1809654, 41.36531344999999]]], [[[2.19453542, 41.37728614], [2.19462613, 41.37700987], [2.19393051, 41.37606785], [2.19369246, 41.37602619], [2.19453542, 41.37728614]]], [[[2.20577255, 41.38926534], [2.20585333, 41.389399390000015], [2.20619172, 41.38935795], [2.20606131, 41.38917482], [2.20577255, 41.38926534]]], [[[2.22211548, 41.40352806], [2.22198298, 41.403623], [2.22283693, 41.40494936000001], [2.22306172, 41.40509598], [2.2231059, 41.40488428], [2.22239311, 41.40376251], [2.22211548, 41.40352806]]], [[[2.22582504, 41.40768743], [2.22559433, 41.40732837], [2.22579649, 41.40769363], [2.22582504, 41.40768743]]], [[[2.226279, 41.40746241], [2.22671214, 41.407943979999985], [2.22643301, 41.40709702], [2.226279, 41.40746241]]], [[[2.22675208, 41.40785471], [2.22692116, 41.40825677], [2.22700114, 41.40787819], [2.22688719, 41.40759963], [2.22675208, 41.40785471]]], [[[2.22625047, 41.40835432], [2.22604272, 41.40803577], [2.22622788, 41.40836264], [2.22625047, 41.40835432]]], [[[2.2277989, 41.40859748], [2.22833671, 41.40840454], [2.22823258, 41.40833719], [2.2277989, 41.40859748]]], [[[2.22639002, 41.408401560000016], [2.2262521, 41.40845954], [2.22635004, 41.40865467], [2.22652522, 41.40860243], [2.22639002, 41.408401560000016]]], [[[2.2271682, 41.40807684], [2.22697795, 41.40841127], [2.22750113, 41.40941354000001], [2.22784708, 41.40962123], [2.2280726, 41.4093291], [2.22801771, 41.4090132], [2.22742096, 41.40810115], [2.2271682, 41.40807684]]], [[[2.54578115, 41.57547992], [2.54587834, 41.57549355], [2.54587328, 41.5754275], [2.54578115, 41.57547992]]], [[[2.60773633, 41.59478723], [2.60772376, 41.59470261], [2.60768499, 41.59474535], [2.60773633, 41.59478723]]], [[[2.60785958, 41.5948226], [2.60784139, 41.59477480000001], [2.6077561, 41.59483207000001], [2.60785958, 41.5948226]]], [[[2.60874777, 41.59497623], [2.60877988, 41.59498471], [2.60878982, 41.59488864], [2.60874777, 41.59497623]]], [[[2.71729252, 41.62891003], [2.71735987, 41.62885507], [2.71726755, 41.62888258], [2.71729252, 41.62891003]]], [[[2.79142148, 41.67001688], [2.79136672, 41.67001768], [2.79133641, 41.67014093], [2.79142148, 41.67001688]]], [[[2.79123226, 41.67014102], [2.79119002, 41.67016463], [2.79125147, 41.67018095], [2.79123226, 41.67014102]]], [[[2.79084844, 41.67029137], [2.79078651, 41.67027559], [2.79082397, 41.67031745], [2.79084844, 41.67029137]]], [[[2.79066869, 41.67037182], [2.79064148, 41.67032306], [2.79059221, 41.67036501], [2.79066869, 41.67037182]]], [[[2.79204176, 41.66997008], [2.79234539, 41.67079538], [2.79247177, 41.67043509], [2.79204176, 41.66997008]]], [[[2.80287813, 41.67295626], [2.80276477, 41.6732171], [2.80307943, 41.67329494], [2.80287813, 41.67295626]]], [[[2.80423926, 41.67322998], [2.80440348, 41.67319395], [2.8043102, 41.67306149999999], [2.80423926, 41.67322998]]], [[[2.80341999, 41.67330155], [2.80379004, 41.67324272], [2.8035533, 41.67308019999999], [2.80312119, 41.67310413], [2.80341999, 41.67330155]]], [[[2.80202949, 41.6739512], [2.80194312, 41.67394898], [2.80202537, 41.67400145], [2.80202949, 41.6739512]]], [[[2.8034598, 41.67419432], [2.80348931, 41.674171049999984], [2.80339816, 41.67400272], [2.80332868, 41.67409493], [2.8034598, 41.67419432]]], [[[2.80374561, 41.67427317], [2.80378323, 41.67398942], [2.80356949, 41.67407724000001], [2.80374561, 41.67427317]]], [[[2.80367019, 41.67481843], [2.80377751, 41.67480528], [2.80375156, 41.67464833], [2.80367019, 41.67481843]]], [[[2.80367473, 41.67490725], [2.80364883, 41.67492756], [2.80365478, 41.67510699000001], [2.80367473, 41.67490725]]], [[[2.80607713, 41.67586588], [2.8060908, 41.67603325], [2.80621545, 41.67589385], [2.80607713, 41.67586588]]], [[[2.80587541, 41.67602848], [2.80590874, 41.67609041], [2.80603885, 41.67609021], [2.80587541, 41.67602848]]], [[[2.80600143, 41.67626999], [2.80610764, 41.676269], [2.80587342, 41.67616955], [2.80600143, 41.67626999]]], [[[2.80621721, 41.67634415], [2.80616652, 41.67630342000002], [2.80613871, 41.67636417], [2.80621721, 41.67634415]]], [[[2.80645155, 41.67644972], [2.80643712, 41.67628982], [2.80633475, 41.67641638], [2.80645155, 41.67644972]]], [[[2.80689372, 41.6763875], [2.80680147, 41.67638436999999], [2.80690384, 41.67641994], [2.80689372, 41.6763875]]], [[[2.80727466, 41.67664187], [2.80731241, 41.67659005], [2.80723224, 41.67656425], [2.80727466, 41.67664187]]], [[[2.80718984, 41.67663429], [2.80709474, 41.67662121], [2.80718563, 41.67664397], [2.80718984, 41.67663429]]], [[[2.809652, 41.67656034], [2.80948781, 41.676629779999985], [2.80958024, 41.67673685], [2.80971976, 41.67663914], [2.809652, 41.67656034]]], [[[2.80704567, 41.67679632], [2.80725858, 41.67683667], [2.80734936, 41.67672427], [2.80719553, 41.67666516], [2.80704567, 41.67679632]]], [[[2.80819893, 41.67703621], [2.80841189, 41.67701603], [2.80839391, 41.67687873], [2.80828639, 41.6768346], [2.80819893, 41.67703621]]], [[[2.80783606, 41.67749795], [2.80821055, 41.67733311], [2.80768653, 41.6767946], [2.80767074, 41.67693292], [2.80748165, 41.67680678], [2.80726699, 41.676959], [2.80783606, 41.67749795]]], [[[2.81108041, 41.68008711], [2.81120175, 41.68017387], [2.81128986, 41.68007601], [2.81108041, 41.68008711]]], [[[2.81137932, 41.68017533], [2.81133866, 41.68019517], [2.81146148, 41.68026806], [2.81137932, 41.68017533]]], [[[2.81126744, 41.68026765], [2.8112305, 41.68028587], [2.81129068, 41.6802903], [2.81126744, 41.68026765]]], [[[2.81170254, 41.68099758], [2.81171925, 41.68091033], [2.81165304, 41.68095355], [2.81170254, 41.68099758]]], [[[2.81199576, 41.68120181], [2.81210135, 41.68127592], [2.81212004, 41.68104411], [2.81199576, 41.68120181]]], [[[2.8166906, 41.68177896], [2.81646275, 41.68179509], [2.81638095, 41.68195493], [2.81674588, 41.68186229], [2.8166906, 41.68177896]]], [[[2.81387566, 41.68183941], [2.81383556, 41.68212235], [2.81409465, 41.68207933], [2.81411793, 41.68194707], [2.81387566, 41.68183941]]], [[[2.81554858, 41.682196979999986], [2.81595122, 41.68212231], [2.81596116, 41.68182195], [2.81540877, 41.68197058], [2.81554858, 41.682196979999986]]], [[[2.81605979, 41.68208241], [2.81599623, 41.682125], [2.81606845, 41.68212278], [2.81605979, 41.68208241]]], [[[2.8159582, 41.68218889], [2.81589799, 41.68215322], [2.81585297, 41.68217963], [2.8159582, 41.68218889]]], [[[2.81618643, 41.68225015], [2.81616623, 41.68212843], [2.81603051, 41.68219685], [2.81612519, 41.68228203], [2.81618643, 41.68225015]]], [[[2.81592493, 41.68235412], [2.8158887, 41.68224814], [2.81580538, 41.68235465], [2.81592493, 41.68235412]]], [[[2.81432021, 41.68230282], [2.8142396, 41.68234187], [2.8143133, 41.68237935], [2.81432021, 41.68230282]]], [[[2.8161209, 41.68260646], [2.81604491, 41.68263803], [2.81611889, 41.68269111], [2.8161209, 41.68260646]]], [[[2.81625272, 41.68278347], [2.81606925, 41.68294135], [2.81584076, 41.68284173], [2.81605905, 41.68302842], [2.81628298, 41.68295735], [2.81625272, 41.68278347]]], [[[2.8168307, 41.68573036], [2.81674534, 41.68566339], [2.81672904, 41.68577596], [2.8168307, 41.68573036]]], [[[2.81700199, 41.68583764000001], [2.8169238, 41.68569745], [2.816886, 41.68572144], [2.81700199, 41.68583764000001]]], [[[2.81862263, 41.6868817], [2.81911865, 41.68688168], [2.81875743, 41.68658927], [2.81818355, 41.68646065], [2.81862263, 41.6868817]]], [[[2.81828938, 41.68681191], [2.81821016, 41.68661129], [2.81823675, 41.68681237], [2.81828938, 41.68681191]]], [[[2.82122697, 41.68866245000001], [2.82125481, 41.68863313], [2.82119781, 41.68860611], [2.82122697, 41.68866245000001]]], [[[2.822433, 41.68876916], [2.82227049, 41.6886556], [2.8221192, 41.68865717], [2.822433, 41.68876916]]], [[[2.82177403, 41.68872067], [2.82177082, 41.68875345], [2.82190941, 41.68877943], [2.82177403, 41.68872067]]], [[[2.81976589, 41.68884112], [2.81985974, 41.68888063], [2.81987512, 41.68883904], [2.81976589, 41.68884112]]], [[[2.82213117, 41.6888902], [2.82207684, 41.68885228], [2.82198898, 41.68894943], [2.82213117, 41.6888902]]], [[[2.82207892, 41.68901424], [2.82206344, 41.68896368], [2.82201363, 41.68902792], [2.82207892, 41.68901424]]], [[[2.82192746, 41.68903391], [2.82190386, 41.68905053], [2.82198377, 41.68909299], [2.82192746, 41.68903391]]], [[[2.82230899, 41.68937875], [2.82225565, 41.68941884], [2.82239045, 41.68951561], [2.82230899, 41.68937875]]], [[[2.82278745, 41.68965493], [2.82297519, 41.68959487], [2.8228069, 41.68944059], [2.82263717, 41.68950725], [2.82278745, 41.68965493]]], [[[2.82695539, 41.69032259], [2.82733063, 41.6901131], [2.82704117, 41.68997071], [2.82685878, 41.69005131999999], [2.82701506, 41.69020612], [2.82670023, 41.69020475], [2.82695539, 41.69032259]]], [[[2.82615405, 41.69025761], [2.82623913, 41.69025647], [2.82626369, 41.69015293], [2.82615405, 41.69025761]]], [[[2.82672634, 41.69032566], [2.82658242, 41.69022168], [2.82668689, 41.69034056], [2.82672634, 41.69032566]]], [[[2.82410464, 41.69033852], [2.82406053, 41.69034197], [2.82410859, 41.69038924], [2.82410464, 41.69033852]]], [[[2.82548627, 41.6904888], [2.82551967, 41.69049083], [2.82537751, 41.69026868], [2.82548627, 41.6904888]]], [[[2.82735357, 41.69061015], [2.82752094, 41.69039261], [2.8271831, 41.69045876], [2.82714762, 41.69051617], [2.82735357, 41.69061015]]], [[[2.8284896, 41.69071237], [2.828722, 41.6906675], [2.82853938, 41.69051861], [2.8284896, 41.69071237]]], [[[2.82951813, 41.69115967], [2.82943808, 41.69093716], [2.82968464, 41.69085736], [2.82945448, 41.69064427], [2.82916014, 41.6908011], [2.82905598, 41.69129066], [2.82951813, 41.69115967]]], [[[2.82987198, 41.69117469], [2.82977542, 41.69120193], [2.82988895, 41.69121102], [2.82987198, 41.69117469]]], [[[2.83895921, 41.69290482], [2.83883534, 41.69255778], [2.83855804, 41.69248722], [2.83895921, 41.69290482]]], [[[2.83911316, 41.69275633], [2.83902146, 41.69275854], [2.83910772, 41.69286412999998], [2.83911316, 41.69275633]]], [[[2.83933719, 41.69303451], [2.83929616, 41.69305301], [2.83936224, 41.69305913], [2.83933719, 41.69303451]]], [[[2.84013749, 41.69319577], [2.84007023, 41.69318118], [2.84003833, 41.69334894], [2.84013749, 41.69319577]]], [[[2.84205528, 41.69340451], [2.84211616, 41.6932775], [2.84200877, 41.69335815], [2.84205528, 41.69340451]]], [[[2.84152959, 41.69347566], [2.84157691, 41.69348888], [2.84153396, 41.69336236], [2.84152959, 41.69347566]]], [[[2.83755034, 41.6936162], [2.8376048, 41.69332111], [2.83749003, 41.69356198], [2.83755034, 41.6936162]]], [[[2.84245387, 41.69361132], [2.84242512, 41.693425099999985], [2.84212897, 41.69339641], [2.84245387, 41.69361132]]], [[[2.83739911, 41.69382936999999], [2.83742459, 41.69372987], [2.83734452, 41.69374435], [2.83739911, 41.69382936999999]]], [[[2.83680795, 41.69403038], [2.83673896, 41.69398479], [2.83673058, 41.6941144], [2.83680795, 41.69403038]]], [[[2.84305148, 41.69425777], [2.84317002, 41.69453085], [2.84315252, 41.69431429], [2.84305148, 41.69425777]]], [[[2.84327408, 41.69453836999998], [2.84325338, 41.69444918], [2.84322316, 41.69447552], [2.84327408, 41.69453836999998]]], [[[2.84509609, 41.69476909], [2.84502735, 41.69476646999998], [2.84508735, 41.69480393], [2.84509609, 41.69476909]]], [[[2.84501, 41.69483409], [2.8449407, 41.69486768], [2.84501336, 41.69488922], [2.84501, 41.69483409]]], [[[2.84535518, 41.6950691], [2.84539431, 41.69509068], [2.84540066, 41.69494631], [2.84535518, 41.6950691]]], [[[2.84528559, 41.69547478], [2.84539807, 41.69552726], [2.84552306, 41.69532261], [2.84528559, 41.69547478]]], [[[2.84558695, 41.69589483], [2.84556888, 41.69596182], [2.84563045, 41.69594839], [2.84558695, 41.69589483]]], [[[2.84556103, 41.69603026], [2.84553573, 41.69595385], [2.84543913, 41.69599758], [2.84556103, 41.69603026]]], [[[2.85910367, 41.69932599], [2.8592988, 41.69918103], [2.85901052, 41.69916554999999], [2.85910367, 41.69932599]]], [[[2.85814044, 41.69963591], [2.858198, 41.69958680000001], [2.85803441, 41.69953715], [2.85814044, 41.69963591]]], [[[2.85800031, 41.699745089999986], [2.85797697, 41.69970074], [2.85793081, 41.69970501], [2.85800031, 41.699745089999986]]], [[[2.86007529, 41.69868857], [2.86009069, 41.69856753], [2.86000294, 41.6986892], [2.86007529, 41.69868857]]], [[[2.86689274, 41.69891698], [2.86694489, 41.69880265], [2.86686034, 41.69888984], [2.86689274, 41.69891698]]], [[[2.86056392, 41.69898019], [2.8605105, 41.6987825], [2.86041085, 41.69890209], [2.86056392, 41.69898019]]], [[[2.86128854, 41.69890306], [2.86121452, 41.69895422], [2.86124643, 41.69898002], [2.86128854, 41.69890306]]], [[[2.86482315, 41.69899888], [2.86503846, 41.699023719999985], [2.86484625, 41.6989282], [2.86482315, 41.69899888]]], [[[2.86278996, 41.69902817], [2.86285508, 41.69903383], [2.86280096, 41.6989382], [2.86278996, 41.69902817]]], [[[2.86297833, 41.69906171999999], [2.86296419, 41.69910116], [2.8630348, 41.69912681999999], [2.86297833, 41.69906171999999]]], [[[2.86141162, 41.69912432999999], [2.86136511, 41.69906483], [2.86129346, 41.69912996], [2.86141162, 41.69912432999999]]], [[[2.86354191, 41.69926749], [2.8634777, 41.69911294], [2.86347365, 41.699266499999986], [2.86354191, 41.69926749]]], [[[2.8691158, 41.69930874], [2.86919129, 41.69929873], [2.86912128, 41.69921318], [2.8691158, 41.69930874]]], [[[2.86092129, 41.6993391], [2.86092377, 41.69924588], [2.86087841, 41.69932464], [2.86092129, 41.6993391]]], [[[2.86872477, 41.69934503999998], [2.86881458, 41.69932587], [2.86870024, 41.69928863], [2.86872477, 41.69934503999998]]], [[[2.86950079, 41.69952165], [2.86929535, 41.69936659], [2.86938727, 41.69955566], [2.86950079, 41.69952165]]], [[[2.87003531, 41.69955171], [2.87020604, 41.69951822], [2.87009144, 41.69942838], [2.86998639, 41.699494909999984], [2.87003531, 41.69955171]]], [[[2.86985407, 41.69978938], [2.86981187, 41.6997969], [2.86991525, 41.69984683], [2.86985407, 41.69978938]]], [[[2.87054543, 41.70006227], [2.87048747, 41.70007292], [2.87059421, 41.70012817], [2.87054543, 41.70006227]]], [[[2.87245056, 41.70019924], [2.87254573, 41.70020466], [2.87250403, 41.700143], [2.87245056, 41.70019924]]], [[[2.87217289, 41.70003671], [2.87186789, 41.70014662], [2.87211412, 41.70040252], [2.87229174, 41.70034813], [2.87217289, 41.70003671]]], [[[2.87258624, 41.70026379], [2.87248888, 41.70027161], [2.8725628, 41.70032537], [2.87258624, 41.70026379]]], [[[2.87456675, 41.70089016], [2.87472953, 41.70086764], [2.87469552, 41.70080447], [2.87456675, 41.70089016]]], [[[2.87283047, 41.70080728], [2.87310601, 41.70101529], [2.87301419, 41.7007057], [2.87283047, 41.70080728]]], [[[2.87496765, 41.70085241], [2.8749413, 41.70086652], [2.87506798, 41.70092709999999], [2.87496765, 41.70085241]]], [[[2.87794559, 41.70105296], [2.87799801, 41.70091692], [2.87778099, 41.70089750000001], [2.87787519, 41.70103882999999], [2.87794559, 41.70105296]]], [[[2.88754564, 41.70137566], [2.88786388, 41.70145217], [2.88765908, 41.7013138], [2.88754564, 41.70137566]]], [[[2.8875319, 41.7014659], [2.88768319, 41.70147875], [2.88749645, 41.70139163999998], [2.88746513, 41.70129353], [2.88728627, 41.70137748], [2.8875319, 41.7014659]]], [[[2.88625352, 41.70136619], [2.88664645, 41.7015506], [2.88690181, 41.70150392], [2.88677039, 41.70139823], [2.88625352, 41.70136619]]], [[[2.87929536, 41.70165408], [2.87936918, 41.70151473], [2.87891041, 41.70126475], [2.8786289, 41.7015379], [2.87929536, 41.70165408]]], [[[2.87954228, 41.70175702], [2.87991497, 41.7018936], [2.87958555, 41.7017522], [2.87954228, 41.70175702]]], [[[2.8861617, 41.70191238], [2.88593769, 41.7018293], [2.88585985, 41.70201034999999], [2.88602064, 41.70209509], [2.8861617, 41.70191238]]], [[[2.88920311, 41.70229924], [2.88929546, 41.70234157], [2.88927044, 41.70214555], [2.88920311, 41.70229924]]], [[[2.88587041, 41.70256367], [2.88588819, 41.702367420000016], [2.88564154, 41.70231277], [2.88571134, 41.70253127], [2.88587041, 41.70256367]]], [[[2.88976603, 41.70295622], [2.88975565, 41.70298603], [2.88985364, 41.70296594], [2.88976603, 41.70295622]]], [[[2.89122558, 41.703409680000014], [2.89130943, 41.7034339], [2.89122588, 41.7032988], [2.89122558, 41.703409680000014]]], [[[2.89035452, 41.70336048], [2.89025597, 41.70335733], [2.89032746, 41.7034417], [2.89035452, 41.70336048]]], [[[2.88525893, 41.70362239], [2.88519286, 41.70360422000001], [2.88523311, 41.7036765], [2.88525893, 41.70362239]]], [[[2.89301423, 41.70378552], [2.89291404, 41.70354295], [2.89250616, 41.7035114], [2.89264561, 41.70370960000001], [2.89301423, 41.70378552]]], [[[2.89583348, 41.70354023], [2.89581956, 41.70375107000001], [2.89633531, 41.70389394], [2.89601947, 41.70365569], [2.8961407, 41.70360824], [2.89583348, 41.70354023]]], [[[2.89371202, 41.70403187999999], [2.89366618, 41.70391132], [2.89362085, 41.70399721], [2.89371202, 41.70403187999999]]], [[[2.89381887, 41.70396001000001], [2.89411531, 41.70414952], [2.89403492, 41.70384645], [2.8938738, 41.70381216], [2.89381887, 41.70396001000001]]], [[[2.89834723, 41.70509297], [2.8983311, 41.70495596], [2.89813754, 41.70498623000002], [2.89813938, 41.70504135], [2.89834723, 41.70509297]]], [[[2.89893686, 41.70527471], [2.89883904, 41.70526175], [2.8989165, 41.7053046], [2.89893686, 41.70527471]]], [[[2.91154321, 41.70771622], [2.91208258, 41.7076825], [2.91234493, 41.70762613], [2.91212796, 41.70754733], [2.91232862, 41.70751146], [2.91238814, 41.7074072], [2.91227999, 41.70747242], [2.9120762, 41.70725141], [2.91196442, 41.70760089], [2.91186284, 41.70752047], [2.91180203, 41.70769138], [2.91154321, 41.70771622]]], [[[2.91252889, 41.70793927], [2.91215437, 41.70792547], [2.91234948, 41.70799309], [2.91252996, 41.70812923], [2.91252889, 41.70793927]]], [[[2.91364097, 41.7083929], [2.9134997, 41.70833019], [2.91356206, 41.7084404], [2.91364097, 41.7083929]]], [[[2.91480367, 41.70893356], [2.91490658, 41.70891841999999], [2.91452427, 41.708796], [2.91480367, 41.70893356]]], [[[2.91478685, 41.70902191], [2.91486997, 41.709065479999985], [2.91483733, 41.70902483], [2.91478685, 41.70902191]]], [[[2.91568176, 41.70929035000002], [2.91582716, 41.70950654], [2.91607263, 41.709399], [2.91568176, 41.70929035000002]]], [[[2.92654729, 41.71359682], [2.92685151, 41.71373419], [2.92737101, 41.71356015], [2.92707615, 41.71333973], [2.92654729, 41.71359682]]], [[[2.92950244, 41.71477473], [2.92946252, 41.71478452], [2.92953077, 41.7148151], [2.92950244, 41.71477473]]], [[[2.92952754, 41.71501811999999], [2.9294449, 41.71495997], [2.92950745, 41.71503242999999], [2.92952754, 41.71501811999999]]], [[[2.93196008, 41.71509191], [2.93194885, 41.71514478], [2.93202558, 41.71510753], [2.93196008, 41.71509191]]], [[[2.9396025, 41.72019349], [2.93989215, 41.7208027], [2.9403873, 41.71994305], [2.94010997, 41.71979213], [2.9396025, 41.72019349]]], [[[2.93490997, 41.72046068999999], [2.93505891, 41.72047356], [2.93491672, 41.72044349], [2.93490997, 41.72046068999999]]], [[[2.939643, 41.72136524], [2.93950683, 41.72132581000001], [2.93957753, 41.72143934], [2.939643, 41.72136524]]], [[[2.93960792, 41.7214698], [2.93955394, 41.72159479], [2.93986554, 41.72149587], [2.93960792, 41.7214698]]], [[[2.94011414, 41.7222952], [2.93987911, 41.72228238000001], [2.93986201, 41.72244747], [2.94011414, 41.7222952]]], [[[2.93974419, 41.72243768], [2.93970499, 41.72244811], [2.93977601, 41.72248625000001], [2.93974419, 41.72243768]]], [[[2.94019299, 41.7227057], [2.94014433, 41.72267388], [2.94011269, 41.72268917], [2.94019299, 41.7227057]]], [[[2.93987245, 41.72259501], [2.93970952, 41.72262042], [2.93973135, 41.72280228], [2.93997009, 41.72270351], [2.93987245, 41.72259501]]], [[[2.93976256, 41.72285796], [2.93993674, 41.72287976], [2.94002915, 41.72267499], [2.93976256, 41.72285796]]], [[[2.94015048, 41.72290852], [2.94043937, 41.7229211], [2.9403915, 41.72268644], [2.94011886, 41.72277753999999], [2.94015048, 41.72290852]]], [[[2.9395812, 41.72279149], [2.93959545, 41.72297362], [2.93978143, 41.72299173], [2.93960635, 41.72275844], [2.9395812, 41.72279149]]], [[[2.94075459, 41.72385827], [2.94066819, 41.72381238], [2.94056693, 41.72396797], [2.94075459, 41.72385827]]], [[[2.94051956, 41.72397479], [2.94031245, 41.72391992], [2.94038975, 41.7240556], [2.94046521, 41.72410897], [2.94051956, 41.72397479]]], [[[2.94105613, 41.72411864], [2.94092397, 41.72401553000002], [2.94093082, 41.72414668], [2.94105613, 41.72411864]]], [[[2.94140183, 41.72420753], [2.94122798, 41.72420456], [2.94136836, 41.72425859000001], [2.94140183, 41.72420753]]], [[[2.94108595, 41.72463899], [2.94135367, 41.72454365], [2.9412997, 41.72439609], [2.94092842, 41.72440608], [2.94108595, 41.72463899]]], [[[2.94151397, 41.72463651], [2.9414354, 41.72457405], [2.94141927, 41.72459359], [2.94151397, 41.72463651]]], [[[2.94131413, 41.72465307], [2.94143445, 41.7246915], [2.94132847, 41.72462651], [2.94131413, 41.72465307]]], [[[2.94144911, 41.72496145], [2.94155905, 41.72477605], [2.94119259, 41.72477379], [2.94144911, 41.72496145]]], [[[2.94219222, 41.72500948], [2.94242972, 41.7250976], [2.94244851, 41.72491908], [2.94218806, 41.72495651], [2.94219222, 41.72500948]]], [[[2.94299137, 41.7250341], [2.94287285, 41.72499982], [2.94296358, 41.72505598], [2.94299137, 41.7250341]]], [[[2.94322733, 41.72522751], [2.9430347, 41.72525921], [2.94317852, 41.72536494], [2.94331486, 41.72536555], [2.94322733, 41.72522751]]], [[[2.94142986, 41.72537145], [2.9413969, 41.72539746000001], [2.94155126, 41.725416809999984], [2.94142986, 41.72537145]]], [[[2.94577278, 41.72590725], [2.94613433, 41.72589553], [2.94618085, 41.72562029], [2.94606294, 41.72557367000001], [2.94577278, 41.72590725]]], [[[2.94556236, 41.72578384], [2.94549938, 41.72576274], [2.94553239, 41.72582292], [2.94556236, 41.72578384]]], [[[2.94564175, 41.72602788], [2.94569536, 41.72589974], [2.94556179, 41.72603342999999], [2.94564175, 41.72602788]]], [[[2.94556801, 41.72621474], [2.94552944, 41.72604043999998], [2.94534762, 41.72607602], [2.94556801, 41.72621474]]], [[[2.94581601, 41.7261174], [2.94566777, 41.72611445], [2.94568098, 41.72627127], [2.94587049, 41.72624245], [2.94581601, 41.7261174]]], [[[2.9483538, 41.72847680999999], [2.94829237, 41.72846931], [2.94831044, 41.72857191], [2.9483538, 41.72847680999999]]], [[[2.95882033, 41.74037904], [2.9589073, 41.74034763], [2.95871181, 41.740263349999985], [2.95882033, 41.74037904]]], [[[2.95927264, 41.740918], [2.95924771, 41.74078397], [2.95910428, 41.74091253999998], [2.95927264, 41.740918]]], [[[2.95993804, 41.74131347], [2.95981996, 41.74128776], [2.95991926, 41.74134688], [2.95993804, 41.74131347]]], [[[2.96162038, 41.74211171], [2.96171925, 41.74210147], [2.96164545, 41.74203047000001], [2.96162038, 41.74211171]]], [[[2.96190443, 41.74213918], [2.96189284, 41.74220385], [2.96212303, 41.74220429], [2.96190443, 41.74213918]]], [[[2.96160484, 41.74216484], [2.96159689, 41.74218529], [2.96174216, 41.74219533], [2.96160484, 41.74216484]]], [[[2.96247819, 41.7433982], [2.96256296, 41.74342813], [2.96256938, 41.74335878], [2.96247819, 41.7433982]]], [[[2.9626636, 41.74368297], [2.96253229, 41.74364546000001], [2.96262654, 41.74370107], [2.9626636, 41.74368297]]], [[[2.96430123, 41.74459843], [2.96413115, 41.74463126000001], [2.96426027, 41.744715689999985], [2.96445053, 41.7447362], [2.96430123, 41.74459843]]], [[[2.96505878, 41.74505956], [2.96503052, 41.7452913], [2.96544757, 41.74536168], [2.96516923, 41.74499447], [2.96505878, 41.74505956]]], [[[2.96564518, 41.7455753], [2.96551633, 41.74543484], [2.96495852, 41.74542377], [2.96564518, 41.7455753]]], [[[2.96521025, 41.74563191], [2.96506115, 41.7455853], [2.96518907, 41.74565487], [2.96521025, 41.74563191]]], [[[2.96657833, 41.74676289], [2.96647957, 41.74657506], [2.96628713, 41.74659085999998], [2.96638159, 41.74673464], [2.96657833, 41.74676289]]], [[[2.96723211, 41.747033919999986], [2.96721799, 41.74689853999999], [2.96686127, 41.74688618], [2.96723211, 41.747033919999986]]], [[[2.96679771, 41.74700353], [2.96704369, 41.74718698], [2.96691005, 41.74699212], [2.96679771, 41.74700353]]], [[[2.96825125, 41.74957095], [2.96842178, 41.74962702], [2.96841459, 41.74955587], [2.96825125, 41.74957095]]], [[[2.96980472, 41.75142628999998], [2.96990503, 41.75143631000001], [2.96979658, 41.75133746999999], [2.96980472, 41.75142628999998]]], [[[2.9710612, 41.75162278], [2.97096083, 41.75147945], [2.97089385, 41.75170849], [2.9710612, 41.75162278]]], [[[2.97213423, 41.75271903], [2.9720156, 41.75278097000001], [2.97224196, 41.75281507], [2.97213423, 41.75271903]]], [[[2.97548079, 41.75384549], [2.97567448, 41.75374276], [2.97552247, 41.75367301], [2.97514524, 41.75373112], [2.97548079, 41.75384549]]], [[[2.97513397, 41.75455733], [2.97555127, 41.754496809999985], [2.97532404, 41.75451081], [2.97513397, 41.75455733]]], [[[2.97607965, 41.75589688], [2.97612667, 41.75593004], [2.9762543, 41.75591646], [2.97607965, 41.75589688]]], [[[2.98170864, 41.75729221], [2.9814797, 41.75737513], [2.98169198, 41.75750495], [2.98202217, 41.75751077000001], [2.98170864, 41.75729221]]], [[[2.98137588, 41.75740889], [2.98138031, 41.75746023], [2.98150398, 41.75745061], [2.98137588, 41.75740889]]], [[[2.9810675, 41.75764248], [2.98146881, 41.75759750999999], [2.98110493, 41.75758835], [2.9810675, 41.75764248]]], [[[2.98128854, 41.7578268], [2.98085035, 41.75773404], [2.98070248, 41.7578195], [2.98091567, 41.75811361], [2.98089396, 41.75790717000001], [2.98128854, 41.7578268]]], [[[2.98112789, 41.75886006], [2.98113089, 41.75890276], [2.98122641, 41.75888395], [2.98112789, 41.75886006]]], [[[2.98121793, 41.759069580000016], [2.98116921, 41.75907795], [2.98114464, 41.75916306], [2.98121793, 41.759069580000016]]], [[[2.98108401, 41.75916882], [2.98107211, 41.7591472], [2.98099752, 41.75917898], [2.98108401, 41.75916882]]], [[[2.98548447, 41.76044467], [2.98539652, 41.76050501], [2.98549925, 41.76049683], [2.98548447, 41.76044467]]], [[[2.99697285, 41.76285394], [2.99690524, 41.76282215], [2.9967954, 41.76292546], [2.99697285, 41.76285394]]], [[[3.0018841, 41.76488704], [3.00211449, 41.76487415], [3.00206107, 41.76481615], [3.0018841, 41.76488704]]], [[[3.00176959, 41.76548934], [3.0017821, 41.76553347], [3.00203679, 41.76557121], [3.00176959, 41.76548934]]], [[[3.00170258, 41.76574829], [3.00168971, 41.76577414], [3.0017791, 41.76574415], [3.00170258, 41.76574829]]], [[[3.00168731, 41.76593006], [3.00162174, 41.7659569], [3.00171306, 41.76597842], [3.00168731, 41.76593006]]], [[[3.00210466, 41.76596301], [3.00193611, 41.76600868], [3.00209106, 41.76600706], [3.00210466, 41.76596301]]], [[[3.00186261, 41.76626953], [3.00191987, 41.76618477000001], [3.00180883, 41.76610281], [3.00186261, 41.76626953]]], [[[3.00214415, 41.76674951], [3.00211383, 41.76676203], [3.00221417, 41.76678148], [3.00214415, 41.76674951]]], [[[3.00274533, 41.76680381], [3.00250267, 41.7667395], [3.00250267, 41.7667486], [3.00274533, 41.76680381]]], [[[3.00397998, 41.76739652], [3.00388854, 41.76737239], [3.00392765, 41.76743418], [3.00397998, 41.76739652]]], [[[3.00389854, 41.76756586], [3.00384404, 41.76751893], [3.00363217, 41.76760109], [3.00389854, 41.76756586]]], [[[3.0063762, 41.76987452], [3.00627538, 41.76989912], [3.00631485, 41.76994541], [3.0063762, 41.76987452]]], [[[3.02468946, 41.77278879], [3.02469104, 41.772823379999984], [3.02475058, 41.77277266], [3.02468946, 41.77278879]]], [[[3.02364798, 41.77282612], [3.02356642, 41.77287054], [3.0237307, 41.77298165], [3.02364798, 41.77282612]]], [[[3.0236845, 41.77298004], [3.02365947, 41.77299626], [3.02370197, 41.77304363], [3.0236845, 41.77298004]]], [[[3.02827523, 41.77083533], [3.02826886, 41.77059106], [3.02794046, 41.77073841], [3.0279766, 41.77083342], [3.02827523, 41.77083533]]], [[[3.0324636, 41.77257186], [3.03259742, 41.77237808], [3.03237955, 41.77195661], [3.03206083, 41.77172783], [3.0324636, 41.77257186]]], [[[3.02488655, 41.77280883], [3.02486887, 41.77283496], [3.02496779, 41.77285845], [3.02488655, 41.77280883]]], [[[3.0248577, 41.77288207], [3.02473609, 41.77295424], [3.02490815, 41.77297537], [3.0248577, 41.77288207]]], [[[3.02481661, 41.77303925000001], [3.02486535, 41.77305401000001], [3.02486088, 41.7730079], [3.02481661, 41.77303925000001]]], [[[3.03003511, 41.77576263000001], [3.02999806, 41.77579542], [3.03001901, 41.77581739], [3.03003511, 41.77576263000001]]], [[[3.02950087, 41.777889409999986], [3.0294353, 41.77789249], [3.02950535, 41.77794742], [3.02950087, 41.777889409999986]]], [[[3.04075425, 41.77830615], [3.04113496, 41.77827503], [3.04062854, 41.77817001], [3.04046228, 41.77822177], [3.04075425, 41.77830615]]], [[[3.04256837, 41.77832594], [3.04242589, 41.77832455], [3.04248043, 41.77836488], [3.04256837, 41.77832594]]], [[[3.03869385, 41.77832866], [3.03857763, 41.77836356000001], [3.0387035, 41.77836847], [3.03869385, 41.77832866]]], [[[3.04256541, 41.77840088], [3.04312012, 41.77855487], [3.04270706, 41.77843217], [3.04256541, 41.77840088]]], [[[3.04199946, 41.77872624], [3.04198428, 41.77868878], [3.04193195, 41.77871032], [3.04199946, 41.77872624]]], [[[3.04406509, 41.77876059], [3.04379635, 41.77887698], [3.044168, 41.77896465], [3.04408056, 41.77885408], [3.04434736, 41.77888262], [3.04406509, 41.77876059]]], [[[3.04435609, 41.77933774], [3.04431599, 41.77929029], [3.04416573, 41.77934547], [3.04435609, 41.77933774]]], [[[3.04559178, 41.77966322], [3.04566054, 41.77957411], [3.04546439, 41.77955339], [3.04559178, 41.77966322]]], [[[3.04602419, 41.77957982], [3.04572338, 41.77960696], [3.04579744, 41.77967827000001], [3.04619407, 41.77970585], [3.04602419, 41.77957982]]], [[[3.04571013, 41.77975793], [3.04577067, 41.77978024], [3.04596225, 41.77978989], [3.04571013, 41.77975793]]], [[[3.04503239, 41.77989393], [3.04520688, 41.77990125], [3.04490053, 41.77975798], [3.04503239, 41.77989393]]], [[[3.04373135, 41.77990488], [3.04394964, 41.77990777], [3.04383865, 41.77985188], [3.04373135, 41.77990488]]], [[[3.04585205, 41.77999854], [3.04560855, 41.77989307], [3.04579396, 41.78003603], [3.04585205, 41.77999854]]], [[[3.04897184, 41.78002049], [3.04874833, 41.77995663], [3.04877317, 41.78002508], [3.04897184, 41.78002049]]], [[[3.04520865, 41.78002257], [3.04492665, 41.77994918], [3.04511709, 41.7800454], [3.04520865, 41.78002257]]], [[[3.04850785, 41.78004473], [3.04848359, 41.78009753], [3.04858187, 41.78006344], [3.04850785, 41.78004473]]], [[[3.04860665, 41.7822733], [3.0486613, 41.78230723], [3.04890938, 41.78222958], [3.04895678, 41.7820477], [3.04860665, 41.7822733]]], [[[3.04853993, 41.78221154], [3.04847929, 41.78222543], [3.04857521, 41.78224125], [3.04853993, 41.78221154]]], [[[3.04841563, 41.78222321], [3.04835079, 41.78225485], [3.04845588, 41.78229498], [3.04841563, 41.78222321]]], [[[3.04776302, 41.78316886], [3.04781021, 41.78319919], [3.04790357, 41.78316709], [3.04776302, 41.78316886]]], [[[3.04768475, 41.78326382], [3.04752712, 41.78312987], [3.04713857, 41.7831647], [3.04768475, 41.78326382]]], [[[3.04696162, 41.78342337], [3.04726675, 41.78335443000001], [3.04714309, 41.78324558], [3.04671527, 41.78323152999999], [3.04696162, 41.78342337]]], [[[3.04694317, 41.78353857], [3.04703507, 41.78347819], [3.04676308, 41.78344596], [3.04670571, 41.78349237], [3.04694317, 41.78353857]]], [[[3.0469061, 41.78369558], [3.04693302, 41.78363874], [3.04676342, 41.78357864], [3.0469061, 41.78369558]]], [[[3.04698571, 41.78411328999998], [3.04756315, 41.78417088], [3.04714755, 41.78408503], [3.04698571, 41.78411328999998]]], [[[3.04745285, 41.78423713], [3.04729048, 41.78419693], [3.04740797, 41.78425336], [3.04745285, 41.78423713]]], [[[3.04718159, 41.78422805], [3.04709737, 41.78425394], [3.04712195, 41.78428806], [3.04718159, 41.78422805]]], [[[3.04728144, 41.78450723000001], [3.04730325, 41.78454009], [3.04750941, 41.78456477999998], [3.04728144, 41.78450723000001]]], [[[3.04546981, 41.78620992], [3.04570637, 41.78632341], [3.04550302, 41.78620135], [3.04546981, 41.78620992]]], [[[3.04558101, 41.78671715], [3.04542862, 41.78666813000001], [3.04544069, 41.78671964], [3.04558101, 41.78671715]]], [[[3.04564245, 41.78681531], [3.04559814, 41.78678155], [3.04545303, 41.78682133], [3.04564245, 41.78681531]]], [[[3.05611015, 41.78678005], [3.05614501, 41.78687379], [3.05635569, 41.78681442], [3.05611015, 41.78678005]]], [[[3.05632115, 41.78695036], [3.05656434, 41.78705048], [3.05690042, 41.78685946], [3.05667781, 41.78675923], [3.05632115, 41.78695036]]], [[[3.04606408, 41.78705346], [3.04589668, 41.78705353], [3.04605101, 41.78712588], [3.04606408, 41.78705346]]], [[[3.05617637, 41.78695358], [3.05556745, 41.78699242], [3.05578879, 41.78715381], [3.05593314, 41.78735451], [3.05677641, 41.787215840000016], [3.05617637, 41.78695358]]], [[[3.04605157, 41.78723532], [3.04604976, 41.78738898000001], [3.04617739, 41.78731596999999], [3.04610464, 41.78722638], [3.04605157, 41.78723532]]], [[[3.0547606, 41.78749423], [3.05468954, 41.787430679999986], [3.05467113, 41.78744357], [3.0547606, 41.78749423]]], [[[3.04591944, 41.78742353], [3.04591231, 41.7875435], [3.04602756, 41.78748906], [3.0459489, 41.78738632], [3.04591944, 41.78742353]]], [[[3.05432027, 41.78781077], [3.05431393, 41.78785662], [3.05433109, 41.78793659], [3.05432027, 41.78781077]]], [[[3.05931264, 41.79169257], [3.05927233, 41.79196378999998], [3.05969408, 41.79198861], [3.05947239, 41.79173365], [3.05931264, 41.79169257]]], [[[3.05958004, 41.792304], [3.05931336, 41.79208275], [3.05922992, 41.7921707], [3.05958004, 41.792304]]], [[[3.05965889, 41.79231864], [3.05965097, 41.7923526], [3.05974954, 41.79234156], [3.05965889, 41.79231864]]], [[[3.0599014, 41.79244741], [3.06000552, 41.79245159], [3.05984633, 41.79237052], [3.0599014, 41.79244741]]], [[[3.06024817, 41.79311293], [3.06003916, 41.79278203], [3.06011723, 41.79312417], [3.06024817, 41.79311293]]], [[[3.06020598, 41.79316844], [3.06021358, 41.79318366], [3.0602794, 41.79317146], [3.06020598, 41.79316844]]], [[[3.06014125, 41.79319801], [3.06011852, 41.7932155], [3.06019641, 41.79323636], [3.06014125, 41.79319801]]], [[[3.0602635, 41.79328802], [3.06019394, 41.79328859999998], [3.06024201, 41.79333964], [3.0602635, 41.79328802]]], [[[3.06076706, 41.79377683], [3.06071494, 41.7936368], [3.06043315, 41.79361236], [3.06076706, 41.79377683]]], [[[3.06139745, 41.795737049999985], [3.06140686, 41.79575938], [3.06143764, 41.79572703], [3.06139745, 41.795737049999985]]], [[[3.061515, 41.79594154], [3.06149259, 41.79591858], [3.06125402, 41.79591159], [3.06142139, 41.79597969], [3.061515, 41.79594154]]], [[[3.06149492, 41.79634434], [3.06143197, 41.79634672], [3.0614977, 41.79635055], [3.06149492, 41.79634434]]], [[[3.06159385, 41.79633618], [3.06154381, 41.79636908], [3.06162638, 41.79636508], [3.06159385, 41.79633618]]], [[[3.0616407, 41.79648306], [3.06146513, 41.79640948], [3.061472, 41.79641785], [3.0616407, 41.79648306]]], [[[3.06346751, 41.79897033000001], [3.06398041, 41.79897491], [3.06358645, 41.79873429], [3.06379836, 41.79892187], [3.06346751, 41.79897033000001]]], [[[3.06433226, 41.79982894], [3.06472745, 41.7999586], [3.06443083, 41.79969675], [3.06433226, 41.79982894]]], [[[3.06449846, 41.79991657], [3.06441601, 41.79991761], [3.06444311, 41.79993642], [3.06449846, 41.79991657]]], [[[3.06508123, 41.8002042], [3.06506938, 41.80026996], [3.06513461, 41.80026461], [3.06508123, 41.8002042]]], [[[3.06529895, 41.8006483], [3.06528513, 41.80067551], [3.06536893, 41.80069266], [3.06529895, 41.8006483]]], [[[3.05874555, 41.803975590000015], [3.05860882, 41.80412671], [3.05822903, 41.80412979], [3.05747004, 41.80453719], [3.05877355, 41.8043137], [3.05933616, 41.8040051], [3.05874555, 41.803975590000015]]], [[[3.07273884, 41.81994324], [3.07269092, 41.81994894000001], [3.07275573, 41.81998024], [3.07273884, 41.81994324]]], [[[3.07397693, 41.81999252], [3.07391818, 41.8200031], [3.07399638, 41.82004808], [3.07397693, 41.81999252]]], [[[3.07374297, 41.82009499], [3.07384158, 41.82008538], [3.07383724, 41.81997631], [3.07373077, 41.82005303], [3.07374297, 41.82009499]]], [[[3.07360494, 41.82036673], [3.0735686, 41.82038936], [3.07361364, 41.82039555], [3.07360494, 41.82036673]]], [[[3.07892588, 41.82237436], [3.07914151, 41.8224487], [3.07894523, 41.8222478], [3.07892588, 41.82237436]]], [[[3.07830679, 41.82263265], [3.07817733, 41.8224263], [3.07814196, 41.82245353], [3.07830679, 41.82263265]]], [[[3.07906529, 41.82284551], [3.07890082, 41.82286111], [3.07910031, 41.82292546], [3.07906529, 41.82284551]]], [[[3.0768674, 41.8229685], [3.07685122, 41.82303048], [3.0769374, 41.82300106000001], [3.0768674, 41.8229685]]], [[[3.07816811, 41.8230622], [3.07809724, 41.82300487], [3.07803551, 41.82304228999998], [3.07816811, 41.8230622]]], [[[3.07909744, 41.82313704], [3.07905839, 41.82301231999998], [3.07898982, 41.82316368], [3.07909744, 41.82313704]]], [[[3.07857755, 41.82318739], [3.07857858, 41.82323782], [3.07872477, 41.82324691], [3.07857755, 41.82318739]]], [[[3.07938031, 41.82324619], [3.07933248, 41.82323109], [3.07932666, 41.82329639], [3.07938031, 41.82324619]]], [[[3.07939068, 41.82345307], [3.07937508, 41.82340075], [3.07921232, 41.82343797], [3.07939068, 41.82345307]]], [[[3.07914569, 41.82349791], [3.07935967, 41.82359991], [3.07918288, 41.82348240000001], [3.07914569, 41.82349791]]], [[[3.07935165, 41.82383625], [3.07927353, 41.82385666], [3.07941519, 41.82389593], [3.07935165, 41.82383625]]], [[[3.0799132, 41.82396989], [3.08016916, 41.82393296], [3.08000744, 41.82383463], [3.0799132, 41.82396989]]], [[[3.07907937, 41.82391174], [3.07911579, 41.82396035], [3.07914065, 41.82390485], [3.07907937, 41.82391174]]], [[[3.08075322, 41.82406441], [3.08093526, 41.8242301], [3.08147068, 41.8239887], [3.08110338, 41.82377153], [3.08075322, 41.82406441]]], [[[3.08598797, 41.82561422], [3.08591332, 41.8257057], [3.08596945, 41.82581239], [3.08605112, 41.82565218], [3.08598797, 41.82561422]]], [[[3.08241058, 41.82571772], [3.08241951, 41.82573132], [3.08255205, 41.82570438], [3.08241058, 41.82571772]]], [[[3.08432969, 41.82598915], [3.08458712, 41.8261464], [3.0849392, 41.82594763], [3.08432969, 41.82598915]]], [[[3.08483094, 41.82758769], [3.08479215, 41.827573939999986], [3.08477896, 41.8276143], [3.08483094, 41.82758769]]], [[[3.084688, 41.82767589], [3.08476311, 41.82756027], [3.08459933, 41.827644249999985], [3.084688, 41.82767589]]], [[[3.08566344, 41.82831871], [3.08567204, 41.82835446], [3.0857469, 41.8283254], [3.08566344, 41.82831871]]], [[[3.08649827, 41.83014622], [3.08653021, 41.830167719999984], [3.08653725, 41.83011908], [3.08649827, 41.83014622]]], [[[3.08880919, 41.8316533], [3.08896349, 41.83158896], [3.08884, 41.83155059], [3.08880919, 41.8316533]]], [[[3.08854686, 41.83180392], [3.08850047, 41.8317854], [3.08852365, 41.8318305], [3.08854686, 41.83180392]]], [[[3.09151522, 41.83196398], [3.0914865, 41.83200921999999], [3.09156558, 41.8319798], [3.09151522, 41.83196398]]], [[[3.0894411, 41.83200696], [3.08940308, 41.83195178], [3.08937235, 41.832024310000016], [3.0894411, 41.83200696]]], [[[3.09272831, 41.83221169], [3.09288042, 41.83204287], [3.09280917, 41.83190665], [3.09272831, 41.83221169]]], [[[3.09312748, 41.83216733], [3.09312722, 41.83215445], [3.09309246, 41.83218348], [3.09312748, 41.83216733]]], [[[3.09026282, 41.83219168], [3.09019225, 41.83228379], [3.09028333, 41.83230794], [3.09026282, 41.83219168]]], [[[3.09181818, 41.83227447999999], [3.09182822, 41.83230384], [3.09191778, 41.83227692], [3.09181818, 41.83227447999999]]], [[[3.09311032, 41.83270658], [3.09322115, 41.83256319], [3.09310458, 41.83248898], [3.09311032, 41.83270658]]], [[[3.09287058, 41.83390596], [3.09296125, 41.83389382], [3.09290426, 41.83387288], [3.09287058, 41.83390596]]], [[[3.09423567, 41.83470178], [3.09425175, 41.8347396], [3.09426904, 41.83470302], [3.09423567, 41.83470178]]], [[[3.09420462, 41.83471505], [3.0941346, 41.83476527], [3.0942212, 41.834767], [3.09420462, 41.83471505]]], [[[3.09360025, 41.83486272], [3.09360987, 41.83493828], [3.09366151, 41.83491563], [3.09360025, 41.83486272]]], [[[3.09457709, 41.83493685], [3.09459505, 41.83494458], [3.0946323, 41.83488664], [3.09457709, 41.83493685]]], [[[3.0943578, 41.83503359], [3.09462059, 41.83486836], [3.09417984, 41.83481775], [3.09416691, 41.83495484], [3.0943578, 41.83503359]]], [[[3.09371543, 41.83489496], [3.09379713, 41.83500486], [3.09381807, 41.83491469], [3.09372155, 41.83487739], [3.09371543, 41.83489496]]], [[[3.09442914, 41.83571355], [3.09444803, 41.83570642], [3.09442803, 41.8356959], [3.09442914, 41.83571355]]], [[[3.09442861, 41.83576227999998], [3.09453572, 41.83578984], [3.09448192, 41.83573675], [3.09442861, 41.83576227999998]]], [[[3.09409488, 41.835768229999985], [3.09407077, 41.83583733], [3.09414166, 41.83580368], [3.09409488, 41.835768229999985]]], [[[3.09376495, 41.83581768], [3.09375467, 41.83578931], [3.09372616, 41.83581068], [3.09376495, 41.83581768]]], [[[3.09436152, 41.83584646], [3.09445076, 41.83584053], [3.0943697, 41.83583835], [3.09436152, 41.83584646]]], [[[3.09474006, 41.83584668999998], [3.09465533, 41.83588216], [3.09473768, 41.83586353], [3.09474006, 41.83584668999998]]], [[[3.09469727, 41.8359014], [3.0946625, 41.83592673], [3.09467503, 41.83593465], [3.09469727, 41.8359014]]], [[[3.09398515, 41.83592594000001], [3.09399938, 41.83593601], [3.09401247, 41.83590862], [3.09398515, 41.83592594000001]]], [[[3.09433343, 41.83598717], [3.09460337, 41.83601505], [3.09444933, 41.83585197], [3.09433343, 41.83598717]]], [[[3.09393017, 41.83605082], [3.09387629, 41.83601826000001], [3.09387378, 41.83603447], [3.09393017, 41.83605082]]], [[[3.09406187, 41.83658158], [3.09406433, 41.8366222], [3.09408475, 41.83658327], [3.09406187, 41.83658158]]], [[[3.09421523, 41.83661352], [3.09422719, 41.83663738], [3.09428173, 41.83662301], [3.09421523, 41.83661352]]], [[[3.09409441, 41.83693039], [3.09408149, 41.83690671], [3.09400093, 41.83691804], [3.09409441, 41.83693039]]], [[[3.11368245, 41.84822464], [3.11363651, 41.84819964], [3.11365853, 41.84825619], [3.11368245, 41.84822464]]], [[[3.12310875, 42.13366299], [3.12324348, 42.13369176], [3.12320841, 42.13364136], [3.12310875, 42.13366299]]], [[[3.12337507, 42.13541032], [3.12343837, 42.13541574], [3.12339352, 42.13537716], [3.12337507, 42.13541032]]], [[[3.12362434, 42.13553398], [3.12360128, 42.13574475999999], [3.12339239, 42.13560223], [3.12318738, 42.13521625], [3.12305769, 42.13554053], [3.12318777, 42.13591803], [3.12337826, 42.13586559], [3.1237377, 42.13614675], [3.12381085, 42.13568031], [3.12362434, 42.13553398]]], [[[3.12169638, 42.13635437], [3.12167863, 42.13637393], [3.12169316, 42.13638103], [3.12169638, 42.13635437]]], [[[3.12977508, 41.84086884], [3.12981353, 41.84082385], [3.12977076, 41.84081679], [3.12977508, 41.84086884]]], [[[3.12957159, 41.84102147], [3.12971175, 41.84082352], [3.12957946, 41.84068505], [3.12943882, 41.84100622], [3.12957159, 41.84102147]]], [[[3.12948262, 41.84110524], [3.12948585, 41.84109407], [3.12943504, 41.84110088], [3.12948262, 41.84110524]]], [[[3.12888395, 41.84120022], [3.12889123, 41.84116878], [3.12883947, 41.8411846], [3.12888395, 41.84120022]]], [[[3.12952036, 41.84130101], [3.12953538, 41.84134351], [3.12953436, 41.84131802], [3.12952036, 41.84130101]]], [[[3.12962952, 41.84149634], [3.12964736, 41.84150415], [3.12966726, 41.84145919], [3.12962952, 41.84149634]]], [[[3.12961345, 41.84159309], [3.12964083, 41.84160981], [3.12965499, 41.84158611], [3.12961345, 41.84159309]]], [[[3.12969909, 41.84159245], [3.12969368, 41.84159904], [3.12971297, 41.84160712], [3.12969909, 41.84159245]]], [[[3.12968427, 41.84170947], [3.12968566, 41.84168245], [3.12966826, 41.8417148], [3.12968427, 41.84170947]]], [[[3.12814932, 41.84191646], [3.1281194, 41.84189371], [3.12814287, 41.84194304], [3.12814932, 41.84191646]]], [[[3.12801331, 41.84190797], [3.12801857, 41.84194885], [3.12802333, 41.84191993], [3.12801331, 41.84190797]]], [[[3.12810464, 41.84192173000001], [3.12809563, 41.84199407], [3.1281305, 41.841961789999985], [3.12810464, 41.84192173000001]]], [[[3.13183519, 41.84197435], [3.13187131, 41.84196503], [3.13186477, 41.84194603], [3.13183519, 41.84197435]]], [[[3.13177996, 41.84200269], [3.13180232, 41.84197942999999], [3.13176852, 41.84200334], [3.13177996, 41.84200269]]], [[[3.13185167, 41.842019], [3.13182585, 41.84199832], [3.13183566, 41.84202695], [3.13185167, 41.842019]]], [[[3.12826648, 41.84214186], [3.1282552, 41.84216349], [3.12828496, 41.84216751000001], [3.12826648, 41.84214186]]], [[[3.13275674, 41.84266754], [3.13278974, 41.84260968000001], [3.13274721, 41.84265944], [3.13275674, 41.84266754]]], [[[3.13265906, 41.84290282], [3.13270603, 41.84290025], [3.13267509, 41.8427913], [3.13265906, 41.84290282]]], [[[3.13296586, 41.843314349999986], [3.13294613, 41.84321224], [3.13280631, 41.84328328], [3.13296586, 41.843314349999986]]], [[[3.13305563, 41.84327354], [3.13304767, 41.84326742], [3.13300812, 41.84330817999999], [3.13305563, 41.84327354]]], [[[3.13785678, 41.84778718], [3.13797052, 41.84785298], [3.13796173, 41.84763043], [3.13789662, 41.8476033], [3.13785678, 41.84778718]]], [[[3.13784949, 41.84786906], [3.13791792, 41.84792951], [3.1379508, 41.84786857999999], [3.13784949, 41.84786906]]], [[[3.13754925, 41.84795922], [3.13761001, 41.84797788], [3.13758958, 41.84794512], [3.13754925, 41.84795922]]], [[[3.14077162, 41.84824984], [3.14099743, 41.84833558], [3.14081832, 41.84823312], [3.14077162, 41.84824984]]], [[[3.14168427, 41.8487051], [3.14173915, 41.84873386000001], [3.14174489, 41.84866052999999], [3.14168427, 41.8487051]]], [[[3.13948156, 41.84895188999999], [3.13949071, 41.848951599999985], [3.13949134, 41.84890954], [3.13948156, 41.84895188999999]]], [[[3.13961906, 41.84897847], [3.13963611, 41.84895358999999], [3.1396129, 41.84896965], [3.13961906, 41.84897847]]], [[[3.13958467, 41.84900517], [3.13958469, 41.84895906], [3.13958346, 41.84900427], [3.13958467, 41.84900517]]], [[[3.14223456, 41.84909181], [3.14228062, 41.8490015], [3.14212056, 41.84907493], [3.14223456, 41.84909181]]], [[[3.14110049, 41.84907763], [3.14116706, 41.84905485], [3.1411175, 41.84903473], [3.14110049, 41.84907763]]], [[[3.14274818, 41.84907631], [3.14280293, 41.84910425], [3.14283327, 41.8490409], [3.14274818, 41.84907631]]], [[[3.14063302, 41.84904334], [3.14060354, 41.84911183], [3.1406522, 41.84905827], [3.14063302, 41.84904334]]], [[[3.14535756, 41.85068608000001], [3.14532611, 41.85068216], [3.145345, 41.85072717], [3.14535756, 41.85068608000001]]], [[[3.14785429, 41.85762136], [3.14770928, 41.85764298], [3.14784592, 41.85775485], [3.14785429, 41.85762136]]], [[[3.14727198, 41.85776414], [3.14731047, 41.85779229], [3.14733796, 41.85774487], [3.14727198, 41.85776414]]], [[[3.14819805, 41.85784617999999], [3.14813745, 41.85784526], [3.14808946, 41.85798845], [3.14822274, 41.85794891], [3.14819805, 41.85784617999999]]], [[[3.14893339, 41.85802437], [3.14887549, 41.85804859000001], [3.14893633, 41.85825522], [3.14893339, 41.85802437]]], [[[3.15088087, 41.85825151], [3.15065548, 41.85810697], [3.15055569, 41.85819834], [3.15088699, 41.85828906], [3.15088087, 41.85825151]]], [[[3.14955028, 41.85819686], [3.14953542, 41.85833109], [3.14968097, 41.85833666], [3.14955028, 41.85819686]]], [[[3.15052251, 41.8583316], [3.15050797, 41.85829667], [3.15045127, 41.85836736], [3.15052251, 41.8583316]]], [[[3.1501604, 41.85845619], [3.15015088, 41.85835036999998], [3.15001494, 41.85843916999998], [3.15001847, 41.85845349], [3.1501604, 41.85845619]]], [[[3.15033317, 41.85855918], [3.1503369, 41.85850549], [3.15029883, 41.85850879], [3.15033317, 41.85855918]]], [[[3.15057762, 41.85850428], [3.15062228, 41.85874623], [3.1510518, 41.85854292], [3.15092059, 41.85833657000001], [3.15057762, 41.85850428]]], [[[3.15104828, 41.85945181], [3.15105035, 41.85941173], [3.15100591, 41.85942044], [3.15104828, 41.85945181]]], [[[3.15091127, 41.86021317], [3.15088698, 41.86018456], [3.15071635, 41.86017325], [3.15073921, 41.8603131], [3.15091127, 41.86021317]]], [[[3.15059891, 41.8607521], [3.15054915, 41.86080125], [3.1505867, 41.86083624], [3.15059891, 41.8607521]]], [[[3.15329593, 41.86108818], [3.15370253, 41.86102297], [3.15330681, 41.86090226], [3.15329593, 41.86108818]]], [[[3.15314267, 41.86108676], [3.15315537, 41.86105918], [3.15307033, 41.86106857], [3.15314267, 41.86108676]]], [[[3.15181563, 41.86108348], [3.1517483, 41.86114428], [3.15195084, 41.86119589], [3.15181563, 41.86108348]]], [[[3.1538837, 41.86130797], [3.15388909, 41.8613439], [3.15393845, 41.86132888], [3.1538837, 41.86130797]]], [[[3.15145701, 41.86136587], [3.15141949, 41.86129278], [3.15134316, 41.86131846], [3.15145701, 41.86136587]]], [[[3.15128844, 41.86156604], [3.15124561, 41.86159375], [3.15131222, 41.86163409999999], [3.15128844, 41.86156604]]], [[[3.14380711, 42.11594067], [3.14380852, 42.11592554], [3.1437973, 42.11593753], [3.14380711, 42.11594067]]], [[[3.15729588, 42.11734996], [3.15731495, 42.11733255], [3.15727503, 42.11733224000001], [3.15729588, 42.11734996]]], [[[3.15637741, 42.1177683], [3.156391, 42.11773532], [3.15636519, 42.11776571], [3.15637741, 42.1177683]]], [[[3.15267591, 42.11971301], [3.15268578, 42.1197946], [3.15269431, 42.11971676999999], [3.15267591, 42.11971301]]], [[[3.15256878, 42.11988716], [3.15250721, 42.11988787], [3.15255771, 42.11991419], [3.15256878, 42.11988716]]], [[[3.15244319, 42.12008106], [3.1524585, 42.12001006], [3.15241935, 42.12002948], [3.15244319, 42.12008106]]], [[[3.13843496, 42.12133261], [3.13842445, 42.1213382], [3.13842803, 42.12137044], [3.13843496, 42.12133261]]], [[[3.13849451, 42.12151122], [3.13849102, 42.12152258], [3.13852191, 42.12153857], [3.13849451, 42.12151122]]], [[[3.13867099, 42.12166619], [3.13876081, 42.12163501], [3.13860073, 42.12162188], [3.13867099, 42.12166619]]], [[[3.13838109, 42.12176309], [3.1384905, 42.121726119999984], [3.13840239, 42.12165445], [3.13838109, 42.12176309]]], [[[3.13846741, 42.12184378], [3.13862614, 42.12179396], [3.13857462, 42.12168774], [3.13846741, 42.12184378]]], [[[3.13842945, 42.1219129], [3.13846166, 42.12192592], [3.13845021, 42.12189297], [3.13842945, 42.1219129]]], [[[3.13818316, 42.12242405], [3.13815599, 42.12244957], [3.13826466, 42.12246214], [3.13818316, 42.12242405]]], [[[3.13818396, 42.12262462], [3.1382084, 42.12262675], [3.13818725, 42.12258245999998], [3.13818396, 42.12262462]]], [[[3.13795107, 42.12279332], [3.13795791, 42.12276629], [3.13787575, 42.12275639], [3.13795107, 42.12279332]]], [[[3.13764039, 42.1230121], [3.13770236, 42.1230277], [3.13768365, 42.12299196], [3.13764039, 42.1230121]]], [[[3.13766988, 42.12305358], [3.13768126, 42.12305934], [3.13768496, 42.12303527999999], [3.13766988, 42.12305358]]], [[[3.13770412, 42.12311263], [3.13770447, 42.1231047], [3.13765654, 42.12309557], [3.13770412, 42.12311263]]], [[[3.13751227, 42.12323642], [3.13747032, 42.12324899], [3.13752357, 42.12326073], [3.13751227, 42.12323642]]], [[[3.13727095, 42.12482122], [3.13720483, 42.1248485], [3.13727501, 42.12485463], [3.13727095, 42.12482122]]], [[[3.13655743, 42.12557537], [3.13669916, 42.1255462], [3.13663715, 42.12545675], [3.13655743, 42.12557537]]], [[[3.13658993, 42.12577744], [3.13654115, 42.12582424], [3.13656199, 42.12583836000001], [3.13658993, 42.12577744]]], [[[3.13660021, 42.12662115], [3.13673964, 42.12653669], [3.13654232, 42.12659636999999], [3.13649213, 42.12677223], [3.13673234, 42.12662856], [3.13660021, 42.12662115]]], [[[3.13641747, 42.12682609], [3.13646098, 42.12680541], [3.13642151, 42.12673593], [3.13641747, 42.12682609]]], [[[3.13228486, 42.12692432], [3.13227733, 42.12691362], [3.13223333, 42.12693339], [3.13228486, 42.12692432]]], [[[3.13571429, 42.12722105000001], [3.13580433, 42.12723274], [3.13582234, 42.1271123], [3.13571429, 42.12722105000001]]], [[[3.13452781, 42.12736428999999], [3.13450544, 42.12736711], [3.13453272, 42.12739797], [3.13452781, 42.12736428999999]]], [[[3.12962954, 42.12757924], [3.12967255, 42.12760901], [3.12965785, 42.1275204], [3.12962954, 42.12757924]]], [[[3.13370691, 42.12771425], [3.13368988, 42.12772715], [3.13372278, 42.1277227], [3.13370691, 42.12771425]]], [[[3.13412073, 42.12801558], [3.13409115, 42.12798931], [3.13406942, 42.12801068], [3.13412073, 42.12801558]]], [[[3.13184111, 42.12810801], [3.13190053, 42.12811731], [3.13185861, 42.1280871], [3.13184111, 42.12810801]]], [[[3.13197451, 42.12826052], [3.13183731, 42.12820061], [3.13181043, 42.12824945], [3.13197451, 42.12826052]]], [[[3.13131955, 42.12894396], [3.1315962, 42.12879648], [3.13177759, 42.12886661], [3.13192767, 42.12860318], [3.13176139, 42.12864192], [3.13166225, 42.12850225], [3.13131955, 42.12894396]]], [[[3.12488044, 42.13052062], [3.12495905, 42.130441], [3.12487455, 42.13041534], [3.12488044, 42.13052062]]], [[[3.12484176, 42.13060415], [3.12485836, 42.13067357], [3.12496563, 42.13052755000001], [3.12484176, 42.13060415]]], [[[3.12485438, 42.13074157], [3.12492288, 42.13068926], [3.12485532, 42.13072878], [3.12485438, 42.13074157]]], [[[3.12430486, 42.13082854], [3.12427136, 42.13083317000001], [3.1243261, 42.13085968], [3.12430486, 42.13082854]]], [[[3.12472789, 42.13090545], [3.12471176, 42.13088376], [3.12468733, 42.1308891], [3.12472789, 42.13090545]]], [[[3.123533, 42.1325524], [3.12382861, 42.13274383], [3.12384752, 42.13245146], [3.12368713, 42.13235472], [3.123533, 42.1325524]]], [[[3.12373638, 42.13298197], [3.1238373, 42.13285937], [3.12368854, 42.13289619], [3.12373638, 42.13298197]]], [[[3.1238403, 42.13315883], [3.12384398, 42.13318404999998], [3.12387204, 42.13317798], [3.1238403, 42.13315883]]], [[[3.12378362, 42.13319456], [3.12374533, 42.13328854], [3.12379393, 42.13320752], [3.12378362, 42.13319456]]], [[[3.12364987, 42.13329504], [3.12359754, 42.13332698], [3.12364252, 42.13331], [3.12364987, 42.13329504]]], [[[3.12350555, 42.13530588], [3.12347049, 42.13525585], [3.12343308, 42.13531128000001], [3.12350555, 42.13530588]]], [[[3.12360469, 42.13532469], [3.12360395, 42.13531469], [3.12354035, 42.13527712], [3.12360469, 42.13532469]]], [[[3.12377876, 42.135543089999985], [3.12372778, 42.13546245], [3.12365547, 42.13548981], [3.12377876, 42.135543089999985]]], [[[3.12348023, 42.13622052], [3.12347844, 42.13623313], [3.12350952, 42.13622814], [3.12348023, 42.13622052]]], [[[3.12371151, 42.13649001000001], [3.12395675, 42.13653073], [3.12375988, 42.13634946], [3.12371151, 42.13649001000001]]], [[[3.1236189, 42.13665826], [3.12382296, 42.13674063], [3.12366305, 42.13652483], [3.1236189, 42.13665826]]], [[[3.12360041, 42.13679203], [3.12360248, 42.13673555], [3.12352557, 42.13676338], [3.12360041, 42.13679203]]], [[[3.12362555, 42.13684226], [3.12369926, 42.13685118], [3.12363932, 42.13676542000001], [3.12362555, 42.13684226]]], [[[3.15694263, 42.37687662], [3.1569183, 42.37691006], [3.15702573, 42.37693297], [3.15694263, 42.37687662]]], [[[3.1573791, 42.37747933], [3.15751939, 42.37713394], [3.15725159, 42.37729687], [3.15733503, 42.37748831], [3.1573791, 42.37747933]]], [[[3.15719356, 42.37803661], [3.15718154, 42.37784417], [3.15700807, 42.37798725], [3.15700765, 42.3780139], [3.15719356, 42.37803661]]], [[[3.1561369, 42.37818513], [3.15623123, 42.37816266], [3.15617077, 42.3779792], [3.1561369, 42.37818513]]], [[[3.15610332, 42.37821237], [3.1560344, 42.37819175], [3.15603954, 42.37825848], [3.15610332, 42.37821237]]], [[[3.15550024, 42.37969262], [3.15572202, 42.37948455], [3.15564125, 42.37948934], [3.15550024, 42.37969262]]], [[[3.15680949, 42.38121916], [3.15701511, 42.3810085], [3.15677728, 42.38116292], [3.15680949, 42.38121916]]], [[[3.15782495, 42.38225671], [3.15780913, 42.38229195], [3.15786119, 42.3822726], [3.15782495, 42.38225671]]], [[[3.15785845, 42.38248902], [3.15781329, 42.38244973000001], [3.15778749, 42.38248190999999], [3.15785845, 42.38248902]]], [[[3.15686268, 42.39087349], [3.15706249, 42.39080712], [3.1569473, 42.39075072], [3.15679193, 42.39085648], [3.15686268, 42.39087349]]], [[[3.15507902, 42.3910175], [3.1551877, 42.39089225], [3.15504052, 42.39092253], [3.15507902, 42.3910175]]], [[[3.15474383, 42.3911181], [3.15491402, 42.39105914999998], [3.15479332, 42.39098663], [3.15474383, 42.3911181]]], [[[3.15405972, 42.391179], [3.15438208, 42.39139012], [3.15418797, 42.39115919], [3.15405972, 42.391179]]], [[[3.15547807, 42.39492927], [3.15560839, 42.39481301], [3.15520784, 42.394825529999984], [3.15515439, 42.39487973], [3.15547807, 42.39492927]]], [[[3.15533249, 42.39497018], [3.15522141, 42.39496096], [3.1553211, 42.39498307], [3.15533249, 42.39497018]]], [[[3.15522885, 42.39507046], [3.1552127, 42.39512488], [3.1552626, 42.39510896], [3.15522885, 42.39507046]]], [[[3.15541996, 42.39511415], [3.15538497, 42.39516355], [3.15543604, 42.39513007], [3.15541996, 42.39511415]]], [[[3.15677374, 42.39536124], [3.15665905, 42.3952662], [3.15673729, 42.39536093000001], [3.15677374, 42.39536124]]], [[[3.1564745, 42.39536795], [3.1565439, 42.39542811], [3.15665147, 42.39544273], [3.1564745, 42.39536795]]], [[[3.15712567, 42.39538651], [3.1570648, 42.39543657999999], [3.15716484, 42.39545175], [3.15712567, 42.39538651]]], [[[3.15672891, 42.39560644], [3.15656711, 42.39547617], [3.15668607, 42.39562785], [3.15672891, 42.39560644]]], [[[3.15708606, 42.39587109], [3.15712574, 42.39580385], [3.15708942, 42.39580498], [3.15708606, 42.39587109]]], [[[3.1578268, 42.39662406], [3.15782476, 42.39663262], [3.15803223, 42.39665863], [3.1578268, 42.39662406]]], [[[3.15903792, 41.85953821], [3.15900002, 41.85946189], [3.15878417, 41.85953046], [3.15903792, 41.85953821]]], [[[3.16043114, 41.86053433], [3.16071908, 41.86047862], [3.16075659, 41.86015684], [3.16057991, 41.86032822], [3.16029556, 41.86023207], [3.16019942, 41.86037937], [3.16043114, 41.86053433]]], [[[3.15810641, 41.86108076], [3.15812363, 41.86107497], [3.15808943, 41.86103232], [3.15810641, 41.86108076]]], [[[3.1579921, 41.86109154], [3.15802297, 41.86110033], [3.15800494, 41.86106991], [3.1579921, 41.86109154]]], [[[3.16216528, 41.86110815], [3.16212138, 41.86114127], [3.1622396, 41.86114786], [3.16216528, 41.86110815]]], [[[3.15795041, 41.86113970000001], [3.15793531, 41.86122132], [3.15800638, 41.86116538], [3.15795041, 41.86113970000001]]], [[[3.16262045, 41.861194519999984], [3.16259766, 41.86123436], [3.16266186, 41.86122607], [3.16262045, 41.861194519999984]]], [[[3.16233091, 41.8612369], [3.16235251, 41.8612964], [3.16238251, 41.86124843999998], [3.16233091, 41.8612369]]], [[[3.16364426, 41.86130745], [3.16364371, 41.86132745], [3.16367661, 41.8613292], [3.16364426, 41.86130745]]], [[[3.16377295, 41.8614058], [3.16378048, 41.86137939999998], [3.1637254, 41.8613249], [3.16377295, 41.8614058]]], [[[3.16386597, 41.86154915], [3.16389521, 41.86153226], [3.1638495, 41.86151612], [3.16386597, 41.86154915]]], [[[3.16338531, 41.86158145], [3.16342252, 41.86157158000002], [3.16341714, 41.86153898], [3.16338531, 41.86158145]]], [[[3.16392657, 41.86154771], [3.1638828, 41.86162595], [3.1639478, 41.8615575], [3.16392657, 41.86154771]]], [[[3.16416107, 41.86170147999999], [3.16417751, 41.86167318], [3.16414647, 41.86169178], [3.16416107, 41.86170147999999]]], [[[3.16501421, 41.86173755], [3.16495043, 41.86176935000001], [3.16503266, 41.86179047999999], [3.16501421, 41.86173755]]], [[[3.16546341, 41.86188903], [3.16542634, 41.86190349], [3.16555827, 41.86199364], [3.16546341, 41.86188903]]], [[[3.16568486, 41.86207236], [3.16556378, 41.86216783], [3.16569584, 41.86240317], [3.16568486, 41.86207236]]], [[[3.16539145, 41.86225103], [3.16548159, 41.86244365], [3.16557222, 41.86235975], [3.16539145, 41.86225103]]], [[[3.16576741, 41.86240577], [3.16577497, 41.8623945], [3.16572603, 41.86238313], [3.16576741, 41.86240577]]], [[[3.16571131, 41.86247025], [3.16572677, 41.86243636], [3.16569511, 41.86244766], [3.16571131, 41.86247025]]], [[[3.16582496, 41.86369232], [3.16575361, 41.86368638], [3.16579128, 41.86371659000001], [3.16582496, 41.86369232]]], [[[3.16534751, 42.11311811], [3.16535479, 42.11312927], [3.16537954, 42.11310807], [3.16534751, 42.11311811]]], [[[3.16630761, 42.11331505], [3.16629449, 42.11334037], [3.16634743, 42.1133248], [3.16630761, 42.11331505]]], [[[3.16446721, 42.11365625], [3.16443513, 42.11364711], [3.16442901, 42.11366522], [3.16446721, 42.11365625]]], [[[3.16446148, 42.11373327], [3.16447775, 42.11375675], [3.1644929, 42.11372151], [3.16446148, 42.11373327]]], [[[3.16615994, 42.11369434], [3.16624302, 42.11405708999999], [3.16641864, 42.11381799], [3.16642825, 42.11347014], [3.16615994, 42.11369434]]], [[[3.16409546, 42.11411358999999], [3.16405855, 42.11419912], [3.16417086, 42.11417383], [3.16409546, 42.11411358999999]]], [[[3.16392076, 42.11443267], [3.1638988, 42.11445252], [3.16393216, 42.11444238], [3.16392076, 42.11443267]]], [[[3.16385304, 42.1147208], [3.16386749, 42.11474041], [3.16390517, 42.11471901], [3.16385304, 42.1147208]]], [[[3.16372631, 42.11478375], [3.16368209, 42.11480417], [3.16373339, 42.1148077], [3.16372631, 42.11478375]]], [[[3.16349874, 42.11538337], [3.16351314, 42.11538317], [3.16351537, 42.11535741], [3.16349874, 42.11538337]]], [[[3.16113655, 42.11549154], [3.16112584, 42.11551056], [3.16118623, 42.11552219], [3.16113655, 42.11549154]]], [[[3.16072192, 42.11550501], [3.16070595, 42.11550512], [3.16071901, 42.11555274], [3.16072192, 42.11550501]]], [[[3.16225903, 42.11555319], [3.16221727, 42.11554028], [3.16221142, 42.11557064], [3.16225903, 42.11555319]]], [[[3.16090916, 42.11559697], [3.16093187, 42.11553659], [3.1608033, 42.11554182], [3.16090916, 42.11559697]]], [[[3.15908413, 42.11815591], [3.1592132, 42.11815213], [3.15916114, 42.11808835], [3.15908413, 42.11815591]]], [[[3.16445659, 42.36194616], [3.16451227, 42.36187511], [3.16441267, 42.36191452], [3.16445659, 42.36194616]]], [[[3.16583468, 42.36195291], [3.16597406, 42.36193893], [3.16583626, 42.36190526], [3.16583468, 42.36195291]]], [[[3.16474605, 42.36201959], [3.16461638, 42.36207571], [3.16474968, 42.36211064], [3.16474605, 42.36201959]]], [[[3.16535288, 42.36179267], [3.16535303, 42.36189516], [3.16470705, 42.36247851], [3.1655565, 42.3619643], [3.16559569, 42.36185734], [3.16535288, 42.36179267]]], [[[3.16472296, 42.36219885], [3.16470386, 42.36228083], [3.16474679, 42.36221313], [3.16472296, 42.36219885]]], [[[3.164988, 42.36255006], [3.16498985, 42.36256123], [3.16506076, 42.36255536], [3.164988, 42.36255006]]], [[[3.16549973, 42.36268136], [3.16542549, 42.36266804000001], [3.1654835, 42.36274415], [3.16549973, 42.36268136]]], [[[3.16452787, 42.36278245], [3.16440539, 42.36280406], [3.1645381, 42.36283846], [3.16452787, 42.36278245]]], [[[3.16482791, 42.36290946], [3.16498687, 42.36281313], [3.16462981, 42.36280239], [3.16482791, 42.36290946]]], [[[3.16430807, 42.36283032], [3.16428905, 42.36284872], [3.1643404, 42.36288782], [3.16430807, 42.36283032]]], [[[3.16508778, 42.36290404], [3.16504646, 42.36289239], [3.16504312, 42.36291509], [3.16508778, 42.36290404]]], [[[3.16436456, 42.36298073], [3.16438792, 42.36313596], [3.16449388, 42.36306582999999], [3.16441608, 42.36294544], [3.16436456, 42.36298073]]], [[[3.16466671, 42.36298075], [3.16465362, 42.36317809], [3.16493882, 42.3630606], [3.16466671, 42.36298075]]], [[[3.16328949, 42.36369573], [3.16334954, 42.36367115], [3.163237, 42.36354567], [3.16328949, 42.36369573]]], [[[3.16374565, 42.36370876999999], [3.16379773, 42.36370158], [3.16374269, 42.36369139], [3.16374565, 42.36370876999999]]], [[[3.16362759, 42.36370137], [3.16364421, 42.36373773], [3.16364192, 42.36369946], [3.16362759, 42.36370137]]], [[[3.16342623, 42.36383477], [3.16343007, 42.36386475], [3.16362266, 42.363858079999986], [3.16342623, 42.36383477]]], [[[3.16342453, 42.36388259], [3.16328803, 42.363883149999985], [3.1634148, 42.36392385], [3.16344693, 42.36390409], [3.16342453, 42.36388259]]], [[[3.16361726, 42.36449194], [3.16350262, 42.36449246], [3.16360433, 42.36451781], [3.16361726, 42.36449194]]], [[[3.16392805, 42.36510526], [3.16387727, 42.36510191], [3.16390514, 42.36512403], [3.16392805, 42.36510526]]], [[[3.16719281, 42.36638229], [3.16707684, 42.36634248], [3.16715301, 42.36644323], [3.16719281, 42.36638229]]], [[[3.16676257, 42.3666278], [3.16663531, 42.36663555], [3.16676593, 42.36665985], [3.16676257, 42.3666278]]], [[[3.16627666, 42.36667434000001], [3.16625921, 42.36673552], [3.16629416, 42.36668026], [3.16627666, 42.36667434000001]]], [[[3.16725004, 42.36685224], [3.16727809, 42.3667588], [3.16720615, 42.36678746], [3.16725004, 42.36685224]]], [[[3.16700463, 42.36695572], [3.16691559, 42.36695035], [3.16691946, 42.36712578], [3.16700463, 42.36695572]]], [[[3.16684836, 42.36724261], [3.16681894, 42.36727723], [3.16686513, 42.36724853], [3.16684836, 42.36724261]]], [[[3.16682352, 42.36731226], [3.16678248, 42.36731439], [3.16677888, 42.36732998], [3.16682352, 42.36731226]]], [[[3.16680262, 42.36749178], [3.1669298, 42.36740739], [3.16676299, 42.36743177000001], [3.16680262, 42.36749178]]], [[[3.167081, 42.36759026], [3.16710263, 42.36759455], [3.16708637, 42.36755342], [3.167081, 42.36759026]]], [[[3.16593904, 42.36902992], [3.1665085, 42.36920282], [3.16635405, 42.36907795], [3.16593904, 42.36902992]]], [[[3.16582083, 42.36920076], [3.16591258, 42.36921909], [3.16588769, 42.36913213], [3.16582083, 42.36920076]]], [[[3.16659441, 42.36917325], [3.16653106, 42.36919009], [3.16663766, 42.36926919], [3.16659441, 42.36917325]]], [[[3.16618285, 42.36974267], [3.16609137, 42.36954728], [3.1660307, 42.36961329], [3.16618285, 42.36974267]]], [[[3.16643068, 42.36985975], [3.16638351, 42.369748680000015], [3.16629327, 42.3698414], [3.16637067, 42.36990208], [3.16643068, 42.36985975]]], [[[3.16657333, 42.36988494], [3.16647131, 42.3699756], [3.16657396, 42.36993591], [3.16657333, 42.36988494]]], [[[3.16644346, 42.37019269], [3.16647648, 42.37009411], [3.16643353, 42.37011219], [3.16644346, 42.37019269]]], [[[3.16514762, 42.37225939000001], [3.16505239, 42.37225682], [3.16514802, 42.37236304000001], [3.16514762, 42.37225939000001]]], [[[3.16497263, 42.37236258], [3.1650034, 42.37238018], [3.1650522, 42.37232049], [3.16497263, 42.37236258]]], [[[3.16547642, 42.37235492], [3.16543751, 42.37234137], [3.16537496, 42.37238595], [3.16547642, 42.37235492]]], [[[3.16545789, 42.37265286], [3.16535668, 42.37240831], [3.16520399, 42.37249589], [3.16554327, 42.372835739999985], [3.16560565, 42.37263311000001], [3.16545789, 42.37265286]]], [[[3.15923772, 42.37359866], [3.1593934, 42.37358602], [3.15932032, 42.37345986], [3.15923772, 42.37359866]]], [[[3.15958705, 42.38310039000001], [3.15937301, 42.38324902], [3.15945391, 42.38305546], [3.15903542, 42.38363134], [3.15928234, 42.38375718000001], [3.15925514, 42.38352207], [3.15966348, 42.38320421], [3.15958705, 42.38310039000001]]], [[[3.1631228, 42.38446127], [3.16308831, 42.38446601], [3.16312419, 42.38448198999998], [3.1631228, 42.38446127]]], [[[3.16329031, 42.38473616999999], [3.16310289, 42.38465376], [3.16299863, 42.38501874], [3.1630672, 42.38508682], [3.16329031, 42.38473616999999]]], [[[3.1644752, 42.3880723], [3.16457128, 42.38806523], [3.16449583, 42.38801535000001], [3.1644752, 42.3880723]]], [[[3.16494064, 42.3881716], [3.16485319, 42.38822648], [3.16493724, 42.38826653], [3.16494064, 42.3881716]]], [[[3.1650797, 42.38820300999998], [3.16493833, 42.38831048], [3.1650534, 42.38836471], [3.1651611, 42.388200549999986], [3.1650797, 42.38820300999998]]], [[[3.16710856, 42.38866046], [3.16709397, 42.38851963], [3.16699572, 42.38862379], [3.16710856, 42.38866046]]], [[[3.16619293, 42.38987156999998], [3.16616773, 42.38985036], [3.16613669, 42.38987373], [3.16619293, 42.38987156999998]]], [[[3.16483112, 42.3904728], [3.1647854, 42.39036389], [3.16459835, 42.39024321], [3.16483112, 42.3904728]]], [[[3.16535798, 42.39040450000001], [3.1652927, 42.39034218], [3.16530553, 42.39041754], [3.16535798, 42.39040450000001]]], [[[3.16486446, 42.39058227], [3.1648193, 42.39055162], [3.16480222, 42.39056804], [3.16486446, 42.39058227]]], [[[3.16378335, 42.39144678], [3.1637835, 42.39145839], [3.16387016, 42.39147025], [3.16378335, 42.39144678]]], [[[3.16248917, 42.39153346], [3.16250401, 42.39153848], [3.1625292, 42.3915089], [3.16248917, 42.39153346]]], [[[3.16301209, 42.391772], [3.16286449, 42.39158714], [3.16264978, 42.39167264], [3.16280733, 42.39180093], [3.16301209, 42.391772]]], [[[3.15812988, 42.39659239], [3.15807103, 42.3966239], [3.15819877, 42.39668694999999], [3.15812988, 42.39659239]]], [[[3.15821358, 42.39672935], [3.15836825, 42.39673067], [3.15826346, 42.39665993], [3.15821358, 42.39672935]]], [[[3.15851586, 42.39677054], [3.1583918, 42.39676837], [3.15842476, 42.39678039], [3.15851586, 42.39677054]]], [[[3.1613276, 42.398048], [3.16131447, 42.39809232000001], [3.16140417, 42.39810391], [3.1613276, 42.398048]]], [[[3.16184226, 42.39854963], [3.16197013, 42.39851991], [3.16188965, 42.39845896], [3.16184226, 42.39854963]]], [[[3.16517615, 42.39982562], [3.16519779, 42.39978497], [3.1651335, 42.3997811], [3.16517615, 42.39982562]]], [[[3.16461928, 42.39997277], [3.16492916, 42.40016884], [3.16521104, 42.39997363], [3.16461928, 42.39997277]]], [[[3.16603361, 42.40100813], [3.16608663, 42.40102292], [3.16621459, 42.40098266], [3.16603361, 42.40100813]]], [[[3.16497492, 42.40107577], [3.16491877, 42.40102469], [3.16490291, 42.4010484], [3.16497492, 42.40107577]]], [[[3.16580489, 42.40187286], [3.16632181, 42.40164237], [3.16642544, 42.40122074], [3.16592298, 42.40108133], [3.16611082, 42.40093652], [3.165898, 42.40087198], [3.16577478, 42.40058946], [3.16536988, 42.40067478999999], [3.16522009, 42.40092141], [3.16546658, 42.40168522], [3.16520404, 42.40165768], [3.16580489, 42.40187286]]], [[[3.16433468, 42.40233663], [3.16447966, 42.40234237], [3.16439783, 42.40227908], [3.16433468, 42.40233663]]], [[[3.16418904, 42.40287279], [3.16423097, 42.402736109999985], [3.16414416, 42.40267238], [3.16415212, 42.40283484], [3.16418904, 42.40287279]]], [[[3.16375147, 42.40343755], [3.16365186, 42.40340671], [3.16372013, 42.40349091], [3.16375147, 42.40343755]]], [[[3.16344091, 42.40350148999998], [3.16352212, 42.40355946], [3.16358462, 42.40353073], [3.16344091, 42.40350148999998]]], [[[3.16361405, 42.40358392], [3.16357332, 42.40367043], [3.16364293, 42.40361549], [3.16361405, 42.40358392]]], [[[3.16350228, 42.40373655], [3.16345825, 42.40376606], [3.16352909, 42.40376425], [3.16350228, 42.40373655]]], [[[3.16336288, 42.40382284], [3.16339384, 42.40385954], [3.16339326, 42.40377633], [3.16336288, 42.40382284]]], [[[3.16344507, 42.4039779], [3.16338861, 42.40399671], [3.16346379, 42.40402786], [3.16344507, 42.4039779]]], [[[3.161412, 42.404570769999985], [3.16146244, 42.40457511], [3.16150759, 42.40450777], [3.161412, 42.404570769999985]]], [[[3.16224273, 42.40453087], [3.16227553, 42.40457729], [3.16232103, 42.4045476], [3.16224273, 42.40453087]]], [[[3.16075259, 42.40488924], [3.16084826, 42.40490028], [3.16077304, 42.40485544], [3.16075259, 42.40488924]]], [[[3.16184579, 42.41023053], [3.16176882, 42.41021659], [3.16181239, 42.41028794], [3.16184579, 42.41023053]]], [[[3.16533147, 42.4107126], [3.16531792, 42.410692809999986], [3.16529909, 42.4107412], [3.16533147, 42.4107126]]], [[[3.16539478, 42.41085021], [3.16539071, 42.41082644], [3.16536804, 42.41084899], [3.16539478, 42.41085021]]], [[[3.16471997, 42.41087055], [3.1649246, 42.41109027], [3.1655486, 42.41129831], [3.16526659, 42.41081374], [3.16480806, 42.41058619], [3.16492803, 42.41073146], [3.16471997, 42.41087055]]], [[[3.16582603, 42.41188419999999], [3.16591418, 42.41153086], [3.16564891, 42.41145064], [3.16562957, 42.41186368], [3.16582603, 42.41188419999999]]], [[[3.16541806, 42.41323479], [3.16550608, 42.41315127], [3.16531982, 42.41308011999999], [3.16541806, 42.41323479]]], [[[3.16503235, 42.41329785], [3.16509498, 42.41308071], [3.16505721, 42.41313913], [3.16503235, 42.41329785]]], [[[3.16487115, 42.41323594], [3.16486822, 42.41327647], [3.16492286, 42.41325838], [3.16487115, 42.41323594]]], [[[3.16604912, 42.41384728], [3.16601984, 42.41389748], [3.16610412, 42.41387269], [3.16604912, 42.41384728]]], [[[3.16616892, 42.41401839999999], [3.16618691, 42.41397487], [3.16603622, 42.41398023], [3.16616892, 42.41401839999999]]], [[[3.16660676, 42.41436386], [3.16655683, 42.41437222], [3.16661899, 42.41439032], [3.16660676, 42.41436386]]], [[[3.16701817, 42.41463948], [3.16721116, 42.414541749999984], [3.16709596, 42.41450139], [3.16696187, 42.41462776], [3.16701817, 42.41463948]]], [[[3.16229797, 42.42897481], [3.16223558, 42.42891717], [3.16219373, 42.42899999], [3.16229797, 42.42897481]]], [[[3.16286557, 42.42939998], [3.16282393, 42.42942229], [3.16286484, 42.42944655], [3.16286557, 42.42939998]]], [[[3.16951605, 41.86268455], [3.16947, 41.86267732], [3.16949157, 41.86272278], [3.16951605, 41.86268455]]], [[[3.16975193, 41.86280778], [3.16977083, 41.86271237], [3.16973058, 41.86270666], [3.16975193, 41.86280778]]], [[[3.16937938, 41.86276266], [3.16934188, 41.86275191], [3.16922942, 41.86287439], [3.16937938, 41.86276266]]], [[[3.16933777, 41.86288531], [3.16932122, 41.86300575], [3.16949848, 41.86296631], [3.16948116, 41.86284357], [3.16933777, 41.86288531]]], [[[3.17549036, 41.86308584], [3.1754237, 41.8630292], [3.17535871, 41.86314711], [3.17549036, 41.86308584]]], [[[3.16722815, 41.86321652], [3.16740193, 41.86327508], [3.16728628, 41.86309754], [3.16722815, 41.86321652]]], [[[3.17079818, 41.86314092], [3.1707196, 41.86322552], [3.17090652, 41.86323912], [3.17096914, 41.86313688], [3.17079818, 41.86314092]]], [[[3.16774058, 41.86325549], [3.16777441, 41.86324742999999], [3.16773018, 41.86315139], [3.16774058, 41.86325549]]], [[[3.16836648, 41.86356324], [3.16839234, 41.86340892], [3.16835623, 41.86342095], [3.16836648, 41.86356324]]], [[[3.1721128, 41.86348888], [3.1721171, 41.86351679], [3.17222434, 41.86351861], [3.1721128, 41.86348888]]], [[[3.17225961, 41.86377742], [3.17232383, 41.86381938], [3.17232771, 41.8637412], [3.17225961, 41.86377742]]], [[[3.17563627, 41.86515189], [3.17559718, 41.86513591], [3.17556864, 41.86518414], [3.17563627, 41.86515189]]], [[[3.17564162, 41.86530292], [3.17564603, 41.86532958], [3.17567596, 41.86530116], [3.17564162, 41.86530292]]], [[[3.17457055, 41.86543353], [3.17466317, 41.86559597], [3.1747, 41.86549323], [3.17458474, 41.86542577], [3.17457055, 41.86543353]]], [[[3.17458597, 41.86560996], [3.17461346, 41.86561577], [3.17460544, 41.865590290000014], [3.17458597, 41.86560996]]], [[[3.17501345, 41.86568767], [3.17505744, 41.86555619], [3.17486332, 41.86551081999998], [3.17482253, 41.86571065], [3.17501345, 41.86568767]]], [[[3.17646155, 41.86603663], [3.17654058, 41.86598750999998], [3.17638544, 41.8660099], [3.17646155, 41.86603663]]], [[[3.17869605, 41.86743842], [3.17888324, 41.86754748], [3.17940049, 41.86731303], [3.17881399, 41.86703843], [3.17848727, 41.86719268], [3.1786967, 41.86732485], [3.17869605, 41.86743842]]], [[[3.17864413, 41.86735672], [3.17857025, 41.86726389], [3.17857112, 41.86740376], [3.17864413, 41.86735672]]], [[[3.17883094, 41.86758665], [3.17883139, 41.86757431], [3.17881263, 41.86758992], [3.17883094, 41.86758665]]], [[[3.17853116, 41.86750632], [3.17845484, 41.867793759999984], [3.17881882, 41.86803845], [3.17884713, 41.86825079], [3.17917203, 41.86804871], [3.17888631, 41.8679989], [3.17911107, 41.86770708], [3.17853116, 41.86750632]]], [[[3.17870117, 41.86798081], [3.17863391, 41.86792877], [3.17860756, 41.86794034], [3.17870117, 41.86798081]]], [[[3.17839045, 41.86864717], [3.17842648, 41.86864739], [3.17838676, 41.86857485], [3.17839045, 41.86864717]]], [[[3.17851054, 41.86875894], [3.17853163, 41.86875927], [3.17853747, 41.8687353], [3.17851054, 41.86875894]]], [[[3.17777316, 41.868700189999984], [3.17773022, 41.86868449], [3.17770931, 41.86883566], [3.17777316, 41.868700189999984]]], [[[3.17784801, 41.86901225], [3.17787851, 41.86910164], [3.17786441, 41.86901619], [3.17784801, 41.86901225]]], [[[3.17754374, 41.86913981], [3.17755609, 41.86915978], [3.17758458, 41.86913605], [3.17754374, 41.86913981]]], [[[3.17754877, 41.86930291], [3.1777172, 41.86924987], [3.177656, 41.86921061000001], [3.17754877, 41.86930291]]], [[[3.17736472, 41.86959079], [3.17736601, 41.869578], [3.17731276, 41.86958365999999], [3.17736472, 41.86959079]]], [[[3.17727655, 41.86969117], [3.1772737, 41.86966406], [3.17724184, 41.86969139999999], [3.17727655, 41.86969117]]], [[[3.17715611, 41.87001939], [3.17717614, 41.86998675], [3.17713434, 41.8699915], [3.17715611, 41.87001939]]], [[[3.17749704, 41.87016171], [3.17749734, 41.87018279], [3.17752013, 41.87018815], [3.17749704, 41.87016171]]], [[[3.17740781, 41.8702693], [3.17744, 41.87036319], [3.17748197, 41.87024685], [3.1774477, 41.87018412], [3.17740781, 41.8702693]]], [[[3.17756092, 41.87055881], [3.17757183, 41.8705361], [3.1774999, 41.87049928], [3.17756092, 41.87055881]]], [[[3.17867878, 41.87066913], [3.17869873, 41.87069269], [3.17868348, 41.8706285], [3.17867878, 41.87066913]]], [[[3.17863051, 41.87081709000001], [3.17864345, 41.87079122], [3.1786135, 41.87081343], [3.17863051, 41.87081709000001]]], [[[3.17835655, 41.87079815], [3.17803669, 41.87065202], [3.17801091, 41.87096135], [3.17823637, 41.87113214], [3.1783957, 41.87105308], [3.17835655, 41.87079815]]], [[[3.17861245, 41.87086702], [3.17867718, 41.87091907], [3.17869024, 41.87089005], [3.17861245, 41.87086702]]], [[[3.17849889, 41.87124035], [3.178511, 41.87117521], [3.17845568, 41.87117305], [3.17849889, 41.87124035]]], [[[3.17832483, 41.8712209], [3.17838514, 41.87124377], [3.17834472, 41.87118132], [3.17832483, 41.8712209]]], [[[3.17870807, 41.87127758], [3.17868142, 41.87127078], [3.17871863, 41.87134809], [3.17870807, 41.87127758]]], [[[3.17860283, 41.87152544], [3.17845458, 41.87125321], [3.17854077, 41.87152301], [3.17860283, 41.87152544]]], [[[3.17877079, 41.87151527], [3.17874895, 41.87146306], [3.17869923, 41.87147908], [3.17877079, 41.87151527]]], [[[3.17877966, 41.87158668], [3.17880051, 41.87158556], [3.17878309, 41.871563250000015], [3.17877966, 41.87158668]]], [[[3.17875603, 41.87184233], [3.17891675, 41.87182956], [3.17867505, 41.871666280000014], [3.17860153, 41.8716618], [3.17875603, 41.87184233]]], [[[3.17905887, 41.87184222], [3.17905687, 41.87181934], [3.17902089, 41.87183822], [3.17905887, 41.87184222]]], [[[3.17789118, 41.87184755], [3.17786867, 41.87185632], [3.1779272, 41.87188604], [3.17789118, 41.87184755]]], [[[3.17900915, 41.87186022], [3.17896156, 41.87186444], [3.17900714, 41.87191886], [3.17900915, 41.87186022]]], [[[3.17876663, 41.87192626], [3.17871223, 41.87186383], [3.17871573, 41.87190967], [3.17876663, 41.87192626]]], [[[3.17802416, 41.87195749], [3.178069, 41.87200372], [3.17809736, 41.87197611], [3.17802416, 41.87195749]]], [[[3.17753987, 41.87222692], [3.17759081, 41.8722127], [3.17753094, 41.87222045], [3.17753987, 41.87222692]]], [[[3.17826004, 41.87219221], [3.17829972, 41.87228996], [3.17840025, 41.87221261], [3.17826004, 41.87219221]]], [[[3.17782203, 41.87228863], [3.17786575, 41.87228036], [3.17785988, 41.872249570000015], [3.17782203, 41.87228863]]], [[[3.17768031, 41.87241981], [3.17766827, 41.872424060000014], [3.17769537, 41.87246005], [3.17768031, 41.87241981]]], [[[3.17888018, 41.87855117], [3.17894931, 41.87853322], [3.1789796, 41.8784595], [3.17888018, 41.87855117]]], [[[3.17316201, 42.1031237], [3.17304302, 42.10308785], [3.17315078, 42.10313272], [3.17316201, 42.1031237]]], [[[3.17748397, 42.10367], [3.17750594, 42.10369969], [3.17757122, 42.10364465], [3.17748397, 42.10367]]], [[[3.17132413, 42.10378375], [3.17136749, 42.10380962], [3.17133293, 42.10377463999998], [3.17132413, 42.10378375]]], [[[3.17065789, 42.10470187], [3.17064352, 42.1047572], [3.17068355, 42.10470796], [3.17065789, 42.10470187]]], [[[3.16948292, 42.10557085], [3.16946306, 42.1055616], [3.16945551, 42.10558773], [3.16948292, 42.10557085]]], [[[3.17082084, 42.10814103], [3.17085074, 42.10810406], [3.17081992, 42.10811275], [3.17082084, 42.10814103]]], [[[3.17141827, 42.1081586], [3.17142776, 42.10813418], [3.17137102, 42.10812769], [3.17141827, 42.1081586]]], [[[3.17570223, 42.11155811], [3.17558695, 42.11155261], [3.1754515, 42.11160812], [3.17561699, 42.11165614], [3.17570223, 42.11155811]]], [[[3.1752928, 42.11169419], [3.17543234, 42.11150268], [3.17513917, 42.11151259], [3.17519657, 42.11171388], [3.1752928, 42.11169419]]], [[[3.17267433, 42.11295799], [3.17270593, 42.11297118], [3.17269966, 42.11293481], [3.17267433, 42.11295799]]], [[[3.17849683, 42.35335414], [3.17864992, 42.35321485], [3.17831962, 42.35298751], [3.17823663, 42.35313939000001], [3.17849683, 42.35335414]]], [[[3.17879234, 42.3532122], [3.17870178, 42.35322207], [3.17876248, 42.35330393], [3.17879234, 42.3532122]]], [[[3.17829726, 42.35362851], [3.17828979, 42.3535182], [3.17813967, 42.3535885], [3.17829726, 42.35362851]]], [[[3.17613968, 42.35448202], [3.17597159, 42.35438141], [3.17606349, 42.35450817], [3.17613968, 42.35448202]]], [[[3.17615914, 42.35449415], [3.17614274, 42.35453434], [3.17617044, 42.35449855], [3.17615914, 42.35449415]]], [[[3.17627648, 42.35455485], [3.17627206, 42.35458161], [3.17639714, 42.35462789], [3.17627648, 42.35455485]]], [[[3.17562511, 42.35470877], [3.17619322, 42.35482687], [3.17628723, 42.35466489], [3.17559808, 42.35442269], [3.17562511, 42.35470877]]], [[[3.17569274, 42.35483863], [3.17564009, 42.35481349], [3.17566467, 42.35487722], [3.17569274, 42.35483863]]], [[[3.17583, 42.35503187], [3.17602575, 42.35494853], [3.1759235, 42.35486061000001], [3.17575803, 42.35487149], [3.17583, 42.35503187]]], [[[3.17594376, 42.35507132], [3.17581564, 42.355062959999984], [3.17590347, 42.35512191], [3.17594376, 42.35507132]]], [[[3.1748002, 42.35516213999998], [3.17482585, 42.3551322], [3.17476828, 42.3551259], [3.1748002, 42.35516213999998]]], [[[3.17456333, 42.35521789], [3.17456799, 42.3552359], [3.1746293, 42.35518843], [3.17456333, 42.35521789]]], [[[3.1743408, 42.35532261], [3.17454683, 42.35531005], [3.17446035, 42.35521489], [3.1743408, 42.35532261]]], [[[3.17409934, 42.35533973], [3.17404769, 42.355370249999986], [3.17405818, 42.35538671], [3.17409934, 42.35533973]]], [[[3.17341405, 42.35544109], [3.1734317, 42.35545566], [3.17348356, 42.35541892], [3.17341405, 42.35544109]]], [[[3.17198175, 42.3563888], [3.17201531, 42.35640649], [3.17201291, 42.35637146], [3.17198175, 42.3563888]]], [[[3.17192162, 42.35646842], [3.17192839, 42.35650218], [3.17196776, 42.35646997], [3.17192162, 42.35646842]]], [[[3.17148984, 42.35656498], [3.17150965, 42.35657044], [3.17154327, 42.35652185], [3.17148984, 42.35656498]]], [[[3.17121023, 42.35725049], [3.1711934, 42.35708624], [3.17102032, 42.35716233], [3.17106803, 42.3572471], [3.17121023, 42.35725049]]], [[[3.1690573, 42.35829236], [3.16906077, 42.3583164], [3.16912202, 42.35829046], [3.1690573, 42.35829236]]], [[[3.16913983, 42.35845714], [3.1691474, 42.35842696], [3.16904329, 42.35845503], [3.16913983, 42.35845714]]], [[[3.1672275, 42.36622887], [3.16720963, 42.36626951], [3.16732579, 42.36624520999999], [3.1672275, 42.36622887]]], [[[3.16748532, 42.36704823], [3.16752994, 42.36706707], [3.16750541, 42.36702181], [3.16748532, 42.36704823]]], [[[3.16745054, 42.36712357], [3.16712748, 42.3675331], [3.16746367, 42.36753864], [3.16745054, 42.36712357]]], [[[3.16769902, 42.36753397], [3.16757572, 42.36761179], [3.16766685, 42.36762885], [3.16769902, 42.36753397]]], [[[3.16761815, 42.36772187], [3.16759229, 42.3677256], [3.16758132, 42.3678907], [3.16761815, 42.36772187]]], [[[3.1677755, 42.36875175], [3.16773295, 42.36878289], [3.16774305, 42.36879116], [3.1677755, 42.36875175]]], [[[3.16734807, 42.368871619999986], [3.16748764, 42.36888195], [3.16745297, 42.36881374], [3.16734807, 42.368871619999986]]], [[[3.16768747, 42.36885068], [3.16769181, 42.36888462999999], [3.16773259, 42.368877], [3.16768747, 42.36885068]]], [[[3.16754803, 42.36916745], [3.16747584, 42.3691472], [3.16749197, 42.36918455], [3.16754803, 42.36916745]]], [[[3.16777235, 42.38892544], [3.16760294, 42.38890488], [3.1677422, 42.38905256], [3.16777235, 42.38892544]]], [[[3.16730991, 42.38936408], [3.16724927, 42.38940298], [3.16733012, 42.38938044], [3.16730991, 42.38936408]]], [[[3.1674035, 42.389377], [3.16721571, 42.389529389999986], [3.16735926, 42.38982908], [3.16734199, 42.38954731], [3.1674035, 42.389377]]], [[[3.17016269, 42.41569081], [3.17013048, 42.4156914], [3.17018414, 42.41571239], [3.17016269, 42.41569081]]], [[[3.17109783, 42.41671908], [3.17108224, 42.41670694000001], [3.17097398, 42.41676420000001], [3.17109783, 42.41671908]]], [[[3.17060971, 42.41703132], [3.17051563, 42.41703119], [3.17059704, 42.41706565], [3.17060971, 42.41703132]]], [[[3.17042059, 42.41712364], [3.17030764, 42.41715488], [3.17042186, 42.41714408], [3.17042059, 42.41712364]]], [[[3.17045539, 42.41718303], [3.17023384, 42.41723569], [3.17023413, 42.41730071], [3.17045539, 42.41718303]]], [[[3.16988097, 42.41799154], [3.16971853, 42.41806428], [3.17004033, 42.41799806], [3.16988097, 42.41799154]]], [[[3.16934358, 42.41897246], [3.16924866, 42.41902249], [3.16930716, 42.4190343], [3.16934358, 42.41897246]]], [[[3.16978594, 42.41903682999999], [3.16974142, 42.41907022], [3.16981408, 42.41905912], [3.16978594, 42.41903682999999]]], [[[3.16970289, 42.41911467], [3.16973035, 42.41915525], [3.16975333, 42.41911298], [3.16970289, 42.41911467]]], [[[3.16962144, 42.41915307], [3.16946793, 42.41933855], [3.16960773, 42.4193451], [3.16972578, 42.419172820000014], [3.16962144, 42.41915307]]], [[[3.1688819, 42.41995363], [3.16898895, 42.41994176], [3.16888002, 42.41988969], [3.1688819, 42.41995363]]], [[[3.1690584, 42.42027479], [3.16938415, 42.4203197], [3.16918175, 42.42022003000001], [3.1690584, 42.42027479]]], [[[3.16899755, 42.422285379999984], [3.16906224, 42.4222906], [3.16908162, 42.42222059], [3.16899755, 42.422285379999984]]], [[[3.16900168, 42.42232644], [3.16902604, 42.42234667], [3.16901757, 42.42231435], [3.16900168, 42.42232644]]], [[[3.16960101, 42.42257988], [3.16964347, 42.42259315], [3.16965128, 42.4225582], [3.16960101, 42.42257988]]], [[[3.16943598, 42.42300188], [3.1694488, 42.42297718000001], [3.1694135, 42.42295832000002], [3.16943598, 42.42300188]]], [[[3.16971267, 42.42323824], [3.16967087, 42.42324307], [3.16970981, 42.42325742], [3.16971267, 42.42323824]]], [[[3.17113276, 42.424247049999984], [3.17086801, 42.42420178], [3.17087503, 42.4243257], [3.17074271, 42.42448233], [3.17113276, 42.424247049999984]]], [[[3.16978579, 42.42492576], [3.16956925, 42.42513862], [3.1698573, 42.42520971], [3.1699761, 42.4250449], [3.16978579, 42.42492576]]], [[[3.16885084, 42.430303], [3.16871702, 42.43031391], [3.1687728, 42.43035058], [3.16885084, 42.430303]]], [[[3.17037418, 42.43104716], [3.17030181, 42.43108203], [3.17037903, 42.43113442], [3.17037418, 42.43104716]]], [[[3.17072737, 42.43249219], [3.17070944, 42.43251608], [3.17075486, 42.4324971], [3.17072737, 42.43249219]]], [[[3.17141297, 42.43241966], [3.17131425, 42.4324189], [3.17123502, 42.43265291], [3.17141297, 42.43241966]]], [[[3.17129867, 42.43298973], [3.17128745, 42.43302397], [3.17133283, 42.43298904], [3.17129867, 42.43298973]]], [[[3.17333006, 42.43334286], [3.17330482, 42.43340513], [3.17335232, 42.43339002], [3.17333006, 42.43334286]]], [[[3.17492892, 42.43378605], [3.17491003, 42.43377248], [3.17487238, 42.43382926999998], [3.17492892, 42.43378605]]], [[[3.17441979, 42.43480828], [3.1745663, 42.43480914], [3.1746541, 42.43468598], [3.17441979, 42.43480828]]], [[[3.17527826, 42.43498484], [3.17521935, 42.43495971], [3.17515698, 42.43517811000001], [3.17527826, 42.43498484]]], [[[3.18807766, 41.86083527999999], [3.18804828, 41.86088018], [3.18814199, 41.86087156], [3.18807766, 41.86083527999999]]], [[[3.18813294, 41.86090697], [3.18813922, 41.86091272], [3.18817045, 41.860880070000015], [3.18813294, 41.86090697]]], [[[3.1881825, 41.8618255], [3.18815184, 41.86180808], [3.1881665, 41.8618775], [3.1881825, 41.8618255]]], [[[3.18740062, 41.86205853], [3.18742598, 41.8620783], [3.1876204, 41.86206267], [3.18763198, 41.86190269], [3.18740062, 41.86205853]]], [[[3.18636352, 41.86232628], [3.18642567, 41.86231897], [3.18635184, 41.86228955], [3.18636352, 41.86232628]]], [[[3.18727689, 41.86235199], [3.18756536, 41.86244393], [3.18715517, 41.86225888], [3.18701945, 41.86240897], [3.18727689, 41.86235199]]], [[[3.18613824, 41.86233979], [3.18612179, 41.86235882], [3.18619567, 41.862366], [3.18613824, 41.86233979]]], [[[3.18629373, 41.86252669999999], [3.1862924, 41.86256471], [3.18634684, 41.86239403], [3.1862337, 41.86243205], [3.18629373, 41.86252669999999]]], [[[3.18627614, 41.86252619], [3.18615188, 41.86247289], [3.18621803, 41.86259744], [3.18627614, 41.86252619]]], [[[3.18738255, 41.86255673], [3.18737539, 41.86253782], [3.18732126, 41.86256853], [3.18738255, 41.86255673]]], [[[3.18716912, 41.86258238], [3.18712817, 41.86258767], [3.18714317, 41.86260746], [3.18716912, 41.86258238]]], [[[3.18533383, 41.86257833], [3.18522883, 41.86276909], [3.18603326, 41.86269952], [3.18612961, 41.8625212], [3.18533383, 41.86257833]]], [[[3.18646263, 41.86268459], [3.18649548, 41.86270849000001], [3.18648333, 41.86267483], [3.18646263, 41.86268459]]], [[[3.18509397, 41.86279723], [3.1851432, 41.86265466], [3.18495406, 41.86266478], [3.18509397, 41.86279723]]], [[[3.18755548, 41.86285627999999], [3.18757993, 41.86264476], [3.18740765, 41.86265153], [3.18755548, 41.86285627999999]]], [[[3.18685125, 41.8627416], [3.18684824, 41.86278106], [3.18689985, 41.86279574], [3.18685125, 41.8627416]]], [[[3.18639653, 41.8627427], [3.18643922, 41.86283575999999], [3.18662643, 41.86282735000001], [3.18654252, 41.86272661], [3.18639653, 41.8627427]]], [[[3.18738673, 41.862957069999986], [3.18741839, 41.862699970000016], [3.1870483, 41.862799919999986], [3.18738673, 41.862957069999986]]], [[[3.180256, 41.86747742], [3.18024038, 41.86749275], [3.18035095, 41.86752104], [3.180256, 41.86747742]]], [[[3.17987772, 41.86789278], [3.17983511, 41.86786961], [3.17979374, 41.86789678], [3.17987772, 41.86789278]]], [[[3.179192, 41.87200449], [3.17933459, 41.871886729999986], [3.17910687, 41.87194356], [3.179192, 41.87200449]]], [[[3.17940671, 41.87190842], [3.17931249, 41.87200106], [3.17946812, 41.872021], [3.17940671, 41.87190842]]], [[[3.17978731, 41.8733001], [3.17982266, 41.87331581], [3.17982861, 41.87328716], [3.17978731, 41.8733001]]], [[[3.17973309, 41.87364767], [3.17974083, 41.87361569], [3.17971386, 41.8736223], [3.17973309, 41.87364767]]], [[[3.17908693, 41.87507618], [3.17909394, 41.87516722999999], [3.1791667, 41.87507263], [3.17908693, 41.87507618]]], [[[3.17948902, 41.87518237], [3.1794105, 41.87520312], [3.17949249, 41.87521722], [3.17948902, 41.87518237]]], [[[3.18131878, 41.87562011], [3.18132944, 41.87559614], [3.18126523, 41.875563], [3.18131878, 41.87562011]]], [[[3.18076581, 41.87662615], [3.18074164, 41.87664456], [3.18078044, 41.87664297], [3.18076581, 41.87662615]]], [[[3.18048685, 41.87668045], [3.18049923, 41.87666989], [3.18046257, 41.87665932], [3.18048685, 41.87668045]]], [[[3.18081449, 41.87675271], [3.18088299, 41.87672702], [3.18081295, 41.87671740999998], [3.18081449, 41.87675271]]], [[[3.18088338, 41.87677809], [3.18085837, 41.876756419999985], [3.18083527, 41.87681383000001], [3.18088338, 41.87677809]]], [[[3.18061281, 41.87702855], [3.18065966, 41.87697776], [3.1805815, 41.87695438], [3.18061281, 41.87702855]]], [[[3.17940356, 41.87720436], [3.17937588, 41.87717297], [3.17934534, 41.87720031], [3.17940356, 41.87720436]]], [[[3.17910056, 41.87732436000001], [3.17911202, 41.87728579], [3.17905977, 41.87730299], [3.17910056, 41.87732436000001]]], [[[3.17943447, 41.87748344], [3.17916698, 41.87754654], [3.17940661, 41.87756265], [3.17943447, 41.87748344]]], [[[3.17910727, 41.8777002], [3.17917719, 41.87766353], [3.17910276, 41.87763779], [3.17910727, 41.8777002]]], [[[3.1793614, 41.87776997], [3.1791857, 41.877819420000016], [3.17939311, 41.87794997], [3.17951733, 41.87784863000001], [3.1793614, 41.87776997]]], [[[3.17908212, 41.8786184], [3.17911302, 41.87863412], [3.17923618, 41.8785897], [3.17908212, 41.8786184]]], [[[3.17934566, 41.87942672], [3.17943666, 41.87938675999999], [3.17937333, 41.87932219], [3.17934566, 41.87942672]]], [[[3.17935534, 41.87944012], [3.17943866, 41.87945340999999], [3.1793681, 41.87943263], [3.17935534, 41.87944012]]], [[[3.17988581, 41.88019253], [3.17987415, 41.88028776], [3.17990223, 41.88020143], [3.17988581, 41.88019253]]], [[[3.18035605, 41.880478130000014], [3.18033713, 41.88052454000001], [3.18037806, 41.88054933], [3.18035605, 41.880478130000014]]], [[[3.18113455, 41.88066676], [3.18111033, 41.88067005], [3.18113014, 41.88068641], [3.18113455, 41.88066676]]], [[[3.18126488, 41.88093839], [3.18130529, 41.88090986], [3.18120823, 41.88089614], [3.18126488, 41.88093839]]], [[[3.18183284, 41.88108646], [3.18179656, 41.88104455], [3.18176766, 41.88113628], [3.18183284, 41.88108646]]], [[[3.18326771, 41.88110084], [3.18310199, 41.88110318], [3.18325487, 41.88116418], [3.18326945, 41.88116317], [3.18326771, 41.88110084]]], [[[3.18291677, 41.88119534], [3.18301767, 41.88137055], [3.18321085, 41.88128116], [3.18291677, 41.88119534]]], [[[3.18323739, 41.88141613], [3.18344766, 41.88156927], [3.1833318, 41.88113632], [3.18336853, 41.88141808], [3.18323739, 41.88141613]]], [[[3.18305878, 41.881882699999984], [3.18309864, 41.88187183], [3.18307621, 41.88186592000001], [3.18305878, 41.881882699999984]]], [[[3.18289365, 41.88196321], [3.18293284, 41.88196946], [3.18301678, 41.88190375], [3.18289365, 41.88196321]]], [[[3.18324743, 41.88202074], [3.18318642, 41.88201175], [3.1831871, 41.88203939999999], [3.18324743, 41.88202074]]], [[[3.18294144, 41.88202844], [3.1830198, 41.88199175], [3.18275019, 41.8820355], [3.18301125, 41.88212236], [3.18294144, 41.88202844]]], [[[3.18299922, 41.88204366], [3.18307854, 41.88209109], [3.18306295, 41.88203356], [3.18299922, 41.88204366]]], [[[3.18305836, 41.88211634], [3.18317412, 41.88213651], [3.18308824, 41.88211161], [3.18305836, 41.88211634]]], [[[3.1830151, 41.882413], [3.18300379, 41.88242220999999], [3.18307443, 41.88242507], [3.1830151, 41.882413]]], [[[3.18303786, 41.88287232], [3.18287259, 41.88294634999998], [3.18299608, 41.88292904], [3.18303786, 41.88287232]]], [[[3.18289286, 41.88337531], [3.18296534, 41.88339042], [3.1829457, 41.88335028], [3.18289286, 41.88337531]]], [[[3.18286081, 41.88338167], [3.18285954, 41.8833587], [3.18281634, 41.88338201], [3.18286081, 41.88338167]]], [[[3.18299132, 41.88349801], [3.18294268, 41.88347503], [3.18296723, 41.88350606], [3.18299132, 41.88349801]]], [[[3.18302928, 41.88366556], [3.18297807, 41.88362827], [3.18299627, 41.88366966999999], [3.18302928, 41.88366556]]], [[[3.18227127, 41.88497871], [3.18224764, 41.88497604], [3.18223539, 41.88503478], [3.18227127, 41.88497871]]], [[[3.18204651, 41.88562305], [3.18207537, 41.88564255], [3.18209158, 41.8856228], [3.18204651, 41.88562305]]], [[[3.18250037, 41.88572834], [3.18254854, 41.88571412], [3.1825023, 41.88564448], [3.18250037, 41.88572834]]], [[[3.18224848, 41.88641596], [3.18226407, 41.88638973], [3.18218066, 41.88638644], [3.18224848, 41.88641596]]], [[[3.18272843, 41.88658174], [3.18265243, 41.88664401], [3.18269476, 41.88665006], [3.18272843, 41.88658174]]], [[[3.18255218, 41.88678224], [3.18258148, 41.886786249999986], [3.18259505, 41.88672705], [3.18255218, 41.88678224]]], [[[3.18266603, 41.88693292], [3.18269736, 41.88692855], [3.18268046, 41.8868794], [3.18266603, 41.88693292]]], [[[3.18351712, 41.88726769999999], [3.18360091, 41.88736025], [3.18362082, 41.88732428], [3.18351712, 41.88726769999999]]], [[[3.18655196, 41.88748141], [3.18654158, 41.88747863], [3.18651312, 41.88755605], [3.18655196, 41.88748141]]], [[[3.18647027, 41.88761889], [3.18651436, 41.88761009], [3.18656595, 41.88752534], [3.18647027, 41.88761889]]], [[[3.18372808, 41.88765484], [3.1836695, 41.8876126], [3.1836439, 41.8876393], [3.18372808, 41.88765484]]], [[[3.186596, 41.88762049], [3.1865525, 41.887666230000015], [3.18662917, 41.88767205], [3.186596, 41.88762049]]], [[[3.18988947, 41.88773272000001], [3.18986933, 41.88780886], [3.1899915, 41.887792], [3.18988947, 41.88773272000001]]], [[[3.18599099, 41.88794059], [3.1859944, 41.88790833999999], [3.18596404, 41.88791316], [3.18599099, 41.88794059]]], [[[3.18931184, 41.887926149999984], [3.18930017, 41.8879359], [3.1893262, 41.88793297], [3.18931184, 41.887926149999984]]], [[[3.18861271, 41.88853409], [3.18864534, 41.88860393], [3.1887037, 41.88857087], [3.18861271, 41.88853409]]], [[[3.18815404, 42.0953436], [3.18819597, 42.09541612], [3.18833374, 42.09538725999999], [3.18824375, 42.09529644], [3.18815404, 42.0953436]]], [[[3.184415, 42.09982789], [3.18442002, 42.09984913], [3.18449941, 42.09982649], [3.184415, 42.09982789]]], [[[3.18701067, 42.09995491], [3.18704511, 42.09982246], [3.18692061, 42.0998441], [3.18687644, 42.09995801], [3.18701067, 42.09995491]]], [[[3.18445703, 42.1000583], [3.1845079, 42.10012612], [3.18454757, 42.10008778], [3.18445703, 42.1000583]]], [[[3.18429653, 42.1003854], [3.18425232, 42.10036494], [3.18424195, 42.10041485], [3.18429653, 42.1003854]]], [[[3.18492338, 42.10073024], [3.18478449, 42.10079612], [3.18498526, 42.10080048], [3.18492338, 42.10073024]]], [[[3.18448267, 42.10135249], [3.18443065, 42.10138806], [3.18444152, 42.10146802], [3.18448267, 42.10135249]]], [[[3.18499776, 42.10156484], [3.18497486, 42.10138331000002], [3.18446616, 42.10149743], [3.18416108, 42.10189241], [3.18460138, 42.10191962], [3.18499776, 42.10156484]]], [[[3.18372089, 42.1035377], [3.1837512, 42.10351937], [3.18368726, 42.10349074], [3.18372089, 42.1035377]]], [[[3.18229406, 42.10381179], [3.18219103, 42.10381754], [3.18225458, 42.10387661], [3.18229406, 42.10381179]]], [[[3.18083791, 42.24683417], [3.18082612, 42.24682239], [3.18082021, 42.24687617], [3.18083791, 42.24683417]]], [[[3.18081637, 42.24692976], [3.18080614, 42.24695535], [3.18085275, 42.24693672999999], [3.18081637, 42.24692976]]], [[[3.18077662, 42.247104], [3.18078976, 42.24712173], [3.18081596, 42.24708476], [3.18077662, 42.247104]]], [[[3.18971411, 42.34181190999998], [3.18990033, 42.34164949], [3.18974993, 42.34169252], [3.18971411, 42.34181190999998]]], [[[3.18834418, 42.34256348], [3.18829467, 42.34261102], [3.18834181, 42.34258409999999], [3.18834418, 42.34256348]]], [[[3.18835294, 42.3426093], [3.18837287, 42.34261575], [3.1884059, 42.34257796], [3.18835294, 42.3426093]]], [[[3.18560008, 42.34393922000001], [3.18561695, 42.34393541], [3.18556115, 42.34386913], [3.18560008, 42.34393922000001]]], [[[3.18569387, 42.34453654], [3.18566667, 42.34457639], [3.18571114, 42.34454777], [3.18569387, 42.34453654]]], [[[3.18586035, 42.34463191], [3.18607683, 42.34459707], [3.1859405, 42.34451677], [3.1858342, 42.34457351], [3.18586035, 42.34463191]]], [[[3.18618782, 42.34456384], [3.18615132, 42.34457875], [3.18624455, 42.34461553], [3.18618782, 42.34456384]]], [[[3.18540537, 42.34489437], [3.18541947, 42.34490227], [3.18545875, 42.34488059], [3.18540537, 42.34489437]]], [[[3.18553003, 42.34583828], [3.18558919, 42.34588871], [3.18572919, 42.34581337], [3.18553003, 42.34583828]]], [[[3.18578924, 42.34592188], [3.18570634, 42.34593039], [3.18579033, 42.34596124], [3.18578924, 42.34592188]]], [[[3.18588758, 42.34600368], [3.18587657, 42.346016849999984], [3.18595929, 42.34603103], [3.18588758, 42.34600368]]], [[[3.18590515, 42.34611506000001], [3.18592181, 42.34612422], [3.18597019, 42.34610496000001], [3.18590515, 42.34611506000001]]], [[[3.18567957, 42.34615622], [3.18587032, 42.34616069], [3.18572578, 42.34614111], [3.18567957, 42.34615622]]], [[[3.18562088, 42.34617829], [3.18553327, 42.34619672], [3.18557251, 42.34620358999999], [3.18562088, 42.34617829]]], [[[3.18538919, 42.34620722], [3.1854298, 42.34622543], [3.18548143, 42.34619545], [3.18538919, 42.34620722]]], [[[3.18642745, 42.34698086999999], [3.18637288, 42.347004280000014], [3.18644144, 42.34699201], [3.18642745, 42.34698086999999]]], [[[3.18646473, 42.34702476], [3.18639968, 42.34707575], [3.18652423, 42.34706969], [3.18646473, 42.34702476]]], [[[3.18660847, 42.34714367], [3.18619378, 42.34724125], [3.18656058, 42.34720905], [3.18660847, 42.34714367]]], [[[3.18641492, 42.34861712], [3.18635846, 42.34861595], [3.18630952, 42.34869483], [3.18641492, 42.34861712]]], [[[3.18642747, 42.34916431], [3.18636588, 42.34919449], [3.18643491, 42.34921843], [3.18642747, 42.34916431]]], [[[3.18705123, 42.34918554], [3.18691837, 42.34917449999998], [3.18700599, 42.34924127], [3.18707216, 42.3492028], [3.18705123, 42.34918554]]], [[[3.18725773, 42.34922015], [3.18714756, 42.34920177], [3.18723649, 42.34926305], [3.18725773, 42.34922015]]], [[[3.1871123, 42.34930819], [3.18711443, 42.349331159999984], [3.18720252, 42.34931219000001], [3.1871123, 42.34930819]]], [[[3.18842565, 42.34972095], [3.18829737, 42.34977989], [3.18834499, 42.34983042000001], [3.18842565, 42.34972095]]], [[[3.18487412, 42.35070327], [3.18478031, 42.35063416], [3.18477748, 42.35074665], [3.18487412, 42.35070327]]], [[[3.18258105, 42.35120345], [3.18253394, 42.35120334], [3.18257302, 42.35124048], [3.18258105, 42.35120345]]], [[[3.18394859, 42.35137615999999], [3.18387532, 42.35135782], [3.18384121, 42.35140173], [3.18394859, 42.35137615999999]]], [[[3.1853971, 42.3518716], [3.18539875, 42.35189609], [3.18546697, 42.35189291999998], [3.1853971, 42.3518716]]], [[[3.18300643, 42.3526886], [3.1829397, 42.35266448], [3.18295736, 42.35272515], [3.18300643, 42.3526886]]], [[[3.18303397, 42.35293289], [3.18316664, 42.35295799], [3.18332439, 42.35292585], [3.18312761, 42.352857], [3.18303397, 42.35293289]]], [[[3.18317472, 42.35360975], [3.1833867, 42.35343271], [3.18312749, 42.35340061], [3.1833067, 42.3533561], [3.18321665, 42.35307885999999], [3.18283958, 42.35306001], [3.1828724, 42.35273456], [3.18247707, 42.35286533], [3.18256122, 42.35349923], [3.18289945, 42.35368953], [3.1830456, 42.35350881], [3.18317472, 42.35360975]]], [[[3.17919422, 42.35337818], [3.1792218, 42.35342488], [3.17930817, 42.35331019], [3.17919422, 42.35337818]]], [[[3.18255587, 42.35353679], [3.18242004, 42.35351116], [3.1824315, 42.353526], [3.18255587, 42.35353679]]], [[[3.18252335, 42.35371156], [3.18248928, 42.35373125], [3.18256897, 42.35374355], [3.18252335, 42.35371156]]], [[[3.18268167, 42.35366592], [3.1826796, 42.3537042], [3.18282606, 42.35379637], [3.18268167, 42.35366592]]], [[[3.18271911, 42.35393064], [3.18276342, 42.35388734], [3.18251464, 42.35380902], [3.18271911, 42.35393064]]], [[[3.18285535, 42.35389152], [3.18287228, 42.3539104], [3.18289281, 42.35387038], [3.18285535, 42.35389152]]], [[[3.19056384, 41.88759884], [3.19063263, 41.88750839], [3.19044818, 41.88745709], [3.19060981, 41.88769667], [3.19056384, 41.88759884]]], [[[3.19009098, 41.88784605999999], [3.18992221, 41.88751326], [3.18990298, 41.88753113], [3.19009098, 41.88784605999999]]], [[[3.1905021, 41.88775314], [3.19039298, 41.88770019], [3.19049042, 41.88779937000001], [3.1905021, 41.88775314]]], [[[3.1907946, 41.88778103], [3.19075743, 41.88776704], [3.19077646, 41.88784123], [3.1907946, 41.88778103]]], [[[3.19053254, 41.88789666], [3.19052443, 41.88788758], [3.19033067, 41.88786502], [3.19040148, 41.8879665], [3.19053254, 41.88789666]]], [[[3.19181206, 41.88972229], [3.19184001, 41.88967694], [3.19180539, 41.88966709000001], [3.19181206, 41.88972229]]], [[[3.1917004, 41.88970653], [3.19171707, 41.88980072], [3.19177694, 41.88974874], [3.1917004, 41.88970653]]], [[[3.19272485, 41.88990405], [3.19273589, 41.88988764], [3.19270818, 41.88989111], [3.19272485, 41.88990405]]], [[[3.19336419, 41.8899835], [3.1933186, 41.88993359], [3.19332677, 41.88996537], [3.19336419, 41.8899835]]], [[[3.19327494, 41.89028745], [3.19342887, 41.8901683], [3.1931979, 41.89020084], [3.19327494, 41.89028745]]], [[[3.19368207, 41.890426459999986], [3.19355314, 41.89024465], [3.19344254, 41.89034319], [3.19368207, 41.890426459999986]]], [[[3.20083201, 41.8910678], [3.20074865, 41.89124034], [3.20059798, 41.89120187], [3.20066752, 41.89131308], [3.20091055, 41.89124303], [3.20083201, 41.8910678]]], [[[3.19944792, 41.89156289000001], [3.19932124, 41.89160445000001], [3.1992927, 41.89169205], [3.19944792, 41.89156289000001]]], [[[3.19298303, 41.89174011], [3.19311313, 41.89171224], [3.19298634, 41.891680929999985], [3.19293209, 41.89171822], [3.19298303, 41.89174011]]], [[[3.19303546, 41.89182027], [3.19302247, 41.89178823], [3.19296538, 41.8918031], [3.19303546, 41.89182027]]], [[[3.19333043, 41.89205845999999], [3.19330075, 41.89208949], [3.19340416, 41.89208608], [3.19333043, 41.89205845999999]]], [[[3.19300555, 41.89205522], [3.19295446, 41.89205954], [3.19298819, 41.89213316], [3.19300555, 41.89205522]]], [[[3.19826576, 41.89210832], [3.19821708, 41.89215308], [3.19832573, 41.89216712], [3.19826576, 41.89210832]]], [[[3.19775277, 41.89208191], [3.19771851, 41.89223121], [3.19786928, 41.89214269], [3.19775277, 41.89208191]]], [[[3.19287507, 41.8921175], [3.19285151, 41.89214024], [3.19297265, 41.89221758], [3.19287507, 41.8921175]]], [[[3.1931416, 41.89211948], [3.19302969, 41.8922246], [3.1932003, 41.89219756], [3.19321761, 41.89214295], [3.1931416, 41.89211948]]], [[[3.19817901, 41.89223916], [3.19821373, 41.89223901], [3.1981987, 41.89217516999999], [3.19817901, 41.89223916]]], [[[3.19303882, 41.89229421], [3.19304323, 41.89231726], [3.19309539, 41.89230752999999], [3.19303882, 41.89229421]]], [[[3.19340203, 41.89241627], [3.19339686, 41.89230314999998], [3.19320999, 41.89237408], [3.19340203, 41.89241627]]], [[[3.20441465, 41.89545691], [3.20437328, 41.89537448], [3.20432344, 41.89539843], [3.20441465, 41.89545691]]], [[[3.20458363, 41.89541157], [3.20454097, 41.89545245], [3.2046384, 41.89553595], [3.20458363, 41.89541157]]], [[[3.20446958, 41.8957471], [3.20442266, 41.89581482], [3.20449683, 41.89578794], [3.20446958, 41.8957471]]], [[[3.20409208, 41.8958436], [3.20407524, 41.89581697], [3.20404957, 41.89585935], [3.20409208, 41.8958436]]], [[[3.20424766, 41.89616829], [3.20416994, 41.89610259], [3.204165, 41.89621834], [3.20424766, 41.89616829]]], [[[3.20472245, 41.8964898], [3.20474974, 41.89653947], [3.20476837, 41.89648422], [3.20472245, 41.8964898]]], [[[3.20460938, 41.89701942], [3.2045633, 41.89693475], [3.20453946, 41.89701901], [3.20460938, 41.89701942]]], [[[3.20455272, 41.89713471999998], [3.20462349, 41.89717296], [3.20456365, 41.89712191], [3.20455272, 41.89713471999998]]], [[[3.20548877, 41.8996764], [3.2055724, 41.89951313], [3.20531083, 41.89956539], [3.20548877, 41.8996764]]], [[[3.20626898, 41.89970112], [3.20613056, 41.89980647], [3.20628639, 41.89982736], [3.20653399, 41.89963318], [3.20626898, 41.89970112]]], [[[3.2061954, 41.89998686], [3.20600382, 41.90009807], [3.20617536, 41.90001625], [3.2061954, 41.89998686]]], [[[3.20793224, 41.9003068], [3.20791483, 41.90029278], [3.20788247, 41.90031499], [3.20793224, 41.9003068]]], [[[3.20754906, 41.90040693000001], [3.20755417, 41.90038431], [3.20751204, 41.90040303], [3.20754906, 41.90040693000001]]], [[[3.20993712, 41.90302582], [3.20940214, 41.90294186], [3.2094649, 41.90299957], [3.20993712, 41.90302582]]], [[[3.20967465, 41.90354149], [3.20962077, 41.903472509999986], [3.209672, 41.90354258], [3.20967465, 41.90354149]]], [[[3.21023737, 41.90462038], [3.21022522, 41.90451835], [3.21010399, 41.90464566], [3.21011387, 41.90486568], [3.21023737, 41.90462038]]], [[[3.20982629, 41.90519036], [3.20974132, 41.90519925], [3.20974995, 41.90521824000001], [3.20982629, 41.90519036]]], [[[3.20928887, 41.90543425], [3.2096766, 41.9052426], [3.20957675, 41.9051638], [3.20912108, 41.90540772], [3.20928887, 41.90543425]]], [[[3.20898053, 41.90589921], [3.20914568, 41.90581694], [3.20897478, 41.90561406], [3.20876149, 41.90580044], [3.20898053, 41.90589921]]], [[[3.2087757, 41.90671902], [3.20882177, 41.90668624], [3.20876267, 41.90668049], [3.2087757, 41.90671902]]], [[[3.20886917, 41.90672885], [3.20887557, 41.90676684], [3.20892869, 41.90675144], [3.20886917, 41.90672885]]], [[[3.2083887, 41.90702523], [3.20864699, 41.90696037], [3.20851667, 41.90685549], [3.2083887, 41.90702523]]], [[[3.20804651, 41.90720896], [3.20800624, 41.90717418], [3.20796307, 41.90720848], [3.20804651, 41.90720896]]], [[[3.2072575, 41.90818267], [3.20738737, 41.90811408], [3.20725262, 41.90812792], [3.2072575, 41.90818267]]], [[[3.20797237, 41.90821624], [3.20811326, 41.90812267], [3.2077914, 41.908181619999986], [3.20774286, 41.90819891], [3.20797237, 41.90821624]]], [[[3.20890002, 41.90812755000001], [3.20817845, 41.90822253], [3.20824738, 41.90824762], [3.20890002, 41.90812755000001]]], [[[3.21170468, 41.908818459999985], [3.21168244, 41.9088393], [3.21176095, 41.90887924], [3.21170468, 41.908818459999985]]], [[[3.21193552, 41.90901762], [3.2118576, 41.90893689], [3.21187567, 41.90900683], [3.21193552, 41.90901762]]], [[[3.2118513, 41.9104613], [3.21184702, 41.91044257], [3.21178845, 41.91045051999998], [3.2118513, 41.9104613]]], [[[3.20828651, 41.91275519], [3.20833715, 41.91275473], [3.20835501, 41.91268436], [3.20828651, 41.91275519]]], [[[3.20840762, 41.91284439999998], [3.20844096, 41.91286092], [3.20845512, 41.912804059999985], [3.20840762, 41.91284439999998]]], [[[3.21049308, 41.91691059], [3.21028558, 41.91684945], [3.21029291, 41.91698697], [3.21049308, 41.91691059]]], [[[3.21125881, 41.91694179], [3.21110627, 41.91690901], [3.21122779, 41.91697085], [3.21125881, 41.91694179]]], [[[3.21460513, 41.93668114], [3.21462305, 41.93665331], [3.21459736, 41.9366548], [3.21460513, 41.93668114]]], [[[3.21264095, 41.97636909], [3.21267502, 41.97641541], [3.21269235, 41.97632901], [3.21264095, 41.97636909]]], [[[3.21145329, 41.97649604], [3.21144107, 41.9764513], [3.21136719, 41.976520870000016], [3.21145329, 41.97649604]]], [[[3.20990769, 42.05309688], [3.20988689, 42.0530935], [3.2098995, 42.05310626], [3.20990769, 42.05309688]]], [[[3.20988761, 42.05313051], [3.2099525, 42.05312597999998], [3.20989714, 42.05312392], [3.20988761, 42.05313051]]], [[[3.210455, 42.0532054], [3.21047964, 42.05320265], [3.21048759, 42.05315688], [3.210455, 42.0532054]]], [[[3.2106104, 42.05327636], [3.21067547, 42.05329182], [3.21064375, 42.05323775], [3.2106104, 42.05327636]]], [[[3.21085088, 42.05341777], [3.21083548, 42.0534023], [3.21083303, 42.05343077], [3.21085088, 42.05341777]]], [[[3.21226111, 42.05405058], [3.21228307, 42.05396912], [3.21207658, 42.05398184], [3.21226111, 42.05405058]]], [[[3.21153311, 42.05441345], [3.21153011, 42.054384], [3.21150609, 42.05439468], [3.21153311, 42.05441345]]], [[[3.21156766, 42.05459217], [3.21163841, 42.05453584], [3.21153238, 42.05448731], [3.21156766, 42.05459217]]], [[[3.21145623, 42.05459156], [3.21148832, 42.05461024], [3.21152372, 42.05457269999999], [3.21145623, 42.05459156]]], [[[3.21296254, 42.05872342], [3.21320784, 42.05871036], [3.21298403, 42.05860702], [3.21296254, 42.05872342]]], [[[3.21288742, 42.06004122], [3.21288024, 42.06002854], [3.21286253, 42.06004478], [3.21288742, 42.06004122]]], [[[3.20992218, 42.06201282], [3.20988123, 42.0619829], [3.20990529, 42.06202096], [3.20992218, 42.06201282]]], [[[3.20980743, 42.06203338], [3.20981424, 42.06204670000001], [3.20981778, 42.06201957999998], [3.20980743, 42.06203338]]], [[[3.20998582, 42.06206692], [3.20996413, 42.0620521], [3.20997568, 42.06207361], [3.20998582, 42.06206692]]], [[[3.20987756, 42.06222492], [3.20991627, 42.06219809], [3.20986024, 42.06217829], [3.20987756, 42.06222492]]], [[[3.21019091, 42.06297918], [3.21061146, 42.06292382999999], [3.2104291, 42.06274853999999], [3.21010091, 42.06288172], [3.21019091, 42.06297918]]], [[[3.21097973, 42.06342995], [3.21097728, 42.0634586], [3.21103491, 42.06344931], [3.21097973, 42.06342995]]], [[[3.2095656, 42.06442984], [3.2095874, 42.06440395], [3.20953462, 42.06441756000002], [3.2095656, 42.06442984]]], [[[3.20917216, 42.06582423], [3.20915334, 42.06579913999999], [3.20914698, 42.06581338], [3.20917216, 42.06582423]]], [[[3.21209972, 42.06776266], [3.2120417, 42.06780032], [3.21214606, 42.06785029000001], [3.21209972, 42.06776266]]], [[[3.20499731, 42.07343429], [3.20488565, 42.07363416], [3.20505357, 42.07404897], [3.20478517, 42.07437927], [3.20567231, 42.07417189], [3.20568048, 42.07385907], [3.2060516, 42.0733336], [3.20499731, 42.07343429]]], [[[3.19974954, 42.07694745], [3.19971952, 42.07693633], [3.19971734, 42.07697497], [3.19974954, 42.07694745]]], [[[3.19978687, 42.07732512], [3.19976146, 42.07731841], [3.19976285, 42.07733966], [3.19978687, 42.07732512]]], [[[3.19849, 42.07832196], [3.19846481, 42.07830723], [3.19847938, 42.07832576], [3.19849, 42.07832196]]], [[[3.19857467, 42.0783337], [3.19853836, 42.07832061], [3.19855138, 42.07834977], [3.19857467, 42.0783337]]], [[[3.19650093, 42.08467724], [3.19681026, 42.08465266000001], [3.19661208, 42.08449097], [3.19640802, 42.0845033], [3.19650093, 42.08467724]]], [[[3.19765837, 42.08498427], [3.19767246, 42.08446195], [3.19802468, 42.08454376], [3.19802645, 42.08441514], [3.19743834, 42.08429159], [3.1973034, 42.08487383], [3.19765837, 42.08498427]]], [[[3.19513169, 42.08689923], [3.19527828, 42.086913670000015], [3.19521538, 42.08682569], [3.19511935, 42.08681838], [3.19513169, 42.08689923]]], [[[3.19511134, 42.08708381], [3.19521041, 42.08697844999998], [3.1950866, 42.08694038], [3.19511134, 42.08708381]]], [[[3.19379609, 42.08824545], [3.1938513, 42.08826914], [3.19385226, 42.08822996], [3.19379609, 42.08824545]]], [[[3.21319783, 42.23603517], [3.21321054, 42.23603119], [3.21320697, 42.23601363], [3.21319783, 42.23603517]]], [[[3.21310869, 42.23608965], [3.21310707, 42.23607749], [3.21305888, 42.23608983], [3.21310869, 42.23608965]]], [[[3.21208092, 42.23724129], [3.21210296, 42.23723585000001], [3.21208306, 42.23722724], [3.21208092, 42.23724129]]], [[[3.20997119, 42.23745069999998], [3.21000299, 42.23746559], [3.20999404, 42.237434079999986], [3.20997119, 42.23745069999998]]], [[[3.2100188, 42.23751852], [3.21001815, 42.23750501], [3.2099863, 42.23751119], [3.2100188, 42.23751852]]], [[[3.20719383, 42.23790417], [3.20720573, 42.237949], [3.20738345, 42.237962459999984], [3.20719383, 42.23790417]]], [[[3.20265949, 42.24009702], [3.20307684, 42.24022371999999], [3.2034697, 42.23993329000001], [3.20330882, 42.23988116000001], [3.20265949, 42.24009702]]], [[[3.2035257, 42.24004856], [3.20350904, 42.24006895], [3.20354953, 42.24007139], [3.2035257, 42.24004856]]], [[[3.19333617, 42.24034962000001], [3.19332482, 42.24040286000001], [3.19342064, 42.24038469], [3.19333617, 42.24034962000001]]], [[[3.19353826, 42.2404415], [3.19349419, 42.24041861], [3.19344983, 42.24049893], [3.19353826, 42.2404415]]], [[[3.19352427, 42.24050565], [3.19361149, 42.24052937], [3.19369522, 42.24044196], [3.19352427, 42.24050565]]], [[[3.20345088, 42.2402643], [3.20322418, 42.2402484], [3.20329746, 42.24079892], [3.20362233, 42.24081104], [3.20341591, 42.24058346], [3.20350843, 42.24044325], [3.20331137, 42.24044918], [3.20345088, 42.2402643]]], [[[3.19250587, 42.24085194], [3.19262063, 42.24072323], [3.19238818, 42.2407329], [3.19250587, 42.24085194]]], [[[3.19237595, 42.24089584], [3.19243552, 42.24087503], [3.19235525, 42.24082283], [3.19237595, 42.24089584]]], [[[3.19269584, 42.24078489], [3.19265342, 42.24078622], [3.19256565, 42.24094064], [3.19269584, 42.24078489]]], [[[3.19251664, 42.24096522], [3.19247418, 42.24099421], [3.1925293, 42.24098195], [3.19251664, 42.24096522]]], [[[3.19236768, 42.24108607], [3.19234214, 42.2410563], [3.19230721, 42.24108977], [3.19236768, 42.24108607]]], [[[3.20176708, 42.24185211], [3.20165452, 42.241863479999985], [3.20176787, 42.24194776], [3.20176708, 42.24185211]]], [[[3.19747018, 42.24197298], [3.19783573, 42.24193155], [3.19751133, 42.2419159], [3.19747018, 42.24197298]]], [[[3.19780598, 42.2420694], [3.19775165, 42.24221395], [3.1980542, 42.24202565], [3.19780598, 42.2420694]]], [[[3.19774826, 42.24252513], [3.1979073, 42.24245334], [3.1980043, 42.24234897], [3.19759455, 42.24248207], [3.19774826, 42.24252513]]], [[[3.19815219, 42.24305085], [3.19858538, 42.242891859999986], [3.19827498, 42.24247018], [3.19775129, 42.24268228], [3.19815219, 42.24305085]]], [[[3.19765087, 42.24285592], [3.19758986, 42.24288142], [3.19763813, 42.242891149999984], [3.19765087, 42.24285592]]], [[[3.19605666, 42.33581135], [3.19598003, 42.33579987], [3.19598571, 42.33583156], [3.19605666, 42.33581135]]], [[[3.19574905, 42.33580890999998], [3.19573019, 42.33583217], [3.19578697, 42.3358228], [3.19574905, 42.33580890999998]]], [[[3.19194636, 42.33868694], [3.19199658, 42.33875422], [3.19206398, 42.33868467], [3.19194636, 42.33868694]]], [[[3.19036957, 42.33948616], [3.19042081, 42.33949049], [3.19040869, 42.33933389], [3.19036957, 42.33948616]]], [[[3.19022947, 42.34020814], [3.1901177, 42.34030064], [3.19022917, 42.34022993999998], [3.19022947, 42.34020814]]], [[[3.19030904, 42.340265469999984], [3.19021025, 42.34031661], [3.19031802, 42.34030427], [3.19030904, 42.340265469999984]]], [[[3.19019326, 42.3403569], [3.19013513, 42.34036276], [3.19017357, 42.3403907], [3.19019326, 42.3403569]]], [[[3.19017522, 42.34138074], [3.19015441, 42.34144337], [3.19023648, 42.34144666], [3.19017522, 42.34138074]]], [[[3.21125473, 42.34592733], [3.21096592, 42.34611501], [3.21146276, 42.34598026], [3.21125473, 42.34592733]]], [[[3.20747245, 42.34604852], [3.2073021, 42.34600731], [3.20741541, 42.34605313], [3.20747245, 42.34604852]]], [[[3.2114038, 42.34639438], [3.21128787, 42.34639892], [3.21137825, 42.34641316], [3.2114038, 42.34639438]]], [[[3.20446903, 42.34741762], [3.204819, 42.34755155], [3.2051786, 42.34743356], [3.20446903, 42.34741762]]], [[[3.21543919, 42.34747139], [3.21530648, 42.34750406], [3.21546009, 42.34754619], [3.21559186, 42.34752433], [3.21543919, 42.34747139]]], [[[3.21984841, 41.91903397], [3.21980363, 41.91905793], [3.21988972, 41.91915918], [3.21984841, 41.91903397]]], [[[3.21685066, 41.91938373], [3.21681981, 41.91939208], [3.21686562, 41.91945828], [3.21685066, 41.91938373]]], [[[3.21676357, 41.92116004], [3.21661651, 41.92118013], [3.21677522, 41.92132502], [3.21685138, 41.92130794], [3.21676357, 41.92116004]]], [[[3.21618703, 41.92131649], [3.21633503, 41.92121678], [3.21625903, 41.92120845], [3.21618703, 41.92131649]]], [[[3.21896615, 41.9212924], [3.21906068, 41.92128682], [3.2189815, 41.92126643], [3.21896615, 41.9212924]]], [[[3.21767156, 41.92176502], [3.21792688, 41.92180452], [3.2180554, 41.92158055], [3.21767156, 41.92176502]]], [[[3.21663925, 41.92184227], [3.21678737, 41.92184955], [3.2167529, 41.92181953], [3.21663925, 41.92184227]]], [[[3.21710183, 41.92193686], [3.21702241, 41.92181065], [3.21679722, 41.92180333000001], [3.21710183, 41.92193686]]], [[[3.21818608, 41.92167289], [3.21784565, 41.92213928], [3.21940079, 41.92242182999998], [3.21919917, 41.92214625], [3.22032461, 41.92249707], [3.22019268, 41.92235843999999], [3.22034957, 41.92228527], [3.21953066, 41.92195692], [3.21954826, 41.92170947000001], [3.21923574, 41.92169701000001], [3.21952927, 41.92155369], [3.21918842, 41.92143527], [3.21885929, 41.9215719], [3.21905296, 41.92142770000001], [3.21879893, 41.92141296000001], [3.21896835, 41.92133707], [3.21883347, 41.92128824], [3.21818608, 41.92167289]]], [[[3.21693301, 41.92205049], [3.21700615, 41.92206611000001], [3.21694803, 41.9220329], [3.21693301, 41.92205049]]], [[[3.2182541, 41.92312294], [3.21823296, 41.92307831], [3.21820878, 41.92313087], [3.2182541, 41.92312294]]], [[[3.21778742, 41.92427382], [3.2181848, 41.92426973], [3.21761895, 41.92406302], [3.21727106, 41.92415086000001], [3.21778742, 41.92427382]]], [[[3.2181449, 41.92431187], [3.21820603, 41.9243421], [3.21819185, 41.92428665], [3.2181449, 41.92431187]]], [[[3.21696203, 41.92456603], [3.21760922, 41.92496398], [3.2182472, 41.92484893], [3.21719663, 41.92453721], [3.21696203, 41.92456603]]], [[[3.21889943, 41.92534135], [3.21935898, 41.92538911], [3.21910759, 41.9253042], [3.21889943, 41.92534135]]], [[[3.21963155, 41.92549595], [3.2196139, 41.92541375], [3.21945149, 41.92542676], [3.21963155, 41.92549595]]], [[[3.21887465, 41.92571355], [3.21878596, 41.9255942], [3.21861748, 41.92552768999999], [3.2185893, 41.92571554], [3.21887465, 41.92571355]]], [[[3.21899727, 41.92619653], [3.21881765, 41.92608222000001], [3.21878009, 41.92627747], [3.21899727, 41.92619653]]], [[[3.21631417, 41.92903685999999], [3.21631527, 41.92901661], [3.21628042, 41.929021], [3.21631417, 41.92903685999999]]], [[[3.21633299, 41.92904999000001], [3.21646975, 41.92904612000001], [3.21645183, 41.92902482], [3.21633299, 41.92904999000001]]], [[[3.2153439, 41.92974645999998], [3.21572433, 41.92982176], [3.21538713, 41.92971619], [3.2153439, 41.92974645999998]]], [[[3.21599409, 41.93001454], [3.21599191, 41.93008858000001], [3.21603647, 41.93003193], [3.21599409, 41.93001454]]], [[[3.21689509, 41.9301628], [3.21697037, 41.93015895], [3.21696676, 41.930127789999986], [3.21689509, 41.9301628]]], [[[3.21621382, 41.93022344], [3.21609722, 41.93016223], [3.21588468, 41.93022188], [3.21621382, 41.93022344]]], [[[3.21708566, 41.93424348], [3.21709383, 41.93423338], [3.21694965, 41.93418808], [3.21708566, 41.93424348]]], [[[3.21933269, 41.93493093], [3.2192846, 41.93494336], [3.21932873, 41.93504235], [3.21933269, 41.93493093]]], [[[3.22040214, 41.93503534], [3.2200984, 41.9350688], [3.22022369, 41.93516214000001], [3.22040214, 41.93503534]]], [[[3.21619695, 41.93543558], [3.21610124, 41.93544614000001], [3.21618628, 41.9354821], [3.21619695, 41.93543558]]], [[[3.21835786, 41.93554867000001], [3.21829976, 41.93555959], [3.21837234, 41.93562178], [3.21835786, 41.93554867000001]]], [[[3.21798762, 41.93764923], [3.2179709, 41.93759189], [3.21785337, 41.93765172], [3.21798762, 41.93764923]]], [[[3.21644656, 41.93782398], [3.21645695, 41.93782578], [3.21643241, 41.93777548], [3.21644656, 41.93782398]]], [[[3.21624191, 41.93776755], [3.21615645, 41.93785525], [3.21643203, 41.93784096], [3.21624191, 41.93776755]]], [[[3.21595359, 41.93788354], [3.21599655, 41.93787574], [3.21596924, 41.93786156], [3.21595359, 41.93788354]]], [[[3.21577799, 41.93788092], [3.21582684, 41.93791542], [3.21582778, 41.93787254], [3.21577799, 41.93788092]]], [[[3.2179117, 41.93820041], [3.21824072, 41.93818393], [3.21837506, 41.93774918], [3.2177484, 41.93775308], [3.2179117, 41.93820041]]], [[[3.21590154, 41.93796365], [3.21589352, 41.93797789], [3.21591079, 41.93801947], [3.21590154, 41.93796365]]], [[[3.21742642, 41.93804396], [3.21747439, 41.93801605999999], [3.21739709, 41.93798946], [3.21742642, 41.93804396]]], [[[3.21763313, 41.93881194], [3.21772163, 41.93867362], [3.21754418, 41.93874484], [3.21763313, 41.93881194]]], [[[3.21787743, 41.93897523000001], [3.21812047, 41.93903664], [3.21810985, 41.93891032], [3.21788618, 41.93892623], [3.21787743, 41.93897523000001]]], [[[3.21900058, 41.94281905], [3.21914172, 41.94278312], [3.21901851, 41.94280704], [3.21900058, 41.94281905]]], [[[3.2211064, 41.94329192], [3.22102509, 41.94325821], [3.22108806, 41.943326], [3.2211064, 41.94329192]]], [[[3.22057537, 41.94340508], [3.22057047, 41.94338663], [3.22050978, 41.94338206], [3.22057537, 41.94340508]]], [[[3.22088728, 41.943526969999986], [3.22088011, 41.94351231], [3.22083471, 41.94353599], [3.22088728, 41.943526969999986]]], [[[3.2209504, 41.94360458], [3.22094222, 41.94357866], [3.22091785, 41.94361139], [3.2209504, 41.94360458]]], [[[3.22304337, 41.94418417], [3.22301253, 41.94409379999998], [3.22298683, 41.94416194], [3.22304337, 41.94418417]]], [[[3.22217739, 41.94414622], [3.22199756, 41.94415917], [3.22216396, 41.94417056], [3.22217739, 41.94414622]]], [[[3.22545028, 41.94472771], [3.22532965, 41.94476631], [3.2254636, 41.94477605], [3.22548209, 41.94475259], [3.22545028, 41.94472771]]], [[[3.22478202, 41.94482629], [3.22480137, 41.94483886], [3.22487561, 41.9448189], [3.22478202, 41.94482629]]], [[[3.22477158, 41.94512411], [3.22479677, 41.94514258], [3.22482554, 41.94512378], [3.22477158, 41.94512411]]], [[[3.22503643, 41.9451259], [3.22499766, 41.94514966], [3.22506484, 41.94514367], [3.22503643, 41.9451259]]], [[[3.22497081, 41.94512855], [3.22489231, 41.94513969], [3.22497287, 41.94516538], [3.22497081, 41.94512855]]], [[[3.22498665, 41.94537899], [3.22511112, 41.94537117999999], [3.22506198, 41.94535912], [3.22498665, 41.94537899]]], [[[3.22626832, 41.94543394], [3.22618873, 41.945442200000016], [3.22627266, 41.94550166], [3.22626832, 41.94543394]]], [[[3.22616028, 41.9454491], [3.22613597, 41.94550202], [3.22617712, 41.94547005], [3.22616028, 41.9454491]]], [[[3.22646342, 41.94564251], [3.22639802, 41.945674699999984], [3.22643623, 41.94569714], [3.22646342, 41.94564251]]], [[[3.22644951, 41.94618042], [3.22642445, 41.94605275], [3.22617102, 41.94613377000001], [3.22644951, 41.94618042]]], [[[3.2264042, 41.97110367], [3.22658668, 41.97113582], [3.22643233, 41.97107335], [3.2264042, 41.97110367]]], [[[3.22624658, 41.9715481], [3.22623554, 41.97160046], [3.22632469, 41.97162063], [3.22624658, 41.9715481]]], [[[3.22525644, 41.97285243000001], [3.22535996, 41.97297994], [3.22540196, 41.97284187], [3.22525644, 41.97285243000001]]], [[[3.21846839, 41.97398647], [3.21829232, 41.97397457], [3.21826487, 41.97413567000001], [3.21846839, 41.97398647]]], [[[3.22076881, 41.97437835], [3.22042061, 41.97420933999999], [3.22058151, 41.97438322], [3.22076881, 41.97437835]]], [[[3.22560452, 42.042251], [3.22561835, 42.04240454], [3.22575067, 42.0423741], [3.22576662, 42.04213486], [3.22560452, 42.042251]]], [[[3.22549313, 42.04273163], [3.22536206, 42.04281025], [3.22550515, 42.04278205], [3.22549313, 42.04273163]]], [[[3.225417, 42.04286625], [3.22537172, 42.04287679], [3.22542336, 42.0429581], [3.225417, 42.04286625]]], [[[3.22403992, 42.043381959999984], [3.22389231, 42.04339558], [3.22393216, 42.04342207], [3.22403992, 42.043381959999984]]], [[[3.22459099, 42.04296145], [3.22445487, 42.04325137], [3.22410382, 42.04330987], [3.22412802, 42.04342151], [3.22376201, 42.04369242], [3.22397444, 42.0436603], [3.22408906, 42.04436863], [3.22431643, 42.044394029999985], [3.22443119, 42.04428357], [3.2242479, 42.04418377], [3.2247186, 42.04399533], [3.22485264, 42.0441789], [3.22514851, 42.04409699], [3.22517415, 42.04441226], [3.22549609, 42.04408261], [3.22585185, 42.04429564], [3.2260859, 42.0441953], [3.22614589, 42.04451744], [3.22660703, 42.04473638], [3.2270871, 42.04480514], [3.22706216, 42.04448599], [3.22734296, 42.04438024], [3.22712881, 42.04393006999998], [3.22637319, 42.04401055], [3.22593949, 42.04328574], [3.22542464, 42.04342311], [3.22544174, 42.04327015], [3.22512011, 42.04313748], [3.22515346, 42.04296575], [3.22500258, 42.04294173], [3.225243, 42.04259027], [3.22459099, 42.04296145]]], [[[3.22458417, 42.04428381], [3.22461947, 42.04432445], [3.22464773, 42.04425072], [3.22458417, 42.04428381]]], [[[3.22395081, 42.04429387], [3.22367499, 42.0443407], [3.22368169, 42.04445958], [3.22395081, 42.04429387]]], [[[3.22377376, 42.04452784999999], [3.22379614, 42.04463841], [3.22385353, 42.04456759], [3.22377376, 42.04452784999999]]], [[[3.22279097, 42.04485292], [3.22280387, 42.04484515], [3.22276471, 42.04484252], [3.22279097, 42.04485292]]], [[[3.22212001, 42.04520602], [3.22216149, 42.04528645], [3.22220817, 42.04522818], [3.22212001, 42.04520602]]], [[[3.22161473, 42.04546314], [3.22163126, 42.04545437], [3.2215963, 42.04544471], [3.22161473, 42.04546314]]], [[[3.22188183, 42.04548001], [3.22193101, 42.04547748], [3.2218936, 42.04545702], [3.22188183, 42.04548001]]], [[[3.22142054, 42.04549387], [3.22143995, 42.04548014], [3.22140889, 42.04547786], [3.22142054, 42.04549387]]], [[[3.22079751, 42.04611877], [3.22081288, 42.04612568], [3.22087552, 42.0459973], [3.22079751, 42.04611877]]], [[[3.22045784, 42.04636134], [3.22043496, 42.04634986], [3.22039124, 42.04639011], [3.22045784, 42.04636134]]], [[[3.22045105, 42.04646034000001], [3.22047018, 42.04643571], [3.22045483, 42.04643538], [3.22045105, 42.04646034000001]]], [[[3.22430629, 42.04652807], [3.22436438, 42.04655291], [3.22438275, 42.04651937], [3.22430629, 42.04652807]]], [[[3.21951717, 42.04693146], [3.21951526, 42.04690165], [3.219485, 42.04692351], [3.21951717, 42.04693146]]], [[[3.21957421, 42.0472138], [3.21960283, 42.04720933], [3.21957467, 42.04717075], [3.21957421, 42.0472138]]], [[[3.21929101, 42.04722461], [3.21929078, 42.04719245], [3.21925331, 42.04722657], [3.21929101, 42.04722461]]], [[[3.21937754, 42.04722859], [3.21938196, 42.04721408], [3.21934018, 42.04722226], [3.21937754, 42.04722859]]], [[[3.22465464, 42.04652181], [3.22455342, 42.04673979], [3.22418872, 42.04652821], [3.22413644, 42.04629928], [3.22451816, 42.04629889], [3.22432482, 42.045851280000015], [3.22389281, 42.04577584], [3.22400319, 42.04555001], [3.22307217, 42.04558569], [3.22319974, 42.04537063], [3.22306381, 42.045198599999985], [3.22342528, 42.04497453], [3.2233163, 42.04484037], [3.22295085, 42.0447901], [3.22208301, 42.04544071], [3.22183711, 42.04550999], [3.22169399, 42.04545893], [3.22115785, 42.04559921], [3.22090718, 42.04620764], [3.22004058, 42.04674087], [3.22013018, 42.04696956], [3.21974593, 42.04725139], [3.21930947, 42.04725321], [3.21934572, 42.04739302], [3.21899854, 42.04809196], [3.21932133, 42.04883988], [3.21971643, 42.04893117], [3.21998616, 42.04921499], [3.22123113, 42.04923584], [3.2213713, 42.04937328000001], [3.22157961, 42.04905629], [3.22185171, 42.04922077], [3.22193133, 42.04886765], [3.22327396, 42.04875904], [3.22332029, 42.04911885000001], [3.22447869, 42.05008642], [3.22455377, 42.04961748], [3.22479704, 42.04938247], [3.22515439, 42.04918390000001], [3.2255054, 42.04927895], [3.22610609, 42.04910403], [3.22570805, 42.04866331], [3.22590503, 42.04829104], [3.22575205, 42.04798566], [3.22643056, 42.04791875], [3.22662855, 42.04759521], [3.22604677, 42.04747269], [3.22522363, 42.0476104], [3.22477508, 42.04658147], [3.22465464, 42.04652181]]], [[[3.21897533, 42.0477376], [3.21897391, 42.04774624], [3.21899604, 42.04774971], [3.21897533, 42.0477376]]], [[[3.21908793, 42.04776719], [3.21908939, 42.04773413], [3.21905925, 42.04775293], [3.21908793, 42.04776719]]], [[[3.21904329, 42.04799875], [3.21904122, 42.04799227], [3.21901641, 42.04801645], [3.21904329, 42.04799875]]], [[[3.21903728, 42.04842963], [3.21912014, 42.04845334], [3.21904819, 42.04840493], [3.21903728, 42.04842963]]], [[[3.2231304, 42.04886136], [3.22311074, 42.04883933], [3.22309793, 42.04887376], [3.2231304, 42.04886136]]], [[[3.22220222, 42.048929], [3.22217797, 42.04897444], [3.22225051, 42.04894998], [3.22220222, 42.048929]]], [[[3.22091268, 42.04960869], [3.22094344, 42.04962791], [3.22095145, 42.04960348], [3.22091268, 42.04960869]]], [[[3.22461739, 42.0502507], [3.22461816, 42.05022863], [3.22459132, 42.05022526], [3.22461739, 42.0502507]]], [[[3.22195348, 42.05172512], [3.22175362, 42.05169687], [3.22168648, 42.0519191], [3.22173145, 42.05202754], [3.22195348, 42.05172512]]], [[[3.21878075, 42.233059969999985], [3.21880829, 42.23299714], [3.21872501, 42.232993069999985], [3.21878075, 42.233059969999985]]], [[[3.22042362, 42.23578105], [3.22044596, 42.23579298], [3.22046198, 42.23576368], [3.22042362, 42.23578105]]], [[[3.2204805, 42.235827589999985], [3.2204544, 42.23584961], [3.22048872, 42.23585594], [3.2204805, 42.235827589999985]]], [[[3.22045562, 42.23588564], [3.2203741, 42.23586409], [3.22036524, 42.23589509], [3.22045562, 42.23588564]]], [[[3.22040973, 42.23607324], [3.22041438, 42.2360499], [3.22031602, 42.23603181], [3.22040973, 42.23607324]]], [[[3.2205863, 42.23648521], [3.22057231, 42.23650658], [3.22061383, 42.23649119000001], [3.2205863, 42.23648521]]], [[[3.22301475, 42.23663145], [3.22299573, 42.23666725], [3.22306255, 42.23664595], [3.22301475, 42.23663145]]], [[[3.22343421, 42.23673367], [3.223479, 42.2367525], [3.22344909, 42.23672491], [3.22343421, 42.23673367]]], [[[3.22319789, 42.23673818], [3.22319874, 42.23677205], [3.22324101, 42.2367317], [3.22319789, 42.23673818]]], [[[3.22337875, 42.23681601], [3.22335945, 42.23680794], [3.22336631, 42.23682764999999], [3.22337875, 42.23681601]]], [[[3.22304128, 42.23680117], [3.22299786, 42.23682656], [3.22302201, 42.23683525], [3.22304128, 42.23680117]]], [[[3.22320814, 42.2368276], [3.22323001, 42.23684133], [3.22322458, 42.2368136], [3.22320814, 42.2368276]]], [[[3.22330725, 42.23685253], [3.22335571, 42.2368464], [3.22330913, 42.23683668000001], [3.22330725, 42.23685253]]], [[[3.22391808, 42.2369541], [3.22389851, 42.23690361], [3.22385068, 42.23691568999999], [3.22391808, 42.2369541]]], [[[3.22422758, 42.23718082], [3.22419557, 42.23721267], [3.2242725, 42.23720342], [3.22422758, 42.23718082]]], [[[3.22623323, 42.23730125], [3.22623829, 42.23732646], [3.22629397, 42.23730681], [3.22623323, 42.23730125]]], [[[3.22620123, 42.23733482], [3.22619736, 42.23730331], [3.22612825, 42.23732749], [3.22620123, 42.23733482]]], [[[3.22625991, 42.23737343], [3.22622108, 42.23739404], [3.22620972, 42.23743847], [3.22625991, 42.23737343]]], [[[3.22455565, 42.23748647999999], [3.22458469, 42.2375065], [3.22458034, 42.23747742], [3.22455565, 42.23748647999999]]], [[[3.22651219, 42.23766348], [3.22654703, 42.23761045], [3.22643946, 42.23762489], [3.22651219, 42.23766348]]], [[[3.2264493, 42.23769972], [3.22641923, 42.23773193000001], [3.22648938, 42.2377235], [3.2264493, 42.23769972]]], [[[3.22542806, 42.23844457], [3.2253727, 42.23845422], [3.22543157, 42.23847716], [3.22542806, 42.23844457]]], [[[3.22527506, 42.23846657], [3.22528667, 42.23849357], [3.22529907, 42.23847076], [3.22527506, 42.23846657]]], [[[3.22523149, 42.23858517999999], [3.22519851, 42.2385829], [3.22519581, 42.23860659], [3.22523149, 42.23858517999999]]], [[[3.22638564, 42.24288008], [3.22633117, 42.24290072], [3.2263118, 42.24304368], [3.22638564, 42.24288008]]], [[[3.22505055, 42.34932728], [3.22505692, 42.34934185], [3.22512889, 42.34933397], [3.22505055, 42.34932728]]], [[[3.21568001, 42.34954981], [3.2155158, 42.34953319], [3.21556835, 42.34956245], [3.21568001, 42.34954981]]], [[[3.22606333, 42.34965049], [3.22592921, 42.34956232], [3.22558699, 42.34960847], [3.22606333, 42.34965049]]], [[[3.21708678, 42.3499219], [3.21708224, 42.34994317000001], [3.21715434, 42.34993628], [3.21708678, 42.3499219]]], [[[3.21769524, 42.350182830000016], [3.21790319, 42.35027961], [3.21838745, 42.35022348], [3.21818864, 42.35006903999999], [3.21769524, 42.350182830000016]]], [[[3.21740694, 42.35030577], [3.21763321, 42.35022275], [3.21745959, 42.35025749], [3.21740694, 42.35030577]]], [[[3.21789488, 42.35033483], [3.21771558, 42.35041217], [3.21822568, 42.35045633], [3.21789488, 42.35033483]]], [[[3.22647241, 42.3504388], [3.22650355, 42.35042073000001], [3.22644154, 42.35039708], [3.22647241, 42.3504388]]], [[[3.22656548, 42.35045681], [3.22651949, 42.35046609], [3.2265815, 42.35048938], [3.22656548, 42.35045681]]], [[[3.22731277, 41.94445896], [3.22723399, 41.94442264], [3.22712021, 41.94452158], [3.22731277, 41.94445896]]], [[[3.22706686, 41.94451619], [3.22696343, 41.94450397], [3.2268737, 41.94458079], [3.22701501, 41.94459114], [3.22706686, 41.94451619]]], [[[3.22721914, 41.9445575], [3.22710704, 41.9445498], [3.22712242, 41.94463389], [3.22721914, 41.9445575]]], [[[3.22669713, 41.9454793], [3.22671115, 41.9454853], [3.22671985, 41.94545556], [3.22669713, 41.9454793]]], [[[3.22673129, 41.94630254], [3.22677557, 41.94626118], [3.22646615, 41.94631206], [3.22673129, 41.94630254]]], [[[3.22681684, 41.94697686], [3.22672908, 41.94696166], [3.22680307, 41.94701021], [3.22681684, 41.94697686]]], [[[3.22875619, 41.94845536], [3.22871433, 41.94837597999999], [3.22872286, 41.94846701999999], [3.22875619, 41.94845536]]], [[[3.2301488, 41.95447881], [3.23017898, 41.95441615], [3.23008576, 41.95439598], [3.2301488, 41.95447881]]], [[[3.22991014, 41.95444866], [3.2298666, 41.95452035], [3.22998804, 41.95446823], [3.22991014, 41.95444866]]], [[[3.22993783, 41.95516978], [3.22991575, 41.95520414], [3.22997108, 41.95518691], [3.22993783, 41.95516978]]], [[[3.23141215, 41.95638305], [3.23119385, 41.95638199], [3.2313733, 41.95648374], [3.23147557, 41.95644222], [3.23141215, 41.95638305]]], [[[3.23151802, 41.95666339999999], [3.23149569, 41.95669326], [3.23158342, 41.95672857], [3.23151802, 41.95666339999999]]], [[[3.23190857, 41.95711583], [3.23204859, 41.9571949], [3.23203045, 41.95698507], [3.23190857, 41.95711583]]], [[[3.23472721, 41.95767535], [3.23457465, 41.95769422], [3.23470994, 41.95773168], [3.23472721, 41.95767535]]], [[[3.23110545, 41.96008842], [3.2312619, 41.96003766], [3.23120447, 41.95997455], [3.23110545, 41.96008842]]], [[[3.23354792, 41.96208267999999], [3.23340284, 41.96211072], [3.2334714, 41.96218146], [3.23354792, 41.96208267999999]]], [[[3.23375315, 41.96227105], [3.23412276, 41.96229893], [3.23382815, 41.96215561], [3.23375315, 41.96227105]]], [[[3.23353436, 41.962305], [3.23356391, 41.96222319], [3.23346869, 41.96223227], [3.23353436, 41.962305]]], [[[3.23398948, 41.9623509], [3.233821, 41.96231153], [3.23390551, 41.96242115], [3.23398948, 41.9623509]]], [[[3.23418032, 41.96239889], [3.23407015, 41.96239838], [3.23413868, 41.96246021], [3.23418032, 41.96239889]]], [[[3.23036467, 41.96280247], [3.23039822, 41.96273584], [3.23033004, 41.9627031], [3.23036467, 41.96280247]]], [[[3.22956609, 41.96274031], [3.22942496, 41.96272348], [3.22961222, 41.96282451], [3.22966019, 41.96281145], [3.22956609, 41.96274031]]], [[[3.22943617, 41.96300005], [3.22964136, 41.96301009], [3.22960859, 41.96295855], [3.22943617, 41.96300005]]], [[[3.23093662, 41.96835487], [3.23105256, 41.96827646], [3.2308403, 41.96828481], [3.23093662, 41.96835487]]], [[[3.2315878, 41.96840796], [3.23162094, 41.96842825], [3.23166014, 41.9683842], [3.2315878, 41.96840796]]], [[[3.23157311, 41.96858515], [3.23143515, 41.96858093], [3.23152976, 41.96860955999998], [3.23157311, 41.96858515]]], [[[3.23153645, 41.96885993], [3.2313951, 41.96878519], [3.23148262, 41.96888976], [3.23153645, 41.96885993]]], [[[3.23148451, 41.96898045], [3.23136722, 41.96888405], [3.23133583, 41.96891464], [3.23148451, 41.96898045]]], [[[3.23074764, 41.96932798000002], [3.23065437, 41.96930141], [3.23072002, 41.96936811], [3.23074764, 41.96932798000002]]], [[[3.23165149, 41.96933129], [3.23162011, 41.96936567], [3.23173014, 41.96935401000001], [3.23165149, 41.96933129]]], [[[3.23137072, 41.96938553], [3.23132842, 41.96933617], [3.23127459, 41.96936754], [3.23137072, 41.96938553]]], [[[3.2309135, 41.96939663], [3.23079749, 41.96932977], [3.23088065, 41.96943156], [3.2309135, 41.96939663]]], [[[3.23119909, 41.96938165], [3.23118605, 41.96944697], [3.23127477, 41.96941905], [3.23119909, 41.96938165]]], [[[3.23165867, 41.96943881], [3.23161487, 41.96941755999999], [3.23155564, 41.96945910999999], [3.23165867, 41.96943881]]], [[[3.23125628, 41.96947889], [3.23128144, 41.96949271], [3.23131997, 41.96946201], [3.23125628, 41.96947889]]], [[[3.23085308, 41.96948439], [3.23091263, 41.96953264], [3.23093215, 41.96948882], [3.23085308, 41.96948439]]], [[[3.22890544, 41.96969176000001], [3.22881322, 41.96973075], [3.22890251, 41.96972534999998], [3.22890544, 41.96969176000001]]], [[[3.22823469, 41.97004183], [3.22819655, 41.97010874], [3.22827076, 41.97008111000001], [3.22823469, 41.97004183]]], [[[3.22811464, 41.97002648], [3.22805171, 41.97007382], [3.22811634, 41.97012456999999], [3.22811464, 41.97002648]]], [[[3.22960557, 41.97019761], [3.22963894, 41.97022267], [3.22988528, 41.970116], [3.22960557, 41.97019761]]], [[[3.22696602, 42.04117059], [3.22664602, 42.04122264999999], [3.22678057, 42.04134334], [3.22699948, 42.04126968], [3.22696602, 42.04117059]]], [[[3.2283121, 42.0420375], [3.22876796, 42.04183044], [3.22829878, 42.04142175], [3.22790004, 42.04185783], [3.2283121, 42.0420375]]], [[[3.22762473, 42.04184], [3.2273273, 42.04178358], [3.22692825, 42.04189777], [3.22727455, 42.04230544], [3.22759565, 42.04218952], [3.22762473, 42.04184]]], [[[3.26395155, 42.23745176], [3.26435047, 42.23728954], [3.26336066, 42.23723526], [3.26358841, 42.23747403], [3.26402845, 42.23755173], [3.26395155, 42.23745176]]], [[[3.26342931, 42.23748052], [3.26338201, 42.23750332], [3.26346335, 42.237537], [3.26342931, 42.23748052]]], [[[3.26427602, 42.23757197], [3.26429356, 42.23762182], [3.26441822, 42.23758137], [3.26427602, 42.23757197]]], [[[3.22936437, 42.24074174], [3.2293979, 42.24063], [3.22931737, 42.24065042], [3.22936437, 42.24074174]]], [[[3.22899277, 42.24091459], [3.22922828, 42.24078254], [3.22909624, 42.24070094], [3.22899277, 42.24091459]]], [[[3.22832789, 42.24348244], [3.2282826, 42.24336112], [3.22812651, 42.24343583], [3.22799821, 42.24365385], [3.22832789, 42.24348244]]], [[[3.22901694, 42.24360958], [3.22900031, 42.243569], [3.22887163, 42.243582129999986], [3.22901694, 42.24360958]]], [[[3.23055277, 42.24396676], [3.2306154, 42.24382343], [3.23016757, 42.24403652], [3.23020757, 42.2441374], [3.23055277, 42.24396676]]], [[[3.23023072, 42.24453714], [3.2301115, 42.24451703], [3.23023459, 42.24456639999999], [3.23023072, 42.24453714]]], [[[3.25368893, 42.24680263], [3.25364552, 42.24679894], [3.25364457, 42.24683335], [3.25368893, 42.24680263]]], [[[3.25586361, 42.24810443], [3.25585999, 42.24813884], [3.25591702, 42.24812249999999], [3.25586361, 42.24810443]]], [[[3.22737555, 42.2487847], [3.22739107, 42.24878557], [3.22737743, 42.24873507], [3.22737555, 42.2487847]]], [[[3.22719622, 42.24971811000001], [3.22718958, 42.24965967], [3.22710195, 42.24973108], [3.22719622, 42.24971811000001]]], [[[3.25559946, 42.25059489], [3.25555484, 42.25062129], [3.25561183, 42.25062449], [3.25559946, 42.25059489]]], [[[3.28121637, 42.25779642], [3.28117804, 42.25781912], [3.28123323, 42.25782574], [3.28121637, 42.25779642]]], [[[3.28306361, 42.259004019999985], [3.28301093, 42.2590717], [3.28314064, 42.25906823], [3.28306361, 42.259004019999985]]], [[[3.28360693, 42.2603112], [3.28375108, 42.26014864], [3.28344618, 42.25999205], [3.2830953, 42.26018016], [3.28360693, 42.2603112]]], [[[3.28393261, 42.26077764], [3.28394651, 42.26082155], [3.2839961, 42.26079396], [3.28393261, 42.26077764]]], [[[3.28456361, 42.26084245], [3.28454349, 42.26087033], [3.28464024, 42.26089702], [3.28456361, 42.26084245]]], [[[3.28416441, 42.26090774], [3.28416062, 42.26092775], [3.28424112, 42.26095313], [3.28416441, 42.26090774]]], [[[3.28423731, 42.26113145999999], [3.28421778, 42.26118212], [3.2842703, 42.26113344999999], [3.28423731, 42.26113145999999]]], [[[3.28457086, 42.26177953], [3.28459902, 42.26181386], [3.28460874, 42.26176521], [3.28457086, 42.26177953]]], [[[3.28520476, 42.26248693], [3.28519669, 42.26247101], [3.28513756, 42.2624798], [3.28520476, 42.26248693]]], [[[3.28650477, 42.26784186], [3.28650686, 42.26776836], [3.28637677, 42.26785344], [3.28650477, 42.26784186]]], [[[3.28656487, 42.26791331], [3.28648045, 42.26798746], [3.28657312, 42.26794067], [3.28656487, 42.26791331]]], [[[3.28302695, 42.27284526], [3.28300839, 42.27281838], [3.28292421, 42.27286686], [3.28302695, 42.27284526]]], [[[3.28316758, 42.27291939], [3.28308325, 42.27296184], [3.28308181, 42.27310045], [3.28316758, 42.27291939]]], [[[3.28360365, 42.27356659], [3.28363322, 42.27358849], [3.2836752, 42.27356632], [3.28360365, 42.27356659]]], [[[3.28325909, 42.27377431], [3.28347321, 42.27392779], [3.28378021, 42.27378221], [3.28347724, 42.27352817], [3.28325909, 42.27377431]]], [[[3.28167174, 42.27400338000001], [3.28159896, 42.27408227], [3.28172433, 42.27413204], [3.28167174, 42.27400338000001]]], [[[3.28080788, 42.2760382], [3.28073994, 42.27606025], [3.28081216, 42.27604773], [3.28080788, 42.2760382]]], [[[3.28060753, 42.27611857], [3.28052521, 42.27612571], [3.28061351, 42.2761834], [3.28060753, 42.27611857]]], [[[3.28046396, 42.27631409], [3.28044049, 42.27629983], [3.28039905, 42.27633595], [3.28046396, 42.27631409]]], [[[3.28042304, 42.27638408], [3.28038339, 42.27638751], [3.28042409, 42.27640344000001], [3.28042304, 42.27638408]]], [[[3.2799842, 42.27732756], [3.28033513, 42.27726285], [3.28032482, 42.27712571], [3.2799842, 42.27732756]]], [[[3.27971397, 42.27767685], [3.27975455, 42.277694310000015], [3.27997396, 42.27756139], [3.27984355, 42.27752568], [3.27971397, 42.27767685]]], [[[3.27868643, 42.28076777], [3.27862796, 42.28079194999999], [3.27869116, 42.28079522], [3.27868643, 42.28076777]]], [[[3.28609587, 42.28137842], [3.28600207, 42.28139406], [3.28609202, 42.28149281], [3.28609587, 42.28137842]]], [[[3.28600891, 42.28156633], [3.28595996, 42.28147018], [3.28590973, 42.28149291], [3.28600891, 42.28156633]]], [[[3.2795919, 42.28199653], [3.28024029, 42.28158661], [3.27903108, 42.28196935], [3.27846581, 42.28252694], [3.27951444, 42.28230815], [3.27956768, 42.28208665], [3.2798519, 42.28196302], [3.2795919, 42.28199653]]], [[[3.25079073, 42.33186331999999], [3.25077513, 42.33187722000001], [3.25082127, 42.331913419999985], [3.25079073, 42.33186331999999]]], [[[3.28558751, 42.33215263], [3.28554933, 42.33213804], [3.28553019, 42.33217348], [3.28558751, 42.33215263]]], [[[3.28588072, 42.33216964], [3.28582015, 42.332195009999985], [3.28588223, 42.33217999], [3.28588072, 42.33216964]]], [[[3.28471943, 42.33256195], [3.28510776, 42.33238204], [3.2848319, 42.33233562], [3.28471943, 42.33256195]]], [[[3.25018411, 42.33245464], [3.25010133, 42.33245581], [3.25007903, 42.33249458000002], [3.25018411, 42.33245464]]], [[[3.25006145, 42.33265394], [3.25007741, 42.33266723], [3.25009901, 42.33263512], [3.25006145, 42.33265394]]], [[[3.28616206, 42.33302128], [3.28575954, 42.33344773], [3.28650048, 42.33318308], [3.2865332, 42.33290426], [3.28705475, 42.33276471], [3.28687587, 42.3324531], [3.28646967, 42.33238629999999], [3.28684049, 42.33222578], [3.28654827, 42.3321333], [3.28602217, 42.33220495], [3.28599559, 42.33252690000001], [3.28557863, 42.33292565], [3.28616206, 42.33302128]]], [[[3.27972643, 42.3331419], [3.2798369, 42.33319855], [3.27993407, 42.332993420000015], [3.27972643, 42.3331419]]], [[[3.27975848, 42.33322531], [3.27976398, 42.33320665], [3.27966326, 42.33321167], [3.27975848, 42.33322531]]], [[[3.26088463, 42.33523026], [3.26103046, 42.33526883], [3.26109373, 42.33501156], [3.26101843, 42.33491483], [3.26088463, 42.33523026]]], [[[3.25912615, 42.33518146999999], [3.25913668, 42.33523296], [3.25918255, 42.33519917], [3.25912615, 42.33518146999999]]], [[[3.2618555, 42.335468419999984], [3.2617739, 42.33546086], [3.26178903, 42.33547974], [3.2618555, 42.335468419999984]]], [[[3.26057984, 42.33634843], [3.26027643, 42.33671729], [3.26083274, 42.33662623], [3.26057984, 42.33634843]]], [[[3.27899701, 42.3369503], [3.27931734, 42.33691899], [3.27908783, 42.33676365], [3.27895801, 42.33691662], [3.27899701, 42.3369503]]], [[[3.27919609, 42.33714263000001], [3.27930351, 42.33714165], [3.27927213, 42.33709994], [3.27919609, 42.33714263000001]]], [[[3.27461146, 42.33726169], [3.27461815, 42.33729229], [3.27464185, 42.33727044], [3.27461146, 42.33726169]]], [[[3.24096123, 42.33719477], [3.24075719, 42.33707362], [3.24043525, 42.33725928], [3.24039517, 42.33747758], [3.24048556, 42.33768967000001], [3.24091952, 42.33771649], [3.24131823, 42.3374153], [3.24093578, 42.33739791], [3.24096123, 42.33719477]]], [[[3.27774556, 42.33732817], [3.27722656, 42.3374529], [3.27749791, 42.33757210999999], [3.27774556, 42.33732817]]], [[[3.26083871, 42.3377174], [3.26079158, 42.33776803], [3.26085202, 42.33773539], [3.26083871, 42.3377174]]], [[[3.24146386, 42.33794446999999], [3.24159076, 42.33798797], [3.24198636, 42.3378896], [3.24146386, 42.33794446999999]]], [[[3.27125023, 42.338604219999986], [3.2706252, 42.33846871], [3.27070618, 42.33872393], [3.27125023, 42.338604219999986]]], [[[3.27131835, 42.33886235], [3.27153899, 42.33882283], [3.27130877, 42.33880888], [3.27131835, 42.33886235]]], [[[3.24071183, 42.33924743], [3.24057553, 42.33896745], [3.2400618, 42.33903409], [3.24048181, 42.3393803], [3.24071183, 42.33924743]]], [[[3.24012477, 42.33953452], [3.24020138, 42.33944212999999], [3.24007925, 42.33947211000002], [3.24012477, 42.33953452]]], [[[3.26186833, 42.33961364000002], [3.26180733, 42.33965818], [3.26183056, 42.33969712], [3.26186833, 42.33961364000002]]], [[[3.24177691, 42.339747459999984], [3.24217207, 42.34013155], [3.24315134, 42.33974663], [3.24335621, 42.33929391], [3.24177691, 42.339747459999984]]], [[[3.23994948, 42.34004598], [3.23997234, 42.33999343], [3.2398996, 42.33998809], [3.23994948, 42.34004598]]], [[[3.26085103, 42.34031582], [3.26076881, 42.34033726], [3.26081115, 42.34036121], [3.26085103, 42.34031582]]], [[[3.23977438, 42.34032212000001], [3.23970485, 42.3403301], [3.23974238, 42.3404299], [3.23977438, 42.34032212000001]]], [[[3.26098161, 42.34042477], [3.26085685, 42.34043199], [3.2609354, 42.34046369], [3.26098161, 42.34042477]]], [[[3.2395448, 42.34041311], [3.23948516, 42.34046826], [3.23962693, 42.34049462], [3.2395448, 42.34041311]]], [[[3.26090147, 42.34053582], [3.26088604, 42.34053261], [3.26080836, 42.34059574], [3.26090147, 42.34053582]]], [[[3.23806221, 42.34109616], [3.23798794, 42.34113314999998], [3.23797075, 42.34127674], [3.23806221, 42.34109616]]], [[[3.23769376, 42.34254357], [3.2376395, 42.34254522], [3.23765612, 42.34257373], [3.23769376, 42.34254357]]], [[[3.23847097, 42.34411902], [3.23838333, 42.34415334], [3.23845808, 42.34421001], [3.23847097, 42.34411902]]], [[[3.23761224, 42.34491397], [3.23759615, 42.34492914], [3.23766244, 42.34496205], [3.23761224, 42.34491397]]], [[[3.23848871, 42.34768793], [3.23848304, 42.34766443], [3.23837915, 42.34767518999998], [3.23848871, 42.34768793]]], [[[3.23664797, 42.34962112], [3.23665542, 42.34963173], [3.23676038, 42.34958279], [3.23664797, 42.34962112]]], [[[3.23440993, 42.35036629], [3.23468831, 42.35036005], [3.23469316, 42.35022819], [3.23428741, 42.35020191], [3.23440993, 42.35036629]]], [[[3.23247737, 42.35053531], [3.23252012, 42.350471189999986], [3.23246625, 42.35048274], [3.23247737, 42.35053531]]], [[[3.22662751, 42.35058953], [3.2266143, 42.35052759], [3.22649369, 42.35055053], [3.22662751, 42.35058953]]], [[[3.2315427, 42.35115943], [3.23155029, 42.35117797], [3.23159313, 42.35113898], [3.2315427, 42.35115943]]], [[[3.22927395, 42.35164258], [3.22959317, 42.35174595999999], [3.22949355, 42.35159629], [3.22927395, 42.35164258]]], [[[3.28768467, 42.26548549], [3.28761149, 42.26549738000001], [3.28762624, 42.26556849], [3.28768467, 42.26548549]]], [[[3.28808463, 42.26637799], [3.288114, 42.26643844], [3.28811191, 42.26637747], [3.28808463, 42.26637799]]], [[[3.29098978, 42.27927577], [3.29086474, 42.27959067000001], [3.29106035, 42.27932521], [3.29098978, 42.27927577]]], [[[3.29173593, 42.27954684999999], [3.29173731, 42.27950506], [3.29166587, 42.27955451], [3.29173593, 42.27954684999999]]], [[[3.29170333, 42.27976263], [3.29191879, 42.27954053], [3.29190564, 42.27934530999999], [3.29170333, 42.27976263]]], [[[3.29122243, 42.27933615], [3.29113306, 42.27962746], [3.29127333, 42.27977462], [3.29156349, 42.27976181999998], [3.29159621, 42.27943931], [3.29122243, 42.27933615]]], [[[3.29459496, 42.28100314], [3.29485167, 42.28091503], [3.29499095, 42.28076941], [3.29466497, 42.28088021], [3.29459496, 42.28100314]]], [[[3.2870835, 42.2810883], [3.28704302, 42.28109587], [3.28700228, 42.28125872], [3.2870835, 42.2810883]]], [[[3.28670491, 42.28136952], [3.28686914, 42.28110351], [3.28668798, 42.28127193], [3.28670491, 42.28136952]]], [[[3.29232297, 42.28079038], [3.29172128, 42.28134084], [3.2919731, 42.28166442], [3.29178181, 42.2821045], [3.29193553, 42.28206268000001], [3.29223741, 42.28248511], [3.29260753, 42.28244869], [3.2932591, 42.28203625], [3.29362258, 42.2814854], [3.29343343, 42.281208849999985], [3.29374011, 42.280964719999986], [3.29356458, 42.28082701], [3.29320651, 42.28094879], [3.29319278, 42.28036748], [3.29281119, 42.28041033], [3.29266563, 42.28077284], [3.29232297, 42.28079038]]], [[[3.29378111, 42.28175068], [3.29373191, 42.28175819], [3.29363493, 42.28192451], [3.29378111, 42.28175068]]], [[[3.29286951, 42.28289617], [3.29276931, 42.28278592], [3.29243696, 42.28278037], [3.29286951, 42.28289617]]], [[[3.2968186, 42.28439933], [3.29710262, 42.28413354], [3.29681738, 42.28437123], [3.2968186, 42.28439933]]], [[[3.29722971, 42.28895333], [3.29739964, 42.28879654], [3.29725952, 42.28892092], [3.29717287, 42.28893718], [3.29722971, 42.28895333]]], [[[3.2975328, 42.28907548], [3.29772405, 42.28873248], [3.29736098, 42.2889855], [3.2975328, 42.28907548]]], [[[3.29686827, 42.28927028999998], [3.29675168, 42.28962643], [3.29756298, 42.28930343999998], [3.297409, 42.28934292], [3.2970095, 42.28899281], [3.29665733, 42.28931983], [3.29686827, 42.28927028999998]]], [[[3.29597975, 42.29009485999999], [3.29612286, 42.29011601], [3.29621177, 42.29008957], [3.29602795, 42.2900787], [3.29597975, 42.29009485999999]]], [[[3.30940778, 42.29047676], [3.30983186, 42.29050363], [3.30976356, 42.29030513], [3.30940778, 42.29047676]]], [[[3.30883357, 42.2904829], [3.30877804, 42.2905116], [3.3088783, 42.29055069], [3.30883357, 42.2904829]]], [[[3.3091345, 42.2907276], [3.30912638, 42.29082669000001], [3.30921831, 42.29082311], [3.3091345, 42.2907276]]], [[[3.30962654, 42.29081003], [3.3096185, 42.29075403], [3.30942696, 42.29080165], [3.30962654, 42.29081003]]], [[[3.29705991, 42.29130682], [3.29660632, 42.2913741], [3.29672689, 42.29121897000001], [3.29639053, 42.2913498], [3.29685758, 42.29166759], [3.29724072, 42.29150143], [3.29709052, 42.29136726], [3.29688133, 42.29145561], [3.29705991, 42.29130682]]], [[[3.3090681, 42.29185743], [3.30895002, 42.29177372], [3.30932181, 42.29140094000002], [3.30882976, 42.29114253], [3.30842379, 42.29159546], [3.3084669, 42.29195343], [3.30823337, 42.29244535], [3.30893293, 42.29207322], [3.3090681, 42.29185743]]], [[[3.30948613, 42.29201058], [3.30971574, 42.29153677], [3.30934142, 42.29171457], [3.30886485, 42.29246472], [3.30909413, 42.29239368], [3.30948613, 42.29201058]]], [[[3.30935351, 42.29217782], [3.30929479, 42.29219941], [3.30930576, 42.29228431], [3.30935351, 42.29217782]]], [[[3.29631492, 42.2922217], [3.29688173, 42.29180055], [3.29671019, 42.29187322], [3.2967536, 42.29163688000001], [3.29628243, 42.29134693], [3.29670286, 42.29113897], [3.29685052, 42.29065666], [3.29624718, 42.29104585], [3.29608833, 42.29095449], [3.29676053, 42.29029692], [3.29628294, 42.29044541], [3.29599828, 42.29032212], [3.29614907, 42.290145389999985], [3.29590024, 42.29016153], [3.29516052, 42.29085520000001], [3.29483512, 42.29089161], [3.29471225, 42.29128505], [3.29359806, 42.29206064], [3.29314961, 42.29284631], [3.29325004, 42.29297611], [3.29378003, 42.29271582], [3.29406082, 42.29273627], [3.29379175, 42.29351554], [3.29426278, 42.29354098999998], [3.29419845, 42.29379369], [3.29466779, 42.29366388], [3.29463531, 42.29424288], [3.29485444, 42.29412479], [3.29483699, 42.29431036], [3.29525929, 42.29418661], [3.29522232, 42.29432252], [3.29612295, 42.29415034], [3.29684987, 42.29333223], [3.29649593, 42.29318454], [3.29626955, 42.29333454], [3.29666756, 42.29294831], [3.29641369, 42.29300418], [3.29645013, 42.29270346], [3.29590289, 42.29254222], [3.29631142, 42.2924837], [3.29631492, 42.2922217]]], [[[3.30892862, 42.29250769], [3.30887063, 42.29250532], [3.30884544, 42.29256465000001], [3.30892862, 42.29250769]]], [[[3.29712023, 42.29345626], [3.29727757, 42.29317396], [3.29688181, 42.29331476], [3.29675114, 42.29364491], [3.29712023, 42.29345626]]], [[[3.29626127, 42.29462154], [3.29675793, 42.294445629999984], [3.2964073, 42.29422787], [3.29659314, 42.2938919], [3.29548952, 42.29485752], [3.29562013, 42.29500497], [3.29534439, 42.29549742], [3.29639964, 42.29484589], [3.29626127, 42.29462154]]], [[[3.29539253, 42.29481904], [3.29536808, 42.29485522], [3.29542879, 42.29484227], [3.29539253, 42.29481904]]], [[[3.29530075, 42.29485557], [3.29531269, 42.29486689], [3.29532759, 42.29483623], [3.29530075, 42.29485557]]], [[[3.29539501, 42.29508984999999], [3.29540295, 42.29499779], [3.29536045, 42.29501527999999], [3.29539501, 42.29508984999999]]], [[[3.29177624, 42.29556428], [3.29200693, 42.29521245], [3.29175512, 42.29550841], [3.29177624, 42.29556428]]], [[[3.2918836, 42.2955904], [3.29176356, 42.29560187], [3.29182931, 42.29562962], [3.2918836, 42.2955904]]], [[[3.29125058, 42.29837636], [3.2908458, 42.29830804], [3.29066031, 42.29846639], [3.29111192, 42.29842796], [3.29125058, 42.29837636]]], [[[3.2916947, 42.29879366], [3.29164216, 42.29876515], [3.29156203, 42.29880345], [3.2916947, 42.29879366]]], [[[3.29204947, 42.29895928], [3.29201379, 42.29898243], [3.29207315, 42.29896498], [3.29204947, 42.29895928]]], [[[3.29230874, 42.29946008], [3.29216582, 42.29948657], [3.29230384, 42.29947802], [3.29230874, 42.29946008]]], [[[3.29205563, 42.299504589999984], [3.29207017, 42.29952662], [3.29215933, 42.2994982], [3.29205563, 42.299504589999984]]], [[[3.29185179, 42.29989354], [3.291998, 42.29987084], [3.2918731, 42.29985819], [3.29185179, 42.29989354]]], [[[3.29215051, 42.29987468], [3.29215799, 42.29989087], [3.2923206, 42.29987416], [3.29215051, 42.29987468]]], [[[3.29236209, 42.30010965], [3.29237263, 42.30018528], [3.29249636, 42.30013003], [3.29236209, 42.30010965]]], [[[3.29266119, 42.30025227], [3.29263212, 42.30023523], [3.29252845, 42.30032619], [3.29266119, 42.30025227]]], [[[3.28927958, 42.30267271000001], [3.28921141, 42.30270206], [3.28928103, 42.30269729], [3.28927958, 42.30267271000001]]], [[[3.29151494, 42.302902289999984], [3.29184227, 42.30295351], [3.29207319, 42.30277802], [3.29191687, 42.30268845], [3.29151494, 42.302902289999984]]], [[[3.29151202, 42.30308466999998], [3.29163951, 42.30307939], [3.29157388, 42.30297491], [3.29151202, 42.30308466999998]]], [[[3.2917141, 42.30315314], [3.29174977, 42.3031789], [3.29182116, 42.3031127], [3.2917141, 42.30315314]]], [[[3.28954369, 42.30407205], [3.28947802, 42.30414480000001], [3.28955879, 42.30416369], [3.28954369, 42.30407205]]], [[[3.29686441, 42.30453904], [3.29696079, 42.30452167], [3.29685928, 42.3044788], [3.29686441, 42.30453904]]], [[[3.30106286, 42.30449657], [3.30096692, 42.30450213], [3.30103285, 42.30456401], [3.30106286, 42.30449657]]], [[[3.2901159, 42.30479479], [3.29014291, 42.304784], [3.29010009, 42.30473269], [3.2901159, 42.30479479]]], [[[3.29023193, 42.30475019], [3.29021602, 42.30479967], [3.29025888, 42.30475246000001], [3.29023193, 42.30475019]]], [[[3.30094584, 42.304967179999984], [3.30082566, 42.30505485], [3.30102813, 42.3051007], [3.30107737, 42.30502015], [3.30094584, 42.304967179999984]]], [[[3.29508379, 42.30492297], [3.2950181, 42.30496574], [3.29492534, 42.30518411], [3.29508379, 42.30492297]]], [[[3.30091891, 42.30512215], [3.30066554, 42.30544434], [3.30099263, 42.30541691], [3.30112636, 42.30521942], [3.30091891, 42.30512215]]], [[[3.29998064, 42.30582872], [3.29988882, 42.3058847], [3.29996595, 42.30585253000001], [3.29998064, 42.30582872]]], [[[3.30037411, 42.30585353], [3.30029189, 42.3059385], [3.30038167, 42.30588738], [3.30037411, 42.30585353]]], [[[3.30042856, 42.30592418], [3.30037476, 42.30596548], [3.30045282, 42.30594996], [3.30042856, 42.30592418]]], [[[3.29061587, 42.30668824], [3.29055437, 42.30671785], [3.29063948, 42.30672934], [3.29061587, 42.30668824]]], [[[3.28980248, 42.30677208], [3.28968356, 42.30679507], [3.28979578, 42.30679272], [3.28980248, 42.30677208]]], [[[3.29150588, 42.30698751], [3.29150967, 42.30696696999998], [3.29143037, 42.30700463], [3.29150588, 42.30698751]]], [[[3.29949228, 42.30697954], [3.29935639, 42.30697926], [3.29947426, 42.30704182], [3.29952326, 42.30701413], [3.29949228, 42.30697954]]], [[[3.29130023, 42.30704126], [3.29129591, 42.30705262], [3.29139199, 42.30707444], [3.29130023, 42.30704126]]], [[[3.30052988, 42.30755934], [3.30057551, 42.30735731], [3.3003341, 42.30746718000001], [3.30022432, 42.3077028], [3.30052988, 42.30755934]]], [[[3.30217069, 42.30776794], [3.30218177, 42.30777565], [3.30218103, 42.30774819], [3.30217069, 42.30776794]]], [[[3.302039, 42.30778378], [3.30173817, 42.30782501], [3.30203419, 42.30779289], [3.302039, 42.30778378]]], [[[3.31059096, 42.31203103], [3.31070955, 42.31193929], [3.31056301, 42.3118481], [3.3103899, 42.31205661], [3.31059096, 42.31203103]]], [[[3.30924026, 42.31194651], [3.30900721, 42.31220435], [3.30922468, 42.3121844], [3.30924026, 42.31194651]]], [[[3.31009815, 42.31209503999999], [3.30979213, 42.3123448], [3.31034758, 42.31208617], [3.31034747, 42.3120388], [3.31009815, 42.31209503999999]]], [[[3.30925304, 42.31257492000001], [3.30917569, 42.31261314000001], [3.30925907, 42.31259076], [3.30925304, 42.31257492000001]]], [[[3.31004059, 42.31240942], [3.30948061, 42.3126587], [3.30958378, 42.312814129999985], [3.31009577, 42.31255138999999], [3.31004059, 42.31240942]]], [[[3.31210153, 42.31264178], [3.31211207, 42.312662459999984], [3.31219258, 42.31262622], [3.31210153, 42.31264178]]], [[[3.31660388, 42.31332768], [3.31651348, 42.31332919], [3.31651349, 42.31345222], [3.31660388, 42.31332768]]], [[[3.31632436, 42.31350984], [3.316468, 42.31350278], [3.31637791, 42.31339521999998], [3.31632436, 42.31350984]]], [[[3.31627108, 42.31382286], [3.31653482, 42.31373783], [3.3162572, 42.31359513000001], [3.31600164, 42.31376245], [3.31627108, 42.31382286]]], [[[3.31565632, 42.31420605000002], [3.31578163, 42.31419841], [3.31609965, 42.31397517], [3.31565632, 42.31420605000002]]], [[[3.31601814, 42.31412669999999], [3.31591426, 42.31422119], [3.31630284, 42.31405800999999], [3.31601814, 42.31412669999999]]], [[[3.31558993, 42.314252799999984], [3.31559642, 42.31426368], [3.31563259, 42.31421764999999], [3.31558993, 42.314252799999984]]], [[[3.31559757, 42.31456727], [3.31584883, 42.31429027], [3.31557529, 42.31438253], [3.31550081, 42.31458105], [3.31559757, 42.31456727]]], [[[3.31536486, 42.31474245], [3.31536488, 42.3146985], [3.31531259, 42.31472584], [3.31536486, 42.31474245]]], [[[3.31501142, 42.31504378], [3.31500047, 42.31508596], [3.31507302, 42.31508324], [3.31501142, 42.31504378]]], [[[3.31828111, 42.31540238], [3.31826274, 42.31541621], [3.31836139, 42.31541495], [3.31828111, 42.31540238]]], [[[3.31684899, 42.31606064000001], [3.31697263, 42.31608309], [3.31700699, 42.31601356], [3.31684899, 42.31606064000001]]], [[[3.313007, 42.31634057], [3.31294645, 42.31634137], [3.31284215, 42.3165496], [3.313007, 42.31634057]]], [[[3.31786982, 42.31693619], [3.31784118, 42.31693717], [3.31784367, 42.31697265], [3.31786982, 42.31693619]]], [[[3.31773522, 42.31700573], [3.31769211, 42.31702395], [3.31771583, 42.31703478], [3.31773522, 42.31700573]]], [[[3.31618241, 42.31739215], [3.31612104, 42.3173998], [3.31617202, 42.317425499999985], [3.31618241, 42.31739215]]], [[[3.32156393, 42.31840353], [3.32156091, 42.31845307], [3.32158057, 42.318404829999984], [3.32156393, 42.31840353]]], [[[3.32127669, 42.31856987], [3.32127008, 42.3185834], [3.32133162, 42.31856125], [3.32127669, 42.31856987]]], [[[3.32127664, 42.31865687], [3.3214874, 42.31869725], [3.3215231, 42.3185835], [3.32127664, 42.31865687]]], [[[3.32168625, 42.31866364], [3.32202112, 42.318794189999984], [3.32241754, 42.31859377], [3.32216964, 42.31852728], [3.32168625, 42.31866364]]], [[[3.33215527, 42.31924324], [3.33180676, 42.31906404], [3.33154734, 42.31927986], [3.33168456, 42.31936430000001], [3.33141185, 42.32003136], [3.33164666, 42.32021288], [3.33248929, 42.32003779], [3.33205671, 42.31944815], [3.33215527, 42.31924324]]], [[[3.32047758, 42.31986305], [3.32050302, 42.31978228], [3.32043955, 42.3197821], [3.32047758, 42.31986305]]], [[[3.32081952, 42.32193296], [3.32079589, 42.3219396], [3.32086929, 42.32205513], [3.32081952, 42.32193296]]], [[[3.32374288, 42.32184351], [3.3234804, 42.32201312], [3.32397258, 42.32219113], [3.32392393, 42.32231267], [3.32406071, 42.32221979], [3.32374288, 42.32184351]]], [[[3.32419458, 42.32233919], [3.32417955, 42.32231987], [3.32408695, 42.32234166], [3.32419458, 42.32233919]]], [[[3.32268279, 42.32260166000001], [3.32267529, 42.32260673], [3.32278692, 42.3226491], [3.32268279, 42.32260166000001]]], [[[3.32447361, 42.32276790999999], [3.32463418, 42.32272323], [3.32454121, 42.32260317], [3.32447361, 42.32276790999999]]], [[[3.32070829, 42.32376035], [3.32151053, 42.32333554], [3.32190075, 42.32348619], [3.32223701, 42.3234322], [3.32266084, 42.32289019], [3.32266466, 42.32256911], [3.3224797, 42.32249795], [3.32296489, 42.32247091], [3.32247591, 42.32206332000001], [3.32233437, 42.32217638], [3.32186941, 42.32198127], [3.3223294, 42.32184434], [3.3224707, 42.32158979], [3.32261303, 42.32175096000001], [3.3228782, 42.32160918], [3.32313736, 42.32173751], [3.32368898, 42.3215316], [3.32358612, 42.32175506], [3.32394059, 42.32172767], [3.32430322, 42.32142098], [3.32413064, 42.32139688], [3.32442183, 42.32128708], [3.32367549, 42.32150597], [3.32375845, 42.32109326], [3.32342025, 42.32124083], [3.32304322, 42.32119866], [3.32309086, 42.32140306], [3.32201093, 42.32129316], [3.32143119, 42.32148193], [3.32115014, 42.32179677], [3.3211582, 42.32206963], [3.32154807, 42.32212762000001], [3.32024227, 42.32275873], [3.32001449, 42.32264247], [3.3195653, 42.32278169], [3.3190028, 42.32336037], [3.31905859, 42.32364193], [3.31879331, 42.32355053], [3.3183596, 42.32396809], [3.31822441, 42.32438014], [3.3184266, 42.3246431], [3.31872788, 42.32482085], [3.31937887, 42.32479328], [3.31911065, 42.32448134], [3.31928948, 42.32439591], [3.31932243, 42.32378529], [3.31989619, 42.32387105], [3.31976716, 42.32369958], [3.32016381, 42.323346239999985], [3.32014863, 42.32286517], [3.32054334, 42.32347018], [3.32046427, 42.32360216], [3.32070829, 42.32376035]]], [[[3.30892455, 42.32324054], [3.30888931, 42.32320551], [3.30869746, 42.32333427], [3.30892455, 42.32324054]]], [[[3.30897946, 42.32344933000002], [3.308995, 42.32345001], [3.3089808, 42.32342528], [3.30897946, 42.32344933000002]]], [[[3.32066304, 42.32386], [3.32076653, 42.32382927], [3.32064087, 42.32384475], [3.32066304, 42.32386]]], [[[3.31136241, 42.32474787], [3.31129585, 42.32463881000001], [3.31101849, 42.32472999], [3.31101618, 42.3247544], [3.31136241, 42.32474787]]], [[[3.31141543, 42.32518768], [3.31136987, 42.32517754], [3.31140612, 42.32521887], [3.31141543, 42.32518768]]], [[[3.31170125, 42.32548258], [3.31165599, 42.32541119], [3.31159476, 42.32544819], [3.31170125, 42.32548258]]], [[[3.30821801, 42.32645403], [3.308342, 42.32641983], [3.30820501, 42.32637796], [3.30821801, 42.32645403]]], [[[3.30099854, 42.32702852], [3.30122581, 42.32699154], [3.30105795, 42.3268632], [3.30091965, 42.32697838999999], [3.30099854, 42.32702852]]], [[[3.29920863, 42.32724638], [3.29931534, 42.32717487], [3.29907294, 42.327221160000015], [3.29903677, 42.32729906999999], [3.29920863, 42.32724638]]], [[[3.29874442, 42.327356389999984], [3.298526, 42.32754627], [3.29880836, 42.32763433], [3.29898755, 42.32733603], [3.29874442, 42.327356389999984]]], [[[3.30402275, 42.32751281999999], [3.30427129, 42.3276568], [3.30441186, 42.3273848], [3.30487211, 42.32799014], [3.30512546, 42.32802477], [3.30512516, 42.32821345], [3.30563012, 42.32799911], [3.30586456, 42.32806351], [3.30649845, 42.32787918], [3.30658625, 42.32779032], [3.30621329, 42.32771792], [3.30668025, 42.32757599], [3.30634743, 42.32744719], [3.30578764, 42.32749354], [3.30522556, 42.32708868], [3.30404591, 42.32720529], [3.30402275, 42.32751281999999]]], [[[3.30384492, 42.32763361], [3.30380966, 42.32767153], [3.30388491, 42.32772087], [3.30384492, 42.32763361]]], [[[3.30381499, 42.32787092], [3.3037832, 42.32784821], [3.30379235, 42.32790763], [3.30381499, 42.32787092]]], [[[3.2985869, 42.32802910999999], [3.29885109, 42.32796844], [3.29871525, 42.32780938], [3.29845084, 42.32787483], [3.2985869, 42.32802910999999]]], [[[3.29761111, 42.32793528], [3.29748497, 42.327901289999986], [3.29756394, 42.32797052], [3.29761111, 42.32793528]]], [[[3.30593973, 42.32809573], [3.30585586, 42.3281454], [3.30596826, 42.32812277], [3.30593973, 42.32809573]]], [[[3.29833651, 42.32828534999999], [3.29868826, 42.32831362000001], [3.29853536, 42.32816658], [3.29811443, 42.32813841], [3.29780243, 42.32838004], [3.29833651, 42.32828534999999]]], [[[3.29793245, 42.33018607], [3.29807451, 42.33029954], [3.29801904, 42.33009398], [3.29793245, 42.33018607]]], [[[3.29671024, 42.33045537000001], [3.29662074, 42.33047163], [3.29670761, 42.33054264], [3.29671024, 42.33045537000001]]]]}}]}